

================================================================
== Vitis HLS Report for 'ConvTranspose_Pipeline_Load_w_VITIS_LOOP_127_6_VITIS_LOOP_129_7'
================================================================
* Date:           Wed Apr  1 21:17:27 2026

* Version:        2024.2 (Build 5238294 on Nov  8 2024)
* Project:        convtranspose_component
* Solution:       hls (Vivado IP Flow Target)
* Product family: zynquplus
* Target device:  xczu7ev-ffvc1156-2-e


================================================================
== Performance Estimates
================================================================
+ Timing: 
    * Summary: 
    +--------+---------+----------+------------+
    |  Clock |  Target | Estimated| Uncertainty|
    +--------+---------+----------+------------+
    |ap_clk  |  3.33 ns|  2.433 ns|     0.90 ns|
    +--------+---------+----------+------------+

+ Latency: 
    * Summary: 
    +---------+---------+-----------+-----------+-------+-------+------------------------------------------------+
    |  Latency (cycles) |   Latency (absolute)  |    Interval   |                    Pipeline                    |
    |   min   |   max   |    min    |    max    |  min  |  max  |                      Type                      |
    +---------+---------+-----------+-----------+-------+-------+------------------------------------------------+
    |    17283|    17283|  57.604 us|  57.604 us|  17282|  17282|  loop auto-rewind stp (delay=0 clock cycles(s))|
    +---------+---------+-----------+-----------+-------+-------+------------------------------------------------+

    + Detail: 
        * Instance: 
        N/A

        * Loop: 
        +--------------------------------------------+---------+---------+----------+-----------+-----------+------+----------+
        |                                            |  Latency (cycles) | Iteration|  Initiation Interval  | Trip |          |
        |                  Loop Name                 |   min   |   max   |  Latency |  achieved |   target  | Count| Pipelined|
        +--------------------------------------------+---------+---------+----------+-----------+-----------+------+----------+
        |- Load_w_VITIS_LOOP_127_6_VITIS_LOOP_129_7  |    17281|    17281|         4|          2|          1|  8640|       yes|
        +--------------------------------------------+---------+---------+----------+-----------+-----------+------+----------+



================================================================
== Utilization Estimates
================================================================
* Summary: 
+-----------------+---------+------+--------+--------+-----+
|       Name      | BRAM_18K|  DSP |   FF   |   LUT  | URAM|
+-----------------+---------+------+--------+--------+-----+
|DSP              |        -|     -|       -|       -|    -|
|Expression       |        -|     -|       0|     346|    -|
|FIFO             |        -|     -|       -|       -|    -|
|Instance         |        -|     -|       -|       -|    -|
|Memory           |        -|     -|       -|       -|    -|
|Multiplexer      |        -|     -|       0|     131|    -|
|Register         |        -|     -|     226|       -|    -|
+-----------------+---------+------+--------+--------+-----+
|Total            |        0|     0|     226|     477|    0|
+-----------------+---------+------+--------+--------+-----+
|Available        |      624|  1728|  460800|  230400|   96|
+-----------------+---------+------+--------+--------+-----+
|Utilization (%)  |        0|     0|      ~0|      ~0|    0|
+-----------------+---------+------+--------+--------+-----+

+ Detail: 
    * Instance: 
    N/A

    * DSP: 
    N/A

    * Memory: 
    N/A

    * FIFO: 
    N/A

    * Expression: 
    +---------------------------------------+----------+----+---+----+------------+------------+
    |             Variable Name             | Operation| DSP| FF| LUT| Bitwidth P0| Bitwidth P1|
    +---------------------------------------+----------+----+---+----+------------+------------+
    |add_ln124_1_fu_11609_p2                |         +|   0|  0|  21|          14|           1|
    |add_ln124_fu_11618_p2                  |         +|   0|  0|  12|           4|           1|
    |add_ln127_1_fu_11642_p2                |         +|   0|  0|  18|          11|           1|
    |add_ln127_fu_11707_p2                  |         +|   0|  0|  12|           4|           1|
    |add_ln129_1_fu_11730_p2                |         +|   0|  0|  14|           7|           1|
    |add_ln129_fu_12070_p2                  |         +|   0|  0|  17|          10|           4|
    |and_ln124_fu_11701_p2                  |       and|   0|  0|   2|           1|           1|
    |ap_block_pp0_stage0_11001              |       and|   0|  0|   2|           1|           1|
    |ap_block_pp0_stage1_11001_grp1         |       and|   0|  0|   2|           1|           1|
    |ap_block_state2_pp0_stage1_iter0_grp1  |       and|   0|  0|   2|           1|           1|
    |ap_condition_4192                      |       and|   0|  0|   2|           1|           1|
    |ap_predicate_pred4881_state4           |       and|   0|  0|   2|           1|           1|
    |ap_predicate_pred4918_state4           |       and|   0|  0|   2|           1|           1|
    |ap_predicate_pred4955_state4           |       and|   0|  0|   2|           1|           1|
    |ap_predicate_pred4992_state4           |       and|   0|  0|   2|           1|           1|
    |ap_predicate_pred5029_state4           |       and|   0|  0|   2|           1|           1|
    |ap_predicate_pred5066_state4           |       and|   0|  0|   2|           1|           1|
    |ap_predicate_pred5103_state4           |       and|   0|  0|   2|           1|           1|
    |ap_predicate_pred5139_state4           |       and|   0|  0|   2|           1|           1|
    |ap_predicate_pred5189_state4           |       and|   0|  0|   2|           1|           1|
    |ap_predicate_pred5226_state4           |       and|   0|  0|   2|           1|           1|
    |ap_predicate_pred5261_state4           |       and|   0|  0|   2|           1|           1|
    |ap_predicate_pred5296_state4           |       and|   0|  0|   2|           1|           1|
    |ap_predicate_pred5331_state4           |       and|   0|  0|   2|           1|           1|
    |ap_predicate_pred5366_state4           |       and|   0|  0|   2|           1|           1|
    |ap_predicate_pred5401_state4           |       and|   0|  0|   2|           1|           1|
    |ap_predicate_pred5436_state4           |       and|   0|  0|   2|           1|           1|
    |ap_predicate_pred5471_state4           |       and|   0|  0|   2|           1|           1|
    |ap_predicate_pred5513_state4           |       and|   0|  0|   2|           1|           1|
    |ap_predicate_pred5550_state4           |       and|   0|  0|   2|           1|           1|
    |ap_predicate_pred5585_state4           |       and|   0|  0|   2|           1|           1|
    |ap_predicate_pred5620_state4           |       and|   0|  0|   2|           1|           1|
    |ap_predicate_pred5655_state4           |       and|   0|  0|   2|           1|           1|
    |ap_predicate_pred5690_state4           |       and|   0|  0|   2|           1|           1|
    |ap_predicate_pred5725_state4           |       and|   0|  0|   2|           1|           1|
    |ap_predicate_pred5760_state4           |       and|   0|  0|   2|           1|           1|
    |ap_predicate_pred5795_state4           |       and|   0|  0|   2|           1|           1|
    |ap_predicate_pred5837_state4           |       and|   0|  0|   2|           1|           1|
    |ap_predicate_pred5874_state4           |       and|   0|  0|   2|           1|           1|
    |ap_predicate_pred5909_state4           |       and|   0|  0|   2|           1|           1|
    |ap_predicate_pred5944_state4           |       and|   0|  0|   2|           1|           1|
    |ap_predicate_pred5979_state4           |       and|   0|  0|   2|           1|           1|
    |ap_predicate_pred6014_state4           |       and|   0|  0|   2|           1|           1|
    |ap_predicate_pred6049_state4           |       and|   0|  0|   2|           1|           1|
    |ap_predicate_pred6084_state4           |       and|   0|  0|   2|           1|           1|
    |ap_predicate_pred6119_state4           |       and|   0|  0|   2|           1|           1|
    |ap_predicate_pred6161_state4           |       and|   0|  0|   2|           1|           1|
    |ap_predicate_pred6198_state4           |       and|   0|  0|   2|           1|           1|
    |ap_predicate_pred6233_state4           |       and|   0|  0|   2|           1|           1|
    |ap_predicate_pred6268_state4           |       and|   0|  0|   2|           1|           1|
    |ap_predicate_pred6303_state4           |       and|   0|  0|   2|           1|           1|
    |ap_predicate_pred6338_state4           |       and|   0|  0|   2|           1|           1|
    |ap_predicate_pred6373_state4           |       and|   0|  0|   2|           1|           1|
    |ap_predicate_pred6408_state4           |       and|   0|  0|   2|           1|           1|
    |ap_predicate_pred6443_state4           |       and|   0|  0|   2|           1|           1|
    |ap_predicate_pred6485_state4           |       and|   0|  0|   2|           1|           1|
    |ap_predicate_pred6522_state4           |       and|   0|  0|   2|           1|           1|
    |ap_predicate_pred6557_state4           |       and|   0|  0|   2|           1|           1|
    |ap_predicate_pred6592_state4           |       and|   0|  0|   2|           1|           1|
    |ap_predicate_pred6627_state4           |       and|   0|  0|   2|           1|           1|
    |ap_predicate_pred6662_state4           |       and|   0|  0|   2|           1|           1|
    |ap_predicate_pred6697_state4           |       and|   0|  0|   2|           1|           1|
    |ap_predicate_pred6732_state4           |       and|   0|  0|   2|           1|           1|
    |ap_predicate_pred6767_state4           |       and|   0|  0|   2|           1|           1|
    |ap_predicate_pred6809_state4           |       and|   0|  0|   2|           1|           1|
    |ap_predicate_pred6845_state4           |       and|   0|  0|   2|           1|           1|
    |ap_predicate_pred6880_state4           |       and|   0|  0|   2|           1|           1|
    |ap_predicate_pred6915_state4           |       and|   0|  0|   2|           1|           1|
    |ap_predicate_pred6950_state4           |       and|   0|  0|   2|           1|           1|
    |ap_predicate_pred6985_state4           |       and|   0|  0|   2|           1|           1|
    |ap_predicate_pred7020_state4           |       and|   0|  0|   2|           1|           1|
    |ap_predicate_pred7055_state4           |       and|   0|  0|   2|           1|           1|
    |ap_predicate_pred7090_state4           |       and|   0|  0|   2|           1|           1|
    |ap_predicate_pred7132_state4           |       and|   0|  0|   2|           1|           1|
    |ap_predicate_pred7169_state4           |       and|   0|  0|   2|           1|           1|
    |ap_predicate_pred7204_state4           |       and|   0|  0|   2|           1|           1|
    |ap_predicate_pred7239_state4           |       and|   0|  0|   2|           1|           1|
    |ap_predicate_pred7274_state4           |       and|   0|  0|   2|           1|           1|
    |ap_predicate_pred7309_state4           |       and|   0|  0|   2|           1|           1|
    |ap_predicate_pred7344_state4           |       and|   0|  0|   2|           1|           1|
    |ap_predicate_pred7379_state4           |       and|   0|  0|   2|           1|           1|
    |ap_predicate_pred7414_state4           |       and|   0|  0|   2|           1|           1|
    |ap_predicate_pred7456_state4           |       and|   0|  0|   2|           1|           1|
    |icmp_ln124_fu_11603_p2                 |      icmp|   0|  0|  21|          14|          14|
    |icmp_ln127_fu_11624_p2                 |      icmp|   0|  0|  18|          11|          11|
    |icmp_ln129_fu_11695_p2                 |      icmp|   0|  0|  14|           7|           5|
    |empty_fu_11713_p2                      |        or|   0|  0|   2|           1|           1|
    |ci_1_mid2_fu_11757_p3                  |    select|   0|  0|  10|           1|           1|
    |select_ln124_1_fu_11630_p3             |    select|   0|  0|   4|           1|           4|
    |select_ln124_fu_11683_p3               |    select|   0|  0|   4|           1|           1|
    |select_ln127_1_fu_11648_p3             |    select|   0|  0|  10|           1|           1|
    |select_ln127_fu_11718_p3               |    select|   0|  0|   4|           1|           4|
    |select_ln129_fu_11736_p3               |    select|   0|  0|   7|           1|           1|
    |ap_enable_pp0                          |       xor|   0|  0|   2|           1|           2|
    |xor_ln124_fu_11690_p2                  |       xor|   0|  0|   2|           1|           2|
    +---------------------------------------+----------+----+---+----+------------+------------+
    |Total                                  |          |   0|  0| 346|         168|         133|
    +---------------------------------------+----------+----+---+----+------------+------------+

    * Multiplexer: 
    +------------------------------------------+----+-----------+-----+-----------+
    |                   Name                   | LUT| Input Size| Bits| Total Bits|
    +------------------------------------------+----+-----------+-----+-----------+
    |ap_NS_fsm                                 |  14|          3|    1|          3|
    |ap_done_int                               |   9|          2|    1|          2|
    |ap_enable_reg_pp0_iter0                   |   9|          2|    1|          2|
    |ap_enable_reg_pp0_iter1                   |   9|          2|    1|          2|
    |ap_sig_allocacmp_indvar_flatten2577_load  |   9|          2|   11|         22|
    |ap_sig_allocacmp_indvar_flatten2592_load  |   9|          2|   14|         28|
    |ap_sig_allocacmp_tc_load                  |   9|          2|    4|          8|
    |ci_1_fu_1268                              |   9|          2|   10|         20|
    |gmem1_blk_n_R                             |   9|          2|    1|          2|
    |indvar1222_fu_1272                        |   9|          2|    7|         14|
    |indvar_flatten2577_fu_1280                |   9|          2|   11|         22|
    |indvar_flatten2592_fu_1288                |   9|          2|   14|         28|
    |kk_fu_1276                                |   9|          2|    4|          8|
    |tc_fu_1284                                |   9|          2|    4|          8|
    +------------------------------------------+----+-----------+-----+-----------+
    |Total                                     | 131|         29|   84|        169|
    +------------------------------------------+----+-----------+-----+-----------+

    * Register: 
    +-------------------------------------------+----+----+-----+-----------+
    |                    Name                   | FF | LUT| Bits| Const Bits|
    +-------------------------------------------+----+----+-----+-----------+
    |ap_CS_fsm                                  |   2|   0|    2|          0|
    |ap_block_pp0_stage0_subdone_grp0_done_reg  |   1|   0|    1|          0|
    |ap_block_pp0_stage1_subdone_grp0_done_reg  |   1|   0|    1|          0|
    |ap_done_reg                                |   1|   0|    1|          0|
    |ap_enable_reg_pp0_iter0_reg                |   1|   0|    1|          0|
    |ap_enable_reg_pp0_iter1                    |   1|   0|    1|          0|
    |ap_predicate_pred4881_state4               |   1|   0|    1|          0|
    |ap_predicate_pred4918_state4               |   1|   0|    1|          0|
    |ap_predicate_pred4955_state4               |   1|   0|    1|          0|
    |ap_predicate_pred4992_state4               |   1|   0|    1|          0|
    |ap_predicate_pred5029_state4               |   1|   0|    1|          0|
    |ap_predicate_pred5066_state4               |   1|   0|    1|          0|
    |ap_predicate_pred5103_state4               |   1|   0|    1|          0|
    |ap_predicate_pred5139_state4               |   1|   0|    1|          0|
    |ap_predicate_pred5189_state4               |   1|   0|    1|          0|
    |ap_predicate_pred5226_state4               |   1|   0|    1|          0|
    |ap_predicate_pred5261_state4               |   1|   0|    1|          0|
    |ap_predicate_pred5296_state4               |   1|   0|    1|          0|
    |ap_predicate_pred5331_state4               |   1|   0|    1|          0|
    |ap_predicate_pred5366_state4               |   1|   0|    1|          0|
    |ap_predicate_pred5401_state4               |   1|   0|    1|          0|
    |ap_predicate_pred5436_state4               |   1|   0|    1|          0|
    |ap_predicate_pred5471_state4               |   1|   0|    1|          0|
    |ap_predicate_pred5513_state4               |   1|   0|    1|          0|
    |ap_predicate_pred5550_state4               |   1|   0|    1|          0|
    |ap_predicate_pred5585_state4               |   1|   0|    1|          0|
    |ap_predicate_pred5620_state4               |   1|   0|    1|          0|
    |ap_predicate_pred5655_state4               |   1|   0|    1|          0|
    |ap_predicate_pred5690_state4               |   1|   0|    1|          0|
    |ap_predicate_pred5725_state4               |   1|   0|    1|          0|
    |ap_predicate_pred5760_state4               |   1|   0|    1|          0|
    |ap_predicate_pred5795_state4               |   1|   0|    1|          0|
    |ap_predicate_pred5837_state4               |   1|   0|    1|          0|
    |ap_predicate_pred5874_state4               |   1|   0|    1|          0|
    |ap_predicate_pred5909_state4               |   1|   0|    1|          0|
    |ap_predicate_pred5944_state4               |   1|   0|    1|          0|
    |ap_predicate_pred5979_state4               |   1|   0|    1|          0|
    |ap_predicate_pred6014_state4               |   1|   0|    1|          0|
    |ap_predicate_pred6049_state4               |   1|   0|    1|          0|
    |ap_predicate_pred6084_state4               |   1|   0|    1|          0|
    |ap_predicate_pred6119_state4               |   1|   0|    1|          0|
    |ap_predicate_pred6161_state4               |   1|   0|    1|          0|
    |ap_predicate_pred6198_state4               |   1|   0|    1|          0|
    |ap_predicate_pred6233_state4               |   1|   0|    1|          0|
    |ap_predicate_pred6268_state4               |   1|   0|    1|          0|
    |ap_predicate_pred6303_state4               |   1|   0|    1|          0|
    |ap_predicate_pred6338_state4               |   1|   0|    1|          0|
    |ap_predicate_pred6373_state4               |   1|   0|    1|          0|
    |ap_predicate_pred6408_state4               |   1|   0|    1|          0|
    |ap_predicate_pred6443_state4               |   1|   0|    1|          0|
    |ap_predicate_pred6485_state4               |   1|   0|    1|          0|
    |ap_predicate_pred6522_state4               |   1|   0|    1|          0|
    |ap_predicate_pred6557_state4               |   1|   0|    1|          0|
    |ap_predicate_pred6592_state4               |   1|   0|    1|          0|
    |ap_predicate_pred6627_state4               |   1|   0|    1|          0|
    |ap_predicate_pred6662_state4               |   1|   0|    1|          0|
    |ap_predicate_pred6697_state4               |   1|   0|    1|          0|
    |ap_predicate_pred6732_state4               |   1|   0|    1|          0|
    |ap_predicate_pred6767_state4               |   1|   0|    1|          0|
    |ap_predicate_pred6809_state4               |   1|   0|    1|          0|
    |ap_predicate_pred6845_state4               |   1|   0|    1|          0|
    |ap_predicate_pred6880_state4               |   1|   0|    1|          0|
    |ap_predicate_pred6915_state4               |   1|   0|    1|          0|
    |ap_predicate_pred6950_state4               |   1|   0|    1|          0|
    |ap_predicate_pred6985_state4               |   1|   0|    1|          0|
    |ap_predicate_pred7020_state4               |   1|   0|    1|          0|
    |ap_predicate_pred7055_state4               |   1|   0|    1|          0|
    |ap_predicate_pred7090_state4               |   1|   0|    1|          0|
    |ap_predicate_pred7132_state4               |   1|   0|    1|          0|
    |ap_predicate_pred7169_state4               |   1|   0|    1|          0|
    |ap_predicate_pred7204_state4               |   1|   0|    1|          0|
    |ap_predicate_pred7239_state4               |   1|   0|    1|          0|
    |ap_predicate_pred7274_state4               |   1|   0|    1|          0|
    |ap_predicate_pred7309_state4               |   1|   0|    1|          0|
    |ap_predicate_pred7344_state4               |   1|   0|    1|          0|
    |ap_predicate_pred7379_state4               |   1|   0|    1|          0|
    |ap_predicate_pred7414_state4               |   1|   0|    1|          0|
    |ap_predicate_pred7456_state4               |   1|   0|    1|          0|
    |ci_1_fu_1268                               |  10|   0|   10|          0|
    |empty_reg_12148                            |   1|   0|    1|          0|
    |icmp_ln124_reg_12128                       |   1|   0|    1|          0|
    |icmp_ln127_reg_12132                       |   1|   0|    1|          0|
    |indvar1222_fu_1272                         |   7|   0|    7|          0|
    |indvar_flatten2577_fu_1280                 |  11|   0|   11|          0|
    |indvar_flatten2592_fu_1288                 |  14|   0|   14|          0|
    |kk_fu_1276                                 |   4|   0|    4|          0|
    |reg_11119                                  |  16|   0|   16|          0|
    |reg_11267                                  |  16|   0|   16|          0|
    |reg_11415                                  |  16|   0|   16|          0|
    |select_ln127_reg_12153                     |   4|   0|    4|          0|
    |tc_fu_1284                                 |   4|   0|    4|          0|
    |trunc_ln124_reg_12139                      |   3|   0|    3|          0|
    |trunc_ln139_1_reg_12525                    |  16|   0|   16|          0|
    |trunc_ln139_reg_12157                      |  16|   0|   16|          0|
    |zext_ln129_reg_12233                       |   7|   0|   64|         57|
    +-------------------------------------------+----+----+-----+-----------+
    |Total                                      | 226|   0|  283|         57|
    +-------------------------------------------+----+----+-----+-----------+



================================================================
== Interface
================================================================
* Summary: 
+------------------------+-----+-----+------------+-----------------------------------------------------------------+--------------+
|        RTL Ports       | Dir | Bits|  Protocol  |                          Source Object                          |    C Type    |
+------------------------+-----+-----+------------+-----------------------------------------------------------------+--------------+
|ap_clk                  |   in|    1|  ap_ctrl_hs|  ConvTranspose_Pipeline_Load_w_VITIS_LOOP_127_6_VITIS_LOOP_129_7|  return value|
|ap_rst                  |   in|    1|  ap_ctrl_hs|  ConvTranspose_Pipeline_Load_w_VITIS_LOOP_127_6_VITIS_LOOP_129_7|  return value|
|ap_start                |   in|    1|  ap_ctrl_hs|  ConvTranspose_Pipeline_Load_w_VITIS_LOOP_127_6_VITIS_LOOP_129_7|  return value|
|ap_done                 |  out|    1|  ap_ctrl_hs|  ConvTranspose_Pipeline_Load_w_VITIS_LOOP_127_6_VITIS_LOOP_129_7|  return value|
|ap_idle                 |  out|    1|  ap_ctrl_hs|  ConvTranspose_Pipeline_Load_w_VITIS_LOOP_127_6_VITIS_LOOP_129_7|  return value|
|ap_ready                |  out|    1|  ap_ctrl_hs|  ConvTranspose_Pipeline_Load_w_VITIS_LOOP_127_6_VITIS_LOOP_129_7|  return value|
|m_axi_gmem1_0_AWVALID   |  out|    1|       m_axi|                                                            gmem1|       pointer|
|m_axi_gmem1_0_AWREADY   |   in|    1|       m_axi|                                                            gmem1|       pointer|
|m_axi_gmem1_0_AWADDR    |  out|   64|       m_axi|                                                            gmem1|       pointer|
|m_axi_gmem1_0_AWID      |  out|    1|       m_axi|                                                            gmem1|       pointer|
|m_axi_gmem1_0_AWLEN     |  out|   32|       m_axi|                                                            gmem1|       pointer|
|m_axi_gmem1_0_AWSIZE    |  out|    3|       m_axi|                                                            gmem1|       pointer|
|m_axi_gmem1_0_AWBURST   |  out|    2|       m_axi|                                                            gmem1|       pointer|
|m_axi_gmem1_0_AWLOCK    |  out|    2|       m_axi|                                                            gmem1|       pointer|
|m_axi_gmem1_0_AWCACHE   |  out|    4|       m_axi|                                                            gmem1|       pointer|
|m_axi_gmem1_0_AWPROT    |  out|    3|       m_axi|                                                            gmem1|       pointer|
|m_axi_gmem1_0_AWQOS     |  out|    4|       m_axi|                                                            gmem1|       pointer|
|m_axi_gmem1_0_AWREGION  |  out|    4|       m_axi|                                                            gmem1|       pointer|
|m_axi_gmem1_0_AWUSER    |  out|    1|       m_axi|                                                            gmem1|       pointer|
|m_axi_gmem1_0_WVALID    |  out|    1|       m_axi|                                                            gmem1|       pointer|
|m_axi_gmem1_0_WREADY    |   in|    1|       m_axi|                                                            gmem1|       pointer|
|m_axi_gmem1_0_WDATA     |  out|   64|       m_axi|                                                            gmem1|       pointer|
|m_axi_gmem1_0_WSTRB     |  out|    8|       m_axi|                                                            gmem1|       pointer|
|m_axi_gmem1_0_WLAST     |  out|    1|       m_axi|                                                            gmem1|       pointer|
|m_axi_gmem1_0_WID       |  out|    1|       m_axi|                                                            gmem1|       pointer|
|m_axi_gmem1_0_WUSER     |  out|    1|       m_axi|                                                            gmem1|       pointer|
|m_axi_gmem1_0_ARVALID   |  out|    1|       m_axi|                                                            gmem1|       pointer|
|m_axi_gmem1_0_ARREADY   |   in|    1|       m_axi|                                                            gmem1|       pointer|
|m_axi_gmem1_0_ARADDR    |  out|   64|       m_axi|                                                            gmem1|       pointer|
|m_axi_gmem1_0_ARID      |  out|    1|       m_axi|                                                            gmem1|       pointer|
|m_axi_gmem1_0_ARLEN     |  out|   32|       m_axi|                                                            gmem1|       pointer|
|m_axi_gmem1_0_ARSIZE    |  out|    3|       m_axi|                                                            gmem1|       pointer|
|m_axi_gmem1_0_ARBURST   |  out|    2|       m_axi|                                                            gmem1|       pointer|
|m_axi_gmem1_0_ARLOCK    |  out|    2|       m_axi|                                                            gmem1|       pointer|
|m_axi_gmem1_0_ARCACHE   |  out|    4|       m_axi|                                                            gmem1|       pointer|
|m_axi_gmem1_0_ARPROT    |  out|    3|       m_axi|                                                            gmem1|       pointer|
|m_axi_gmem1_0_ARQOS     |  out|    4|       m_axi|                                                            gmem1|       pointer|
|m_axi_gmem1_0_ARREGION  |  out|    4|       m_axi|                                                            gmem1|       pointer|
|m_axi_gmem1_0_ARUSER    |  out|    1|       m_axi|                                                            gmem1|       pointer|
|m_axi_gmem1_0_RVALID    |   in|    1|       m_axi|                                                            gmem1|       pointer|
|m_axi_gmem1_0_RREADY    |  out|    1|       m_axi|                                                            gmem1|       pointer|
|m_axi_gmem1_0_RDATA     |   in|   64|       m_axi|                                                            gmem1|       pointer|
|m_axi_gmem1_0_RLAST     |   in|    1|       m_axi|                                                            gmem1|       pointer|
|m_axi_gmem1_0_RID       |   in|    1|       m_axi|                                                            gmem1|       pointer|
|m_axi_gmem1_0_RFIFONUM  |   in|   13|       m_axi|                                                            gmem1|       pointer|
|m_axi_gmem1_0_RUSER     |   in|    1|       m_axi|                                                            gmem1|       pointer|
|m_axi_gmem1_0_RRESP     |   in|    2|       m_axi|                                                            gmem1|       pointer|
|m_axi_gmem1_0_BVALID    |   in|    1|       m_axi|                                                            gmem1|       pointer|
|m_axi_gmem1_0_BREADY    |  out|    1|       m_axi|                                                            gmem1|       pointer|
|m_axi_gmem1_0_BRESP     |   in|    2|       m_axi|                                                            gmem1|       pointer|
|m_axi_gmem1_0_BID       |   in|    1|       m_axi|                                                            gmem1|       pointer|
|m_axi_gmem1_0_BUSER     |   in|    1|       m_axi|                                                            gmem1|       pointer|
|sext_ln119              |   in|   61|     ap_none|                                                       sext_ln119|        scalar|
|w_tile_575_address1     |  out|    7|   ap_memory|                                                       w_tile_575|         array|
|w_tile_575_ce1          |  out|    1|   ap_memory|                                                       w_tile_575|         array|
|w_tile_575_we1          |  out|    1|   ap_memory|                                                       w_tile_575|         array|
|w_tile_575_d1           |  out|   16|   ap_memory|                                                       w_tile_575|         array|
|w_tile_574_address1     |  out|    7|   ap_memory|                                                       w_tile_574|         array|
|w_tile_574_ce1          |  out|    1|   ap_memory|                                                       w_tile_574|         array|
|w_tile_574_we1          |  out|    1|   ap_memory|                                                       w_tile_574|         array|
|w_tile_574_d1           |  out|   16|   ap_memory|                                                       w_tile_574|         array|
|w_tile_573_address1     |  out|    7|   ap_memory|                                                       w_tile_573|         array|
|w_tile_573_ce1          |  out|    1|   ap_memory|                                                       w_tile_573|         array|
|w_tile_573_we1          |  out|    1|   ap_memory|                                                       w_tile_573|         array|
|w_tile_573_d1           |  out|   16|   ap_memory|                                                       w_tile_573|         array|
|w_tile_572_address1     |  out|    7|   ap_memory|                                                       w_tile_572|         array|
|w_tile_572_ce1          |  out|    1|   ap_memory|                                                       w_tile_572|         array|
|w_tile_572_we1          |  out|    1|   ap_memory|                                                       w_tile_572|         array|
|w_tile_572_d1           |  out|   16|   ap_memory|                                                       w_tile_572|         array|
|w_tile_571_address1     |  out|    7|   ap_memory|                                                       w_tile_571|         array|
|w_tile_571_ce1          |  out|    1|   ap_memory|                                                       w_tile_571|         array|
|w_tile_571_we1          |  out|    1|   ap_memory|                                                       w_tile_571|         array|
|w_tile_571_d1           |  out|   16|   ap_memory|                                                       w_tile_571|         array|
|w_tile_570_address1     |  out|    7|   ap_memory|                                                       w_tile_570|         array|
|w_tile_570_ce1          |  out|    1|   ap_memory|                                                       w_tile_570|         array|
|w_tile_570_we1          |  out|    1|   ap_memory|                                                       w_tile_570|         array|
|w_tile_570_d1           |  out|   16|   ap_memory|                                                       w_tile_570|         array|
|w_tile_569_address1     |  out|    7|   ap_memory|                                                       w_tile_569|         array|
|w_tile_569_ce1          |  out|    1|   ap_memory|                                                       w_tile_569|         array|
|w_tile_569_we1          |  out|    1|   ap_memory|                                                       w_tile_569|         array|
|w_tile_569_d1           |  out|   16|   ap_memory|                                                       w_tile_569|         array|
|w_tile_568_address1     |  out|    7|   ap_memory|                                                       w_tile_568|         array|
|w_tile_568_ce1          |  out|    1|   ap_memory|                                                       w_tile_568|         array|
|w_tile_568_we1          |  out|    1|   ap_memory|                                                       w_tile_568|         array|
|w_tile_568_d1           |  out|   16|   ap_memory|                                                       w_tile_568|         array|
|w_tile_567_address1     |  out|    7|   ap_memory|                                                       w_tile_567|         array|
|w_tile_567_ce1          |  out|    1|   ap_memory|                                                       w_tile_567|         array|
|w_tile_567_we1          |  out|    1|   ap_memory|                                                       w_tile_567|         array|
|w_tile_567_d1           |  out|   16|   ap_memory|                                                       w_tile_567|         array|
|w_tile_566_address1     |  out|    7|   ap_memory|                                                       w_tile_566|         array|
|w_tile_566_ce1          |  out|    1|   ap_memory|                                                       w_tile_566|         array|
|w_tile_566_we1          |  out|    1|   ap_memory|                                                       w_tile_566|         array|
|w_tile_566_d1           |  out|   16|   ap_memory|                                                       w_tile_566|         array|
|w_tile_565_address1     |  out|    7|   ap_memory|                                                       w_tile_565|         array|
|w_tile_565_ce1          |  out|    1|   ap_memory|                                                       w_tile_565|         array|
|w_tile_565_we1          |  out|    1|   ap_memory|                                                       w_tile_565|         array|
|w_tile_565_d1           |  out|   16|   ap_memory|                                                       w_tile_565|         array|
|w_tile_564_address1     |  out|    7|   ap_memory|                                                       w_tile_564|         array|
|w_tile_564_ce1          |  out|    1|   ap_memory|                                                       w_tile_564|         array|
|w_tile_564_we1          |  out|    1|   ap_memory|                                                       w_tile_564|         array|
|w_tile_564_d1           |  out|   16|   ap_memory|                                                       w_tile_564|         array|
|w_tile_563_address1     |  out|    7|   ap_memory|                                                       w_tile_563|         array|
|w_tile_563_ce1          |  out|    1|   ap_memory|                                                       w_tile_563|         array|
|w_tile_563_we1          |  out|    1|   ap_memory|                                                       w_tile_563|         array|
|w_tile_563_d1           |  out|   16|   ap_memory|                                                       w_tile_563|         array|
|w_tile_562_address1     |  out|    7|   ap_memory|                                                       w_tile_562|         array|
|w_tile_562_ce1          |  out|    1|   ap_memory|                                                       w_tile_562|         array|
|w_tile_562_we1          |  out|    1|   ap_memory|                                                       w_tile_562|         array|
|w_tile_562_d1           |  out|   16|   ap_memory|                                                       w_tile_562|         array|
|w_tile_561_address1     |  out|    7|   ap_memory|                                                       w_tile_561|         array|
|w_tile_561_ce1          |  out|    1|   ap_memory|                                                       w_tile_561|         array|
|w_tile_561_we1          |  out|    1|   ap_memory|                                                       w_tile_561|         array|
|w_tile_561_d1           |  out|   16|   ap_memory|                                                       w_tile_561|         array|
|w_tile_560_address1     |  out|    7|   ap_memory|                                                       w_tile_560|         array|
|w_tile_560_ce1          |  out|    1|   ap_memory|                                                       w_tile_560|         array|
|w_tile_560_we1          |  out|    1|   ap_memory|                                                       w_tile_560|         array|
|w_tile_560_d1           |  out|   16|   ap_memory|                                                       w_tile_560|         array|
|w_tile_559_address1     |  out|    7|   ap_memory|                                                       w_tile_559|         array|
|w_tile_559_ce1          |  out|    1|   ap_memory|                                                       w_tile_559|         array|
|w_tile_559_we1          |  out|    1|   ap_memory|                                                       w_tile_559|         array|
|w_tile_559_d1           |  out|   16|   ap_memory|                                                       w_tile_559|         array|
|w_tile_558_address1     |  out|    7|   ap_memory|                                                       w_tile_558|         array|
|w_tile_558_ce1          |  out|    1|   ap_memory|                                                       w_tile_558|         array|
|w_tile_558_we1          |  out|    1|   ap_memory|                                                       w_tile_558|         array|
|w_tile_558_d1           |  out|   16|   ap_memory|                                                       w_tile_558|         array|
|w_tile_557_address1     |  out|    7|   ap_memory|                                                       w_tile_557|         array|
|w_tile_557_ce1          |  out|    1|   ap_memory|                                                       w_tile_557|         array|
|w_tile_557_we1          |  out|    1|   ap_memory|                                                       w_tile_557|         array|
|w_tile_557_d1           |  out|   16|   ap_memory|                                                       w_tile_557|         array|
|w_tile_556_address1     |  out|    7|   ap_memory|                                                       w_tile_556|         array|
|w_tile_556_ce1          |  out|    1|   ap_memory|                                                       w_tile_556|         array|
|w_tile_556_we1          |  out|    1|   ap_memory|                                                       w_tile_556|         array|
|w_tile_556_d1           |  out|   16|   ap_memory|                                                       w_tile_556|         array|
|w_tile_555_address1     |  out|    7|   ap_memory|                                                       w_tile_555|         array|
|w_tile_555_ce1          |  out|    1|   ap_memory|                                                       w_tile_555|         array|
|w_tile_555_we1          |  out|    1|   ap_memory|                                                       w_tile_555|         array|
|w_tile_555_d1           |  out|   16|   ap_memory|                                                       w_tile_555|         array|
|w_tile_554_address1     |  out|    7|   ap_memory|                                                       w_tile_554|         array|
|w_tile_554_ce1          |  out|    1|   ap_memory|                                                       w_tile_554|         array|
|w_tile_554_we1          |  out|    1|   ap_memory|                                                       w_tile_554|         array|
|w_tile_554_d1           |  out|   16|   ap_memory|                                                       w_tile_554|         array|
|w_tile_553_address1     |  out|    7|   ap_memory|                                                       w_tile_553|         array|
|w_tile_553_ce1          |  out|    1|   ap_memory|                                                       w_tile_553|         array|
|w_tile_553_we1          |  out|    1|   ap_memory|                                                       w_tile_553|         array|
|w_tile_553_d1           |  out|   16|   ap_memory|                                                       w_tile_553|         array|
|w_tile_552_address1     |  out|    7|   ap_memory|                                                       w_tile_552|         array|
|w_tile_552_ce1          |  out|    1|   ap_memory|                                                       w_tile_552|         array|
|w_tile_552_we1          |  out|    1|   ap_memory|                                                       w_tile_552|         array|
|w_tile_552_d1           |  out|   16|   ap_memory|                                                       w_tile_552|         array|
|w_tile_551_address1     |  out|    7|   ap_memory|                                                       w_tile_551|         array|
|w_tile_551_ce1          |  out|    1|   ap_memory|                                                       w_tile_551|         array|
|w_tile_551_we1          |  out|    1|   ap_memory|                                                       w_tile_551|         array|
|w_tile_551_d1           |  out|   16|   ap_memory|                                                       w_tile_551|         array|
|w_tile_550_address1     |  out|    7|   ap_memory|                                                       w_tile_550|         array|
|w_tile_550_ce1          |  out|    1|   ap_memory|                                                       w_tile_550|         array|
|w_tile_550_we1          |  out|    1|   ap_memory|                                                       w_tile_550|         array|
|w_tile_550_d1           |  out|   16|   ap_memory|                                                       w_tile_550|         array|
|w_tile_549_address1     |  out|    7|   ap_memory|                                                       w_tile_549|         array|
|w_tile_549_ce1          |  out|    1|   ap_memory|                                                       w_tile_549|         array|
|w_tile_549_we1          |  out|    1|   ap_memory|                                                       w_tile_549|         array|
|w_tile_549_d1           |  out|   16|   ap_memory|                                                       w_tile_549|         array|
|w_tile_548_address1     |  out|    7|   ap_memory|                                                       w_tile_548|         array|
|w_tile_548_ce1          |  out|    1|   ap_memory|                                                       w_tile_548|         array|
|w_tile_548_we1          |  out|    1|   ap_memory|                                                       w_tile_548|         array|
|w_tile_548_d1           |  out|   16|   ap_memory|                                                       w_tile_548|         array|
|w_tile_547_address1     |  out|    7|   ap_memory|                                                       w_tile_547|         array|
|w_tile_547_ce1          |  out|    1|   ap_memory|                                                       w_tile_547|         array|
|w_tile_547_we1          |  out|    1|   ap_memory|                                                       w_tile_547|         array|
|w_tile_547_d1           |  out|   16|   ap_memory|                                                       w_tile_547|         array|
|w_tile_546_address1     |  out|    7|   ap_memory|                                                       w_tile_546|         array|
|w_tile_546_ce1          |  out|    1|   ap_memory|                                                       w_tile_546|         array|
|w_tile_546_we1          |  out|    1|   ap_memory|                                                       w_tile_546|         array|
|w_tile_546_d1           |  out|   16|   ap_memory|                                                       w_tile_546|         array|
|w_tile_545_address1     |  out|    7|   ap_memory|                                                       w_tile_545|         array|
|w_tile_545_ce1          |  out|    1|   ap_memory|                                                       w_tile_545|         array|
|w_tile_545_we1          |  out|    1|   ap_memory|                                                       w_tile_545|         array|
|w_tile_545_d1           |  out|   16|   ap_memory|                                                       w_tile_545|         array|
|w_tile_544_address1     |  out|    7|   ap_memory|                                                       w_tile_544|         array|
|w_tile_544_ce1          |  out|    1|   ap_memory|                                                       w_tile_544|         array|
|w_tile_544_we1          |  out|    1|   ap_memory|                                                       w_tile_544|         array|
|w_tile_544_d1           |  out|   16|   ap_memory|                                                       w_tile_544|         array|
|w_tile_543_address1     |  out|    7|   ap_memory|                                                       w_tile_543|         array|
|w_tile_543_ce1          |  out|    1|   ap_memory|                                                       w_tile_543|         array|
|w_tile_543_we1          |  out|    1|   ap_memory|                                                       w_tile_543|         array|
|w_tile_543_d1           |  out|   16|   ap_memory|                                                       w_tile_543|         array|
|w_tile_542_address1     |  out|    7|   ap_memory|                                                       w_tile_542|         array|
|w_tile_542_ce1          |  out|    1|   ap_memory|                                                       w_tile_542|         array|
|w_tile_542_we1          |  out|    1|   ap_memory|                                                       w_tile_542|         array|
|w_tile_542_d1           |  out|   16|   ap_memory|                                                       w_tile_542|         array|
|w_tile_541_address1     |  out|    7|   ap_memory|                                                       w_tile_541|         array|
|w_tile_541_ce1          |  out|    1|   ap_memory|                                                       w_tile_541|         array|
|w_tile_541_we1          |  out|    1|   ap_memory|                                                       w_tile_541|         array|
|w_tile_541_d1           |  out|   16|   ap_memory|                                                       w_tile_541|         array|
|w_tile_540_address1     |  out|    7|   ap_memory|                                                       w_tile_540|         array|
|w_tile_540_ce1          |  out|    1|   ap_memory|                                                       w_tile_540|         array|
|w_tile_540_we1          |  out|    1|   ap_memory|                                                       w_tile_540|         array|
|w_tile_540_d1           |  out|   16|   ap_memory|                                                       w_tile_540|         array|
|w_tile_539_address1     |  out|    7|   ap_memory|                                                       w_tile_539|         array|
|w_tile_539_ce1          |  out|    1|   ap_memory|                                                       w_tile_539|         array|
|w_tile_539_we1          |  out|    1|   ap_memory|                                                       w_tile_539|         array|
|w_tile_539_d1           |  out|   16|   ap_memory|                                                       w_tile_539|         array|
|w_tile_538_address1     |  out|    7|   ap_memory|                                                       w_tile_538|         array|
|w_tile_538_ce1          |  out|    1|   ap_memory|                                                       w_tile_538|         array|
|w_tile_538_we1          |  out|    1|   ap_memory|                                                       w_tile_538|         array|
|w_tile_538_d1           |  out|   16|   ap_memory|                                                       w_tile_538|         array|
|w_tile_537_address1     |  out|    7|   ap_memory|                                                       w_tile_537|         array|
|w_tile_537_ce1          |  out|    1|   ap_memory|                                                       w_tile_537|         array|
|w_tile_537_we1          |  out|    1|   ap_memory|                                                       w_tile_537|         array|
|w_tile_537_d1           |  out|   16|   ap_memory|                                                       w_tile_537|         array|
|w_tile_536_address1     |  out|    7|   ap_memory|                                                       w_tile_536|         array|
|w_tile_536_ce1          |  out|    1|   ap_memory|                                                       w_tile_536|         array|
|w_tile_536_we1          |  out|    1|   ap_memory|                                                       w_tile_536|         array|
|w_tile_536_d1           |  out|   16|   ap_memory|                                                       w_tile_536|         array|
|w_tile_535_address1     |  out|    7|   ap_memory|                                                       w_tile_535|         array|
|w_tile_535_ce1          |  out|    1|   ap_memory|                                                       w_tile_535|         array|
|w_tile_535_we1          |  out|    1|   ap_memory|                                                       w_tile_535|         array|
|w_tile_535_d1           |  out|   16|   ap_memory|                                                       w_tile_535|         array|
|w_tile_534_address1     |  out|    7|   ap_memory|                                                       w_tile_534|         array|
|w_tile_534_ce1          |  out|    1|   ap_memory|                                                       w_tile_534|         array|
|w_tile_534_we1          |  out|    1|   ap_memory|                                                       w_tile_534|         array|
|w_tile_534_d1           |  out|   16|   ap_memory|                                                       w_tile_534|         array|
|w_tile_533_address1     |  out|    7|   ap_memory|                                                       w_tile_533|         array|
|w_tile_533_ce1          |  out|    1|   ap_memory|                                                       w_tile_533|         array|
|w_tile_533_we1          |  out|    1|   ap_memory|                                                       w_tile_533|         array|
|w_tile_533_d1           |  out|   16|   ap_memory|                                                       w_tile_533|         array|
|w_tile_532_address1     |  out|    7|   ap_memory|                                                       w_tile_532|         array|
|w_tile_532_ce1          |  out|    1|   ap_memory|                                                       w_tile_532|         array|
|w_tile_532_we1          |  out|    1|   ap_memory|                                                       w_tile_532|         array|
|w_tile_532_d1           |  out|   16|   ap_memory|                                                       w_tile_532|         array|
|w_tile_531_address1     |  out|    7|   ap_memory|                                                       w_tile_531|         array|
|w_tile_531_ce1          |  out|    1|   ap_memory|                                                       w_tile_531|         array|
|w_tile_531_we1          |  out|    1|   ap_memory|                                                       w_tile_531|         array|
|w_tile_531_d1           |  out|   16|   ap_memory|                                                       w_tile_531|         array|
|w_tile_530_address1     |  out|    7|   ap_memory|                                                       w_tile_530|         array|
|w_tile_530_ce1          |  out|    1|   ap_memory|                                                       w_tile_530|         array|
|w_tile_530_we1          |  out|    1|   ap_memory|                                                       w_tile_530|         array|
|w_tile_530_d1           |  out|   16|   ap_memory|                                                       w_tile_530|         array|
|w_tile_529_address1     |  out|    7|   ap_memory|                                                       w_tile_529|         array|
|w_tile_529_ce1          |  out|    1|   ap_memory|                                                       w_tile_529|         array|
|w_tile_529_we1          |  out|    1|   ap_memory|                                                       w_tile_529|         array|
|w_tile_529_d1           |  out|   16|   ap_memory|                                                       w_tile_529|         array|
|w_tile_528_address1     |  out|    7|   ap_memory|                                                       w_tile_528|         array|
|w_tile_528_ce1          |  out|    1|   ap_memory|                                                       w_tile_528|         array|
|w_tile_528_we1          |  out|    1|   ap_memory|                                                       w_tile_528|         array|
|w_tile_528_d1           |  out|   16|   ap_memory|                                                       w_tile_528|         array|
|w_tile_527_address1     |  out|    7|   ap_memory|                                                       w_tile_527|         array|
|w_tile_527_ce1          |  out|    1|   ap_memory|                                                       w_tile_527|         array|
|w_tile_527_we1          |  out|    1|   ap_memory|                                                       w_tile_527|         array|
|w_tile_527_d1           |  out|   16|   ap_memory|                                                       w_tile_527|         array|
|w_tile_526_address1     |  out|    7|   ap_memory|                                                       w_tile_526|         array|
|w_tile_526_ce1          |  out|    1|   ap_memory|                                                       w_tile_526|         array|
|w_tile_526_we1          |  out|    1|   ap_memory|                                                       w_tile_526|         array|
|w_tile_526_d1           |  out|   16|   ap_memory|                                                       w_tile_526|         array|
|w_tile_525_address1     |  out|    7|   ap_memory|                                                       w_tile_525|         array|
|w_tile_525_ce1          |  out|    1|   ap_memory|                                                       w_tile_525|         array|
|w_tile_525_we1          |  out|    1|   ap_memory|                                                       w_tile_525|         array|
|w_tile_525_d1           |  out|   16|   ap_memory|                                                       w_tile_525|         array|
|w_tile_524_address1     |  out|    7|   ap_memory|                                                       w_tile_524|         array|
|w_tile_524_ce1          |  out|    1|   ap_memory|                                                       w_tile_524|         array|
|w_tile_524_we1          |  out|    1|   ap_memory|                                                       w_tile_524|         array|
|w_tile_524_d1           |  out|   16|   ap_memory|                                                       w_tile_524|         array|
|w_tile_523_address1     |  out|    7|   ap_memory|                                                       w_tile_523|         array|
|w_tile_523_ce1          |  out|    1|   ap_memory|                                                       w_tile_523|         array|
|w_tile_523_we1          |  out|    1|   ap_memory|                                                       w_tile_523|         array|
|w_tile_523_d1           |  out|   16|   ap_memory|                                                       w_tile_523|         array|
|w_tile_522_address1     |  out|    7|   ap_memory|                                                       w_tile_522|         array|
|w_tile_522_ce1          |  out|    1|   ap_memory|                                                       w_tile_522|         array|
|w_tile_522_we1          |  out|    1|   ap_memory|                                                       w_tile_522|         array|
|w_tile_522_d1           |  out|   16|   ap_memory|                                                       w_tile_522|         array|
|w_tile_521_address1     |  out|    7|   ap_memory|                                                       w_tile_521|         array|
|w_tile_521_ce1          |  out|    1|   ap_memory|                                                       w_tile_521|         array|
|w_tile_521_we1          |  out|    1|   ap_memory|                                                       w_tile_521|         array|
|w_tile_521_d1           |  out|   16|   ap_memory|                                                       w_tile_521|         array|
|w_tile_520_address1     |  out|    7|   ap_memory|                                                       w_tile_520|         array|
|w_tile_520_ce1          |  out|    1|   ap_memory|                                                       w_tile_520|         array|
|w_tile_520_we1          |  out|    1|   ap_memory|                                                       w_tile_520|         array|
|w_tile_520_d1           |  out|   16|   ap_memory|                                                       w_tile_520|         array|
|w_tile_519_address1     |  out|    7|   ap_memory|                                                       w_tile_519|         array|
|w_tile_519_ce1          |  out|    1|   ap_memory|                                                       w_tile_519|         array|
|w_tile_519_we1          |  out|    1|   ap_memory|                                                       w_tile_519|         array|
|w_tile_519_d1           |  out|   16|   ap_memory|                                                       w_tile_519|         array|
|w_tile_518_address1     |  out|    7|   ap_memory|                                                       w_tile_518|         array|
|w_tile_518_ce1          |  out|    1|   ap_memory|                                                       w_tile_518|         array|
|w_tile_518_we1          |  out|    1|   ap_memory|                                                       w_tile_518|         array|
|w_tile_518_d1           |  out|   16|   ap_memory|                                                       w_tile_518|         array|
|w_tile_517_address1     |  out|    7|   ap_memory|                                                       w_tile_517|         array|
|w_tile_517_ce1          |  out|    1|   ap_memory|                                                       w_tile_517|         array|
|w_tile_517_we1          |  out|    1|   ap_memory|                                                       w_tile_517|         array|
|w_tile_517_d1           |  out|   16|   ap_memory|                                                       w_tile_517|         array|
|w_tile_516_address1     |  out|    7|   ap_memory|                                                       w_tile_516|         array|
|w_tile_516_ce1          |  out|    1|   ap_memory|                                                       w_tile_516|         array|
|w_tile_516_we1          |  out|    1|   ap_memory|                                                       w_tile_516|         array|
|w_tile_516_d1           |  out|   16|   ap_memory|                                                       w_tile_516|         array|
|w_tile_515_address1     |  out|    7|   ap_memory|                                                       w_tile_515|         array|
|w_tile_515_ce1          |  out|    1|   ap_memory|                                                       w_tile_515|         array|
|w_tile_515_we1          |  out|    1|   ap_memory|                                                       w_tile_515|         array|
|w_tile_515_d1           |  out|   16|   ap_memory|                                                       w_tile_515|         array|
|w_tile_514_address1     |  out|    7|   ap_memory|                                                       w_tile_514|         array|
|w_tile_514_ce1          |  out|    1|   ap_memory|                                                       w_tile_514|         array|
|w_tile_514_we1          |  out|    1|   ap_memory|                                                       w_tile_514|         array|
|w_tile_514_d1           |  out|   16|   ap_memory|                                                       w_tile_514|         array|
|w_tile_513_address1     |  out|    7|   ap_memory|                                                       w_tile_513|         array|
|w_tile_513_ce1          |  out|    1|   ap_memory|                                                       w_tile_513|         array|
|w_tile_513_we1          |  out|    1|   ap_memory|                                                       w_tile_513|         array|
|w_tile_513_d1           |  out|   16|   ap_memory|                                                       w_tile_513|         array|
|w_tile_512_address1     |  out|    7|   ap_memory|                                                       w_tile_512|         array|
|w_tile_512_ce1          |  out|    1|   ap_memory|                                                       w_tile_512|         array|
|w_tile_512_we1          |  out|    1|   ap_memory|                                                       w_tile_512|         array|
|w_tile_512_d1           |  out|   16|   ap_memory|                                                       w_tile_512|         array|
|w_tile_511_address1     |  out|    7|   ap_memory|                                                       w_tile_511|         array|
|w_tile_511_ce1          |  out|    1|   ap_memory|                                                       w_tile_511|         array|
|w_tile_511_we1          |  out|    1|   ap_memory|                                                       w_tile_511|         array|
|w_tile_511_d1           |  out|   16|   ap_memory|                                                       w_tile_511|         array|
|w_tile_510_address1     |  out|    7|   ap_memory|                                                       w_tile_510|         array|
|w_tile_510_ce1          |  out|    1|   ap_memory|                                                       w_tile_510|         array|
|w_tile_510_we1          |  out|    1|   ap_memory|                                                       w_tile_510|         array|
|w_tile_510_d1           |  out|   16|   ap_memory|                                                       w_tile_510|         array|
|w_tile_509_address1     |  out|    7|   ap_memory|                                                       w_tile_509|         array|
|w_tile_509_ce1          |  out|    1|   ap_memory|                                                       w_tile_509|         array|
|w_tile_509_we1          |  out|    1|   ap_memory|                                                       w_tile_509|         array|
|w_tile_509_d1           |  out|   16|   ap_memory|                                                       w_tile_509|         array|
|w_tile_508_address1     |  out|    7|   ap_memory|                                                       w_tile_508|         array|
|w_tile_508_ce1          |  out|    1|   ap_memory|                                                       w_tile_508|         array|
|w_tile_508_we1          |  out|    1|   ap_memory|                                                       w_tile_508|         array|
|w_tile_508_d1           |  out|   16|   ap_memory|                                                       w_tile_508|         array|
|w_tile_507_address1     |  out|    7|   ap_memory|                                                       w_tile_507|         array|
|w_tile_507_ce1          |  out|    1|   ap_memory|                                                       w_tile_507|         array|
|w_tile_507_we1          |  out|    1|   ap_memory|                                                       w_tile_507|         array|
|w_tile_507_d1           |  out|   16|   ap_memory|                                                       w_tile_507|         array|
|w_tile_506_address1     |  out|    7|   ap_memory|                                                       w_tile_506|         array|
|w_tile_506_ce1          |  out|    1|   ap_memory|                                                       w_tile_506|         array|
|w_tile_506_we1          |  out|    1|   ap_memory|                                                       w_tile_506|         array|
|w_tile_506_d1           |  out|   16|   ap_memory|                                                       w_tile_506|         array|
|w_tile_505_address1     |  out|    7|   ap_memory|                                                       w_tile_505|         array|
|w_tile_505_ce1          |  out|    1|   ap_memory|                                                       w_tile_505|         array|
|w_tile_505_we1          |  out|    1|   ap_memory|                                                       w_tile_505|         array|
|w_tile_505_d1           |  out|   16|   ap_memory|                                                       w_tile_505|         array|
|w_tile_504_address1     |  out|    7|   ap_memory|                                                       w_tile_504|         array|
|w_tile_504_ce1          |  out|    1|   ap_memory|                                                       w_tile_504|         array|
|w_tile_504_we1          |  out|    1|   ap_memory|                                                       w_tile_504|         array|
|w_tile_504_d1           |  out|   16|   ap_memory|                                                       w_tile_504|         array|
|w_tile_503_address1     |  out|    7|   ap_memory|                                                       w_tile_503|         array|
|w_tile_503_ce1          |  out|    1|   ap_memory|                                                       w_tile_503|         array|
|w_tile_503_we1          |  out|    1|   ap_memory|                                                       w_tile_503|         array|
|w_tile_503_d1           |  out|   16|   ap_memory|                                                       w_tile_503|         array|
|w_tile_502_address1     |  out|    7|   ap_memory|                                                       w_tile_502|         array|
|w_tile_502_ce1          |  out|    1|   ap_memory|                                                       w_tile_502|         array|
|w_tile_502_we1          |  out|    1|   ap_memory|                                                       w_tile_502|         array|
|w_tile_502_d1           |  out|   16|   ap_memory|                                                       w_tile_502|         array|
|w_tile_501_address1     |  out|    7|   ap_memory|                                                       w_tile_501|         array|
|w_tile_501_ce1          |  out|    1|   ap_memory|                                                       w_tile_501|         array|
|w_tile_501_we1          |  out|    1|   ap_memory|                                                       w_tile_501|         array|
|w_tile_501_d1           |  out|   16|   ap_memory|                                                       w_tile_501|         array|
|w_tile_500_address1     |  out|    7|   ap_memory|                                                       w_tile_500|         array|
|w_tile_500_ce1          |  out|    1|   ap_memory|                                                       w_tile_500|         array|
|w_tile_500_we1          |  out|    1|   ap_memory|                                                       w_tile_500|         array|
|w_tile_500_d1           |  out|   16|   ap_memory|                                                       w_tile_500|         array|
|w_tile_499_address1     |  out|    7|   ap_memory|                                                       w_tile_499|         array|
|w_tile_499_ce1          |  out|    1|   ap_memory|                                                       w_tile_499|         array|
|w_tile_499_we1          |  out|    1|   ap_memory|                                                       w_tile_499|         array|
|w_tile_499_d1           |  out|   16|   ap_memory|                                                       w_tile_499|         array|
|w_tile_498_address1     |  out|    7|   ap_memory|                                                       w_tile_498|         array|
|w_tile_498_ce1          |  out|    1|   ap_memory|                                                       w_tile_498|         array|
|w_tile_498_we1          |  out|    1|   ap_memory|                                                       w_tile_498|         array|
|w_tile_498_d1           |  out|   16|   ap_memory|                                                       w_tile_498|         array|
|w_tile_497_address1     |  out|    7|   ap_memory|                                                       w_tile_497|         array|
|w_tile_497_ce1          |  out|    1|   ap_memory|                                                       w_tile_497|         array|
|w_tile_497_we1          |  out|    1|   ap_memory|                                                       w_tile_497|         array|
|w_tile_497_d1           |  out|   16|   ap_memory|                                                       w_tile_497|         array|
|w_tile_496_address1     |  out|    7|   ap_memory|                                                       w_tile_496|         array|
|w_tile_496_ce1          |  out|    1|   ap_memory|                                                       w_tile_496|         array|
|w_tile_496_we1          |  out|    1|   ap_memory|                                                       w_tile_496|         array|
|w_tile_496_d1           |  out|   16|   ap_memory|                                                       w_tile_496|         array|
|w_tile_495_address1     |  out|    7|   ap_memory|                                                       w_tile_495|         array|
|w_tile_495_ce1          |  out|    1|   ap_memory|                                                       w_tile_495|         array|
|w_tile_495_we1          |  out|    1|   ap_memory|                                                       w_tile_495|         array|
|w_tile_495_d1           |  out|   16|   ap_memory|                                                       w_tile_495|         array|
|w_tile_494_address1     |  out|    7|   ap_memory|                                                       w_tile_494|         array|
|w_tile_494_ce1          |  out|    1|   ap_memory|                                                       w_tile_494|         array|
|w_tile_494_we1          |  out|    1|   ap_memory|                                                       w_tile_494|         array|
|w_tile_494_d1           |  out|   16|   ap_memory|                                                       w_tile_494|         array|
|w_tile_493_address1     |  out|    7|   ap_memory|                                                       w_tile_493|         array|
|w_tile_493_ce1          |  out|    1|   ap_memory|                                                       w_tile_493|         array|
|w_tile_493_we1          |  out|    1|   ap_memory|                                                       w_tile_493|         array|
|w_tile_493_d1           |  out|   16|   ap_memory|                                                       w_tile_493|         array|
|w_tile_492_address1     |  out|    7|   ap_memory|                                                       w_tile_492|         array|
|w_tile_492_ce1          |  out|    1|   ap_memory|                                                       w_tile_492|         array|
|w_tile_492_we1          |  out|    1|   ap_memory|                                                       w_tile_492|         array|
|w_tile_492_d1           |  out|   16|   ap_memory|                                                       w_tile_492|         array|
|w_tile_491_address1     |  out|    7|   ap_memory|                                                       w_tile_491|         array|
|w_tile_491_ce1          |  out|    1|   ap_memory|                                                       w_tile_491|         array|
|w_tile_491_we1          |  out|    1|   ap_memory|                                                       w_tile_491|         array|
|w_tile_491_d1           |  out|   16|   ap_memory|                                                       w_tile_491|         array|
|w_tile_490_address1     |  out|    7|   ap_memory|                                                       w_tile_490|         array|
|w_tile_490_ce1          |  out|    1|   ap_memory|                                                       w_tile_490|         array|
|w_tile_490_we1          |  out|    1|   ap_memory|                                                       w_tile_490|         array|
|w_tile_490_d1           |  out|   16|   ap_memory|                                                       w_tile_490|         array|
|w_tile_489_address1     |  out|    7|   ap_memory|                                                       w_tile_489|         array|
|w_tile_489_ce1          |  out|    1|   ap_memory|                                                       w_tile_489|         array|
|w_tile_489_we1          |  out|    1|   ap_memory|                                                       w_tile_489|         array|
|w_tile_489_d1           |  out|   16|   ap_memory|                                                       w_tile_489|         array|
|w_tile_488_address1     |  out|    7|   ap_memory|                                                       w_tile_488|         array|
|w_tile_488_ce1          |  out|    1|   ap_memory|                                                       w_tile_488|         array|
|w_tile_488_we1          |  out|    1|   ap_memory|                                                       w_tile_488|         array|
|w_tile_488_d1           |  out|   16|   ap_memory|                                                       w_tile_488|         array|
|w_tile_487_address1     |  out|    7|   ap_memory|                                                       w_tile_487|         array|
|w_tile_487_ce1          |  out|    1|   ap_memory|                                                       w_tile_487|         array|
|w_tile_487_we1          |  out|    1|   ap_memory|                                                       w_tile_487|         array|
|w_tile_487_d1           |  out|   16|   ap_memory|                                                       w_tile_487|         array|
|w_tile_486_address1     |  out|    7|   ap_memory|                                                       w_tile_486|         array|
|w_tile_486_ce1          |  out|    1|   ap_memory|                                                       w_tile_486|         array|
|w_tile_486_we1          |  out|    1|   ap_memory|                                                       w_tile_486|         array|
|w_tile_486_d1           |  out|   16|   ap_memory|                                                       w_tile_486|         array|
|w_tile_485_address1     |  out|    7|   ap_memory|                                                       w_tile_485|         array|
|w_tile_485_ce1          |  out|    1|   ap_memory|                                                       w_tile_485|         array|
|w_tile_485_we1          |  out|    1|   ap_memory|                                                       w_tile_485|         array|
|w_tile_485_d1           |  out|   16|   ap_memory|                                                       w_tile_485|         array|
|w_tile_484_address1     |  out|    7|   ap_memory|                                                       w_tile_484|         array|
|w_tile_484_ce1          |  out|    1|   ap_memory|                                                       w_tile_484|         array|
|w_tile_484_we1          |  out|    1|   ap_memory|                                                       w_tile_484|         array|
|w_tile_484_d1           |  out|   16|   ap_memory|                                                       w_tile_484|         array|
|w_tile_483_address1     |  out|    7|   ap_memory|                                                       w_tile_483|         array|
|w_tile_483_ce1          |  out|    1|   ap_memory|                                                       w_tile_483|         array|
|w_tile_483_we1          |  out|    1|   ap_memory|                                                       w_tile_483|         array|
|w_tile_483_d1           |  out|   16|   ap_memory|                                                       w_tile_483|         array|
|w_tile_482_address1     |  out|    7|   ap_memory|                                                       w_tile_482|         array|
|w_tile_482_ce1          |  out|    1|   ap_memory|                                                       w_tile_482|         array|
|w_tile_482_we1          |  out|    1|   ap_memory|                                                       w_tile_482|         array|
|w_tile_482_d1           |  out|   16|   ap_memory|                                                       w_tile_482|         array|
|w_tile_481_address1     |  out|    7|   ap_memory|                                                       w_tile_481|         array|
|w_tile_481_ce1          |  out|    1|   ap_memory|                                                       w_tile_481|         array|
|w_tile_481_we1          |  out|    1|   ap_memory|                                                       w_tile_481|         array|
|w_tile_481_d1           |  out|   16|   ap_memory|                                                       w_tile_481|         array|
|w_tile_480_address1     |  out|    7|   ap_memory|                                                       w_tile_480|         array|
|w_tile_480_ce1          |  out|    1|   ap_memory|                                                       w_tile_480|         array|
|w_tile_480_we1          |  out|    1|   ap_memory|                                                       w_tile_480|         array|
|w_tile_480_d1           |  out|   16|   ap_memory|                                                       w_tile_480|         array|
|w_tile_479_address1     |  out|    7|   ap_memory|                                                       w_tile_479|         array|
|w_tile_479_ce1          |  out|    1|   ap_memory|                                                       w_tile_479|         array|
|w_tile_479_we1          |  out|    1|   ap_memory|                                                       w_tile_479|         array|
|w_tile_479_d1           |  out|   16|   ap_memory|                                                       w_tile_479|         array|
|w_tile_478_address1     |  out|    7|   ap_memory|                                                       w_tile_478|         array|
|w_tile_478_ce1          |  out|    1|   ap_memory|                                                       w_tile_478|         array|
|w_tile_478_we1          |  out|    1|   ap_memory|                                                       w_tile_478|         array|
|w_tile_478_d1           |  out|   16|   ap_memory|                                                       w_tile_478|         array|
|w_tile_477_address1     |  out|    7|   ap_memory|                                                       w_tile_477|         array|
|w_tile_477_ce1          |  out|    1|   ap_memory|                                                       w_tile_477|         array|
|w_tile_477_we1          |  out|    1|   ap_memory|                                                       w_tile_477|         array|
|w_tile_477_d1           |  out|   16|   ap_memory|                                                       w_tile_477|         array|
|w_tile_476_address1     |  out|    7|   ap_memory|                                                       w_tile_476|         array|
|w_tile_476_ce1          |  out|    1|   ap_memory|                                                       w_tile_476|         array|
|w_tile_476_we1          |  out|    1|   ap_memory|                                                       w_tile_476|         array|
|w_tile_476_d1           |  out|   16|   ap_memory|                                                       w_tile_476|         array|
|w_tile_475_address1     |  out|    7|   ap_memory|                                                       w_tile_475|         array|
|w_tile_475_ce1          |  out|    1|   ap_memory|                                                       w_tile_475|         array|
|w_tile_475_we1          |  out|    1|   ap_memory|                                                       w_tile_475|         array|
|w_tile_475_d1           |  out|   16|   ap_memory|                                                       w_tile_475|         array|
|w_tile_474_address1     |  out|    7|   ap_memory|                                                       w_tile_474|         array|
|w_tile_474_ce1          |  out|    1|   ap_memory|                                                       w_tile_474|         array|
|w_tile_474_we1          |  out|    1|   ap_memory|                                                       w_tile_474|         array|
|w_tile_474_d1           |  out|   16|   ap_memory|                                                       w_tile_474|         array|
|w_tile_473_address1     |  out|    7|   ap_memory|                                                       w_tile_473|         array|
|w_tile_473_ce1          |  out|    1|   ap_memory|                                                       w_tile_473|         array|
|w_tile_473_we1          |  out|    1|   ap_memory|                                                       w_tile_473|         array|
|w_tile_473_d1           |  out|   16|   ap_memory|                                                       w_tile_473|         array|
|w_tile_472_address1     |  out|    7|   ap_memory|                                                       w_tile_472|         array|
|w_tile_472_ce1          |  out|    1|   ap_memory|                                                       w_tile_472|         array|
|w_tile_472_we1          |  out|    1|   ap_memory|                                                       w_tile_472|         array|
|w_tile_472_d1           |  out|   16|   ap_memory|                                                       w_tile_472|         array|
|w_tile_471_address1     |  out|    7|   ap_memory|                                                       w_tile_471|         array|
|w_tile_471_ce1          |  out|    1|   ap_memory|                                                       w_tile_471|         array|
|w_tile_471_we1          |  out|    1|   ap_memory|                                                       w_tile_471|         array|
|w_tile_471_d1           |  out|   16|   ap_memory|                                                       w_tile_471|         array|
|w_tile_470_address1     |  out|    7|   ap_memory|                                                       w_tile_470|         array|
|w_tile_470_ce1          |  out|    1|   ap_memory|                                                       w_tile_470|         array|
|w_tile_470_we1          |  out|    1|   ap_memory|                                                       w_tile_470|         array|
|w_tile_470_d1           |  out|   16|   ap_memory|                                                       w_tile_470|         array|
|w_tile_469_address1     |  out|    7|   ap_memory|                                                       w_tile_469|         array|
|w_tile_469_ce1          |  out|    1|   ap_memory|                                                       w_tile_469|         array|
|w_tile_469_we1          |  out|    1|   ap_memory|                                                       w_tile_469|         array|
|w_tile_469_d1           |  out|   16|   ap_memory|                                                       w_tile_469|         array|
|w_tile_468_address1     |  out|    7|   ap_memory|                                                       w_tile_468|         array|
|w_tile_468_ce1          |  out|    1|   ap_memory|                                                       w_tile_468|         array|
|w_tile_468_we1          |  out|    1|   ap_memory|                                                       w_tile_468|         array|
|w_tile_468_d1           |  out|   16|   ap_memory|                                                       w_tile_468|         array|
|w_tile_467_address1     |  out|    7|   ap_memory|                                                       w_tile_467|         array|
|w_tile_467_ce1          |  out|    1|   ap_memory|                                                       w_tile_467|         array|
|w_tile_467_we1          |  out|    1|   ap_memory|                                                       w_tile_467|         array|
|w_tile_467_d1           |  out|   16|   ap_memory|                                                       w_tile_467|         array|
|w_tile_466_address1     |  out|    7|   ap_memory|                                                       w_tile_466|         array|
|w_tile_466_ce1          |  out|    1|   ap_memory|                                                       w_tile_466|         array|
|w_tile_466_we1          |  out|    1|   ap_memory|                                                       w_tile_466|         array|
|w_tile_466_d1           |  out|   16|   ap_memory|                                                       w_tile_466|         array|
|w_tile_465_address1     |  out|    7|   ap_memory|                                                       w_tile_465|         array|
|w_tile_465_ce1          |  out|    1|   ap_memory|                                                       w_tile_465|         array|
|w_tile_465_we1          |  out|    1|   ap_memory|                                                       w_tile_465|         array|
|w_tile_465_d1           |  out|   16|   ap_memory|                                                       w_tile_465|         array|
|w_tile_464_address1     |  out|    7|   ap_memory|                                                       w_tile_464|         array|
|w_tile_464_ce1          |  out|    1|   ap_memory|                                                       w_tile_464|         array|
|w_tile_464_we1          |  out|    1|   ap_memory|                                                       w_tile_464|         array|
|w_tile_464_d1           |  out|   16|   ap_memory|                                                       w_tile_464|         array|
|w_tile_463_address1     |  out|    7|   ap_memory|                                                       w_tile_463|         array|
|w_tile_463_ce1          |  out|    1|   ap_memory|                                                       w_tile_463|         array|
|w_tile_463_we1          |  out|    1|   ap_memory|                                                       w_tile_463|         array|
|w_tile_463_d1           |  out|   16|   ap_memory|                                                       w_tile_463|         array|
|w_tile_462_address1     |  out|    7|   ap_memory|                                                       w_tile_462|         array|
|w_tile_462_ce1          |  out|    1|   ap_memory|                                                       w_tile_462|         array|
|w_tile_462_we1          |  out|    1|   ap_memory|                                                       w_tile_462|         array|
|w_tile_462_d1           |  out|   16|   ap_memory|                                                       w_tile_462|         array|
|w_tile_461_address1     |  out|    7|   ap_memory|                                                       w_tile_461|         array|
|w_tile_461_ce1          |  out|    1|   ap_memory|                                                       w_tile_461|         array|
|w_tile_461_we1          |  out|    1|   ap_memory|                                                       w_tile_461|         array|
|w_tile_461_d1           |  out|   16|   ap_memory|                                                       w_tile_461|         array|
|w_tile_460_address1     |  out|    7|   ap_memory|                                                       w_tile_460|         array|
|w_tile_460_ce1          |  out|    1|   ap_memory|                                                       w_tile_460|         array|
|w_tile_460_we1          |  out|    1|   ap_memory|                                                       w_tile_460|         array|
|w_tile_460_d1           |  out|   16|   ap_memory|                                                       w_tile_460|         array|
|w_tile_459_address1     |  out|    7|   ap_memory|                                                       w_tile_459|         array|
|w_tile_459_ce1          |  out|    1|   ap_memory|                                                       w_tile_459|         array|
|w_tile_459_we1          |  out|    1|   ap_memory|                                                       w_tile_459|         array|
|w_tile_459_d1           |  out|   16|   ap_memory|                                                       w_tile_459|         array|
|w_tile_458_address1     |  out|    7|   ap_memory|                                                       w_tile_458|         array|
|w_tile_458_ce1          |  out|    1|   ap_memory|                                                       w_tile_458|         array|
|w_tile_458_we1          |  out|    1|   ap_memory|                                                       w_tile_458|         array|
|w_tile_458_d1           |  out|   16|   ap_memory|                                                       w_tile_458|         array|
|w_tile_457_address1     |  out|    7|   ap_memory|                                                       w_tile_457|         array|
|w_tile_457_ce1          |  out|    1|   ap_memory|                                                       w_tile_457|         array|
|w_tile_457_we1          |  out|    1|   ap_memory|                                                       w_tile_457|         array|
|w_tile_457_d1           |  out|   16|   ap_memory|                                                       w_tile_457|         array|
|w_tile_456_address1     |  out|    7|   ap_memory|                                                       w_tile_456|         array|
|w_tile_456_ce1          |  out|    1|   ap_memory|                                                       w_tile_456|         array|
|w_tile_456_we1          |  out|    1|   ap_memory|                                                       w_tile_456|         array|
|w_tile_456_d1           |  out|   16|   ap_memory|                                                       w_tile_456|         array|
|w_tile_455_address1     |  out|    7|   ap_memory|                                                       w_tile_455|         array|
|w_tile_455_ce1          |  out|    1|   ap_memory|                                                       w_tile_455|         array|
|w_tile_455_we1          |  out|    1|   ap_memory|                                                       w_tile_455|         array|
|w_tile_455_d1           |  out|   16|   ap_memory|                                                       w_tile_455|         array|
|w_tile_454_address1     |  out|    7|   ap_memory|                                                       w_tile_454|         array|
|w_tile_454_ce1          |  out|    1|   ap_memory|                                                       w_tile_454|         array|
|w_tile_454_we1          |  out|    1|   ap_memory|                                                       w_tile_454|         array|
|w_tile_454_d1           |  out|   16|   ap_memory|                                                       w_tile_454|         array|
|w_tile_453_address1     |  out|    7|   ap_memory|                                                       w_tile_453|         array|
|w_tile_453_ce1          |  out|    1|   ap_memory|                                                       w_tile_453|         array|
|w_tile_453_we1          |  out|    1|   ap_memory|                                                       w_tile_453|         array|
|w_tile_453_d1           |  out|   16|   ap_memory|                                                       w_tile_453|         array|
|w_tile_452_address1     |  out|    7|   ap_memory|                                                       w_tile_452|         array|
|w_tile_452_ce1          |  out|    1|   ap_memory|                                                       w_tile_452|         array|
|w_tile_452_we1          |  out|    1|   ap_memory|                                                       w_tile_452|         array|
|w_tile_452_d1           |  out|   16|   ap_memory|                                                       w_tile_452|         array|
|w_tile_451_address1     |  out|    7|   ap_memory|                                                       w_tile_451|         array|
|w_tile_451_ce1          |  out|    1|   ap_memory|                                                       w_tile_451|         array|
|w_tile_451_we1          |  out|    1|   ap_memory|                                                       w_tile_451|         array|
|w_tile_451_d1           |  out|   16|   ap_memory|                                                       w_tile_451|         array|
|w_tile_450_address1     |  out|    7|   ap_memory|                                                       w_tile_450|         array|
|w_tile_450_ce1          |  out|    1|   ap_memory|                                                       w_tile_450|         array|
|w_tile_450_we1          |  out|    1|   ap_memory|                                                       w_tile_450|         array|
|w_tile_450_d1           |  out|   16|   ap_memory|                                                       w_tile_450|         array|
|w_tile_449_address1     |  out|    7|   ap_memory|                                                       w_tile_449|         array|
|w_tile_449_ce1          |  out|    1|   ap_memory|                                                       w_tile_449|         array|
|w_tile_449_we1          |  out|    1|   ap_memory|                                                       w_tile_449|         array|
|w_tile_449_d1           |  out|   16|   ap_memory|                                                       w_tile_449|         array|
|w_tile_448_address1     |  out|    7|   ap_memory|                                                       w_tile_448|         array|
|w_tile_448_ce1          |  out|    1|   ap_memory|                                                       w_tile_448|         array|
|w_tile_448_we1          |  out|    1|   ap_memory|                                                       w_tile_448|         array|
|w_tile_448_d1           |  out|   16|   ap_memory|                                                       w_tile_448|         array|
|w_tile_447_address1     |  out|    7|   ap_memory|                                                       w_tile_447|         array|
|w_tile_447_ce1          |  out|    1|   ap_memory|                                                       w_tile_447|         array|
|w_tile_447_we1          |  out|    1|   ap_memory|                                                       w_tile_447|         array|
|w_tile_447_d1           |  out|   16|   ap_memory|                                                       w_tile_447|         array|
|w_tile_446_address1     |  out|    7|   ap_memory|                                                       w_tile_446|         array|
|w_tile_446_ce1          |  out|    1|   ap_memory|                                                       w_tile_446|         array|
|w_tile_446_we1          |  out|    1|   ap_memory|                                                       w_tile_446|         array|
|w_tile_446_d1           |  out|   16|   ap_memory|                                                       w_tile_446|         array|
|w_tile_445_address1     |  out|    7|   ap_memory|                                                       w_tile_445|         array|
|w_tile_445_ce1          |  out|    1|   ap_memory|                                                       w_tile_445|         array|
|w_tile_445_we1          |  out|    1|   ap_memory|                                                       w_tile_445|         array|
|w_tile_445_d1           |  out|   16|   ap_memory|                                                       w_tile_445|         array|
|w_tile_444_address1     |  out|    7|   ap_memory|                                                       w_tile_444|         array|
|w_tile_444_ce1          |  out|    1|   ap_memory|                                                       w_tile_444|         array|
|w_tile_444_we1          |  out|    1|   ap_memory|                                                       w_tile_444|         array|
|w_tile_444_d1           |  out|   16|   ap_memory|                                                       w_tile_444|         array|
|w_tile_443_address1     |  out|    7|   ap_memory|                                                       w_tile_443|         array|
|w_tile_443_ce1          |  out|    1|   ap_memory|                                                       w_tile_443|         array|
|w_tile_443_we1          |  out|    1|   ap_memory|                                                       w_tile_443|         array|
|w_tile_443_d1           |  out|   16|   ap_memory|                                                       w_tile_443|         array|
|w_tile_442_address1     |  out|    7|   ap_memory|                                                       w_tile_442|         array|
|w_tile_442_ce1          |  out|    1|   ap_memory|                                                       w_tile_442|         array|
|w_tile_442_we1          |  out|    1|   ap_memory|                                                       w_tile_442|         array|
|w_tile_442_d1           |  out|   16|   ap_memory|                                                       w_tile_442|         array|
|w_tile_441_address1     |  out|    7|   ap_memory|                                                       w_tile_441|         array|
|w_tile_441_ce1          |  out|    1|   ap_memory|                                                       w_tile_441|         array|
|w_tile_441_we1          |  out|    1|   ap_memory|                                                       w_tile_441|         array|
|w_tile_441_d1           |  out|   16|   ap_memory|                                                       w_tile_441|         array|
|w_tile_440_address1     |  out|    7|   ap_memory|                                                       w_tile_440|         array|
|w_tile_440_ce1          |  out|    1|   ap_memory|                                                       w_tile_440|         array|
|w_tile_440_we1          |  out|    1|   ap_memory|                                                       w_tile_440|         array|
|w_tile_440_d1           |  out|   16|   ap_memory|                                                       w_tile_440|         array|
|w_tile_439_address1     |  out|    7|   ap_memory|                                                       w_tile_439|         array|
|w_tile_439_ce1          |  out|    1|   ap_memory|                                                       w_tile_439|         array|
|w_tile_439_we1          |  out|    1|   ap_memory|                                                       w_tile_439|         array|
|w_tile_439_d1           |  out|   16|   ap_memory|                                                       w_tile_439|         array|
|w_tile_438_address1     |  out|    7|   ap_memory|                                                       w_tile_438|         array|
|w_tile_438_ce1          |  out|    1|   ap_memory|                                                       w_tile_438|         array|
|w_tile_438_we1          |  out|    1|   ap_memory|                                                       w_tile_438|         array|
|w_tile_438_d1           |  out|   16|   ap_memory|                                                       w_tile_438|         array|
|w_tile_437_address1     |  out|    7|   ap_memory|                                                       w_tile_437|         array|
|w_tile_437_ce1          |  out|    1|   ap_memory|                                                       w_tile_437|         array|
|w_tile_437_we1          |  out|    1|   ap_memory|                                                       w_tile_437|         array|
|w_tile_437_d1           |  out|   16|   ap_memory|                                                       w_tile_437|         array|
|w_tile_436_address1     |  out|    7|   ap_memory|                                                       w_tile_436|         array|
|w_tile_436_ce1          |  out|    1|   ap_memory|                                                       w_tile_436|         array|
|w_tile_436_we1          |  out|    1|   ap_memory|                                                       w_tile_436|         array|
|w_tile_436_d1           |  out|   16|   ap_memory|                                                       w_tile_436|         array|
|w_tile_435_address1     |  out|    7|   ap_memory|                                                       w_tile_435|         array|
|w_tile_435_ce1          |  out|    1|   ap_memory|                                                       w_tile_435|         array|
|w_tile_435_we1          |  out|    1|   ap_memory|                                                       w_tile_435|         array|
|w_tile_435_d1           |  out|   16|   ap_memory|                                                       w_tile_435|         array|
|w_tile_434_address1     |  out|    7|   ap_memory|                                                       w_tile_434|         array|
|w_tile_434_ce1          |  out|    1|   ap_memory|                                                       w_tile_434|         array|
|w_tile_434_we1          |  out|    1|   ap_memory|                                                       w_tile_434|         array|
|w_tile_434_d1           |  out|   16|   ap_memory|                                                       w_tile_434|         array|
|w_tile_433_address1     |  out|    7|   ap_memory|                                                       w_tile_433|         array|
|w_tile_433_ce1          |  out|    1|   ap_memory|                                                       w_tile_433|         array|
|w_tile_433_we1          |  out|    1|   ap_memory|                                                       w_tile_433|         array|
|w_tile_433_d1           |  out|   16|   ap_memory|                                                       w_tile_433|         array|
|w_tile_432_address1     |  out|    7|   ap_memory|                                                       w_tile_432|         array|
|w_tile_432_ce1          |  out|    1|   ap_memory|                                                       w_tile_432|         array|
|w_tile_432_we1          |  out|    1|   ap_memory|                                                       w_tile_432|         array|
|w_tile_432_d1           |  out|   16|   ap_memory|                                                       w_tile_432|         array|
|w_tile_431_address1     |  out|    7|   ap_memory|                                                       w_tile_431|         array|
|w_tile_431_ce1          |  out|    1|   ap_memory|                                                       w_tile_431|         array|
|w_tile_431_we1          |  out|    1|   ap_memory|                                                       w_tile_431|         array|
|w_tile_431_d1           |  out|   16|   ap_memory|                                                       w_tile_431|         array|
|w_tile_430_address1     |  out|    7|   ap_memory|                                                       w_tile_430|         array|
|w_tile_430_ce1          |  out|    1|   ap_memory|                                                       w_tile_430|         array|
|w_tile_430_we1          |  out|    1|   ap_memory|                                                       w_tile_430|         array|
|w_tile_430_d1           |  out|   16|   ap_memory|                                                       w_tile_430|         array|
|w_tile_429_address1     |  out|    7|   ap_memory|                                                       w_tile_429|         array|
|w_tile_429_ce1          |  out|    1|   ap_memory|                                                       w_tile_429|         array|
|w_tile_429_we1          |  out|    1|   ap_memory|                                                       w_tile_429|         array|
|w_tile_429_d1           |  out|   16|   ap_memory|                                                       w_tile_429|         array|
|w_tile_428_address1     |  out|    7|   ap_memory|                                                       w_tile_428|         array|
|w_tile_428_ce1          |  out|    1|   ap_memory|                                                       w_tile_428|         array|
|w_tile_428_we1          |  out|    1|   ap_memory|                                                       w_tile_428|         array|
|w_tile_428_d1           |  out|   16|   ap_memory|                                                       w_tile_428|         array|
|w_tile_427_address1     |  out|    7|   ap_memory|                                                       w_tile_427|         array|
|w_tile_427_ce1          |  out|    1|   ap_memory|                                                       w_tile_427|         array|
|w_tile_427_we1          |  out|    1|   ap_memory|                                                       w_tile_427|         array|
|w_tile_427_d1           |  out|   16|   ap_memory|                                                       w_tile_427|         array|
|w_tile_426_address1     |  out|    7|   ap_memory|                                                       w_tile_426|         array|
|w_tile_426_ce1          |  out|    1|   ap_memory|                                                       w_tile_426|         array|
|w_tile_426_we1          |  out|    1|   ap_memory|                                                       w_tile_426|         array|
|w_tile_426_d1           |  out|   16|   ap_memory|                                                       w_tile_426|         array|
|w_tile_425_address1     |  out|    7|   ap_memory|                                                       w_tile_425|         array|
|w_tile_425_ce1          |  out|    1|   ap_memory|                                                       w_tile_425|         array|
|w_tile_425_we1          |  out|    1|   ap_memory|                                                       w_tile_425|         array|
|w_tile_425_d1           |  out|   16|   ap_memory|                                                       w_tile_425|         array|
|w_tile_424_address1     |  out|    7|   ap_memory|                                                       w_tile_424|         array|
|w_tile_424_ce1          |  out|    1|   ap_memory|                                                       w_tile_424|         array|
|w_tile_424_we1          |  out|    1|   ap_memory|                                                       w_tile_424|         array|
|w_tile_424_d1           |  out|   16|   ap_memory|                                                       w_tile_424|         array|
|w_tile_423_address1     |  out|    7|   ap_memory|                                                       w_tile_423|         array|
|w_tile_423_ce1          |  out|    1|   ap_memory|                                                       w_tile_423|         array|
|w_tile_423_we1          |  out|    1|   ap_memory|                                                       w_tile_423|         array|
|w_tile_423_d1           |  out|   16|   ap_memory|                                                       w_tile_423|         array|
|w_tile_422_address1     |  out|    7|   ap_memory|                                                       w_tile_422|         array|
|w_tile_422_ce1          |  out|    1|   ap_memory|                                                       w_tile_422|         array|
|w_tile_422_we1          |  out|    1|   ap_memory|                                                       w_tile_422|         array|
|w_tile_422_d1           |  out|   16|   ap_memory|                                                       w_tile_422|         array|
|w_tile_421_address1     |  out|    7|   ap_memory|                                                       w_tile_421|         array|
|w_tile_421_ce1          |  out|    1|   ap_memory|                                                       w_tile_421|         array|
|w_tile_421_we1          |  out|    1|   ap_memory|                                                       w_tile_421|         array|
|w_tile_421_d1           |  out|   16|   ap_memory|                                                       w_tile_421|         array|
|w_tile_420_address1     |  out|    7|   ap_memory|                                                       w_tile_420|         array|
|w_tile_420_ce1          |  out|    1|   ap_memory|                                                       w_tile_420|         array|
|w_tile_420_we1          |  out|    1|   ap_memory|                                                       w_tile_420|         array|
|w_tile_420_d1           |  out|   16|   ap_memory|                                                       w_tile_420|         array|
|w_tile_419_address1     |  out|    7|   ap_memory|                                                       w_tile_419|         array|
|w_tile_419_ce1          |  out|    1|   ap_memory|                                                       w_tile_419|         array|
|w_tile_419_we1          |  out|    1|   ap_memory|                                                       w_tile_419|         array|
|w_tile_419_d1           |  out|   16|   ap_memory|                                                       w_tile_419|         array|
|w_tile_418_address1     |  out|    7|   ap_memory|                                                       w_tile_418|         array|
|w_tile_418_ce1          |  out|    1|   ap_memory|                                                       w_tile_418|         array|
|w_tile_418_we1          |  out|    1|   ap_memory|                                                       w_tile_418|         array|
|w_tile_418_d1           |  out|   16|   ap_memory|                                                       w_tile_418|         array|
|w_tile_417_address1     |  out|    7|   ap_memory|                                                       w_tile_417|         array|
|w_tile_417_ce1          |  out|    1|   ap_memory|                                                       w_tile_417|         array|
|w_tile_417_we1          |  out|    1|   ap_memory|                                                       w_tile_417|         array|
|w_tile_417_d1           |  out|   16|   ap_memory|                                                       w_tile_417|         array|
|w_tile_416_address1     |  out|    7|   ap_memory|                                                       w_tile_416|         array|
|w_tile_416_ce1          |  out|    1|   ap_memory|                                                       w_tile_416|         array|
|w_tile_416_we1          |  out|    1|   ap_memory|                                                       w_tile_416|         array|
|w_tile_416_d1           |  out|   16|   ap_memory|                                                       w_tile_416|         array|
|w_tile_415_address1     |  out|    7|   ap_memory|                                                       w_tile_415|         array|
|w_tile_415_ce1          |  out|    1|   ap_memory|                                                       w_tile_415|         array|
|w_tile_415_we1          |  out|    1|   ap_memory|                                                       w_tile_415|         array|
|w_tile_415_d1           |  out|   16|   ap_memory|                                                       w_tile_415|         array|
|w_tile_414_address1     |  out|    7|   ap_memory|                                                       w_tile_414|         array|
|w_tile_414_ce1          |  out|    1|   ap_memory|                                                       w_tile_414|         array|
|w_tile_414_we1          |  out|    1|   ap_memory|                                                       w_tile_414|         array|
|w_tile_414_d1           |  out|   16|   ap_memory|                                                       w_tile_414|         array|
|w_tile_413_address1     |  out|    7|   ap_memory|                                                       w_tile_413|         array|
|w_tile_413_ce1          |  out|    1|   ap_memory|                                                       w_tile_413|         array|
|w_tile_413_we1          |  out|    1|   ap_memory|                                                       w_tile_413|         array|
|w_tile_413_d1           |  out|   16|   ap_memory|                                                       w_tile_413|         array|
|w_tile_412_address1     |  out|    7|   ap_memory|                                                       w_tile_412|         array|
|w_tile_412_ce1          |  out|    1|   ap_memory|                                                       w_tile_412|         array|
|w_tile_412_we1          |  out|    1|   ap_memory|                                                       w_tile_412|         array|
|w_tile_412_d1           |  out|   16|   ap_memory|                                                       w_tile_412|         array|
|w_tile_411_address1     |  out|    7|   ap_memory|                                                       w_tile_411|         array|
|w_tile_411_ce1          |  out|    1|   ap_memory|                                                       w_tile_411|         array|
|w_tile_411_we1          |  out|    1|   ap_memory|                                                       w_tile_411|         array|
|w_tile_411_d1           |  out|   16|   ap_memory|                                                       w_tile_411|         array|
|w_tile_410_address1     |  out|    7|   ap_memory|                                                       w_tile_410|         array|
|w_tile_410_ce1          |  out|    1|   ap_memory|                                                       w_tile_410|         array|
|w_tile_410_we1          |  out|    1|   ap_memory|                                                       w_tile_410|         array|
|w_tile_410_d1           |  out|   16|   ap_memory|                                                       w_tile_410|         array|
|w_tile_409_address1     |  out|    7|   ap_memory|                                                       w_tile_409|         array|
|w_tile_409_ce1          |  out|    1|   ap_memory|                                                       w_tile_409|         array|
|w_tile_409_we1          |  out|    1|   ap_memory|                                                       w_tile_409|         array|
|w_tile_409_d1           |  out|   16|   ap_memory|                                                       w_tile_409|         array|
|w_tile_408_address1     |  out|    7|   ap_memory|                                                       w_tile_408|         array|
|w_tile_408_ce1          |  out|    1|   ap_memory|                                                       w_tile_408|         array|
|w_tile_408_we1          |  out|    1|   ap_memory|                                                       w_tile_408|         array|
|w_tile_408_d1           |  out|   16|   ap_memory|                                                       w_tile_408|         array|
|w_tile_407_address1     |  out|    7|   ap_memory|                                                       w_tile_407|         array|
|w_tile_407_ce1          |  out|    1|   ap_memory|                                                       w_tile_407|         array|
|w_tile_407_we1          |  out|    1|   ap_memory|                                                       w_tile_407|         array|
|w_tile_407_d1           |  out|   16|   ap_memory|                                                       w_tile_407|         array|
|w_tile_406_address1     |  out|    7|   ap_memory|                                                       w_tile_406|         array|
|w_tile_406_ce1          |  out|    1|   ap_memory|                                                       w_tile_406|         array|
|w_tile_406_we1          |  out|    1|   ap_memory|                                                       w_tile_406|         array|
|w_tile_406_d1           |  out|   16|   ap_memory|                                                       w_tile_406|         array|
|w_tile_405_address1     |  out|    7|   ap_memory|                                                       w_tile_405|         array|
|w_tile_405_ce1          |  out|    1|   ap_memory|                                                       w_tile_405|         array|
|w_tile_405_we1          |  out|    1|   ap_memory|                                                       w_tile_405|         array|
|w_tile_405_d1           |  out|   16|   ap_memory|                                                       w_tile_405|         array|
|w_tile_404_address1     |  out|    7|   ap_memory|                                                       w_tile_404|         array|
|w_tile_404_ce1          |  out|    1|   ap_memory|                                                       w_tile_404|         array|
|w_tile_404_we1          |  out|    1|   ap_memory|                                                       w_tile_404|         array|
|w_tile_404_d1           |  out|   16|   ap_memory|                                                       w_tile_404|         array|
|w_tile_403_address1     |  out|    7|   ap_memory|                                                       w_tile_403|         array|
|w_tile_403_ce1          |  out|    1|   ap_memory|                                                       w_tile_403|         array|
|w_tile_403_we1          |  out|    1|   ap_memory|                                                       w_tile_403|         array|
|w_tile_403_d1           |  out|   16|   ap_memory|                                                       w_tile_403|         array|
|w_tile_402_address1     |  out|    7|   ap_memory|                                                       w_tile_402|         array|
|w_tile_402_ce1          |  out|    1|   ap_memory|                                                       w_tile_402|         array|
|w_tile_402_we1          |  out|    1|   ap_memory|                                                       w_tile_402|         array|
|w_tile_402_d1           |  out|   16|   ap_memory|                                                       w_tile_402|         array|
|w_tile_401_address1     |  out|    7|   ap_memory|                                                       w_tile_401|         array|
|w_tile_401_ce1          |  out|    1|   ap_memory|                                                       w_tile_401|         array|
|w_tile_401_we1          |  out|    1|   ap_memory|                                                       w_tile_401|         array|
|w_tile_401_d1           |  out|   16|   ap_memory|                                                       w_tile_401|         array|
|w_tile_400_address1     |  out|    7|   ap_memory|                                                       w_tile_400|         array|
|w_tile_400_ce1          |  out|    1|   ap_memory|                                                       w_tile_400|         array|
|w_tile_400_we1          |  out|    1|   ap_memory|                                                       w_tile_400|         array|
|w_tile_400_d1           |  out|   16|   ap_memory|                                                       w_tile_400|         array|
|w_tile_399_address1     |  out|    7|   ap_memory|                                                       w_tile_399|         array|
|w_tile_399_ce1          |  out|    1|   ap_memory|                                                       w_tile_399|         array|
|w_tile_399_we1          |  out|    1|   ap_memory|                                                       w_tile_399|         array|
|w_tile_399_d1           |  out|   16|   ap_memory|                                                       w_tile_399|         array|
|w_tile_398_address1     |  out|    7|   ap_memory|                                                       w_tile_398|         array|
|w_tile_398_ce1          |  out|    1|   ap_memory|                                                       w_tile_398|         array|
|w_tile_398_we1          |  out|    1|   ap_memory|                                                       w_tile_398|         array|
|w_tile_398_d1           |  out|   16|   ap_memory|                                                       w_tile_398|         array|
|w_tile_397_address1     |  out|    7|   ap_memory|                                                       w_tile_397|         array|
|w_tile_397_ce1          |  out|    1|   ap_memory|                                                       w_tile_397|         array|
|w_tile_397_we1          |  out|    1|   ap_memory|                                                       w_tile_397|         array|
|w_tile_397_d1           |  out|   16|   ap_memory|                                                       w_tile_397|         array|
|w_tile_396_address1     |  out|    7|   ap_memory|                                                       w_tile_396|         array|
|w_tile_396_ce1          |  out|    1|   ap_memory|                                                       w_tile_396|         array|
|w_tile_396_we1          |  out|    1|   ap_memory|                                                       w_tile_396|         array|
|w_tile_396_d1           |  out|   16|   ap_memory|                                                       w_tile_396|         array|
|w_tile_395_address1     |  out|    7|   ap_memory|                                                       w_tile_395|         array|
|w_tile_395_ce1          |  out|    1|   ap_memory|                                                       w_tile_395|         array|
|w_tile_395_we1          |  out|    1|   ap_memory|                                                       w_tile_395|         array|
|w_tile_395_d1           |  out|   16|   ap_memory|                                                       w_tile_395|         array|
|w_tile_394_address1     |  out|    7|   ap_memory|                                                       w_tile_394|         array|
|w_tile_394_ce1          |  out|    1|   ap_memory|                                                       w_tile_394|         array|
|w_tile_394_we1          |  out|    1|   ap_memory|                                                       w_tile_394|         array|
|w_tile_394_d1           |  out|   16|   ap_memory|                                                       w_tile_394|         array|
|w_tile_393_address1     |  out|    7|   ap_memory|                                                       w_tile_393|         array|
|w_tile_393_ce1          |  out|    1|   ap_memory|                                                       w_tile_393|         array|
|w_tile_393_we1          |  out|    1|   ap_memory|                                                       w_tile_393|         array|
|w_tile_393_d1           |  out|   16|   ap_memory|                                                       w_tile_393|         array|
|w_tile_392_address1     |  out|    7|   ap_memory|                                                       w_tile_392|         array|
|w_tile_392_ce1          |  out|    1|   ap_memory|                                                       w_tile_392|         array|
|w_tile_392_we1          |  out|    1|   ap_memory|                                                       w_tile_392|         array|
|w_tile_392_d1           |  out|   16|   ap_memory|                                                       w_tile_392|         array|
|w_tile_391_address1     |  out|    7|   ap_memory|                                                       w_tile_391|         array|
|w_tile_391_ce1          |  out|    1|   ap_memory|                                                       w_tile_391|         array|
|w_tile_391_we1          |  out|    1|   ap_memory|                                                       w_tile_391|         array|
|w_tile_391_d1           |  out|   16|   ap_memory|                                                       w_tile_391|         array|
|w_tile_390_address1     |  out|    7|   ap_memory|                                                       w_tile_390|         array|
|w_tile_390_ce1          |  out|    1|   ap_memory|                                                       w_tile_390|         array|
|w_tile_390_we1          |  out|    1|   ap_memory|                                                       w_tile_390|         array|
|w_tile_390_d1           |  out|   16|   ap_memory|                                                       w_tile_390|         array|
|w_tile_389_address1     |  out|    7|   ap_memory|                                                       w_tile_389|         array|
|w_tile_389_ce1          |  out|    1|   ap_memory|                                                       w_tile_389|         array|
|w_tile_389_we1          |  out|    1|   ap_memory|                                                       w_tile_389|         array|
|w_tile_389_d1           |  out|   16|   ap_memory|                                                       w_tile_389|         array|
|w_tile_388_address1     |  out|    7|   ap_memory|                                                       w_tile_388|         array|
|w_tile_388_ce1          |  out|    1|   ap_memory|                                                       w_tile_388|         array|
|w_tile_388_we1          |  out|    1|   ap_memory|                                                       w_tile_388|         array|
|w_tile_388_d1           |  out|   16|   ap_memory|                                                       w_tile_388|         array|
|w_tile_387_address1     |  out|    7|   ap_memory|                                                       w_tile_387|         array|
|w_tile_387_ce1          |  out|    1|   ap_memory|                                                       w_tile_387|         array|
|w_tile_387_we1          |  out|    1|   ap_memory|                                                       w_tile_387|         array|
|w_tile_387_d1           |  out|   16|   ap_memory|                                                       w_tile_387|         array|
|w_tile_386_address1     |  out|    7|   ap_memory|                                                       w_tile_386|         array|
|w_tile_386_ce1          |  out|    1|   ap_memory|                                                       w_tile_386|         array|
|w_tile_386_we1          |  out|    1|   ap_memory|                                                       w_tile_386|         array|
|w_tile_386_d1           |  out|   16|   ap_memory|                                                       w_tile_386|         array|
|w_tile_385_address1     |  out|    7|   ap_memory|                                                       w_tile_385|         array|
|w_tile_385_ce1          |  out|    1|   ap_memory|                                                       w_tile_385|         array|
|w_tile_385_we1          |  out|    1|   ap_memory|                                                       w_tile_385|         array|
|w_tile_385_d1           |  out|   16|   ap_memory|                                                       w_tile_385|         array|
|w_tile_384_address1     |  out|    7|   ap_memory|                                                       w_tile_384|         array|
|w_tile_384_ce1          |  out|    1|   ap_memory|                                                       w_tile_384|         array|
|w_tile_384_we1          |  out|    1|   ap_memory|                                                       w_tile_384|         array|
|w_tile_384_d1           |  out|   16|   ap_memory|                                                       w_tile_384|         array|
|w_tile_383_address1     |  out|    7|   ap_memory|                                                       w_tile_383|         array|
|w_tile_383_ce1          |  out|    1|   ap_memory|                                                       w_tile_383|         array|
|w_tile_383_we1          |  out|    1|   ap_memory|                                                       w_tile_383|         array|
|w_tile_383_d1           |  out|   16|   ap_memory|                                                       w_tile_383|         array|
|w_tile_382_address1     |  out|    7|   ap_memory|                                                       w_tile_382|         array|
|w_tile_382_ce1          |  out|    1|   ap_memory|                                                       w_tile_382|         array|
|w_tile_382_we1          |  out|    1|   ap_memory|                                                       w_tile_382|         array|
|w_tile_382_d1           |  out|   16|   ap_memory|                                                       w_tile_382|         array|
|w_tile_381_address1     |  out|    7|   ap_memory|                                                       w_tile_381|         array|
|w_tile_381_ce1          |  out|    1|   ap_memory|                                                       w_tile_381|         array|
|w_tile_381_we1          |  out|    1|   ap_memory|                                                       w_tile_381|         array|
|w_tile_381_d1           |  out|   16|   ap_memory|                                                       w_tile_381|         array|
|w_tile_380_address1     |  out|    7|   ap_memory|                                                       w_tile_380|         array|
|w_tile_380_ce1          |  out|    1|   ap_memory|                                                       w_tile_380|         array|
|w_tile_380_we1          |  out|    1|   ap_memory|                                                       w_tile_380|         array|
|w_tile_380_d1           |  out|   16|   ap_memory|                                                       w_tile_380|         array|
|w_tile_379_address1     |  out|    7|   ap_memory|                                                       w_tile_379|         array|
|w_tile_379_ce1          |  out|    1|   ap_memory|                                                       w_tile_379|         array|
|w_tile_379_we1          |  out|    1|   ap_memory|                                                       w_tile_379|         array|
|w_tile_379_d1           |  out|   16|   ap_memory|                                                       w_tile_379|         array|
|w_tile_378_address1     |  out|    7|   ap_memory|                                                       w_tile_378|         array|
|w_tile_378_ce1          |  out|    1|   ap_memory|                                                       w_tile_378|         array|
|w_tile_378_we1          |  out|    1|   ap_memory|                                                       w_tile_378|         array|
|w_tile_378_d1           |  out|   16|   ap_memory|                                                       w_tile_378|         array|
|w_tile_377_address1     |  out|    7|   ap_memory|                                                       w_tile_377|         array|
|w_tile_377_ce1          |  out|    1|   ap_memory|                                                       w_tile_377|         array|
|w_tile_377_we1          |  out|    1|   ap_memory|                                                       w_tile_377|         array|
|w_tile_377_d1           |  out|   16|   ap_memory|                                                       w_tile_377|         array|
|w_tile_376_address1     |  out|    7|   ap_memory|                                                       w_tile_376|         array|
|w_tile_376_ce1          |  out|    1|   ap_memory|                                                       w_tile_376|         array|
|w_tile_376_we1          |  out|    1|   ap_memory|                                                       w_tile_376|         array|
|w_tile_376_d1           |  out|   16|   ap_memory|                                                       w_tile_376|         array|
|w_tile_375_address1     |  out|    7|   ap_memory|                                                       w_tile_375|         array|
|w_tile_375_ce1          |  out|    1|   ap_memory|                                                       w_tile_375|         array|
|w_tile_375_we1          |  out|    1|   ap_memory|                                                       w_tile_375|         array|
|w_tile_375_d1           |  out|   16|   ap_memory|                                                       w_tile_375|         array|
|w_tile_374_address1     |  out|    7|   ap_memory|                                                       w_tile_374|         array|
|w_tile_374_ce1          |  out|    1|   ap_memory|                                                       w_tile_374|         array|
|w_tile_374_we1          |  out|    1|   ap_memory|                                                       w_tile_374|         array|
|w_tile_374_d1           |  out|   16|   ap_memory|                                                       w_tile_374|         array|
|w_tile_373_address1     |  out|    7|   ap_memory|                                                       w_tile_373|         array|
|w_tile_373_ce1          |  out|    1|   ap_memory|                                                       w_tile_373|         array|
|w_tile_373_we1          |  out|    1|   ap_memory|                                                       w_tile_373|         array|
|w_tile_373_d1           |  out|   16|   ap_memory|                                                       w_tile_373|         array|
|w_tile_372_address1     |  out|    7|   ap_memory|                                                       w_tile_372|         array|
|w_tile_372_ce1          |  out|    1|   ap_memory|                                                       w_tile_372|         array|
|w_tile_372_we1          |  out|    1|   ap_memory|                                                       w_tile_372|         array|
|w_tile_372_d1           |  out|   16|   ap_memory|                                                       w_tile_372|         array|
|w_tile_371_address1     |  out|    7|   ap_memory|                                                       w_tile_371|         array|
|w_tile_371_ce1          |  out|    1|   ap_memory|                                                       w_tile_371|         array|
|w_tile_371_we1          |  out|    1|   ap_memory|                                                       w_tile_371|         array|
|w_tile_371_d1           |  out|   16|   ap_memory|                                                       w_tile_371|         array|
|w_tile_370_address1     |  out|    7|   ap_memory|                                                       w_tile_370|         array|
|w_tile_370_ce1          |  out|    1|   ap_memory|                                                       w_tile_370|         array|
|w_tile_370_we1          |  out|    1|   ap_memory|                                                       w_tile_370|         array|
|w_tile_370_d1           |  out|   16|   ap_memory|                                                       w_tile_370|         array|
|w_tile_369_address1     |  out|    7|   ap_memory|                                                       w_tile_369|         array|
|w_tile_369_ce1          |  out|    1|   ap_memory|                                                       w_tile_369|         array|
|w_tile_369_we1          |  out|    1|   ap_memory|                                                       w_tile_369|         array|
|w_tile_369_d1           |  out|   16|   ap_memory|                                                       w_tile_369|         array|
|w_tile_368_address1     |  out|    7|   ap_memory|                                                       w_tile_368|         array|
|w_tile_368_ce1          |  out|    1|   ap_memory|                                                       w_tile_368|         array|
|w_tile_368_we1          |  out|    1|   ap_memory|                                                       w_tile_368|         array|
|w_tile_368_d1           |  out|   16|   ap_memory|                                                       w_tile_368|         array|
|w_tile_367_address1     |  out|    7|   ap_memory|                                                       w_tile_367|         array|
|w_tile_367_ce1          |  out|    1|   ap_memory|                                                       w_tile_367|         array|
|w_tile_367_we1          |  out|    1|   ap_memory|                                                       w_tile_367|         array|
|w_tile_367_d1           |  out|   16|   ap_memory|                                                       w_tile_367|         array|
|w_tile_366_address1     |  out|    7|   ap_memory|                                                       w_tile_366|         array|
|w_tile_366_ce1          |  out|    1|   ap_memory|                                                       w_tile_366|         array|
|w_tile_366_we1          |  out|    1|   ap_memory|                                                       w_tile_366|         array|
|w_tile_366_d1           |  out|   16|   ap_memory|                                                       w_tile_366|         array|
|w_tile_365_address1     |  out|    7|   ap_memory|                                                       w_tile_365|         array|
|w_tile_365_ce1          |  out|    1|   ap_memory|                                                       w_tile_365|         array|
|w_tile_365_we1          |  out|    1|   ap_memory|                                                       w_tile_365|         array|
|w_tile_365_d1           |  out|   16|   ap_memory|                                                       w_tile_365|         array|
|w_tile_364_address1     |  out|    7|   ap_memory|                                                       w_tile_364|         array|
|w_tile_364_ce1          |  out|    1|   ap_memory|                                                       w_tile_364|         array|
|w_tile_364_we1          |  out|    1|   ap_memory|                                                       w_tile_364|         array|
|w_tile_364_d1           |  out|   16|   ap_memory|                                                       w_tile_364|         array|
|w_tile_363_address1     |  out|    7|   ap_memory|                                                       w_tile_363|         array|
|w_tile_363_ce1          |  out|    1|   ap_memory|                                                       w_tile_363|         array|
|w_tile_363_we1          |  out|    1|   ap_memory|                                                       w_tile_363|         array|
|w_tile_363_d1           |  out|   16|   ap_memory|                                                       w_tile_363|         array|
|w_tile_362_address1     |  out|    7|   ap_memory|                                                       w_tile_362|         array|
|w_tile_362_ce1          |  out|    1|   ap_memory|                                                       w_tile_362|         array|
|w_tile_362_we1          |  out|    1|   ap_memory|                                                       w_tile_362|         array|
|w_tile_362_d1           |  out|   16|   ap_memory|                                                       w_tile_362|         array|
|w_tile_361_address1     |  out|    7|   ap_memory|                                                       w_tile_361|         array|
|w_tile_361_ce1          |  out|    1|   ap_memory|                                                       w_tile_361|         array|
|w_tile_361_we1          |  out|    1|   ap_memory|                                                       w_tile_361|         array|
|w_tile_361_d1           |  out|   16|   ap_memory|                                                       w_tile_361|         array|
|w_tile_360_address1     |  out|    7|   ap_memory|                                                       w_tile_360|         array|
|w_tile_360_ce1          |  out|    1|   ap_memory|                                                       w_tile_360|         array|
|w_tile_360_we1          |  out|    1|   ap_memory|                                                       w_tile_360|         array|
|w_tile_360_d1           |  out|   16|   ap_memory|                                                       w_tile_360|         array|
|w_tile_359_address1     |  out|    7|   ap_memory|                                                       w_tile_359|         array|
|w_tile_359_ce1          |  out|    1|   ap_memory|                                                       w_tile_359|         array|
|w_tile_359_we1          |  out|    1|   ap_memory|                                                       w_tile_359|         array|
|w_tile_359_d1           |  out|   16|   ap_memory|                                                       w_tile_359|         array|
|w_tile_358_address1     |  out|    7|   ap_memory|                                                       w_tile_358|         array|
|w_tile_358_ce1          |  out|    1|   ap_memory|                                                       w_tile_358|         array|
|w_tile_358_we1          |  out|    1|   ap_memory|                                                       w_tile_358|         array|
|w_tile_358_d1           |  out|   16|   ap_memory|                                                       w_tile_358|         array|
|w_tile_357_address1     |  out|    7|   ap_memory|                                                       w_tile_357|         array|
|w_tile_357_ce1          |  out|    1|   ap_memory|                                                       w_tile_357|         array|
|w_tile_357_we1          |  out|    1|   ap_memory|                                                       w_tile_357|         array|
|w_tile_357_d1           |  out|   16|   ap_memory|                                                       w_tile_357|         array|
|w_tile_356_address1     |  out|    7|   ap_memory|                                                       w_tile_356|         array|
|w_tile_356_ce1          |  out|    1|   ap_memory|                                                       w_tile_356|         array|
|w_tile_356_we1          |  out|    1|   ap_memory|                                                       w_tile_356|         array|
|w_tile_356_d1           |  out|   16|   ap_memory|                                                       w_tile_356|         array|
|w_tile_355_address1     |  out|    7|   ap_memory|                                                       w_tile_355|         array|
|w_tile_355_ce1          |  out|    1|   ap_memory|                                                       w_tile_355|         array|
|w_tile_355_we1          |  out|    1|   ap_memory|                                                       w_tile_355|         array|
|w_tile_355_d1           |  out|   16|   ap_memory|                                                       w_tile_355|         array|
|w_tile_354_address1     |  out|    7|   ap_memory|                                                       w_tile_354|         array|
|w_tile_354_ce1          |  out|    1|   ap_memory|                                                       w_tile_354|         array|
|w_tile_354_we1          |  out|    1|   ap_memory|                                                       w_tile_354|         array|
|w_tile_354_d1           |  out|   16|   ap_memory|                                                       w_tile_354|         array|
|w_tile_353_address1     |  out|    7|   ap_memory|                                                       w_tile_353|         array|
|w_tile_353_ce1          |  out|    1|   ap_memory|                                                       w_tile_353|         array|
|w_tile_353_we1          |  out|    1|   ap_memory|                                                       w_tile_353|         array|
|w_tile_353_d1           |  out|   16|   ap_memory|                                                       w_tile_353|         array|
|w_tile_352_address1     |  out|    7|   ap_memory|                                                       w_tile_352|         array|
|w_tile_352_ce1          |  out|    1|   ap_memory|                                                       w_tile_352|         array|
|w_tile_352_we1          |  out|    1|   ap_memory|                                                       w_tile_352|         array|
|w_tile_352_d1           |  out|   16|   ap_memory|                                                       w_tile_352|         array|
|w_tile_351_address1     |  out|    7|   ap_memory|                                                       w_tile_351|         array|
|w_tile_351_ce1          |  out|    1|   ap_memory|                                                       w_tile_351|         array|
|w_tile_351_we1          |  out|    1|   ap_memory|                                                       w_tile_351|         array|
|w_tile_351_d1           |  out|   16|   ap_memory|                                                       w_tile_351|         array|
|w_tile_350_address1     |  out|    7|   ap_memory|                                                       w_tile_350|         array|
|w_tile_350_ce1          |  out|    1|   ap_memory|                                                       w_tile_350|         array|
|w_tile_350_we1          |  out|    1|   ap_memory|                                                       w_tile_350|         array|
|w_tile_350_d1           |  out|   16|   ap_memory|                                                       w_tile_350|         array|
|w_tile_349_address1     |  out|    7|   ap_memory|                                                       w_tile_349|         array|
|w_tile_349_ce1          |  out|    1|   ap_memory|                                                       w_tile_349|         array|
|w_tile_349_we1          |  out|    1|   ap_memory|                                                       w_tile_349|         array|
|w_tile_349_d1           |  out|   16|   ap_memory|                                                       w_tile_349|         array|
|w_tile_348_address1     |  out|    7|   ap_memory|                                                       w_tile_348|         array|
|w_tile_348_ce1          |  out|    1|   ap_memory|                                                       w_tile_348|         array|
|w_tile_348_we1          |  out|    1|   ap_memory|                                                       w_tile_348|         array|
|w_tile_348_d1           |  out|   16|   ap_memory|                                                       w_tile_348|         array|
|w_tile_347_address1     |  out|    7|   ap_memory|                                                       w_tile_347|         array|
|w_tile_347_ce1          |  out|    1|   ap_memory|                                                       w_tile_347|         array|
|w_tile_347_we1          |  out|    1|   ap_memory|                                                       w_tile_347|         array|
|w_tile_347_d1           |  out|   16|   ap_memory|                                                       w_tile_347|         array|
|w_tile_346_address1     |  out|    7|   ap_memory|                                                       w_tile_346|         array|
|w_tile_346_ce1          |  out|    1|   ap_memory|                                                       w_tile_346|         array|
|w_tile_346_we1          |  out|    1|   ap_memory|                                                       w_tile_346|         array|
|w_tile_346_d1           |  out|   16|   ap_memory|                                                       w_tile_346|         array|
|w_tile_345_address1     |  out|    7|   ap_memory|                                                       w_tile_345|         array|
|w_tile_345_ce1          |  out|    1|   ap_memory|                                                       w_tile_345|         array|
|w_tile_345_we1          |  out|    1|   ap_memory|                                                       w_tile_345|         array|
|w_tile_345_d1           |  out|   16|   ap_memory|                                                       w_tile_345|         array|
|w_tile_344_address1     |  out|    7|   ap_memory|                                                       w_tile_344|         array|
|w_tile_344_ce1          |  out|    1|   ap_memory|                                                       w_tile_344|         array|
|w_tile_344_we1          |  out|    1|   ap_memory|                                                       w_tile_344|         array|
|w_tile_344_d1           |  out|   16|   ap_memory|                                                       w_tile_344|         array|
|w_tile_343_address1     |  out|    7|   ap_memory|                                                       w_tile_343|         array|
|w_tile_343_ce1          |  out|    1|   ap_memory|                                                       w_tile_343|         array|
|w_tile_343_we1          |  out|    1|   ap_memory|                                                       w_tile_343|         array|
|w_tile_343_d1           |  out|   16|   ap_memory|                                                       w_tile_343|         array|
|w_tile_342_address1     |  out|    7|   ap_memory|                                                       w_tile_342|         array|
|w_tile_342_ce1          |  out|    1|   ap_memory|                                                       w_tile_342|         array|
|w_tile_342_we1          |  out|    1|   ap_memory|                                                       w_tile_342|         array|
|w_tile_342_d1           |  out|   16|   ap_memory|                                                       w_tile_342|         array|
|w_tile_341_address1     |  out|    7|   ap_memory|                                                       w_tile_341|         array|
|w_tile_341_ce1          |  out|    1|   ap_memory|                                                       w_tile_341|         array|
|w_tile_341_we1          |  out|    1|   ap_memory|                                                       w_tile_341|         array|
|w_tile_341_d1           |  out|   16|   ap_memory|                                                       w_tile_341|         array|
|w_tile_340_address1     |  out|    7|   ap_memory|                                                       w_tile_340|         array|
|w_tile_340_ce1          |  out|    1|   ap_memory|                                                       w_tile_340|         array|
|w_tile_340_we1          |  out|    1|   ap_memory|                                                       w_tile_340|         array|
|w_tile_340_d1           |  out|   16|   ap_memory|                                                       w_tile_340|         array|
|w_tile_339_address1     |  out|    7|   ap_memory|                                                       w_tile_339|         array|
|w_tile_339_ce1          |  out|    1|   ap_memory|                                                       w_tile_339|         array|
|w_tile_339_we1          |  out|    1|   ap_memory|                                                       w_tile_339|         array|
|w_tile_339_d1           |  out|   16|   ap_memory|                                                       w_tile_339|         array|
|w_tile_338_address1     |  out|    7|   ap_memory|                                                       w_tile_338|         array|
|w_tile_338_ce1          |  out|    1|   ap_memory|                                                       w_tile_338|         array|
|w_tile_338_we1          |  out|    1|   ap_memory|                                                       w_tile_338|         array|
|w_tile_338_d1           |  out|   16|   ap_memory|                                                       w_tile_338|         array|
|w_tile_337_address1     |  out|    7|   ap_memory|                                                       w_tile_337|         array|
|w_tile_337_ce1          |  out|    1|   ap_memory|                                                       w_tile_337|         array|
|w_tile_337_we1          |  out|    1|   ap_memory|                                                       w_tile_337|         array|
|w_tile_337_d1           |  out|   16|   ap_memory|                                                       w_tile_337|         array|
|w_tile_336_address1     |  out|    7|   ap_memory|                                                       w_tile_336|         array|
|w_tile_336_ce1          |  out|    1|   ap_memory|                                                       w_tile_336|         array|
|w_tile_336_we1          |  out|    1|   ap_memory|                                                       w_tile_336|         array|
|w_tile_336_d1           |  out|   16|   ap_memory|                                                       w_tile_336|         array|
|w_tile_335_address1     |  out|    7|   ap_memory|                                                       w_tile_335|         array|
|w_tile_335_ce1          |  out|    1|   ap_memory|                                                       w_tile_335|         array|
|w_tile_335_we1          |  out|    1|   ap_memory|                                                       w_tile_335|         array|
|w_tile_335_d1           |  out|   16|   ap_memory|                                                       w_tile_335|         array|
|w_tile_334_address1     |  out|    7|   ap_memory|                                                       w_tile_334|         array|
|w_tile_334_ce1          |  out|    1|   ap_memory|                                                       w_tile_334|         array|
|w_tile_334_we1          |  out|    1|   ap_memory|                                                       w_tile_334|         array|
|w_tile_334_d1           |  out|   16|   ap_memory|                                                       w_tile_334|         array|
|w_tile_333_address1     |  out|    7|   ap_memory|                                                       w_tile_333|         array|
|w_tile_333_ce1          |  out|    1|   ap_memory|                                                       w_tile_333|         array|
|w_tile_333_we1          |  out|    1|   ap_memory|                                                       w_tile_333|         array|
|w_tile_333_d1           |  out|   16|   ap_memory|                                                       w_tile_333|         array|
|w_tile_332_address1     |  out|    7|   ap_memory|                                                       w_tile_332|         array|
|w_tile_332_ce1          |  out|    1|   ap_memory|                                                       w_tile_332|         array|
|w_tile_332_we1          |  out|    1|   ap_memory|                                                       w_tile_332|         array|
|w_tile_332_d1           |  out|   16|   ap_memory|                                                       w_tile_332|         array|
|w_tile_331_address1     |  out|    7|   ap_memory|                                                       w_tile_331|         array|
|w_tile_331_ce1          |  out|    1|   ap_memory|                                                       w_tile_331|         array|
|w_tile_331_we1          |  out|    1|   ap_memory|                                                       w_tile_331|         array|
|w_tile_331_d1           |  out|   16|   ap_memory|                                                       w_tile_331|         array|
|w_tile_330_address1     |  out|    7|   ap_memory|                                                       w_tile_330|         array|
|w_tile_330_ce1          |  out|    1|   ap_memory|                                                       w_tile_330|         array|
|w_tile_330_we1          |  out|    1|   ap_memory|                                                       w_tile_330|         array|
|w_tile_330_d1           |  out|   16|   ap_memory|                                                       w_tile_330|         array|
|w_tile_329_address1     |  out|    7|   ap_memory|                                                       w_tile_329|         array|
|w_tile_329_ce1          |  out|    1|   ap_memory|                                                       w_tile_329|         array|
|w_tile_329_we1          |  out|    1|   ap_memory|                                                       w_tile_329|         array|
|w_tile_329_d1           |  out|   16|   ap_memory|                                                       w_tile_329|         array|
|w_tile_328_address1     |  out|    7|   ap_memory|                                                       w_tile_328|         array|
|w_tile_328_ce1          |  out|    1|   ap_memory|                                                       w_tile_328|         array|
|w_tile_328_we1          |  out|    1|   ap_memory|                                                       w_tile_328|         array|
|w_tile_328_d1           |  out|   16|   ap_memory|                                                       w_tile_328|         array|
|w_tile_327_address1     |  out|    7|   ap_memory|                                                       w_tile_327|         array|
|w_tile_327_ce1          |  out|    1|   ap_memory|                                                       w_tile_327|         array|
|w_tile_327_we1          |  out|    1|   ap_memory|                                                       w_tile_327|         array|
|w_tile_327_d1           |  out|   16|   ap_memory|                                                       w_tile_327|         array|
|w_tile_326_address1     |  out|    7|   ap_memory|                                                       w_tile_326|         array|
|w_tile_326_ce1          |  out|    1|   ap_memory|                                                       w_tile_326|         array|
|w_tile_326_we1          |  out|    1|   ap_memory|                                                       w_tile_326|         array|
|w_tile_326_d1           |  out|   16|   ap_memory|                                                       w_tile_326|         array|
|w_tile_325_address1     |  out|    7|   ap_memory|                                                       w_tile_325|         array|
|w_tile_325_ce1          |  out|    1|   ap_memory|                                                       w_tile_325|         array|
|w_tile_325_we1          |  out|    1|   ap_memory|                                                       w_tile_325|         array|
|w_tile_325_d1           |  out|   16|   ap_memory|                                                       w_tile_325|         array|
|w_tile_324_address1     |  out|    7|   ap_memory|                                                       w_tile_324|         array|
|w_tile_324_ce1          |  out|    1|   ap_memory|                                                       w_tile_324|         array|
|w_tile_324_we1          |  out|    1|   ap_memory|                                                       w_tile_324|         array|
|w_tile_324_d1           |  out|   16|   ap_memory|                                                       w_tile_324|         array|
|w_tile_323_address1     |  out|    7|   ap_memory|                                                       w_tile_323|         array|
|w_tile_323_ce1          |  out|    1|   ap_memory|                                                       w_tile_323|         array|
|w_tile_323_we1          |  out|    1|   ap_memory|                                                       w_tile_323|         array|
|w_tile_323_d1           |  out|   16|   ap_memory|                                                       w_tile_323|         array|
|w_tile_322_address1     |  out|    7|   ap_memory|                                                       w_tile_322|         array|
|w_tile_322_ce1          |  out|    1|   ap_memory|                                                       w_tile_322|         array|
|w_tile_322_we1          |  out|    1|   ap_memory|                                                       w_tile_322|         array|
|w_tile_322_d1           |  out|   16|   ap_memory|                                                       w_tile_322|         array|
|w_tile_321_address1     |  out|    7|   ap_memory|                                                       w_tile_321|         array|
|w_tile_321_ce1          |  out|    1|   ap_memory|                                                       w_tile_321|         array|
|w_tile_321_we1          |  out|    1|   ap_memory|                                                       w_tile_321|         array|
|w_tile_321_d1           |  out|   16|   ap_memory|                                                       w_tile_321|         array|
|w_tile_320_address1     |  out|    7|   ap_memory|                                                       w_tile_320|         array|
|w_tile_320_ce1          |  out|    1|   ap_memory|                                                       w_tile_320|         array|
|w_tile_320_we1          |  out|    1|   ap_memory|                                                       w_tile_320|         array|
|w_tile_320_d1           |  out|   16|   ap_memory|                                                       w_tile_320|         array|
|w_tile_319_address1     |  out|    7|   ap_memory|                                                       w_tile_319|         array|
|w_tile_319_ce1          |  out|    1|   ap_memory|                                                       w_tile_319|         array|
|w_tile_319_we1          |  out|    1|   ap_memory|                                                       w_tile_319|         array|
|w_tile_319_d1           |  out|   16|   ap_memory|                                                       w_tile_319|         array|
|w_tile_318_address1     |  out|    7|   ap_memory|                                                       w_tile_318|         array|
|w_tile_318_ce1          |  out|    1|   ap_memory|                                                       w_tile_318|         array|
|w_tile_318_we1          |  out|    1|   ap_memory|                                                       w_tile_318|         array|
|w_tile_318_d1           |  out|   16|   ap_memory|                                                       w_tile_318|         array|
|w_tile_317_address1     |  out|    7|   ap_memory|                                                       w_tile_317|         array|
|w_tile_317_ce1          |  out|    1|   ap_memory|                                                       w_tile_317|         array|
|w_tile_317_we1          |  out|    1|   ap_memory|                                                       w_tile_317|         array|
|w_tile_317_d1           |  out|   16|   ap_memory|                                                       w_tile_317|         array|
|w_tile_316_address1     |  out|    7|   ap_memory|                                                       w_tile_316|         array|
|w_tile_316_ce1          |  out|    1|   ap_memory|                                                       w_tile_316|         array|
|w_tile_316_we1          |  out|    1|   ap_memory|                                                       w_tile_316|         array|
|w_tile_316_d1           |  out|   16|   ap_memory|                                                       w_tile_316|         array|
|w_tile_315_address1     |  out|    7|   ap_memory|                                                       w_tile_315|         array|
|w_tile_315_ce1          |  out|    1|   ap_memory|                                                       w_tile_315|         array|
|w_tile_315_we1          |  out|    1|   ap_memory|                                                       w_tile_315|         array|
|w_tile_315_d1           |  out|   16|   ap_memory|                                                       w_tile_315|         array|
|w_tile_314_address1     |  out|    7|   ap_memory|                                                       w_tile_314|         array|
|w_tile_314_ce1          |  out|    1|   ap_memory|                                                       w_tile_314|         array|
|w_tile_314_we1          |  out|    1|   ap_memory|                                                       w_tile_314|         array|
|w_tile_314_d1           |  out|   16|   ap_memory|                                                       w_tile_314|         array|
|w_tile_313_address1     |  out|    7|   ap_memory|                                                       w_tile_313|         array|
|w_tile_313_ce1          |  out|    1|   ap_memory|                                                       w_tile_313|         array|
|w_tile_313_we1          |  out|    1|   ap_memory|                                                       w_tile_313|         array|
|w_tile_313_d1           |  out|   16|   ap_memory|                                                       w_tile_313|         array|
|w_tile_312_address1     |  out|    7|   ap_memory|                                                       w_tile_312|         array|
|w_tile_312_ce1          |  out|    1|   ap_memory|                                                       w_tile_312|         array|
|w_tile_312_we1          |  out|    1|   ap_memory|                                                       w_tile_312|         array|
|w_tile_312_d1           |  out|   16|   ap_memory|                                                       w_tile_312|         array|
|w_tile_311_address1     |  out|    7|   ap_memory|                                                       w_tile_311|         array|
|w_tile_311_ce1          |  out|    1|   ap_memory|                                                       w_tile_311|         array|
|w_tile_311_we1          |  out|    1|   ap_memory|                                                       w_tile_311|         array|
|w_tile_311_d1           |  out|   16|   ap_memory|                                                       w_tile_311|         array|
|w_tile_310_address1     |  out|    7|   ap_memory|                                                       w_tile_310|         array|
|w_tile_310_ce1          |  out|    1|   ap_memory|                                                       w_tile_310|         array|
|w_tile_310_we1          |  out|    1|   ap_memory|                                                       w_tile_310|         array|
|w_tile_310_d1           |  out|   16|   ap_memory|                                                       w_tile_310|         array|
|w_tile_309_address1     |  out|    7|   ap_memory|                                                       w_tile_309|         array|
|w_tile_309_ce1          |  out|    1|   ap_memory|                                                       w_tile_309|         array|
|w_tile_309_we1          |  out|    1|   ap_memory|                                                       w_tile_309|         array|
|w_tile_309_d1           |  out|   16|   ap_memory|                                                       w_tile_309|         array|
|w_tile_308_address1     |  out|    7|   ap_memory|                                                       w_tile_308|         array|
|w_tile_308_ce1          |  out|    1|   ap_memory|                                                       w_tile_308|         array|
|w_tile_308_we1          |  out|    1|   ap_memory|                                                       w_tile_308|         array|
|w_tile_308_d1           |  out|   16|   ap_memory|                                                       w_tile_308|         array|
|w_tile_307_address1     |  out|    7|   ap_memory|                                                       w_tile_307|         array|
|w_tile_307_ce1          |  out|    1|   ap_memory|                                                       w_tile_307|         array|
|w_tile_307_we1          |  out|    1|   ap_memory|                                                       w_tile_307|         array|
|w_tile_307_d1           |  out|   16|   ap_memory|                                                       w_tile_307|         array|
|w_tile_306_address1     |  out|    7|   ap_memory|                                                       w_tile_306|         array|
|w_tile_306_ce1          |  out|    1|   ap_memory|                                                       w_tile_306|         array|
|w_tile_306_we1          |  out|    1|   ap_memory|                                                       w_tile_306|         array|
|w_tile_306_d1           |  out|   16|   ap_memory|                                                       w_tile_306|         array|
|w_tile_305_address1     |  out|    7|   ap_memory|                                                       w_tile_305|         array|
|w_tile_305_ce1          |  out|    1|   ap_memory|                                                       w_tile_305|         array|
|w_tile_305_we1          |  out|    1|   ap_memory|                                                       w_tile_305|         array|
|w_tile_305_d1           |  out|   16|   ap_memory|                                                       w_tile_305|         array|
|w_tile_304_address1     |  out|    7|   ap_memory|                                                       w_tile_304|         array|
|w_tile_304_ce1          |  out|    1|   ap_memory|                                                       w_tile_304|         array|
|w_tile_304_we1          |  out|    1|   ap_memory|                                                       w_tile_304|         array|
|w_tile_304_d1           |  out|   16|   ap_memory|                                                       w_tile_304|         array|
|w_tile_303_address1     |  out|    7|   ap_memory|                                                       w_tile_303|         array|
|w_tile_303_ce1          |  out|    1|   ap_memory|                                                       w_tile_303|         array|
|w_tile_303_we1          |  out|    1|   ap_memory|                                                       w_tile_303|         array|
|w_tile_303_d1           |  out|   16|   ap_memory|                                                       w_tile_303|         array|
|w_tile_302_address1     |  out|    7|   ap_memory|                                                       w_tile_302|         array|
|w_tile_302_ce1          |  out|    1|   ap_memory|                                                       w_tile_302|         array|
|w_tile_302_we1          |  out|    1|   ap_memory|                                                       w_tile_302|         array|
|w_tile_302_d1           |  out|   16|   ap_memory|                                                       w_tile_302|         array|
|w_tile_301_address1     |  out|    7|   ap_memory|                                                       w_tile_301|         array|
|w_tile_301_ce1          |  out|    1|   ap_memory|                                                       w_tile_301|         array|
|w_tile_301_we1          |  out|    1|   ap_memory|                                                       w_tile_301|         array|
|w_tile_301_d1           |  out|   16|   ap_memory|                                                       w_tile_301|         array|
|w_tile_300_address1     |  out|    7|   ap_memory|                                                       w_tile_300|         array|
|w_tile_300_ce1          |  out|    1|   ap_memory|                                                       w_tile_300|         array|
|w_tile_300_we1          |  out|    1|   ap_memory|                                                       w_tile_300|         array|
|w_tile_300_d1           |  out|   16|   ap_memory|                                                       w_tile_300|         array|
|w_tile_299_address1     |  out|    7|   ap_memory|                                                       w_tile_299|         array|
|w_tile_299_ce1          |  out|    1|   ap_memory|                                                       w_tile_299|         array|
|w_tile_299_we1          |  out|    1|   ap_memory|                                                       w_tile_299|         array|
|w_tile_299_d1           |  out|   16|   ap_memory|                                                       w_tile_299|         array|
|w_tile_298_address1     |  out|    7|   ap_memory|                                                       w_tile_298|         array|
|w_tile_298_ce1          |  out|    1|   ap_memory|                                                       w_tile_298|         array|
|w_tile_298_we1          |  out|    1|   ap_memory|                                                       w_tile_298|         array|
|w_tile_298_d1           |  out|   16|   ap_memory|                                                       w_tile_298|         array|
|w_tile_297_address1     |  out|    7|   ap_memory|                                                       w_tile_297|         array|
|w_tile_297_ce1          |  out|    1|   ap_memory|                                                       w_tile_297|         array|
|w_tile_297_we1          |  out|    1|   ap_memory|                                                       w_tile_297|         array|
|w_tile_297_d1           |  out|   16|   ap_memory|                                                       w_tile_297|         array|
|w_tile_296_address1     |  out|    7|   ap_memory|                                                       w_tile_296|         array|
|w_tile_296_ce1          |  out|    1|   ap_memory|                                                       w_tile_296|         array|
|w_tile_296_we1          |  out|    1|   ap_memory|                                                       w_tile_296|         array|
|w_tile_296_d1           |  out|   16|   ap_memory|                                                       w_tile_296|         array|
|w_tile_295_address1     |  out|    7|   ap_memory|                                                       w_tile_295|         array|
|w_tile_295_ce1          |  out|    1|   ap_memory|                                                       w_tile_295|         array|
|w_tile_295_we1          |  out|    1|   ap_memory|                                                       w_tile_295|         array|
|w_tile_295_d1           |  out|   16|   ap_memory|                                                       w_tile_295|         array|
|w_tile_294_address1     |  out|    7|   ap_memory|                                                       w_tile_294|         array|
|w_tile_294_ce1          |  out|    1|   ap_memory|                                                       w_tile_294|         array|
|w_tile_294_we1          |  out|    1|   ap_memory|                                                       w_tile_294|         array|
|w_tile_294_d1           |  out|   16|   ap_memory|                                                       w_tile_294|         array|
|w_tile_293_address1     |  out|    7|   ap_memory|                                                       w_tile_293|         array|
|w_tile_293_ce1          |  out|    1|   ap_memory|                                                       w_tile_293|         array|
|w_tile_293_we1          |  out|    1|   ap_memory|                                                       w_tile_293|         array|
|w_tile_293_d1           |  out|   16|   ap_memory|                                                       w_tile_293|         array|
|w_tile_292_address1     |  out|    7|   ap_memory|                                                       w_tile_292|         array|
|w_tile_292_ce1          |  out|    1|   ap_memory|                                                       w_tile_292|         array|
|w_tile_292_we1          |  out|    1|   ap_memory|                                                       w_tile_292|         array|
|w_tile_292_d1           |  out|   16|   ap_memory|                                                       w_tile_292|         array|
|w_tile_291_address1     |  out|    7|   ap_memory|                                                       w_tile_291|         array|
|w_tile_291_ce1          |  out|    1|   ap_memory|                                                       w_tile_291|         array|
|w_tile_291_we1          |  out|    1|   ap_memory|                                                       w_tile_291|         array|
|w_tile_291_d1           |  out|   16|   ap_memory|                                                       w_tile_291|         array|
|w_tile_290_address1     |  out|    7|   ap_memory|                                                       w_tile_290|         array|
|w_tile_290_ce1          |  out|    1|   ap_memory|                                                       w_tile_290|         array|
|w_tile_290_we1          |  out|    1|   ap_memory|                                                       w_tile_290|         array|
|w_tile_290_d1           |  out|   16|   ap_memory|                                                       w_tile_290|         array|
|w_tile_289_address1     |  out|    7|   ap_memory|                                                       w_tile_289|         array|
|w_tile_289_ce1          |  out|    1|   ap_memory|                                                       w_tile_289|         array|
|w_tile_289_we1          |  out|    1|   ap_memory|                                                       w_tile_289|         array|
|w_tile_289_d1           |  out|   16|   ap_memory|                                                       w_tile_289|         array|
|w_tile_288_address1     |  out|    7|   ap_memory|                                                       w_tile_288|         array|
|w_tile_288_ce1          |  out|    1|   ap_memory|                                                       w_tile_288|         array|
|w_tile_288_we1          |  out|    1|   ap_memory|                                                       w_tile_288|         array|
|w_tile_288_d1           |  out|   16|   ap_memory|                                                       w_tile_288|         array|
|w_tile_287_address1     |  out|    7|   ap_memory|                                                       w_tile_287|         array|
|w_tile_287_ce1          |  out|    1|   ap_memory|                                                       w_tile_287|         array|
|w_tile_287_we1          |  out|    1|   ap_memory|                                                       w_tile_287|         array|
|w_tile_287_d1           |  out|   16|   ap_memory|                                                       w_tile_287|         array|
|w_tile_286_address1     |  out|    7|   ap_memory|                                                       w_tile_286|         array|
|w_tile_286_ce1          |  out|    1|   ap_memory|                                                       w_tile_286|         array|
|w_tile_286_we1          |  out|    1|   ap_memory|                                                       w_tile_286|         array|
|w_tile_286_d1           |  out|   16|   ap_memory|                                                       w_tile_286|         array|
|w_tile_285_address1     |  out|    7|   ap_memory|                                                       w_tile_285|         array|
|w_tile_285_ce1          |  out|    1|   ap_memory|                                                       w_tile_285|         array|
|w_tile_285_we1          |  out|    1|   ap_memory|                                                       w_tile_285|         array|
|w_tile_285_d1           |  out|   16|   ap_memory|                                                       w_tile_285|         array|
|w_tile_284_address1     |  out|    7|   ap_memory|                                                       w_tile_284|         array|
|w_tile_284_ce1          |  out|    1|   ap_memory|                                                       w_tile_284|         array|
|w_tile_284_we1          |  out|    1|   ap_memory|                                                       w_tile_284|         array|
|w_tile_284_d1           |  out|   16|   ap_memory|                                                       w_tile_284|         array|
|w_tile_283_address1     |  out|    7|   ap_memory|                                                       w_tile_283|         array|
|w_tile_283_ce1          |  out|    1|   ap_memory|                                                       w_tile_283|         array|
|w_tile_283_we1          |  out|    1|   ap_memory|                                                       w_tile_283|         array|
|w_tile_283_d1           |  out|   16|   ap_memory|                                                       w_tile_283|         array|
|w_tile_282_address1     |  out|    7|   ap_memory|                                                       w_tile_282|         array|
|w_tile_282_ce1          |  out|    1|   ap_memory|                                                       w_tile_282|         array|
|w_tile_282_we1          |  out|    1|   ap_memory|                                                       w_tile_282|         array|
|w_tile_282_d1           |  out|   16|   ap_memory|                                                       w_tile_282|         array|
|w_tile_281_address1     |  out|    7|   ap_memory|                                                       w_tile_281|         array|
|w_tile_281_ce1          |  out|    1|   ap_memory|                                                       w_tile_281|         array|
|w_tile_281_we1          |  out|    1|   ap_memory|                                                       w_tile_281|         array|
|w_tile_281_d1           |  out|   16|   ap_memory|                                                       w_tile_281|         array|
|w_tile_280_address1     |  out|    7|   ap_memory|                                                       w_tile_280|         array|
|w_tile_280_ce1          |  out|    1|   ap_memory|                                                       w_tile_280|         array|
|w_tile_280_we1          |  out|    1|   ap_memory|                                                       w_tile_280|         array|
|w_tile_280_d1           |  out|   16|   ap_memory|                                                       w_tile_280|         array|
|w_tile_279_address1     |  out|    7|   ap_memory|                                                       w_tile_279|         array|
|w_tile_279_ce1          |  out|    1|   ap_memory|                                                       w_tile_279|         array|
|w_tile_279_we1          |  out|    1|   ap_memory|                                                       w_tile_279|         array|
|w_tile_279_d1           |  out|   16|   ap_memory|                                                       w_tile_279|         array|
|w_tile_278_address1     |  out|    7|   ap_memory|                                                       w_tile_278|         array|
|w_tile_278_ce1          |  out|    1|   ap_memory|                                                       w_tile_278|         array|
|w_tile_278_we1          |  out|    1|   ap_memory|                                                       w_tile_278|         array|
|w_tile_278_d1           |  out|   16|   ap_memory|                                                       w_tile_278|         array|
|w_tile_277_address1     |  out|    7|   ap_memory|                                                       w_tile_277|         array|
|w_tile_277_ce1          |  out|    1|   ap_memory|                                                       w_tile_277|         array|
|w_tile_277_we1          |  out|    1|   ap_memory|                                                       w_tile_277|         array|
|w_tile_277_d1           |  out|   16|   ap_memory|                                                       w_tile_277|         array|
|w_tile_276_address1     |  out|    7|   ap_memory|                                                       w_tile_276|         array|
|w_tile_276_ce1          |  out|    1|   ap_memory|                                                       w_tile_276|         array|
|w_tile_276_we1          |  out|    1|   ap_memory|                                                       w_tile_276|         array|
|w_tile_276_d1           |  out|   16|   ap_memory|                                                       w_tile_276|         array|
|w_tile_275_address1     |  out|    7|   ap_memory|                                                       w_tile_275|         array|
|w_tile_275_ce1          |  out|    1|   ap_memory|                                                       w_tile_275|         array|
|w_tile_275_we1          |  out|    1|   ap_memory|                                                       w_tile_275|         array|
|w_tile_275_d1           |  out|   16|   ap_memory|                                                       w_tile_275|         array|
|w_tile_274_address1     |  out|    7|   ap_memory|                                                       w_tile_274|         array|
|w_tile_274_ce1          |  out|    1|   ap_memory|                                                       w_tile_274|         array|
|w_tile_274_we1          |  out|    1|   ap_memory|                                                       w_tile_274|         array|
|w_tile_274_d1           |  out|   16|   ap_memory|                                                       w_tile_274|         array|
|w_tile_273_address1     |  out|    7|   ap_memory|                                                       w_tile_273|         array|
|w_tile_273_ce1          |  out|    1|   ap_memory|                                                       w_tile_273|         array|
|w_tile_273_we1          |  out|    1|   ap_memory|                                                       w_tile_273|         array|
|w_tile_273_d1           |  out|   16|   ap_memory|                                                       w_tile_273|         array|
|w_tile_272_address1     |  out|    7|   ap_memory|                                                       w_tile_272|         array|
|w_tile_272_ce1          |  out|    1|   ap_memory|                                                       w_tile_272|         array|
|w_tile_272_we1          |  out|    1|   ap_memory|                                                       w_tile_272|         array|
|w_tile_272_d1           |  out|   16|   ap_memory|                                                       w_tile_272|         array|
|w_tile_271_address1     |  out|    7|   ap_memory|                                                       w_tile_271|         array|
|w_tile_271_ce1          |  out|    1|   ap_memory|                                                       w_tile_271|         array|
|w_tile_271_we1          |  out|    1|   ap_memory|                                                       w_tile_271|         array|
|w_tile_271_d1           |  out|   16|   ap_memory|                                                       w_tile_271|         array|
|w_tile_270_address1     |  out|    7|   ap_memory|                                                       w_tile_270|         array|
|w_tile_270_ce1          |  out|    1|   ap_memory|                                                       w_tile_270|         array|
|w_tile_270_we1          |  out|    1|   ap_memory|                                                       w_tile_270|         array|
|w_tile_270_d1           |  out|   16|   ap_memory|                                                       w_tile_270|         array|
|w_tile_269_address1     |  out|    7|   ap_memory|                                                       w_tile_269|         array|
|w_tile_269_ce1          |  out|    1|   ap_memory|                                                       w_tile_269|         array|
|w_tile_269_we1          |  out|    1|   ap_memory|                                                       w_tile_269|         array|
|w_tile_269_d1           |  out|   16|   ap_memory|                                                       w_tile_269|         array|
|w_tile_268_address1     |  out|    7|   ap_memory|                                                       w_tile_268|         array|
|w_tile_268_ce1          |  out|    1|   ap_memory|                                                       w_tile_268|         array|
|w_tile_268_we1          |  out|    1|   ap_memory|                                                       w_tile_268|         array|
|w_tile_268_d1           |  out|   16|   ap_memory|                                                       w_tile_268|         array|
|w_tile_267_address1     |  out|    7|   ap_memory|                                                       w_tile_267|         array|
|w_tile_267_ce1          |  out|    1|   ap_memory|                                                       w_tile_267|         array|
|w_tile_267_we1          |  out|    1|   ap_memory|                                                       w_tile_267|         array|
|w_tile_267_d1           |  out|   16|   ap_memory|                                                       w_tile_267|         array|
|w_tile_266_address1     |  out|    7|   ap_memory|                                                       w_tile_266|         array|
|w_tile_266_ce1          |  out|    1|   ap_memory|                                                       w_tile_266|         array|
|w_tile_266_we1          |  out|    1|   ap_memory|                                                       w_tile_266|         array|
|w_tile_266_d1           |  out|   16|   ap_memory|                                                       w_tile_266|         array|
|w_tile_265_address1     |  out|    7|   ap_memory|                                                       w_tile_265|         array|
|w_tile_265_ce1          |  out|    1|   ap_memory|                                                       w_tile_265|         array|
|w_tile_265_we1          |  out|    1|   ap_memory|                                                       w_tile_265|         array|
|w_tile_265_d1           |  out|   16|   ap_memory|                                                       w_tile_265|         array|
|w_tile_264_address1     |  out|    7|   ap_memory|                                                       w_tile_264|         array|
|w_tile_264_ce1          |  out|    1|   ap_memory|                                                       w_tile_264|         array|
|w_tile_264_we1          |  out|    1|   ap_memory|                                                       w_tile_264|         array|
|w_tile_264_d1           |  out|   16|   ap_memory|                                                       w_tile_264|         array|
|w_tile_263_address1     |  out|    7|   ap_memory|                                                       w_tile_263|         array|
|w_tile_263_ce1          |  out|    1|   ap_memory|                                                       w_tile_263|         array|
|w_tile_263_we1          |  out|    1|   ap_memory|                                                       w_tile_263|         array|
|w_tile_263_d1           |  out|   16|   ap_memory|                                                       w_tile_263|         array|
|w_tile_262_address1     |  out|    7|   ap_memory|                                                       w_tile_262|         array|
|w_tile_262_ce1          |  out|    1|   ap_memory|                                                       w_tile_262|         array|
|w_tile_262_we1          |  out|    1|   ap_memory|                                                       w_tile_262|         array|
|w_tile_262_d1           |  out|   16|   ap_memory|                                                       w_tile_262|         array|
|w_tile_261_address1     |  out|    7|   ap_memory|                                                       w_tile_261|         array|
|w_tile_261_ce1          |  out|    1|   ap_memory|                                                       w_tile_261|         array|
|w_tile_261_we1          |  out|    1|   ap_memory|                                                       w_tile_261|         array|
|w_tile_261_d1           |  out|   16|   ap_memory|                                                       w_tile_261|         array|
|w_tile_260_address1     |  out|    7|   ap_memory|                                                       w_tile_260|         array|
|w_tile_260_ce1          |  out|    1|   ap_memory|                                                       w_tile_260|         array|
|w_tile_260_we1          |  out|    1|   ap_memory|                                                       w_tile_260|         array|
|w_tile_260_d1           |  out|   16|   ap_memory|                                                       w_tile_260|         array|
|w_tile_259_address1     |  out|    7|   ap_memory|                                                       w_tile_259|         array|
|w_tile_259_ce1          |  out|    1|   ap_memory|                                                       w_tile_259|         array|
|w_tile_259_we1          |  out|    1|   ap_memory|                                                       w_tile_259|         array|
|w_tile_259_d1           |  out|   16|   ap_memory|                                                       w_tile_259|         array|
|w_tile_258_address1     |  out|    7|   ap_memory|                                                       w_tile_258|         array|
|w_tile_258_ce1          |  out|    1|   ap_memory|                                                       w_tile_258|         array|
|w_tile_258_we1          |  out|    1|   ap_memory|                                                       w_tile_258|         array|
|w_tile_258_d1           |  out|   16|   ap_memory|                                                       w_tile_258|         array|
|w_tile_257_address1     |  out|    7|   ap_memory|                                                       w_tile_257|         array|
|w_tile_257_ce1          |  out|    1|   ap_memory|                                                       w_tile_257|         array|
|w_tile_257_we1          |  out|    1|   ap_memory|                                                       w_tile_257|         array|
|w_tile_257_d1           |  out|   16|   ap_memory|                                                       w_tile_257|         array|
|w_tile_256_address1     |  out|    7|   ap_memory|                                                       w_tile_256|         array|
|w_tile_256_ce1          |  out|    1|   ap_memory|                                                       w_tile_256|         array|
|w_tile_256_we1          |  out|    1|   ap_memory|                                                       w_tile_256|         array|
|w_tile_256_d1           |  out|   16|   ap_memory|                                                       w_tile_256|         array|
|w_tile_255_address1     |  out|    7|   ap_memory|                                                       w_tile_255|         array|
|w_tile_255_ce1          |  out|    1|   ap_memory|                                                       w_tile_255|         array|
|w_tile_255_we1          |  out|    1|   ap_memory|                                                       w_tile_255|         array|
|w_tile_255_d1           |  out|   16|   ap_memory|                                                       w_tile_255|         array|
|w_tile_254_address1     |  out|    7|   ap_memory|                                                       w_tile_254|         array|
|w_tile_254_ce1          |  out|    1|   ap_memory|                                                       w_tile_254|         array|
|w_tile_254_we1          |  out|    1|   ap_memory|                                                       w_tile_254|         array|
|w_tile_254_d1           |  out|   16|   ap_memory|                                                       w_tile_254|         array|
|w_tile_253_address1     |  out|    7|   ap_memory|                                                       w_tile_253|         array|
|w_tile_253_ce1          |  out|    1|   ap_memory|                                                       w_tile_253|         array|
|w_tile_253_we1          |  out|    1|   ap_memory|                                                       w_tile_253|         array|
|w_tile_253_d1           |  out|   16|   ap_memory|                                                       w_tile_253|         array|
|w_tile_252_address1     |  out|    7|   ap_memory|                                                       w_tile_252|         array|
|w_tile_252_ce1          |  out|    1|   ap_memory|                                                       w_tile_252|         array|
|w_tile_252_we1          |  out|    1|   ap_memory|                                                       w_tile_252|         array|
|w_tile_252_d1           |  out|   16|   ap_memory|                                                       w_tile_252|         array|
|w_tile_251_address1     |  out|    7|   ap_memory|                                                       w_tile_251|         array|
|w_tile_251_ce1          |  out|    1|   ap_memory|                                                       w_tile_251|         array|
|w_tile_251_we1          |  out|    1|   ap_memory|                                                       w_tile_251|         array|
|w_tile_251_d1           |  out|   16|   ap_memory|                                                       w_tile_251|         array|
|w_tile_250_address1     |  out|    7|   ap_memory|                                                       w_tile_250|         array|
|w_tile_250_ce1          |  out|    1|   ap_memory|                                                       w_tile_250|         array|
|w_tile_250_we1          |  out|    1|   ap_memory|                                                       w_tile_250|         array|
|w_tile_250_d1           |  out|   16|   ap_memory|                                                       w_tile_250|         array|
|w_tile_249_address1     |  out|    7|   ap_memory|                                                       w_tile_249|         array|
|w_tile_249_ce1          |  out|    1|   ap_memory|                                                       w_tile_249|         array|
|w_tile_249_we1          |  out|    1|   ap_memory|                                                       w_tile_249|         array|
|w_tile_249_d1           |  out|   16|   ap_memory|                                                       w_tile_249|         array|
|w_tile_248_address1     |  out|    7|   ap_memory|                                                       w_tile_248|         array|
|w_tile_248_ce1          |  out|    1|   ap_memory|                                                       w_tile_248|         array|
|w_tile_248_we1          |  out|    1|   ap_memory|                                                       w_tile_248|         array|
|w_tile_248_d1           |  out|   16|   ap_memory|                                                       w_tile_248|         array|
|w_tile_247_address1     |  out|    7|   ap_memory|                                                       w_tile_247|         array|
|w_tile_247_ce1          |  out|    1|   ap_memory|                                                       w_tile_247|         array|
|w_tile_247_we1          |  out|    1|   ap_memory|                                                       w_tile_247|         array|
|w_tile_247_d1           |  out|   16|   ap_memory|                                                       w_tile_247|         array|
|w_tile_246_address1     |  out|    7|   ap_memory|                                                       w_tile_246|         array|
|w_tile_246_ce1          |  out|    1|   ap_memory|                                                       w_tile_246|         array|
|w_tile_246_we1          |  out|    1|   ap_memory|                                                       w_tile_246|         array|
|w_tile_246_d1           |  out|   16|   ap_memory|                                                       w_tile_246|         array|
|w_tile_245_address1     |  out|    7|   ap_memory|                                                       w_tile_245|         array|
|w_tile_245_ce1          |  out|    1|   ap_memory|                                                       w_tile_245|         array|
|w_tile_245_we1          |  out|    1|   ap_memory|                                                       w_tile_245|         array|
|w_tile_245_d1           |  out|   16|   ap_memory|                                                       w_tile_245|         array|
|w_tile_244_address1     |  out|    7|   ap_memory|                                                       w_tile_244|         array|
|w_tile_244_ce1          |  out|    1|   ap_memory|                                                       w_tile_244|         array|
|w_tile_244_we1          |  out|    1|   ap_memory|                                                       w_tile_244|         array|
|w_tile_244_d1           |  out|   16|   ap_memory|                                                       w_tile_244|         array|
|w_tile_243_address1     |  out|    7|   ap_memory|                                                       w_tile_243|         array|
|w_tile_243_ce1          |  out|    1|   ap_memory|                                                       w_tile_243|         array|
|w_tile_243_we1          |  out|    1|   ap_memory|                                                       w_tile_243|         array|
|w_tile_243_d1           |  out|   16|   ap_memory|                                                       w_tile_243|         array|
|w_tile_242_address1     |  out|    7|   ap_memory|                                                       w_tile_242|         array|
|w_tile_242_ce1          |  out|    1|   ap_memory|                                                       w_tile_242|         array|
|w_tile_242_we1          |  out|    1|   ap_memory|                                                       w_tile_242|         array|
|w_tile_242_d1           |  out|   16|   ap_memory|                                                       w_tile_242|         array|
|w_tile_241_address1     |  out|    7|   ap_memory|                                                       w_tile_241|         array|
|w_tile_241_ce1          |  out|    1|   ap_memory|                                                       w_tile_241|         array|
|w_tile_241_we1          |  out|    1|   ap_memory|                                                       w_tile_241|         array|
|w_tile_241_d1           |  out|   16|   ap_memory|                                                       w_tile_241|         array|
|w_tile_240_address1     |  out|    7|   ap_memory|                                                       w_tile_240|         array|
|w_tile_240_ce1          |  out|    1|   ap_memory|                                                       w_tile_240|         array|
|w_tile_240_we1          |  out|    1|   ap_memory|                                                       w_tile_240|         array|
|w_tile_240_d1           |  out|   16|   ap_memory|                                                       w_tile_240|         array|
|w_tile_239_address1     |  out|    7|   ap_memory|                                                       w_tile_239|         array|
|w_tile_239_ce1          |  out|    1|   ap_memory|                                                       w_tile_239|         array|
|w_tile_239_we1          |  out|    1|   ap_memory|                                                       w_tile_239|         array|
|w_tile_239_d1           |  out|   16|   ap_memory|                                                       w_tile_239|         array|
|w_tile_238_address1     |  out|    7|   ap_memory|                                                       w_tile_238|         array|
|w_tile_238_ce1          |  out|    1|   ap_memory|                                                       w_tile_238|         array|
|w_tile_238_we1          |  out|    1|   ap_memory|                                                       w_tile_238|         array|
|w_tile_238_d1           |  out|   16|   ap_memory|                                                       w_tile_238|         array|
|w_tile_237_address1     |  out|    7|   ap_memory|                                                       w_tile_237|         array|
|w_tile_237_ce1          |  out|    1|   ap_memory|                                                       w_tile_237|         array|
|w_tile_237_we1          |  out|    1|   ap_memory|                                                       w_tile_237|         array|
|w_tile_237_d1           |  out|   16|   ap_memory|                                                       w_tile_237|         array|
|w_tile_236_address1     |  out|    7|   ap_memory|                                                       w_tile_236|         array|
|w_tile_236_ce1          |  out|    1|   ap_memory|                                                       w_tile_236|         array|
|w_tile_236_we1          |  out|    1|   ap_memory|                                                       w_tile_236|         array|
|w_tile_236_d1           |  out|   16|   ap_memory|                                                       w_tile_236|         array|
|w_tile_235_address1     |  out|    7|   ap_memory|                                                       w_tile_235|         array|
|w_tile_235_ce1          |  out|    1|   ap_memory|                                                       w_tile_235|         array|
|w_tile_235_we1          |  out|    1|   ap_memory|                                                       w_tile_235|         array|
|w_tile_235_d1           |  out|   16|   ap_memory|                                                       w_tile_235|         array|
|w_tile_234_address1     |  out|    7|   ap_memory|                                                       w_tile_234|         array|
|w_tile_234_ce1          |  out|    1|   ap_memory|                                                       w_tile_234|         array|
|w_tile_234_we1          |  out|    1|   ap_memory|                                                       w_tile_234|         array|
|w_tile_234_d1           |  out|   16|   ap_memory|                                                       w_tile_234|         array|
|w_tile_233_address1     |  out|    7|   ap_memory|                                                       w_tile_233|         array|
|w_tile_233_ce1          |  out|    1|   ap_memory|                                                       w_tile_233|         array|
|w_tile_233_we1          |  out|    1|   ap_memory|                                                       w_tile_233|         array|
|w_tile_233_d1           |  out|   16|   ap_memory|                                                       w_tile_233|         array|
|w_tile_232_address1     |  out|    7|   ap_memory|                                                       w_tile_232|         array|
|w_tile_232_ce1          |  out|    1|   ap_memory|                                                       w_tile_232|         array|
|w_tile_232_we1          |  out|    1|   ap_memory|                                                       w_tile_232|         array|
|w_tile_232_d1           |  out|   16|   ap_memory|                                                       w_tile_232|         array|
|w_tile_231_address1     |  out|    7|   ap_memory|                                                       w_tile_231|         array|
|w_tile_231_ce1          |  out|    1|   ap_memory|                                                       w_tile_231|         array|
|w_tile_231_we1          |  out|    1|   ap_memory|                                                       w_tile_231|         array|
|w_tile_231_d1           |  out|   16|   ap_memory|                                                       w_tile_231|         array|
|w_tile_230_address1     |  out|    7|   ap_memory|                                                       w_tile_230|         array|
|w_tile_230_ce1          |  out|    1|   ap_memory|                                                       w_tile_230|         array|
|w_tile_230_we1          |  out|    1|   ap_memory|                                                       w_tile_230|         array|
|w_tile_230_d1           |  out|   16|   ap_memory|                                                       w_tile_230|         array|
|w_tile_229_address1     |  out|    7|   ap_memory|                                                       w_tile_229|         array|
|w_tile_229_ce1          |  out|    1|   ap_memory|                                                       w_tile_229|         array|
|w_tile_229_we1          |  out|    1|   ap_memory|                                                       w_tile_229|         array|
|w_tile_229_d1           |  out|   16|   ap_memory|                                                       w_tile_229|         array|
|w_tile_228_address1     |  out|    7|   ap_memory|                                                       w_tile_228|         array|
|w_tile_228_ce1          |  out|    1|   ap_memory|                                                       w_tile_228|         array|
|w_tile_228_we1          |  out|    1|   ap_memory|                                                       w_tile_228|         array|
|w_tile_228_d1           |  out|   16|   ap_memory|                                                       w_tile_228|         array|
|w_tile_227_address1     |  out|    7|   ap_memory|                                                       w_tile_227|         array|
|w_tile_227_ce1          |  out|    1|   ap_memory|                                                       w_tile_227|         array|
|w_tile_227_we1          |  out|    1|   ap_memory|                                                       w_tile_227|         array|
|w_tile_227_d1           |  out|   16|   ap_memory|                                                       w_tile_227|         array|
|w_tile_226_address1     |  out|    7|   ap_memory|                                                       w_tile_226|         array|
|w_tile_226_ce1          |  out|    1|   ap_memory|                                                       w_tile_226|         array|
|w_tile_226_we1          |  out|    1|   ap_memory|                                                       w_tile_226|         array|
|w_tile_226_d1           |  out|   16|   ap_memory|                                                       w_tile_226|         array|
|w_tile_225_address1     |  out|    7|   ap_memory|                                                       w_tile_225|         array|
|w_tile_225_ce1          |  out|    1|   ap_memory|                                                       w_tile_225|         array|
|w_tile_225_we1          |  out|    1|   ap_memory|                                                       w_tile_225|         array|
|w_tile_225_d1           |  out|   16|   ap_memory|                                                       w_tile_225|         array|
|w_tile_224_address1     |  out|    7|   ap_memory|                                                       w_tile_224|         array|
|w_tile_224_ce1          |  out|    1|   ap_memory|                                                       w_tile_224|         array|
|w_tile_224_we1          |  out|    1|   ap_memory|                                                       w_tile_224|         array|
|w_tile_224_d1           |  out|   16|   ap_memory|                                                       w_tile_224|         array|
|w_tile_223_address1     |  out|    7|   ap_memory|                                                       w_tile_223|         array|
|w_tile_223_ce1          |  out|    1|   ap_memory|                                                       w_tile_223|         array|
|w_tile_223_we1          |  out|    1|   ap_memory|                                                       w_tile_223|         array|
|w_tile_223_d1           |  out|   16|   ap_memory|                                                       w_tile_223|         array|
|w_tile_222_address1     |  out|    7|   ap_memory|                                                       w_tile_222|         array|
|w_tile_222_ce1          |  out|    1|   ap_memory|                                                       w_tile_222|         array|
|w_tile_222_we1          |  out|    1|   ap_memory|                                                       w_tile_222|         array|
|w_tile_222_d1           |  out|   16|   ap_memory|                                                       w_tile_222|         array|
|w_tile_221_address1     |  out|    7|   ap_memory|                                                       w_tile_221|         array|
|w_tile_221_ce1          |  out|    1|   ap_memory|                                                       w_tile_221|         array|
|w_tile_221_we1          |  out|    1|   ap_memory|                                                       w_tile_221|         array|
|w_tile_221_d1           |  out|   16|   ap_memory|                                                       w_tile_221|         array|
|w_tile_220_address1     |  out|    7|   ap_memory|                                                       w_tile_220|         array|
|w_tile_220_ce1          |  out|    1|   ap_memory|                                                       w_tile_220|         array|
|w_tile_220_we1          |  out|    1|   ap_memory|                                                       w_tile_220|         array|
|w_tile_220_d1           |  out|   16|   ap_memory|                                                       w_tile_220|         array|
|w_tile_219_address1     |  out|    7|   ap_memory|                                                       w_tile_219|         array|
|w_tile_219_ce1          |  out|    1|   ap_memory|                                                       w_tile_219|         array|
|w_tile_219_we1          |  out|    1|   ap_memory|                                                       w_tile_219|         array|
|w_tile_219_d1           |  out|   16|   ap_memory|                                                       w_tile_219|         array|
|w_tile_218_address1     |  out|    7|   ap_memory|                                                       w_tile_218|         array|
|w_tile_218_ce1          |  out|    1|   ap_memory|                                                       w_tile_218|         array|
|w_tile_218_we1          |  out|    1|   ap_memory|                                                       w_tile_218|         array|
|w_tile_218_d1           |  out|   16|   ap_memory|                                                       w_tile_218|         array|
|w_tile_217_address1     |  out|    7|   ap_memory|                                                       w_tile_217|         array|
|w_tile_217_ce1          |  out|    1|   ap_memory|                                                       w_tile_217|         array|
|w_tile_217_we1          |  out|    1|   ap_memory|                                                       w_tile_217|         array|
|w_tile_217_d1           |  out|   16|   ap_memory|                                                       w_tile_217|         array|
|w_tile_216_address1     |  out|    7|   ap_memory|                                                       w_tile_216|         array|
|w_tile_216_ce1          |  out|    1|   ap_memory|                                                       w_tile_216|         array|
|w_tile_216_we1          |  out|    1|   ap_memory|                                                       w_tile_216|         array|
|w_tile_216_d1           |  out|   16|   ap_memory|                                                       w_tile_216|         array|
|w_tile_215_address1     |  out|    7|   ap_memory|                                                       w_tile_215|         array|
|w_tile_215_ce1          |  out|    1|   ap_memory|                                                       w_tile_215|         array|
|w_tile_215_we1          |  out|    1|   ap_memory|                                                       w_tile_215|         array|
|w_tile_215_d1           |  out|   16|   ap_memory|                                                       w_tile_215|         array|
|w_tile_214_address1     |  out|    7|   ap_memory|                                                       w_tile_214|         array|
|w_tile_214_ce1          |  out|    1|   ap_memory|                                                       w_tile_214|         array|
|w_tile_214_we1          |  out|    1|   ap_memory|                                                       w_tile_214|         array|
|w_tile_214_d1           |  out|   16|   ap_memory|                                                       w_tile_214|         array|
|w_tile_213_address1     |  out|    7|   ap_memory|                                                       w_tile_213|         array|
|w_tile_213_ce1          |  out|    1|   ap_memory|                                                       w_tile_213|         array|
|w_tile_213_we1          |  out|    1|   ap_memory|                                                       w_tile_213|         array|
|w_tile_213_d1           |  out|   16|   ap_memory|                                                       w_tile_213|         array|
|w_tile_212_address1     |  out|    7|   ap_memory|                                                       w_tile_212|         array|
|w_tile_212_ce1          |  out|    1|   ap_memory|                                                       w_tile_212|         array|
|w_tile_212_we1          |  out|    1|   ap_memory|                                                       w_tile_212|         array|
|w_tile_212_d1           |  out|   16|   ap_memory|                                                       w_tile_212|         array|
|w_tile_211_address1     |  out|    7|   ap_memory|                                                       w_tile_211|         array|
|w_tile_211_ce1          |  out|    1|   ap_memory|                                                       w_tile_211|         array|
|w_tile_211_we1          |  out|    1|   ap_memory|                                                       w_tile_211|         array|
|w_tile_211_d1           |  out|   16|   ap_memory|                                                       w_tile_211|         array|
|w_tile_210_address1     |  out|    7|   ap_memory|                                                       w_tile_210|         array|
|w_tile_210_ce1          |  out|    1|   ap_memory|                                                       w_tile_210|         array|
|w_tile_210_we1          |  out|    1|   ap_memory|                                                       w_tile_210|         array|
|w_tile_210_d1           |  out|   16|   ap_memory|                                                       w_tile_210|         array|
|w_tile_209_address1     |  out|    7|   ap_memory|                                                       w_tile_209|         array|
|w_tile_209_ce1          |  out|    1|   ap_memory|                                                       w_tile_209|         array|
|w_tile_209_we1          |  out|    1|   ap_memory|                                                       w_tile_209|         array|
|w_tile_209_d1           |  out|   16|   ap_memory|                                                       w_tile_209|         array|
|w_tile_208_address1     |  out|    7|   ap_memory|                                                       w_tile_208|         array|
|w_tile_208_ce1          |  out|    1|   ap_memory|                                                       w_tile_208|         array|
|w_tile_208_we1          |  out|    1|   ap_memory|                                                       w_tile_208|         array|
|w_tile_208_d1           |  out|   16|   ap_memory|                                                       w_tile_208|         array|
|w_tile_207_address1     |  out|    7|   ap_memory|                                                       w_tile_207|         array|
|w_tile_207_ce1          |  out|    1|   ap_memory|                                                       w_tile_207|         array|
|w_tile_207_we1          |  out|    1|   ap_memory|                                                       w_tile_207|         array|
|w_tile_207_d1           |  out|   16|   ap_memory|                                                       w_tile_207|         array|
|w_tile_206_address1     |  out|    7|   ap_memory|                                                       w_tile_206|         array|
|w_tile_206_ce1          |  out|    1|   ap_memory|                                                       w_tile_206|         array|
|w_tile_206_we1          |  out|    1|   ap_memory|                                                       w_tile_206|         array|
|w_tile_206_d1           |  out|   16|   ap_memory|                                                       w_tile_206|         array|
|w_tile_205_address1     |  out|    7|   ap_memory|                                                       w_tile_205|         array|
|w_tile_205_ce1          |  out|    1|   ap_memory|                                                       w_tile_205|         array|
|w_tile_205_we1          |  out|    1|   ap_memory|                                                       w_tile_205|         array|
|w_tile_205_d1           |  out|   16|   ap_memory|                                                       w_tile_205|         array|
|w_tile_204_address1     |  out|    7|   ap_memory|                                                       w_tile_204|         array|
|w_tile_204_ce1          |  out|    1|   ap_memory|                                                       w_tile_204|         array|
|w_tile_204_we1          |  out|    1|   ap_memory|                                                       w_tile_204|         array|
|w_tile_204_d1           |  out|   16|   ap_memory|                                                       w_tile_204|         array|
|w_tile_203_address1     |  out|    7|   ap_memory|                                                       w_tile_203|         array|
|w_tile_203_ce1          |  out|    1|   ap_memory|                                                       w_tile_203|         array|
|w_tile_203_we1          |  out|    1|   ap_memory|                                                       w_tile_203|         array|
|w_tile_203_d1           |  out|   16|   ap_memory|                                                       w_tile_203|         array|
|w_tile_202_address1     |  out|    7|   ap_memory|                                                       w_tile_202|         array|
|w_tile_202_ce1          |  out|    1|   ap_memory|                                                       w_tile_202|         array|
|w_tile_202_we1          |  out|    1|   ap_memory|                                                       w_tile_202|         array|
|w_tile_202_d1           |  out|   16|   ap_memory|                                                       w_tile_202|         array|
|w_tile_201_address1     |  out|    7|   ap_memory|                                                       w_tile_201|         array|
|w_tile_201_ce1          |  out|    1|   ap_memory|                                                       w_tile_201|         array|
|w_tile_201_we1          |  out|    1|   ap_memory|                                                       w_tile_201|         array|
|w_tile_201_d1           |  out|   16|   ap_memory|                                                       w_tile_201|         array|
|w_tile_200_address1     |  out|    7|   ap_memory|                                                       w_tile_200|         array|
|w_tile_200_ce1          |  out|    1|   ap_memory|                                                       w_tile_200|         array|
|w_tile_200_we1          |  out|    1|   ap_memory|                                                       w_tile_200|         array|
|w_tile_200_d1           |  out|   16|   ap_memory|                                                       w_tile_200|         array|
|w_tile_199_address1     |  out|    7|   ap_memory|                                                       w_tile_199|         array|
|w_tile_199_ce1          |  out|    1|   ap_memory|                                                       w_tile_199|         array|
|w_tile_199_we1          |  out|    1|   ap_memory|                                                       w_tile_199|         array|
|w_tile_199_d1           |  out|   16|   ap_memory|                                                       w_tile_199|         array|
|w_tile_198_address1     |  out|    7|   ap_memory|                                                       w_tile_198|         array|
|w_tile_198_ce1          |  out|    1|   ap_memory|                                                       w_tile_198|         array|
|w_tile_198_we1          |  out|    1|   ap_memory|                                                       w_tile_198|         array|
|w_tile_198_d1           |  out|   16|   ap_memory|                                                       w_tile_198|         array|
|w_tile_197_address1     |  out|    7|   ap_memory|                                                       w_tile_197|         array|
|w_tile_197_ce1          |  out|    1|   ap_memory|                                                       w_tile_197|         array|
|w_tile_197_we1          |  out|    1|   ap_memory|                                                       w_tile_197|         array|
|w_tile_197_d1           |  out|   16|   ap_memory|                                                       w_tile_197|         array|
|w_tile_196_address1     |  out|    7|   ap_memory|                                                       w_tile_196|         array|
|w_tile_196_ce1          |  out|    1|   ap_memory|                                                       w_tile_196|         array|
|w_tile_196_we1          |  out|    1|   ap_memory|                                                       w_tile_196|         array|
|w_tile_196_d1           |  out|   16|   ap_memory|                                                       w_tile_196|         array|
|w_tile_195_address1     |  out|    7|   ap_memory|                                                       w_tile_195|         array|
|w_tile_195_ce1          |  out|    1|   ap_memory|                                                       w_tile_195|         array|
|w_tile_195_we1          |  out|    1|   ap_memory|                                                       w_tile_195|         array|
|w_tile_195_d1           |  out|   16|   ap_memory|                                                       w_tile_195|         array|
|w_tile_194_address1     |  out|    7|   ap_memory|                                                       w_tile_194|         array|
|w_tile_194_ce1          |  out|    1|   ap_memory|                                                       w_tile_194|         array|
|w_tile_194_we1          |  out|    1|   ap_memory|                                                       w_tile_194|         array|
|w_tile_194_d1           |  out|   16|   ap_memory|                                                       w_tile_194|         array|
|w_tile_193_address1     |  out|    7|   ap_memory|                                                       w_tile_193|         array|
|w_tile_193_ce1          |  out|    1|   ap_memory|                                                       w_tile_193|         array|
|w_tile_193_we1          |  out|    1|   ap_memory|                                                       w_tile_193|         array|
|w_tile_193_d1           |  out|   16|   ap_memory|                                                       w_tile_193|         array|
|w_tile_192_address1     |  out|    7|   ap_memory|                                                       w_tile_192|         array|
|w_tile_192_ce1          |  out|    1|   ap_memory|                                                       w_tile_192|         array|
|w_tile_192_we1          |  out|    1|   ap_memory|                                                       w_tile_192|         array|
|w_tile_192_d1           |  out|   16|   ap_memory|                                                       w_tile_192|         array|
|w_tile_191_address1     |  out|    7|   ap_memory|                                                       w_tile_191|         array|
|w_tile_191_ce1          |  out|    1|   ap_memory|                                                       w_tile_191|         array|
|w_tile_191_we1          |  out|    1|   ap_memory|                                                       w_tile_191|         array|
|w_tile_191_d1           |  out|   16|   ap_memory|                                                       w_tile_191|         array|
|w_tile_190_address1     |  out|    7|   ap_memory|                                                       w_tile_190|         array|
|w_tile_190_ce1          |  out|    1|   ap_memory|                                                       w_tile_190|         array|
|w_tile_190_we1          |  out|    1|   ap_memory|                                                       w_tile_190|         array|
|w_tile_190_d1           |  out|   16|   ap_memory|                                                       w_tile_190|         array|
|w_tile_189_address1     |  out|    7|   ap_memory|                                                       w_tile_189|         array|
|w_tile_189_ce1          |  out|    1|   ap_memory|                                                       w_tile_189|         array|
|w_tile_189_we1          |  out|    1|   ap_memory|                                                       w_tile_189|         array|
|w_tile_189_d1           |  out|   16|   ap_memory|                                                       w_tile_189|         array|
|w_tile_188_address1     |  out|    7|   ap_memory|                                                       w_tile_188|         array|
|w_tile_188_ce1          |  out|    1|   ap_memory|                                                       w_tile_188|         array|
|w_tile_188_we1          |  out|    1|   ap_memory|                                                       w_tile_188|         array|
|w_tile_188_d1           |  out|   16|   ap_memory|                                                       w_tile_188|         array|
|w_tile_187_address1     |  out|    7|   ap_memory|                                                       w_tile_187|         array|
|w_tile_187_ce1          |  out|    1|   ap_memory|                                                       w_tile_187|         array|
|w_tile_187_we1          |  out|    1|   ap_memory|                                                       w_tile_187|         array|
|w_tile_187_d1           |  out|   16|   ap_memory|                                                       w_tile_187|         array|
|w_tile_186_address1     |  out|    7|   ap_memory|                                                       w_tile_186|         array|
|w_tile_186_ce1          |  out|    1|   ap_memory|                                                       w_tile_186|         array|
|w_tile_186_we1          |  out|    1|   ap_memory|                                                       w_tile_186|         array|
|w_tile_186_d1           |  out|   16|   ap_memory|                                                       w_tile_186|         array|
|w_tile_185_address1     |  out|    7|   ap_memory|                                                       w_tile_185|         array|
|w_tile_185_ce1          |  out|    1|   ap_memory|                                                       w_tile_185|         array|
|w_tile_185_we1          |  out|    1|   ap_memory|                                                       w_tile_185|         array|
|w_tile_185_d1           |  out|   16|   ap_memory|                                                       w_tile_185|         array|
|w_tile_184_address1     |  out|    7|   ap_memory|                                                       w_tile_184|         array|
|w_tile_184_ce1          |  out|    1|   ap_memory|                                                       w_tile_184|         array|
|w_tile_184_we1          |  out|    1|   ap_memory|                                                       w_tile_184|         array|
|w_tile_184_d1           |  out|   16|   ap_memory|                                                       w_tile_184|         array|
|w_tile_183_address1     |  out|    7|   ap_memory|                                                       w_tile_183|         array|
|w_tile_183_ce1          |  out|    1|   ap_memory|                                                       w_tile_183|         array|
|w_tile_183_we1          |  out|    1|   ap_memory|                                                       w_tile_183|         array|
|w_tile_183_d1           |  out|   16|   ap_memory|                                                       w_tile_183|         array|
|w_tile_182_address1     |  out|    7|   ap_memory|                                                       w_tile_182|         array|
|w_tile_182_ce1          |  out|    1|   ap_memory|                                                       w_tile_182|         array|
|w_tile_182_we1          |  out|    1|   ap_memory|                                                       w_tile_182|         array|
|w_tile_182_d1           |  out|   16|   ap_memory|                                                       w_tile_182|         array|
|w_tile_181_address1     |  out|    7|   ap_memory|                                                       w_tile_181|         array|
|w_tile_181_ce1          |  out|    1|   ap_memory|                                                       w_tile_181|         array|
|w_tile_181_we1          |  out|    1|   ap_memory|                                                       w_tile_181|         array|
|w_tile_181_d1           |  out|   16|   ap_memory|                                                       w_tile_181|         array|
|w_tile_180_address1     |  out|    7|   ap_memory|                                                       w_tile_180|         array|
|w_tile_180_ce1          |  out|    1|   ap_memory|                                                       w_tile_180|         array|
|w_tile_180_we1          |  out|    1|   ap_memory|                                                       w_tile_180|         array|
|w_tile_180_d1           |  out|   16|   ap_memory|                                                       w_tile_180|         array|
|w_tile_179_address1     |  out|    7|   ap_memory|                                                       w_tile_179|         array|
|w_tile_179_ce1          |  out|    1|   ap_memory|                                                       w_tile_179|         array|
|w_tile_179_we1          |  out|    1|   ap_memory|                                                       w_tile_179|         array|
|w_tile_179_d1           |  out|   16|   ap_memory|                                                       w_tile_179|         array|
|w_tile_178_address1     |  out|    7|   ap_memory|                                                       w_tile_178|         array|
|w_tile_178_ce1          |  out|    1|   ap_memory|                                                       w_tile_178|         array|
|w_tile_178_we1          |  out|    1|   ap_memory|                                                       w_tile_178|         array|
|w_tile_178_d1           |  out|   16|   ap_memory|                                                       w_tile_178|         array|
|w_tile_177_address1     |  out|    7|   ap_memory|                                                       w_tile_177|         array|
|w_tile_177_ce1          |  out|    1|   ap_memory|                                                       w_tile_177|         array|
|w_tile_177_we1          |  out|    1|   ap_memory|                                                       w_tile_177|         array|
|w_tile_177_d1           |  out|   16|   ap_memory|                                                       w_tile_177|         array|
|w_tile_176_address1     |  out|    7|   ap_memory|                                                       w_tile_176|         array|
|w_tile_176_ce1          |  out|    1|   ap_memory|                                                       w_tile_176|         array|
|w_tile_176_we1          |  out|    1|   ap_memory|                                                       w_tile_176|         array|
|w_tile_176_d1           |  out|   16|   ap_memory|                                                       w_tile_176|         array|
|w_tile_175_address1     |  out|    7|   ap_memory|                                                       w_tile_175|         array|
|w_tile_175_ce1          |  out|    1|   ap_memory|                                                       w_tile_175|         array|
|w_tile_175_we1          |  out|    1|   ap_memory|                                                       w_tile_175|         array|
|w_tile_175_d1           |  out|   16|   ap_memory|                                                       w_tile_175|         array|
|w_tile_174_address1     |  out|    7|   ap_memory|                                                       w_tile_174|         array|
|w_tile_174_ce1          |  out|    1|   ap_memory|                                                       w_tile_174|         array|
|w_tile_174_we1          |  out|    1|   ap_memory|                                                       w_tile_174|         array|
|w_tile_174_d1           |  out|   16|   ap_memory|                                                       w_tile_174|         array|
|w_tile_173_address1     |  out|    7|   ap_memory|                                                       w_tile_173|         array|
|w_tile_173_ce1          |  out|    1|   ap_memory|                                                       w_tile_173|         array|
|w_tile_173_we1          |  out|    1|   ap_memory|                                                       w_tile_173|         array|
|w_tile_173_d1           |  out|   16|   ap_memory|                                                       w_tile_173|         array|
|w_tile_172_address1     |  out|    7|   ap_memory|                                                       w_tile_172|         array|
|w_tile_172_ce1          |  out|    1|   ap_memory|                                                       w_tile_172|         array|
|w_tile_172_we1          |  out|    1|   ap_memory|                                                       w_tile_172|         array|
|w_tile_172_d1           |  out|   16|   ap_memory|                                                       w_tile_172|         array|
|w_tile_171_address1     |  out|    7|   ap_memory|                                                       w_tile_171|         array|
|w_tile_171_ce1          |  out|    1|   ap_memory|                                                       w_tile_171|         array|
|w_tile_171_we1          |  out|    1|   ap_memory|                                                       w_tile_171|         array|
|w_tile_171_d1           |  out|   16|   ap_memory|                                                       w_tile_171|         array|
|w_tile_170_address1     |  out|    7|   ap_memory|                                                       w_tile_170|         array|
|w_tile_170_ce1          |  out|    1|   ap_memory|                                                       w_tile_170|         array|
|w_tile_170_we1          |  out|    1|   ap_memory|                                                       w_tile_170|         array|
|w_tile_170_d1           |  out|   16|   ap_memory|                                                       w_tile_170|         array|
|w_tile_169_address1     |  out|    7|   ap_memory|                                                       w_tile_169|         array|
|w_tile_169_ce1          |  out|    1|   ap_memory|                                                       w_tile_169|         array|
|w_tile_169_we1          |  out|    1|   ap_memory|                                                       w_tile_169|         array|
|w_tile_169_d1           |  out|   16|   ap_memory|                                                       w_tile_169|         array|
|w_tile_168_address1     |  out|    7|   ap_memory|                                                       w_tile_168|         array|
|w_tile_168_ce1          |  out|    1|   ap_memory|                                                       w_tile_168|         array|
|w_tile_168_we1          |  out|    1|   ap_memory|                                                       w_tile_168|         array|
|w_tile_168_d1           |  out|   16|   ap_memory|                                                       w_tile_168|         array|
|w_tile_167_address1     |  out|    7|   ap_memory|                                                       w_tile_167|         array|
|w_tile_167_ce1          |  out|    1|   ap_memory|                                                       w_tile_167|         array|
|w_tile_167_we1          |  out|    1|   ap_memory|                                                       w_tile_167|         array|
|w_tile_167_d1           |  out|   16|   ap_memory|                                                       w_tile_167|         array|
|w_tile_166_address1     |  out|    7|   ap_memory|                                                       w_tile_166|         array|
|w_tile_166_ce1          |  out|    1|   ap_memory|                                                       w_tile_166|         array|
|w_tile_166_we1          |  out|    1|   ap_memory|                                                       w_tile_166|         array|
|w_tile_166_d1           |  out|   16|   ap_memory|                                                       w_tile_166|         array|
|w_tile_165_address1     |  out|    7|   ap_memory|                                                       w_tile_165|         array|
|w_tile_165_ce1          |  out|    1|   ap_memory|                                                       w_tile_165|         array|
|w_tile_165_we1          |  out|    1|   ap_memory|                                                       w_tile_165|         array|
|w_tile_165_d1           |  out|   16|   ap_memory|                                                       w_tile_165|         array|
|w_tile_164_address1     |  out|    7|   ap_memory|                                                       w_tile_164|         array|
|w_tile_164_ce1          |  out|    1|   ap_memory|                                                       w_tile_164|         array|
|w_tile_164_we1          |  out|    1|   ap_memory|                                                       w_tile_164|         array|
|w_tile_164_d1           |  out|   16|   ap_memory|                                                       w_tile_164|         array|
|w_tile_163_address1     |  out|    7|   ap_memory|                                                       w_tile_163|         array|
|w_tile_163_ce1          |  out|    1|   ap_memory|                                                       w_tile_163|         array|
|w_tile_163_we1          |  out|    1|   ap_memory|                                                       w_tile_163|         array|
|w_tile_163_d1           |  out|   16|   ap_memory|                                                       w_tile_163|         array|
|w_tile_162_address1     |  out|    7|   ap_memory|                                                       w_tile_162|         array|
|w_tile_162_ce1          |  out|    1|   ap_memory|                                                       w_tile_162|         array|
|w_tile_162_we1          |  out|    1|   ap_memory|                                                       w_tile_162|         array|
|w_tile_162_d1           |  out|   16|   ap_memory|                                                       w_tile_162|         array|
|w_tile_161_address1     |  out|    7|   ap_memory|                                                       w_tile_161|         array|
|w_tile_161_ce1          |  out|    1|   ap_memory|                                                       w_tile_161|         array|
|w_tile_161_we1          |  out|    1|   ap_memory|                                                       w_tile_161|         array|
|w_tile_161_d1           |  out|   16|   ap_memory|                                                       w_tile_161|         array|
|w_tile_160_address1     |  out|    7|   ap_memory|                                                       w_tile_160|         array|
|w_tile_160_ce1          |  out|    1|   ap_memory|                                                       w_tile_160|         array|
|w_tile_160_we1          |  out|    1|   ap_memory|                                                       w_tile_160|         array|
|w_tile_160_d1           |  out|   16|   ap_memory|                                                       w_tile_160|         array|
|w_tile_159_address1     |  out|    7|   ap_memory|                                                       w_tile_159|         array|
|w_tile_159_ce1          |  out|    1|   ap_memory|                                                       w_tile_159|         array|
|w_tile_159_we1          |  out|    1|   ap_memory|                                                       w_tile_159|         array|
|w_tile_159_d1           |  out|   16|   ap_memory|                                                       w_tile_159|         array|
|w_tile_158_address1     |  out|    7|   ap_memory|                                                       w_tile_158|         array|
|w_tile_158_ce1          |  out|    1|   ap_memory|                                                       w_tile_158|         array|
|w_tile_158_we1          |  out|    1|   ap_memory|                                                       w_tile_158|         array|
|w_tile_158_d1           |  out|   16|   ap_memory|                                                       w_tile_158|         array|
|w_tile_157_address1     |  out|    7|   ap_memory|                                                       w_tile_157|         array|
|w_tile_157_ce1          |  out|    1|   ap_memory|                                                       w_tile_157|         array|
|w_tile_157_we1          |  out|    1|   ap_memory|                                                       w_tile_157|         array|
|w_tile_157_d1           |  out|   16|   ap_memory|                                                       w_tile_157|         array|
|w_tile_156_address1     |  out|    7|   ap_memory|                                                       w_tile_156|         array|
|w_tile_156_ce1          |  out|    1|   ap_memory|                                                       w_tile_156|         array|
|w_tile_156_we1          |  out|    1|   ap_memory|                                                       w_tile_156|         array|
|w_tile_156_d1           |  out|   16|   ap_memory|                                                       w_tile_156|         array|
|w_tile_155_address1     |  out|    7|   ap_memory|                                                       w_tile_155|         array|
|w_tile_155_ce1          |  out|    1|   ap_memory|                                                       w_tile_155|         array|
|w_tile_155_we1          |  out|    1|   ap_memory|                                                       w_tile_155|         array|
|w_tile_155_d1           |  out|   16|   ap_memory|                                                       w_tile_155|         array|
|w_tile_154_address1     |  out|    7|   ap_memory|                                                       w_tile_154|         array|
|w_tile_154_ce1          |  out|    1|   ap_memory|                                                       w_tile_154|         array|
|w_tile_154_we1          |  out|    1|   ap_memory|                                                       w_tile_154|         array|
|w_tile_154_d1           |  out|   16|   ap_memory|                                                       w_tile_154|         array|
|w_tile_153_address1     |  out|    7|   ap_memory|                                                       w_tile_153|         array|
|w_tile_153_ce1          |  out|    1|   ap_memory|                                                       w_tile_153|         array|
|w_tile_153_we1          |  out|    1|   ap_memory|                                                       w_tile_153|         array|
|w_tile_153_d1           |  out|   16|   ap_memory|                                                       w_tile_153|         array|
|w_tile_152_address1     |  out|    7|   ap_memory|                                                       w_tile_152|         array|
|w_tile_152_ce1          |  out|    1|   ap_memory|                                                       w_tile_152|         array|
|w_tile_152_we1          |  out|    1|   ap_memory|                                                       w_tile_152|         array|
|w_tile_152_d1           |  out|   16|   ap_memory|                                                       w_tile_152|         array|
|w_tile_151_address1     |  out|    7|   ap_memory|                                                       w_tile_151|         array|
|w_tile_151_ce1          |  out|    1|   ap_memory|                                                       w_tile_151|         array|
|w_tile_151_we1          |  out|    1|   ap_memory|                                                       w_tile_151|         array|
|w_tile_151_d1           |  out|   16|   ap_memory|                                                       w_tile_151|         array|
|w_tile_150_address1     |  out|    7|   ap_memory|                                                       w_tile_150|         array|
|w_tile_150_ce1          |  out|    1|   ap_memory|                                                       w_tile_150|         array|
|w_tile_150_we1          |  out|    1|   ap_memory|                                                       w_tile_150|         array|
|w_tile_150_d1           |  out|   16|   ap_memory|                                                       w_tile_150|         array|
|w_tile_149_address1     |  out|    7|   ap_memory|                                                       w_tile_149|         array|
|w_tile_149_ce1          |  out|    1|   ap_memory|                                                       w_tile_149|         array|
|w_tile_149_we1          |  out|    1|   ap_memory|                                                       w_tile_149|         array|
|w_tile_149_d1           |  out|   16|   ap_memory|                                                       w_tile_149|         array|
|w_tile_148_address1     |  out|    7|   ap_memory|                                                       w_tile_148|         array|
|w_tile_148_ce1          |  out|    1|   ap_memory|                                                       w_tile_148|         array|
|w_tile_148_we1          |  out|    1|   ap_memory|                                                       w_tile_148|         array|
|w_tile_148_d1           |  out|   16|   ap_memory|                                                       w_tile_148|         array|
|w_tile_147_address1     |  out|    7|   ap_memory|                                                       w_tile_147|         array|
|w_tile_147_ce1          |  out|    1|   ap_memory|                                                       w_tile_147|         array|
|w_tile_147_we1          |  out|    1|   ap_memory|                                                       w_tile_147|         array|
|w_tile_147_d1           |  out|   16|   ap_memory|                                                       w_tile_147|         array|
|w_tile_146_address1     |  out|    7|   ap_memory|                                                       w_tile_146|         array|
|w_tile_146_ce1          |  out|    1|   ap_memory|                                                       w_tile_146|         array|
|w_tile_146_we1          |  out|    1|   ap_memory|                                                       w_tile_146|         array|
|w_tile_146_d1           |  out|   16|   ap_memory|                                                       w_tile_146|         array|
|w_tile_145_address1     |  out|    7|   ap_memory|                                                       w_tile_145|         array|
|w_tile_145_ce1          |  out|    1|   ap_memory|                                                       w_tile_145|         array|
|w_tile_145_we1          |  out|    1|   ap_memory|                                                       w_tile_145|         array|
|w_tile_145_d1           |  out|   16|   ap_memory|                                                       w_tile_145|         array|
|w_tile_144_address1     |  out|    7|   ap_memory|                                                       w_tile_144|         array|
|w_tile_144_ce1          |  out|    1|   ap_memory|                                                       w_tile_144|         array|
|w_tile_144_we1          |  out|    1|   ap_memory|                                                       w_tile_144|         array|
|w_tile_144_d1           |  out|   16|   ap_memory|                                                       w_tile_144|         array|
|w_tile_143_address1     |  out|    7|   ap_memory|                                                       w_tile_143|         array|
|w_tile_143_ce1          |  out|    1|   ap_memory|                                                       w_tile_143|         array|
|w_tile_143_we1          |  out|    1|   ap_memory|                                                       w_tile_143|         array|
|w_tile_143_d1           |  out|   16|   ap_memory|                                                       w_tile_143|         array|
|w_tile_142_address1     |  out|    7|   ap_memory|                                                       w_tile_142|         array|
|w_tile_142_ce1          |  out|    1|   ap_memory|                                                       w_tile_142|         array|
|w_tile_142_we1          |  out|    1|   ap_memory|                                                       w_tile_142|         array|
|w_tile_142_d1           |  out|   16|   ap_memory|                                                       w_tile_142|         array|
|w_tile_141_address1     |  out|    7|   ap_memory|                                                       w_tile_141|         array|
|w_tile_141_ce1          |  out|    1|   ap_memory|                                                       w_tile_141|         array|
|w_tile_141_we1          |  out|    1|   ap_memory|                                                       w_tile_141|         array|
|w_tile_141_d1           |  out|   16|   ap_memory|                                                       w_tile_141|         array|
|w_tile_140_address1     |  out|    7|   ap_memory|                                                       w_tile_140|         array|
|w_tile_140_ce1          |  out|    1|   ap_memory|                                                       w_tile_140|         array|
|w_tile_140_we1          |  out|    1|   ap_memory|                                                       w_tile_140|         array|
|w_tile_140_d1           |  out|   16|   ap_memory|                                                       w_tile_140|         array|
|w_tile_139_address1     |  out|    7|   ap_memory|                                                       w_tile_139|         array|
|w_tile_139_ce1          |  out|    1|   ap_memory|                                                       w_tile_139|         array|
|w_tile_139_we1          |  out|    1|   ap_memory|                                                       w_tile_139|         array|
|w_tile_139_d1           |  out|   16|   ap_memory|                                                       w_tile_139|         array|
|w_tile_138_address1     |  out|    7|   ap_memory|                                                       w_tile_138|         array|
|w_tile_138_ce1          |  out|    1|   ap_memory|                                                       w_tile_138|         array|
|w_tile_138_we1          |  out|    1|   ap_memory|                                                       w_tile_138|         array|
|w_tile_138_d1           |  out|   16|   ap_memory|                                                       w_tile_138|         array|
|w_tile_137_address1     |  out|    7|   ap_memory|                                                       w_tile_137|         array|
|w_tile_137_ce1          |  out|    1|   ap_memory|                                                       w_tile_137|         array|
|w_tile_137_we1          |  out|    1|   ap_memory|                                                       w_tile_137|         array|
|w_tile_137_d1           |  out|   16|   ap_memory|                                                       w_tile_137|         array|
|w_tile_136_address1     |  out|    7|   ap_memory|                                                       w_tile_136|         array|
|w_tile_136_ce1          |  out|    1|   ap_memory|                                                       w_tile_136|         array|
|w_tile_136_we1          |  out|    1|   ap_memory|                                                       w_tile_136|         array|
|w_tile_136_d1           |  out|   16|   ap_memory|                                                       w_tile_136|         array|
|w_tile_135_address1     |  out|    7|   ap_memory|                                                       w_tile_135|         array|
|w_tile_135_ce1          |  out|    1|   ap_memory|                                                       w_tile_135|         array|
|w_tile_135_we1          |  out|    1|   ap_memory|                                                       w_tile_135|         array|
|w_tile_135_d1           |  out|   16|   ap_memory|                                                       w_tile_135|         array|
|w_tile_134_address1     |  out|    7|   ap_memory|                                                       w_tile_134|         array|
|w_tile_134_ce1          |  out|    1|   ap_memory|                                                       w_tile_134|         array|
|w_tile_134_we1          |  out|    1|   ap_memory|                                                       w_tile_134|         array|
|w_tile_134_d1           |  out|   16|   ap_memory|                                                       w_tile_134|         array|
|w_tile_133_address1     |  out|    7|   ap_memory|                                                       w_tile_133|         array|
|w_tile_133_ce1          |  out|    1|   ap_memory|                                                       w_tile_133|         array|
|w_tile_133_we1          |  out|    1|   ap_memory|                                                       w_tile_133|         array|
|w_tile_133_d1           |  out|   16|   ap_memory|                                                       w_tile_133|         array|
|w_tile_132_address1     |  out|    7|   ap_memory|                                                       w_tile_132|         array|
|w_tile_132_ce1          |  out|    1|   ap_memory|                                                       w_tile_132|         array|
|w_tile_132_we1          |  out|    1|   ap_memory|                                                       w_tile_132|         array|
|w_tile_132_d1           |  out|   16|   ap_memory|                                                       w_tile_132|         array|
|w_tile_131_address1     |  out|    7|   ap_memory|                                                       w_tile_131|         array|
|w_tile_131_ce1          |  out|    1|   ap_memory|                                                       w_tile_131|         array|
|w_tile_131_we1          |  out|    1|   ap_memory|                                                       w_tile_131|         array|
|w_tile_131_d1           |  out|   16|   ap_memory|                                                       w_tile_131|         array|
|w_tile_130_address1     |  out|    7|   ap_memory|                                                       w_tile_130|         array|
|w_tile_130_ce1          |  out|    1|   ap_memory|                                                       w_tile_130|         array|
|w_tile_130_we1          |  out|    1|   ap_memory|                                                       w_tile_130|         array|
|w_tile_130_d1           |  out|   16|   ap_memory|                                                       w_tile_130|         array|
|w_tile_129_address1     |  out|    7|   ap_memory|                                                       w_tile_129|         array|
|w_tile_129_ce1          |  out|    1|   ap_memory|                                                       w_tile_129|         array|
|w_tile_129_we1          |  out|    1|   ap_memory|                                                       w_tile_129|         array|
|w_tile_129_d1           |  out|   16|   ap_memory|                                                       w_tile_129|         array|
|w_tile_128_address1     |  out|    7|   ap_memory|                                                       w_tile_128|         array|
|w_tile_128_ce1          |  out|    1|   ap_memory|                                                       w_tile_128|         array|
|w_tile_128_we1          |  out|    1|   ap_memory|                                                       w_tile_128|         array|
|w_tile_128_d1           |  out|   16|   ap_memory|                                                       w_tile_128|         array|
|w_tile_127_address1     |  out|    7|   ap_memory|                                                       w_tile_127|         array|
|w_tile_127_ce1          |  out|    1|   ap_memory|                                                       w_tile_127|         array|
|w_tile_127_we1          |  out|    1|   ap_memory|                                                       w_tile_127|         array|
|w_tile_127_d1           |  out|   16|   ap_memory|                                                       w_tile_127|         array|
|w_tile_126_address1     |  out|    7|   ap_memory|                                                       w_tile_126|         array|
|w_tile_126_ce1          |  out|    1|   ap_memory|                                                       w_tile_126|         array|
|w_tile_126_we1          |  out|    1|   ap_memory|                                                       w_tile_126|         array|
|w_tile_126_d1           |  out|   16|   ap_memory|                                                       w_tile_126|         array|
|w_tile_125_address1     |  out|    7|   ap_memory|                                                       w_tile_125|         array|
|w_tile_125_ce1          |  out|    1|   ap_memory|                                                       w_tile_125|         array|
|w_tile_125_we1          |  out|    1|   ap_memory|                                                       w_tile_125|         array|
|w_tile_125_d1           |  out|   16|   ap_memory|                                                       w_tile_125|         array|
|w_tile_124_address1     |  out|    7|   ap_memory|                                                       w_tile_124|         array|
|w_tile_124_ce1          |  out|    1|   ap_memory|                                                       w_tile_124|         array|
|w_tile_124_we1          |  out|    1|   ap_memory|                                                       w_tile_124|         array|
|w_tile_124_d1           |  out|   16|   ap_memory|                                                       w_tile_124|         array|
|w_tile_123_address1     |  out|    7|   ap_memory|                                                       w_tile_123|         array|
|w_tile_123_ce1          |  out|    1|   ap_memory|                                                       w_tile_123|         array|
|w_tile_123_we1          |  out|    1|   ap_memory|                                                       w_tile_123|         array|
|w_tile_123_d1           |  out|   16|   ap_memory|                                                       w_tile_123|         array|
|w_tile_122_address1     |  out|    7|   ap_memory|                                                       w_tile_122|         array|
|w_tile_122_ce1          |  out|    1|   ap_memory|                                                       w_tile_122|         array|
|w_tile_122_we1          |  out|    1|   ap_memory|                                                       w_tile_122|         array|
|w_tile_122_d1           |  out|   16|   ap_memory|                                                       w_tile_122|         array|
|w_tile_121_address1     |  out|    7|   ap_memory|                                                       w_tile_121|         array|
|w_tile_121_ce1          |  out|    1|   ap_memory|                                                       w_tile_121|         array|
|w_tile_121_we1          |  out|    1|   ap_memory|                                                       w_tile_121|         array|
|w_tile_121_d1           |  out|   16|   ap_memory|                                                       w_tile_121|         array|
|w_tile_120_address1     |  out|    7|   ap_memory|                                                       w_tile_120|         array|
|w_tile_120_ce1          |  out|    1|   ap_memory|                                                       w_tile_120|         array|
|w_tile_120_we1          |  out|    1|   ap_memory|                                                       w_tile_120|         array|
|w_tile_120_d1           |  out|   16|   ap_memory|                                                       w_tile_120|         array|
|w_tile_119_address1     |  out|    7|   ap_memory|                                                       w_tile_119|         array|
|w_tile_119_ce1          |  out|    1|   ap_memory|                                                       w_tile_119|         array|
|w_tile_119_we1          |  out|    1|   ap_memory|                                                       w_tile_119|         array|
|w_tile_119_d1           |  out|   16|   ap_memory|                                                       w_tile_119|         array|
|w_tile_118_address1     |  out|    7|   ap_memory|                                                       w_tile_118|         array|
|w_tile_118_ce1          |  out|    1|   ap_memory|                                                       w_tile_118|         array|
|w_tile_118_we1          |  out|    1|   ap_memory|                                                       w_tile_118|         array|
|w_tile_118_d1           |  out|   16|   ap_memory|                                                       w_tile_118|         array|
|w_tile_117_address1     |  out|    7|   ap_memory|                                                       w_tile_117|         array|
|w_tile_117_ce1          |  out|    1|   ap_memory|                                                       w_tile_117|         array|
|w_tile_117_we1          |  out|    1|   ap_memory|                                                       w_tile_117|         array|
|w_tile_117_d1           |  out|   16|   ap_memory|                                                       w_tile_117|         array|
|w_tile_116_address1     |  out|    7|   ap_memory|                                                       w_tile_116|         array|
|w_tile_116_ce1          |  out|    1|   ap_memory|                                                       w_tile_116|         array|
|w_tile_116_we1          |  out|    1|   ap_memory|                                                       w_tile_116|         array|
|w_tile_116_d1           |  out|   16|   ap_memory|                                                       w_tile_116|         array|
|w_tile_115_address1     |  out|    7|   ap_memory|                                                       w_tile_115|         array|
|w_tile_115_ce1          |  out|    1|   ap_memory|                                                       w_tile_115|         array|
|w_tile_115_we1          |  out|    1|   ap_memory|                                                       w_tile_115|         array|
|w_tile_115_d1           |  out|   16|   ap_memory|                                                       w_tile_115|         array|
|w_tile_114_address1     |  out|    7|   ap_memory|                                                       w_tile_114|         array|
|w_tile_114_ce1          |  out|    1|   ap_memory|                                                       w_tile_114|         array|
|w_tile_114_we1          |  out|    1|   ap_memory|                                                       w_tile_114|         array|
|w_tile_114_d1           |  out|   16|   ap_memory|                                                       w_tile_114|         array|
|w_tile_113_address1     |  out|    7|   ap_memory|                                                       w_tile_113|         array|
|w_tile_113_ce1          |  out|    1|   ap_memory|                                                       w_tile_113|         array|
|w_tile_113_we1          |  out|    1|   ap_memory|                                                       w_tile_113|         array|
|w_tile_113_d1           |  out|   16|   ap_memory|                                                       w_tile_113|         array|
|w_tile_112_address1     |  out|    7|   ap_memory|                                                       w_tile_112|         array|
|w_tile_112_ce1          |  out|    1|   ap_memory|                                                       w_tile_112|         array|
|w_tile_112_we1          |  out|    1|   ap_memory|                                                       w_tile_112|         array|
|w_tile_112_d1           |  out|   16|   ap_memory|                                                       w_tile_112|         array|
|w_tile_111_address1     |  out|    7|   ap_memory|                                                       w_tile_111|         array|
|w_tile_111_ce1          |  out|    1|   ap_memory|                                                       w_tile_111|         array|
|w_tile_111_we1          |  out|    1|   ap_memory|                                                       w_tile_111|         array|
|w_tile_111_d1           |  out|   16|   ap_memory|                                                       w_tile_111|         array|
|w_tile_110_address1     |  out|    7|   ap_memory|                                                       w_tile_110|         array|
|w_tile_110_ce1          |  out|    1|   ap_memory|                                                       w_tile_110|         array|
|w_tile_110_we1          |  out|    1|   ap_memory|                                                       w_tile_110|         array|
|w_tile_110_d1           |  out|   16|   ap_memory|                                                       w_tile_110|         array|
|w_tile_109_address1     |  out|    7|   ap_memory|                                                       w_tile_109|         array|
|w_tile_109_ce1          |  out|    1|   ap_memory|                                                       w_tile_109|         array|
|w_tile_109_we1          |  out|    1|   ap_memory|                                                       w_tile_109|         array|
|w_tile_109_d1           |  out|   16|   ap_memory|                                                       w_tile_109|         array|
|w_tile_108_address1     |  out|    7|   ap_memory|                                                       w_tile_108|         array|
|w_tile_108_ce1          |  out|    1|   ap_memory|                                                       w_tile_108|         array|
|w_tile_108_we1          |  out|    1|   ap_memory|                                                       w_tile_108|         array|
|w_tile_108_d1           |  out|   16|   ap_memory|                                                       w_tile_108|         array|
|w_tile_107_address1     |  out|    7|   ap_memory|                                                       w_tile_107|         array|
|w_tile_107_ce1          |  out|    1|   ap_memory|                                                       w_tile_107|         array|
|w_tile_107_we1          |  out|    1|   ap_memory|                                                       w_tile_107|         array|
|w_tile_107_d1           |  out|   16|   ap_memory|                                                       w_tile_107|         array|
|w_tile_106_address1     |  out|    7|   ap_memory|                                                       w_tile_106|         array|
|w_tile_106_ce1          |  out|    1|   ap_memory|                                                       w_tile_106|         array|
|w_tile_106_we1          |  out|    1|   ap_memory|                                                       w_tile_106|         array|
|w_tile_106_d1           |  out|   16|   ap_memory|                                                       w_tile_106|         array|
|w_tile_105_address1     |  out|    7|   ap_memory|                                                       w_tile_105|         array|
|w_tile_105_ce1          |  out|    1|   ap_memory|                                                       w_tile_105|         array|
|w_tile_105_we1          |  out|    1|   ap_memory|                                                       w_tile_105|         array|
|w_tile_105_d1           |  out|   16|   ap_memory|                                                       w_tile_105|         array|
|w_tile_104_address1     |  out|    7|   ap_memory|                                                       w_tile_104|         array|
|w_tile_104_ce1          |  out|    1|   ap_memory|                                                       w_tile_104|         array|
|w_tile_104_we1          |  out|    1|   ap_memory|                                                       w_tile_104|         array|
|w_tile_104_d1           |  out|   16|   ap_memory|                                                       w_tile_104|         array|
|w_tile_103_address1     |  out|    7|   ap_memory|                                                       w_tile_103|         array|
|w_tile_103_ce1          |  out|    1|   ap_memory|                                                       w_tile_103|         array|
|w_tile_103_we1          |  out|    1|   ap_memory|                                                       w_tile_103|         array|
|w_tile_103_d1           |  out|   16|   ap_memory|                                                       w_tile_103|         array|
|w_tile_102_address1     |  out|    7|   ap_memory|                                                       w_tile_102|         array|
|w_tile_102_ce1          |  out|    1|   ap_memory|                                                       w_tile_102|         array|
|w_tile_102_we1          |  out|    1|   ap_memory|                                                       w_tile_102|         array|
|w_tile_102_d1           |  out|   16|   ap_memory|                                                       w_tile_102|         array|
|w_tile_101_address1     |  out|    7|   ap_memory|                                                       w_tile_101|         array|
|w_tile_101_ce1          |  out|    1|   ap_memory|                                                       w_tile_101|         array|
|w_tile_101_we1          |  out|    1|   ap_memory|                                                       w_tile_101|         array|
|w_tile_101_d1           |  out|   16|   ap_memory|                                                       w_tile_101|         array|
|w_tile_100_address1     |  out|    7|   ap_memory|                                                       w_tile_100|         array|
|w_tile_100_ce1          |  out|    1|   ap_memory|                                                       w_tile_100|         array|
|w_tile_100_we1          |  out|    1|   ap_memory|                                                       w_tile_100|         array|
|w_tile_100_d1           |  out|   16|   ap_memory|                                                       w_tile_100|         array|
|w_tile_99_address1      |  out|    7|   ap_memory|                                                        w_tile_99|         array|
|w_tile_99_ce1           |  out|    1|   ap_memory|                                                        w_tile_99|         array|
|w_tile_99_we1           |  out|    1|   ap_memory|                                                        w_tile_99|         array|
|w_tile_99_d1            |  out|   16|   ap_memory|                                                        w_tile_99|         array|
|w_tile_98_address1      |  out|    7|   ap_memory|                                                        w_tile_98|         array|
|w_tile_98_ce1           |  out|    1|   ap_memory|                                                        w_tile_98|         array|
|w_tile_98_we1           |  out|    1|   ap_memory|                                                        w_tile_98|         array|
|w_tile_98_d1            |  out|   16|   ap_memory|                                                        w_tile_98|         array|
|w_tile_97_address1      |  out|    7|   ap_memory|                                                        w_tile_97|         array|
|w_tile_97_ce1           |  out|    1|   ap_memory|                                                        w_tile_97|         array|
|w_tile_97_we1           |  out|    1|   ap_memory|                                                        w_tile_97|         array|
|w_tile_97_d1            |  out|   16|   ap_memory|                                                        w_tile_97|         array|
|w_tile_96_address1      |  out|    7|   ap_memory|                                                        w_tile_96|         array|
|w_tile_96_ce1           |  out|    1|   ap_memory|                                                        w_tile_96|         array|
|w_tile_96_we1           |  out|    1|   ap_memory|                                                        w_tile_96|         array|
|w_tile_96_d1            |  out|   16|   ap_memory|                                                        w_tile_96|         array|
|w_tile_95_address1      |  out|    7|   ap_memory|                                                        w_tile_95|         array|
|w_tile_95_ce1           |  out|    1|   ap_memory|                                                        w_tile_95|         array|
|w_tile_95_we1           |  out|    1|   ap_memory|                                                        w_tile_95|         array|
|w_tile_95_d1            |  out|   16|   ap_memory|                                                        w_tile_95|         array|
|w_tile_94_address1      |  out|    7|   ap_memory|                                                        w_tile_94|         array|
|w_tile_94_ce1           |  out|    1|   ap_memory|                                                        w_tile_94|         array|
|w_tile_94_we1           |  out|    1|   ap_memory|                                                        w_tile_94|         array|
|w_tile_94_d1            |  out|   16|   ap_memory|                                                        w_tile_94|         array|
|w_tile_93_address1      |  out|    7|   ap_memory|                                                        w_tile_93|         array|
|w_tile_93_ce1           |  out|    1|   ap_memory|                                                        w_tile_93|         array|
|w_tile_93_we1           |  out|    1|   ap_memory|                                                        w_tile_93|         array|
|w_tile_93_d1            |  out|   16|   ap_memory|                                                        w_tile_93|         array|
|w_tile_92_address1      |  out|    7|   ap_memory|                                                        w_tile_92|         array|
|w_tile_92_ce1           |  out|    1|   ap_memory|                                                        w_tile_92|         array|
|w_tile_92_we1           |  out|    1|   ap_memory|                                                        w_tile_92|         array|
|w_tile_92_d1            |  out|   16|   ap_memory|                                                        w_tile_92|         array|
|w_tile_91_address1      |  out|    7|   ap_memory|                                                        w_tile_91|         array|
|w_tile_91_ce1           |  out|    1|   ap_memory|                                                        w_tile_91|         array|
|w_tile_91_we1           |  out|    1|   ap_memory|                                                        w_tile_91|         array|
|w_tile_91_d1            |  out|   16|   ap_memory|                                                        w_tile_91|         array|
|w_tile_90_address1      |  out|    7|   ap_memory|                                                        w_tile_90|         array|
|w_tile_90_ce1           |  out|    1|   ap_memory|                                                        w_tile_90|         array|
|w_tile_90_we1           |  out|    1|   ap_memory|                                                        w_tile_90|         array|
|w_tile_90_d1            |  out|   16|   ap_memory|                                                        w_tile_90|         array|
|w_tile_89_address1      |  out|    7|   ap_memory|                                                        w_tile_89|         array|
|w_tile_89_ce1           |  out|    1|   ap_memory|                                                        w_tile_89|         array|
|w_tile_89_we1           |  out|    1|   ap_memory|                                                        w_tile_89|         array|
|w_tile_89_d1            |  out|   16|   ap_memory|                                                        w_tile_89|         array|
|w_tile_88_address1      |  out|    7|   ap_memory|                                                        w_tile_88|         array|
|w_tile_88_ce1           |  out|    1|   ap_memory|                                                        w_tile_88|         array|
|w_tile_88_we1           |  out|    1|   ap_memory|                                                        w_tile_88|         array|
|w_tile_88_d1            |  out|   16|   ap_memory|                                                        w_tile_88|         array|
|w_tile_87_address1      |  out|    7|   ap_memory|                                                        w_tile_87|         array|
|w_tile_87_ce1           |  out|    1|   ap_memory|                                                        w_tile_87|         array|
|w_tile_87_we1           |  out|    1|   ap_memory|                                                        w_tile_87|         array|
|w_tile_87_d1            |  out|   16|   ap_memory|                                                        w_tile_87|         array|
|w_tile_86_address1      |  out|    7|   ap_memory|                                                        w_tile_86|         array|
|w_tile_86_ce1           |  out|    1|   ap_memory|                                                        w_tile_86|         array|
|w_tile_86_we1           |  out|    1|   ap_memory|                                                        w_tile_86|         array|
|w_tile_86_d1            |  out|   16|   ap_memory|                                                        w_tile_86|         array|
|w_tile_85_address1      |  out|    7|   ap_memory|                                                        w_tile_85|         array|
|w_tile_85_ce1           |  out|    1|   ap_memory|                                                        w_tile_85|         array|
|w_tile_85_we1           |  out|    1|   ap_memory|                                                        w_tile_85|         array|
|w_tile_85_d1            |  out|   16|   ap_memory|                                                        w_tile_85|         array|
|w_tile_84_address1      |  out|    7|   ap_memory|                                                        w_tile_84|         array|
|w_tile_84_ce1           |  out|    1|   ap_memory|                                                        w_tile_84|         array|
|w_tile_84_we1           |  out|    1|   ap_memory|                                                        w_tile_84|         array|
|w_tile_84_d1            |  out|   16|   ap_memory|                                                        w_tile_84|         array|
|w_tile_83_address1      |  out|    7|   ap_memory|                                                        w_tile_83|         array|
|w_tile_83_ce1           |  out|    1|   ap_memory|                                                        w_tile_83|         array|
|w_tile_83_we1           |  out|    1|   ap_memory|                                                        w_tile_83|         array|
|w_tile_83_d1            |  out|   16|   ap_memory|                                                        w_tile_83|         array|
|w_tile_82_address1      |  out|    7|   ap_memory|                                                        w_tile_82|         array|
|w_tile_82_ce1           |  out|    1|   ap_memory|                                                        w_tile_82|         array|
|w_tile_82_we1           |  out|    1|   ap_memory|                                                        w_tile_82|         array|
|w_tile_82_d1            |  out|   16|   ap_memory|                                                        w_tile_82|         array|
|w_tile_81_address1      |  out|    7|   ap_memory|                                                        w_tile_81|         array|
|w_tile_81_ce1           |  out|    1|   ap_memory|                                                        w_tile_81|         array|
|w_tile_81_we1           |  out|    1|   ap_memory|                                                        w_tile_81|         array|
|w_tile_81_d1            |  out|   16|   ap_memory|                                                        w_tile_81|         array|
|w_tile_80_address1      |  out|    7|   ap_memory|                                                        w_tile_80|         array|
|w_tile_80_ce1           |  out|    1|   ap_memory|                                                        w_tile_80|         array|
|w_tile_80_we1           |  out|    1|   ap_memory|                                                        w_tile_80|         array|
|w_tile_80_d1            |  out|   16|   ap_memory|                                                        w_tile_80|         array|
|w_tile_79_address1      |  out|    7|   ap_memory|                                                        w_tile_79|         array|
|w_tile_79_ce1           |  out|    1|   ap_memory|                                                        w_tile_79|         array|
|w_tile_79_we1           |  out|    1|   ap_memory|                                                        w_tile_79|         array|
|w_tile_79_d1            |  out|   16|   ap_memory|                                                        w_tile_79|         array|
|w_tile_78_address1      |  out|    7|   ap_memory|                                                        w_tile_78|         array|
|w_tile_78_ce1           |  out|    1|   ap_memory|                                                        w_tile_78|         array|
|w_tile_78_we1           |  out|    1|   ap_memory|                                                        w_tile_78|         array|
|w_tile_78_d1            |  out|   16|   ap_memory|                                                        w_tile_78|         array|
|w_tile_77_address1      |  out|    7|   ap_memory|                                                        w_tile_77|         array|
|w_tile_77_ce1           |  out|    1|   ap_memory|                                                        w_tile_77|         array|
|w_tile_77_we1           |  out|    1|   ap_memory|                                                        w_tile_77|         array|
|w_tile_77_d1            |  out|   16|   ap_memory|                                                        w_tile_77|         array|
|w_tile_76_address1      |  out|    7|   ap_memory|                                                        w_tile_76|         array|
|w_tile_76_ce1           |  out|    1|   ap_memory|                                                        w_tile_76|         array|
|w_tile_76_we1           |  out|    1|   ap_memory|                                                        w_tile_76|         array|
|w_tile_76_d1            |  out|   16|   ap_memory|                                                        w_tile_76|         array|
|w_tile_75_address1      |  out|    7|   ap_memory|                                                        w_tile_75|         array|
|w_tile_75_ce1           |  out|    1|   ap_memory|                                                        w_tile_75|         array|
|w_tile_75_we1           |  out|    1|   ap_memory|                                                        w_tile_75|         array|
|w_tile_75_d1            |  out|   16|   ap_memory|                                                        w_tile_75|         array|
|w_tile_74_address1      |  out|    7|   ap_memory|                                                        w_tile_74|         array|
|w_tile_74_ce1           |  out|    1|   ap_memory|                                                        w_tile_74|         array|
|w_tile_74_we1           |  out|    1|   ap_memory|                                                        w_tile_74|         array|
|w_tile_74_d1            |  out|   16|   ap_memory|                                                        w_tile_74|         array|
|w_tile_73_address1      |  out|    7|   ap_memory|                                                        w_tile_73|         array|
|w_tile_73_ce1           |  out|    1|   ap_memory|                                                        w_tile_73|         array|
|w_tile_73_we1           |  out|    1|   ap_memory|                                                        w_tile_73|         array|
|w_tile_73_d1            |  out|   16|   ap_memory|                                                        w_tile_73|         array|
|w_tile_72_address1      |  out|    7|   ap_memory|                                                        w_tile_72|         array|
|w_tile_72_ce1           |  out|    1|   ap_memory|                                                        w_tile_72|         array|
|w_tile_72_we1           |  out|    1|   ap_memory|                                                        w_tile_72|         array|
|w_tile_72_d1            |  out|   16|   ap_memory|                                                        w_tile_72|         array|
|w_tile_71_address1      |  out|    7|   ap_memory|                                                        w_tile_71|         array|
|w_tile_71_ce1           |  out|    1|   ap_memory|                                                        w_tile_71|         array|
|w_tile_71_we1           |  out|    1|   ap_memory|                                                        w_tile_71|         array|
|w_tile_71_d1            |  out|   16|   ap_memory|                                                        w_tile_71|         array|
|w_tile_70_address1      |  out|    7|   ap_memory|                                                        w_tile_70|         array|
|w_tile_70_ce1           |  out|    1|   ap_memory|                                                        w_tile_70|         array|
|w_tile_70_we1           |  out|    1|   ap_memory|                                                        w_tile_70|         array|
|w_tile_70_d1            |  out|   16|   ap_memory|                                                        w_tile_70|         array|
|w_tile_69_address1      |  out|    7|   ap_memory|                                                        w_tile_69|         array|
|w_tile_69_ce1           |  out|    1|   ap_memory|                                                        w_tile_69|         array|
|w_tile_69_we1           |  out|    1|   ap_memory|                                                        w_tile_69|         array|
|w_tile_69_d1            |  out|   16|   ap_memory|                                                        w_tile_69|         array|
|w_tile_68_address1      |  out|    7|   ap_memory|                                                        w_tile_68|         array|
|w_tile_68_ce1           |  out|    1|   ap_memory|                                                        w_tile_68|         array|
|w_tile_68_we1           |  out|    1|   ap_memory|                                                        w_tile_68|         array|
|w_tile_68_d1            |  out|   16|   ap_memory|                                                        w_tile_68|         array|
|w_tile_67_address1      |  out|    7|   ap_memory|                                                        w_tile_67|         array|
|w_tile_67_ce1           |  out|    1|   ap_memory|                                                        w_tile_67|         array|
|w_tile_67_we1           |  out|    1|   ap_memory|                                                        w_tile_67|         array|
|w_tile_67_d1            |  out|   16|   ap_memory|                                                        w_tile_67|         array|
|w_tile_66_address1      |  out|    7|   ap_memory|                                                        w_tile_66|         array|
|w_tile_66_ce1           |  out|    1|   ap_memory|                                                        w_tile_66|         array|
|w_tile_66_we1           |  out|    1|   ap_memory|                                                        w_tile_66|         array|
|w_tile_66_d1            |  out|   16|   ap_memory|                                                        w_tile_66|         array|
|w_tile_65_address1      |  out|    7|   ap_memory|                                                        w_tile_65|         array|
|w_tile_65_ce1           |  out|    1|   ap_memory|                                                        w_tile_65|         array|
|w_tile_65_we1           |  out|    1|   ap_memory|                                                        w_tile_65|         array|
|w_tile_65_d1            |  out|   16|   ap_memory|                                                        w_tile_65|         array|
|w_tile_64_address1      |  out|    7|   ap_memory|                                                        w_tile_64|         array|
|w_tile_64_ce1           |  out|    1|   ap_memory|                                                        w_tile_64|         array|
|w_tile_64_we1           |  out|    1|   ap_memory|                                                        w_tile_64|         array|
|w_tile_64_d1            |  out|   16|   ap_memory|                                                        w_tile_64|         array|
|w_tile_63_address1      |  out|    7|   ap_memory|                                                        w_tile_63|         array|
|w_tile_63_ce1           |  out|    1|   ap_memory|                                                        w_tile_63|         array|
|w_tile_63_we1           |  out|    1|   ap_memory|                                                        w_tile_63|         array|
|w_tile_63_d1            |  out|   16|   ap_memory|                                                        w_tile_63|         array|
|w_tile_62_address1      |  out|    7|   ap_memory|                                                        w_tile_62|         array|
|w_tile_62_ce1           |  out|    1|   ap_memory|                                                        w_tile_62|         array|
|w_tile_62_we1           |  out|    1|   ap_memory|                                                        w_tile_62|         array|
|w_tile_62_d1            |  out|   16|   ap_memory|                                                        w_tile_62|         array|
|w_tile_61_address1      |  out|    7|   ap_memory|                                                        w_tile_61|         array|
|w_tile_61_ce1           |  out|    1|   ap_memory|                                                        w_tile_61|         array|
|w_tile_61_we1           |  out|    1|   ap_memory|                                                        w_tile_61|         array|
|w_tile_61_d1            |  out|   16|   ap_memory|                                                        w_tile_61|         array|
|w_tile_60_address1      |  out|    7|   ap_memory|                                                        w_tile_60|         array|
|w_tile_60_ce1           |  out|    1|   ap_memory|                                                        w_tile_60|         array|
|w_tile_60_we1           |  out|    1|   ap_memory|                                                        w_tile_60|         array|
|w_tile_60_d1            |  out|   16|   ap_memory|                                                        w_tile_60|         array|
|w_tile_59_address1      |  out|    7|   ap_memory|                                                        w_tile_59|         array|
|w_tile_59_ce1           |  out|    1|   ap_memory|                                                        w_tile_59|         array|
|w_tile_59_we1           |  out|    1|   ap_memory|                                                        w_tile_59|         array|
|w_tile_59_d1            |  out|   16|   ap_memory|                                                        w_tile_59|         array|
|w_tile_58_address1      |  out|    7|   ap_memory|                                                        w_tile_58|         array|
|w_tile_58_ce1           |  out|    1|   ap_memory|                                                        w_tile_58|         array|
|w_tile_58_we1           |  out|    1|   ap_memory|                                                        w_tile_58|         array|
|w_tile_58_d1            |  out|   16|   ap_memory|                                                        w_tile_58|         array|
|w_tile_57_address1      |  out|    7|   ap_memory|                                                        w_tile_57|         array|
|w_tile_57_ce1           |  out|    1|   ap_memory|                                                        w_tile_57|         array|
|w_tile_57_we1           |  out|    1|   ap_memory|                                                        w_tile_57|         array|
|w_tile_57_d1            |  out|   16|   ap_memory|                                                        w_tile_57|         array|
|w_tile_56_address1      |  out|    7|   ap_memory|                                                        w_tile_56|         array|
|w_tile_56_ce1           |  out|    1|   ap_memory|                                                        w_tile_56|         array|
|w_tile_56_we1           |  out|    1|   ap_memory|                                                        w_tile_56|         array|
|w_tile_56_d1            |  out|   16|   ap_memory|                                                        w_tile_56|         array|
|w_tile_55_address1      |  out|    7|   ap_memory|                                                        w_tile_55|         array|
|w_tile_55_ce1           |  out|    1|   ap_memory|                                                        w_tile_55|         array|
|w_tile_55_we1           |  out|    1|   ap_memory|                                                        w_tile_55|         array|
|w_tile_55_d1            |  out|   16|   ap_memory|                                                        w_tile_55|         array|
|w_tile_54_address1      |  out|    7|   ap_memory|                                                        w_tile_54|         array|
|w_tile_54_ce1           |  out|    1|   ap_memory|                                                        w_tile_54|         array|
|w_tile_54_we1           |  out|    1|   ap_memory|                                                        w_tile_54|         array|
|w_tile_54_d1            |  out|   16|   ap_memory|                                                        w_tile_54|         array|
|w_tile_53_address1      |  out|    7|   ap_memory|                                                        w_tile_53|         array|
|w_tile_53_ce1           |  out|    1|   ap_memory|                                                        w_tile_53|         array|
|w_tile_53_we1           |  out|    1|   ap_memory|                                                        w_tile_53|         array|
|w_tile_53_d1            |  out|   16|   ap_memory|                                                        w_tile_53|         array|
|w_tile_52_address1      |  out|    7|   ap_memory|                                                        w_tile_52|         array|
|w_tile_52_ce1           |  out|    1|   ap_memory|                                                        w_tile_52|         array|
|w_tile_52_we1           |  out|    1|   ap_memory|                                                        w_tile_52|         array|
|w_tile_52_d1            |  out|   16|   ap_memory|                                                        w_tile_52|         array|
|w_tile_51_address1      |  out|    7|   ap_memory|                                                        w_tile_51|         array|
|w_tile_51_ce1           |  out|    1|   ap_memory|                                                        w_tile_51|         array|
|w_tile_51_we1           |  out|    1|   ap_memory|                                                        w_tile_51|         array|
|w_tile_51_d1            |  out|   16|   ap_memory|                                                        w_tile_51|         array|
|w_tile_50_address1      |  out|    7|   ap_memory|                                                        w_tile_50|         array|
|w_tile_50_ce1           |  out|    1|   ap_memory|                                                        w_tile_50|         array|
|w_tile_50_we1           |  out|    1|   ap_memory|                                                        w_tile_50|         array|
|w_tile_50_d1            |  out|   16|   ap_memory|                                                        w_tile_50|         array|
|w_tile_49_address1      |  out|    7|   ap_memory|                                                        w_tile_49|         array|
|w_tile_49_ce1           |  out|    1|   ap_memory|                                                        w_tile_49|         array|
|w_tile_49_we1           |  out|    1|   ap_memory|                                                        w_tile_49|         array|
|w_tile_49_d1            |  out|   16|   ap_memory|                                                        w_tile_49|         array|
|w_tile_48_address1      |  out|    7|   ap_memory|                                                        w_tile_48|         array|
|w_tile_48_ce1           |  out|    1|   ap_memory|                                                        w_tile_48|         array|
|w_tile_48_we1           |  out|    1|   ap_memory|                                                        w_tile_48|         array|
|w_tile_48_d1            |  out|   16|   ap_memory|                                                        w_tile_48|         array|
|w_tile_47_address1      |  out|    7|   ap_memory|                                                        w_tile_47|         array|
|w_tile_47_ce1           |  out|    1|   ap_memory|                                                        w_tile_47|         array|
|w_tile_47_we1           |  out|    1|   ap_memory|                                                        w_tile_47|         array|
|w_tile_47_d1            |  out|   16|   ap_memory|                                                        w_tile_47|         array|
|w_tile_46_address1      |  out|    7|   ap_memory|                                                        w_tile_46|         array|
|w_tile_46_ce1           |  out|    1|   ap_memory|                                                        w_tile_46|         array|
|w_tile_46_we1           |  out|    1|   ap_memory|                                                        w_tile_46|         array|
|w_tile_46_d1            |  out|   16|   ap_memory|                                                        w_tile_46|         array|
|w_tile_45_address1      |  out|    7|   ap_memory|                                                        w_tile_45|         array|
|w_tile_45_ce1           |  out|    1|   ap_memory|                                                        w_tile_45|         array|
|w_tile_45_we1           |  out|    1|   ap_memory|                                                        w_tile_45|         array|
|w_tile_45_d1            |  out|   16|   ap_memory|                                                        w_tile_45|         array|
|w_tile_44_address1      |  out|    7|   ap_memory|                                                        w_tile_44|         array|
|w_tile_44_ce1           |  out|    1|   ap_memory|                                                        w_tile_44|         array|
|w_tile_44_we1           |  out|    1|   ap_memory|                                                        w_tile_44|         array|
|w_tile_44_d1            |  out|   16|   ap_memory|                                                        w_tile_44|         array|
|w_tile_43_address1      |  out|    7|   ap_memory|                                                        w_tile_43|         array|
|w_tile_43_ce1           |  out|    1|   ap_memory|                                                        w_tile_43|         array|
|w_tile_43_we1           |  out|    1|   ap_memory|                                                        w_tile_43|         array|
|w_tile_43_d1            |  out|   16|   ap_memory|                                                        w_tile_43|         array|
|w_tile_42_address1      |  out|    7|   ap_memory|                                                        w_tile_42|         array|
|w_tile_42_ce1           |  out|    1|   ap_memory|                                                        w_tile_42|         array|
|w_tile_42_we1           |  out|    1|   ap_memory|                                                        w_tile_42|         array|
|w_tile_42_d1            |  out|   16|   ap_memory|                                                        w_tile_42|         array|
|w_tile_41_address1      |  out|    7|   ap_memory|                                                        w_tile_41|         array|
|w_tile_41_ce1           |  out|    1|   ap_memory|                                                        w_tile_41|         array|
|w_tile_41_we1           |  out|    1|   ap_memory|                                                        w_tile_41|         array|
|w_tile_41_d1            |  out|   16|   ap_memory|                                                        w_tile_41|         array|
|w_tile_40_address1      |  out|    7|   ap_memory|                                                        w_tile_40|         array|
|w_tile_40_ce1           |  out|    1|   ap_memory|                                                        w_tile_40|         array|
|w_tile_40_we1           |  out|    1|   ap_memory|                                                        w_tile_40|         array|
|w_tile_40_d1            |  out|   16|   ap_memory|                                                        w_tile_40|         array|
|w_tile_39_address1      |  out|    7|   ap_memory|                                                        w_tile_39|         array|
|w_tile_39_ce1           |  out|    1|   ap_memory|                                                        w_tile_39|         array|
|w_tile_39_we1           |  out|    1|   ap_memory|                                                        w_tile_39|         array|
|w_tile_39_d1            |  out|   16|   ap_memory|                                                        w_tile_39|         array|
|w_tile_38_address1      |  out|    7|   ap_memory|                                                        w_tile_38|         array|
|w_tile_38_ce1           |  out|    1|   ap_memory|                                                        w_tile_38|         array|
|w_tile_38_we1           |  out|    1|   ap_memory|                                                        w_tile_38|         array|
|w_tile_38_d1            |  out|   16|   ap_memory|                                                        w_tile_38|         array|
|w_tile_37_address1      |  out|    7|   ap_memory|                                                        w_tile_37|         array|
|w_tile_37_ce1           |  out|    1|   ap_memory|                                                        w_tile_37|         array|
|w_tile_37_we1           |  out|    1|   ap_memory|                                                        w_tile_37|         array|
|w_tile_37_d1            |  out|   16|   ap_memory|                                                        w_tile_37|         array|
|w_tile_36_address1      |  out|    7|   ap_memory|                                                        w_tile_36|         array|
|w_tile_36_ce1           |  out|    1|   ap_memory|                                                        w_tile_36|         array|
|w_tile_36_we1           |  out|    1|   ap_memory|                                                        w_tile_36|         array|
|w_tile_36_d1            |  out|   16|   ap_memory|                                                        w_tile_36|         array|
|w_tile_35_address1      |  out|    7|   ap_memory|                                                        w_tile_35|         array|
|w_tile_35_ce1           |  out|    1|   ap_memory|                                                        w_tile_35|         array|
|w_tile_35_we1           |  out|    1|   ap_memory|                                                        w_tile_35|         array|
|w_tile_35_d1            |  out|   16|   ap_memory|                                                        w_tile_35|         array|
|w_tile_34_address1      |  out|    7|   ap_memory|                                                        w_tile_34|         array|
|w_tile_34_ce1           |  out|    1|   ap_memory|                                                        w_tile_34|         array|
|w_tile_34_we1           |  out|    1|   ap_memory|                                                        w_tile_34|         array|
|w_tile_34_d1            |  out|   16|   ap_memory|                                                        w_tile_34|         array|
|w_tile_33_address1      |  out|    7|   ap_memory|                                                        w_tile_33|         array|
|w_tile_33_ce1           |  out|    1|   ap_memory|                                                        w_tile_33|         array|
|w_tile_33_we1           |  out|    1|   ap_memory|                                                        w_tile_33|         array|
|w_tile_33_d1            |  out|   16|   ap_memory|                                                        w_tile_33|         array|
|w_tile_32_address1      |  out|    7|   ap_memory|                                                        w_tile_32|         array|
|w_tile_32_ce1           |  out|    1|   ap_memory|                                                        w_tile_32|         array|
|w_tile_32_we1           |  out|    1|   ap_memory|                                                        w_tile_32|         array|
|w_tile_32_d1            |  out|   16|   ap_memory|                                                        w_tile_32|         array|
|w_tile_31_address1      |  out|    7|   ap_memory|                                                        w_tile_31|         array|
|w_tile_31_ce1           |  out|    1|   ap_memory|                                                        w_tile_31|         array|
|w_tile_31_we1           |  out|    1|   ap_memory|                                                        w_tile_31|         array|
|w_tile_31_d1            |  out|   16|   ap_memory|                                                        w_tile_31|         array|
|w_tile_30_address1      |  out|    7|   ap_memory|                                                        w_tile_30|         array|
|w_tile_30_ce1           |  out|    1|   ap_memory|                                                        w_tile_30|         array|
|w_tile_30_we1           |  out|    1|   ap_memory|                                                        w_tile_30|         array|
|w_tile_30_d1            |  out|   16|   ap_memory|                                                        w_tile_30|         array|
|w_tile_29_address1      |  out|    7|   ap_memory|                                                        w_tile_29|         array|
|w_tile_29_ce1           |  out|    1|   ap_memory|                                                        w_tile_29|         array|
|w_tile_29_we1           |  out|    1|   ap_memory|                                                        w_tile_29|         array|
|w_tile_29_d1            |  out|   16|   ap_memory|                                                        w_tile_29|         array|
|w_tile_28_address1      |  out|    7|   ap_memory|                                                        w_tile_28|         array|
|w_tile_28_ce1           |  out|    1|   ap_memory|                                                        w_tile_28|         array|
|w_tile_28_we1           |  out|    1|   ap_memory|                                                        w_tile_28|         array|
|w_tile_28_d1            |  out|   16|   ap_memory|                                                        w_tile_28|         array|
|w_tile_27_address1      |  out|    7|   ap_memory|                                                        w_tile_27|         array|
|w_tile_27_ce1           |  out|    1|   ap_memory|                                                        w_tile_27|         array|
|w_tile_27_we1           |  out|    1|   ap_memory|                                                        w_tile_27|         array|
|w_tile_27_d1            |  out|   16|   ap_memory|                                                        w_tile_27|         array|
|w_tile_26_address1      |  out|    7|   ap_memory|                                                        w_tile_26|         array|
|w_tile_26_ce1           |  out|    1|   ap_memory|                                                        w_tile_26|         array|
|w_tile_26_we1           |  out|    1|   ap_memory|                                                        w_tile_26|         array|
|w_tile_26_d1            |  out|   16|   ap_memory|                                                        w_tile_26|         array|
|w_tile_25_address1      |  out|    7|   ap_memory|                                                        w_tile_25|         array|
|w_tile_25_ce1           |  out|    1|   ap_memory|                                                        w_tile_25|         array|
|w_tile_25_we1           |  out|    1|   ap_memory|                                                        w_tile_25|         array|
|w_tile_25_d1            |  out|   16|   ap_memory|                                                        w_tile_25|         array|
|w_tile_24_address1      |  out|    7|   ap_memory|                                                        w_tile_24|         array|
|w_tile_24_ce1           |  out|    1|   ap_memory|                                                        w_tile_24|         array|
|w_tile_24_we1           |  out|    1|   ap_memory|                                                        w_tile_24|         array|
|w_tile_24_d1            |  out|   16|   ap_memory|                                                        w_tile_24|         array|
|w_tile_23_address1      |  out|    7|   ap_memory|                                                        w_tile_23|         array|
|w_tile_23_ce1           |  out|    1|   ap_memory|                                                        w_tile_23|         array|
|w_tile_23_we1           |  out|    1|   ap_memory|                                                        w_tile_23|         array|
|w_tile_23_d1            |  out|   16|   ap_memory|                                                        w_tile_23|         array|
|w_tile_22_address1      |  out|    7|   ap_memory|                                                        w_tile_22|         array|
|w_tile_22_ce1           |  out|    1|   ap_memory|                                                        w_tile_22|         array|
|w_tile_22_we1           |  out|    1|   ap_memory|                                                        w_tile_22|         array|
|w_tile_22_d1            |  out|   16|   ap_memory|                                                        w_tile_22|         array|
|w_tile_21_address1      |  out|    7|   ap_memory|                                                        w_tile_21|         array|
|w_tile_21_ce1           |  out|    1|   ap_memory|                                                        w_tile_21|         array|
|w_tile_21_we1           |  out|    1|   ap_memory|                                                        w_tile_21|         array|
|w_tile_21_d1            |  out|   16|   ap_memory|                                                        w_tile_21|         array|
|w_tile_20_address1      |  out|    7|   ap_memory|                                                        w_tile_20|         array|
|w_tile_20_ce1           |  out|    1|   ap_memory|                                                        w_tile_20|         array|
|w_tile_20_we1           |  out|    1|   ap_memory|                                                        w_tile_20|         array|
|w_tile_20_d1            |  out|   16|   ap_memory|                                                        w_tile_20|         array|
|w_tile_19_address1      |  out|    7|   ap_memory|                                                        w_tile_19|         array|
|w_tile_19_ce1           |  out|    1|   ap_memory|                                                        w_tile_19|         array|
|w_tile_19_we1           |  out|    1|   ap_memory|                                                        w_tile_19|         array|
|w_tile_19_d1            |  out|   16|   ap_memory|                                                        w_tile_19|         array|
|w_tile_18_address1      |  out|    7|   ap_memory|                                                        w_tile_18|         array|
|w_tile_18_ce1           |  out|    1|   ap_memory|                                                        w_tile_18|         array|
|w_tile_18_we1           |  out|    1|   ap_memory|                                                        w_tile_18|         array|
|w_tile_18_d1            |  out|   16|   ap_memory|                                                        w_tile_18|         array|
|w_tile_17_address1      |  out|    7|   ap_memory|                                                        w_tile_17|         array|
|w_tile_17_ce1           |  out|    1|   ap_memory|                                                        w_tile_17|         array|
|w_tile_17_we1           |  out|    1|   ap_memory|                                                        w_tile_17|         array|
|w_tile_17_d1            |  out|   16|   ap_memory|                                                        w_tile_17|         array|
|w_tile_16_address1      |  out|    7|   ap_memory|                                                        w_tile_16|         array|
|w_tile_16_ce1           |  out|    1|   ap_memory|                                                        w_tile_16|         array|
|w_tile_16_we1           |  out|    1|   ap_memory|                                                        w_tile_16|         array|
|w_tile_16_d1            |  out|   16|   ap_memory|                                                        w_tile_16|         array|
|w_tile_15_address1      |  out|    7|   ap_memory|                                                        w_tile_15|         array|
|w_tile_15_ce1           |  out|    1|   ap_memory|                                                        w_tile_15|         array|
|w_tile_15_we1           |  out|    1|   ap_memory|                                                        w_tile_15|         array|
|w_tile_15_d1            |  out|   16|   ap_memory|                                                        w_tile_15|         array|
|w_tile_14_address1      |  out|    7|   ap_memory|                                                        w_tile_14|         array|
|w_tile_14_ce1           |  out|    1|   ap_memory|                                                        w_tile_14|         array|
|w_tile_14_we1           |  out|    1|   ap_memory|                                                        w_tile_14|         array|
|w_tile_14_d1            |  out|   16|   ap_memory|                                                        w_tile_14|         array|
|w_tile_13_address1      |  out|    7|   ap_memory|                                                        w_tile_13|         array|
|w_tile_13_ce1           |  out|    1|   ap_memory|                                                        w_tile_13|         array|
|w_tile_13_we1           |  out|    1|   ap_memory|                                                        w_tile_13|         array|
|w_tile_13_d1            |  out|   16|   ap_memory|                                                        w_tile_13|         array|
|w_tile_12_address1      |  out|    7|   ap_memory|                                                        w_tile_12|         array|
|w_tile_12_ce1           |  out|    1|   ap_memory|                                                        w_tile_12|         array|
|w_tile_12_we1           |  out|    1|   ap_memory|                                                        w_tile_12|         array|
|w_tile_12_d1            |  out|   16|   ap_memory|                                                        w_tile_12|         array|
|w_tile_11_address1      |  out|    7|   ap_memory|                                                        w_tile_11|         array|
|w_tile_11_ce1           |  out|    1|   ap_memory|                                                        w_tile_11|         array|
|w_tile_11_we1           |  out|    1|   ap_memory|                                                        w_tile_11|         array|
|w_tile_11_d1            |  out|   16|   ap_memory|                                                        w_tile_11|         array|
|w_tile_10_address1      |  out|    7|   ap_memory|                                                        w_tile_10|         array|
|w_tile_10_ce1           |  out|    1|   ap_memory|                                                        w_tile_10|         array|
|w_tile_10_we1           |  out|    1|   ap_memory|                                                        w_tile_10|         array|
|w_tile_10_d1            |  out|   16|   ap_memory|                                                        w_tile_10|         array|
|w_tile_9_address1       |  out|    7|   ap_memory|                                                         w_tile_9|         array|
|w_tile_9_ce1            |  out|    1|   ap_memory|                                                         w_tile_9|         array|
|w_tile_9_we1            |  out|    1|   ap_memory|                                                         w_tile_9|         array|
|w_tile_9_d1             |  out|   16|   ap_memory|                                                         w_tile_9|         array|
|w_tile_8_address1       |  out|    7|   ap_memory|                                                         w_tile_8|         array|
|w_tile_8_ce1            |  out|    1|   ap_memory|                                                         w_tile_8|         array|
|w_tile_8_we1            |  out|    1|   ap_memory|                                                         w_tile_8|         array|
|w_tile_8_d1             |  out|   16|   ap_memory|                                                         w_tile_8|         array|
|w_tile_7_address1       |  out|    7|   ap_memory|                                                         w_tile_7|         array|
|w_tile_7_ce1            |  out|    1|   ap_memory|                                                         w_tile_7|         array|
|w_tile_7_we1            |  out|    1|   ap_memory|                                                         w_tile_7|         array|
|w_tile_7_d1             |  out|   16|   ap_memory|                                                         w_tile_7|         array|
|w_tile_6_address1       |  out|    7|   ap_memory|                                                         w_tile_6|         array|
|w_tile_6_ce1            |  out|    1|   ap_memory|                                                         w_tile_6|         array|
|w_tile_6_we1            |  out|    1|   ap_memory|                                                         w_tile_6|         array|
|w_tile_6_d1             |  out|   16|   ap_memory|                                                         w_tile_6|         array|
|w_tile_5_address1       |  out|    7|   ap_memory|                                                         w_tile_5|         array|
|w_tile_5_ce1            |  out|    1|   ap_memory|                                                         w_tile_5|         array|
|w_tile_5_we1            |  out|    1|   ap_memory|                                                         w_tile_5|         array|
|w_tile_5_d1             |  out|   16|   ap_memory|                                                         w_tile_5|         array|
|w_tile_4_address1       |  out|    7|   ap_memory|                                                         w_tile_4|         array|
|w_tile_4_ce1            |  out|    1|   ap_memory|                                                         w_tile_4|         array|
|w_tile_4_we1            |  out|    1|   ap_memory|                                                         w_tile_4|         array|
|w_tile_4_d1             |  out|   16|   ap_memory|                                                         w_tile_4|         array|
|w_tile_3_address1       |  out|    7|   ap_memory|                                                         w_tile_3|         array|
|w_tile_3_ce1            |  out|    1|   ap_memory|                                                         w_tile_3|         array|
|w_tile_3_we1            |  out|    1|   ap_memory|                                                         w_tile_3|         array|
|w_tile_3_d1             |  out|   16|   ap_memory|                                                         w_tile_3|         array|
|w_tile_2_address1       |  out|    7|   ap_memory|                                                         w_tile_2|         array|
|w_tile_2_ce1            |  out|    1|   ap_memory|                                                         w_tile_2|         array|
|w_tile_2_we1            |  out|    1|   ap_memory|                                                         w_tile_2|         array|
|w_tile_2_d1             |  out|   16|   ap_memory|                                                         w_tile_2|         array|
|w_tile_1_address1       |  out|    7|   ap_memory|                                                         w_tile_1|         array|
|w_tile_1_ce1            |  out|    1|   ap_memory|                                                         w_tile_1|         array|
|w_tile_1_we1            |  out|    1|   ap_memory|                                                         w_tile_1|         array|
|w_tile_1_d1             |  out|   16|   ap_memory|                                                         w_tile_1|         array|
|w_tile_address1         |  out|    7|   ap_memory|                                                           w_tile|         array|
|w_tile_ce1              |  out|    1|   ap_memory|                                                           w_tile|         array|
|w_tile_we1              |  out|    1|   ap_memory|                                                           w_tile|         array|
|w_tile_d1               |  out|   16|   ap_memory|                                                           w_tile|         array|
+------------------------+-----+-----+------------+-----------------------------------------------------------------+--------------+

