

================================================================
== Vitis HLS Report for 'ucb2_bench_top_Outline_TILE_LOOP'
================================================================
* Date:           Mon Jun  1 15:33:20 2026

* Version:        2024.2 (Build 5238294 on Nov  8 2024)
* Project:        prj
* Solution:       solution1 (Vitis Kernel Flow Target)
* Product family: zynquplus
* Target device:  xczu7ev-ffvc1156-2-e


================================================================
== Performance Estimates
================================================================
+ Timing: 
    * Summary: 
    +--------+---------+----------+------------+
    |  Clock |  Target | Estimated| Uncertainty|
    +--------+---------+----------+------------+
    |ap_clk  |  3.33 ns|  2.699 ns|     0.90 ns|
    +--------+---------+----------+------------+

+ Latency: 
    * Summary: 
    +---------+---------+-----------+----------+-------+--------+---------+
    |  Latency (cycles) |  Latency (absolute)  |    Interval    | Pipeline|
    |   min   |   max   |    min    |    max   |  min  |   max  |   Type  |
    +---------+---------+-----------+----------+-------+--------+---------+
    |    16381|   151201|  54.598 us|  0.504 ms|  16381|  151201|       no|
    +---------+---------+-----------+----------+-------+--------+---------+

    + Detail: 
        * Instance: 
        +--------------------------------------------------------------------------------+---------------------------------------------------------------------+---------+---------+----------+----------+------+------+------------------------------------------------+
        |                                                                                |                                                                     |  Latency (cycles) |  Latency (absolute) |   Interval  |                    Pipeline                    |
        |                                    Instance                                    |                                Module                               |   min   |   max   |    min   |    max   |  min |  max |                      Type                      |
        +--------------------------------------------------------------------------------+---------------------------------------------------------------------+---------+---------+----------+----------+------+------+------------------------------------------------+
        |grp_ucb2_bench_top_Pipeline_PRELOAD_W_VITIS_LOOP_110_2_VITIS_LOOP_111_3_fu_165  |ucb2_bench_top_Pipeline_PRELOAD_W_VITIS_LOOP_110_2_VITIS_LOOP_111_3  |     1083|     1083|  3.610 us|  3.610 us|  1081|  1081|  loop auto-rewind stp (delay=0 clock cycles(s))|
        |grp_ucb2_bench_top_Pipeline_KW_LOOP_FLAT_LOOP_fu_180                            |ucb2_bench_top_Pipeline_KW_LOOP_FLAT_LOOP                            |     2996|     2996|  9.986 us|  9.986 us|  2881|  2881|  loop auto-rewind stp (delay=0 clock cycles(s))|
        +--------------------------------------------------------------------------------+---------------------------------------------------------------------+---------+---------+----------+----------+------+------+------------------------------------------------+

        * Loop: 
        +-------------+---------+---------+--------------+-----------+-----------+------+----------+
        |             |  Latency (cycles) |   Iteration  |  Initiation Interval  | Trip |          |
        |  Loop Name  |   min   |   max   |    Latency   |  achieved |   target  | Count| Pipelined|
        +-------------+---------+---------+--------------+-----------+-----------+------+----------+
        |- TILE_LOOP  |    16380|   151200|  1092 ~ 10080|          -|          -|    15|        no|
        | + KH_LOOP   |        6|     8994|      2 ~ 2998|          -|          -|     3|        no|
        +-------------+---------+---------+--------------+-----------+-----------+------+----------+



================================================================
== Utilization Estimates
================================================================
* Summary: 
+-----------------+---------+------+--------+--------+-----+
|       Name      | BRAM_18K|  DSP |   FF   |   LUT  | URAM|
+-----------------+---------+------+--------+--------+-----+
|DSP              |        -|     -|       -|       -|    -|
|Expression       |        -|     -|       0|     104|    -|
|FIFO             |        -|     -|       -|       -|    -|
|Instance         |        -|     -|   18367|    6121|    -|
|Memory           |      120|     -|       0|       0|    -|
|Multiplexer      |        -|     -|       0|    3027|    -|
|Register         |        -|     -|      27|       -|    -|
+-----------------+---------+------+--------+--------+-----+
|Total            |      120|     0|   18394|    9252|    0|
+-----------------+---------+------+--------+--------+-----+
|Available        |      624|  1728|  460800|  230400|   96|
+-----------------+---------+------+--------+--------+-----+
|Utilization (%)  |       19|     0|       3|       4|    0|
+-----------------+---------+------+--------+--------+-----+

+ Detail: 
    * Instance: 
    +--------------------------------------------------------------------------------+---------------------------------------------------------------------+---------+----+-------+------+-----+
    |                                    Instance                                    |                                Module                               | BRAM_18K| DSP|   FF  |  LUT | URAM|
    +--------------------------------------------------------------------------------+---------------------------------------------------------------------+---------+----+-------+------+-----+
    |grp_ucb2_bench_top_Pipeline_KW_LOOP_FLAT_LOOP_fu_180                            |ucb2_bench_top_Pipeline_KW_LOOP_FLAT_LOOP                            |        0|   0|  18056|  5836|    0|
    |grp_ucb2_bench_top_Pipeline_PRELOAD_W_VITIS_LOOP_110_2_VITIS_LOOP_111_3_fu_165  |ucb2_bench_top_Pipeline_PRELOAD_W_VITIS_LOOP_110_2_VITIS_LOOP_111_3  |        0|   0|    311|   285|    0|
    +--------------------------------------------------------------------------------+---------------------------------------------------------------------+---------+----+-------+------+-----+
    |Total                                                                           |                                                                     |        0|   0|  18367|  6121|    0|
    +--------------------------------------------------------------------------------+---------------------------------------------------------------------+---------+----+-------+------+-----+

    * DSP: 
    N/A

    * Memory: 
    +--------------+---------------------------------------------------------------+---------+---+----+-----+------+-----+------+-------------+
    |    Memory    |                             Module                            | BRAM_18K| FF| LUT| URAM| Words| Bits| Banks| W*Bits*Banks|
    +--------------+---------------------------------------------------------------+---------+---+----+-----+------+-----+------+-------------+
    |w_local_21_U  |ucb2_bench_top_Outline_TILE_LOOP_w_local_21_RAM_T2P_BRAM_1R1W  |       15|  0|   0|    0|   540|  256|     1|       138240|
    |w_local_20_U  |ucb2_bench_top_Outline_TILE_LOOP_w_local_21_RAM_T2P_BRAM_1R1W  |       15|  0|   0|    0|   540|  256|     1|       138240|
    |w_local_19_U  |ucb2_bench_top_Outline_TILE_LOOP_w_local_21_RAM_T2P_BRAM_1R1W  |       15|  0|   0|    0|   540|  256|     1|       138240|
    |w_local_18_U  |ucb2_bench_top_Outline_TILE_LOOP_w_local_21_RAM_T2P_BRAM_1R1W  |       15|  0|   0|    0|   540|  256|     1|       138240|
    |w_local_17_U  |ucb2_bench_top_Outline_TILE_LOOP_w_local_21_RAM_T2P_BRAM_1R1W  |       15|  0|   0|    0|   540|  256|     1|       138240|
    |w_local_16_U  |ucb2_bench_top_Outline_TILE_LOOP_w_local_21_RAM_T2P_BRAM_1R1W  |       15|  0|   0|    0|   540|  256|     1|       138240|
    |w_local_15_U  |ucb2_bench_top_Outline_TILE_LOOP_w_local_21_RAM_T2P_BRAM_1R1W  |       15|  0|   0|    0|   540|  256|     1|       138240|
    |w_local_U     |ucb2_bench_top_Outline_TILE_LOOP_w_local_21_RAM_T2P_BRAM_1R1W  |       15|  0|   0|    0|   540|  256|     1|       138240|
    +--------------+---------------------------------------------------------------+---------+---+----+-----+------+-----+------+-------------+
    |Total         |                                                               |      120|  0|   0|    0|  4320| 2048|     8|      1105920|
    +--------------+---------------------------------------------------------------+---------+---+----+-----+------+-----+------+-------------+

    * FIFO: 
    N/A

    * Expression: 
    +---------------------------------+----------+----+---+----+------------+------------+
    |          Variable Name          | Operation| DSP| FF| LUT| Bitwidth P0| Bitwidth P1|
    +---------------------------------+----------+----+---+----+------------+------------+
    |add_ln102_fu_243_p2              |         +|   0|  0|  12|           4|           1|
    |kh_3_fu_267_p2                   |         +|   0|  0|   9|           2|           1|
    |empty_68_fu_329_p2               |         -|   0|  0|  10|           3|           3|
    |hpk_fu_273_p2                    |         -|   0|  0|   9|           1|           2|
    |ap_block_state5_on_subcall_done  |       and|   0|  0|   2|           1|           1|
    |icmp_ln102_fu_237_p2             |      icmp|   0|  0|  12|           4|           2|
    |icmp_ln120_fu_261_p2             |      icmp|   0|  0|   9|           2|           2|
    |icmp_ln125_fu_301_p2             |      icmp|   0|  0|  39|          32|           1|
    |or_ln125_fu_307_p2               |        or|   0|  0|   2|           1|           1|
    +---------------------------------+----------+----+---+----+------------+------------+
    |Total                            |          |   0|  0| 104|          50|          14|
    +---------------------------------+----------+----+---+----+------------+------------+

    * Multiplexer: 
    +-----------------------------+----+-----------+-----+-----------+
    |             Name            | LUT| Input Size| Bits| Total Bits|
    +-----------------------------+----+-----------+-----+-----------+
    |ap_NS_fsm                    |  31|          6|    1|          6|
    |grp_fu_1002_ce               |   9|          2|    1|          2|
    |grp_fu_1006_ce               |   9|          2|    1|          2|
    |grp_fu_1010_ce               |   9|          2|    1|          2|
    |grp_fu_1014_ce               |   9|          2|    1|          2|
    |grp_fu_1018_ce               |   9|          2|    1|          2|
    |grp_fu_1022_ce               |   9|          2|    1|          2|
    |grp_fu_1026_ce               |   9|          2|    1|          2|
    |grp_fu_1030_ce               |   9|          2|    1|          2|
    |grp_fu_1034_ce               |   9|          2|    1|          2|
    |grp_fu_1038_ce               |   9|          2|    1|          2|
    |grp_fu_1042_ce               |   9|          2|    1|          2|
    |grp_fu_1046_ce               |   9|          2|    1|          2|
    |grp_fu_1050_ce               |   9|          2|    1|          2|
    |grp_fu_1054_ce               |   9|          2|    1|          2|
    |grp_fu_1058_ce               |   9|          2|    1|          2|
    |grp_fu_1062_ce               |   9|          2|    1|          2|
    |grp_fu_1066_ce               |   9|          2|    1|          2|
    |grp_fu_1070_ce               |   9|          2|    1|          2|
    |grp_fu_1074_ce               |   9|          2|    1|          2|
    |grp_fu_1078_ce               |   9|          2|    1|          2|
    |grp_fu_1082_ce               |   9|          2|    1|          2|
    |grp_fu_1086_ce               |   9|          2|    1|          2|
    |grp_fu_1090_ce               |   9|          2|    1|          2|
    |grp_fu_1094_ce               |   9|          2|    1|          2|
    |grp_fu_1098_ce               |   9|          2|    1|          2|
    |grp_fu_1102_ce               |   9|          2|    1|          2|
    |grp_fu_1106_ce               |   9|          2|    1|          2|
    |grp_fu_1110_ce               |   9|          2|    1|          2|
    |grp_fu_1114_ce               |   9|          2|    1|          2|
    |grp_fu_1118_ce               |   9|          2|    1|          2|
    |grp_fu_1122_ce               |   9|          2|    1|          2|
    |grp_fu_1126_ce               |   9|          2|    1|          2|
    |grp_fu_1130_ce               |   9|          2|    1|          2|
    |grp_fu_1134_ce               |   9|          2|    1|          2|
    |grp_fu_1138_ce               |   9|          2|    1|          2|
    |grp_fu_1142_ce               |   9|          2|    1|          2|
    |grp_fu_1146_ce               |   9|          2|    1|          2|
    |grp_fu_1150_ce               |   9|          2|    1|          2|
    |grp_fu_1154_ce               |   9|          2|    1|          2|
    |grp_fu_1158_ce               |   9|          2|    1|          2|
    |grp_fu_1162_ce               |   9|          2|    1|          2|
    |grp_fu_1166_ce               |   9|          2|    1|          2|
    |grp_fu_1170_ce               |   9|          2|    1|          2|
    |grp_fu_1174_ce               |   9|          2|    1|          2|
    |grp_fu_1178_ce               |   9|          2|    1|          2|
    |grp_fu_1182_ce               |   9|          2|    1|          2|
    |grp_fu_1186_ce               |   9|          2|    1|          2|
    |grp_fu_1190_ce               |   9|          2|    1|          2|
    |grp_fu_1194_ce               |   9|          2|    1|          2|
    |grp_fu_1198_ce               |   9|          2|    1|          2|
    |grp_fu_1202_ce               |   9|          2|    1|          2|
    |grp_fu_1206_ce               |   9|          2|    1|          2|
    |grp_fu_1210_ce               |   9|          2|    1|          2|
    |grp_fu_1214_ce               |   9|          2|    1|          2|
    |grp_fu_1218_ce               |   9|          2|    1|          2|
    |grp_fu_1222_ce               |   9|          2|    1|          2|
    |grp_fu_1226_ce               |   9|          2|    1|          2|
    |grp_fu_1230_ce               |   9|          2|    1|          2|
    |grp_fu_1234_ce               |   9|          2|    1|          2|
    |grp_fu_1238_ce               |   9|          2|    1|          2|
    |grp_fu_1242_ce               |   9|          2|    1|          2|
    |grp_fu_1246_ce               |   9|          2|    1|          2|
    |grp_fu_1250_ce               |   9|          2|    1|          2|
    |grp_fu_1254_ce               |   9|          2|    1|          2|
    |grp_fu_1258_ce               |   9|          2|    1|          2|
    |grp_fu_1262_ce               |   9|          2|    1|          2|
    |grp_fu_1266_ce               |   9|          2|    1|          2|
    |grp_fu_1270_ce               |   9|          2|    1|          2|
    |grp_fu_1274_ce               |   9|          2|    1|          2|
    |grp_fu_1278_ce               |   9|          2|    1|          2|
    |grp_fu_1282_ce               |   9|          2|    1|          2|
    |grp_fu_1286_ce               |   9|          2|    1|          2|
    |grp_fu_1290_ce               |   9|          2|    1|          2|
    |grp_fu_1294_ce               |   9|          2|    1|          2|
    |grp_fu_1298_ce               |   9|          2|    1|          2|
    |grp_fu_1302_ce               |   9|          2|    1|          2|
    |grp_fu_1306_ce               |   9|          2|    1|          2|
    |grp_fu_1310_ce               |   9|          2|    1|          2|
    |grp_fu_1314_ce               |   9|          2|    1|          2|
    |grp_fu_1318_ce               |   9|          2|    1|          2|
    |grp_fu_1322_ce               |   9|          2|    1|          2|
    |grp_fu_1326_ce               |   9|          2|    1|          2|
    |grp_fu_1330_ce               |   9|          2|    1|          2|
    |grp_fu_1334_ce               |   9|          2|    1|          2|
    |grp_fu_1338_ce               |   9|          2|    1|          2|
    |grp_fu_1342_ce               |   9|          2|    1|          2|
    |grp_fu_1346_ce               |   9|          2|    1|          2|
    |grp_fu_1350_ce               |   9|          2|    1|          2|
    |grp_fu_1354_ce               |   9|          2|    1|          2|
    |grp_fu_1358_ce               |   9|          2|    1|          2|
    |grp_fu_1362_ce               |   9|          2|    1|          2|
    |grp_fu_1366_ce               |   9|          2|    1|          2|
    |grp_fu_1370_ce               |   9|          2|    1|          2|
    |grp_fu_1374_ce               |   9|          2|    1|          2|
    |grp_fu_1378_ce               |   9|          2|    1|          2|
    |grp_fu_1382_ce               |   9|          2|    1|          2|
    |grp_fu_1386_ce               |   9|          2|    1|          2|
    |grp_fu_1390_ce               |   9|          2|    1|          2|
    |grp_fu_1394_ce               |   9|          2|    1|          2|
    |grp_fu_1398_ce               |   9|          2|    1|          2|
    |grp_fu_1402_ce               |   9|          2|    1|          2|
    |grp_fu_1406_ce               |   9|          2|    1|          2|
    |grp_fu_1410_ce               |   9|          2|    1|          2|
    |grp_fu_1414_ce               |   9|          2|    1|          2|
    |grp_fu_1418_ce               |   9|          2|    1|          2|
    |grp_fu_1422_ce               |   9|          2|    1|          2|
    |grp_fu_1426_ce               |   9|          2|    1|          2|
    |grp_fu_1430_ce               |   9|          2|    1|          2|
    |grp_fu_1434_ce               |   9|          2|    1|          2|
    |grp_fu_1438_ce               |   9|          2|    1|          2|
    |grp_fu_1442_ce               |   9|          2|    1|          2|
    |grp_fu_1446_ce               |   9|          2|    1|          2|
    |grp_fu_1450_ce               |   9|          2|    1|          2|
    |grp_fu_1454_ce               |   9|          2|    1|          2|
    |grp_fu_1458_ce               |   9|          2|    1|          2|
    |grp_fu_1462_ce               |   9|          2|    1|          2|
    |grp_fu_1466_ce               |   9|          2|    1|          2|
    |grp_fu_1470_ce               |   9|          2|    1|          2|
    |grp_fu_1474_ce               |   9|          2|    1|          2|
    |grp_fu_1478_ce               |   9|          2|    1|          2|
    |grp_fu_1482_ce               |   9|          2|    1|          2|
    |grp_fu_1486_ce               |   9|          2|    1|          2|
    |grp_fu_1490_ce               |   9|          2|    1|          2|
    |grp_fu_1494_ce               |   9|          2|    1|          2|
    |grp_fu_1498_ce               |   9|          2|    1|          2|
    |grp_fu_1502_ce               |   9|          2|    1|          2|
    |grp_fu_1506_ce               |   9|          2|    1|          2|
    |grp_fu_1510_ce               |   9|          2|    1|          2|
    |grp_fu_1514_ce               |   9|          2|    1|          2|
    |grp_fu_1518_ce               |   9|          2|    1|          2|
    |grp_fu_1522_ce               |   9|          2|    1|          2|
    |grp_fu_1526_ce               |   9|          2|    1|          2|
    |grp_fu_1530_ce               |   9|          2|    1|          2|
    |grp_fu_1534_ce               |   9|          2|    1|          2|
    |grp_fu_1538_ce               |   9|          2|    1|          2|
    |grp_fu_1542_ce               |   9|          2|    1|          2|
    |grp_fu_1546_ce               |   9|          2|    1|          2|
    |grp_fu_1550_ce               |   9|          2|    1|          2|
    |grp_fu_1554_ce               |   9|          2|    1|          2|
    |grp_fu_1558_ce               |   9|          2|    1|          2|
    |grp_fu_1562_ce               |   9|          2|    1|          2|
    |grp_fu_1566_ce               |   9|          2|    1|          2|
    |grp_fu_1570_ce               |   9|          2|    1|          2|
    |grp_fu_390_ce                |   9|          2|    1|          2|
    |grp_fu_394_ce                |   9|          2|    1|          2|
    |grp_fu_398_ce                |   9|          2|    1|          2|
    |grp_fu_402_ce                |   9|          2|    1|          2|
    |grp_fu_406_ce                |   9|          2|    1|          2|
    |grp_fu_410_ce                |   9|          2|    1|          2|
    |grp_fu_414_ce                |   9|          2|    1|          2|
    |grp_fu_418_ce                |   9|          2|    1|          2|
    |grp_fu_422_ce                |   9|          2|    1|          2|
    |grp_fu_426_ce                |   9|          2|    1|          2|
    |grp_fu_430_ce                |   9|          2|    1|          2|
    |grp_fu_434_ce                |   9|          2|    1|          2|
    |grp_fu_438_ce                |   9|          2|    1|          2|
    |grp_fu_442_ce                |   9|          2|    1|          2|
    |grp_fu_446_ce                |   9|          2|    1|          2|
    |grp_fu_450_ce                |   9|          2|    1|          2|
    |grp_fu_454_ce                |   9|          2|    1|          2|
    |grp_fu_458_ce                |   9|          2|    1|          2|
    |grp_fu_462_ce                |   9|          2|    1|          2|
    |grp_fu_466_ce                |   9|          2|    1|          2|
    |grp_fu_470_ce                |   9|          2|    1|          2|
    |grp_fu_474_ce                |   9|          2|    1|          2|
    |grp_fu_478_ce                |   9|          2|    1|          2|
    |grp_fu_482_ce                |   9|          2|    1|          2|
    |grp_fu_486_ce                |   9|          2|    1|          2|
    |grp_fu_490_ce                |   9|          2|    1|          2|
    |grp_fu_494_ce                |   9|          2|    1|          2|
    |grp_fu_498_ce                |   9|          2|    1|          2|
    |grp_fu_502_ce                |   9|          2|    1|          2|
    |grp_fu_506_ce                |   9|          2|    1|          2|
    |grp_fu_510_ce                |   9|          2|    1|          2|
    |grp_fu_514_ce                |   9|          2|    1|          2|
    |grp_fu_518_ce                |   9|          2|    1|          2|
    |grp_fu_522_ce                |   9|          2|    1|          2|
    |grp_fu_526_ce                |   9|          2|    1|          2|
    |grp_fu_530_ce                |   9|          2|    1|          2|
    |grp_fu_534_ce                |   9|          2|    1|          2|
    |grp_fu_538_ce                |   9|          2|    1|          2|
    |grp_fu_542_ce                |   9|          2|    1|          2|
    |grp_fu_546_ce                |   9|          2|    1|          2|
    |grp_fu_550_ce                |   9|          2|    1|          2|
    |grp_fu_554_ce                |   9|          2|    1|          2|
    |grp_fu_558_ce                |   9|          2|    1|          2|
    |grp_fu_562_ce                |   9|          2|    1|          2|
    |grp_fu_566_ce                |   9|          2|    1|          2|
    |grp_fu_570_ce                |   9|          2|    1|          2|
    |grp_fu_574_ce                |   9|          2|    1|          2|
    |grp_fu_578_ce                |   9|          2|    1|          2|
    |grp_fu_582_ce                |   9|          2|    1|          2|
    |grp_fu_586_ce                |   9|          2|    1|          2|
    |grp_fu_590_ce                |   9|          2|    1|          2|
    |grp_fu_594_ce                |   9|          2|    1|          2|
    |grp_fu_598_ce                |   9|          2|    1|          2|
    |grp_fu_602_ce                |   9|          2|    1|          2|
    |grp_fu_606_ce                |   9|          2|    1|          2|
    |grp_fu_610_ce                |   9|          2|    1|          2|
    |grp_fu_614_ce                |   9|          2|    1|          2|
    |grp_fu_618_ce                |   9|          2|    1|          2|
    |grp_fu_622_ce                |   9|          2|    1|          2|
    |grp_fu_626_ce                |   9|          2|    1|          2|
    |grp_fu_630_ce                |   9|          2|    1|          2|
    |grp_fu_634_ce                |   9|          2|    1|          2|
    |grp_fu_638_ce                |   9|          2|    1|          2|
    |grp_fu_642_ce                |   9|          2|    1|          2|
    |grp_fu_646_ce                |   9|          2|    1|          2|
    |grp_fu_650_ce                |   9|          2|    1|          2|
    |grp_fu_654_ce                |   9|          2|    1|          2|
    |grp_fu_658_ce                |   9|          2|    1|          2|
    |grp_fu_662_ce                |   9|          2|    1|          2|
    |grp_fu_666_ce                |   9|          2|    1|          2|
    |grp_fu_670_ce                |   9|          2|    1|          2|
    |grp_fu_674_ce                |   9|          2|    1|          2|
    |grp_fu_678_ce                |   9|          2|    1|          2|
    |grp_fu_682_ce                |   9|          2|    1|          2|
    |grp_fu_686_ce                |   9|          2|    1|          2|
    |grp_fu_690_ce                |   9|          2|    1|          2|
    |grp_fu_694_ce                |   9|          2|    1|          2|
    |grp_fu_698_ce                |   9|          2|    1|          2|
    |grp_fu_702_ce                |   9|          2|    1|          2|
    |grp_fu_706_ce                |   9|          2|    1|          2|
    |grp_fu_710_ce                |   9|          2|    1|          2|
    |grp_fu_714_ce                |   9|          2|    1|          2|
    |grp_fu_718_ce                |   9|          2|    1|          2|
    |grp_fu_722_ce                |   9|          2|    1|          2|
    |grp_fu_726_ce                |   9|          2|    1|          2|
    |grp_fu_730_ce                |   9|          2|    1|          2|
    |grp_fu_734_ce                |   9|          2|    1|          2|
    |grp_fu_738_ce                |   9|          2|    1|          2|
    |grp_fu_742_ce                |   9|          2|    1|          2|
    |grp_fu_746_ce                |   9|          2|    1|          2|
    |grp_fu_750_ce                |   9|          2|    1|          2|
    |grp_fu_754_ce                |   9|          2|    1|          2|
    |grp_fu_758_ce                |   9|          2|    1|          2|
    |grp_fu_762_ce                |   9|          2|    1|          2|
    |grp_fu_766_ce                |   9|          2|    1|          2|
    |grp_fu_770_ce                |   9|          2|    1|          2|
    |grp_fu_774_ce                |   9|          2|    1|          2|
    |grp_fu_778_ce                |   9|          2|    1|          2|
    |grp_fu_782_ce                |   9|          2|    1|          2|
    |grp_fu_786_ce                |   9|          2|    1|          2|
    |grp_fu_790_ce                |   9|          2|    1|          2|
    |grp_fu_794_ce                |   9|          2|    1|          2|
    |grp_fu_798_ce                |   9|          2|    1|          2|
    |grp_fu_802_ce                |   9|          2|    1|          2|
    |grp_fu_806_ce                |   9|          2|    1|          2|
    |grp_fu_810_ce                |   9|          2|    1|          2|
    |grp_fu_814_ce                |   9|          2|    1|          2|
    |grp_fu_818_ce                |   9|          2|    1|          2|
    |grp_fu_822_ce                |   9|          2|    1|          2|
    |grp_fu_826_ce                |   9|          2|    1|          2|
    |grp_fu_830_ce                |   9|          2|    1|          2|
    |grp_fu_834_ce                |   9|          2|    1|          2|
    |grp_fu_838_ce                |   9|          2|    1|          2|
    |grp_fu_842_ce                |   9|          2|    1|          2|
    |grp_fu_846_ce                |   9|          2|    1|          2|
    |grp_fu_850_ce                |   9|          2|    1|          2|
    |grp_fu_854_ce                |   9|          2|    1|          2|
    |grp_fu_858_ce                |   9|          2|    1|          2|
    |grp_fu_862_ce                |   9|          2|    1|          2|
    |grp_fu_866_ce                |   9|          2|    1|          2|
    |grp_fu_870_ce                |   9|          2|    1|          2|
    |grp_fu_874_ce                |   9|          2|    1|          2|
    |grp_fu_878_ce                |   9|          2|    1|          2|
    |grp_fu_882_ce                |   9|          2|    1|          2|
    |grp_fu_886_ce                |   9|          2|    1|          2|
    |grp_fu_890_ce                |   9|          2|    1|          2|
    |grp_fu_894_ce                |   9|          2|    1|          2|
    |grp_fu_898_ce                |   9|          2|    1|          2|
    |grp_fu_902_ce                |   9|          2|    1|          2|
    |grp_fu_906_ce                |   9|          2|    1|          2|
    |grp_fu_910_ce                |   9|          2|    1|          2|
    |grp_fu_914_ce                |   9|          2|    1|          2|
    |grp_fu_918_ce                |   9|          2|    1|          2|
    |grp_fu_922_ce                |   9|          2|    1|          2|
    |grp_fu_926_ce                |   9|          2|    1|          2|
    |grp_fu_930_ce                |   9|          2|    1|          2|
    |grp_fu_934_ce                |   9|          2|    1|          2|
    |grp_fu_938_ce                |   9|          2|    1|          2|
    |grp_fu_942_ce                |   9|          2|    1|          2|
    |grp_fu_946_ce                |   9|          2|    1|          2|
    |grp_fu_950_ce                |   9|          2|    1|          2|
    |grp_fu_954_ce                |   9|          2|    1|          2|
    |grp_fu_958_ce                |   9|          2|    1|          2|
    |grp_fu_962_ce                |   9|          2|    1|          2|
    |grp_fu_966_ce                |   9|          2|    1|          2|
    |grp_fu_970_ce                |   9|          2|    1|          2|
    |grp_fu_974_ce                |   9|          2|    1|          2|
    |grp_fu_978_ce                |   9|          2|    1|          2|
    |grp_fu_982_ce                |   9|          2|    1|          2|
    |grp_fu_986_ce                |   9|          2|    1|          2|
    |grp_fu_990_ce                |   9|          2|    1|          2|
    |grp_fu_994_ce                |   9|          2|    1|          2|
    |grp_fu_998_ce                |   9|          2|    1|          2|
    |kh_reg_154                   |   9|          2|    2|          4|
    |m_axi_gmem_weight_0_ARVALID  |   9|          2|    1|          2|
    |m_axi_gmem_weight_0_RREADY   |   9|          2|    1|          2|
    |tile_fu_112                  |   9|          2|    4|          8|
    |w_local_15_address0          |  14|          3|   10|         30|
    |w_local_15_ce0               |  14|          3|    1|          3|
    |w_local_15_we0               |   9|          2|    1|          2|
    |w_local_16_address0          |  14|          3|   10|         30|
    |w_local_16_ce0               |  14|          3|    1|          3|
    |w_local_16_we0               |   9|          2|    1|          2|
    |w_local_17_address0          |  14|          3|   10|         30|
    |w_local_17_ce0               |  14|          3|    1|          3|
    |w_local_17_we0               |   9|          2|    1|          2|
    |w_local_18_address0          |  14|          3|   10|         30|
    |w_local_18_ce0               |  14|          3|    1|          3|
    |w_local_18_we0               |   9|          2|    1|          2|
    |w_local_19_address0          |  14|          3|   10|         30|
    |w_local_19_ce0               |  14|          3|    1|          3|
    |w_local_19_we0               |   9|          2|    1|          2|
    |w_local_20_address0          |  14|          3|   10|         30|
    |w_local_20_ce0               |  14|          3|    1|          3|
    |w_local_20_we0               |   9|          2|    1|          2|
    |w_local_21_address0          |  14|          3|   10|         30|
    |w_local_21_ce0               |  14|          3|    1|          3|
    |w_local_21_we0               |   9|          2|    1|          2|
    |w_local_address0             |  14|          3|   10|         30|
    |w_local_ce0                  |  14|          3|    1|          3|
    |w_local_we0                  |   9|          2|    1|          2|
    +-----------------------------+----+-----------+-----+-----------+
    |Total                        |3027|        670|  401|        894|
    +-----------------------------+----+-----------+-----+-----------+

    * Register: 
    +---------------------------------------------------------------------------------------------+---+----+-----+-----------+
    |                                             Name                                            | FF| LUT| Bits| Const Bits|
    +---------------------------------------------------------------------------------------------+---+----+-----+-----------+
    |add_ln102_reg_358                                                                            |  4|   0|    4|          0|
    |ap_CS_fsm                                                                                    |  5|   0|    5|          0|
    |empty_68_reg_385                                                                             |  3|   0|    3|          0|
    |empty_reg_363                                                                                |  1|   0|    1|          0|
    |grp_ucb2_bench_top_Pipeline_KW_LOOP_FLAT_LOOP_fu_180_ap_start_reg                            |  1|   0|    1|          0|
    |grp_ucb2_bench_top_Pipeline_PRELOAD_W_VITIS_LOOP_110_2_VITIS_LOOP_111_3_fu_165_ap_start_reg  |  1|   0|    1|          0|
    |kh_3_reg_376                                                                                 |  2|   0|    2|          0|
    |kh_reg_154                                                                                   |  2|   0|    2|          0|
    |lshr_ln1_reg_368                                                                             |  3|   0|    3|          0|
    |or_ln125_reg_381                                                                             |  1|   0|    1|          0|
    |tile_fu_112                                                                                  |  4|   0|    4|          0|
    +---------------------------------------------------------------------------------------------+---+----+-----+-----------+
    |Total                                                                                        | 27|   0|   27|          0|
    +---------------------------------------------------------------------------------------------+---+----+-----+-----------+



================================================================
== Interface
================================================================
* Summary: 
+----------------------------------------------------------------------------------------------+-----+-----+------------+-------------------------------------------------------------------------------------+--------------+
|                                           RTL Ports                                          | Dir | Bits|  Protocol  |                                    Source Object                                    |    C Type    |
+----------------------------------------------------------------------------------------------+-----+-----+------------+-------------------------------------------------------------------------------------+--------------+
|ap_clk                                                                                        |   in|    1|  ap_ctrl_hs|                                                     ucb2_bench_top_Outline_TILE_LOOP|  return value|
|ap_rst                                                                                        |   in|    1|  ap_ctrl_hs|                                                     ucb2_bench_top_Outline_TILE_LOOP|  return value|
|ap_start                                                                                      |   in|    1|  ap_ctrl_hs|                                                     ucb2_bench_top_Outline_TILE_LOOP|  return value|
|ap_done                                                                                       |  out|    1|  ap_ctrl_hs|                                                     ucb2_bench_top_Outline_TILE_LOOP|  return value|
|ap_idle                                                                                       |  out|    1|  ap_ctrl_hs|                                                     ucb2_bench_top_Outline_TILE_LOOP|  return value|
|ap_ready                                                                                      |  out|    1|  ap_ctrl_hs|                                                     ucb2_bench_top_Outline_TILE_LOOP|  return value|
|grp_fu_1358_p_din0                                                                            |  out|   16|  ap_ctrl_hs|                                                     ucb2_bench_top_Outline_TILE_LOOP|  return value|
|grp_fu_1358_p_din1                                                                            |  out|   16|  ap_ctrl_hs|                                                     ucb2_bench_top_Outline_TILE_LOOP|  return value|
|grp_fu_1358_p_dout0                                                                           |   in|   16|  ap_ctrl_hs|                                                     ucb2_bench_top_Outline_TILE_LOOP|  return value|
|grp_fu_1358_p_ce                                                                              |  out|    1|  ap_ctrl_hs|                                                     ucb2_bench_top_Outline_TILE_LOOP|  return value|
|grp_fu_1362_p_din0                                                                            |  out|   16|  ap_ctrl_hs|                                                     ucb2_bench_top_Outline_TILE_LOOP|  return value|
|grp_fu_1362_p_din1                                                                            |  out|   16|  ap_ctrl_hs|                                                     ucb2_bench_top_Outline_TILE_LOOP|  return value|
|grp_fu_1362_p_dout0                                                                           |   in|   16|  ap_ctrl_hs|                                                     ucb2_bench_top_Outline_TILE_LOOP|  return value|
|grp_fu_1362_p_ce                                                                              |  out|    1|  ap_ctrl_hs|                                                     ucb2_bench_top_Outline_TILE_LOOP|  return value|
|grp_fu_1366_p_din0                                                                            |  out|   16|  ap_ctrl_hs|                                                     ucb2_bench_top_Outline_TILE_LOOP|  return value|
|grp_fu_1366_p_din1                                                                            |  out|   16|  ap_ctrl_hs|                                                     ucb2_bench_top_Outline_TILE_LOOP|  return value|
|grp_fu_1366_p_dout0                                                                           |   in|   16|  ap_ctrl_hs|                                                     ucb2_bench_top_Outline_TILE_LOOP|  return value|
|grp_fu_1366_p_ce                                                                              |  out|    1|  ap_ctrl_hs|                                                     ucb2_bench_top_Outline_TILE_LOOP|  return value|
|grp_fu_1370_p_din0                                                                            |  out|   16|  ap_ctrl_hs|                                                     ucb2_bench_top_Outline_TILE_LOOP|  return value|
|grp_fu_1370_p_din1                                                                            |  out|   16|  ap_ctrl_hs|                                                     ucb2_bench_top_Outline_TILE_LOOP|  return value|
|grp_fu_1370_p_dout0                                                                           |   in|   16|  ap_ctrl_hs|                                                     ucb2_bench_top_Outline_TILE_LOOP|  return value|
|grp_fu_1370_p_ce                                                                              |  out|    1|  ap_ctrl_hs|                                                     ucb2_bench_top_Outline_TILE_LOOP|  return value|
|grp_fu_1374_p_din0                                                                            |  out|   16|  ap_ctrl_hs|                                                     ucb2_bench_top_Outline_TILE_LOOP|  return value|
|grp_fu_1374_p_din1                                                                            |  out|   16|  ap_ctrl_hs|                                                     ucb2_bench_top_Outline_TILE_LOOP|  return value|
|grp_fu_1374_p_dout0                                                                           |   in|   16|  ap_ctrl_hs|                                                     ucb2_bench_top_Outline_TILE_LOOP|  return value|
|grp_fu_1374_p_ce                                                                              |  out|    1|  ap_ctrl_hs|                                                     ucb2_bench_top_Outline_TILE_LOOP|  return value|
|grp_fu_1378_p_din0                                                                            |  out|   16|  ap_ctrl_hs|                                                     ucb2_bench_top_Outline_TILE_LOOP|  return value|
|grp_fu_1378_p_din1                                                                            |  out|   16|  ap_ctrl_hs|                                                     ucb2_bench_top_Outline_TILE_LOOP|  return value|
|grp_fu_1378_p_dout0                                                                           |   in|   16|  ap_ctrl_hs|                                                     ucb2_bench_top_Outline_TILE_LOOP|  return value|
|grp_fu_1378_p_ce                                                                              |  out|    1|  ap_ctrl_hs|                                                     ucb2_bench_top_Outline_TILE_LOOP|  return value|
|grp_fu_1382_p_din0                                                                            |  out|   16|  ap_ctrl_hs|                                                     ucb2_bench_top_Outline_TILE_LOOP|  return value|
|grp_fu_1382_p_din1                                                                            |  out|   16|  ap_ctrl_hs|                                                     ucb2_bench_top_Outline_TILE_LOOP|  return value|
|grp_fu_1382_p_dout0                                                                           |   in|   16|  ap_ctrl_hs|                                                     ucb2_bench_top_Outline_TILE_LOOP|  return value|
|grp_fu_1382_p_ce                                                                              |  out|    1|  ap_ctrl_hs|                                                     ucb2_bench_top_Outline_TILE_LOOP|  return value|
|grp_fu_1386_p_din0                                                                            |  out|   16|  ap_ctrl_hs|                                                     ucb2_bench_top_Outline_TILE_LOOP|  return value|
|grp_fu_1386_p_din1                                                                            |  out|   16|  ap_ctrl_hs|                                                     ucb2_bench_top_Outline_TILE_LOOP|  return value|
|grp_fu_1386_p_dout0                                                                           |   in|   16|  ap_ctrl_hs|                                                     ucb2_bench_top_Outline_TILE_LOOP|  return value|
|grp_fu_1386_p_ce                                                                              |  out|    1|  ap_ctrl_hs|                                                     ucb2_bench_top_Outline_TILE_LOOP|  return value|
|grp_fu_1390_p_din0                                                                            |  out|   16|  ap_ctrl_hs|                                                     ucb2_bench_top_Outline_TILE_LOOP|  return value|
|grp_fu_1390_p_din1                                                                            |  out|   16|  ap_ctrl_hs|                                                     ucb2_bench_top_Outline_TILE_LOOP|  return value|
|grp_fu_1390_p_dout0                                                                           |   in|   16|  ap_ctrl_hs|                                                     ucb2_bench_top_Outline_TILE_LOOP|  return value|
|grp_fu_1390_p_ce                                                                              |  out|    1|  ap_ctrl_hs|                                                     ucb2_bench_top_Outline_TILE_LOOP|  return value|
|grp_fu_1394_p_din0                                                                            |  out|   16|  ap_ctrl_hs|                                                     ucb2_bench_top_Outline_TILE_LOOP|  return value|
|grp_fu_1394_p_din1                                                                            |  out|   16|  ap_ctrl_hs|                                                     ucb2_bench_top_Outline_TILE_LOOP|  return value|
|grp_fu_1394_p_dout0                                                                           |   in|   16|  ap_ctrl_hs|                                                     ucb2_bench_top_Outline_TILE_LOOP|  return value|
|grp_fu_1394_p_ce                                                                              |  out|    1|  ap_ctrl_hs|                                                     ucb2_bench_top_Outline_TILE_LOOP|  return value|
|grp_fu_1398_p_din0                                                                            |  out|   16|  ap_ctrl_hs|                                                     ucb2_bench_top_Outline_TILE_LOOP|  return value|
|grp_fu_1398_p_din1                                                                            |  out|   16|  ap_ctrl_hs|                                                     ucb2_bench_top_Outline_TILE_LOOP|  return value|
|grp_fu_1398_p_dout0                                                                           |   in|   16|  ap_ctrl_hs|                                                     ucb2_bench_top_Outline_TILE_LOOP|  return value|
|grp_fu_1398_p_ce                                                                              |  out|    1|  ap_ctrl_hs|                                                     ucb2_bench_top_Outline_TILE_LOOP|  return value|
|grp_fu_1402_p_din0                                                                            |  out|   16|  ap_ctrl_hs|                                                     ucb2_bench_top_Outline_TILE_LOOP|  return value|
|grp_fu_1402_p_din1                                                                            |  out|   16|  ap_ctrl_hs|                                                     ucb2_bench_top_Outline_TILE_LOOP|  return value|
|grp_fu_1402_p_dout0                                                                           |   in|   16|  ap_ctrl_hs|                                                     ucb2_bench_top_Outline_TILE_LOOP|  return value|
|grp_fu_1402_p_ce                                                                              |  out|    1|  ap_ctrl_hs|                                                     ucb2_bench_top_Outline_TILE_LOOP|  return value|
|grp_fu_1406_p_din0                                                                            |  out|   16|  ap_ctrl_hs|                                                     ucb2_bench_top_Outline_TILE_LOOP|  return value|
|grp_fu_1406_p_din1                                                                            |  out|   16|  ap_ctrl_hs|                                                     ucb2_bench_top_Outline_TILE_LOOP|  return value|
|grp_fu_1406_p_dout0                                                                           |   in|   16|  ap_ctrl_hs|                                                     ucb2_bench_top_Outline_TILE_LOOP|  return value|
|grp_fu_1406_p_ce                                                                              |  out|    1|  ap_ctrl_hs|                                                     ucb2_bench_top_Outline_TILE_LOOP|  return value|
|grp_fu_1410_p_din0                                                                            |  out|   16|  ap_ctrl_hs|                                                     ucb2_bench_top_Outline_TILE_LOOP|  return value|
|grp_fu_1410_p_din1                                                                            |  out|   16|  ap_ctrl_hs|                                                     ucb2_bench_top_Outline_TILE_LOOP|  return value|
|grp_fu_1410_p_dout0                                                                           |   in|   16|  ap_ctrl_hs|                                                     ucb2_bench_top_Outline_TILE_LOOP|  return value|
|grp_fu_1410_p_ce                                                                              |  out|    1|  ap_ctrl_hs|                                                     ucb2_bench_top_Outline_TILE_LOOP|  return value|
|grp_fu_1414_p_din0                                                                            |  out|   16|  ap_ctrl_hs|                                                     ucb2_bench_top_Outline_TILE_LOOP|  return value|
|grp_fu_1414_p_din1                                                                            |  out|   16|  ap_ctrl_hs|                                                     ucb2_bench_top_Outline_TILE_LOOP|  return value|
|grp_fu_1414_p_dout0                                                                           |   in|   16|  ap_ctrl_hs|                                                     ucb2_bench_top_Outline_TILE_LOOP|  return value|
|grp_fu_1414_p_ce                                                                              |  out|    1|  ap_ctrl_hs|                                                     ucb2_bench_top_Outline_TILE_LOOP|  return value|
|grp_fu_1418_p_din0                                                                            |  out|   16|  ap_ctrl_hs|                                                     ucb2_bench_top_Outline_TILE_LOOP|  return value|
|grp_fu_1418_p_din1                                                                            |  out|   16|  ap_ctrl_hs|                                                     ucb2_bench_top_Outline_TILE_LOOP|  return value|
|grp_fu_1418_p_dout0                                                                           |   in|   16|  ap_ctrl_hs|                                                     ucb2_bench_top_Outline_TILE_LOOP|  return value|
|grp_fu_1418_p_ce                                                                              |  out|    1|  ap_ctrl_hs|                                                     ucb2_bench_top_Outline_TILE_LOOP|  return value|
|grp_fu_1422_p_din0                                                                            |  out|   16|  ap_ctrl_hs|                                                     ucb2_bench_top_Outline_TILE_LOOP|  return value|
|grp_fu_1422_p_din1                                                                            |  out|   16|  ap_ctrl_hs|                                                     ucb2_bench_top_Outline_TILE_LOOP|  return value|
|grp_fu_1422_p_dout0                                                                           |   in|   16|  ap_ctrl_hs|                                                     ucb2_bench_top_Outline_TILE_LOOP|  return value|
|grp_fu_1422_p_ce                                                                              |  out|    1|  ap_ctrl_hs|                                                     ucb2_bench_top_Outline_TILE_LOOP|  return value|
|grp_fu_1426_p_din0                                                                            |  out|   16|  ap_ctrl_hs|                                                     ucb2_bench_top_Outline_TILE_LOOP|  return value|
|grp_fu_1426_p_din1                                                                            |  out|   16|  ap_ctrl_hs|                                                     ucb2_bench_top_Outline_TILE_LOOP|  return value|
|grp_fu_1426_p_dout0                                                                           |   in|   16|  ap_ctrl_hs|                                                     ucb2_bench_top_Outline_TILE_LOOP|  return value|
|grp_fu_1426_p_ce                                                                              |  out|    1|  ap_ctrl_hs|                                                     ucb2_bench_top_Outline_TILE_LOOP|  return value|
|grp_fu_1430_p_din0                                                                            |  out|   16|  ap_ctrl_hs|                                                     ucb2_bench_top_Outline_TILE_LOOP|  return value|
|grp_fu_1430_p_din1                                                                            |  out|   16|  ap_ctrl_hs|                                                     ucb2_bench_top_Outline_TILE_LOOP|  return value|
|grp_fu_1430_p_dout0                                                                           |   in|   16|  ap_ctrl_hs|                                                     ucb2_bench_top_Outline_TILE_LOOP|  return value|
|grp_fu_1430_p_ce                                                                              |  out|    1|  ap_ctrl_hs|                                                     ucb2_bench_top_Outline_TILE_LOOP|  return value|
|grp_fu_1434_p_din0                                                                            |  out|   16|  ap_ctrl_hs|                                                     ucb2_bench_top_Outline_TILE_LOOP|  return value|
|grp_fu_1434_p_din1                                                                            |  out|   16|  ap_ctrl_hs|                                                     ucb2_bench_top_Outline_TILE_LOOP|  return value|
|grp_fu_1434_p_dout0                                                                           |   in|   16|  ap_ctrl_hs|                                                     ucb2_bench_top_Outline_TILE_LOOP|  return value|
|grp_fu_1434_p_ce                                                                              |  out|    1|  ap_ctrl_hs|                                                     ucb2_bench_top_Outline_TILE_LOOP|  return value|
|grp_fu_1438_p_din0                                                                            |  out|   16|  ap_ctrl_hs|                                                     ucb2_bench_top_Outline_TILE_LOOP|  return value|
|grp_fu_1438_p_din1                                                                            |  out|   16|  ap_ctrl_hs|                                                     ucb2_bench_top_Outline_TILE_LOOP|  return value|
|grp_fu_1438_p_dout0                                                                           |   in|   16|  ap_ctrl_hs|                                                     ucb2_bench_top_Outline_TILE_LOOP|  return value|
|grp_fu_1438_p_ce                                                                              |  out|    1|  ap_ctrl_hs|                                                     ucb2_bench_top_Outline_TILE_LOOP|  return value|
|grp_fu_1442_p_din0                                                                            |  out|   16|  ap_ctrl_hs|                                                     ucb2_bench_top_Outline_TILE_LOOP|  return value|
|grp_fu_1442_p_din1                                                                            |  out|   16|  ap_ctrl_hs|                                                     ucb2_bench_top_Outline_TILE_LOOP|  return value|
|grp_fu_1442_p_dout0                                                                           |   in|   16|  ap_ctrl_hs|                                                     ucb2_bench_top_Outline_TILE_LOOP|  return value|
|grp_fu_1442_p_ce                                                                              |  out|    1|  ap_ctrl_hs|                                                     ucb2_bench_top_Outline_TILE_LOOP|  return value|
|grp_fu_1446_p_din0                                                                            |  out|   16|  ap_ctrl_hs|                                                     ucb2_bench_top_Outline_TILE_LOOP|  return value|
|grp_fu_1446_p_din1                                                                            |  out|   16|  ap_ctrl_hs|                                                     ucb2_bench_top_Outline_TILE_LOOP|  return value|
|grp_fu_1446_p_dout0                                                                           |   in|   16|  ap_ctrl_hs|                                                     ucb2_bench_top_Outline_TILE_LOOP|  return value|
|grp_fu_1446_p_ce                                                                              |  out|    1|  ap_ctrl_hs|                                                     ucb2_bench_top_Outline_TILE_LOOP|  return value|
|grp_fu_1450_p_din0                                                                            |  out|   16|  ap_ctrl_hs|                                                     ucb2_bench_top_Outline_TILE_LOOP|  return value|
|grp_fu_1450_p_din1                                                                            |  out|   16|  ap_ctrl_hs|                                                     ucb2_bench_top_Outline_TILE_LOOP|  return value|
|grp_fu_1450_p_dout0                                                                           |   in|   16|  ap_ctrl_hs|                                                     ucb2_bench_top_Outline_TILE_LOOP|  return value|
|grp_fu_1450_p_ce                                                                              |  out|    1|  ap_ctrl_hs|                                                     ucb2_bench_top_Outline_TILE_LOOP|  return value|
|grp_fu_1454_p_din0                                                                            |  out|   16|  ap_ctrl_hs|                                                     ucb2_bench_top_Outline_TILE_LOOP|  return value|
|grp_fu_1454_p_din1                                                                            |  out|   16|  ap_ctrl_hs|                                                     ucb2_bench_top_Outline_TILE_LOOP|  return value|
|grp_fu_1454_p_dout0                                                                           |   in|   16|  ap_ctrl_hs|                                                     ucb2_bench_top_Outline_TILE_LOOP|  return value|
|grp_fu_1454_p_ce                                                                              |  out|    1|  ap_ctrl_hs|                                                     ucb2_bench_top_Outline_TILE_LOOP|  return value|
|grp_fu_1458_p_din0                                                                            |  out|   16|  ap_ctrl_hs|                                                     ucb2_bench_top_Outline_TILE_LOOP|  return value|
|grp_fu_1458_p_din1                                                                            |  out|   16|  ap_ctrl_hs|                                                     ucb2_bench_top_Outline_TILE_LOOP|  return value|
|grp_fu_1458_p_dout0                                                                           |   in|   16|  ap_ctrl_hs|                                                     ucb2_bench_top_Outline_TILE_LOOP|  return value|
|grp_fu_1458_p_ce                                                                              |  out|    1|  ap_ctrl_hs|                                                     ucb2_bench_top_Outline_TILE_LOOP|  return value|
|grp_fu_1462_p_din0                                                                            |  out|   16|  ap_ctrl_hs|                                                     ucb2_bench_top_Outline_TILE_LOOP|  return value|
|grp_fu_1462_p_din1                                                                            |  out|   16|  ap_ctrl_hs|                                                     ucb2_bench_top_Outline_TILE_LOOP|  return value|
|grp_fu_1462_p_dout0                                                                           |   in|   16|  ap_ctrl_hs|                                                     ucb2_bench_top_Outline_TILE_LOOP|  return value|
|grp_fu_1462_p_ce                                                                              |  out|    1|  ap_ctrl_hs|                                                     ucb2_bench_top_Outline_TILE_LOOP|  return value|
|grp_fu_1466_p_din0                                                                            |  out|   16|  ap_ctrl_hs|                                                     ucb2_bench_top_Outline_TILE_LOOP|  return value|
|grp_fu_1466_p_din1                                                                            |  out|   16|  ap_ctrl_hs|                                                     ucb2_bench_top_Outline_TILE_LOOP|  return value|
|grp_fu_1466_p_dout0                                                                           |   in|   16|  ap_ctrl_hs|                                                     ucb2_bench_top_Outline_TILE_LOOP|  return value|
|grp_fu_1466_p_ce                                                                              |  out|    1|  ap_ctrl_hs|                                                     ucb2_bench_top_Outline_TILE_LOOP|  return value|
|grp_fu_1470_p_din0                                                                            |  out|   16|  ap_ctrl_hs|                                                     ucb2_bench_top_Outline_TILE_LOOP|  return value|
|grp_fu_1470_p_din1                                                                            |  out|   16|  ap_ctrl_hs|                                                     ucb2_bench_top_Outline_TILE_LOOP|  return value|
|grp_fu_1470_p_dout0                                                                           |   in|   16|  ap_ctrl_hs|                                                     ucb2_bench_top_Outline_TILE_LOOP|  return value|
|grp_fu_1470_p_ce                                                                              |  out|    1|  ap_ctrl_hs|                                                     ucb2_bench_top_Outline_TILE_LOOP|  return value|
|grp_fu_1474_p_din0                                                                            |  out|   16|  ap_ctrl_hs|                                                     ucb2_bench_top_Outline_TILE_LOOP|  return value|
|grp_fu_1474_p_din1                                                                            |  out|   16|  ap_ctrl_hs|                                                     ucb2_bench_top_Outline_TILE_LOOP|  return value|
|grp_fu_1474_p_dout0                                                                           |   in|   16|  ap_ctrl_hs|                                                     ucb2_bench_top_Outline_TILE_LOOP|  return value|
|grp_fu_1474_p_ce                                                                              |  out|    1|  ap_ctrl_hs|                                                     ucb2_bench_top_Outline_TILE_LOOP|  return value|
|grp_fu_1478_p_din0                                                                            |  out|   16|  ap_ctrl_hs|                                                     ucb2_bench_top_Outline_TILE_LOOP|  return value|
|grp_fu_1478_p_din1                                                                            |  out|   16|  ap_ctrl_hs|                                                     ucb2_bench_top_Outline_TILE_LOOP|  return value|
|grp_fu_1478_p_dout0                                                                           |   in|   16|  ap_ctrl_hs|                                                     ucb2_bench_top_Outline_TILE_LOOP|  return value|
|grp_fu_1478_p_ce                                                                              |  out|    1|  ap_ctrl_hs|                                                     ucb2_bench_top_Outline_TILE_LOOP|  return value|
|grp_fu_1482_p_din0                                                                            |  out|   16|  ap_ctrl_hs|                                                     ucb2_bench_top_Outline_TILE_LOOP|  return value|
|grp_fu_1482_p_din1                                                                            |  out|   16|  ap_ctrl_hs|                                                     ucb2_bench_top_Outline_TILE_LOOP|  return value|
|grp_fu_1482_p_dout0                                                                           |   in|   16|  ap_ctrl_hs|                                                     ucb2_bench_top_Outline_TILE_LOOP|  return value|
|grp_fu_1482_p_ce                                                                              |  out|    1|  ap_ctrl_hs|                                                     ucb2_bench_top_Outline_TILE_LOOP|  return value|
|grp_fu_1486_p_din0                                                                            |  out|   16|  ap_ctrl_hs|                                                     ucb2_bench_top_Outline_TILE_LOOP|  return value|
|grp_fu_1486_p_din1                                                                            |  out|   16|  ap_ctrl_hs|                                                     ucb2_bench_top_Outline_TILE_LOOP|  return value|
|grp_fu_1486_p_dout0                                                                           |   in|   16|  ap_ctrl_hs|                                                     ucb2_bench_top_Outline_TILE_LOOP|  return value|
|grp_fu_1486_p_ce                                                                              |  out|    1|  ap_ctrl_hs|                                                     ucb2_bench_top_Outline_TILE_LOOP|  return value|
|grp_fu_1490_p_din0                                                                            |  out|   16|  ap_ctrl_hs|                                                     ucb2_bench_top_Outline_TILE_LOOP|  return value|
|grp_fu_1490_p_din1                                                                            |  out|   16|  ap_ctrl_hs|                                                     ucb2_bench_top_Outline_TILE_LOOP|  return value|
|grp_fu_1490_p_dout0                                                                           |   in|   16|  ap_ctrl_hs|                                                     ucb2_bench_top_Outline_TILE_LOOP|  return value|
|grp_fu_1490_p_ce                                                                              |  out|    1|  ap_ctrl_hs|                                                     ucb2_bench_top_Outline_TILE_LOOP|  return value|
|grp_fu_1494_p_din0                                                                            |  out|   16|  ap_ctrl_hs|                                                     ucb2_bench_top_Outline_TILE_LOOP|  return value|
|grp_fu_1494_p_din1                                                                            |  out|   16|  ap_ctrl_hs|                                                     ucb2_bench_top_Outline_TILE_LOOP|  return value|
|grp_fu_1494_p_dout0                                                                           |   in|   16|  ap_ctrl_hs|                                                     ucb2_bench_top_Outline_TILE_LOOP|  return value|
|grp_fu_1494_p_ce                                                                              |  out|    1|  ap_ctrl_hs|                                                     ucb2_bench_top_Outline_TILE_LOOP|  return value|
|grp_fu_1498_p_din0                                                                            |  out|   16|  ap_ctrl_hs|                                                     ucb2_bench_top_Outline_TILE_LOOP|  return value|
|grp_fu_1498_p_din1                                                                            |  out|   16|  ap_ctrl_hs|                                                     ucb2_bench_top_Outline_TILE_LOOP|  return value|
|grp_fu_1498_p_dout0                                                                           |   in|   16|  ap_ctrl_hs|                                                     ucb2_bench_top_Outline_TILE_LOOP|  return value|
|grp_fu_1498_p_ce                                                                              |  out|    1|  ap_ctrl_hs|                                                     ucb2_bench_top_Outline_TILE_LOOP|  return value|
|grp_fu_1502_p_din0                                                                            |  out|   16|  ap_ctrl_hs|                                                     ucb2_bench_top_Outline_TILE_LOOP|  return value|
|grp_fu_1502_p_din1                                                                            |  out|   16|  ap_ctrl_hs|                                                     ucb2_bench_top_Outline_TILE_LOOP|  return value|
|grp_fu_1502_p_dout0                                                                           |   in|   16|  ap_ctrl_hs|                                                     ucb2_bench_top_Outline_TILE_LOOP|  return value|
|grp_fu_1502_p_ce                                                                              |  out|    1|  ap_ctrl_hs|                                                     ucb2_bench_top_Outline_TILE_LOOP|  return value|
|grp_fu_1506_p_din0                                                                            |  out|   16|  ap_ctrl_hs|                                                     ucb2_bench_top_Outline_TILE_LOOP|  return value|
|grp_fu_1506_p_din1                                                                            |  out|   16|  ap_ctrl_hs|                                                     ucb2_bench_top_Outline_TILE_LOOP|  return value|
|grp_fu_1506_p_dout0                                                                           |   in|   16|  ap_ctrl_hs|                                                     ucb2_bench_top_Outline_TILE_LOOP|  return value|
|grp_fu_1506_p_ce                                                                              |  out|    1|  ap_ctrl_hs|                                                     ucb2_bench_top_Outline_TILE_LOOP|  return value|
|grp_fu_1510_p_din0                                                                            |  out|   16|  ap_ctrl_hs|                                                     ucb2_bench_top_Outline_TILE_LOOP|  return value|
|grp_fu_1510_p_din1                                                                            |  out|   16|  ap_ctrl_hs|                                                     ucb2_bench_top_Outline_TILE_LOOP|  return value|
|grp_fu_1510_p_dout0                                                                           |   in|   16|  ap_ctrl_hs|                                                     ucb2_bench_top_Outline_TILE_LOOP|  return value|
|grp_fu_1510_p_ce                                                                              |  out|    1|  ap_ctrl_hs|                                                     ucb2_bench_top_Outline_TILE_LOOP|  return value|
|grp_fu_1514_p_din0                                                                            |  out|   16|  ap_ctrl_hs|                                                     ucb2_bench_top_Outline_TILE_LOOP|  return value|
|grp_fu_1514_p_din1                                                                            |  out|   16|  ap_ctrl_hs|                                                     ucb2_bench_top_Outline_TILE_LOOP|  return value|
|grp_fu_1514_p_dout0                                                                           |   in|   16|  ap_ctrl_hs|                                                     ucb2_bench_top_Outline_TILE_LOOP|  return value|
|grp_fu_1514_p_ce                                                                              |  out|    1|  ap_ctrl_hs|                                                     ucb2_bench_top_Outline_TILE_LOOP|  return value|
|grp_fu_1518_p_din0                                                                            |  out|   16|  ap_ctrl_hs|                                                     ucb2_bench_top_Outline_TILE_LOOP|  return value|
|grp_fu_1518_p_din1                                                                            |  out|   16|  ap_ctrl_hs|                                                     ucb2_bench_top_Outline_TILE_LOOP|  return value|
|grp_fu_1518_p_dout0                                                                           |   in|   16|  ap_ctrl_hs|                                                     ucb2_bench_top_Outline_TILE_LOOP|  return value|
|grp_fu_1518_p_ce                                                                              |  out|    1|  ap_ctrl_hs|                                                     ucb2_bench_top_Outline_TILE_LOOP|  return value|
|grp_fu_1522_p_din0                                                                            |  out|   16|  ap_ctrl_hs|                                                     ucb2_bench_top_Outline_TILE_LOOP|  return value|
|grp_fu_1522_p_din1                                                                            |  out|   16|  ap_ctrl_hs|                                                     ucb2_bench_top_Outline_TILE_LOOP|  return value|
|grp_fu_1522_p_dout0                                                                           |   in|   16|  ap_ctrl_hs|                                                     ucb2_bench_top_Outline_TILE_LOOP|  return value|
|grp_fu_1522_p_ce                                                                              |  out|    1|  ap_ctrl_hs|                                                     ucb2_bench_top_Outline_TILE_LOOP|  return value|
|grp_fu_1526_p_din0                                                                            |  out|   16|  ap_ctrl_hs|                                                     ucb2_bench_top_Outline_TILE_LOOP|  return value|
|grp_fu_1526_p_din1                                                                            |  out|   16|  ap_ctrl_hs|                                                     ucb2_bench_top_Outline_TILE_LOOP|  return value|
|grp_fu_1526_p_dout0                                                                           |   in|   16|  ap_ctrl_hs|                                                     ucb2_bench_top_Outline_TILE_LOOP|  return value|
|grp_fu_1526_p_ce                                                                              |  out|    1|  ap_ctrl_hs|                                                     ucb2_bench_top_Outline_TILE_LOOP|  return value|
|grp_fu_1530_p_din0                                                                            |  out|   16|  ap_ctrl_hs|                                                     ucb2_bench_top_Outline_TILE_LOOP|  return value|
|grp_fu_1530_p_din1                                                                            |  out|   16|  ap_ctrl_hs|                                                     ucb2_bench_top_Outline_TILE_LOOP|  return value|
|grp_fu_1530_p_dout0                                                                           |   in|   16|  ap_ctrl_hs|                                                     ucb2_bench_top_Outline_TILE_LOOP|  return value|
|grp_fu_1530_p_ce                                                                              |  out|    1|  ap_ctrl_hs|                                                     ucb2_bench_top_Outline_TILE_LOOP|  return value|
|grp_fu_1534_p_din0                                                                            |  out|   16|  ap_ctrl_hs|                                                     ucb2_bench_top_Outline_TILE_LOOP|  return value|
|grp_fu_1534_p_din1                                                                            |  out|   16|  ap_ctrl_hs|                                                     ucb2_bench_top_Outline_TILE_LOOP|  return value|
|grp_fu_1534_p_dout0                                                                           |   in|   16|  ap_ctrl_hs|                                                     ucb2_bench_top_Outline_TILE_LOOP|  return value|
|grp_fu_1534_p_ce                                                                              |  out|    1|  ap_ctrl_hs|                                                     ucb2_bench_top_Outline_TILE_LOOP|  return value|
|grp_fu_1538_p_din0                                                                            |  out|   16|  ap_ctrl_hs|                                                     ucb2_bench_top_Outline_TILE_LOOP|  return value|
|grp_fu_1538_p_din1                                                                            |  out|   16|  ap_ctrl_hs|                                                     ucb2_bench_top_Outline_TILE_LOOP|  return value|
|grp_fu_1538_p_dout0                                                                           |   in|   16|  ap_ctrl_hs|                                                     ucb2_bench_top_Outline_TILE_LOOP|  return value|
|grp_fu_1538_p_ce                                                                              |  out|    1|  ap_ctrl_hs|                                                     ucb2_bench_top_Outline_TILE_LOOP|  return value|
|grp_fu_1542_p_din0                                                                            |  out|   16|  ap_ctrl_hs|                                                     ucb2_bench_top_Outline_TILE_LOOP|  return value|
|grp_fu_1542_p_din1                                                                            |  out|   16|  ap_ctrl_hs|                                                     ucb2_bench_top_Outline_TILE_LOOP|  return value|
|grp_fu_1542_p_dout0                                                                           |   in|   16|  ap_ctrl_hs|                                                     ucb2_bench_top_Outline_TILE_LOOP|  return value|
|grp_fu_1542_p_ce                                                                              |  out|    1|  ap_ctrl_hs|                                                     ucb2_bench_top_Outline_TILE_LOOP|  return value|
|grp_fu_1546_p_din0                                                                            |  out|   16|  ap_ctrl_hs|                                                     ucb2_bench_top_Outline_TILE_LOOP|  return value|
|grp_fu_1546_p_din1                                                                            |  out|   16|  ap_ctrl_hs|                                                     ucb2_bench_top_Outline_TILE_LOOP|  return value|
|grp_fu_1546_p_dout0                                                                           |   in|   16|  ap_ctrl_hs|                                                     ucb2_bench_top_Outline_TILE_LOOP|  return value|
|grp_fu_1546_p_ce                                                                              |  out|    1|  ap_ctrl_hs|                                                     ucb2_bench_top_Outline_TILE_LOOP|  return value|
|grp_fu_1550_p_din0                                                                            |  out|   16|  ap_ctrl_hs|                                                     ucb2_bench_top_Outline_TILE_LOOP|  return value|
|grp_fu_1550_p_din1                                                                            |  out|   16|  ap_ctrl_hs|                                                     ucb2_bench_top_Outline_TILE_LOOP|  return value|
|grp_fu_1550_p_dout0                                                                           |   in|   16|  ap_ctrl_hs|                                                     ucb2_bench_top_Outline_TILE_LOOP|  return value|
|grp_fu_1550_p_ce                                                                              |  out|    1|  ap_ctrl_hs|                                                     ucb2_bench_top_Outline_TILE_LOOP|  return value|
|grp_fu_1554_p_din0                                                                            |  out|   16|  ap_ctrl_hs|                                                     ucb2_bench_top_Outline_TILE_LOOP|  return value|
|grp_fu_1554_p_din1                                                                            |  out|   16|  ap_ctrl_hs|                                                     ucb2_bench_top_Outline_TILE_LOOP|  return value|
|grp_fu_1554_p_dout0                                                                           |   in|   16|  ap_ctrl_hs|                                                     ucb2_bench_top_Outline_TILE_LOOP|  return value|
|grp_fu_1554_p_ce                                                                              |  out|    1|  ap_ctrl_hs|                                                     ucb2_bench_top_Outline_TILE_LOOP|  return value|
|grp_fu_1558_p_din0                                                                            |  out|   16|  ap_ctrl_hs|                                                     ucb2_bench_top_Outline_TILE_LOOP|  return value|
|grp_fu_1558_p_din1                                                                            |  out|   16|  ap_ctrl_hs|                                                     ucb2_bench_top_Outline_TILE_LOOP|  return value|
|grp_fu_1558_p_dout0                                                                           |   in|   16|  ap_ctrl_hs|                                                     ucb2_bench_top_Outline_TILE_LOOP|  return value|
|grp_fu_1558_p_ce                                                                              |  out|    1|  ap_ctrl_hs|                                                     ucb2_bench_top_Outline_TILE_LOOP|  return value|
|grp_fu_1562_p_din0                                                                            |  out|   16|  ap_ctrl_hs|                                                     ucb2_bench_top_Outline_TILE_LOOP|  return value|
|grp_fu_1562_p_din1                                                                            |  out|   16|  ap_ctrl_hs|                                                     ucb2_bench_top_Outline_TILE_LOOP|  return value|
|grp_fu_1562_p_dout0                                                                           |   in|   16|  ap_ctrl_hs|                                                     ucb2_bench_top_Outline_TILE_LOOP|  return value|
|grp_fu_1562_p_ce                                                                              |  out|    1|  ap_ctrl_hs|                                                     ucb2_bench_top_Outline_TILE_LOOP|  return value|
|grp_fu_1566_p_din0                                                                            |  out|   16|  ap_ctrl_hs|                                                     ucb2_bench_top_Outline_TILE_LOOP|  return value|
|grp_fu_1566_p_din1                                                                            |  out|   16|  ap_ctrl_hs|                                                     ucb2_bench_top_Outline_TILE_LOOP|  return value|
|grp_fu_1566_p_dout0                                                                           |   in|   16|  ap_ctrl_hs|                                                     ucb2_bench_top_Outline_TILE_LOOP|  return value|
|grp_fu_1566_p_ce                                                                              |  out|    1|  ap_ctrl_hs|                                                     ucb2_bench_top_Outline_TILE_LOOP|  return value|
|grp_fu_1570_p_din0                                                                            |  out|   16|  ap_ctrl_hs|                                                     ucb2_bench_top_Outline_TILE_LOOP|  return value|
|grp_fu_1570_p_din1                                                                            |  out|   16|  ap_ctrl_hs|                                                     ucb2_bench_top_Outline_TILE_LOOP|  return value|
|grp_fu_1570_p_dout0                                                                           |   in|   16|  ap_ctrl_hs|                                                     ucb2_bench_top_Outline_TILE_LOOP|  return value|
|grp_fu_1570_p_ce                                                                              |  out|    1|  ap_ctrl_hs|                                                     ucb2_bench_top_Outline_TILE_LOOP|  return value|
|grp_fu_1574_p_din0                                                                            |  out|   16|  ap_ctrl_hs|                                                     ucb2_bench_top_Outline_TILE_LOOP|  return value|
|grp_fu_1574_p_din1                                                                            |  out|   16|  ap_ctrl_hs|                                                     ucb2_bench_top_Outline_TILE_LOOP|  return value|
|grp_fu_1574_p_dout0                                                                           |   in|   16|  ap_ctrl_hs|                                                     ucb2_bench_top_Outline_TILE_LOOP|  return value|
|grp_fu_1574_p_ce                                                                              |  out|    1|  ap_ctrl_hs|                                                     ucb2_bench_top_Outline_TILE_LOOP|  return value|
|grp_fu_1578_p_din0                                                                            |  out|   16|  ap_ctrl_hs|                                                     ucb2_bench_top_Outline_TILE_LOOP|  return value|
|grp_fu_1578_p_din1                                                                            |  out|   16|  ap_ctrl_hs|                                                     ucb2_bench_top_Outline_TILE_LOOP|  return value|
|grp_fu_1578_p_dout0                                                                           |   in|   16|  ap_ctrl_hs|                                                     ucb2_bench_top_Outline_TILE_LOOP|  return value|
|grp_fu_1578_p_ce                                                                              |  out|    1|  ap_ctrl_hs|                                                     ucb2_bench_top_Outline_TILE_LOOP|  return value|
|grp_fu_1582_p_din0                                                                            |  out|   16|  ap_ctrl_hs|                                                     ucb2_bench_top_Outline_TILE_LOOP|  return value|
|grp_fu_1582_p_din1                                                                            |  out|   16|  ap_ctrl_hs|                                                     ucb2_bench_top_Outline_TILE_LOOP|  return value|
|grp_fu_1582_p_dout0                                                                           |   in|   16|  ap_ctrl_hs|                                                     ucb2_bench_top_Outline_TILE_LOOP|  return value|
|grp_fu_1582_p_ce                                                                              |  out|    1|  ap_ctrl_hs|                                                     ucb2_bench_top_Outline_TILE_LOOP|  return value|
|grp_fu_1586_p_din0                                                                            |  out|   16|  ap_ctrl_hs|                                                     ucb2_bench_top_Outline_TILE_LOOP|  return value|
|grp_fu_1586_p_din1                                                                            |  out|   16|  ap_ctrl_hs|                                                     ucb2_bench_top_Outline_TILE_LOOP|  return value|
|grp_fu_1586_p_dout0                                                                           |   in|   16|  ap_ctrl_hs|                                                     ucb2_bench_top_Outline_TILE_LOOP|  return value|
|grp_fu_1586_p_ce                                                                              |  out|    1|  ap_ctrl_hs|                                                     ucb2_bench_top_Outline_TILE_LOOP|  return value|
|grp_fu_1590_p_din0                                                                            |  out|   16|  ap_ctrl_hs|                                                     ucb2_bench_top_Outline_TILE_LOOP|  return value|
|grp_fu_1590_p_din1                                                                            |  out|   16|  ap_ctrl_hs|                                                     ucb2_bench_top_Outline_TILE_LOOP|  return value|
|grp_fu_1590_p_dout0                                                                           |   in|   16|  ap_ctrl_hs|                                                     ucb2_bench_top_Outline_TILE_LOOP|  return value|
|grp_fu_1590_p_ce                                                                              |  out|    1|  ap_ctrl_hs|                                                     ucb2_bench_top_Outline_TILE_LOOP|  return value|
|grp_fu_1594_p_din0                                                                            |  out|   16|  ap_ctrl_hs|                                                     ucb2_bench_top_Outline_TILE_LOOP|  return value|
|grp_fu_1594_p_din1                                                                            |  out|   16|  ap_ctrl_hs|                                                     ucb2_bench_top_Outline_TILE_LOOP|  return value|
|grp_fu_1594_p_dout0                                                                           |   in|   16|  ap_ctrl_hs|                                                     ucb2_bench_top_Outline_TILE_LOOP|  return value|
|grp_fu_1594_p_ce                                                                              |  out|    1|  ap_ctrl_hs|                                                     ucb2_bench_top_Outline_TILE_LOOP|  return value|
|grp_fu_1598_p_din0                                                                            |  out|   16|  ap_ctrl_hs|                                                     ucb2_bench_top_Outline_TILE_LOOP|  return value|
|grp_fu_1598_p_din1                                                                            |  out|   16|  ap_ctrl_hs|                                                     ucb2_bench_top_Outline_TILE_LOOP|  return value|
|grp_fu_1598_p_dout0                                                                           |   in|   16|  ap_ctrl_hs|                                                     ucb2_bench_top_Outline_TILE_LOOP|  return value|
|grp_fu_1598_p_ce                                                                              |  out|    1|  ap_ctrl_hs|                                                     ucb2_bench_top_Outline_TILE_LOOP|  return value|
|grp_fu_1602_p_din0                                                                            |  out|   16|  ap_ctrl_hs|                                                     ucb2_bench_top_Outline_TILE_LOOP|  return value|
|grp_fu_1602_p_din1                                                                            |  out|   16|  ap_ctrl_hs|                                                     ucb2_bench_top_Outline_TILE_LOOP|  return value|
|grp_fu_1602_p_dout0                                                                           |   in|   16|  ap_ctrl_hs|                                                     ucb2_bench_top_Outline_TILE_LOOP|  return value|
|grp_fu_1602_p_ce                                                                              |  out|    1|  ap_ctrl_hs|                                                     ucb2_bench_top_Outline_TILE_LOOP|  return value|
|grp_fu_1606_p_din0                                                                            |  out|   16|  ap_ctrl_hs|                                                     ucb2_bench_top_Outline_TILE_LOOP|  return value|
|grp_fu_1606_p_din1                                                                            |  out|   16|  ap_ctrl_hs|                                                     ucb2_bench_top_Outline_TILE_LOOP|  return value|
|grp_fu_1606_p_dout0                                                                           |   in|   16|  ap_ctrl_hs|                                                     ucb2_bench_top_Outline_TILE_LOOP|  return value|
|grp_fu_1606_p_ce                                                                              |  out|    1|  ap_ctrl_hs|                                                     ucb2_bench_top_Outline_TILE_LOOP|  return value|
|grp_fu_1610_p_din0                                                                            |  out|   16|  ap_ctrl_hs|                                                     ucb2_bench_top_Outline_TILE_LOOP|  return value|
|grp_fu_1610_p_din1                                                                            |  out|   16|  ap_ctrl_hs|                                                     ucb2_bench_top_Outline_TILE_LOOP|  return value|
|grp_fu_1610_p_dout0                                                                           |   in|   16|  ap_ctrl_hs|                                                     ucb2_bench_top_Outline_TILE_LOOP|  return value|
|grp_fu_1610_p_ce                                                                              |  out|    1|  ap_ctrl_hs|                                                     ucb2_bench_top_Outline_TILE_LOOP|  return value|
|grp_fu_1614_p_din0                                                                            |  out|   16|  ap_ctrl_hs|                                                     ucb2_bench_top_Outline_TILE_LOOP|  return value|
|grp_fu_1614_p_din1                                                                            |  out|   16|  ap_ctrl_hs|                                                     ucb2_bench_top_Outline_TILE_LOOP|  return value|
|grp_fu_1614_p_dout0                                                                           |   in|   16|  ap_ctrl_hs|                                                     ucb2_bench_top_Outline_TILE_LOOP|  return value|
|grp_fu_1614_p_ce                                                                              |  out|    1|  ap_ctrl_hs|                                                     ucb2_bench_top_Outline_TILE_LOOP|  return value|
|grp_fu_1618_p_din0                                                                            |  out|   16|  ap_ctrl_hs|                                                     ucb2_bench_top_Outline_TILE_LOOP|  return value|
|grp_fu_1618_p_din1                                                                            |  out|   16|  ap_ctrl_hs|                                                     ucb2_bench_top_Outline_TILE_LOOP|  return value|
|grp_fu_1618_p_dout0                                                                           |   in|   16|  ap_ctrl_hs|                                                     ucb2_bench_top_Outline_TILE_LOOP|  return value|
|grp_fu_1618_p_ce                                                                              |  out|    1|  ap_ctrl_hs|                                                     ucb2_bench_top_Outline_TILE_LOOP|  return value|
|grp_fu_1622_p_din0                                                                            |  out|   16|  ap_ctrl_hs|                                                     ucb2_bench_top_Outline_TILE_LOOP|  return value|
|grp_fu_1622_p_din1                                                                            |  out|   16|  ap_ctrl_hs|                                                     ucb2_bench_top_Outline_TILE_LOOP|  return value|
|grp_fu_1622_p_dout0                                                                           |   in|   16|  ap_ctrl_hs|                                                     ucb2_bench_top_Outline_TILE_LOOP|  return value|
|grp_fu_1622_p_ce                                                                              |  out|    1|  ap_ctrl_hs|                                                     ucb2_bench_top_Outline_TILE_LOOP|  return value|
|grp_fu_1626_p_din0                                                                            |  out|   16|  ap_ctrl_hs|                                                     ucb2_bench_top_Outline_TILE_LOOP|  return value|
|grp_fu_1626_p_din1                                                                            |  out|   16|  ap_ctrl_hs|                                                     ucb2_bench_top_Outline_TILE_LOOP|  return value|
|grp_fu_1626_p_dout0                                                                           |   in|   16|  ap_ctrl_hs|                                                     ucb2_bench_top_Outline_TILE_LOOP|  return value|
|grp_fu_1626_p_ce                                                                              |  out|    1|  ap_ctrl_hs|                                                     ucb2_bench_top_Outline_TILE_LOOP|  return value|
|grp_fu_1630_p_din0                                                                            |  out|   16|  ap_ctrl_hs|                                                     ucb2_bench_top_Outline_TILE_LOOP|  return value|
|grp_fu_1630_p_din1                                                                            |  out|   16|  ap_ctrl_hs|                                                     ucb2_bench_top_Outline_TILE_LOOP|  return value|
|grp_fu_1630_p_dout0                                                                           |   in|   16|  ap_ctrl_hs|                                                     ucb2_bench_top_Outline_TILE_LOOP|  return value|
|grp_fu_1630_p_ce                                                                              |  out|    1|  ap_ctrl_hs|                                                     ucb2_bench_top_Outline_TILE_LOOP|  return value|
|grp_fu_1634_p_din0                                                                            |  out|   16|  ap_ctrl_hs|                                                     ucb2_bench_top_Outline_TILE_LOOP|  return value|
|grp_fu_1634_p_din1                                                                            |  out|   16|  ap_ctrl_hs|                                                     ucb2_bench_top_Outline_TILE_LOOP|  return value|
|grp_fu_1634_p_dout0                                                                           |   in|   16|  ap_ctrl_hs|                                                     ucb2_bench_top_Outline_TILE_LOOP|  return value|
|grp_fu_1634_p_ce                                                                              |  out|    1|  ap_ctrl_hs|                                                     ucb2_bench_top_Outline_TILE_LOOP|  return value|
|grp_fu_1638_p_din0                                                                            |  out|   16|  ap_ctrl_hs|                                                     ucb2_bench_top_Outline_TILE_LOOP|  return value|
|grp_fu_1638_p_din1                                                                            |  out|   16|  ap_ctrl_hs|                                                     ucb2_bench_top_Outline_TILE_LOOP|  return value|
|grp_fu_1638_p_dout0                                                                           |   in|   16|  ap_ctrl_hs|                                                     ucb2_bench_top_Outline_TILE_LOOP|  return value|
|grp_fu_1638_p_ce                                                                              |  out|    1|  ap_ctrl_hs|                                                     ucb2_bench_top_Outline_TILE_LOOP|  return value|
|grp_fu_1642_p_din0                                                                            |  out|   16|  ap_ctrl_hs|                                                     ucb2_bench_top_Outline_TILE_LOOP|  return value|
|grp_fu_1642_p_din1                                                                            |  out|   16|  ap_ctrl_hs|                                                     ucb2_bench_top_Outline_TILE_LOOP|  return value|
|grp_fu_1642_p_dout0                                                                           |   in|   16|  ap_ctrl_hs|                                                     ucb2_bench_top_Outline_TILE_LOOP|  return value|
|grp_fu_1642_p_ce                                                                              |  out|    1|  ap_ctrl_hs|                                                     ucb2_bench_top_Outline_TILE_LOOP|  return value|
|grp_fu_1646_p_din0                                                                            |  out|   16|  ap_ctrl_hs|                                                     ucb2_bench_top_Outline_TILE_LOOP|  return value|
|grp_fu_1646_p_din1                                                                            |  out|   16|  ap_ctrl_hs|                                                     ucb2_bench_top_Outline_TILE_LOOP|  return value|
|grp_fu_1646_p_dout0                                                                           |   in|   16|  ap_ctrl_hs|                                                     ucb2_bench_top_Outline_TILE_LOOP|  return value|
|grp_fu_1646_p_ce                                                                              |  out|    1|  ap_ctrl_hs|                                                     ucb2_bench_top_Outline_TILE_LOOP|  return value|
|grp_fu_1650_p_din0                                                                            |  out|   16|  ap_ctrl_hs|                                                     ucb2_bench_top_Outline_TILE_LOOP|  return value|
|grp_fu_1650_p_din1                                                                            |  out|   16|  ap_ctrl_hs|                                                     ucb2_bench_top_Outline_TILE_LOOP|  return value|
|grp_fu_1650_p_dout0                                                                           |   in|   16|  ap_ctrl_hs|                                                     ucb2_bench_top_Outline_TILE_LOOP|  return value|
|grp_fu_1650_p_ce                                                                              |  out|    1|  ap_ctrl_hs|                                                     ucb2_bench_top_Outline_TILE_LOOP|  return value|
|grp_fu_1654_p_din0                                                                            |  out|   16|  ap_ctrl_hs|                                                     ucb2_bench_top_Outline_TILE_LOOP|  return value|
|grp_fu_1654_p_din1                                                                            |  out|   16|  ap_ctrl_hs|                                                     ucb2_bench_top_Outline_TILE_LOOP|  return value|
|grp_fu_1654_p_dout0                                                                           |   in|   16|  ap_ctrl_hs|                                                     ucb2_bench_top_Outline_TILE_LOOP|  return value|
|grp_fu_1654_p_ce                                                                              |  out|    1|  ap_ctrl_hs|                                                     ucb2_bench_top_Outline_TILE_LOOP|  return value|
|grp_fu_1658_p_din0                                                                            |  out|   16|  ap_ctrl_hs|                                                     ucb2_bench_top_Outline_TILE_LOOP|  return value|
|grp_fu_1658_p_din1                                                                            |  out|   16|  ap_ctrl_hs|                                                     ucb2_bench_top_Outline_TILE_LOOP|  return value|
|grp_fu_1658_p_dout0                                                                           |   in|   16|  ap_ctrl_hs|                                                     ucb2_bench_top_Outline_TILE_LOOP|  return value|
|grp_fu_1658_p_ce                                                                              |  out|    1|  ap_ctrl_hs|                                                     ucb2_bench_top_Outline_TILE_LOOP|  return value|
|grp_fu_1662_p_din0                                                                            |  out|   16|  ap_ctrl_hs|                                                     ucb2_bench_top_Outline_TILE_LOOP|  return value|
|grp_fu_1662_p_din1                                                                            |  out|   16|  ap_ctrl_hs|                                                     ucb2_bench_top_Outline_TILE_LOOP|  return value|
|grp_fu_1662_p_dout0                                                                           |   in|   16|  ap_ctrl_hs|                                                     ucb2_bench_top_Outline_TILE_LOOP|  return value|
|grp_fu_1662_p_ce                                                                              |  out|    1|  ap_ctrl_hs|                                                     ucb2_bench_top_Outline_TILE_LOOP|  return value|
|grp_fu_1666_p_din0                                                                            |  out|   16|  ap_ctrl_hs|                                                     ucb2_bench_top_Outline_TILE_LOOP|  return value|
|grp_fu_1666_p_din1                                                                            |  out|   16|  ap_ctrl_hs|                                                     ucb2_bench_top_Outline_TILE_LOOP|  return value|
|grp_fu_1666_p_dout0                                                                           |   in|   16|  ap_ctrl_hs|                                                     ucb2_bench_top_Outline_TILE_LOOP|  return value|
|grp_fu_1666_p_ce                                                                              |  out|    1|  ap_ctrl_hs|                                                     ucb2_bench_top_Outline_TILE_LOOP|  return value|
|grp_fu_1670_p_din0                                                                            |  out|   16|  ap_ctrl_hs|                                                     ucb2_bench_top_Outline_TILE_LOOP|  return value|
|grp_fu_1670_p_din1                                                                            |  out|   16|  ap_ctrl_hs|                                                     ucb2_bench_top_Outline_TILE_LOOP|  return value|
|grp_fu_1670_p_dout0                                                                           |   in|   16|  ap_ctrl_hs|                                                     ucb2_bench_top_Outline_TILE_LOOP|  return value|
|grp_fu_1670_p_ce                                                                              |  out|    1|  ap_ctrl_hs|                                                     ucb2_bench_top_Outline_TILE_LOOP|  return value|
|grp_fu_1674_p_din0                                                                            |  out|   16|  ap_ctrl_hs|                                                     ucb2_bench_top_Outline_TILE_LOOP|  return value|
|grp_fu_1674_p_din1                                                                            |  out|   16|  ap_ctrl_hs|                                                     ucb2_bench_top_Outline_TILE_LOOP|  return value|
|grp_fu_1674_p_dout0                                                                           |   in|   16|  ap_ctrl_hs|                                                     ucb2_bench_top_Outline_TILE_LOOP|  return value|
|grp_fu_1674_p_ce                                                                              |  out|    1|  ap_ctrl_hs|                                                     ucb2_bench_top_Outline_TILE_LOOP|  return value|
|grp_fu_1678_p_din0                                                                            |  out|   16|  ap_ctrl_hs|                                                     ucb2_bench_top_Outline_TILE_LOOP|  return value|
|grp_fu_1678_p_din1                                                                            |  out|   16|  ap_ctrl_hs|                                                     ucb2_bench_top_Outline_TILE_LOOP|  return value|
|grp_fu_1678_p_dout0                                                                           |   in|   16|  ap_ctrl_hs|                                                     ucb2_bench_top_Outline_TILE_LOOP|  return value|
|grp_fu_1678_p_ce                                                                              |  out|    1|  ap_ctrl_hs|                                                     ucb2_bench_top_Outline_TILE_LOOP|  return value|
|grp_fu_1682_p_din0                                                                            |  out|   16|  ap_ctrl_hs|                                                     ucb2_bench_top_Outline_TILE_LOOP|  return value|
|grp_fu_1682_p_din1                                                                            |  out|   16|  ap_ctrl_hs|                                                     ucb2_bench_top_Outline_TILE_LOOP|  return value|
|grp_fu_1682_p_dout0                                                                           |   in|   16|  ap_ctrl_hs|                                                     ucb2_bench_top_Outline_TILE_LOOP|  return value|
|grp_fu_1682_p_ce                                                                              |  out|    1|  ap_ctrl_hs|                                                     ucb2_bench_top_Outline_TILE_LOOP|  return value|
|grp_fu_1686_p_din0                                                                            |  out|   16|  ap_ctrl_hs|                                                     ucb2_bench_top_Outline_TILE_LOOP|  return value|
|grp_fu_1686_p_din1                                                                            |  out|   16|  ap_ctrl_hs|                                                     ucb2_bench_top_Outline_TILE_LOOP|  return value|
|grp_fu_1686_p_dout0                                                                           |   in|   16|  ap_ctrl_hs|                                                     ucb2_bench_top_Outline_TILE_LOOP|  return value|
|grp_fu_1686_p_ce                                                                              |  out|    1|  ap_ctrl_hs|                                                     ucb2_bench_top_Outline_TILE_LOOP|  return value|
|grp_fu_1690_p_din0                                                                            |  out|   16|  ap_ctrl_hs|                                                     ucb2_bench_top_Outline_TILE_LOOP|  return value|
|grp_fu_1690_p_din1                                                                            |  out|   16|  ap_ctrl_hs|                                                     ucb2_bench_top_Outline_TILE_LOOP|  return value|
|grp_fu_1690_p_dout0                                                                           |   in|   16|  ap_ctrl_hs|                                                     ucb2_bench_top_Outline_TILE_LOOP|  return value|
|grp_fu_1690_p_ce                                                                              |  out|    1|  ap_ctrl_hs|                                                     ucb2_bench_top_Outline_TILE_LOOP|  return value|
|grp_fu_1694_p_din0                                                                            |  out|   16|  ap_ctrl_hs|                                                     ucb2_bench_top_Outline_TILE_LOOP|  return value|
|grp_fu_1694_p_din1                                                                            |  out|   16|  ap_ctrl_hs|                                                     ucb2_bench_top_Outline_TILE_LOOP|  return value|
|grp_fu_1694_p_dout0                                                                           |   in|   16|  ap_ctrl_hs|                                                     ucb2_bench_top_Outline_TILE_LOOP|  return value|
|grp_fu_1694_p_ce                                                                              |  out|    1|  ap_ctrl_hs|                                                     ucb2_bench_top_Outline_TILE_LOOP|  return value|
|grp_fu_1698_p_din0                                                                            |  out|   16|  ap_ctrl_hs|                                                     ucb2_bench_top_Outline_TILE_LOOP|  return value|
|grp_fu_1698_p_din1                                                                            |  out|   16|  ap_ctrl_hs|                                                     ucb2_bench_top_Outline_TILE_LOOP|  return value|
|grp_fu_1698_p_dout0                                                                           |   in|   16|  ap_ctrl_hs|                                                     ucb2_bench_top_Outline_TILE_LOOP|  return value|
|grp_fu_1698_p_ce                                                                              |  out|    1|  ap_ctrl_hs|                                                     ucb2_bench_top_Outline_TILE_LOOP|  return value|
|grp_fu_1702_p_din0                                                                            |  out|   16|  ap_ctrl_hs|                                                     ucb2_bench_top_Outline_TILE_LOOP|  return value|
|grp_fu_1702_p_din1                                                                            |  out|   16|  ap_ctrl_hs|                                                     ucb2_bench_top_Outline_TILE_LOOP|  return value|
|grp_fu_1702_p_dout0                                                                           |   in|   16|  ap_ctrl_hs|                                                     ucb2_bench_top_Outline_TILE_LOOP|  return value|
|grp_fu_1702_p_ce                                                                              |  out|    1|  ap_ctrl_hs|                                                     ucb2_bench_top_Outline_TILE_LOOP|  return value|
|grp_fu_1706_p_din0                                                                            |  out|   16|  ap_ctrl_hs|                                                     ucb2_bench_top_Outline_TILE_LOOP|  return value|
|grp_fu_1706_p_din1                                                                            |  out|   16|  ap_ctrl_hs|                                                     ucb2_bench_top_Outline_TILE_LOOP|  return value|
|grp_fu_1706_p_dout0                                                                           |   in|   16|  ap_ctrl_hs|                                                     ucb2_bench_top_Outline_TILE_LOOP|  return value|
|grp_fu_1706_p_ce                                                                              |  out|    1|  ap_ctrl_hs|                                                     ucb2_bench_top_Outline_TILE_LOOP|  return value|
|grp_fu_1710_p_din0                                                                            |  out|   16|  ap_ctrl_hs|                                                     ucb2_bench_top_Outline_TILE_LOOP|  return value|
|grp_fu_1710_p_din1                                                                            |  out|   16|  ap_ctrl_hs|                                                     ucb2_bench_top_Outline_TILE_LOOP|  return value|
|grp_fu_1710_p_dout0                                                                           |   in|   16|  ap_ctrl_hs|                                                     ucb2_bench_top_Outline_TILE_LOOP|  return value|
|grp_fu_1710_p_ce                                                                              |  out|    1|  ap_ctrl_hs|                                                     ucb2_bench_top_Outline_TILE_LOOP|  return value|
|grp_fu_1714_p_din0                                                                            |  out|   16|  ap_ctrl_hs|                                                     ucb2_bench_top_Outline_TILE_LOOP|  return value|
|grp_fu_1714_p_din1                                                                            |  out|   16|  ap_ctrl_hs|                                                     ucb2_bench_top_Outline_TILE_LOOP|  return value|
|grp_fu_1714_p_dout0                                                                           |   in|   16|  ap_ctrl_hs|                                                     ucb2_bench_top_Outline_TILE_LOOP|  return value|
|grp_fu_1714_p_ce                                                                              |  out|    1|  ap_ctrl_hs|                                                     ucb2_bench_top_Outline_TILE_LOOP|  return value|
|grp_fu_1718_p_din0                                                                            |  out|   16|  ap_ctrl_hs|                                                     ucb2_bench_top_Outline_TILE_LOOP|  return value|
|grp_fu_1718_p_din1                                                                            |  out|   16|  ap_ctrl_hs|                                                     ucb2_bench_top_Outline_TILE_LOOP|  return value|
|grp_fu_1718_p_dout0                                                                           |   in|   16|  ap_ctrl_hs|                                                     ucb2_bench_top_Outline_TILE_LOOP|  return value|
|grp_fu_1718_p_ce                                                                              |  out|    1|  ap_ctrl_hs|                                                     ucb2_bench_top_Outline_TILE_LOOP|  return value|
|grp_fu_1722_p_din0                                                                            |  out|   16|  ap_ctrl_hs|                                                     ucb2_bench_top_Outline_TILE_LOOP|  return value|
|grp_fu_1722_p_din1                                                                            |  out|   16|  ap_ctrl_hs|                                                     ucb2_bench_top_Outline_TILE_LOOP|  return value|
|grp_fu_1722_p_dout0                                                                           |   in|   16|  ap_ctrl_hs|                                                     ucb2_bench_top_Outline_TILE_LOOP|  return value|
|grp_fu_1722_p_ce                                                                              |  out|    1|  ap_ctrl_hs|                                                     ucb2_bench_top_Outline_TILE_LOOP|  return value|
|grp_fu_1726_p_din0                                                                            |  out|   16|  ap_ctrl_hs|                                                     ucb2_bench_top_Outline_TILE_LOOP|  return value|
|grp_fu_1726_p_din1                                                                            |  out|   16|  ap_ctrl_hs|                                                     ucb2_bench_top_Outline_TILE_LOOP|  return value|
|grp_fu_1726_p_dout0                                                                           |   in|   16|  ap_ctrl_hs|                                                     ucb2_bench_top_Outline_TILE_LOOP|  return value|
|grp_fu_1726_p_ce                                                                              |  out|    1|  ap_ctrl_hs|                                                     ucb2_bench_top_Outline_TILE_LOOP|  return value|
|grp_fu_1730_p_din0                                                                            |  out|   16|  ap_ctrl_hs|                                                     ucb2_bench_top_Outline_TILE_LOOP|  return value|
|grp_fu_1730_p_din1                                                                            |  out|   16|  ap_ctrl_hs|                                                     ucb2_bench_top_Outline_TILE_LOOP|  return value|
|grp_fu_1730_p_dout0                                                                           |   in|   16|  ap_ctrl_hs|                                                     ucb2_bench_top_Outline_TILE_LOOP|  return value|
|grp_fu_1730_p_ce                                                                              |  out|    1|  ap_ctrl_hs|                                                     ucb2_bench_top_Outline_TILE_LOOP|  return value|
|grp_fu_1734_p_din0                                                                            |  out|   16|  ap_ctrl_hs|                                                     ucb2_bench_top_Outline_TILE_LOOP|  return value|
|grp_fu_1734_p_din1                                                                            |  out|   16|  ap_ctrl_hs|                                                     ucb2_bench_top_Outline_TILE_LOOP|  return value|
|grp_fu_1734_p_dout0                                                                           |   in|   16|  ap_ctrl_hs|                                                     ucb2_bench_top_Outline_TILE_LOOP|  return value|
|grp_fu_1734_p_ce                                                                              |  out|    1|  ap_ctrl_hs|                                                     ucb2_bench_top_Outline_TILE_LOOP|  return value|
|grp_fu_1738_p_din0                                                                            |  out|   16|  ap_ctrl_hs|                                                     ucb2_bench_top_Outline_TILE_LOOP|  return value|
|grp_fu_1738_p_din1                                                                            |  out|   16|  ap_ctrl_hs|                                                     ucb2_bench_top_Outline_TILE_LOOP|  return value|
|grp_fu_1738_p_dout0                                                                           |   in|   16|  ap_ctrl_hs|                                                     ucb2_bench_top_Outline_TILE_LOOP|  return value|
|grp_fu_1738_p_ce                                                                              |  out|    1|  ap_ctrl_hs|                                                     ucb2_bench_top_Outline_TILE_LOOP|  return value|
|grp_fu_1742_p_din0                                                                            |  out|   16|  ap_ctrl_hs|                                                     ucb2_bench_top_Outline_TILE_LOOP|  return value|
|grp_fu_1742_p_din1                                                                            |  out|   16|  ap_ctrl_hs|                                                     ucb2_bench_top_Outline_TILE_LOOP|  return value|
|grp_fu_1742_p_dout0                                                                           |   in|   16|  ap_ctrl_hs|                                                     ucb2_bench_top_Outline_TILE_LOOP|  return value|
|grp_fu_1742_p_ce                                                                              |  out|    1|  ap_ctrl_hs|                                                     ucb2_bench_top_Outline_TILE_LOOP|  return value|
|grp_fu_1746_p_din0                                                                            |  out|   16|  ap_ctrl_hs|                                                     ucb2_bench_top_Outline_TILE_LOOP|  return value|
|grp_fu_1746_p_din1                                                                            |  out|   16|  ap_ctrl_hs|                                                     ucb2_bench_top_Outline_TILE_LOOP|  return value|
|grp_fu_1746_p_dout0                                                                           |   in|   16|  ap_ctrl_hs|                                                     ucb2_bench_top_Outline_TILE_LOOP|  return value|
|grp_fu_1746_p_ce                                                                              |  out|    1|  ap_ctrl_hs|                                                     ucb2_bench_top_Outline_TILE_LOOP|  return value|
|grp_fu_1750_p_din0                                                                            |  out|   16|  ap_ctrl_hs|                                                     ucb2_bench_top_Outline_TILE_LOOP|  return value|
|grp_fu_1750_p_din1                                                                            |  out|   16|  ap_ctrl_hs|                                                     ucb2_bench_top_Outline_TILE_LOOP|  return value|
|grp_fu_1750_p_dout0                                                                           |   in|   16|  ap_ctrl_hs|                                                     ucb2_bench_top_Outline_TILE_LOOP|  return value|
|grp_fu_1750_p_ce                                                                              |  out|    1|  ap_ctrl_hs|                                                     ucb2_bench_top_Outline_TILE_LOOP|  return value|
|grp_fu_1754_p_din0                                                                            |  out|   16|  ap_ctrl_hs|                                                     ucb2_bench_top_Outline_TILE_LOOP|  return value|
|grp_fu_1754_p_din1                                                                            |  out|   16|  ap_ctrl_hs|                                                     ucb2_bench_top_Outline_TILE_LOOP|  return value|
|grp_fu_1754_p_dout0                                                                           |   in|   16|  ap_ctrl_hs|                                                     ucb2_bench_top_Outline_TILE_LOOP|  return value|
|grp_fu_1754_p_ce                                                                              |  out|    1|  ap_ctrl_hs|                                                     ucb2_bench_top_Outline_TILE_LOOP|  return value|
|grp_fu_1758_p_din0                                                                            |  out|   16|  ap_ctrl_hs|                                                     ucb2_bench_top_Outline_TILE_LOOP|  return value|
|grp_fu_1758_p_din1                                                                            |  out|   16|  ap_ctrl_hs|                                                     ucb2_bench_top_Outline_TILE_LOOP|  return value|
|grp_fu_1758_p_dout0                                                                           |   in|   16|  ap_ctrl_hs|                                                     ucb2_bench_top_Outline_TILE_LOOP|  return value|
|grp_fu_1758_p_ce                                                                              |  out|    1|  ap_ctrl_hs|                                                     ucb2_bench_top_Outline_TILE_LOOP|  return value|
|grp_fu_1762_p_din0                                                                            |  out|   16|  ap_ctrl_hs|                                                     ucb2_bench_top_Outline_TILE_LOOP|  return value|
|grp_fu_1762_p_din1                                                                            |  out|   16|  ap_ctrl_hs|                                                     ucb2_bench_top_Outline_TILE_LOOP|  return value|
|grp_fu_1762_p_dout0                                                                           |   in|   16|  ap_ctrl_hs|                                                     ucb2_bench_top_Outline_TILE_LOOP|  return value|
|grp_fu_1762_p_ce                                                                              |  out|    1|  ap_ctrl_hs|                                                     ucb2_bench_top_Outline_TILE_LOOP|  return value|
|grp_fu_1766_p_din0                                                                            |  out|   16|  ap_ctrl_hs|                                                     ucb2_bench_top_Outline_TILE_LOOP|  return value|
|grp_fu_1766_p_din1                                                                            |  out|   16|  ap_ctrl_hs|                                                     ucb2_bench_top_Outline_TILE_LOOP|  return value|
|grp_fu_1766_p_dout0                                                                           |   in|   16|  ap_ctrl_hs|                                                     ucb2_bench_top_Outline_TILE_LOOP|  return value|
|grp_fu_1766_p_ce                                                                              |  out|    1|  ap_ctrl_hs|                                                     ucb2_bench_top_Outline_TILE_LOOP|  return value|
|grp_fu_1770_p_din0                                                                            |  out|   16|  ap_ctrl_hs|                                                     ucb2_bench_top_Outline_TILE_LOOP|  return value|
|grp_fu_1770_p_din1                                                                            |  out|   16|  ap_ctrl_hs|                                                     ucb2_bench_top_Outline_TILE_LOOP|  return value|
|grp_fu_1770_p_dout0                                                                           |   in|   16|  ap_ctrl_hs|                                                     ucb2_bench_top_Outline_TILE_LOOP|  return value|
|grp_fu_1770_p_ce                                                                              |  out|    1|  ap_ctrl_hs|                                                     ucb2_bench_top_Outline_TILE_LOOP|  return value|
|grp_fu_1774_p_din0                                                                            |  out|   16|  ap_ctrl_hs|                                                     ucb2_bench_top_Outline_TILE_LOOP|  return value|
|grp_fu_1774_p_din1                                                                            |  out|   16|  ap_ctrl_hs|                                                     ucb2_bench_top_Outline_TILE_LOOP|  return value|
|grp_fu_1774_p_dout0                                                                           |   in|   16|  ap_ctrl_hs|                                                     ucb2_bench_top_Outline_TILE_LOOP|  return value|
|grp_fu_1774_p_ce                                                                              |  out|    1|  ap_ctrl_hs|                                                     ucb2_bench_top_Outline_TILE_LOOP|  return value|
|grp_fu_1778_p_din0                                                                            |  out|   16|  ap_ctrl_hs|                                                     ucb2_bench_top_Outline_TILE_LOOP|  return value|
|grp_fu_1778_p_din1                                                                            |  out|   16|  ap_ctrl_hs|                                                     ucb2_bench_top_Outline_TILE_LOOP|  return value|
|grp_fu_1778_p_dout0                                                                           |   in|   16|  ap_ctrl_hs|                                                     ucb2_bench_top_Outline_TILE_LOOP|  return value|
|grp_fu_1778_p_ce                                                                              |  out|    1|  ap_ctrl_hs|                                                     ucb2_bench_top_Outline_TILE_LOOP|  return value|
|grp_fu_1782_p_din0                                                                            |  out|   16|  ap_ctrl_hs|                                                     ucb2_bench_top_Outline_TILE_LOOP|  return value|
|grp_fu_1782_p_din1                                                                            |  out|   16|  ap_ctrl_hs|                                                     ucb2_bench_top_Outline_TILE_LOOP|  return value|
|grp_fu_1782_p_dout0                                                                           |   in|   16|  ap_ctrl_hs|                                                     ucb2_bench_top_Outline_TILE_LOOP|  return value|
|grp_fu_1782_p_ce                                                                              |  out|    1|  ap_ctrl_hs|                                                     ucb2_bench_top_Outline_TILE_LOOP|  return value|
|grp_fu_1786_p_din0                                                                            |  out|   16|  ap_ctrl_hs|                                                     ucb2_bench_top_Outline_TILE_LOOP|  return value|
|grp_fu_1786_p_din1                                                                            |  out|   16|  ap_ctrl_hs|                                                     ucb2_bench_top_Outline_TILE_LOOP|  return value|
|grp_fu_1786_p_dout0                                                                           |   in|   16|  ap_ctrl_hs|                                                     ucb2_bench_top_Outline_TILE_LOOP|  return value|
|grp_fu_1786_p_ce                                                                              |  out|    1|  ap_ctrl_hs|                                                     ucb2_bench_top_Outline_TILE_LOOP|  return value|
|grp_fu_1790_p_din0                                                                            |  out|   16|  ap_ctrl_hs|                                                     ucb2_bench_top_Outline_TILE_LOOP|  return value|
|grp_fu_1790_p_din1                                                                            |  out|   16|  ap_ctrl_hs|                                                     ucb2_bench_top_Outline_TILE_LOOP|  return value|
|grp_fu_1790_p_dout0                                                                           |   in|   16|  ap_ctrl_hs|                                                     ucb2_bench_top_Outline_TILE_LOOP|  return value|
|grp_fu_1790_p_ce                                                                              |  out|    1|  ap_ctrl_hs|                                                     ucb2_bench_top_Outline_TILE_LOOP|  return value|
|grp_fu_1794_p_din0                                                                            |  out|   16|  ap_ctrl_hs|                                                     ucb2_bench_top_Outline_TILE_LOOP|  return value|
|grp_fu_1794_p_din1                                                                            |  out|   16|  ap_ctrl_hs|                                                     ucb2_bench_top_Outline_TILE_LOOP|  return value|
|grp_fu_1794_p_dout0                                                                           |   in|   16|  ap_ctrl_hs|                                                     ucb2_bench_top_Outline_TILE_LOOP|  return value|
|grp_fu_1794_p_ce                                                                              |  out|    1|  ap_ctrl_hs|                                                     ucb2_bench_top_Outline_TILE_LOOP|  return value|
|grp_fu_1798_p_din0                                                                            |  out|   16|  ap_ctrl_hs|                                                     ucb2_bench_top_Outline_TILE_LOOP|  return value|
|grp_fu_1798_p_din1                                                                            |  out|   16|  ap_ctrl_hs|                                                     ucb2_bench_top_Outline_TILE_LOOP|  return value|
|grp_fu_1798_p_dout0                                                                           |   in|   16|  ap_ctrl_hs|                                                     ucb2_bench_top_Outline_TILE_LOOP|  return value|
|grp_fu_1798_p_ce                                                                              |  out|    1|  ap_ctrl_hs|                                                     ucb2_bench_top_Outline_TILE_LOOP|  return value|
|grp_fu_1802_p_din0                                                                            |  out|   16|  ap_ctrl_hs|                                                     ucb2_bench_top_Outline_TILE_LOOP|  return value|
|grp_fu_1802_p_din1                                                                            |  out|   16|  ap_ctrl_hs|                                                     ucb2_bench_top_Outline_TILE_LOOP|  return value|
|grp_fu_1802_p_dout0                                                                           |   in|   16|  ap_ctrl_hs|                                                     ucb2_bench_top_Outline_TILE_LOOP|  return value|
|grp_fu_1802_p_ce                                                                              |  out|    1|  ap_ctrl_hs|                                                     ucb2_bench_top_Outline_TILE_LOOP|  return value|
|grp_fu_1806_p_din0                                                                            |  out|   16|  ap_ctrl_hs|                                                     ucb2_bench_top_Outline_TILE_LOOP|  return value|
|grp_fu_1806_p_din1                                                                            |  out|   16|  ap_ctrl_hs|                                                     ucb2_bench_top_Outline_TILE_LOOP|  return value|
|grp_fu_1806_p_dout0                                                                           |   in|   16|  ap_ctrl_hs|                                                     ucb2_bench_top_Outline_TILE_LOOP|  return value|
|grp_fu_1806_p_ce                                                                              |  out|    1|  ap_ctrl_hs|                                                     ucb2_bench_top_Outline_TILE_LOOP|  return value|
|grp_fu_1810_p_din0                                                                            |  out|   16|  ap_ctrl_hs|                                                     ucb2_bench_top_Outline_TILE_LOOP|  return value|
|grp_fu_1810_p_din1                                                                            |  out|   16|  ap_ctrl_hs|                                                     ucb2_bench_top_Outline_TILE_LOOP|  return value|
|grp_fu_1810_p_dout0                                                                           |   in|   16|  ap_ctrl_hs|                                                     ucb2_bench_top_Outline_TILE_LOOP|  return value|
|grp_fu_1810_p_ce                                                                              |  out|    1|  ap_ctrl_hs|                                                     ucb2_bench_top_Outline_TILE_LOOP|  return value|
|grp_fu_1814_p_din0                                                                            |  out|   16|  ap_ctrl_hs|                                                     ucb2_bench_top_Outline_TILE_LOOP|  return value|
|grp_fu_1814_p_din1                                                                            |  out|   16|  ap_ctrl_hs|                                                     ucb2_bench_top_Outline_TILE_LOOP|  return value|
|grp_fu_1814_p_dout0                                                                           |   in|   16|  ap_ctrl_hs|                                                     ucb2_bench_top_Outline_TILE_LOOP|  return value|
|grp_fu_1814_p_ce                                                                              |  out|    1|  ap_ctrl_hs|                                                     ucb2_bench_top_Outline_TILE_LOOP|  return value|
|grp_fu_1818_p_din0                                                                            |  out|   16|  ap_ctrl_hs|                                                     ucb2_bench_top_Outline_TILE_LOOP|  return value|
|grp_fu_1818_p_din1                                                                            |  out|   16|  ap_ctrl_hs|                                                     ucb2_bench_top_Outline_TILE_LOOP|  return value|
|grp_fu_1818_p_dout0                                                                           |   in|   16|  ap_ctrl_hs|                                                     ucb2_bench_top_Outline_TILE_LOOP|  return value|
|grp_fu_1818_p_ce                                                                              |  out|    1|  ap_ctrl_hs|                                                     ucb2_bench_top_Outline_TILE_LOOP|  return value|
|grp_fu_1822_p_din0                                                                            |  out|   16|  ap_ctrl_hs|                                                     ucb2_bench_top_Outline_TILE_LOOP|  return value|
|grp_fu_1822_p_din1                                                                            |  out|   16|  ap_ctrl_hs|                                                     ucb2_bench_top_Outline_TILE_LOOP|  return value|
|grp_fu_1822_p_dout0                                                                           |   in|   16|  ap_ctrl_hs|                                                     ucb2_bench_top_Outline_TILE_LOOP|  return value|
|grp_fu_1822_p_ce                                                                              |  out|    1|  ap_ctrl_hs|                                                     ucb2_bench_top_Outline_TILE_LOOP|  return value|
|grp_fu_1826_p_din0                                                                            |  out|   16|  ap_ctrl_hs|                                                     ucb2_bench_top_Outline_TILE_LOOP|  return value|
|grp_fu_1826_p_din1                                                                            |  out|   16|  ap_ctrl_hs|                                                     ucb2_bench_top_Outline_TILE_LOOP|  return value|
|grp_fu_1826_p_dout0                                                                           |   in|   16|  ap_ctrl_hs|                                                     ucb2_bench_top_Outline_TILE_LOOP|  return value|
|grp_fu_1826_p_ce                                                                              |  out|    1|  ap_ctrl_hs|                                                     ucb2_bench_top_Outline_TILE_LOOP|  return value|
|grp_fu_1830_p_din0                                                                            |  out|   16|  ap_ctrl_hs|                                                     ucb2_bench_top_Outline_TILE_LOOP|  return value|
|grp_fu_1830_p_din1                                                                            |  out|   16|  ap_ctrl_hs|                                                     ucb2_bench_top_Outline_TILE_LOOP|  return value|
|grp_fu_1830_p_dout0                                                                           |   in|   16|  ap_ctrl_hs|                                                     ucb2_bench_top_Outline_TILE_LOOP|  return value|
|grp_fu_1830_p_ce                                                                              |  out|    1|  ap_ctrl_hs|                                                     ucb2_bench_top_Outline_TILE_LOOP|  return value|
|grp_fu_1834_p_din0                                                                            |  out|   16|  ap_ctrl_hs|                                                     ucb2_bench_top_Outline_TILE_LOOP|  return value|
|grp_fu_1834_p_din1                                                                            |  out|   16|  ap_ctrl_hs|                                                     ucb2_bench_top_Outline_TILE_LOOP|  return value|
|grp_fu_1834_p_dout0                                                                           |   in|   16|  ap_ctrl_hs|                                                     ucb2_bench_top_Outline_TILE_LOOP|  return value|
|grp_fu_1834_p_ce                                                                              |  out|    1|  ap_ctrl_hs|                                                     ucb2_bench_top_Outline_TILE_LOOP|  return value|
|grp_fu_1838_p_din0                                                                            |  out|   16|  ap_ctrl_hs|                                                     ucb2_bench_top_Outline_TILE_LOOP|  return value|
|grp_fu_1838_p_din1                                                                            |  out|   16|  ap_ctrl_hs|                                                     ucb2_bench_top_Outline_TILE_LOOP|  return value|
|grp_fu_1838_p_dout0                                                                           |   in|   16|  ap_ctrl_hs|                                                     ucb2_bench_top_Outline_TILE_LOOP|  return value|
|grp_fu_1838_p_ce                                                                              |  out|    1|  ap_ctrl_hs|                                                     ucb2_bench_top_Outline_TILE_LOOP|  return value|
|grp_fu_1842_p_din0                                                                            |  out|   16|  ap_ctrl_hs|                                                     ucb2_bench_top_Outline_TILE_LOOP|  return value|
|grp_fu_1842_p_din1                                                                            |  out|   16|  ap_ctrl_hs|                                                     ucb2_bench_top_Outline_TILE_LOOP|  return value|
|grp_fu_1842_p_dout0                                                                           |   in|   16|  ap_ctrl_hs|                                                     ucb2_bench_top_Outline_TILE_LOOP|  return value|
|grp_fu_1842_p_ce                                                                              |  out|    1|  ap_ctrl_hs|                                                     ucb2_bench_top_Outline_TILE_LOOP|  return value|
|grp_fu_1846_p_din0                                                                            |  out|   16|  ap_ctrl_hs|                                                     ucb2_bench_top_Outline_TILE_LOOP|  return value|
|grp_fu_1846_p_din1                                                                            |  out|   16|  ap_ctrl_hs|                                                     ucb2_bench_top_Outline_TILE_LOOP|  return value|
|grp_fu_1846_p_dout0                                                                           |   in|   16|  ap_ctrl_hs|                                                     ucb2_bench_top_Outline_TILE_LOOP|  return value|
|grp_fu_1846_p_ce                                                                              |  out|    1|  ap_ctrl_hs|                                                     ucb2_bench_top_Outline_TILE_LOOP|  return value|
|grp_fu_1850_p_din0                                                                            |  out|   16|  ap_ctrl_hs|                                                     ucb2_bench_top_Outline_TILE_LOOP|  return value|
|grp_fu_1850_p_din1                                                                            |  out|   16|  ap_ctrl_hs|                                                     ucb2_bench_top_Outline_TILE_LOOP|  return value|
|grp_fu_1850_p_dout0                                                                           |   in|   16|  ap_ctrl_hs|                                                     ucb2_bench_top_Outline_TILE_LOOP|  return value|
|grp_fu_1850_p_ce                                                                              |  out|    1|  ap_ctrl_hs|                                                     ucb2_bench_top_Outline_TILE_LOOP|  return value|
|grp_fu_1854_p_din0                                                                            |  out|   16|  ap_ctrl_hs|                                                     ucb2_bench_top_Outline_TILE_LOOP|  return value|
|grp_fu_1854_p_din1                                                                            |  out|   16|  ap_ctrl_hs|                                                     ucb2_bench_top_Outline_TILE_LOOP|  return value|
|grp_fu_1854_p_dout0                                                                           |   in|   16|  ap_ctrl_hs|                                                     ucb2_bench_top_Outline_TILE_LOOP|  return value|
|grp_fu_1854_p_ce                                                                              |  out|    1|  ap_ctrl_hs|                                                     ucb2_bench_top_Outline_TILE_LOOP|  return value|
|grp_fu_1858_p_din0                                                                            |  out|   16|  ap_ctrl_hs|                                                     ucb2_bench_top_Outline_TILE_LOOP|  return value|
|grp_fu_1858_p_din1                                                                            |  out|   16|  ap_ctrl_hs|                                                     ucb2_bench_top_Outline_TILE_LOOP|  return value|
|grp_fu_1858_p_dout0                                                                           |   in|   16|  ap_ctrl_hs|                                                     ucb2_bench_top_Outline_TILE_LOOP|  return value|
|grp_fu_1858_p_ce                                                                              |  out|    1|  ap_ctrl_hs|                                                     ucb2_bench_top_Outline_TILE_LOOP|  return value|
|grp_fu_1862_p_din0                                                                            |  out|   16|  ap_ctrl_hs|                                                     ucb2_bench_top_Outline_TILE_LOOP|  return value|
|grp_fu_1862_p_din1                                                                            |  out|   16|  ap_ctrl_hs|                                                     ucb2_bench_top_Outline_TILE_LOOP|  return value|
|grp_fu_1862_p_dout0                                                                           |   in|   16|  ap_ctrl_hs|                                                     ucb2_bench_top_Outline_TILE_LOOP|  return value|
|grp_fu_1862_p_ce                                                                              |  out|    1|  ap_ctrl_hs|                                                     ucb2_bench_top_Outline_TILE_LOOP|  return value|
|grp_fu_1866_p_din0                                                                            |  out|   16|  ap_ctrl_hs|                                                     ucb2_bench_top_Outline_TILE_LOOP|  return value|
|grp_fu_1866_p_din1                                                                            |  out|   16|  ap_ctrl_hs|                                                     ucb2_bench_top_Outline_TILE_LOOP|  return value|
|grp_fu_1866_p_dout0                                                                           |   in|   16|  ap_ctrl_hs|                                                     ucb2_bench_top_Outline_TILE_LOOP|  return value|
|grp_fu_1866_p_ce                                                                              |  out|    1|  ap_ctrl_hs|                                                     ucb2_bench_top_Outline_TILE_LOOP|  return value|
|grp_fu_1870_p_din0                                                                            |  out|   16|  ap_ctrl_hs|                                                     ucb2_bench_top_Outline_TILE_LOOP|  return value|
|grp_fu_1870_p_din1                                                                            |  out|   16|  ap_ctrl_hs|                                                     ucb2_bench_top_Outline_TILE_LOOP|  return value|
|grp_fu_1870_p_dout0                                                                           |   in|   16|  ap_ctrl_hs|                                                     ucb2_bench_top_Outline_TILE_LOOP|  return value|
|grp_fu_1870_p_ce                                                                              |  out|    1|  ap_ctrl_hs|                                                     ucb2_bench_top_Outline_TILE_LOOP|  return value|
|grp_fu_1874_p_din0                                                                            |  out|   16|  ap_ctrl_hs|                                                     ucb2_bench_top_Outline_TILE_LOOP|  return value|
|grp_fu_1874_p_din1                                                                            |  out|   16|  ap_ctrl_hs|                                                     ucb2_bench_top_Outline_TILE_LOOP|  return value|
|grp_fu_1874_p_dout0                                                                           |   in|   16|  ap_ctrl_hs|                                                     ucb2_bench_top_Outline_TILE_LOOP|  return value|
|grp_fu_1874_p_ce                                                                              |  out|    1|  ap_ctrl_hs|                                                     ucb2_bench_top_Outline_TILE_LOOP|  return value|
|grp_fu_1878_p_din0                                                                            |  out|   16|  ap_ctrl_hs|                                                     ucb2_bench_top_Outline_TILE_LOOP|  return value|
|grp_fu_1878_p_din1                                                                            |  out|   16|  ap_ctrl_hs|                                                     ucb2_bench_top_Outline_TILE_LOOP|  return value|
|grp_fu_1878_p_dout0                                                                           |   in|   16|  ap_ctrl_hs|                                                     ucb2_bench_top_Outline_TILE_LOOP|  return value|
|grp_fu_1878_p_ce                                                                              |  out|    1|  ap_ctrl_hs|                                                     ucb2_bench_top_Outline_TILE_LOOP|  return value|
|grp_fu_1882_p_din0                                                                            |  out|   16|  ap_ctrl_hs|                                                     ucb2_bench_top_Outline_TILE_LOOP|  return value|
|grp_fu_1882_p_din1                                                                            |  out|   16|  ap_ctrl_hs|                                                     ucb2_bench_top_Outline_TILE_LOOP|  return value|
|grp_fu_1882_p_dout0                                                                           |   in|   16|  ap_ctrl_hs|                                                     ucb2_bench_top_Outline_TILE_LOOP|  return value|
|grp_fu_1882_p_ce                                                                              |  out|    1|  ap_ctrl_hs|                                                     ucb2_bench_top_Outline_TILE_LOOP|  return value|
|grp_fu_1886_p_din0                                                                            |  out|   16|  ap_ctrl_hs|                                                     ucb2_bench_top_Outline_TILE_LOOP|  return value|
|grp_fu_1886_p_din1                                                                            |  out|   16|  ap_ctrl_hs|                                                     ucb2_bench_top_Outline_TILE_LOOP|  return value|
|grp_fu_1886_p_dout0                                                                           |   in|   16|  ap_ctrl_hs|                                                     ucb2_bench_top_Outline_TILE_LOOP|  return value|
|grp_fu_1886_p_ce                                                                              |  out|    1|  ap_ctrl_hs|                                                     ucb2_bench_top_Outline_TILE_LOOP|  return value|
|grp_fu_1890_p_din0                                                                            |  out|   16|  ap_ctrl_hs|                                                     ucb2_bench_top_Outline_TILE_LOOP|  return value|
|grp_fu_1890_p_din1                                                                            |  out|   16|  ap_ctrl_hs|                                                     ucb2_bench_top_Outline_TILE_LOOP|  return value|
|grp_fu_1890_p_dout0                                                                           |   in|   16|  ap_ctrl_hs|                                                     ucb2_bench_top_Outline_TILE_LOOP|  return value|
|grp_fu_1890_p_ce                                                                              |  out|    1|  ap_ctrl_hs|                                                     ucb2_bench_top_Outline_TILE_LOOP|  return value|
|grp_fu_1894_p_din0                                                                            |  out|   16|  ap_ctrl_hs|                                                     ucb2_bench_top_Outline_TILE_LOOP|  return value|
|grp_fu_1894_p_din1                                                                            |  out|   16|  ap_ctrl_hs|                                                     ucb2_bench_top_Outline_TILE_LOOP|  return value|
|grp_fu_1894_p_dout0                                                                           |   in|   16|  ap_ctrl_hs|                                                     ucb2_bench_top_Outline_TILE_LOOP|  return value|
|grp_fu_1894_p_ce                                                                              |  out|    1|  ap_ctrl_hs|                                                     ucb2_bench_top_Outline_TILE_LOOP|  return value|
|grp_fu_1898_p_din0                                                                            |  out|   16|  ap_ctrl_hs|                                                     ucb2_bench_top_Outline_TILE_LOOP|  return value|
|grp_fu_1898_p_din1                                                                            |  out|   16|  ap_ctrl_hs|                                                     ucb2_bench_top_Outline_TILE_LOOP|  return value|
|grp_fu_1898_p_dout0                                                                           |   in|   16|  ap_ctrl_hs|                                                     ucb2_bench_top_Outline_TILE_LOOP|  return value|
|grp_fu_1898_p_ce                                                                              |  out|    1|  ap_ctrl_hs|                                                     ucb2_bench_top_Outline_TILE_LOOP|  return value|
|grp_fu_1902_p_din0                                                                            |  out|   16|  ap_ctrl_hs|                                                     ucb2_bench_top_Outline_TILE_LOOP|  return value|
|grp_fu_1902_p_din1                                                                            |  out|   16|  ap_ctrl_hs|                                                     ucb2_bench_top_Outline_TILE_LOOP|  return value|
|grp_fu_1902_p_dout0                                                                           |   in|   16|  ap_ctrl_hs|                                                     ucb2_bench_top_Outline_TILE_LOOP|  return value|
|grp_fu_1902_p_ce                                                                              |  out|    1|  ap_ctrl_hs|                                                     ucb2_bench_top_Outline_TILE_LOOP|  return value|
|grp_fu_1906_p_din0                                                                            |  out|   16|  ap_ctrl_hs|                                                     ucb2_bench_top_Outline_TILE_LOOP|  return value|
|grp_fu_1906_p_din1                                                                            |  out|   16|  ap_ctrl_hs|                                                     ucb2_bench_top_Outline_TILE_LOOP|  return value|
|grp_fu_1906_p_dout0                                                                           |   in|   16|  ap_ctrl_hs|                                                     ucb2_bench_top_Outline_TILE_LOOP|  return value|
|grp_fu_1906_p_ce                                                                              |  out|    1|  ap_ctrl_hs|                                                     ucb2_bench_top_Outline_TILE_LOOP|  return value|
|grp_fu_1910_p_din0                                                                            |  out|   16|  ap_ctrl_hs|                                                     ucb2_bench_top_Outline_TILE_LOOP|  return value|
|grp_fu_1910_p_din1                                                                            |  out|   16|  ap_ctrl_hs|                                                     ucb2_bench_top_Outline_TILE_LOOP|  return value|
|grp_fu_1910_p_dout0                                                                           |   in|   16|  ap_ctrl_hs|                                                     ucb2_bench_top_Outline_TILE_LOOP|  return value|
|grp_fu_1910_p_ce                                                                              |  out|    1|  ap_ctrl_hs|                                                     ucb2_bench_top_Outline_TILE_LOOP|  return value|
|grp_fu_1914_p_din0                                                                            |  out|   16|  ap_ctrl_hs|                                                     ucb2_bench_top_Outline_TILE_LOOP|  return value|
|grp_fu_1914_p_din1                                                                            |  out|   16|  ap_ctrl_hs|                                                     ucb2_bench_top_Outline_TILE_LOOP|  return value|
|grp_fu_1914_p_dout0                                                                           |   in|   16|  ap_ctrl_hs|                                                     ucb2_bench_top_Outline_TILE_LOOP|  return value|
|grp_fu_1914_p_ce                                                                              |  out|    1|  ap_ctrl_hs|                                                     ucb2_bench_top_Outline_TILE_LOOP|  return value|
|grp_fu_1918_p_din0                                                                            |  out|   16|  ap_ctrl_hs|                                                     ucb2_bench_top_Outline_TILE_LOOP|  return value|
|grp_fu_1918_p_din1                                                                            |  out|   16|  ap_ctrl_hs|                                                     ucb2_bench_top_Outline_TILE_LOOP|  return value|
|grp_fu_1918_p_dout0                                                                           |   in|   16|  ap_ctrl_hs|                                                     ucb2_bench_top_Outline_TILE_LOOP|  return value|
|grp_fu_1918_p_ce                                                                              |  out|    1|  ap_ctrl_hs|                                                     ucb2_bench_top_Outline_TILE_LOOP|  return value|
|grp_fu_1922_p_din0                                                                            |  out|   16|  ap_ctrl_hs|                                                     ucb2_bench_top_Outline_TILE_LOOP|  return value|
|grp_fu_1922_p_din1                                                                            |  out|   16|  ap_ctrl_hs|                                                     ucb2_bench_top_Outline_TILE_LOOP|  return value|
|grp_fu_1922_p_dout0                                                                           |   in|   16|  ap_ctrl_hs|                                                     ucb2_bench_top_Outline_TILE_LOOP|  return value|
|grp_fu_1922_p_ce                                                                              |  out|    1|  ap_ctrl_hs|                                                     ucb2_bench_top_Outline_TILE_LOOP|  return value|
|grp_fu_1926_p_din0                                                                            |  out|   16|  ap_ctrl_hs|                                                     ucb2_bench_top_Outline_TILE_LOOP|  return value|
|grp_fu_1926_p_din1                                                                            |  out|   16|  ap_ctrl_hs|                                                     ucb2_bench_top_Outline_TILE_LOOP|  return value|
|grp_fu_1926_p_dout0                                                                           |   in|   16|  ap_ctrl_hs|                                                     ucb2_bench_top_Outline_TILE_LOOP|  return value|
|grp_fu_1926_p_ce                                                                              |  out|    1|  ap_ctrl_hs|                                                     ucb2_bench_top_Outline_TILE_LOOP|  return value|
|grp_fu_1930_p_din0                                                                            |  out|   16|  ap_ctrl_hs|                                                     ucb2_bench_top_Outline_TILE_LOOP|  return value|
|grp_fu_1930_p_din1                                                                            |  out|   16|  ap_ctrl_hs|                                                     ucb2_bench_top_Outline_TILE_LOOP|  return value|
|grp_fu_1930_p_dout0                                                                           |   in|   16|  ap_ctrl_hs|                                                     ucb2_bench_top_Outline_TILE_LOOP|  return value|
|grp_fu_1930_p_ce                                                                              |  out|    1|  ap_ctrl_hs|                                                     ucb2_bench_top_Outline_TILE_LOOP|  return value|
|grp_fu_1934_p_din0                                                                            |  out|   16|  ap_ctrl_hs|                                                     ucb2_bench_top_Outline_TILE_LOOP|  return value|
|grp_fu_1934_p_din1                                                                            |  out|   16|  ap_ctrl_hs|                                                     ucb2_bench_top_Outline_TILE_LOOP|  return value|
|grp_fu_1934_p_dout0                                                                           |   in|   16|  ap_ctrl_hs|                                                     ucb2_bench_top_Outline_TILE_LOOP|  return value|
|grp_fu_1934_p_ce                                                                              |  out|    1|  ap_ctrl_hs|                                                     ucb2_bench_top_Outline_TILE_LOOP|  return value|
|grp_fu_1938_p_din0                                                                            |  out|   16|  ap_ctrl_hs|                                                     ucb2_bench_top_Outline_TILE_LOOP|  return value|
|grp_fu_1938_p_din1                                                                            |  out|   16|  ap_ctrl_hs|                                                     ucb2_bench_top_Outline_TILE_LOOP|  return value|
|grp_fu_1938_p_dout0                                                                           |   in|   16|  ap_ctrl_hs|                                                     ucb2_bench_top_Outline_TILE_LOOP|  return value|
|grp_fu_1938_p_ce                                                                              |  out|    1|  ap_ctrl_hs|                                                     ucb2_bench_top_Outline_TILE_LOOP|  return value|
|grp_fu_1942_p_din0                                                                            |  out|   16|  ap_ctrl_hs|                                                     ucb2_bench_top_Outline_TILE_LOOP|  return value|
|grp_fu_1942_p_din1                                                                            |  out|   16|  ap_ctrl_hs|                                                     ucb2_bench_top_Outline_TILE_LOOP|  return value|
|grp_fu_1942_p_dout0                                                                           |   in|   16|  ap_ctrl_hs|                                                     ucb2_bench_top_Outline_TILE_LOOP|  return value|
|grp_fu_1942_p_ce                                                                              |  out|    1|  ap_ctrl_hs|                                                     ucb2_bench_top_Outline_TILE_LOOP|  return value|
|grp_fu_1946_p_din0                                                                            |  out|   16|  ap_ctrl_hs|                                                     ucb2_bench_top_Outline_TILE_LOOP|  return value|
|grp_fu_1946_p_din1                                                                            |  out|   16|  ap_ctrl_hs|                                                     ucb2_bench_top_Outline_TILE_LOOP|  return value|
|grp_fu_1946_p_dout0                                                                           |   in|   16|  ap_ctrl_hs|                                                     ucb2_bench_top_Outline_TILE_LOOP|  return value|
|grp_fu_1946_p_ce                                                                              |  out|    1|  ap_ctrl_hs|                                                     ucb2_bench_top_Outline_TILE_LOOP|  return value|
|grp_fu_1950_p_din0                                                                            |  out|   16|  ap_ctrl_hs|                                                     ucb2_bench_top_Outline_TILE_LOOP|  return value|
|grp_fu_1950_p_din1                                                                            |  out|   16|  ap_ctrl_hs|                                                     ucb2_bench_top_Outline_TILE_LOOP|  return value|
|grp_fu_1950_p_dout0                                                                           |   in|   16|  ap_ctrl_hs|                                                     ucb2_bench_top_Outline_TILE_LOOP|  return value|
|grp_fu_1950_p_ce                                                                              |  out|    1|  ap_ctrl_hs|                                                     ucb2_bench_top_Outline_TILE_LOOP|  return value|
|grp_fu_1954_p_din0                                                                            |  out|   16|  ap_ctrl_hs|                                                     ucb2_bench_top_Outline_TILE_LOOP|  return value|
|grp_fu_1954_p_din1                                                                            |  out|   16|  ap_ctrl_hs|                                                     ucb2_bench_top_Outline_TILE_LOOP|  return value|
|grp_fu_1954_p_dout0                                                                           |   in|   16|  ap_ctrl_hs|                                                     ucb2_bench_top_Outline_TILE_LOOP|  return value|
|grp_fu_1954_p_ce                                                                              |  out|    1|  ap_ctrl_hs|                                                     ucb2_bench_top_Outline_TILE_LOOP|  return value|
|grp_fu_1958_p_din0                                                                            |  out|   16|  ap_ctrl_hs|                                                     ucb2_bench_top_Outline_TILE_LOOP|  return value|
|grp_fu_1958_p_din1                                                                            |  out|   16|  ap_ctrl_hs|                                                     ucb2_bench_top_Outline_TILE_LOOP|  return value|
|grp_fu_1958_p_dout0                                                                           |   in|   16|  ap_ctrl_hs|                                                     ucb2_bench_top_Outline_TILE_LOOP|  return value|
|grp_fu_1958_p_ce                                                                              |  out|    1|  ap_ctrl_hs|                                                     ucb2_bench_top_Outline_TILE_LOOP|  return value|
|grp_fu_1962_p_din0                                                                            |  out|   16|  ap_ctrl_hs|                                                     ucb2_bench_top_Outline_TILE_LOOP|  return value|
|grp_fu_1962_p_din1                                                                            |  out|   16|  ap_ctrl_hs|                                                     ucb2_bench_top_Outline_TILE_LOOP|  return value|
|grp_fu_1962_p_dout0                                                                           |   in|   16|  ap_ctrl_hs|                                                     ucb2_bench_top_Outline_TILE_LOOP|  return value|
|grp_fu_1962_p_ce                                                                              |  out|    1|  ap_ctrl_hs|                                                     ucb2_bench_top_Outline_TILE_LOOP|  return value|
|grp_fu_1966_p_din0                                                                            |  out|   16|  ap_ctrl_hs|                                                     ucb2_bench_top_Outline_TILE_LOOP|  return value|
|grp_fu_1966_p_din1                                                                            |  out|   16|  ap_ctrl_hs|                                                     ucb2_bench_top_Outline_TILE_LOOP|  return value|
|grp_fu_1966_p_dout0                                                                           |   in|   16|  ap_ctrl_hs|                                                     ucb2_bench_top_Outline_TILE_LOOP|  return value|
|grp_fu_1966_p_ce                                                                              |  out|    1|  ap_ctrl_hs|                                                     ucb2_bench_top_Outline_TILE_LOOP|  return value|
|grp_fu_1970_p_din0                                                                            |  out|   16|  ap_ctrl_hs|                                                     ucb2_bench_top_Outline_TILE_LOOP|  return value|
|grp_fu_1970_p_din1                                                                            |  out|   16|  ap_ctrl_hs|                                                     ucb2_bench_top_Outline_TILE_LOOP|  return value|
|grp_fu_1970_p_dout0                                                                           |   in|   16|  ap_ctrl_hs|                                                     ucb2_bench_top_Outline_TILE_LOOP|  return value|
|grp_fu_1970_p_ce                                                                              |  out|    1|  ap_ctrl_hs|                                                     ucb2_bench_top_Outline_TILE_LOOP|  return value|
|grp_fu_1974_p_din0                                                                            |  out|   16|  ap_ctrl_hs|                                                     ucb2_bench_top_Outline_TILE_LOOP|  return value|
|grp_fu_1974_p_din1                                                                            |  out|   16|  ap_ctrl_hs|                                                     ucb2_bench_top_Outline_TILE_LOOP|  return value|
|grp_fu_1974_p_dout0                                                                           |   in|   16|  ap_ctrl_hs|                                                     ucb2_bench_top_Outline_TILE_LOOP|  return value|
|grp_fu_1974_p_ce                                                                              |  out|    1|  ap_ctrl_hs|                                                     ucb2_bench_top_Outline_TILE_LOOP|  return value|
|grp_fu_1978_p_din0                                                                            |  out|   16|  ap_ctrl_hs|                                                     ucb2_bench_top_Outline_TILE_LOOP|  return value|
|grp_fu_1978_p_din1                                                                            |  out|   16|  ap_ctrl_hs|                                                     ucb2_bench_top_Outline_TILE_LOOP|  return value|
|grp_fu_1978_p_dout0                                                                           |   in|   16|  ap_ctrl_hs|                                                     ucb2_bench_top_Outline_TILE_LOOP|  return value|
|grp_fu_1978_p_ce                                                                              |  out|    1|  ap_ctrl_hs|                                                     ucb2_bench_top_Outline_TILE_LOOP|  return value|
|grp_fu_1982_p_din0                                                                            |  out|   16|  ap_ctrl_hs|                                                     ucb2_bench_top_Outline_TILE_LOOP|  return value|
|grp_fu_1982_p_din1                                                                            |  out|   16|  ap_ctrl_hs|                                                     ucb2_bench_top_Outline_TILE_LOOP|  return value|
|grp_fu_1982_p_dout0                                                                           |   in|   16|  ap_ctrl_hs|                                                     ucb2_bench_top_Outline_TILE_LOOP|  return value|
|grp_fu_1982_p_ce                                                                              |  out|    1|  ap_ctrl_hs|                                                     ucb2_bench_top_Outline_TILE_LOOP|  return value|
|grp_fu_1986_p_din0                                                                            |  out|   16|  ap_ctrl_hs|                                                     ucb2_bench_top_Outline_TILE_LOOP|  return value|
|grp_fu_1986_p_din1                                                                            |  out|   16|  ap_ctrl_hs|                                                     ucb2_bench_top_Outline_TILE_LOOP|  return value|
|grp_fu_1986_p_dout0                                                                           |   in|   16|  ap_ctrl_hs|                                                     ucb2_bench_top_Outline_TILE_LOOP|  return value|
|grp_fu_1986_p_ce                                                                              |  out|    1|  ap_ctrl_hs|                                                     ucb2_bench_top_Outline_TILE_LOOP|  return value|
|grp_fu_1990_p_din0                                                                            |  out|   16|  ap_ctrl_hs|                                                     ucb2_bench_top_Outline_TILE_LOOP|  return value|
|grp_fu_1990_p_din1                                                                            |  out|   16|  ap_ctrl_hs|                                                     ucb2_bench_top_Outline_TILE_LOOP|  return value|
|grp_fu_1990_p_dout0                                                                           |   in|   16|  ap_ctrl_hs|                                                     ucb2_bench_top_Outline_TILE_LOOP|  return value|
|grp_fu_1990_p_ce                                                                              |  out|    1|  ap_ctrl_hs|                                                     ucb2_bench_top_Outline_TILE_LOOP|  return value|
|grp_fu_1994_p_din0                                                                            |  out|   16|  ap_ctrl_hs|                                                     ucb2_bench_top_Outline_TILE_LOOP|  return value|
|grp_fu_1994_p_din1                                                                            |  out|   16|  ap_ctrl_hs|                                                     ucb2_bench_top_Outline_TILE_LOOP|  return value|
|grp_fu_1994_p_dout0                                                                           |   in|   16|  ap_ctrl_hs|                                                     ucb2_bench_top_Outline_TILE_LOOP|  return value|
|grp_fu_1994_p_ce                                                                              |  out|    1|  ap_ctrl_hs|                                                     ucb2_bench_top_Outline_TILE_LOOP|  return value|
|grp_fu_1998_p_din0                                                                            |  out|   16|  ap_ctrl_hs|                                                     ucb2_bench_top_Outline_TILE_LOOP|  return value|
|grp_fu_1998_p_din1                                                                            |  out|   16|  ap_ctrl_hs|                                                     ucb2_bench_top_Outline_TILE_LOOP|  return value|
|grp_fu_1998_p_dout0                                                                           |   in|   16|  ap_ctrl_hs|                                                     ucb2_bench_top_Outline_TILE_LOOP|  return value|
|grp_fu_1998_p_ce                                                                              |  out|    1|  ap_ctrl_hs|                                                     ucb2_bench_top_Outline_TILE_LOOP|  return value|
|grp_fu_2002_p_din0                                                                            |  out|   16|  ap_ctrl_hs|                                                     ucb2_bench_top_Outline_TILE_LOOP|  return value|
|grp_fu_2002_p_din1                                                                            |  out|   16|  ap_ctrl_hs|                                                     ucb2_bench_top_Outline_TILE_LOOP|  return value|
|grp_fu_2002_p_dout0                                                                           |   in|   16|  ap_ctrl_hs|                                                     ucb2_bench_top_Outline_TILE_LOOP|  return value|
|grp_fu_2002_p_ce                                                                              |  out|    1|  ap_ctrl_hs|                                                     ucb2_bench_top_Outline_TILE_LOOP|  return value|
|grp_fu_2006_p_din0                                                                            |  out|   16|  ap_ctrl_hs|                                                     ucb2_bench_top_Outline_TILE_LOOP|  return value|
|grp_fu_2006_p_din1                                                                            |  out|   16|  ap_ctrl_hs|                                                     ucb2_bench_top_Outline_TILE_LOOP|  return value|
|grp_fu_2006_p_dout0                                                                           |   in|   16|  ap_ctrl_hs|                                                     ucb2_bench_top_Outline_TILE_LOOP|  return value|
|grp_fu_2006_p_ce                                                                              |  out|    1|  ap_ctrl_hs|                                                     ucb2_bench_top_Outline_TILE_LOOP|  return value|
|grp_fu_2010_p_din0                                                                            |  out|   16|  ap_ctrl_hs|                                                     ucb2_bench_top_Outline_TILE_LOOP|  return value|
|grp_fu_2010_p_din1                                                                            |  out|   16|  ap_ctrl_hs|                                                     ucb2_bench_top_Outline_TILE_LOOP|  return value|
|grp_fu_2010_p_dout0                                                                           |   in|   16|  ap_ctrl_hs|                                                     ucb2_bench_top_Outline_TILE_LOOP|  return value|
|grp_fu_2010_p_ce                                                                              |  out|    1|  ap_ctrl_hs|                                                     ucb2_bench_top_Outline_TILE_LOOP|  return value|
|grp_fu_2014_p_din0                                                                            |  out|   16|  ap_ctrl_hs|                                                     ucb2_bench_top_Outline_TILE_LOOP|  return value|
|grp_fu_2014_p_din1                                                                            |  out|   16|  ap_ctrl_hs|                                                     ucb2_bench_top_Outline_TILE_LOOP|  return value|
|grp_fu_2014_p_dout0                                                                           |   in|   16|  ap_ctrl_hs|                                                     ucb2_bench_top_Outline_TILE_LOOP|  return value|
|grp_fu_2014_p_ce                                                                              |  out|    1|  ap_ctrl_hs|                                                     ucb2_bench_top_Outline_TILE_LOOP|  return value|
|grp_fu_2018_p_din0                                                                            |  out|   16|  ap_ctrl_hs|                                                     ucb2_bench_top_Outline_TILE_LOOP|  return value|
|grp_fu_2018_p_din1                                                                            |  out|   16|  ap_ctrl_hs|                                                     ucb2_bench_top_Outline_TILE_LOOP|  return value|
|grp_fu_2018_p_dout0                                                                           |   in|   16|  ap_ctrl_hs|                                                     ucb2_bench_top_Outline_TILE_LOOP|  return value|
|grp_fu_2018_p_ce                                                                              |  out|    1|  ap_ctrl_hs|                                                     ucb2_bench_top_Outline_TILE_LOOP|  return value|
|grp_fu_2022_p_din0                                                                            |  out|   16|  ap_ctrl_hs|                                                     ucb2_bench_top_Outline_TILE_LOOP|  return value|
|grp_fu_2022_p_din1                                                                            |  out|   16|  ap_ctrl_hs|                                                     ucb2_bench_top_Outline_TILE_LOOP|  return value|
|grp_fu_2022_p_dout0                                                                           |   in|   16|  ap_ctrl_hs|                                                     ucb2_bench_top_Outline_TILE_LOOP|  return value|
|grp_fu_2022_p_ce                                                                              |  out|    1|  ap_ctrl_hs|                                                     ucb2_bench_top_Outline_TILE_LOOP|  return value|
|grp_fu_2026_p_din0                                                                            |  out|   16|  ap_ctrl_hs|                                                     ucb2_bench_top_Outline_TILE_LOOP|  return value|
|grp_fu_2026_p_din1                                                                            |  out|   16|  ap_ctrl_hs|                                                     ucb2_bench_top_Outline_TILE_LOOP|  return value|
|grp_fu_2026_p_dout0                                                                           |   in|   16|  ap_ctrl_hs|                                                     ucb2_bench_top_Outline_TILE_LOOP|  return value|
|grp_fu_2026_p_ce                                                                              |  out|    1|  ap_ctrl_hs|                                                     ucb2_bench_top_Outline_TILE_LOOP|  return value|
|grp_fu_2030_p_din0                                                                            |  out|   16|  ap_ctrl_hs|                                                     ucb2_bench_top_Outline_TILE_LOOP|  return value|
|grp_fu_2030_p_din1                                                                            |  out|   16|  ap_ctrl_hs|                                                     ucb2_bench_top_Outline_TILE_LOOP|  return value|
|grp_fu_2030_p_dout0                                                                           |   in|   16|  ap_ctrl_hs|                                                     ucb2_bench_top_Outline_TILE_LOOP|  return value|
|grp_fu_2030_p_ce                                                                              |  out|    1|  ap_ctrl_hs|                                                     ucb2_bench_top_Outline_TILE_LOOP|  return value|
|grp_fu_2034_p_din0                                                                            |  out|   16|  ap_ctrl_hs|                                                     ucb2_bench_top_Outline_TILE_LOOP|  return value|
|grp_fu_2034_p_din1                                                                            |  out|   16|  ap_ctrl_hs|                                                     ucb2_bench_top_Outline_TILE_LOOP|  return value|
|grp_fu_2034_p_dout0                                                                           |   in|   16|  ap_ctrl_hs|                                                     ucb2_bench_top_Outline_TILE_LOOP|  return value|
|grp_fu_2034_p_ce                                                                              |  out|    1|  ap_ctrl_hs|                                                     ucb2_bench_top_Outline_TILE_LOOP|  return value|
|grp_fu_2038_p_din0                                                                            |  out|   16|  ap_ctrl_hs|                                                     ucb2_bench_top_Outline_TILE_LOOP|  return value|
|grp_fu_2038_p_din1                                                                            |  out|   16|  ap_ctrl_hs|                                                     ucb2_bench_top_Outline_TILE_LOOP|  return value|
|grp_fu_2038_p_dout0                                                                           |   in|   16|  ap_ctrl_hs|                                                     ucb2_bench_top_Outline_TILE_LOOP|  return value|
|grp_fu_2038_p_ce                                                                              |  out|    1|  ap_ctrl_hs|                                                     ucb2_bench_top_Outline_TILE_LOOP|  return value|
|grp_fu_2042_p_din0                                                                            |  out|   16|  ap_ctrl_hs|                                                     ucb2_bench_top_Outline_TILE_LOOP|  return value|
|grp_fu_2042_p_din1                                                                            |  out|   16|  ap_ctrl_hs|                                                     ucb2_bench_top_Outline_TILE_LOOP|  return value|
|grp_fu_2042_p_dout0                                                                           |   in|   16|  ap_ctrl_hs|                                                     ucb2_bench_top_Outline_TILE_LOOP|  return value|
|grp_fu_2042_p_ce                                                                              |  out|    1|  ap_ctrl_hs|                                                     ucb2_bench_top_Outline_TILE_LOOP|  return value|
|grp_fu_2046_p_din0                                                                            |  out|   16|  ap_ctrl_hs|                                                     ucb2_bench_top_Outline_TILE_LOOP|  return value|
|grp_fu_2046_p_din1                                                                            |  out|   16|  ap_ctrl_hs|                                                     ucb2_bench_top_Outline_TILE_LOOP|  return value|
|grp_fu_2046_p_dout0                                                                           |   in|   16|  ap_ctrl_hs|                                                     ucb2_bench_top_Outline_TILE_LOOP|  return value|
|grp_fu_2046_p_ce                                                                              |  out|    1|  ap_ctrl_hs|                                                     ucb2_bench_top_Outline_TILE_LOOP|  return value|
|grp_fu_2050_p_din0                                                                            |  out|   16|  ap_ctrl_hs|                                                     ucb2_bench_top_Outline_TILE_LOOP|  return value|
|grp_fu_2050_p_din1                                                                            |  out|   16|  ap_ctrl_hs|                                                     ucb2_bench_top_Outline_TILE_LOOP|  return value|
|grp_fu_2050_p_dout0                                                                           |   in|   16|  ap_ctrl_hs|                                                     ucb2_bench_top_Outline_TILE_LOOP|  return value|
|grp_fu_2050_p_ce                                                                              |  out|    1|  ap_ctrl_hs|                                                     ucb2_bench_top_Outline_TILE_LOOP|  return value|
|grp_fu_2054_p_din0                                                                            |  out|   16|  ap_ctrl_hs|                                                     ucb2_bench_top_Outline_TILE_LOOP|  return value|
|grp_fu_2054_p_din1                                                                            |  out|   16|  ap_ctrl_hs|                                                     ucb2_bench_top_Outline_TILE_LOOP|  return value|
|grp_fu_2054_p_dout0                                                                           |   in|   16|  ap_ctrl_hs|                                                     ucb2_bench_top_Outline_TILE_LOOP|  return value|
|grp_fu_2054_p_ce                                                                              |  out|    1|  ap_ctrl_hs|                                                     ucb2_bench_top_Outline_TILE_LOOP|  return value|
|grp_fu_2058_p_din0                                                                            |  out|   16|  ap_ctrl_hs|                                                     ucb2_bench_top_Outline_TILE_LOOP|  return value|
|grp_fu_2058_p_din1                                                                            |  out|   16|  ap_ctrl_hs|                                                     ucb2_bench_top_Outline_TILE_LOOP|  return value|
|grp_fu_2058_p_dout0                                                                           |   in|   16|  ap_ctrl_hs|                                                     ucb2_bench_top_Outline_TILE_LOOP|  return value|
|grp_fu_2058_p_ce                                                                              |  out|    1|  ap_ctrl_hs|                                                     ucb2_bench_top_Outline_TILE_LOOP|  return value|
|grp_fu_2062_p_din0                                                                            |  out|   16|  ap_ctrl_hs|                                                     ucb2_bench_top_Outline_TILE_LOOP|  return value|
|grp_fu_2062_p_din1                                                                            |  out|   16|  ap_ctrl_hs|                                                     ucb2_bench_top_Outline_TILE_LOOP|  return value|
|grp_fu_2062_p_dout0                                                                           |   in|   16|  ap_ctrl_hs|                                                     ucb2_bench_top_Outline_TILE_LOOP|  return value|
|grp_fu_2062_p_ce                                                                              |  out|    1|  ap_ctrl_hs|                                                     ucb2_bench_top_Outline_TILE_LOOP|  return value|
|grp_fu_2066_p_din0                                                                            |  out|   16|  ap_ctrl_hs|                                                     ucb2_bench_top_Outline_TILE_LOOP|  return value|
|grp_fu_2066_p_din1                                                                            |  out|   16|  ap_ctrl_hs|                                                     ucb2_bench_top_Outline_TILE_LOOP|  return value|
|grp_fu_2066_p_dout0                                                                           |   in|   16|  ap_ctrl_hs|                                                     ucb2_bench_top_Outline_TILE_LOOP|  return value|
|grp_fu_2066_p_ce                                                                              |  out|    1|  ap_ctrl_hs|                                                     ucb2_bench_top_Outline_TILE_LOOP|  return value|
|grp_fu_2070_p_din0                                                                            |  out|   16|  ap_ctrl_hs|                                                     ucb2_bench_top_Outline_TILE_LOOP|  return value|
|grp_fu_2070_p_din1                                                                            |  out|   16|  ap_ctrl_hs|                                                     ucb2_bench_top_Outline_TILE_LOOP|  return value|
|grp_fu_2070_p_dout0                                                                           |   in|   16|  ap_ctrl_hs|                                                     ucb2_bench_top_Outline_TILE_LOOP|  return value|
|grp_fu_2070_p_ce                                                                              |  out|    1|  ap_ctrl_hs|                                                     ucb2_bench_top_Outline_TILE_LOOP|  return value|
|grp_fu_2074_p_din0                                                                            |  out|   16|  ap_ctrl_hs|                                                     ucb2_bench_top_Outline_TILE_LOOP|  return value|
|grp_fu_2074_p_din1                                                                            |  out|   16|  ap_ctrl_hs|                                                     ucb2_bench_top_Outline_TILE_LOOP|  return value|
|grp_fu_2074_p_dout0                                                                           |   in|   16|  ap_ctrl_hs|                                                     ucb2_bench_top_Outline_TILE_LOOP|  return value|
|grp_fu_2074_p_ce                                                                              |  out|    1|  ap_ctrl_hs|                                                     ucb2_bench_top_Outline_TILE_LOOP|  return value|
|grp_fu_2078_p_din0                                                                            |  out|   16|  ap_ctrl_hs|                                                     ucb2_bench_top_Outline_TILE_LOOP|  return value|
|grp_fu_2078_p_din1                                                                            |  out|   16|  ap_ctrl_hs|                                                     ucb2_bench_top_Outline_TILE_LOOP|  return value|
|grp_fu_2078_p_dout0                                                                           |   in|   16|  ap_ctrl_hs|                                                     ucb2_bench_top_Outline_TILE_LOOP|  return value|
|grp_fu_2078_p_ce                                                                              |  out|    1|  ap_ctrl_hs|                                                     ucb2_bench_top_Outline_TILE_LOOP|  return value|
|grp_fu_2082_p_din0                                                                            |  out|   16|  ap_ctrl_hs|                                                     ucb2_bench_top_Outline_TILE_LOOP|  return value|
|grp_fu_2082_p_din1                                                                            |  out|   16|  ap_ctrl_hs|                                                     ucb2_bench_top_Outline_TILE_LOOP|  return value|
|grp_fu_2082_p_dout0                                                                           |   in|   16|  ap_ctrl_hs|                                                     ucb2_bench_top_Outline_TILE_LOOP|  return value|
|grp_fu_2082_p_ce                                                                              |  out|    1|  ap_ctrl_hs|                                                     ucb2_bench_top_Outline_TILE_LOOP|  return value|
|grp_fu_2086_p_din0                                                                            |  out|   16|  ap_ctrl_hs|                                                     ucb2_bench_top_Outline_TILE_LOOP|  return value|
|grp_fu_2086_p_din1                                                                            |  out|   16|  ap_ctrl_hs|                                                     ucb2_bench_top_Outline_TILE_LOOP|  return value|
|grp_fu_2086_p_dout0                                                                           |   in|   16|  ap_ctrl_hs|                                                     ucb2_bench_top_Outline_TILE_LOOP|  return value|
|grp_fu_2086_p_ce                                                                              |  out|    1|  ap_ctrl_hs|                                                     ucb2_bench_top_Outline_TILE_LOOP|  return value|
|grp_fu_2090_p_din0                                                                            |  out|   16|  ap_ctrl_hs|                                                     ucb2_bench_top_Outline_TILE_LOOP|  return value|
|grp_fu_2090_p_din1                                                                            |  out|   16|  ap_ctrl_hs|                                                     ucb2_bench_top_Outline_TILE_LOOP|  return value|
|grp_fu_2090_p_dout0                                                                           |   in|   16|  ap_ctrl_hs|                                                     ucb2_bench_top_Outline_TILE_LOOP|  return value|
|grp_fu_2090_p_ce                                                                              |  out|    1|  ap_ctrl_hs|                                                     ucb2_bench_top_Outline_TILE_LOOP|  return value|
|grp_fu_2094_p_din0                                                                            |  out|   16|  ap_ctrl_hs|                                                     ucb2_bench_top_Outline_TILE_LOOP|  return value|
|grp_fu_2094_p_din1                                                                            |  out|   16|  ap_ctrl_hs|                                                     ucb2_bench_top_Outline_TILE_LOOP|  return value|
|grp_fu_2094_p_dout0                                                                           |   in|   16|  ap_ctrl_hs|                                                     ucb2_bench_top_Outline_TILE_LOOP|  return value|
|grp_fu_2094_p_ce                                                                              |  out|    1|  ap_ctrl_hs|                                                     ucb2_bench_top_Outline_TILE_LOOP|  return value|
|grp_fu_2098_p_din0                                                                            |  out|   16|  ap_ctrl_hs|                                                     ucb2_bench_top_Outline_TILE_LOOP|  return value|
|grp_fu_2098_p_din1                                                                            |  out|   16|  ap_ctrl_hs|                                                     ucb2_bench_top_Outline_TILE_LOOP|  return value|
|grp_fu_2098_p_dout0                                                                           |   in|   16|  ap_ctrl_hs|                                                     ucb2_bench_top_Outline_TILE_LOOP|  return value|
|grp_fu_2098_p_ce                                                                              |  out|    1|  ap_ctrl_hs|                                                     ucb2_bench_top_Outline_TILE_LOOP|  return value|
|grp_fu_2102_p_din0                                                                            |  out|   16|  ap_ctrl_hs|                                                     ucb2_bench_top_Outline_TILE_LOOP|  return value|
|grp_fu_2102_p_din1                                                                            |  out|   16|  ap_ctrl_hs|                                                     ucb2_bench_top_Outline_TILE_LOOP|  return value|
|grp_fu_2102_p_dout0                                                                           |   in|   16|  ap_ctrl_hs|                                                     ucb2_bench_top_Outline_TILE_LOOP|  return value|
|grp_fu_2102_p_ce                                                                              |  out|    1|  ap_ctrl_hs|                                                     ucb2_bench_top_Outline_TILE_LOOP|  return value|
|grp_fu_2106_p_din0                                                                            |  out|   16|  ap_ctrl_hs|                                                     ucb2_bench_top_Outline_TILE_LOOP|  return value|
|grp_fu_2106_p_din1                                                                            |  out|   16|  ap_ctrl_hs|                                                     ucb2_bench_top_Outline_TILE_LOOP|  return value|
|grp_fu_2106_p_dout0                                                                           |   in|   16|  ap_ctrl_hs|                                                     ucb2_bench_top_Outline_TILE_LOOP|  return value|
|grp_fu_2106_p_ce                                                                              |  out|    1|  ap_ctrl_hs|                                                     ucb2_bench_top_Outline_TILE_LOOP|  return value|
|grp_fu_2110_p_din0                                                                            |  out|   16|  ap_ctrl_hs|                                                     ucb2_bench_top_Outline_TILE_LOOP|  return value|
|grp_fu_2110_p_din1                                                                            |  out|   16|  ap_ctrl_hs|                                                     ucb2_bench_top_Outline_TILE_LOOP|  return value|
|grp_fu_2110_p_dout0                                                                           |   in|   16|  ap_ctrl_hs|                                                     ucb2_bench_top_Outline_TILE_LOOP|  return value|
|grp_fu_2110_p_ce                                                                              |  out|    1|  ap_ctrl_hs|                                                     ucb2_bench_top_Outline_TILE_LOOP|  return value|
|grp_fu_2114_p_din0                                                                            |  out|   16|  ap_ctrl_hs|                                                     ucb2_bench_top_Outline_TILE_LOOP|  return value|
|grp_fu_2114_p_din1                                                                            |  out|   16|  ap_ctrl_hs|                                                     ucb2_bench_top_Outline_TILE_LOOP|  return value|
|grp_fu_2114_p_dout0                                                                           |   in|   16|  ap_ctrl_hs|                                                     ucb2_bench_top_Outline_TILE_LOOP|  return value|
|grp_fu_2114_p_ce                                                                              |  out|    1|  ap_ctrl_hs|                                                     ucb2_bench_top_Outline_TILE_LOOP|  return value|
|grp_fu_2118_p_din0                                                                            |  out|   16|  ap_ctrl_hs|                                                     ucb2_bench_top_Outline_TILE_LOOP|  return value|
|grp_fu_2118_p_din1                                                                            |  out|   16|  ap_ctrl_hs|                                                     ucb2_bench_top_Outline_TILE_LOOP|  return value|
|grp_fu_2118_p_dout0                                                                           |   in|   16|  ap_ctrl_hs|                                                     ucb2_bench_top_Outline_TILE_LOOP|  return value|
|grp_fu_2118_p_ce                                                                              |  out|    1|  ap_ctrl_hs|                                                     ucb2_bench_top_Outline_TILE_LOOP|  return value|
|grp_fu_2122_p_din0                                                                            |  out|   16|  ap_ctrl_hs|                                                     ucb2_bench_top_Outline_TILE_LOOP|  return value|
|grp_fu_2122_p_din1                                                                            |  out|   16|  ap_ctrl_hs|                                                     ucb2_bench_top_Outline_TILE_LOOP|  return value|
|grp_fu_2122_p_dout0                                                                           |   in|   16|  ap_ctrl_hs|                                                     ucb2_bench_top_Outline_TILE_LOOP|  return value|
|grp_fu_2122_p_ce                                                                              |  out|    1|  ap_ctrl_hs|                                                     ucb2_bench_top_Outline_TILE_LOOP|  return value|
|grp_fu_2126_p_din0                                                                            |  out|   16|  ap_ctrl_hs|                                                     ucb2_bench_top_Outline_TILE_LOOP|  return value|
|grp_fu_2126_p_din1                                                                            |  out|   16|  ap_ctrl_hs|                                                     ucb2_bench_top_Outline_TILE_LOOP|  return value|
|grp_fu_2126_p_dout0                                                                           |   in|   16|  ap_ctrl_hs|                                                     ucb2_bench_top_Outline_TILE_LOOP|  return value|
|grp_fu_2126_p_ce                                                                              |  out|    1|  ap_ctrl_hs|                                                     ucb2_bench_top_Outline_TILE_LOOP|  return value|
|grp_fu_2130_p_din0                                                                            |  out|   16|  ap_ctrl_hs|                                                     ucb2_bench_top_Outline_TILE_LOOP|  return value|
|grp_fu_2130_p_din1                                                                            |  out|   16|  ap_ctrl_hs|                                                     ucb2_bench_top_Outline_TILE_LOOP|  return value|
|grp_fu_2130_p_dout0                                                                           |   in|   16|  ap_ctrl_hs|                                                     ucb2_bench_top_Outline_TILE_LOOP|  return value|
|grp_fu_2130_p_ce                                                                              |  out|    1|  ap_ctrl_hs|                                                     ucb2_bench_top_Outline_TILE_LOOP|  return value|
|grp_fu_2134_p_din0                                                                            |  out|   16|  ap_ctrl_hs|                                                     ucb2_bench_top_Outline_TILE_LOOP|  return value|
|grp_fu_2134_p_din1                                                                            |  out|   16|  ap_ctrl_hs|                                                     ucb2_bench_top_Outline_TILE_LOOP|  return value|
|grp_fu_2134_p_dout0                                                                           |   in|   16|  ap_ctrl_hs|                                                     ucb2_bench_top_Outline_TILE_LOOP|  return value|
|grp_fu_2134_p_ce                                                                              |  out|    1|  ap_ctrl_hs|                                                     ucb2_bench_top_Outline_TILE_LOOP|  return value|
|grp_fu_2138_p_din0                                                                            |  out|   16|  ap_ctrl_hs|                                                     ucb2_bench_top_Outline_TILE_LOOP|  return value|
|grp_fu_2138_p_din1                                                                            |  out|   16|  ap_ctrl_hs|                                                     ucb2_bench_top_Outline_TILE_LOOP|  return value|
|grp_fu_2138_p_dout0                                                                           |   in|   16|  ap_ctrl_hs|                                                     ucb2_bench_top_Outline_TILE_LOOP|  return value|
|grp_fu_2138_p_ce                                                                              |  out|    1|  ap_ctrl_hs|                                                     ucb2_bench_top_Outline_TILE_LOOP|  return value|
|grp_fu_2142_p_din0                                                                            |  out|   16|  ap_ctrl_hs|                                                     ucb2_bench_top_Outline_TILE_LOOP|  return value|
|grp_fu_2142_p_din1                                                                            |  out|   16|  ap_ctrl_hs|                                                     ucb2_bench_top_Outline_TILE_LOOP|  return value|
|grp_fu_2142_p_dout0                                                                           |   in|   16|  ap_ctrl_hs|                                                     ucb2_bench_top_Outline_TILE_LOOP|  return value|
|grp_fu_2142_p_ce                                                                              |  out|    1|  ap_ctrl_hs|                                                     ucb2_bench_top_Outline_TILE_LOOP|  return value|
|grp_fu_2146_p_din0                                                                            |  out|   16|  ap_ctrl_hs|                                                     ucb2_bench_top_Outline_TILE_LOOP|  return value|
|grp_fu_2146_p_din1                                                                            |  out|   16|  ap_ctrl_hs|                                                     ucb2_bench_top_Outline_TILE_LOOP|  return value|
|grp_fu_2146_p_dout0                                                                           |   in|   16|  ap_ctrl_hs|                                                     ucb2_bench_top_Outline_TILE_LOOP|  return value|
|grp_fu_2146_p_ce                                                                              |  out|    1|  ap_ctrl_hs|                                                     ucb2_bench_top_Outline_TILE_LOOP|  return value|
|grp_fu_2150_p_din0                                                                            |  out|   16|  ap_ctrl_hs|                                                     ucb2_bench_top_Outline_TILE_LOOP|  return value|
|grp_fu_2150_p_din1                                                                            |  out|   16|  ap_ctrl_hs|                                                     ucb2_bench_top_Outline_TILE_LOOP|  return value|
|grp_fu_2150_p_dout0                                                                           |   in|   16|  ap_ctrl_hs|                                                     ucb2_bench_top_Outline_TILE_LOOP|  return value|
|grp_fu_2150_p_ce                                                                              |  out|    1|  ap_ctrl_hs|                                                     ucb2_bench_top_Outline_TILE_LOOP|  return value|
|grp_fu_2154_p_din0                                                                            |  out|   16|  ap_ctrl_hs|                                                     ucb2_bench_top_Outline_TILE_LOOP|  return value|
|grp_fu_2154_p_din1                                                                            |  out|   16|  ap_ctrl_hs|                                                     ucb2_bench_top_Outline_TILE_LOOP|  return value|
|grp_fu_2154_p_dout0                                                                           |   in|   16|  ap_ctrl_hs|                                                     ucb2_bench_top_Outline_TILE_LOOP|  return value|
|grp_fu_2154_p_ce                                                                              |  out|    1|  ap_ctrl_hs|                                                     ucb2_bench_top_Outline_TILE_LOOP|  return value|
|grp_fu_2158_p_din0                                                                            |  out|   16|  ap_ctrl_hs|                                                     ucb2_bench_top_Outline_TILE_LOOP|  return value|
|grp_fu_2158_p_din1                                                                            |  out|   16|  ap_ctrl_hs|                                                     ucb2_bench_top_Outline_TILE_LOOP|  return value|
|grp_fu_2158_p_dout0                                                                           |   in|   16|  ap_ctrl_hs|                                                     ucb2_bench_top_Outline_TILE_LOOP|  return value|
|grp_fu_2158_p_ce                                                                              |  out|    1|  ap_ctrl_hs|                                                     ucb2_bench_top_Outline_TILE_LOOP|  return value|
|grp_fu_2162_p_din0                                                                            |  out|   16|  ap_ctrl_hs|                                                     ucb2_bench_top_Outline_TILE_LOOP|  return value|
|grp_fu_2162_p_din1                                                                            |  out|   16|  ap_ctrl_hs|                                                     ucb2_bench_top_Outline_TILE_LOOP|  return value|
|grp_fu_2162_p_dout0                                                                           |   in|   16|  ap_ctrl_hs|                                                     ucb2_bench_top_Outline_TILE_LOOP|  return value|
|grp_fu_2162_p_ce                                                                              |  out|    1|  ap_ctrl_hs|                                                     ucb2_bench_top_Outline_TILE_LOOP|  return value|
|grp_fu_2166_p_din0                                                                            |  out|   16|  ap_ctrl_hs|                                                     ucb2_bench_top_Outline_TILE_LOOP|  return value|
|grp_fu_2166_p_din1                                                                            |  out|   16|  ap_ctrl_hs|                                                     ucb2_bench_top_Outline_TILE_LOOP|  return value|
|grp_fu_2166_p_dout0                                                                           |   in|   16|  ap_ctrl_hs|                                                     ucb2_bench_top_Outline_TILE_LOOP|  return value|
|grp_fu_2166_p_ce                                                                              |  out|    1|  ap_ctrl_hs|                                                     ucb2_bench_top_Outline_TILE_LOOP|  return value|
|grp_fu_2170_p_din0                                                                            |  out|   16|  ap_ctrl_hs|                                                     ucb2_bench_top_Outline_TILE_LOOP|  return value|
|grp_fu_2170_p_din1                                                                            |  out|   16|  ap_ctrl_hs|                                                     ucb2_bench_top_Outline_TILE_LOOP|  return value|
|grp_fu_2170_p_dout0                                                                           |   in|   16|  ap_ctrl_hs|                                                     ucb2_bench_top_Outline_TILE_LOOP|  return value|
|grp_fu_2170_p_ce                                                                              |  out|    1|  ap_ctrl_hs|                                                     ucb2_bench_top_Outline_TILE_LOOP|  return value|
|grp_fu_2174_p_din0                                                                            |  out|   16|  ap_ctrl_hs|                                                     ucb2_bench_top_Outline_TILE_LOOP|  return value|
|grp_fu_2174_p_din1                                                                            |  out|   16|  ap_ctrl_hs|                                                     ucb2_bench_top_Outline_TILE_LOOP|  return value|
|grp_fu_2174_p_dout0                                                                           |   in|   16|  ap_ctrl_hs|                                                     ucb2_bench_top_Outline_TILE_LOOP|  return value|
|grp_fu_2174_p_ce                                                                              |  out|    1|  ap_ctrl_hs|                                                     ucb2_bench_top_Outline_TILE_LOOP|  return value|
|grp_fu_2178_p_din0                                                                            |  out|   16|  ap_ctrl_hs|                                                     ucb2_bench_top_Outline_TILE_LOOP|  return value|
|grp_fu_2178_p_din1                                                                            |  out|   16|  ap_ctrl_hs|                                                     ucb2_bench_top_Outline_TILE_LOOP|  return value|
|grp_fu_2178_p_dout0                                                                           |   in|   16|  ap_ctrl_hs|                                                     ucb2_bench_top_Outline_TILE_LOOP|  return value|
|grp_fu_2178_p_ce                                                                              |  out|    1|  ap_ctrl_hs|                                                     ucb2_bench_top_Outline_TILE_LOOP|  return value|
|grp_fu_2182_p_din0                                                                            |  out|   16|  ap_ctrl_hs|                                                     ucb2_bench_top_Outline_TILE_LOOP|  return value|
|grp_fu_2182_p_din1                                                                            |  out|   16|  ap_ctrl_hs|                                                     ucb2_bench_top_Outline_TILE_LOOP|  return value|
|grp_fu_2182_p_dout0                                                                           |   in|   16|  ap_ctrl_hs|                                                     ucb2_bench_top_Outline_TILE_LOOP|  return value|
|grp_fu_2182_p_ce                                                                              |  out|    1|  ap_ctrl_hs|                                                     ucb2_bench_top_Outline_TILE_LOOP|  return value|
|grp_fu_2186_p_din0                                                                            |  out|   16|  ap_ctrl_hs|                                                     ucb2_bench_top_Outline_TILE_LOOP|  return value|
|grp_fu_2186_p_din1                                                                            |  out|   16|  ap_ctrl_hs|                                                     ucb2_bench_top_Outline_TILE_LOOP|  return value|
|grp_fu_2186_p_dout0                                                                           |   in|   16|  ap_ctrl_hs|                                                     ucb2_bench_top_Outline_TILE_LOOP|  return value|
|grp_fu_2186_p_ce                                                                              |  out|    1|  ap_ctrl_hs|                                                     ucb2_bench_top_Outline_TILE_LOOP|  return value|
|grp_fu_2190_p_din0                                                                            |  out|   16|  ap_ctrl_hs|                                                     ucb2_bench_top_Outline_TILE_LOOP|  return value|
|grp_fu_2190_p_din1                                                                            |  out|   16|  ap_ctrl_hs|                                                     ucb2_bench_top_Outline_TILE_LOOP|  return value|
|grp_fu_2190_p_dout0                                                                           |   in|   16|  ap_ctrl_hs|                                                     ucb2_bench_top_Outline_TILE_LOOP|  return value|
|grp_fu_2190_p_ce                                                                              |  out|    1|  ap_ctrl_hs|                                                     ucb2_bench_top_Outline_TILE_LOOP|  return value|
|grp_fu_2194_p_din0                                                                            |  out|   16|  ap_ctrl_hs|                                                     ucb2_bench_top_Outline_TILE_LOOP|  return value|
|grp_fu_2194_p_din1                                                                            |  out|   16|  ap_ctrl_hs|                                                     ucb2_bench_top_Outline_TILE_LOOP|  return value|
|grp_fu_2194_p_dout0                                                                           |   in|   16|  ap_ctrl_hs|                                                     ucb2_bench_top_Outline_TILE_LOOP|  return value|
|grp_fu_2194_p_ce                                                                              |  out|    1|  ap_ctrl_hs|                                                     ucb2_bench_top_Outline_TILE_LOOP|  return value|
|grp_fu_2198_p_din0                                                                            |  out|   16|  ap_ctrl_hs|                                                     ucb2_bench_top_Outline_TILE_LOOP|  return value|
|grp_fu_2198_p_din1                                                                            |  out|   16|  ap_ctrl_hs|                                                     ucb2_bench_top_Outline_TILE_LOOP|  return value|
|grp_fu_2198_p_dout0                                                                           |   in|   16|  ap_ctrl_hs|                                                     ucb2_bench_top_Outline_TILE_LOOP|  return value|
|grp_fu_2198_p_ce                                                                              |  out|    1|  ap_ctrl_hs|                                                     ucb2_bench_top_Outline_TILE_LOOP|  return value|
|grp_fu_2202_p_din0                                                                            |  out|   16|  ap_ctrl_hs|                                                     ucb2_bench_top_Outline_TILE_LOOP|  return value|
|grp_fu_2202_p_din1                                                                            |  out|   16|  ap_ctrl_hs|                                                     ucb2_bench_top_Outline_TILE_LOOP|  return value|
|grp_fu_2202_p_dout0                                                                           |   in|   16|  ap_ctrl_hs|                                                     ucb2_bench_top_Outline_TILE_LOOP|  return value|
|grp_fu_2202_p_ce                                                                              |  out|    1|  ap_ctrl_hs|                                                     ucb2_bench_top_Outline_TILE_LOOP|  return value|
|grp_fu_2206_p_din0                                                                            |  out|   16|  ap_ctrl_hs|                                                     ucb2_bench_top_Outline_TILE_LOOP|  return value|
|grp_fu_2206_p_din1                                                                            |  out|   16|  ap_ctrl_hs|                                                     ucb2_bench_top_Outline_TILE_LOOP|  return value|
|grp_fu_2206_p_dout0                                                                           |   in|   16|  ap_ctrl_hs|                                                     ucb2_bench_top_Outline_TILE_LOOP|  return value|
|grp_fu_2206_p_ce                                                                              |  out|    1|  ap_ctrl_hs|                                                     ucb2_bench_top_Outline_TILE_LOOP|  return value|
|grp_fu_2210_p_din0                                                                            |  out|   16|  ap_ctrl_hs|                                                     ucb2_bench_top_Outline_TILE_LOOP|  return value|
|grp_fu_2210_p_din1                                                                            |  out|   16|  ap_ctrl_hs|                                                     ucb2_bench_top_Outline_TILE_LOOP|  return value|
|grp_fu_2210_p_dout0                                                                           |   in|   16|  ap_ctrl_hs|                                                     ucb2_bench_top_Outline_TILE_LOOP|  return value|
|grp_fu_2210_p_ce                                                                              |  out|    1|  ap_ctrl_hs|                                                     ucb2_bench_top_Outline_TILE_LOOP|  return value|
|grp_fu_2214_p_din0                                                                            |  out|   16|  ap_ctrl_hs|                                                     ucb2_bench_top_Outline_TILE_LOOP|  return value|
|grp_fu_2214_p_din1                                                                            |  out|   16|  ap_ctrl_hs|                                                     ucb2_bench_top_Outline_TILE_LOOP|  return value|
|grp_fu_2214_p_dout0                                                                           |   in|   16|  ap_ctrl_hs|                                                     ucb2_bench_top_Outline_TILE_LOOP|  return value|
|grp_fu_2214_p_ce                                                                              |  out|    1|  ap_ctrl_hs|                                                     ucb2_bench_top_Outline_TILE_LOOP|  return value|
|grp_fu_2218_p_din0                                                                            |  out|   16|  ap_ctrl_hs|                                                     ucb2_bench_top_Outline_TILE_LOOP|  return value|
|grp_fu_2218_p_din1                                                                            |  out|   16|  ap_ctrl_hs|                                                     ucb2_bench_top_Outline_TILE_LOOP|  return value|
|grp_fu_2218_p_dout0                                                                           |   in|   16|  ap_ctrl_hs|                                                     ucb2_bench_top_Outline_TILE_LOOP|  return value|
|grp_fu_2218_p_ce                                                                              |  out|    1|  ap_ctrl_hs|                                                     ucb2_bench_top_Outline_TILE_LOOP|  return value|
|grp_fu_2222_p_din0                                                                            |  out|   16|  ap_ctrl_hs|                                                     ucb2_bench_top_Outline_TILE_LOOP|  return value|
|grp_fu_2222_p_din1                                                                            |  out|   16|  ap_ctrl_hs|                                                     ucb2_bench_top_Outline_TILE_LOOP|  return value|
|grp_fu_2222_p_dout0                                                                           |   in|   16|  ap_ctrl_hs|                                                     ucb2_bench_top_Outline_TILE_LOOP|  return value|
|grp_fu_2222_p_ce                                                                              |  out|    1|  ap_ctrl_hs|                                                     ucb2_bench_top_Outline_TILE_LOOP|  return value|
|grp_fu_2226_p_din0                                                                            |  out|   16|  ap_ctrl_hs|                                                     ucb2_bench_top_Outline_TILE_LOOP|  return value|
|grp_fu_2226_p_din1                                                                            |  out|   16|  ap_ctrl_hs|                                                     ucb2_bench_top_Outline_TILE_LOOP|  return value|
|grp_fu_2226_p_dout0                                                                           |   in|   16|  ap_ctrl_hs|                                                     ucb2_bench_top_Outline_TILE_LOOP|  return value|
|grp_fu_2226_p_ce                                                                              |  out|    1|  ap_ctrl_hs|                                                     ucb2_bench_top_Outline_TILE_LOOP|  return value|
|grp_fu_2230_p_din0                                                                            |  out|   16|  ap_ctrl_hs|                                                     ucb2_bench_top_Outline_TILE_LOOP|  return value|
|grp_fu_2230_p_din1                                                                            |  out|   16|  ap_ctrl_hs|                                                     ucb2_bench_top_Outline_TILE_LOOP|  return value|
|grp_fu_2230_p_dout0                                                                           |   in|   16|  ap_ctrl_hs|                                                     ucb2_bench_top_Outline_TILE_LOOP|  return value|
|grp_fu_2230_p_ce                                                                              |  out|    1|  ap_ctrl_hs|                                                     ucb2_bench_top_Outline_TILE_LOOP|  return value|
|grp_fu_2234_p_din0                                                                            |  out|   16|  ap_ctrl_hs|                                                     ucb2_bench_top_Outline_TILE_LOOP|  return value|
|grp_fu_2234_p_din1                                                                            |  out|   16|  ap_ctrl_hs|                                                     ucb2_bench_top_Outline_TILE_LOOP|  return value|
|grp_fu_2234_p_dout0                                                                           |   in|   16|  ap_ctrl_hs|                                                     ucb2_bench_top_Outline_TILE_LOOP|  return value|
|grp_fu_2234_p_ce                                                                              |  out|    1|  ap_ctrl_hs|                                                     ucb2_bench_top_Outline_TILE_LOOP|  return value|
|grp_fu_2238_p_din0                                                                            |  out|   16|  ap_ctrl_hs|                                                     ucb2_bench_top_Outline_TILE_LOOP|  return value|
|grp_fu_2238_p_din1                                                                            |  out|   16|  ap_ctrl_hs|                                                     ucb2_bench_top_Outline_TILE_LOOP|  return value|
|grp_fu_2238_p_dout0                                                                           |   in|   16|  ap_ctrl_hs|                                                     ucb2_bench_top_Outline_TILE_LOOP|  return value|
|grp_fu_2238_p_ce                                                                              |  out|    1|  ap_ctrl_hs|                                                     ucb2_bench_top_Outline_TILE_LOOP|  return value|
|grp_fu_2242_p_din0                                                                            |  out|   16|  ap_ctrl_hs|                                                     ucb2_bench_top_Outline_TILE_LOOP|  return value|
|grp_fu_2242_p_din1                                                                            |  out|   16|  ap_ctrl_hs|                                                     ucb2_bench_top_Outline_TILE_LOOP|  return value|
|grp_fu_2242_p_dout0                                                                           |   in|   16|  ap_ctrl_hs|                                                     ucb2_bench_top_Outline_TILE_LOOP|  return value|
|grp_fu_2242_p_ce                                                                              |  out|    1|  ap_ctrl_hs|                                                     ucb2_bench_top_Outline_TILE_LOOP|  return value|
|grp_fu_2246_p_din0                                                                            |  out|   16|  ap_ctrl_hs|                                                     ucb2_bench_top_Outline_TILE_LOOP|  return value|
|grp_fu_2246_p_din1                                                                            |  out|   16|  ap_ctrl_hs|                                                     ucb2_bench_top_Outline_TILE_LOOP|  return value|
|grp_fu_2246_p_dout0                                                                           |   in|   16|  ap_ctrl_hs|                                                     ucb2_bench_top_Outline_TILE_LOOP|  return value|
|grp_fu_2246_p_ce                                                                              |  out|    1|  ap_ctrl_hs|                                                     ucb2_bench_top_Outline_TILE_LOOP|  return value|
|grp_fu_2250_p_din0                                                                            |  out|   16|  ap_ctrl_hs|                                                     ucb2_bench_top_Outline_TILE_LOOP|  return value|
|grp_fu_2250_p_din1                                                                            |  out|   16|  ap_ctrl_hs|                                                     ucb2_bench_top_Outline_TILE_LOOP|  return value|
|grp_fu_2250_p_dout0                                                                           |   in|   16|  ap_ctrl_hs|                                                     ucb2_bench_top_Outline_TILE_LOOP|  return value|
|grp_fu_2250_p_ce                                                                              |  out|    1|  ap_ctrl_hs|                                                     ucb2_bench_top_Outline_TILE_LOOP|  return value|
|grp_fu_2254_p_din0                                                                            |  out|   16|  ap_ctrl_hs|                                                     ucb2_bench_top_Outline_TILE_LOOP|  return value|
|grp_fu_2254_p_din1                                                                            |  out|   16|  ap_ctrl_hs|                                                     ucb2_bench_top_Outline_TILE_LOOP|  return value|
|grp_fu_2254_p_dout0                                                                           |   in|   16|  ap_ctrl_hs|                                                     ucb2_bench_top_Outline_TILE_LOOP|  return value|
|grp_fu_2254_p_ce                                                                              |  out|    1|  ap_ctrl_hs|                                                     ucb2_bench_top_Outline_TILE_LOOP|  return value|
|grp_fu_2258_p_din0                                                                            |  out|   16|  ap_ctrl_hs|                                                     ucb2_bench_top_Outline_TILE_LOOP|  return value|
|grp_fu_2258_p_din1                                                                            |  out|   16|  ap_ctrl_hs|                                                     ucb2_bench_top_Outline_TILE_LOOP|  return value|
|grp_fu_2258_p_dout0                                                                           |   in|   16|  ap_ctrl_hs|                                                     ucb2_bench_top_Outline_TILE_LOOP|  return value|
|grp_fu_2258_p_ce                                                                              |  out|    1|  ap_ctrl_hs|                                                     ucb2_bench_top_Outline_TILE_LOOP|  return value|
|grp_fu_2262_p_din0                                                                            |  out|   16|  ap_ctrl_hs|                                                     ucb2_bench_top_Outline_TILE_LOOP|  return value|
|grp_fu_2262_p_din1                                                                            |  out|   16|  ap_ctrl_hs|                                                     ucb2_bench_top_Outline_TILE_LOOP|  return value|
|grp_fu_2262_p_dout0                                                                           |   in|   16|  ap_ctrl_hs|                                                     ucb2_bench_top_Outline_TILE_LOOP|  return value|
|grp_fu_2262_p_ce                                                                              |  out|    1|  ap_ctrl_hs|                                                     ucb2_bench_top_Outline_TILE_LOOP|  return value|
|grp_fu_2266_p_din0                                                                            |  out|   16|  ap_ctrl_hs|                                                     ucb2_bench_top_Outline_TILE_LOOP|  return value|
|grp_fu_2266_p_din1                                                                            |  out|   16|  ap_ctrl_hs|                                                     ucb2_bench_top_Outline_TILE_LOOP|  return value|
|grp_fu_2266_p_dout0                                                                           |   in|   16|  ap_ctrl_hs|                                                     ucb2_bench_top_Outline_TILE_LOOP|  return value|
|grp_fu_2266_p_ce                                                                              |  out|    1|  ap_ctrl_hs|                                                     ucb2_bench_top_Outline_TILE_LOOP|  return value|
|grp_fu_2270_p_din0                                                                            |  out|   16|  ap_ctrl_hs|                                                     ucb2_bench_top_Outline_TILE_LOOP|  return value|
|grp_fu_2270_p_din1                                                                            |  out|   16|  ap_ctrl_hs|                                                     ucb2_bench_top_Outline_TILE_LOOP|  return value|
|grp_fu_2270_p_dout0                                                                           |   in|   16|  ap_ctrl_hs|                                                     ucb2_bench_top_Outline_TILE_LOOP|  return value|
|grp_fu_2270_p_ce                                                                              |  out|    1|  ap_ctrl_hs|                                                     ucb2_bench_top_Outline_TILE_LOOP|  return value|
|grp_fu_2274_p_din0                                                                            |  out|   16|  ap_ctrl_hs|                                                     ucb2_bench_top_Outline_TILE_LOOP|  return value|
|grp_fu_2274_p_din1                                                                            |  out|   16|  ap_ctrl_hs|                                                     ucb2_bench_top_Outline_TILE_LOOP|  return value|
|grp_fu_2274_p_dout0                                                                           |   in|   16|  ap_ctrl_hs|                                                     ucb2_bench_top_Outline_TILE_LOOP|  return value|
|grp_fu_2274_p_ce                                                                              |  out|    1|  ap_ctrl_hs|                                                     ucb2_bench_top_Outline_TILE_LOOP|  return value|
|grp_fu_2278_p_din0                                                                            |  out|   16|  ap_ctrl_hs|                                                     ucb2_bench_top_Outline_TILE_LOOP|  return value|
|grp_fu_2278_p_din1                                                                            |  out|   16|  ap_ctrl_hs|                                                     ucb2_bench_top_Outline_TILE_LOOP|  return value|
|grp_fu_2278_p_dout0                                                                           |   in|   16|  ap_ctrl_hs|                                                     ucb2_bench_top_Outline_TILE_LOOP|  return value|
|grp_fu_2278_p_ce                                                                              |  out|    1|  ap_ctrl_hs|                                                     ucb2_bench_top_Outline_TILE_LOOP|  return value|
|grp_fu_2282_p_din0                                                                            |  out|   16|  ap_ctrl_hs|                                                     ucb2_bench_top_Outline_TILE_LOOP|  return value|
|grp_fu_2282_p_din1                                                                            |  out|   16|  ap_ctrl_hs|                                                     ucb2_bench_top_Outline_TILE_LOOP|  return value|
|grp_fu_2282_p_dout0                                                                           |   in|   16|  ap_ctrl_hs|                                                     ucb2_bench_top_Outline_TILE_LOOP|  return value|
|grp_fu_2282_p_ce                                                                              |  out|    1|  ap_ctrl_hs|                                                     ucb2_bench_top_Outline_TILE_LOOP|  return value|
|grp_fu_2286_p_din0                                                                            |  out|   16|  ap_ctrl_hs|                                                     ucb2_bench_top_Outline_TILE_LOOP|  return value|
|grp_fu_2286_p_din1                                                                            |  out|   16|  ap_ctrl_hs|                                                     ucb2_bench_top_Outline_TILE_LOOP|  return value|
|grp_fu_2286_p_dout0                                                                           |   in|   16|  ap_ctrl_hs|                                                     ucb2_bench_top_Outline_TILE_LOOP|  return value|
|grp_fu_2286_p_ce                                                                              |  out|    1|  ap_ctrl_hs|                                                     ucb2_bench_top_Outline_TILE_LOOP|  return value|
|grp_fu_2290_p_din0                                                                            |  out|   16|  ap_ctrl_hs|                                                     ucb2_bench_top_Outline_TILE_LOOP|  return value|
|grp_fu_2290_p_din1                                                                            |  out|   16|  ap_ctrl_hs|                                                     ucb2_bench_top_Outline_TILE_LOOP|  return value|
|grp_fu_2290_p_dout0                                                                           |   in|   16|  ap_ctrl_hs|                                                     ucb2_bench_top_Outline_TILE_LOOP|  return value|
|grp_fu_2290_p_ce                                                                              |  out|    1|  ap_ctrl_hs|                                                     ucb2_bench_top_Outline_TILE_LOOP|  return value|
|grp_fu_2294_p_din0                                                                            |  out|   16|  ap_ctrl_hs|                                                     ucb2_bench_top_Outline_TILE_LOOP|  return value|
|grp_fu_2294_p_din1                                                                            |  out|   16|  ap_ctrl_hs|                                                     ucb2_bench_top_Outline_TILE_LOOP|  return value|
|grp_fu_2294_p_dout0                                                                           |   in|   16|  ap_ctrl_hs|                                                     ucb2_bench_top_Outline_TILE_LOOP|  return value|
|grp_fu_2294_p_ce                                                                              |  out|    1|  ap_ctrl_hs|                                                     ucb2_bench_top_Outline_TILE_LOOP|  return value|
|grp_fu_2298_p_din0                                                                            |  out|   16|  ap_ctrl_hs|                                                     ucb2_bench_top_Outline_TILE_LOOP|  return value|
|grp_fu_2298_p_din1                                                                            |  out|   16|  ap_ctrl_hs|                                                     ucb2_bench_top_Outline_TILE_LOOP|  return value|
|grp_fu_2298_p_dout0                                                                           |   in|   16|  ap_ctrl_hs|                                                     ucb2_bench_top_Outline_TILE_LOOP|  return value|
|grp_fu_2298_p_ce                                                                              |  out|    1|  ap_ctrl_hs|                                                     ucb2_bench_top_Outline_TILE_LOOP|  return value|
|grp_fu_2302_p_din0                                                                            |  out|   16|  ap_ctrl_hs|                                                     ucb2_bench_top_Outline_TILE_LOOP|  return value|
|grp_fu_2302_p_din1                                                                            |  out|   16|  ap_ctrl_hs|                                                     ucb2_bench_top_Outline_TILE_LOOP|  return value|
|grp_fu_2302_p_dout0                                                                           |   in|   16|  ap_ctrl_hs|                                                     ucb2_bench_top_Outline_TILE_LOOP|  return value|
|grp_fu_2302_p_ce                                                                              |  out|    1|  ap_ctrl_hs|                                                     ucb2_bench_top_Outline_TILE_LOOP|  return value|
|grp_fu_2306_p_din0                                                                            |  out|   16|  ap_ctrl_hs|                                                     ucb2_bench_top_Outline_TILE_LOOP|  return value|
|grp_fu_2306_p_din1                                                                            |  out|   16|  ap_ctrl_hs|                                                     ucb2_bench_top_Outline_TILE_LOOP|  return value|
|grp_fu_2306_p_dout0                                                                           |   in|   16|  ap_ctrl_hs|                                                     ucb2_bench_top_Outline_TILE_LOOP|  return value|
|grp_fu_2306_p_ce                                                                              |  out|    1|  ap_ctrl_hs|                                                     ucb2_bench_top_Outline_TILE_LOOP|  return value|
|grp_fu_2310_p_din0                                                                            |  out|   16|  ap_ctrl_hs|                                                     ucb2_bench_top_Outline_TILE_LOOP|  return value|
|grp_fu_2310_p_din1                                                                            |  out|   16|  ap_ctrl_hs|                                                     ucb2_bench_top_Outline_TILE_LOOP|  return value|
|grp_fu_2310_p_dout0                                                                           |   in|   16|  ap_ctrl_hs|                                                     ucb2_bench_top_Outline_TILE_LOOP|  return value|
|grp_fu_2310_p_ce                                                                              |  out|    1|  ap_ctrl_hs|                                                     ucb2_bench_top_Outline_TILE_LOOP|  return value|
|grp_fu_2314_p_din0                                                                            |  out|   16|  ap_ctrl_hs|                                                     ucb2_bench_top_Outline_TILE_LOOP|  return value|
|grp_fu_2314_p_din1                                                                            |  out|   16|  ap_ctrl_hs|                                                     ucb2_bench_top_Outline_TILE_LOOP|  return value|
|grp_fu_2314_p_dout0                                                                           |   in|   16|  ap_ctrl_hs|                                                     ucb2_bench_top_Outline_TILE_LOOP|  return value|
|grp_fu_2314_p_ce                                                                              |  out|    1|  ap_ctrl_hs|                                                     ucb2_bench_top_Outline_TILE_LOOP|  return value|
|grp_fu_2318_p_din0                                                                            |  out|   16|  ap_ctrl_hs|                                                     ucb2_bench_top_Outline_TILE_LOOP|  return value|
|grp_fu_2318_p_din1                                                                            |  out|   16|  ap_ctrl_hs|                                                     ucb2_bench_top_Outline_TILE_LOOP|  return value|
|grp_fu_2318_p_dout0                                                                           |   in|   16|  ap_ctrl_hs|                                                     ucb2_bench_top_Outline_TILE_LOOP|  return value|
|grp_fu_2318_p_ce                                                                              |  out|    1|  ap_ctrl_hs|                                                     ucb2_bench_top_Outline_TILE_LOOP|  return value|
|grp_fu_2322_p_din0                                                                            |  out|   16|  ap_ctrl_hs|                                                     ucb2_bench_top_Outline_TILE_LOOP|  return value|
|grp_fu_2322_p_din1                                                                            |  out|   16|  ap_ctrl_hs|                                                     ucb2_bench_top_Outline_TILE_LOOP|  return value|
|grp_fu_2322_p_dout0                                                                           |   in|   16|  ap_ctrl_hs|                                                     ucb2_bench_top_Outline_TILE_LOOP|  return value|
|grp_fu_2322_p_ce                                                                              |  out|    1|  ap_ctrl_hs|                                                     ucb2_bench_top_Outline_TILE_LOOP|  return value|
|grp_fu_2326_p_din0                                                                            |  out|   16|  ap_ctrl_hs|                                                     ucb2_bench_top_Outline_TILE_LOOP|  return value|
|grp_fu_2326_p_din1                                                                            |  out|   16|  ap_ctrl_hs|                                                     ucb2_bench_top_Outline_TILE_LOOP|  return value|
|grp_fu_2326_p_dout0                                                                           |   in|   16|  ap_ctrl_hs|                                                     ucb2_bench_top_Outline_TILE_LOOP|  return value|
|grp_fu_2326_p_ce                                                                              |  out|    1|  ap_ctrl_hs|                                                     ucb2_bench_top_Outline_TILE_LOOP|  return value|
|grp_fu_2330_p_din0                                                                            |  out|   16|  ap_ctrl_hs|                                                     ucb2_bench_top_Outline_TILE_LOOP|  return value|
|grp_fu_2330_p_din1                                                                            |  out|   16|  ap_ctrl_hs|                                                     ucb2_bench_top_Outline_TILE_LOOP|  return value|
|grp_fu_2330_p_dout0                                                                           |   in|   16|  ap_ctrl_hs|                                                     ucb2_bench_top_Outline_TILE_LOOP|  return value|
|grp_fu_2330_p_ce                                                                              |  out|    1|  ap_ctrl_hs|                                                     ucb2_bench_top_Outline_TILE_LOOP|  return value|
|grp_fu_2334_p_din0                                                                            |  out|   16|  ap_ctrl_hs|                                                     ucb2_bench_top_Outline_TILE_LOOP|  return value|
|grp_fu_2334_p_din1                                                                            |  out|   16|  ap_ctrl_hs|                                                     ucb2_bench_top_Outline_TILE_LOOP|  return value|
|grp_fu_2334_p_dout0                                                                           |   in|   16|  ap_ctrl_hs|                                                     ucb2_bench_top_Outline_TILE_LOOP|  return value|
|grp_fu_2334_p_ce                                                                              |  out|    1|  ap_ctrl_hs|                                                     ucb2_bench_top_Outline_TILE_LOOP|  return value|
|grp_fu_2338_p_din0                                                                            |  out|   16|  ap_ctrl_hs|                                                     ucb2_bench_top_Outline_TILE_LOOP|  return value|
|grp_fu_2338_p_din1                                                                            |  out|   16|  ap_ctrl_hs|                                                     ucb2_bench_top_Outline_TILE_LOOP|  return value|
|grp_fu_2338_p_dout0                                                                           |   in|   16|  ap_ctrl_hs|                                                     ucb2_bench_top_Outline_TILE_LOOP|  return value|
|grp_fu_2338_p_ce                                                                              |  out|    1|  ap_ctrl_hs|                                                     ucb2_bench_top_Outline_TILE_LOOP|  return value|
|grp_fu_2342_p_din0                                                                            |  out|   16|  ap_ctrl_hs|                                                     ucb2_bench_top_Outline_TILE_LOOP|  return value|
|grp_fu_2342_p_din1                                                                            |  out|   16|  ap_ctrl_hs|                                                     ucb2_bench_top_Outline_TILE_LOOP|  return value|
|grp_fu_2342_p_dout0                                                                           |   in|   16|  ap_ctrl_hs|                                                     ucb2_bench_top_Outline_TILE_LOOP|  return value|
|grp_fu_2342_p_ce                                                                              |  out|    1|  ap_ctrl_hs|                                                     ucb2_bench_top_Outline_TILE_LOOP|  return value|
|grp_fu_2346_p_din0                                                                            |  out|   16|  ap_ctrl_hs|                                                     ucb2_bench_top_Outline_TILE_LOOP|  return value|
|grp_fu_2346_p_din1                                                                            |  out|   16|  ap_ctrl_hs|                                                     ucb2_bench_top_Outline_TILE_LOOP|  return value|
|grp_fu_2346_p_dout0                                                                           |   in|   16|  ap_ctrl_hs|                                                     ucb2_bench_top_Outline_TILE_LOOP|  return value|
|grp_fu_2346_p_ce                                                                              |  out|    1|  ap_ctrl_hs|                                                     ucb2_bench_top_Outline_TILE_LOOP|  return value|
|grp_fu_2350_p_din0                                                                            |  out|   16|  ap_ctrl_hs|                                                     ucb2_bench_top_Outline_TILE_LOOP|  return value|
|grp_fu_2350_p_din1                                                                            |  out|   16|  ap_ctrl_hs|                                                     ucb2_bench_top_Outline_TILE_LOOP|  return value|
|grp_fu_2350_p_dout0                                                                           |   in|   16|  ap_ctrl_hs|                                                     ucb2_bench_top_Outline_TILE_LOOP|  return value|
|grp_fu_2350_p_ce                                                                              |  out|    1|  ap_ctrl_hs|                                                     ucb2_bench_top_Outline_TILE_LOOP|  return value|
|grp_fu_2354_p_din0                                                                            |  out|   16|  ap_ctrl_hs|                                                     ucb2_bench_top_Outline_TILE_LOOP|  return value|
|grp_fu_2354_p_din1                                                                            |  out|   16|  ap_ctrl_hs|                                                     ucb2_bench_top_Outline_TILE_LOOP|  return value|
|grp_fu_2354_p_dout0                                                                           |   in|   16|  ap_ctrl_hs|                                                     ucb2_bench_top_Outline_TILE_LOOP|  return value|
|grp_fu_2354_p_ce                                                                              |  out|    1|  ap_ctrl_hs|                                                     ucb2_bench_top_Outline_TILE_LOOP|  return value|
|grp_fu_2358_p_din0                                                                            |  out|   16|  ap_ctrl_hs|                                                     ucb2_bench_top_Outline_TILE_LOOP|  return value|
|grp_fu_2358_p_din1                                                                            |  out|   16|  ap_ctrl_hs|                                                     ucb2_bench_top_Outline_TILE_LOOP|  return value|
|grp_fu_2358_p_dout0                                                                           |   in|   16|  ap_ctrl_hs|                                                     ucb2_bench_top_Outline_TILE_LOOP|  return value|
|grp_fu_2358_p_ce                                                                              |  out|    1|  ap_ctrl_hs|                                                     ucb2_bench_top_Outline_TILE_LOOP|  return value|
|grp_fu_2362_p_din0                                                                            |  out|   16|  ap_ctrl_hs|                                                     ucb2_bench_top_Outline_TILE_LOOP|  return value|
|grp_fu_2362_p_din1                                                                            |  out|   16|  ap_ctrl_hs|                                                     ucb2_bench_top_Outline_TILE_LOOP|  return value|
|grp_fu_2362_p_dout0                                                                           |   in|   16|  ap_ctrl_hs|                                                     ucb2_bench_top_Outline_TILE_LOOP|  return value|
|grp_fu_2362_p_ce                                                                              |  out|    1|  ap_ctrl_hs|                                                     ucb2_bench_top_Outline_TILE_LOOP|  return value|
|grp_fu_2366_p_din0                                                                            |  out|   16|  ap_ctrl_hs|                                                     ucb2_bench_top_Outline_TILE_LOOP|  return value|
|grp_fu_2366_p_din1                                                                            |  out|   16|  ap_ctrl_hs|                                                     ucb2_bench_top_Outline_TILE_LOOP|  return value|
|grp_fu_2366_p_dout0                                                                           |   in|   16|  ap_ctrl_hs|                                                     ucb2_bench_top_Outline_TILE_LOOP|  return value|
|grp_fu_2366_p_ce                                                                              |  out|    1|  ap_ctrl_hs|                                                     ucb2_bench_top_Outline_TILE_LOOP|  return value|
|grp_fu_2370_p_din0                                                                            |  out|   16|  ap_ctrl_hs|                                                     ucb2_bench_top_Outline_TILE_LOOP|  return value|
|grp_fu_2370_p_din1                                                                            |  out|   16|  ap_ctrl_hs|                                                     ucb2_bench_top_Outline_TILE_LOOP|  return value|
|grp_fu_2370_p_dout0                                                                           |   in|   16|  ap_ctrl_hs|                                                     ucb2_bench_top_Outline_TILE_LOOP|  return value|
|grp_fu_2370_p_ce                                                                              |  out|    1|  ap_ctrl_hs|                                                     ucb2_bench_top_Outline_TILE_LOOP|  return value|
|grp_fu_2374_p_din0                                                                            |  out|   16|  ap_ctrl_hs|                                                     ucb2_bench_top_Outline_TILE_LOOP|  return value|
|grp_fu_2374_p_din1                                                                            |  out|   16|  ap_ctrl_hs|                                                     ucb2_bench_top_Outline_TILE_LOOP|  return value|
|grp_fu_2374_p_dout0                                                                           |   in|   16|  ap_ctrl_hs|                                                     ucb2_bench_top_Outline_TILE_LOOP|  return value|
|grp_fu_2374_p_ce                                                                              |  out|    1|  ap_ctrl_hs|                                                     ucb2_bench_top_Outline_TILE_LOOP|  return value|
|grp_fu_2378_p_din0                                                                            |  out|   16|  ap_ctrl_hs|                                                     ucb2_bench_top_Outline_TILE_LOOP|  return value|
|grp_fu_2378_p_din1                                                                            |  out|   16|  ap_ctrl_hs|                                                     ucb2_bench_top_Outline_TILE_LOOP|  return value|
|grp_fu_2378_p_dout0                                                                           |   in|   16|  ap_ctrl_hs|                                                     ucb2_bench_top_Outline_TILE_LOOP|  return value|
|grp_fu_2378_p_ce                                                                              |  out|    1|  ap_ctrl_hs|                                                     ucb2_bench_top_Outline_TILE_LOOP|  return value|
|grp_fu_2382_p_din0                                                                            |  out|   16|  ap_ctrl_hs|                                                     ucb2_bench_top_Outline_TILE_LOOP|  return value|
|grp_fu_2382_p_din1                                                                            |  out|   16|  ap_ctrl_hs|                                                     ucb2_bench_top_Outline_TILE_LOOP|  return value|
|grp_fu_2382_p_dout0                                                                           |   in|   16|  ap_ctrl_hs|                                                     ucb2_bench_top_Outline_TILE_LOOP|  return value|
|grp_fu_2382_p_ce                                                                              |  out|    1|  ap_ctrl_hs|                                                     ucb2_bench_top_Outline_TILE_LOOP|  return value|
|grp_fu_2386_p_din0                                                                            |  out|   16|  ap_ctrl_hs|                                                     ucb2_bench_top_Outline_TILE_LOOP|  return value|
|grp_fu_2386_p_din1                                                                            |  out|   16|  ap_ctrl_hs|                                                     ucb2_bench_top_Outline_TILE_LOOP|  return value|
|grp_fu_2386_p_dout0                                                                           |   in|   16|  ap_ctrl_hs|                                                     ucb2_bench_top_Outline_TILE_LOOP|  return value|
|grp_fu_2386_p_ce                                                                              |  out|    1|  ap_ctrl_hs|                                                     ucb2_bench_top_Outline_TILE_LOOP|  return value|
|grp_fu_2390_p_din0                                                                            |  out|   16|  ap_ctrl_hs|                                                     ucb2_bench_top_Outline_TILE_LOOP|  return value|
|grp_fu_2390_p_din1                                                                            |  out|   16|  ap_ctrl_hs|                                                     ucb2_bench_top_Outline_TILE_LOOP|  return value|
|grp_fu_2390_p_dout0                                                                           |   in|   16|  ap_ctrl_hs|                                                     ucb2_bench_top_Outline_TILE_LOOP|  return value|
|grp_fu_2390_p_ce                                                                              |  out|    1|  ap_ctrl_hs|                                                     ucb2_bench_top_Outline_TILE_LOOP|  return value|
|grp_fu_2394_p_din0                                                                            |  out|   16|  ap_ctrl_hs|                                                     ucb2_bench_top_Outline_TILE_LOOP|  return value|
|grp_fu_2394_p_din1                                                                            |  out|   16|  ap_ctrl_hs|                                                     ucb2_bench_top_Outline_TILE_LOOP|  return value|
|grp_fu_2394_p_dout0                                                                           |   in|   16|  ap_ctrl_hs|                                                     ucb2_bench_top_Outline_TILE_LOOP|  return value|
|grp_fu_2394_p_ce                                                                              |  out|    1|  ap_ctrl_hs|                                                     ucb2_bench_top_Outline_TILE_LOOP|  return value|
|grp_fu_2398_p_din0                                                                            |  out|   16|  ap_ctrl_hs|                                                     ucb2_bench_top_Outline_TILE_LOOP|  return value|
|grp_fu_2398_p_din1                                                                            |  out|   16|  ap_ctrl_hs|                                                     ucb2_bench_top_Outline_TILE_LOOP|  return value|
|grp_fu_2398_p_dout0                                                                           |   in|   16|  ap_ctrl_hs|                                                     ucb2_bench_top_Outline_TILE_LOOP|  return value|
|grp_fu_2398_p_ce                                                                              |  out|    1|  ap_ctrl_hs|                                                     ucb2_bench_top_Outline_TILE_LOOP|  return value|
|grp_fu_2402_p_din0                                                                            |  out|   16|  ap_ctrl_hs|                                                     ucb2_bench_top_Outline_TILE_LOOP|  return value|
|grp_fu_2402_p_din1                                                                            |  out|   16|  ap_ctrl_hs|                                                     ucb2_bench_top_Outline_TILE_LOOP|  return value|
|grp_fu_2402_p_dout0                                                                           |   in|   16|  ap_ctrl_hs|                                                     ucb2_bench_top_Outline_TILE_LOOP|  return value|
|grp_fu_2402_p_ce                                                                              |  out|    1|  ap_ctrl_hs|                                                     ucb2_bench_top_Outline_TILE_LOOP|  return value|
|grp_fu_2406_p_din0                                                                            |  out|   16|  ap_ctrl_hs|                                                     ucb2_bench_top_Outline_TILE_LOOP|  return value|
|grp_fu_2406_p_din1                                                                            |  out|   16|  ap_ctrl_hs|                                                     ucb2_bench_top_Outline_TILE_LOOP|  return value|
|grp_fu_2406_p_dout0                                                                           |   in|   16|  ap_ctrl_hs|                                                     ucb2_bench_top_Outline_TILE_LOOP|  return value|
|grp_fu_2406_p_ce                                                                              |  out|    1|  ap_ctrl_hs|                                                     ucb2_bench_top_Outline_TILE_LOOP|  return value|
|grp_fu_2410_p_din0                                                                            |  out|   16|  ap_ctrl_hs|                                                     ucb2_bench_top_Outline_TILE_LOOP|  return value|
|grp_fu_2410_p_din1                                                                            |  out|   16|  ap_ctrl_hs|                                                     ucb2_bench_top_Outline_TILE_LOOP|  return value|
|grp_fu_2410_p_dout0                                                                           |   in|   16|  ap_ctrl_hs|                                                     ucb2_bench_top_Outline_TILE_LOOP|  return value|
|grp_fu_2410_p_ce                                                                              |  out|    1|  ap_ctrl_hs|                                                     ucb2_bench_top_Outline_TILE_LOOP|  return value|
|grp_fu_2414_p_din0                                                                            |  out|   16|  ap_ctrl_hs|                                                     ucb2_bench_top_Outline_TILE_LOOP|  return value|
|grp_fu_2414_p_din1                                                                            |  out|   16|  ap_ctrl_hs|                                                     ucb2_bench_top_Outline_TILE_LOOP|  return value|
|grp_fu_2414_p_dout0                                                                           |   in|   16|  ap_ctrl_hs|                                                     ucb2_bench_top_Outline_TILE_LOOP|  return value|
|grp_fu_2414_p_ce                                                                              |  out|    1|  ap_ctrl_hs|                                                     ucb2_bench_top_Outline_TILE_LOOP|  return value|
|grp_fu_2418_p_din0                                                                            |  out|   16|  ap_ctrl_hs|                                                     ucb2_bench_top_Outline_TILE_LOOP|  return value|
|grp_fu_2418_p_din1                                                                            |  out|   16|  ap_ctrl_hs|                                                     ucb2_bench_top_Outline_TILE_LOOP|  return value|
|grp_fu_2418_p_dout0                                                                           |   in|   16|  ap_ctrl_hs|                                                     ucb2_bench_top_Outline_TILE_LOOP|  return value|
|grp_fu_2418_p_ce                                                                              |  out|    1|  ap_ctrl_hs|                                                     ucb2_bench_top_Outline_TILE_LOOP|  return value|
|grp_fu_2422_p_din0                                                                            |  out|   16|  ap_ctrl_hs|                                                     ucb2_bench_top_Outline_TILE_LOOP|  return value|
|grp_fu_2422_p_din1                                                                            |  out|   16|  ap_ctrl_hs|                                                     ucb2_bench_top_Outline_TILE_LOOP|  return value|
|grp_fu_2422_p_dout0                                                                           |   in|   16|  ap_ctrl_hs|                                                     ucb2_bench_top_Outline_TILE_LOOP|  return value|
|grp_fu_2422_p_ce                                                                              |  out|    1|  ap_ctrl_hs|                                                     ucb2_bench_top_Outline_TILE_LOOP|  return value|
|grp_fu_2426_p_din0                                                                            |  out|   16|  ap_ctrl_hs|                                                     ucb2_bench_top_Outline_TILE_LOOP|  return value|
|grp_fu_2426_p_din1                                                                            |  out|   16|  ap_ctrl_hs|                                                     ucb2_bench_top_Outline_TILE_LOOP|  return value|
|grp_fu_2426_p_dout0                                                                           |   in|   16|  ap_ctrl_hs|                                                     ucb2_bench_top_Outline_TILE_LOOP|  return value|
|grp_fu_2426_p_ce                                                                              |  out|    1|  ap_ctrl_hs|                                                     ucb2_bench_top_Outline_TILE_LOOP|  return value|
|grp_fu_2430_p_din0                                                                            |  out|   16|  ap_ctrl_hs|                                                     ucb2_bench_top_Outline_TILE_LOOP|  return value|
|grp_fu_2430_p_din1                                                                            |  out|   16|  ap_ctrl_hs|                                                     ucb2_bench_top_Outline_TILE_LOOP|  return value|
|grp_fu_2430_p_dout0                                                                           |   in|   16|  ap_ctrl_hs|                                                     ucb2_bench_top_Outline_TILE_LOOP|  return value|
|grp_fu_2430_p_ce                                                                              |  out|    1|  ap_ctrl_hs|                                                     ucb2_bench_top_Outline_TILE_LOOP|  return value|
|grp_fu_2434_p_din0                                                                            |  out|   16|  ap_ctrl_hs|                                                     ucb2_bench_top_Outline_TILE_LOOP|  return value|
|grp_fu_2434_p_din1                                                                            |  out|   16|  ap_ctrl_hs|                                                     ucb2_bench_top_Outline_TILE_LOOP|  return value|
|grp_fu_2434_p_dout0                                                                           |   in|   16|  ap_ctrl_hs|                                                     ucb2_bench_top_Outline_TILE_LOOP|  return value|
|grp_fu_2434_p_ce                                                                              |  out|    1|  ap_ctrl_hs|                                                     ucb2_bench_top_Outline_TILE_LOOP|  return value|
|grp_fu_2438_p_din0                                                                            |  out|   16|  ap_ctrl_hs|                                                     ucb2_bench_top_Outline_TILE_LOOP|  return value|
|grp_fu_2438_p_din1                                                                            |  out|   16|  ap_ctrl_hs|                                                     ucb2_bench_top_Outline_TILE_LOOP|  return value|
|grp_fu_2438_p_dout0                                                                           |   in|   16|  ap_ctrl_hs|                                                     ucb2_bench_top_Outline_TILE_LOOP|  return value|
|grp_fu_2438_p_ce                                                                              |  out|    1|  ap_ctrl_hs|                                                     ucb2_bench_top_Outline_TILE_LOOP|  return value|
|grp_fu_2442_p_din0                                                                            |  out|   16|  ap_ctrl_hs|                                                     ucb2_bench_top_Outline_TILE_LOOP|  return value|
|grp_fu_2442_p_din1                                                                            |  out|   16|  ap_ctrl_hs|                                                     ucb2_bench_top_Outline_TILE_LOOP|  return value|
|grp_fu_2442_p_dout0                                                                           |   in|   16|  ap_ctrl_hs|                                                     ucb2_bench_top_Outline_TILE_LOOP|  return value|
|grp_fu_2442_p_ce                                                                              |  out|    1|  ap_ctrl_hs|                                                     ucb2_bench_top_Outline_TILE_LOOP|  return value|
|grp_fu_2446_p_din0                                                                            |  out|   16|  ap_ctrl_hs|                                                     ucb2_bench_top_Outline_TILE_LOOP|  return value|
|grp_fu_2446_p_din1                                                                            |  out|   16|  ap_ctrl_hs|                                                     ucb2_bench_top_Outline_TILE_LOOP|  return value|
|grp_fu_2446_p_dout0                                                                           |   in|   16|  ap_ctrl_hs|                                                     ucb2_bench_top_Outline_TILE_LOOP|  return value|
|grp_fu_2446_p_ce                                                                              |  out|    1|  ap_ctrl_hs|                                                     ucb2_bench_top_Outline_TILE_LOOP|  return value|
|grp_fu_2450_p_din0                                                                            |  out|   16|  ap_ctrl_hs|                                                     ucb2_bench_top_Outline_TILE_LOOP|  return value|
|grp_fu_2450_p_din1                                                                            |  out|   16|  ap_ctrl_hs|                                                     ucb2_bench_top_Outline_TILE_LOOP|  return value|
|grp_fu_2450_p_dout0                                                                           |   in|   16|  ap_ctrl_hs|                                                     ucb2_bench_top_Outline_TILE_LOOP|  return value|
|grp_fu_2450_p_ce                                                                              |  out|    1|  ap_ctrl_hs|                                                     ucb2_bench_top_Outline_TILE_LOOP|  return value|
|grp_fu_2454_p_din0                                                                            |  out|   16|  ap_ctrl_hs|                                                     ucb2_bench_top_Outline_TILE_LOOP|  return value|
|grp_fu_2454_p_din1                                                                            |  out|   16|  ap_ctrl_hs|                                                     ucb2_bench_top_Outline_TILE_LOOP|  return value|
|grp_fu_2454_p_dout0                                                                           |   in|   16|  ap_ctrl_hs|                                                     ucb2_bench_top_Outline_TILE_LOOP|  return value|
|grp_fu_2454_p_ce                                                                              |  out|    1|  ap_ctrl_hs|                                                     ucb2_bench_top_Outline_TILE_LOOP|  return value|
|grp_fu_2458_p_din0                                                                            |  out|   16|  ap_ctrl_hs|                                                     ucb2_bench_top_Outline_TILE_LOOP|  return value|
|grp_fu_2458_p_din1                                                                            |  out|   16|  ap_ctrl_hs|                                                     ucb2_bench_top_Outline_TILE_LOOP|  return value|
|grp_fu_2458_p_dout0                                                                           |   in|   16|  ap_ctrl_hs|                                                     ucb2_bench_top_Outline_TILE_LOOP|  return value|
|grp_fu_2458_p_ce                                                                              |  out|    1|  ap_ctrl_hs|                                                     ucb2_bench_top_Outline_TILE_LOOP|  return value|
|grp_fu_2462_p_din0                                                                            |  out|   16|  ap_ctrl_hs|                                                     ucb2_bench_top_Outline_TILE_LOOP|  return value|
|grp_fu_2462_p_din1                                                                            |  out|   16|  ap_ctrl_hs|                                                     ucb2_bench_top_Outline_TILE_LOOP|  return value|
|grp_fu_2462_p_dout0                                                                           |   in|   16|  ap_ctrl_hs|                                                     ucb2_bench_top_Outline_TILE_LOOP|  return value|
|grp_fu_2462_p_ce                                                                              |  out|    1|  ap_ctrl_hs|                                                     ucb2_bench_top_Outline_TILE_LOOP|  return value|
|grp_fu_2466_p_din0                                                                            |  out|   16|  ap_ctrl_hs|                                                     ucb2_bench_top_Outline_TILE_LOOP|  return value|
|grp_fu_2466_p_din1                                                                            |  out|   16|  ap_ctrl_hs|                                                     ucb2_bench_top_Outline_TILE_LOOP|  return value|
|grp_fu_2466_p_dout0                                                                           |   in|   16|  ap_ctrl_hs|                                                     ucb2_bench_top_Outline_TILE_LOOP|  return value|
|grp_fu_2466_p_ce                                                                              |  out|    1|  ap_ctrl_hs|                                                     ucb2_bench_top_Outline_TILE_LOOP|  return value|
|grp_fu_2470_p_din0                                                                            |  out|   16|  ap_ctrl_hs|                                                     ucb2_bench_top_Outline_TILE_LOOP|  return value|
|grp_fu_2470_p_din1                                                                            |  out|   16|  ap_ctrl_hs|                                                     ucb2_bench_top_Outline_TILE_LOOP|  return value|
|grp_fu_2470_p_dout0                                                                           |   in|   16|  ap_ctrl_hs|                                                     ucb2_bench_top_Outline_TILE_LOOP|  return value|
|grp_fu_2470_p_ce                                                                              |  out|    1|  ap_ctrl_hs|                                                     ucb2_bench_top_Outline_TILE_LOOP|  return value|
|grp_fu_2474_p_din0                                                                            |  out|   16|  ap_ctrl_hs|                                                     ucb2_bench_top_Outline_TILE_LOOP|  return value|
|grp_fu_2474_p_din1                                                                            |  out|   16|  ap_ctrl_hs|                                                     ucb2_bench_top_Outline_TILE_LOOP|  return value|
|grp_fu_2474_p_dout0                                                                           |   in|   16|  ap_ctrl_hs|                                                     ucb2_bench_top_Outline_TILE_LOOP|  return value|
|grp_fu_2474_p_ce                                                                              |  out|    1|  ap_ctrl_hs|                                                     ucb2_bench_top_Outline_TILE_LOOP|  return value|
|grp_fu_2478_p_din0                                                                            |  out|   16|  ap_ctrl_hs|                                                     ucb2_bench_top_Outline_TILE_LOOP|  return value|
|grp_fu_2478_p_din1                                                                            |  out|   16|  ap_ctrl_hs|                                                     ucb2_bench_top_Outline_TILE_LOOP|  return value|
|grp_fu_2478_p_dout0                                                                           |   in|   16|  ap_ctrl_hs|                                                     ucb2_bench_top_Outline_TILE_LOOP|  return value|
|grp_fu_2478_p_ce                                                                              |  out|    1|  ap_ctrl_hs|                                                     ucb2_bench_top_Outline_TILE_LOOP|  return value|
|grp_fu_2482_p_din0                                                                            |  out|   16|  ap_ctrl_hs|                                                     ucb2_bench_top_Outline_TILE_LOOP|  return value|
|grp_fu_2482_p_din1                                                                            |  out|   16|  ap_ctrl_hs|                                                     ucb2_bench_top_Outline_TILE_LOOP|  return value|
|grp_fu_2482_p_dout0                                                                           |   in|   16|  ap_ctrl_hs|                                                     ucb2_bench_top_Outline_TILE_LOOP|  return value|
|grp_fu_2482_p_ce                                                                              |  out|    1|  ap_ctrl_hs|                                                     ucb2_bench_top_Outline_TILE_LOOP|  return value|
|grp_fu_2486_p_din0                                                                            |  out|   16|  ap_ctrl_hs|                                                     ucb2_bench_top_Outline_TILE_LOOP|  return value|
|grp_fu_2486_p_din1                                                                            |  out|   16|  ap_ctrl_hs|                                                     ucb2_bench_top_Outline_TILE_LOOP|  return value|
|grp_fu_2486_p_dout0                                                                           |   in|   16|  ap_ctrl_hs|                                                     ucb2_bench_top_Outline_TILE_LOOP|  return value|
|grp_fu_2486_p_ce                                                                              |  out|    1|  ap_ctrl_hs|                                                     ucb2_bench_top_Outline_TILE_LOOP|  return value|
|grp_fu_2490_p_din0                                                                            |  out|   16|  ap_ctrl_hs|                                                     ucb2_bench_top_Outline_TILE_LOOP|  return value|
|grp_fu_2490_p_din1                                                                            |  out|   16|  ap_ctrl_hs|                                                     ucb2_bench_top_Outline_TILE_LOOP|  return value|
|grp_fu_2490_p_dout0                                                                           |   in|   16|  ap_ctrl_hs|                                                     ucb2_bench_top_Outline_TILE_LOOP|  return value|
|grp_fu_2490_p_ce                                                                              |  out|    1|  ap_ctrl_hs|                                                     ucb2_bench_top_Outline_TILE_LOOP|  return value|
|grp_fu_2494_p_din0                                                                            |  out|   16|  ap_ctrl_hs|                                                     ucb2_bench_top_Outline_TILE_LOOP|  return value|
|grp_fu_2494_p_din1                                                                            |  out|   16|  ap_ctrl_hs|                                                     ucb2_bench_top_Outline_TILE_LOOP|  return value|
|grp_fu_2494_p_dout0                                                                           |   in|   16|  ap_ctrl_hs|                                                     ucb2_bench_top_Outline_TILE_LOOP|  return value|
|grp_fu_2494_p_ce                                                                              |  out|    1|  ap_ctrl_hs|                                                     ucb2_bench_top_Outline_TILE_LOOP|  return value|
|grp_fu_2498_p_din0                                                                            |  out|   16|  ap_ctrl_hs|                                                     ucb2_bench_top_Outline_TILE_LOOP|  return value|
|grp_fu_2498_p_din1                                                                            |  out|   16|  ap_ctrl_hs|                                                     ucb2_bench_top_Outline_TILE_LOOP|  return value|
|grp_fu_2498_p_dout0                                                                           |   in|   16|  ap_ctrl_hs|                                                     ucb2_bench_top_Outline_TILE_LOOP|  return value|
|grp_fu_2498_p_ce                                                                              |  out|    1|  ap_ctrl_hs|                                                     ucb2_bench_top_Outline_TILE_LOOP|  return value|
|grp_fu_2502_p_din0                                                                            |  out|   16|  ap_ctrl_hs|                                                     ucb2_bench_top_Outline_TILE_LOOP|  return value|
|grp_fu_2502_p_din1                                                                            |  out|   16|  ap_ctrl_hs|                                                     ucb2_bench_top_Outline_TILE_LOOP|  return value|
|grp_fu_2502_p_dout0                                                                           |   in|   16|  ap_ctrl_hs|                                                     ucb2_bench_top_Outline_TILE_LOOP|  return value|
|grp_fu_2502_p_ce                                                                              |  out|    1|  ap_ctrl_hs|                                                     ucb2_bench_top_Outline_TILE_LOOP|  return value|
|grp_fu_2506_p_din0                                                                            |  out|   16|  ap_ctrl_hs|                                                     ucb2_bench_top_Outline_TILE_LOOP|  return value|
|grp_fu_2506_p_din1                                                                            |  out|   16|  ap_ctrl_hs|                                                     ucb2_bench_top_Outline_TILE_LOOP|  return value|
|grp_fu_2506_p_dout0                                                                           |   in|   16|  ap_ctrl_hs|                                                     ucb2_bench_top_Outline_TILE_LOOP|  return value|
|grp_fu_2506_p_ce                                                                              |  out|    1|  ap_ctrl_hs|                                                     ucb2_bench_top_Outline_TILE_LOOP|  return value|
|grp_fu_2510_p_din0                                                                            |  out|   16|  ap_ctrl_hs|                                                     ucb2_bench_top_Outline_TILE_LOOP|  return value|
|grp_fu_2510_p_din1                                                                            |  out|   16|  ap_ctrl_hs|                                                     ucb2_bench_top_Outline_TILE_LOOP|  return value|
|grp_fu_2510_p_dout0                                                                           |   in|   16|  ap_ctrl_hs|                                                     ucb2_bench_top_Outline_TILE_LOOP|  return value|
|grp_fu_2510_p_ce                                                                              |  out|    1|  ap_ctrl_hs|                                                     ucb2_bench_top_Outline_TILE_LOOP|  return value|
|grp_fu_2514_p_din0                                                                            |  out|   16|  ap_ctrl_hs|                                                     ucb2_bench_top_Outline_TILE_LOOP|  return value|
|grp_fu_2514_p_din1                                                                            |  out|   16|  ap_ctrl_hs|                                                     ucb2_bench_top_Outline_TILE_LOOP|  return value|
|grp_fu_2514_p_dout0                                                                           |   in|   16|  ap_ctrl_hs|                                                     ucb2_bench_top_Outline_TILE_LOOP|  return value|
|grp_fu_2514_p_ce                                                                              |  out|    1|  ap_ctrl_hs|                                                     ucb2_bench_top_Outline_TILE_LOOP|  return value|
|grp_fu_2518_p_din0                                                                            |  out|   16|  ap_ctrl_hs|                                                     ucb2_bench_top_Outline_TILE_LOOP|  return value|
|grp_fu_2518_p_din1                                                                            |  out|   16|  ap_ctrl_hs|                                                     ucb2_bench_top_Outline_TILE_LOOP|  return value|
|grp_fu_2518_p_dout0                                                                           |   in|   16|  ap_ctrl_hs|                                                     ucb2_bench_top_Outline_TILE_LOOP|  return value|
|grp_fu_2518_p_ce                                                                              |  out|    1|  ap_ctrl_hs|                                                     ucb2_bench_top_Outline_TILE_LOOP|  return value|
|grp_fu_2522_p_din0                                                                            |  out|   16|  ap_ctrl_hs|                                                     ucb2_bench_top_Outline_TILE_LOOP|  return value|
|grp_fu_2522_p_din1                                                                            |  out|   16|  ap_ctrl_hs|                                                     ucb2_bench_top_Outline_TILE_LOOP|  return value|
|grp_fu_2522_p_dout0                                                                           |   in|   16|  ap_ctrl_hs|                                                     ucb2_bench_top_Outline_TILE_LOOP|  return value|
|grp_fu_2522_p_ce                                                                              |  out|    1|  ap_ctrl_hs|                                                     ucb2_bench_top_Outline_TILE_LOOP|  return value|
|grp_fu_2526_p_din0                                                                            |  out|   16|  ap_ctrl_hs|                                                     ucb2_bench_top_Outline_TILE_LOOP|  return value|
|grp_fu_2526_p_din1                                                                            |  out|   16|  ap_ctrl_hs|                                                     ucb2_bench_top_Outline_TILE_LOOP|  return value|
|grp_fu_2526_p_dout0                                                                           |   in|   16|  ap_ctrl_hs|                                                     ucb2_bench_top_Outline_TILE_LOOP|  return value|
|grp_fu_2526_p_ce                                                                              |  out|    1|  ap_ctrl_hs|                                                     ucb2_bench_top_Outline_TILE_LOOP|  return value|
|grp_fu_2530_p_din0                                                                            |  out|   16|  ap_ctrl_hs|                                                     ucb2_bench_top_Outline_TILE_LOOP|  return value|
|grp_fu_2530_p_din1                                                                            |  out|   16|  ap_ctrl_hs|                                                     ucb2_bench_top_Outline_TILE_LOOP|  return value|
|grp_fu_2530_p_dout0                                                                           |   in|   16|  ap_ctrl_hs|                                                     ucb2_bench_top_Outline_TILE_LOOP|  return value|
|grp_fu_2530_p_ce                                                                              |  out|    1|  ap_ctrl_hs|                                                     ucb2_bench_top_Outline_TILE_LOOP|  return value|
|grp_fu_2534_p_din0                                                                            |  out|   16|  ap_ctrl_hs|                                                     ucb2_bench_top_Outline_TILE_LOOP|  return value|
|grp_fu_2534_p_din1                                                                            |  out|   16|  ap_ctrl_hs|                                                     ucb2_bench_top_Outline_TILE_LOOP|  return value|
|grp_fu_2534_p_dout0                                                                           |   in|   16|  ap_ctrl_hs|                                                     ucb2_bench_top_Outline_TILE_LOOP|  return value|
|grp_fu_2534_p_ce                                                                              |  out|    1|  ap_ctrl_hs|                                                     ucb2_bench_top_Outline_TILE_LOOP|  return value|
|grp_fu_2538_p_din0                                                                            |  out|   16|  ap_ctrl_hs|                                                     ucb2_bench_top_Outline_TILE_LOOP|  return value|
|grp_fu_2538_p_din1                                                                            |  out|   16|  ap_ctrl_hs|                                                     ucb2_bench_top_Outline_TILE_LOOP|  return value|
|grp_fu_2538_p_dout0                                                                           |   in|   16|  ap_ctrl_hs|                                                     ucb2_bench_top_Outline_TILE_LOOP|  return value|
|grp_fu_2538_p_ce                                                                              |  out|    1|  ap_ctrl_hs|                                                     ucb2_bench_top_Outline_TILE_LOOP|  return value|
|m_axi_gmem_weight_0_AWVALID                                                                   |  out|    1|       m_axi|                                                                          gmem_weight|       pointer|
|m_axi_gmem_weight_0_AWREADY                                                                   |   in|    1|       m_axi|                                                                          gmem_weight|       pointer|
|m_axi_gmem_weight_0_AWADDR                                                                    |  out|   64|       m_axi|                                                                          gmem_weight|       pointer|
|m_axi_gmem_weight_0_AWID                                                                      |  out|    1|       m_axi|                                                                          gmem_weight|       pointer|
|m_axi_gmem_weight_0_AWLEN                                                                     |  out|   32|       m_axi|                                                                          gmem_weight|       pointer|
|m_axi_gmem_weight_0_AWSIZE                                                                    |  out|    3|       m_axi|                                                                          gmem_weight|       pointer|
|m_axi_gmem_weight_0_AWBURST                                                                   |  out|    2|       m_axi|                                                                          gmem_weight|       pointer|
|m_axi_gmem_weight_0_AWLOCK                                                                    |  out|    2|       m_axi|                                                                          gmem_weight|       pointer|
|m_axi_gmem_weight_0_AWCACHE                                                                   |  out|    4|       m_axi|                                                                          gmem_weight|       pointer|
|m_axi_gmem_weight_0_AWPROT                                                                    |  out|    3|       m_axi|                                                                          gmem_weight|       pointer|
|m_axi_gmem_weight_0_AWQOS                                                                     |  out|    4|       m_axi|                                                                          gmem_weight|       pointer|
|m_axi_gmem_weight_0_AWREGION                                                                  |  out|    4|       m_axi|                                                                          gmem_weight|       pointer|
|m_axi_gmem_weight_0_AWUSER                                                                    |  out|    1|       m_axi|                                                                          gmem_weight|       pointer|
|m_axi_gmem_weight_0_WVALID                                                                    |  out|    1|       m_axi|                                                                          gmem_weight|       pointer|
|m_axi_gmem_weight_0_WREADY                                                                    |   in|    1|       m_axi|                                                                          gmem_weight|       pointer|
|m_axi_gmem_weight_0_WDATA                                                                     |  out|  256|       m_axi|                                                                          gmem_weight|       pointer|
|m_axi_gmem_weight_0_WSTRB                                                                     |  out|   32|       m_axi|                                                                          gmem_weight|       pointer|
|m_axi_gmem_weight_0_WLAST                                                                     |  out|    1|       m_axi|                                                                          gmem_weight|       pointer|
|m_axi_gmem_weight_0_WID                                                                       |  out|    1|       m_axi|                                                                          gmem_weight|       pointer|
|m_axi_gmem_weight_0_WUSER                                                                     |  out|    1|       m_axi|                                                                          gmem_weight|       pointer|
|m_axi_gmem_weight_0_ARVALID                                                                   |  out|    1|       m_axi|                                                                          gmem_weight|       pointer|
|m_axi_gmem_weight_0_ARREADY                                                                   |   in|    1|       m_axi|                                                                          gmem_weight|       pointer|
|m_axi_gmem_weight_0_ARADDR                                                                    |  out|   64|       m_axi|                                                                          gmem_weight|       pointer|
|m_axi_gmem_weight_0_ARID                                                                      |  out|    1|       m_axi|                                                                          gmem_weight|       pointer|
|m_axi_gmem_weight_0_ARLEN                                                                     |  out|   32|       m_axi|                                                                          gmem_weight|       pointer|
|m_axi_gmem_weight_0_ARSIZE                                                                    |  out|    3|       m_axi|                                                                          gmem_weight|       pointer|
|m_axi_gmem_weight_0_ARBURST                                                                   |  out|    2|       m_axi|                                                                          gmem_weight|       pointer|
|m_axi_gmem_weight_0_ARLOCK                                                                    |  out|    2|       m_axi|                                                                          gmem_weight|       pointer|
|m_axi_gmem_weight_0_ARCACHE                                                                   |  out|    4|       m_axi|                                                                          gmem_weight|       pointer|
|m_axi_gmem_weight_0_ARPROT                                                                    |  out|    3|       m_axi|                                                                          gmem_weight|       pointer|
|m_axi_gmem_weight_0_ARQOS                                                                     |  out|    4|       m_axi|                                                                          gmem_weight|       pointer|
|m_axi_gmem_weight_0_ARREGION                                                                  |  out|    4|       m_axi|                                                                          gmem_weight|       pointer|
|m_axi_gmem_weight_0_ARUSER                                                                    |  out|    1|       m_axi|                                                                          gmem_weight|       pointer|
|m_axi_gmem_weight_0_RVALID                                                                    |   in|    1|       m_axi|                                                                          gmem_weight|       pointer|
|m_axi_gmem_weight_0_RREADY                                                                    |  out|    1|       m_axi|                                                                          gmem_weight|       pointer|
|m_axi_gmem_weight_0_RDATA                                                                     |   in|  256|       m_axi|                                                                          gmem_weight|       pointer|
|m_axi_gmem_weight_0_RLAST                                                                     |   in|    1|       m_axi|                                                                          gmem_weight|       pointer|
|m_axi_gmem_weight_0_RID                                                                       |   in|    1|       m_axi|                                                                          gmem_weight|       pointer|
|m_axi_gmem_weight_0_RFIFONUM                                                                  |   in|   11|       m_axi|                                                                          gmem_weight|       pointer|
|m_axi_gmem_weight_0_RUSER                                                                     |   in|    1|       m_axi|                                                                          gmem_weight|       pointer|
|m_axi_gmem_weight_0_RRESP                                                                     |   in|    2|       m_axi|                                                                          gmem_weight|       pointer|
|m_axi_gmem_weight_0_BVALID                                                                    |   in|    1|       m_axi|                                                                          gmem_weight|       pointer|
|m_axi_gmem_weight_0_BREADY                                                                    |  out|    1|       m_axi|                                                                          gmem_weight|       pointer|
|m_axi_gmem_weight_0_BRESP                                                                     |   in|    2|       m_axi|                                                                          gmem_weight|       pointer|
|m_axi_gmem_weight_0_BID                                                                       |   in|    1|       m_axi|                                                                          gmem_weight|       pointer|
|m_axi_gmem_weight_0_BUSER                                                                     |   in|    1|       m_axi|                                                                          gmem_weight|       pointer|
|sext_ln102                                                                                    |   in|   59|     ap_none|                                                                           sext_ln102|        scalar|
|x_buf_address0                                                                                |  out|   11|   ap_memory|                                                                                x_buf|         array|
|x_buf_ce0                                                                                     |  out|    1|   ap_memory|                                                                                x_buf|         array|
|x_buf_q0                                                                                      |   in|  256|   ap_memory|                                                                                x_buf|         array|
|void_UpConv_Fused_Row_Bench_ap_uint_ap_uint_const_ap_uint_const_ap_uint_const_9_address0      |  out|   13|   ap_memory|      void_UpConv_Fused_Row_Bench_ap_uint_ap_uint_const_ap_uint_const_ap_uint_const_9|         array|
|void_UpConv_Fused_Row_Bench_ap_uint_ap_uint_const_ap_uint_const_ap_uint_const_9_ce0           |  out|    1|   ap_memory|      void_UpConv_Fused_Row_Bench_ap_uint_ap_uint_const_ap_uint_const_ap_uint_const_9|         array|
|void_UpConv_Fused_Row_Bench_ap_uint_ap_uint_const_ap_uint_const_ap_uint_const_9_we0           |  out|    1|   ap_memory|      void_UpConv_Fused_Row_Bench_ap_uint_ap_uint_const_ap_uint_const_ap_uint_const_9|         array|
|void_UpConv_Fused_Row_Bench_ap_uint_ap_uint_const_ap_uint_const_ap_uint_const_9_d0            |  out|   16|   ap_memory|      void_UpConv_Fused_Row_Bench_ap_uint_ap_uint_const_ap_uint_const_ap_uint_const_9|         array|
|void_UpConv_Fused_Row_Bench_ap_uint_ap_uint_const_ap_uint_const_ap_uint_const_9_address1      |  out|   13|   ap_memory|      void_UpConv_Fused_Row_Bench_ap_uint_ap_uint_const_ap_uint_const_ap_uint_const_9|         array|
|void_UpConv_Fused_Row_Bench_ap_uint_ap_uint_const_ap_uint_const_ap_uint_const_9_ce1           |  out|    1|   ap_memory|      void_UpConv_Fused_Row_Bench_ap_uint_ap_uint_const_ap_uint_const_ap_uint_const_9|         array|
|void_UpConv_Fused_Row_Bench_ap_uint_ap_uint_const_ap_uint_const_ap_uint_const_9_q1            |   in|   16|   ap_memory|      void_UpConv_Fused_Row_Bench_ap_uint_ap_uint_const_ap_uint_const_ap_uint_const_9|         array|
|void_UpConv_Fused_Row_Bench_ap_uint_ap_uint_const_ap_uint_const_ap_uint_const_8_address0      |  out|   13|   ap_memory|      void_UpConv_Fused_Row_Bench_ap_uint_ap_uint_const_ap_uint_const_ap_uint_const_8|         array|
|void_UpConv_Fused_Row_Bench_ap_uint_ap_uint_const_ap_uint_const_ap_uint_const_8_ce0           |  out|    1|   ap_memory|      void_UpConv_Fused_Row_Bench_ap_uint_ap_uint_const_ap_uint_const_ap_uint_const_8|         array|
|void_UpConv_Fused_Row_Bench_ap_uint_ap_uint_const_ap_uint_const_ap_uint_const_8_we0           |  out|    1|   ap_memory|      void_UpConv_Fused_Row_Bench_ap_uint_ap_uint_const_ap_uint_const_ap_uint_const_8|         array|
|void_UpConv_Fused_Row_Bench_ap_uint_ap_uint_const_ap_uint_const_ap_uint_const_8_d0            |  out|   16|   ap_memory|      void_UpConv_Fused_Row_Bench_ap_uint_ap_uint_const_ap_uint_const_ap_uint_const_8|         array|
|void_UpConv_Fused_Row_Bench_ap_uint_ap_uint_const_ap_uint_const_ap_uint_const_8_address1      |  out|   13|   ap_memory|      void_UpConv_Fused_Row_Bench_ap_uint_ap_uint_const_ap_uint_const_ap_uint_const_8|         array|
|void_UpConv_Fused_Row_Bench_ap_uint_ap_uint_const_ap_uint_const_ap_uint_const_8_ce1           |  out|    1|   ap_memory|      void_UpConv_Fused_Row_Bench_ap_uint_ap_uint_const_ap_uint_const_ap_uint_const_8|         array|
|void_UpConv_Fused_Row_Bench_ap_uint_ap_uint_const_ap_uint_const_ap_uint_const_8_q1            |   in|   16|   ap_memory|      void_UpConv_Fused_Row_Bench_ap_uint_ap_uint_const_ap_uint_const_ap_uint_const_8|         array|
|void_UpConv_Fused_Row_Bench_ap_uint_ap_uint_const_ap_uint_const_ap_uint_const_7_address0      |  out|   13|   ap_memory|      void_UpConv_Fused_Row_Bench_ap_uint_ap_uint_const_ap_uint_const_ap_uint_const_7|         array|
|void_UpConv_Fused_Row_Bench_ap_uint_ap_uint_const_ap_uint_const_ap_uint_const_7_ce0           |  out|    1|   ap_memory|      void_UpConv_Fused_Row_Bench_ap_uint_ap_uint_const_ap_uint_const_ap_uint_const_7|         array|
|void_UpConv_Fused_Row_Bench_ap_uint_ap_uint_const_ap_uint_const_ap_uint_const_7_we0           |  out|    1|   ap_memory|      void_UpConv_Fused_Row_Bench_ap_uint_ap_uint_const_ap_uint_const_ap_uint_const_7|         array|
|void_UpConv_Fused_Row_Bench_ap_uint_ap_uint_const_ap_uint_const_ap_uint_const_7_d0            |  out|   16|   ap_memory|      void_UpConv_Fused_Row_Bench_ap_uint_ap_uint_const_ap_uint_const_ap_uint_const_7|         array|
|void_UpConv_Fused_Row_Bench_ap_uint_ap_uint_const_ap_uint_const_ap_uint_const_7_address1      |  out|   13|   ap_memory|      void_UpConv_Fused_Row_Bench_ap_uint_ap_uint_const_ap_uint_const_ap_uint_const_7|         array|
|void_UpConv_Fused_Row_Bench_ap_uint_ap_uint_const_ap_uint_const_ap_uint_const_7_ce1           |  out|    1|   ap_memory|      void_UpConv_Fused_Row_Bench_ap_uint_ap_uint_const_ap_uint_const_ap_uint_const_7|         array|
|void_UpConv_Fused_Row_Bench_ap_uint_ap_uint_const_ap_uint_const_ap_uint_const_7_q1            |   in|   16|   ap_memory|      void_UpConv_Fused_Row_Bench_ap_uint_ap_uint_const_ap_uint_const_ap_uint_const_7|         array|
|void_UpConv_Fused_Row_Bench_ap_uint_ap_uint_const_ap_uint_const_ap_uint_const_6_address0      |  out|   13|   ap_memory|      void_UpConv_Fused_Row_Bench_ap_uint_ap_uint_const_ap_uint_const_ap_uint_const_6|         array|
|void_UpConv_Fused_Row_Bench_ap_uint_ap_uint_const_ap_uint_const_ap_uint_const_6_ce0           |  out|    1|   ap_memory|      void_UpConv_Fused_Row_Bench_ap_uint_ap_uint_const_ap_uint_const_ap_uint_const_6|         array|
|void_UpConv_Fused_Row_Bench_ap_uint_ap_uint_const_ap_uint_const_ap_uint_const_6_we0           |  out|    1|   ap_memory|      void_UpConv_Fused_Row_Bench_ap_uint_ap_uint_const_ap_uint_const_ap_uint_const_6|         array|
|void_UpConv_Fused_Row_Bench_ap_uint_ap_uint_const_ap_uint_const_ap_uint_const_6_d0            |  out|   16|   ap_memory|      void_UpConv_Fused_Row_Bench_ap_uint_ap_uint_const_ap_uint_const_ap_uint_const_6|         array|
|void_UpConv_Fused_Row_Bench_ap_uint_ap_uint_const_ap_uint_const_ap_uint_const_6_address1      |  out|   13|   ap_memory|      void_UpConv_Fused_Row_Bench_ap_uint_ap_uint_const_ap_uint_const_ap_uint_const_6|         array|
|void_UpConv_Fused_Row_Bench_ap_uint_ap_uint_const_ap_uint_const_ap_uint_const_6_ce1           |  out|    1|   ap_memory|      void_UpConv_Fused_Row_Bench_ap_uint_ap_uint_const_ap_uint_const_ap_uint_const_6|         array|
|void_UpConv_Fused_Row_Bench_ap_uint_ap_uint_const_ap_uint_const_ap_uint_const_6_q1            |   in|   16|   ap_memory|      void_UpConv_Fused_Row_Bench_ap_uint_ap_uint_const_ap_uint_const_ap_uint_const_6|         array|
|void_UpConv_Fused_Row_Bench_ap_uint_ap_uint_const_ap_uint_const_ap_uint_const_5_address0      |  out|   13|   ap_memory|      void_UpConv_Fused_Row_Bench_ap_uint_ap_uint_const_ap_uint_const_ap_uint_const_5|         array|
|void_UpConv_Fused_Row_Bench_ap_uint_ap_uint_const_ap_uint_const_ap_uint_const_5_ce0           |  out|    1|   ap_memory|      void_UpConv_Fused_Row_Bench_ap_uint_ap_uint_const_ap_uint_const_ap_uint_const_5|         array|
|void_UpConv_Fused_Row_Bench_ap_uint_ap_uint_const_ap_uint_const_ap_uint_const_5_we0           |  out|    1|   ap_memory|      void_UpConv_Fused_Row_Bench_ap_uint_ap_uint_const_ap_uint_const_ap_uint_const_5|         array|
|void_UpConv_Fused_Row_Bench_ap_uint_ap_uint_const_ap_uint_const_ap_uint_const_5_d0            |  out|   16|   ap_memory|      void_UpConv_Fused_Row_Bench_ap_uint_ap_uint_const_ap_uint_const_ap_uint_const_5|         array|
|void_UpConv_Fused_Row_Bench_ap_uint_ap_uint_const_ap_uint_const_ap_uint_const_5_address1      |  out|   13|   ap_memory|      void_UpConv_Fused_Row_Bench_ap_uint_ap_uint_const_ap_uint_const_ap_uint_const_5|         array|
|void_UpConv_Fused_Row_Bench_ap_uint_ap_uint_const_ap_uint_const_ap_uint_const_5_ce1           |  out|    1|   ap_memory|      void_UpConv_Fused_Row_Bench_ap_uint_ap_uint_const_ap_uint_const_ap_uint_const_5|         array|
|void_UpConv_Fused_Row_Bench_ap_uint_ap_uint_const_ap_uint_const_ap_uint_const_5_q1            |   in|   16|   ap_memory|      void_UpConv_Fused_Row_Bench_ap_uint_ap_uint_const_ap_uint_const_ap_uint_const_5|         array|
|void_UpConv_Fused_Row_Bench_ap_uint_ap_uint_const_ap_uint_const_ap_uint_const_4_address0      |  out|   13|   ap_memory|      void_UpConv_Fused_Row_Bench_ap_uint_ap_uint_const_ap_uint_const_ap_uint_const_4|         array|
|void_UpConv_Fused_Row_Bench_ap_uint_ap_uint_const_ap_uint_const_ap_uint_const_4_ce0           |  out|    1|   ap_memory|      void_UpConv_Fused_Row_Bench_ap_uint_ap_uint_const_ap_uint_const_ap_uint_const_4|         array|
|void_UpConv_Fused_Row_Bench_ap_uint_ap_uint_const_ap_uint_const_ap_uint_const_4_we0           |  out|    1|   ap_memory|      void_UpConv_Fused_Row_Bench_ap_uint_ap_uint_const_ap_uint_const_ap_uint_const_4|         array|
|void_UpConv_Fused_Row_Bench_ap_uint_ap_uint_const_ap_uint_const_ap_uint_const_4_d0            |  out|   16|   ap_memory|      void_UpConv_Fused_Row_Bench_ap_uint_ap_uint_const_ap_uint_const_ap_uint_const_4|         array|
|void_UpConv_Fused_Row_Bench_ap_uint_ap_uint_const_ap_uint_const_ap_uint_const_4_address1      |  out|   13|   ap_memory|      void_UpConv_Fused_Row_Bench_ap_uint_ap_uint_const_ap_uint_const_ap_uint_const_4|         array|
|void_UpConv_Fused_Row_Bench_ap_uint_ap_uint_const_ap_uint_const_ap_uint_const_4_ce1           |  out|    1|   ap_memory|      void_UpConv_Fused_Row_Bench_ap_uint_ap_uint_const_ap_uint_const_ap_uint_const_4|         array|
|void_UpConv_Fused_Row_Bench_ap_uint_ap_uint_const_ap_uint_const_ap_uint_const_4_q1            |   in|   16|   ap_memory|      void_UpConv_Fused_Row_Bench_ap_uint_ap_uint_const_ap_uint_const_ap_uint_const_4|         array|
|void_UpConv_Fused_Row_Bench_ap_uint_ap_uint_const_ap_uint_const_ap_uint_const_3_address0      |  out|   13|   ap_memory|      void_UpConv_Fused_Row_Bench_ap_uint_ap_uint_const_ap_uint_const_ap_uint_const_3|         array|
|void_UpConv_Fused_Row_Bench_ap_uint_ap_uint_const_ap_uint_const_ap_uint_const_3_ce0           |  out|    1|   ap_memory|      void_UpConv_Fused_Row_Bench_ap_uint_ap_uint_const_ap_uint_const_ap_uint_const_3|         array|
|void_UpConv_Fused_Row_Bench_ap_uint_ap_uint_const_ap_uint_const_ap_uint_const_3_we0           |  out|    1|   ap_memory|      void_UpConv_Fused_Row_Bench_ap_uint_ap_uint_const_ap_uint_const_ap_uint_const_3|         array|
|void_UpConv_Fused_Row_Bench_ap_uint_ap_uint_const_ap_uint_const_ap_uint_const_3_d0            |  out|   16|   ap_memory|      void_UpConv_Fused_Row_Bench_ap_uint_ap_uint_const_ap_uint_const_ap_uint_const_3|         array|
|void_UpConv_Fused_Row_Bench_ap_uint_ap_uint_const_ap_uint_const_ap_uint_const_3_address1      |  out|   13|   ap_memory|      void_UpConv_Fused_Row_Bench_ap_uint_ap_uint_const_ap_uint_const_ap_uint_const_3|         array|
|void_UpConv_Fused_Row_Bench_ap_uint_ap_uint_const_ap_uint_const_ap_uint_const_3_ce1           |  out|    1|   ap_memory|      void_UpConv_Fused_Row_Bench_ap_uint_ap_uint_const_ap_uint_const_ap_uint_const_3|         array|
|void_UpConv_Fused_Row_Bench_ap_uint_ap_uint_const_ap_uint_const_ap_uint_const_3_q1            |   in|   16|   ap_memory|      void_UpConv_Fused_Row_Bench_ap_uint_ap_uint_const_ap_uint_const_ap_uint_const_3|         array|
|void_UpConv_Fused_Row_Bench_ap_uint_ap_uint_const_ap_uint_const_ap_uint_const_2_address0      |  out|   13|   ap_memory|      void_UpConv_Fused_Row_Bench_ap_uint_ap_uint_const_ap_uint_const_ap_uint_const_2|         array|
|void_UpConv_Fused_Row_Bench_ap_uint_ap_uint_const_ap_uint_const_ap_uint_const_2_ce0           |  out|    1|   ap_memory|      void_UpConv_Fused_Row_Bench_ap_uint_ap_uint_const_ap_uint_const_ap_uint_const_2|         array|
|void_UpConv_Fused_Row_Bench_ap_uint_ap_uint_const_ap_uint_const_ap_uint_const_2_we0           |  out|    1|   ap_memory|      void_UpConv_Fused_Row_Bench_ap_uint_ap_uint_const_ap_uint_const_ap_uint_const_2|         array|
|void_UpConv_Fused_Row_Bench_ap_uint_ap_uint_const_ap_uint_const_ap_uint_const_2_d0            |  out|   16|   ap_memory|      void_UpConv_Fused_Row_Bench_ap_uint_ap_uint_const_ap_uint_const_ap_uint_const_2|         array|
|void_UpConv_Fused_Row_Bench_ap_uint_ap_uint_const_ap_uint_const_ap_uint_const_2_address1      |  out|   13|   ap_memory|      void_UpConv_Fused_Row_Bench_ap_uint_ap_uint_const_ap_uint_const_ap_uint_const_2|         array|
|void_UpConv_Fused_Row_Bench_ap_uint_ap_uint_const_ap_uint_const_ap_uint_const_2_ce1           |  out|    1|   ap_memory|      void_UpConv_Fused_Row_Bench_ap_uint_ap_uint_const_ap_uint_const_ap_uint_const_2|         array|
|void_UpConv_Fused_Row_Bench_ap_uint_ap_uint_const_ap_uint_const_ap_uint_const_2_q1            |   in|   16|   ap_memory|      void_UpConv_Fused_Row_Bench_ap_uint_ap_uint_const_ap_uint_const_ap_uint_const_2|         array|
|void_UpConv_Fused_Row_Bench_ap_uint_ap_uint_const_ap_uint_const_ap_uint_const_1_address0      |  out|   13|   ap_memory|      void_UpConv_Fused_Row_Bench_ap_uint_ap_uint_const_ap_uint_const_ap_uint_const_1|         array|
|void_UpConv_Fused_Row_Bench_ap_uint_ap_uint_const_ap_uint_const_ap_uint_const_1_ce0           |  out|    1|   ap_memory|      void_UpConv_Fused_Row_Bench_ap_uint_ap_uint_const_ap_uint_const_ap_uint_const_1|         array|
|void_UpConv_Fused_Row_Bench_ap_uint_ap_uint_const_ap_uint_const_ap_uint_const_1_we0           |  out|    1|   ap_memory|      void_UpConv_Fused_Row_Bench_ap_uint_ap_uint_const_ap_uint_const_ap_uint_const_1|         array|
|void_UpConv_Fused_Row_Bench_ap_uint_ap_uint_const_ap_uint_const_ap_uint_const_1_d0            |  out|   16|   ap_memory|      void_UpConv_Fused_Row_Bench_ap_uint_ap_uint_const_ap_uint_const_ap_uint_const_1|         array|
|void_UpConv_Fused_Row_Bench_ap_uint_ap_uint_const_ap_uint_const_ap_uint_const_1_address1      |  out|   13|   ap_memory|      void_UpConv_Fused_Row_Bench_ap_uint_ap_uint_const_ap_uint_const_ap_uint_const_1|         array|
|void_UpConv_Fused_Row_Bench_ap_uint_ap_uint_const_ap_uint_const_ap_uint_const_1_ce1           |  out|    1|   ap_memory|      void_UpConv_Fused_Row_Bench_ap_uint_ap_uint_const_ap_uint_const_ap_uint_const_1|         array|
|void_UpConv_Fused_Row_Bench_ap_uint_ap_uint_const_ap_uint_const_ap_uint_const_1_q1            |   in|   16|   ap_memory|      void_UpConv_Fused_Row_Bench_ap_uint_ap_uint_const_ap_uint_const_ap_uint_const_1|         array|
|void_UpConv_Fused_Row_Bench_ap_uint_ap_uint_const_ap_uint_const_ap_uint_const_address0        |  out|   13|   ap_memory|        void_UpConv_Fused_Row_Bench_ap_uint_ap_uint_const_ap_uint_const_ap_uint_const|         array|
|void_UpConv_Fused_Row_Bench_ap_uint_ap_uint_const_ap_uint_const_ap_uint_const_ce0             |  out|    1|   ap_memory|        void_UpConv_Fused_Row_Bench_ap_uint_ap_uint_const_ap_uint_const_ap_uint_const|         array|
|void_UpConv_Fused_Row_Bench_ap_uint_ap_uint_const_ap_uint_const_ap_uint_const_we0             |  out|    1|   ap_memory|        void_UpConv_Fused_Row_Bench_ap_uint_ap_uint_const_ap_uint_const_ap_uint_const|         array|
|void_UpConv_Fused_Row_Bench_ap_uint_ap_uint_const_ap_uint_const_ap_uint_const_d0              |  out|   16|   ap_memory|        void_UpConv_Fused_Row_Bench_ap_uint_ap_uint_const_ap_uint_const_ap_uint_const|         array|
|void_UpConv_Fused_Row_Bench_ap_uint_ap_uint_const_ap_uint_const_ap_uint_const_address1        |  out|   13|   ap_memory|        void_UpConv_Fused_Row_Bench_ap_uint_ap_uint_const_ap_uint_const_ap_uint_const|         array|
|void_UpConv_Fused_Row_Bench_ap_uint_ap_uint_const_ap_uint_const_ap_uint_const_ce1             |  out|    1|   ap_memory|        void_UpConv_Fused_Row_Bench_ap_uint_ap_uint_const_ap_uint_const_ap_uint_const|         array|
|void_UpConv_Fused_Row_Bench_ap_uint_ap_uint_const_ap_uint_const_ap_uint_const_q1              |   in|   16|   ap_memory|        void_UpConv_Fused_Row_Bench_ap_uint_ap_uint_const_ap_uint_const_ap_uint_const|         array|
|p_ZZ22UpConv_Fused_Row_BenchILi8EEvP7ap_uintILi256EEPKS1_S4_S4_S4_S2_DhiiiiiE7row_5_address0  |  out|   13|   ap_memory|  p_ZZ22UpConv_Fused_Row_BenchILi8EEvP7ap_uintILi256EEPKS1_S4_S4_S4_S2_DhiiiiiE7row_5|         array|
|p_ZZ22UpConv_Fused_Row_BenchILi8EEvP7ap_uintILi256EEPKS1_S4_S4_S4_S2_DhiiiiiE7row_5_ce0       |  out|    1|   ap_memory|  p_ZZ22UpConv_Fused_Row_BenchILi8EEvP7ap_uintILi256EEPKS1_S4_S4_S4_S2_DhiiiiiE7row_5|         array|
|p_ZZ22UpConv_Fused_Row_BenchILi8EEvP7ap_uintILi256EEPKS1_S4_S4_S4_S2_DhiiiiiE7row_5_we0       |  out|    1|   ap_memory|  p_ZZ22UpConv_Fused_Row_BenchILi8EEvP7ap_uintILi256EEPKS1_S4_S4_S4_S2_DhiiiiiE7row_5|         array|
|p_ZZ22UpConv_Fused_Row_BenchILi8EEvP7ap_uintILi256EEPKS1_S4_S4_S4_S2_DhiiiiiE7row_5_d0        |  out|   16|   ap_memory|  p_ZZ22UpConv_Fused_Row_BenchILi8EEvP7ap_uintILi256EEPKS1_S4_S4_S4_S2_DhiiiiiE7row_5|         array|
|p_ZZ22UpConv_Fused_Row_BenchILi8EEvP7ap_uintILi256EEPKS1_S4_S4_S4_S2_DhiiiiiE7row_5_address1  |  out|   13|   ap_memory|  p_ZZ22UpConv_Fused_Row_BenchILi8EEvP7ap_uintILi256EEPKS1_S4_S4_S4_S2_DhiiiiiE7row_5|         array|
|p_ZZ22UpConv_Fused_Row_BenchILi8EEvP7ap_uintILi256EEPKS1_S4_S4_S4_S2_DhiiiiiE7row_5_ce1       |  out|    1|   ap_memory|  p_ZZ22UpConv_Fused_Row_BenchILi8EEvP7ap_uintILi256EEPKS1_S4_S4_S4_S2_DhiiiiiE7row_5|         array|
|p_ZZ22UpConv_Fused_Row_BenchILi8EEvP7ap_uintILi256EEPKS1_S4_S4_S4_S2_DhiiiiiE7row_5_q1        |   in|   16|   ap_memory|  p_ZZ22UpConv_Fused_Row_BenchILi8EEvP7ap_uintILi256EEPKS1_S4_S4_S4_S2_DhiiiiiE7row_5|         array|
|p_ZZ22UpConv_Fused_Row_BenchILi8EEvP7ap_uintILi256EEPKS1_S4_S4_S4_S2_DhiiiiiE7row_4_address0  |  out|   13|   ap_memory|  p_ZZ22UpConv_Fused_Row_BenchILi8EEvP7ap_uintILi256EEPKS1_S4_S4_S4_S2_DhiiiiiE7row_4|         array|
|p_ZZ22UpConv_Fused_Row_BenchILi8EEvP7ap_uintILi256EEPKS1_S4_S4_S4_S2_DhiiiiiE7row_4_ce0       |  out|    1|   ap_memory|  p_ZZ22UpConv_Fused_Row_BenchILi8EEvP7ap_uintILi256EEPKS1_S4_S4_S4_S2_DhiiiiiE7row_4|         array|
|p_ZZ22UpConv_Fused_Row_BenchILi8EEvP7ap_uintILi256EEPKS1_S4_S4_S4_S2_DhiiiiiE7row_4_we0       |  out|    1|   ap_memory|  p_ZZ22UpConv_Fused_Row_BenchILi8EEvP7ap_uintILi256EEPKS1_S4_S4_S4_S2_DhiiiiiE7row_4|         array|
|p_ZZ22UpConv_Fused_Row_BenchILi8EEvP7ap_uintILi256EEPKS1_S4_S4_S4_S2_DhiiiiiE7row_4_d0        |  out|   16|   ap_memory|  p_ZZ22UpConv_Fused_Row_BenchILi8EEvP7ap_uintILi256EEPKS1_S4_S4_S4_S2_DhiiiiiE7row_4|         array|
|p_ZZ22UpConv_Fused_Row_BenchILi8EEvP7ap_uintILi256EEPKS1_S4_S4_S4_S2_DhiiiiiE7row_4_address1  |  out|   13|   ap_memory|  p_ZZ22UpConv_Fused_Row_BenchILi8EEvP7ap_uintILi256EEPKS1_S4_S4_S4_S2_DhiiiiiE7row_4|         array|
|p_ZZ22UpConv_Fused_Row_BenchILi8EEvP7ap_uintILi256EEPKS1_S4_S4_S4_S2_DhiiiiiE7row_4_ce1       |  out|    1|   ap_memory|  p_ZZ22UpConv_Fused_Row_BenchILi8EEvP7ap_uintILi256EEPKS1_S4_S4_S4_S2_DhiiiiiE7row_4|         array|
|p_ZZ22UpConv_Fused_Row_BenchILi8EEvP7ap_uintILi256EEPKS1_S4_S4_S4_S2_DhiiiiiE7row_4_q1        |   in|   16|   ap_memory|  p_ZZ22UpConv_Fused_Row_BenchILi8EEvP7ap_uintILi256EEPKS1_S4_S4_S4_S2_DhiiiiiE7row_4|         array|
|p_ZZ22UpConv_Fused_Row_BenchILi8EEvP7ap_uintILi256EEPKS1_S4_S4_S4_S2_DhiiiiiE7row_3_address0  |  out|   13|   ap_memory|  p_ZZ22UpConv_Fused_Row_BenchILi8EEvP7ap_uintILi256EEPKS1_S4_S4_S4_S2_DhiiiiiE7row_3|         array|
|p_ZZ22UpConv_Fused_Row_BenchILi8EEvP7ap_uintILi256EEPKS1_S4_S4_S4_S2_DhiiiiiE7row_3_ce0       |  out|    1|   ap_memory|  p_ZZ22UpConv_Fused_Row_BenchILi8EEvP7ap_uintILi256EEPKS1_S4_S4_S4_S2_DhiiiiiE7row_3|         array|
|p_ZZ22UpConv_Fused_Row_BenchILi8EEvP7ap_uintILi256EEPKS1_S4_S4_S4_S2_DhiiiiiE7row_3_we0       |  out|    1|   ap_memory|  p_ZZ22UpConv_Fused_Row_BenchILi8EEvP7ap_uintILi256EEPKS1_S4_S4_S4_S2_DhiiiiiE7row_3|         array|
|p_ZZ22UpConv_Fused_Row_BenchILi8EEvP7ap_uintILi256EEPKS1_S4_S4_S4_S2_DhiiiiiE7row_3_d0        |  out|   16|   ap_memory|  p_ZZ22UpConv_Fused_Row_BenchILi8EEvP7ap_uintILi256EEPKS1_S4_S4_S4_S2_DhiiiiiE7row_3|         array|
|p_ZZ22UpConv_Fused_Row_BenchILi8EEvP7ap_uintILi256EEPKS1_S4_S4_S4_S2_DhiiiiiE7row_3_address1  |  out|   13|   ap_memory|  p_ZZ22UpConv_Fused_Row_BenchILi8EEvP7ap_uintILi256EEPKS1_S4_S4_S4_S2_DhiiiiiE7row_3|         array|
|p_ZZ22UpConv_Fused_Row_BenchILi8EEvP7ap_uintILi256EEPKS1_S4_S4_S4_S2_DhiiiiiE7row_3_ce1       |  out|    1|   ap_memory|  p_ZZ22UpConv_Fused_Row_BenchILi8EEvP7ap_uintILi256EEPKS1_S4_S4_S4_S2_DhiiiiiE7row_3|         array|
|p_ZZ22UpConv_Fused_Row_BenchILi8EEvP7ap_uintILi256EEPKS1_S4_S4_S4_S2_DhiiiiiE7row_3_q1        |   in|   16|   ap_memory|  p_ZZ22UpConv_Fused_Row_BenchILi8EEvP7ap_uintILi256EEPKS1_S4_S4_S4_S2_DhiiiiiE7row_3|         array|
|p_ZZ22UpConv_Fused_Row_BenchILi8EEvP7ap_uintILi256EEPKS1_S4_S4_S4_S2_DhiiiiiE7row_2_address0  |  out|   13|   ap_memory|  p_ZZ22UpConv_Fused_Row_BenchILi8EEvP7ap_uintILi256EEPKS1_S4_S4_S4_S2_DhiiiiiE7row_2|         array|
|p_ZZ22UpConv_Fused_Row_BenchILi8EEvP7ap_uintILi256EEPKS1_S4_S4_S4_S2_DhiiiiiE7row_2_ce0       |  out|    1|   ap_memory|  p_ZZ22UpConv_Fused_Row_BenchILi8EEvP7ap_uintILi256EEPKS1_S4_S4_S4_S2_DhiiiiiE7row_2|         array|
|p_ZZ22UpConv_Fused_Row_BenchILi8EEvP7ap_uintILi256EEPKS1_S4_S4_S4_S2_DhiiiiiE7row_2_we0       |  out|    1|   ap_memory|  p_ZZ22UpConv_Fused_Row_BenchILi8EEvP7ap_uintILi256EEPKS1_S4_S4_S4_S2_DhiiiiiE7row_2|         array|
|p_ZZ22UpConv_Fused_Row_BenchILi8EEvP7ap_uintILi256EEPKS1_S4_S4_S4_S2_DhiiiiiE7row_2_d0        |  out|   16|   ap_memory|  p_ZZ22UpConv_Fused_Row_BenchILi8EEvP7ap_uintILi256EEPKS1_S4_S4_S4_S2_DhiiiiiE7row_2|         array|
|p_ZZ22UpConv_Fused_Row_BenchILi8EEvP7ap_uintILi256EEPKS1_S4_S4_S4_S2_DhiiiiiE7row_2_address1  |  out|   13|   ap_memory|  p_ZZ22UpConv_Fused_Row_BenchILi8EEvP7ap_uintILi256EEPKS1_S4_S4_S4_S2_DhiiiiiE7row_2|         array|
|p_ZZ22UpConv_Fused_Row_BenchILi8EEvP7ap_uintILi256EEPKS1_S4_S4_S4_S2_DhiiiiiE7row_2_ce1       |  out|    1|   ap_memory|  p_ZZ22UpConv_Fused_Row_BenchILi8EEvP7ap_uintILi256EEPKS1_S4_S4_S4_S2_DhiiiiiE7row_2|         array|
|p_ZZ22UpConv_Fused_Row_BenchILi8EEvP7ap_uintILi256EEPKS1_S4_S4_S4_S2_DhiiiiiE7row_2_q1        |   in|   16|   ap_memory|  p_ZZ22UpConv_Fused_Row_BenchILi8EEvP7ap_uintILi256EEPKS1_S4_S4_S4_S2_DhiiiiiE7row_2|         array|
|p_ZZ22UpConv_Fused_Row_BenchILi8EEvP7ap_uintILi256EEPKS1_S4_S4_S4_S2_DhiiiiiE7row_1_address0  |  out|   13|   ap_memory|  p_ZZ22UpConv_Fused_Row_BenchILi8EEvP7ap_uintILi256EEPKS1_S4_S4_S4_S2_DhiiiiiE7row_1|         array|
|p_ZZ22UpConv_Fused_Row_BenchILi8EEvP7ap_uintILi256EEPKS1_S4_S4_S4_S2_DhiiiiiE7row_1_ce0       |  out|    1|   ap_memory|  p_ZZ22UpConv_Fused_Row_BenchILi8EEvP7ap_uintILi256EEPKS1_S4_S4_S4_S2_DhiiiiiE7row_1|         array|
|p_ZZ22UpConv_Fused_Row_BenchILi8EEvP7ap_uintILi256EEPKS1_S4_S4_S4_S2_DhiiiiiE7row_1_we0       |  out|    1|   ap_memory|  p_ZZ22UpConv_Fused_Row_BenchILi8EEvP7ap_uintILi256EEPKS1_S4_S4_S4_S2_DhiiiiiE7row_1|         array|
|p_ZZ22UpConv_Fused_Row_BenchILi8EEvP7ap_uintILi256EEPKS1_S4_S4_S4_S2_DhiiiiiE7row_1_d0        |  out|   16|   ap_memory|  p_ZZ22UpConv_Fused_Row_BenchILi8EEvP7ap_uintILi256EEPKS1_S4_S4_S4_S2_DhiiiiiE7row_1|         array|
|p_ZZ22UpConv_Fused_Row_BenchILi8EEvP7ap_uintILi256EEPKS1_S4_S4_S4_S2_DhiiiiiE7row_1_address1  |  out|   13|   ap_memory|  p_ZZ22UpConv_Fused_Row_BenchILi8EEvP7ap_uintILi256EEPKS1_S4_S4_S4_S2_DhiiiiiE7row_1|         array|
|p_ZZ22UpConv_Fused_Row_BenchILi8EEvP7ap_uintILi256EEPKS1_S4_S4_S4_S2_DhiiiiiE7row_1_ce1       |  out|    1|   ap_memory|  p_ZZ22UpConv_Fused_Row_BenchILi8EEvP7ap_uintILi256EEPKS1_S4_S4_S4_S2_DhiiiiiE7row_1|         array|
|p_ZZ22UpConv_Fused_Row_BenchILi8EEvP7ap_uintILi256EEPKS1_S4_S4_S4_S2_DhiiiiiE7row_1_q1        |   in|   16|   ap_memory|  p_ZZ22UpConv_Fused_Row_BenchILi8EEvP7ap_uintILi256EEPKS1_S4_S4_S4_S2_DhiiiiiE7row_1|         array|
|p_ZZ22UpConv_Fused_Row_BenchILi8EEvP7ap_uintILi256EEPKS1_S4_S4_S4_S2_DhiiiiiE7row_address0    |  out|   13|   ap_memory|    p_ZZ22UpConv_Fused_Row_BenchILi8EEvP7ap_uintILi256EEPKS1_S4_S4_S4_S2_DhiiiiiE7row|         array|
|p_ZZ22UpConv_Fused_Row_BenchILi8EEvP7ap_uintILi256EEPKS1_S4_S4_S4_S2_DhiiiiiE7row_ce0         |  out|    1|   ap_memory|    p_ZZ22UpConv_Fused_Row_BenchILi8EEvP7ap_uintILi256EEPKS1_S4_S4_S4_S2_DhiiiiiE7row|         array|
|p_ZZ22UpConv_Fused_Row_BenchILi8EEvP7ap_uintILi256EEPKS1_S4_S4_S4_S2_DhiiiiiE7row_we0         |  out|    1|   ap_memory|    p_ZZ22UpConv_Fused_Row_BenchILi8EEvP7ap_uintILi256EEPKS1_S4_S4_S4_S2_DhiiiiiE7row|         array|
|p_ZZ22UpConv_Fused_Row_BenchILi8EEvP7ap_uintILi256EEPKS1_S4_S4_S4_S2_DhiiiiiE7row_d0          |  out|   16|   ap_memory|    p_ZZ22UpConv_Fused_Row_BenchILi8EEvP7ap_uintILi256EEPKS1_S4_S4_S4_S2_DhiiiiiE7row|         array|
|p_ZZ22UpConv_Fused_Row_BenchILi8EEvP7ap_uintILi256EEPKS1_S4_S4_S4_S2_DhiiiiiE7row_address1    |  out|   13|   ap_memory|    p_ZZ22UpConv_Fused_Row_BenchILi8EEvP7ap_uintILi256EEPKS1_S4_S4_S4_S2_DhiiiiiE7row|         array|
|p_ZZ22UpConv_Fused_Row_BenchILi8EEvP7ap_uintILi256EEPKS1_S4_S4_S4_S2_DhiiiiiE7row_ce1         |  out|    1|   ap_memory|    p_ZZ22UpConv_Fused_Row_BenchILi8EEvP7ap_uintILi256EEPKS1_S4_S4_S4_S2_DhiiiiiE7row|         array|
|p_ZZ22UpConv_Fused_Row_BenchILi8EEvP7ap_uintILi256EEPKS1_S4_S4_S4_S2_DhiiiiiE7row_q1          |   in|   16|   ap_memory|    p_ZZ22UpConv_Fused_Row_BenchILi8EEvP7ap_uintILi256EEPKS1_S4_S4_S4_S2_DhiiiiiE7row|         array|
+----------------------------------------------------------------------------------------------+-----+-----+------------+-------------------------------------------------------------------------------------+--------------+

