

================================================================
== Synthesis Summary Report of 'ucb1_bench_top'
================================================================
+ General Information: 
    * Date:           Thu May 21 22:54:41 2026
    * Version:        2024.2 (Build 5238294 on Nov  8 2024)
    * Project:        prj
    * Solution:       solution1 (Vitis Kernel Flow Target)
    * Product family: zynquplus
    * Target device:  xczu7ev-ffvc1156-2-e
    

+ Performance & Resource Estimates: 
    
    PS: '+' for module; 'o' for loop; '*' for dataflow
    +-----------------------------------------------------------------------------+--------+-------+----------+-----------+----------+----------+------+----------+------------+-----------+--------------+--------------+----------+
    |                                   Modules                                   |  Issue |       | Latency  |  Latency  | Iteration|          | Trip |          |            |           |              |              |          |
    |                                   & Loops                                   |  Type  | Slack | (cycles) |    (ns)   |  Latency | Interval | Count| Pipelined|    BRAM    |    DSP    |      FF      |      LUT     |   URAM   |
    +-----------------------------------------------------------------------------+--------+-------+----------+-----------+----------+----------+------+----------+------------+-----------+--------------+--------------+----------+
    |+ ucb1_bench_top                                                             |  Timing|  -0.58|  87130537|  2.904e+08|         -|  87130538|     -|        no|  664 (106%)|  567 (32%)|  129998 (28%)|  126732 (55%)|  36 (37%)|
    | + ucb1_bench_top_Pipeline_RESET_ROW_ACC                                     |       -|   0.39|       963|  3.210e+03|         -|       963|     -|        no|           -|          -|      36 (~0%)|     2743 (1%)|         -|
    |  o RESET_ROW_ACC                                                            |      II|   2.43|       961|  3.203e+03|        16|        15|    64|       yes|           -|          -|             -|             -|         -|
    | + ucb1_bench_top_Pipeline_LOAD_ROW0_VITIS_LOOP_287_1                        |  Timing|  -0.00|       964|  3.213e+03|         -|       964|     -|        no|           -|          -|     885 (~0%)|     452 (~0%)|         -|
    |  o LOAD_ROW0_VITIS_LOOP_287_1                                               |       -|   2.43|       962|  3.206e+03|         4|         1|   960|       yes|           -|          -|             -|             -|         -|
    | + ucb1_bench_top_Pipeline_LOAD_PARAMS                                       |  Timing|  -0.00|       119|    396.627|         -|       119|     -|        no|           -|          -|    1276 (~0%)|     641 (~0%)|         -|
    |  o LOAD_PARAMS                                                              |      II|   2.43|       117|    389.961|        76|         3|    15|       yes|           -|          -|             -|             -|         -|
    | + ucb1_bench_top_Outline_TILE_LOOP                                          |  Timing|  -0.56|   1327171|  4.423e+06|         -|   1327171|     -|        no|   120 (19%)|          -|    16629 (3%)|     8958 (3%)|         -|
    |  o TILE_LOOP                                                                |       -|   2.43|   1327170|  4.423e+06|     44239|         -|    30|        no|           -|          -|             -|             -|         -|
    |   + ucb1_bench_top_Pipeline_PRELOAD_W_VITIS_LOOP_108_2_VITIS_LOOP_109_3     |  Timing|  -0.56|      2164|  7.213e+03|         -|      2164|     -|        no|           -|          -|     901 (~0%)|     547 (~0%)|         -|
    |    o PRELOAD_W_VITIS_LOOP_108_2_VITIS_LOOP_109_3                            |       -|   2.43|      2162|  7.206e+03|         4|         1|  2160|       yes|           -|          -|             -|             -|         -|
    |   o KH_LOOP                                                                 |       -|   2.43|     42072|  1.402e+05|     14024|         -|     3|        no|           -|          -|             -|             -|         -|
    |    o KW_LOOP                                                                |       -|   2.43|     14022|  4.674e+04|      4674|         -|     3|        no|           -|          -|             -|             -|         -|
    |     o WI_LOOP                                                               |       -|   2.43|      4672|  1.557e+04|       146|         -|    32|        no|           -|          -|             -|             -|         -|
    |      + ucb1_bench_top_Pipeline_CI_LOOP                                      |       -|   0.10|       123|    409.959|         -|       123|     -|        no|           -|          -|    15174 (3%)|     4735 (2%)|         -|
    |       o CI_LOOP                                                             |       -|   2.43|       121|    403.293|        93|         1|    30|       yes|           -|          -|             -|             -|         -|
    | + ucb1_bench_top_Pipeline_RESET_ROW_ACC15                                   |       -|   0.39|       963|  3.210e+03|         -|       963|     -|        no|           -|          -|      36 (~0%)|     2743 (1%)|         -|
    |  o RESET_ROW_ACC                                                            |      II|   2.43|       961|  3.203e+03|        16|        15|    64|       yes|           -|          -|             -|             -|         -|
    | + ucb1_bench_top_Pipeline_LOAD_PARAMS19                                     |  Timing|  -0.00|       119|    396.627|         -|       119|     -|        no|           -|          -|    1276 (~0%)|     641 (~0%)|         -|
    |  o LOAD_PARAMS                                                              |      II|   2.43|       117|    389.961|        76|         3|    15|       yes|           -|          -|             -|             -|         -|
    | + ucb1_bench_top_Outline_TILE_LOOP16                                        |  Timing|  -0.56|   1327171|  4.423e+06|         -|   1327171|     -|        no|   120 (19%)|          -|    16630 (3%)|     8979 (3%)|         -|
    |  o TILE_LOOP                                                                |       -|   2.43|   1327170|  4.423e+06|     44239|         -|    30|        no|           -|          -|             -|             -|         -|
    |   + ucb1_bench_top_Pipeline_PRELOAD_W_VITIS_LOOP_108_2_VITIS_LOOP_109_317   |  Timing|  -0.56|      2164|  7.213e+03|         -|      2164|     -|        no|           -|          -|     901 (~0%)|     547 (~0%)|         -|
    |    o PRELOAD_W_VITIS_LOOP_108_2_VITIS_LOOP_109_3                            |       -|   2.43|      2162|  7.206e+03|         4|         1|  2160|       yes|           -|          -|             -|             -|         -|
    |   o KH_LOOP                                                                 |       -|   2.43|     42072|  1.402e+05|     14024|         -|     3|        no|           -|          -|             -|             -|         -|
    |    o KW_LOOP                                                                |       -|   2.43|     14022|  4.674e+04|      4674|         -|     3|        no|           -|          -|             -|             -|         -|
    |     o WI_LOOP                                                               |       -|   2.43|      4672|  1.557e+04|       146|         -|    32|        no|           -|          -|             -|             -|         -|
    |      + ucb1_bench_top_Pipeline_CI_LOOP18                                    |       -|   0.10|       123|    409.959|         -|       123|     -|        no|           -|          -|    15174 (3%)|     4736 (2%)|         -|
    |       o CI_LOOP                                                             |       -|   2.43|       121|    403.293|        93|         1|    30|       yes|           -|          -|             -|             -|         -|
    | o PIXEL_NORM                                                                |       -|   2.43|     33152|  1.105e+05|       518|         -|    64|        no|           -|          -|             -|             -|         -|
    |  + ucb1_bench_top_Pipeline_BIAS_STATS                                       |       -|   0.01|       269|    896.577|         -|       269|     -|        no|           -|          -|    2233 (~0%)|    1201 (~0%)|         -|
    |   o BIAS_STATS                                                              |       -|   2.43|       267|    889.911|        29|         1|   240|       yes|           -|          -|             -|             -|         -|
    |  + ucb1_bench_top_Pipeline_NORM_WRITE                                       |  Timing|  -0.00|        39|    129.987|         -|        39|     -|        no|           -|          -|    2491 (~0%)|     411 (~0%)|         -|
    |   o NORM_WRITE                                                              |       -|   2.43|        37|    123.321|        24|         1|    15|       yes|           -|          -|             -|             -|         -|
    | o ROW_LOOP                                                                  |       -|   2.43|  84406707|  2.813e+08|   2722797|         -|    31|        no|           -|          -|             -|             -|         -|
    |  + ucb1_bench_top_Pipeline_LOAD_ROW_VITIS_LOOP_300_2                        |  Timing|  -0.00|       964|  3.213e+03|         -|       964|     -|        no|           -|          -|     881 (~0%)|     463 (~0%)|         -|
    |   o LOAD_ROW_VITIS_LOOP_300_2                                               |       -|   2.43|       962|  3.206e+03|         4|         1|   960|       yes|           -|          -|             -|             -|         -|
    |  + ucb1_bench_top_Pipeline_RESET_ROW_ACC1                                   |       -|   0.39|       963|  3.210e+03|         -|       963|     -|        no|           -|          -|      36 (~0%)|     2743 (1%)|         -|
    |   o RESET_ROW_ACC                                                           |      II|   2.43|       961|  3.203e+03|        16|        15|    64|       yes|           -|          -|             -|             -|         -|
    |  + ucb1_bench_top_Pipeline_LOAD_PARAMS5                                     |  Timing|  -0.00|       119|    396.627|         -|       119|     -|        no|           -|          -|    1276 (~0%)|     641 (~0%)|         -|
    |   o LOAD_PARAMS                                                             |      II|   2.43|       117|    389.961|        76|         3|    15|       yes|           -|          -|             -|             -|         -|
    |  + ucb1_bench_top_Outline_TILE_LOOP2                                        |  Timing|  -0.56|   1327171|  4.423e+06|         -|   1327171|     -|        no|   120 (19%)|          -|    16630 (3%)|     8971 (3%)|         -|
    |   o TILE_LOOP                                                               |       -|   2.43|   1327170|  4.423e+06|     44239|         -|    30|        no|           -|          -|             -|             -|         -|
    |    + ucb1_bench_top_Pipeline_PRELOAD_W_VITIS_LOOP_108_2_VITIS_LOOP_109_33   |  Timing|  -0.56|      2164|  7.213e+03|         -|      2164|     -|        no|           -|          -|     901 (~0%)|     547 (~0%)|         -|
    |     o PRELOAD_W_VITIS_LOOP_108_2_VITIS_LOOP_109_3                           |       -|   2.43|      2162|  7.206e+03|         4|         1|  2160|       yes|           -|          -|             -|             -|         -|
    |    o KH_LOOP                                                                |       -|   2.43|     42072|  1.402e+05|     14024|         -|     3|        no|           -|          -|             -|             -|         -|
    |     o KW_LOOP                                                               |       -|   2.43|     14022|  4.674e+04|      4674|         -|     3|        no|           -|          -|             -|             -|         -|
    |      o WI_LOOP                                                              |       -|   2.43|      4672|  1.557e+04|       146|         -|    32|        no|           -|          -|             -|             -|         -|
    |       + ucb1_bench_top_Pipeline_CI_LOOP4                                    |       -|   0.10|       123|    409.959|         -|       123|     -|        no|           -|          -|    15174 (3%)|     4736 (2%)|         -|
    |        o CI_LOOP                                                            |       -|   2.43|       121|    403.293|        93|         1|    30|       yes|           -|          -|             -|             -|         -|
    |  + ucb1_bench_top_Pipeline_LOAD_PARAMS12                                    |  Timing|  -0.00|       119|    396.627|         -|       119|     -|        no|           -|          -|    1276 (~0%)|     641 (~0%)|         -|
    |   o LOAD_PARAMS                                                             |      II|   2.43|       117|    389.961|        76|         3|    15|       yes|           -|          -|             -|             -|         -|
    |  + ucb1_bench_top_Outline_PIXEL_NORM                                        |  Timing|  -0.34|     33153|  1.105e+05|         -|     33153|     -|        no|           -|          -|     5146 (1%)|     4561 (1%)|         -|
    |   o PIXEL_NORM                                                              |       -|   2.43|     33152|  1.105e+05|       518|         -|    64|        no|           -|          -|             -|             -|         -|
    |    + ucb1_bench_top_Pipeline_BIAS_STATS6                                    |       -|   0.01|       269|    896.577|         -|       269|     -|        no|           -|          -|    2233 (~0%)|    1201 (~0%)|         -|
    |     o BIAS_STATS                                                            |       -|   2.43|       267|    889.911|        29|         1|   240|       yes|           -|          -|             -|             -|         -|
    |    + ucb1_bench_top_Pipeline_NORM_WRITE7                                    |  Timing|  -0.00|        39|    129.987|         -|        39|     -|        no|           -|          -|    2491 (~0%)|     411 (~0%)|         -|
    |     o NORM_WRITE                                                            |       -|   2.43|        37|    123.321|        24|         1|    15|       yes|           -|          -|             -|             -|         -|
    |  + ucb1_bench_top_Pipeline_RESET_ROW_ACC8                                   |       -|   0.39|       963|  3.210e+03|         -|       963|     -|        no|           -|          -|      36 (~0%)|     2743 (1%)|         -|
    |   o RESET_ROW_ACC                                                           |      II|   2.43|       961|  3.203e+03|        16|        15|    64|       yes|           -|          -|             -|             -|         -|
    |  + ucb1_bench_top_Outline_TILE_LOOP9                                        |  Timing|  -0.56|   1327171|  4.423e+06|         -|   1327171|     -|        no|   120 (19%)|          -|    16630 (3%)|     8971 (3%)|         -|
    |   o TILE_LOOP                                                               |       -|   2.43|   1327170|  4.423e+06|     44239|         -|    30|        no|           -|          -|             -|             -|         -|
    |    + ucb1_bench_top_Pipeline_PRELOAD_W_VITIS_LOOP_108_2_VITIS_LOOP_109_310  |  Timing|  -0.56|      2164|  7.213e+03|         -|      2164|     -|        no|           -|          -|     901 (~0%)|     547 (~0%)|         -|
    |     o PRELOAD_W_VITIS_LOOP_108_2_VITIS_LOOP_109_3                           |       -|   2.43|      2162|  7.206e+03|         4|         1|  2160|       yes|           -|          -|             -|             -|         -|
    |    o KH_LOOP                                                                |       -|   2.43|     42072|  1.402e+05|     14024|         -|     3|        no|           -|          -|             -|             -|         -|
    |     o KW_LOOP                                                               |       -|   2.43|     14022|  4.674e+04|      4674|         -|     3|        no|           -|          -|             -|             -|         -|
    |      o WI_LOOP                                                              |       -|   2.43|      4672|  1.557e+04|       146|         -|    32|        no|           -|          -|             -|             -|         -|
    |       + ucb1_bench_top_Pipeline_CI_LOOP11                                   |       -|   0.10|       123|    409.959|         -|       123|     -|        no|           -|          -|    15174 (3%)|     4736 (2%)|         -|
    |        o CI_LOOP                                                            |       -|   2.43|       121|    403.293|        93|         1|    30|       yes|           -|          -|             -|             -|         -|
    |  o PIXEL_NORM                                                               |       -|   2.43|     33152|  1.105e+05|       518|         -|    64|        no|           -|          -|             -|             -|         -|
    |   + ucb1_bench_top_Pipeline_BIAS_STATS13                                    |       -|   0.01|       269|    896.577|         -|       269|     -|        no|           -|          -|    2233 (~0%)|    1201 (~0%)|         -|
    |    o BIAS_STATS                                                             |       -|   2.43|       267|    889.911|        29|         1|   240|       yes|           -|          -|             -|             -|         -|
    |   + ucb1_bench_top_Pipeline_NORM_WRITE14                                    |  Timing|  -0.00|        39|    129.987|         -|        39|     -|        no|           -|          -|    2491 (~0%)|     411 (~0%)|         -|
    |    o NORM_WRITE                                                             |       -|   2.43|        37|    123.321|        24|         1|    15|       yes|           -|          -|             -|             -|         -|
    | o PIXEL_NORM                                                                |       -|   2.43|     33152|  1.105e+05|       518|         -|    64|        no|           -|          -|             -|             -|         -|
    |  + ucb1_bench_top_Pipeline_BIAS_STATS20                                     |       -|   0.01|       269|    896.577|         -|       269|     -|        no|           -|          -|    2233 (~0%)|    1201 (~0%)|         -|
    |   o BIAS_STATS                                                              |       -|   2.43|       267|    889.911|        29|         1|   240|       yes|           -|          -|             -|             -|         -|
    |  + ucb1_bench_top_Pipeline_NORM_WRITE21                                     |  Timing|  -0.00|        39|    129.987|         -|        39|     -|        no|           -|          -|    2491 (~0%)|     411 (~0%)|         -|
    |   o NORM_WRITE                                                              |       -|   2.43|        37|    123.321|        24|         1|    15|       yes|           -|          -|             -|             -|         -|
    +-----------------------------------------------------------------------------+--------+-------+----------+-----------+----------+----------+------+----------+------------+-----------+--------------+--------------+----------+


================================================================
== HW Interfaces
================================================================
* M_AXI
+-------------------+------------+------------+---------------+---------+--------+----------+-----------+--------------+--------------+-------------+-------------+-------------------+
| Interface         | Read/Write | Data Width | Address Width | Latency | Offset | Register | Max Widen | Max Read     | Max Write    | Num Read    | Num Write   | Resource Estimate |
|                   |            | (SW->HW)   |               |         |        |          | Bitwidth  | Burst Length | Burst Length | Outstanding | Outstanding |                   |
+-------------------+------------+------------+---------------+---------+--------+----------+-----------+--------------+--------------+-------------+-------------+-------------------+
| m_axi_gmem_in     | READ_ONLY  | 256 -> 512 | 64            | 64      | slave  | 0        | 512       | 64           | 16           | 16          | 16          | BRAM=29           |
| m_axi_gmem_out    | WRITE_ONLY | 256 -> 256 | 64            | 64      | slave  | 0        | 512       | 16           | 64           | 16          | 16          | BRAM=15           |
| m_axi_gmem_param  | READ_ONLY  | 256 -> 256 | 64            | 64      | slave  | 0        | 512       | 64           | 16           | 16          | 16          | BRAM=15           |
| m_axi_gmem_weight | READ_ONLY  | 256 -> 512 | 64            | 64      | slave  | 0        | 512       | 64           | 16           | 16          | 16          | BRAM=29           |
+-------------------+------------+------------+---------------+---------+--------+----------+-----------+--------------+--------------+-------------+-------------+-------------------+

* S_AXILITE Interfaces
+---------------+------------+---------------+--------+----------+
| Interface     | Data Width | Address Width | Offset | Register |
+---------------+------------+---------------+--------+----------+
| s_axi_control | 32         | 7             | 16     | 0        |
+---------------+------------+---------------+--------+----------+

* S_AXILITE Registers
+---------------+----------+--------+-------+--------+----------------------------------+------------------------------------------------------------------------------------+
| Interface     | Register | Offset | Width | Access | Description                      | Bit Fields                                                                         |
+---------------+----------+--------+-------+--------+----------------------------------+------------------------------------------------------------------------------------+
| s_axi_control | CTRL     | 0x00   | 32    | RW     | Control signals                  | 0=AP_START 1=AP_DONE 2=AP_IDLE 3=AP_READY 4=AP_CONTINUE 7=AUTO_RESTART 9=INTERRUPT |
| s_axi_control | GIER     | 0x04   | 32    | RW     | Global Interrupt Enable Register | 0=Enable                                                                           |
| s_axi_control | IP_IER   | 0x08   | 32    | RW     | IP Interrupt Enable Register     | 0=CHAN0_INT_EN 1=CHAN1_INT_EN                                                      |
| s_axi_control | IP_ISR   | 0x0c   | 32    | RW     | IP Interrupt Status Register     | 0=CHAN0_INT_ST 1=CHAN1_INT_ST                                                      |
| s_axi_control | X_1      | 0x10   | 32    | W      | Data signal of X                 |                                                                                    |
| s_axi_control | X_2      | 0x14   | 32    | W      | Data signal of X                 |                                                                                    |
| s_axi_control | W_1      | 0x1c   | 32    | W      | Data signal of W                 |                                                                                    |
| s_axi_control | W_2      | 0x20   | 32    | W      | Data signal of W                 |                                                                                    |
| s_axi_control | B_1      | 0x28   | 32    | W      | Data signal of B                 |                                                                                    |
| s_axi_control | B_2      | 0x2c   | 32    | W      | Data signal of B                 |                                                                                    |
| s_axi_control | G_1      | 0x34   | 32    | W      | Data signal of G                 |                                                                                    |
| s_axi_control | G_2      | 0x38   | 32    | W      | Data signal of G                 |                                                                                    |
| s_axi_control | BE_1     | 0x40   | 32    | W      | Data signal of BE                |                                                                                    |
| s_axi_control | BE_2     | 0x44   | 32    | W      | Data signal of BE                |                                                                                    |
| s_axi_control | Y_1      | 0x4c   | 32    | W      | Data signal of Y                 |                                                                                    |
| s_axi_control | Y_2      | 0x50   | 32    | W      | Data signal of Y                 |                                                                                    |
| s_axi_control | epsilon  | 0x58   | 32    | W      | Data signal of epsilon           |                                                                                    |
+---------------+----------+--------+-------+--------+----------------------------------+------------------------------------------------------------------------------------+

* TOP LEVEL CONTROL
+-----------+---------------+-----------+
| Interface | Type          | Ports     |
+-----------+---------------+-----------+
| ap_clk    | clock         | ap_clk    |
| ap_rst_n  | reset         | ap_rst_n  |
| interrupt | interrupt     | interrupt |
| ap_ctrl   | ap_ctrl_chain |           |
+-----------+---------------+-----------+


================================================================
== SW I/O Information
================================================================
* Top Function Arguments
+----------+-----------+----------------------+
| Argument | Direction | Datatype             |
+----------+-----------+----------------------+
| X        | in        | ap_uint<256> const * |
| W        | in        | ap_uint<256> const * |
| B        | in        | ap_uint<256> const * |
| G        | in        | ap_uint<256> const * |
| BE       | in        | ap_uint<256> const * |
| Y        | out       | ap_uint<256>*        |
| epsilon  | in        | __fp16               |
+----------+-----------+----------------------+

* SW-to-HW Mapping
+----------+-------------------+-----------+----------+-----------------------------------+
| Argument | HW Interface      | HW Type   | HW Usage | HW Info                           |
+----------+-------------------+-----------+----------+-----------------------------------+
| X        | m_axi_gmem_in     | interface |          | channel=0                         |
| X        | s_axi_control     | register  | offset   | name=X_1 offset=0x10 range=32     |
| X        | s_axi_control     | register  | offset   | name=X_2 offset=0x14 range=32     |
| W        | m_axi_gmem_weight | interface |          | channel=0                         |
| W        | s_axi_control     | register  | offset   | name=W_1 offset=0x1c range=32     |
| W        | s_axi_control     | register  | offset   | name=W_2 offset=0x20 range=32     |
| B        | m_axi_gmem_param  | interface |          | channel=0                         |
| B        | s_axi_control     | register  | offset   | name=B_1 offset=0x28 range=32     |
| B        | s_axi_control     | register  | offset   | name=B_2 offset=0x2c range=32     |
| G        | m_axi_gmem_param  | interface |          | channel=0                         |
| G        | s_axi_control     | register  | offset   | name=G_1 offset=0x34 range=32     |
| G        | s_axi_control     | register  | offset   | name=G_2 offset=0x38 range=32     |
| BE       | m_axi_gmem_param  | interface |          | channel=0                         |
| BE       | s_axi_control     | register  | offset   | name=BE_1 offset=0x40 range=32    |
| BE       | s_axi_control     | register  | offset   | name=BE_2 offset=0x44 range=32    |
| Y        | m_axi_gmem_out    | interface |          | channel=0                         |
| Y        | s_axi_control     | register  | offset   | name=Y_1 offset=0x4c range=32     |
| Y        | s_axi_control     | register  | offset   | name=Y_2 offset=0x50 range=32     |
| epsilon  | s_axi_control     | register  |          | name=epsilon offset=0x58 range=32 |
+----------+-------------------+-----------+----------+-----------------------------------+


================================================================
== M_AXI Burst Information
================================================================
 Note: All burst requests might be further partitioned into multiple requests during RTL generation based on max_read_burst_length or max_write_burst_length settings.

* Inferred Burst Summary
+-------------------+-----------+--------+-------+------------+----------------------+
| HW Interface      | Direction | Length | Width | Loop       | Loop Location        |
+-------------------+-----------+--------+-------+------------+----------------------+
| m_axi_gmem_in     | read      | 480    | 512   |            |                      |
| m_axi_gmem_in     | read      | 14880  | 512   |            |                      |
| m_axi_gmem_out    | write     | 960    | 256   | PIXEL_NORM | bench_top.cpp:196:17 |
| m_axi_gmem_weight | read      | 32400  | 512   |            |                      |
+-------------------+-----------+--------+-------+------------+----------------------+

* All M_AXI Variable Accesses
+-------------------+----------+----------------------+-----------+--------------+--------+------------------+----------------------+------------+----------------------------------------------------------------------------------------+
| HW Interface      | Variable | Access Location      | Direction | Burst Status | Length | Loop             | Loop Location        | Resolution | Problem                                                                                |
+-------------------+----------+----------------------+-----------+--------------+--------+------------------+----------------------+------------+----------------------------------------------------------------------------------------+
| m_axi_gmem_in     | X        | bench_top.cpp:290:42 | read      | Widened      | 480    | VITIS_LOOP_287_1 | bench_top.cpp:287:20 |            |                                                                                        |
| m_axi_gmem_in     | X        | bench_top.cpp:290:42 | read      | Inferred     | 960    | LOAD_ROW0        | bench_top.cpp:285:13 |            |                                                                                        |
| m_axi_gmem_in     | X        | bench_top.cpp:303:45 | read      | Widened      | 14880  | VITIS_LOOP_300_2 | bench_top.cpp:300:20 |            |                                                                                        |
| m_axi_gmem_in     | X        | bench_top.cpp:303:45 | read      | Inferred     | 29760  | ROW_LOOP         | bench_top.cpp:295:15 |            |                                                                                        |
| m_axi_gmem_out    | Y        | bench_top.cpp:243:53 | write     | Widen Fail   |        | NORM_WRITE       | bench_top.cpp:229:21 | 214-235    | Start index of the access is unaligned                                                 |
| m_axi_gmem_out    | Y        | bench_top.cpp:243:53 | write     | Fail         |        | ROW_LOOP         | bench_top.cpp:295:15 | 214-230    | Stride is incompatible                                                                 |
| m_axi_gmem_out    | Y        | bench_top.cpp:243:53 | write     | Inferred     | 960    | PIXEL_NORM       | bench_top.cpp:196:17 |            |                                                                                        |
| m_axi_gmem_param  |          | bench_top.cpp:188:15 | read      | Fail         |        |                  |                      | 214-224    | Could not burst due to multiple potential reads to the same bundle in the same region. |
| m_axi_gmem_param  | B        | bench_top.cpp:191:11 | read      | Widen Fail   |        | LOAD_PARAMS      | bench_top.cpp:188:15 | 214-234    | Sequential access length is not divisible by 2                                         |
| m_axi_gmem_param  | B        | bench_top.cpp:191:11 | read      | Fail         |        | ROW_LOOP         | bench_top.cpp:295:15 | 214-229    | Could not analyze pattern                                                              |
| m_axi_gmem_param  | B        | bench_top.cpp:191:11 | read      | Inferred     | 15     | LOAD_PARAMS      | bench_top.cpp:188:15 |            |                                                                                        |
| m_axi_gmem_param  | G        | bench_top.cpp:192:18 | read      | Widen Fail   |        | LOAD_PARAMS      | bench_top.cpp:188:15 | 214-234    | Sequential access length is not divisible by 2                                         |
| m_axi_gmem_param  | G        | bench_top.cpp:192:18 | read      | Fail         |        | ROW_LOOP         | bench_top.cpp:295:15 | 214-229    | Could not analyze pattern                                                              |
| m_axi_gmem_param  | G        | bench_top.cpp:192:18 | read      | Inferred     | 15     | LOAD_PARAMS      | bench_top.cpp:188:15 |            |                                                                                        |
| m_axi_gmem_param  | BE       | bench_top.cpp:193:19 | read      | Widen Fail   |        | LOAD_PARAMS      | bench_top.cpp:188:15 | 214-234    | Sequential access length is not divisible by 2                                         |
| m_axi_gmem_param  | BE       | bench_top.cpp:193:19 | read      | Fail         |        | ROW_LOOP         | bench_top.cpp:295:15 | 214-229    | Could not analyze pattern                                                              |
| m_axi_gmem_param  | BE       | bench_top.cpp:193:19 | read      | Inferred     | 15     | LOAD_PARAMS      | bench_top.cpp:188:15 |            |                                                                                        |
| m_axi_gmem_weight | W        | bench_top.cpp:112:29 | read      | Widened      | 32400  | VITIS_LOOP_109_3 | bench_top.cpp:109:39 |            |                                                                                        |
| m_axi_gmem_weight | W        | bench_top.cpp:112:29 | read      | Fail         |        | ROW_LOOP         | bench_top.cpp:295:15 | 214-229    | Could not analyze pattern                                                              |
| m_axi_gmem_weight | W        | bench_top.cpp:112:29 | read      | Inferred     | 64800  | TILE_LOOP        | bench_top.cpp:100:13 |            |                                                                                        |
+-------------------+----------+----------------------+-----------+--------------+--------+------------------+----------------------+------------+----------------------------------------------------------------------------------------+

    * Resolution URL: docs.xilinx.com/access/sources/dita/topic?Doc_Version=2024.2%20English&url=ug1448-hls-guidance&resourceid=XXX-YYY.html (replace XXX-YYY with column value)

================================================================
== Bind Op Report
================================================================
+---------------------------------------------------------------------------+-----+--------+-------------------+------------+--------------------------+---------+
| Name                                                                      | DSP | Pragma | Variable          | Op         | Impl                     | Latency |
+---------------------------------------------------------------------------+-----+--------+-------------------+------------+--------------------------+---------+
| + ucb1_bench_top                                                          | 567 |        |                   |            |                          |         |
|   hsub_16ns_16ns_16_5_full_dsp_1_U3508                                    |     |        | empty             | adapter    | m_axi                    | 0       |
|   hmul_16ns_16ns_16_4_max_dsp_1_U3286                                     |     |        | conv300_i         | hptosp     | auto                     | 1       |
|   hsub_16ns_16ns_16_5_full_dsp_1_U3511                                    |     |        | empty_72          | adapter    | m_axi                    | 0       |
|   hcmp_16ns_16ns_1_2_no_dsp_1_U3527                                       |     |        | icmp_ln196        | seteq      | auto                     | 0       |
|   add_ln196_1_fu_1514_p2                                                  |     |        | add_ln196_1       | add        | fabric                   | 0       |
|   hsub_16ns_16ns_16_5_full_dsp_1_U3512                                    |     |        | sub_ln211         | sub        | fabric                   | 0       |
|   faddfsub_32ns_32ns_32_11_full_dsp_1_U3234                               | 2   |        | sum               | fadd       | fulldsp                  | 10      |
|   faddfsub_32ns_32ns_32_11_full_dsp_1_U3234                               | 2   |        | sumsq             | fadd       | fulldsp                  | 10      |
|   hsub_16ns_16ns_16_5_full_dsp_1_U3514                                    | 2   |        | sum_1             | fadd       | fulldsp                  | 10      |
|   hsub_16ns_16ns_16_5_full_dsp_1_U3514                                    | 2   |        | sumsq_1           | fadd       | fulldsp                  | 10      |
|   hmul_16ns_16ns_16_4_max_dsp_1_U3309                                     | 2   |        | sum_2             | fadd       | fulldsp                  | 10      |
|   hadd_16ns_16ns_16_5_full_dsp_1_U3484                                    | 2   |        | sumsq_2           | fadd       | fulldsp                  | 10      |
|   hcmp_16ns_16ns_1_2_no_dsp_1_U3530                                       | 2   |        | sum_3             | fadd       | fulldsp                  | 10      |
|   hcmp_16ns_16ns_1_2_no_dsp_1_U3530                                       | 2   |        | sumsq_3           | fadd       | fulldsp                  | 10      |
|   faddfsub_32ns_32ns_32_11_full_dsp_1_U3234                               | 2   |        | sum_4             | fadd       | fulldsp                  | 10      |
|   faddfsub_32ns_32ns_32_11_full_dsp_1_U3234                               | 2   |        | sumsq_4           | fadd       | fulldsp                  | 10      |
|   hmul_16ns_16ns_16_4_max_dsp_1_U3294                                     | 2   |        | sum_5             | fadd       | fulldsp                  | 10      |
|   hadd_16ns_16ns_16_5_full_dsp_1_U3492                                    | 2   |        | sumsq_5           | fadd       | fulldsp                  | 10      |
|   faddfsub_32ns_32ns_32_11_full_dsp_1_U3234                               | 2   |        | sum_6             | fadd       | fulldsp                  | 10      |
|   faddfsub_32ns_32ns_32_11_full_dsp_1_U3234                               | 2   |        | sumsq_6           | fadd       | fulldsp                  | 10      |
|   hsub_16ns_16ns_16_5_full_dsp_1_U3515                                    | 2   |        | sum_7             | fadd       | fulldsp                  | 10      |
|   hsub_16ns_16ns_16_5_full_dsp_1_U3515                                    | 2   |        | sumsq_7           | fadd       | fulldsp                  | 10      |
|   hadd_16ns_16ns_16_5_full_dsp_1_U3496                                    |     |        | mean              | fdiv       | fabric                   | 29      |
|   hadd_16ns_16ns_16_5_full_dsp_1_U3500                                    |     |        | div297_i          | fdiv       | fabric                   | 29      |
|   hcmp_16ns_16ns_1_2_no_dsp_1_U3531                                       | 3   |        | mul298_i          | fmul       | maxdsp                   | 6       |
|   hcmp_16ns_16ns_1_2_no_dsp_1_U3531                                       | 2   |        | var               | fadd       | fulldsp                  | 10      |
|   hadd_16ns_16ns_16_5_full_dsp_1_U3496                                    | 2   |        | x_assign          | fadd       | fulldsp                  | 10      |
|   hadd_16ns_16ns_16_5_full_dsp_1_U3496                                    |     |        | tmp               | fsqrt      | fabric                   | 27      |
|   hadd_16ns_16ns_16_5_full_dsp_1_U3496                                    |     |        | div303_i          | fdiv       | fabric                   | 29      |
|   hadd_16ns_16ns_16_5_full_dsp_1_U3497                                    |     |        | inv_std           | sptohp     | auto                     | 1       |
|   hadd_16ns_16ns_16_5_full_dsp_1_U3497                                    |     |        | conv341_i         | sptohp     | auto                     | 1       |
|   hcmp_16ns_16ns_1_2_no_dsp_1_U3532                                       |     |        | empty_73          | adapter    | m_axi                    | 0       |
|   hadd_16ns_16ns_16_5_full_dsp_1_U3500                                    |     |        | add_ln295         | add        | fabric                   | 0       |
|   hadd_16ns_16ns_16_5_full_dsp_1_U3501                                    |     |        | empty_74          | adapter    | m_axi                    | 0       |
|   hcmp_16ns_16ns_1_2_no_dsp_1_U3533                                       |     |        | icmp_ln295        | seteq      | auto                     | 0       |
|   hadd_16ns_16ns_16_5_full_dsp_1_U3503                                    |     |        | add_ln295_6       | add        | fabric                   | 0       |
|   hadd_16ns_16ns_16_5_full_dsp_1_U3502                                    |     |        | empty_77          | adapter    | m_axi                    | 0       |
|   hcmp_16ns_16ns_1_2_no_dsp_1_U3536                                       |     |        | sub_ln295         | sub        | fabric                   | 0       |
|   add_ln295_1_fu_1721_p2                                                  |     |        | add_ln295_1       | add        | fabric                   | 0       |
|   hmul_16ns_16ns_16_4_max_dsp_1_U3306                                     |     |        | add_ln295_2       | add        | fabric                   | 0       |
|   hmul_16ns_16ns_16_4_max_dsp_1_U3307                                     |     |        | empty_78          | adapter    | m_axi                    | 0       |
|   hadd_16ns_16ns_16_5_full_dsp_1_U3245                                    |     |        | empty_80          | adapter    | m_axi                    | 0       |
|   add_ln295_3_fu_1745_p2                                                  |     |        | add_ln295_3       | add        | fabric                   | 0       |
|   hadd_16ns_16ns_16_5_full_dsp_1_U3261                                    |     |        | add_ln295_4       | add        | fabric                   | 0       |
|   hadd_16ns_16ns_16_5_full_dsp_1_U3269                                    |     |        | empty_81          | adapter    | m_axi                    | 0       |
|   hmul_16ns_16ns_16_4_max_dsp_1_U3316                                     |     |        | icmp_ln196_2      | seteq      | auto                     | 0       |
|   hadd_16ns_16ns_16_5_full_dsp_1_U3414                                    |     |        | add_ln196_3       | add        | fabric                   | 0       |
|   hmul_16ns_16ns_16_4_max_dsp_1_U3318                                     |     |        | sub_ln211_2       | sub        | fabric                   | 0       |
|   hadd_16ns_16ns_16_5_full_dsp_1_U3470                                    | 2   |        | sum_16            | fadd       | fulldsp                  | 10      |
|   faddfsub_32ns_32ns_32_11_full_dsp_1_U3234                               | 2   |        | sumsq_16          | fadd       | fulldsp                  | 10      |
|   faddfsub_32ns_32ns_32_11_full_dsp_1_U3234                               | 2   |        | sum_17            | fadd       | fulldsp                  | 10      |
|   hmul_16ns_16ns_16_4_max_dsp_1_U3324                                     | 2   |        | sumsq_17          | fadd       | fulldsp                  | 10      |
|   hadd_16ns_16ns_16_5_full_dsp_1_U3478                                    | 2   |        | sum_18            | fadd       | fulldsp                  | 10      |
|   faddfsub_32ns_32ns_32_11_full_dsp_1_U3234                               | 2   |        | sumsq_18          | fadd       | fulldsp                  | 10      |
|   faddfsub_32ns_32ns_32_11_full_dsp_1_U3234                               | 2   |        | sum_19            | fadd       | fulldsp                  | 10      |
|   hmul_16ns_16ns_16_4_max_dsp_1_U3325                                     | 2   |        | sumsq_19          | fadd       | fulldsp                  | 10      |
|   hadd_16ns_16ns_16_5_full_dsp_1_U3486                                    | 2   |        | sum_20            | fadd       | fulldsp                  | 10      |
|   faddfsub_32ns_32ns_32_11_full_dsp_1_U3234                               | 2   |        | sumsq_20          | fadd       | fulldsp                  | 10      |
|   faddfsub_32ns_32ns_32_11_full_dsp_1_U3234                               | 2   |        | sum_21            | fadd       | fulldsp                  | 10      |
|   hmul_16ns_16ns_16_4_max_dsp_1_U3326                                     | 2   |        | sumsq_21          | fadd       | fulldsp                  | 10      |
|   hadd_16ns_16ns_16_5_full_dsp_1_U3494                                    | 2   |        | sum_22            | fadd       | fulldsp                  | 10      |
|   faddfsub_32ns_32ns_32_11_full_dsp_1_U3234                               | 2   |        | sumsq_22          | fadd       | fulldsp                  | 10      |
|   faddfsub_32ns_32ns_32_11_full_dsp_1_U3234                               | 2   |        | sum_23            | fadd       | fulldsp                  | 10      |
|   hmul_16ns_16ns_16_4_max_dsp_1_U3327                                     | 2   |        | sumsq_23          | fadd       | fulldsp                  | 10      |
|   hadd_16ns_16ns_16_5_full_dsp_1_U3502                                    |     |        | mean_2            | fdiv       | fabric                   | 29      |
|   fdiv_32ns_32ns_32_30_no_dsp_1_U3236                                     |     |        | div297_i3         | fdiv       | fabric                   | 29      |
|   fmul_32ns_32ns_32_7_max_dsp_1_U3235                                     | 3   |        | mul298_i3         | fmul       | maxdsp                   | 6       |
|   hmul_16ns_16ns_16_4_max_dsp_1_U3328                                     | 2   |        | var_2             | fadd       | fulldsp                  | 10      |
|   hadd_16ns_16ns_16_5_full_dsp_1_U3246                                    | 2   |        | x_assign_3        | fadd       | fulldsp                  | 10      |
|   fsqrt_32ns_32ns_32_28_no_dsp_1_U3237                                    |     |        | tmp_26            | fsqrt      | fabric                   | 27      |
|   fdiv_32ns_32ns_32_30_no_dsp_1_U3236                                     |     |        | div303_i3         | fdiv       | fabric                   | 29      |
|   hmul_16ns_16ns_16_4_max_dsp_1_U3329                                     |     |        | inv_std_2         | sptohp     | auto                     | 1       |
|   hadd_16ns_16ns_16_5_full_dsp_1_U3254                                    |     |        | conv341_i3        | sptohp     | auto                     | 1       |
|   hadd_16ns_16ns_16_5_full_dsp_1_U3262                                    |     |        | empty_82          | adapter    | m_axi                    | 0       |
|   add_ln295_5_fu_1840_p2                                                  |     |        | add_ln295_5       | add        | fabric                   | 0       |
|   hmul_16ns_16ns_16_4_max_dsp_1_U3336                                     |     |        | empty_83          | adapter    | m_axi                    | 0       |
|   add_ln196_fu_1918_p2                                                    |     |        | add_ln196         | add        | fabric                   | 0       |
|   icmp_ln196_1_fu_1946_p2                                                 |     |        | icmp_ln196_1      | seteq      | auto                     | 0       |
|   hmul_16ns_16ns_16_4_max_dsp_1_U3340                                     |     |        | add_ln196_2       | add        | fabric                   | 0       |
|   sub_ln211_1_fu_1982_p2                                                  |     |        | sub_ln211_1       | sub        | fabric                   | 0       |
|   hmul_16ns_16ns_16_4_max_dsp_1_U3347                                     | 2   |        | sum_8             | fadd       | fulldsp                  | 10      |
|   hadd_16ns_16ns_16_5_full_dsp_1_U3271                                    | 2   |        | sumsq_8           | fadd       | fulldsp                  | 10      |
|   faddfsub_32ns_32ns_32_11_full_dsp_1_U3234                               | 2   |        | sum_9             | fadd       | fulldsp                  | 10      |
|   faddfsub_32ns_32ns_32_11_full_dsp_1_U3234                               | 2   |        | sumsq_9           | fadd       | fulldsp                  | 10      |
|   faddfsub_32ns_32ns_32_11_full_dsp_1_U3234                               | 2   |        | sum_10            | fadd       | fulldsp                  | 10      |
|   hmul_16ns_16ns_16_4_max_dsp_1_U3348                                     | 2   |        | sumsq_10          | fadd       | fulldsp                  | 10      |
|   hadd_16ns_16ns_16_5_full_dsp_1_U3416                                    | 2   |        | sum_11            | fadd       | fulldsp                  | 10      |
|   faddfsub_32ns_32ns_32_11_full_dsp_1_U3234                               | 2   |        | sumsq_11          | fadd       | fulldsp                  | 10      |
|   faddfsub_32ns_32ns_32_11_full_dsp_1_U3234                               | 2   |        | sum_12            | fadd       | fulldsp                  | 10      |
|   hmul_16ns_16ns_16_4_max_dsp_1_U3349                                     | 2   |        | sumsq_12          | fadd       | fulldsp                  | 10      |
|   hadd_16ns_16ns_16_5_full_dsp_1_U3424                                    | 2   |        | sum_13            | fadd       | fulldsp                  | 10      |
|   faddfsub_32ns_32ns_32_11_full_dsp_1_U3234                               | 2   |        | sumsq_13          | fadd       | fulldsp                  | 10      |
|   faddfsub_32ns_32ns_32_11_full_dsp_1_U3234                               | 2   |        | sum_14            | fadd       | fulldsp                  | 10      |
|   hmul_16ns_16ns_16_4_max_dsp_1_U3350                                     | 2   |        | sumsq_14          | fadd       | fulldsp                  | 10      |
|   hadd_16ns_16ns_16_5_full_dsp_1_U3432                                    | 2   |        | sum_15            | fadd       | fulldsp                  | 10      |
|   faddfsub_32ns_32ns_32_11_full_dsp_1_U3234                               | 2   |        | sumsq_15          | fadd       | fulldsp                  | 10      |
|   fdiv_32ns_32ns_32_30_no_dsp_1_U3236                                     |     |        | mean_1            | fdiv       | fabric                   | 29      |
|   hmul_16ns_16ns_16_4_max_dsp_1_U3351                                     |     |        | div297_i1         | fdiv       | fabric                   | 29      |
|   hadd_16ns_16ns_16_5_full_dsp_1_U3440                                    | 3   |        | mul298_i1         | fmul       | maxdsp                   | 6       |
|   faddfsub_32ns_32ns_32_11_full_dsp_1_U3234                               | 2   |        | var_1             | fadd       | fulldsp                  | 10      |
|   faddfsub_32ns_32ns_32_11_full_dsp_1_U3234                               | 2   |        | x_assign_1        | fadd       | fulldsp                  | 10      |
|   hmul_16ns_16ns_16_4_max_dsp_1_U3352                                     |     |        | tmp_11            | fsqrt      | fabric                   | 27      |
|   hadd_16ns_16ns_16_5_full_dsp_1_U3448                                    |     |        | div303_i1         | fdiv       | fabric                   | 29      |
|   sptohp_32ns_16_2_no_dsp_1_U3238                                         |     |        | inv_std_1         | sptohp     | auto                     | 1       |
|   sptohp_32ns_16_2_no_dsp_1_U3238                                         |     |        | conv341_i1        | sptohp     | auto                     | 1       |
|   hmul_16ns_16ns_16_4_max_dsp_1_U3354                                     |     |        | empty_85          | adapter    | m_axi                    | 0       |
|  + ucb1_bench_top_Pipeline_RESET_ROW_ACC                                  | 0   |        |                   |            |                          |         |
|    icmp_ln86_fu_4166_p2                                                   |     |        | icmp_ln86         | seteq      | auto                     | 0       |
|    add_ln86_fu_4172_p2                                                    |     |        | add_ln86          | add        | fabric                   | 0       |
|    sub_ln91_fu_4202_p2                                                    |     |        | sub_ln91          | sub        | fabric                   | 0       |
|    add_ln91_fu_4271_p2                                                    |     |        | add_ln91          | add        | fabric                   | 0       |
|    add_ln91_1_fu_4296_p2                                                  |     |        | add_ln91_1        | add        | fabric                   | 0       |
|    add_ln91_2_fu_4321_p2                                                  |     |        | add_ln91_2        | add        | fabric                   | 0       |
|    add_ln91_3_fu_4346_p2                                                  |     |        | add_ln91_3        | add        | fabric                   | 0       |
|    add_ln91_4_fu_4371_p2                                                  |     |        | add_ln91_4        | add        | fabric                   | 0       |
|    add_ln91_5_fu_4396_p2                                                  |     |        | add_ln91_5        | add        | fabric                   | 0       |
|    add_ln91_6_fu_4421_p2                                                  |     |        | add_ln91_6        | add        | fabric                   | 0       |
|    add_ln91_7_fu_4446_p2                                                  |     |        | add_ln91_7        | add        | fabric                   | 0       |
|    add_ln91_8_fu_4471_p2                                                  |     |        | add_ln91_8        | add        | fabric                   | 0       |
|    add_ln91_9_fu_4496_p2                                                  |     |        | add_ln91_9        | add        | fabric                   | 0       |
|    add_ln91_10_fu_4521_p2                                                 |     |        | add_ln91_10       | add        | fabric                   | 0       |
|    add_ln91_11_fu_4546_p2                                                 |     |        | add_ln91_11       | add        | fabric                   | 0       |
|    add_ln91_12_fu_4571_p2                                                 |     |        | add_ln91_12       | add        | fabric                   | 0       |
|    add_ln91_13_fu_4596_p2                                                 |     |        | add_ln91_13       | add        | fabric                   | 0       |
|    add_ln91_14_fu_4621_p2                                                 |     |        | add_ln91_14       | add        | fabric                   | 0       |
|    add_ln91_15_fu_4646_p2                                                 |     |        | add_ln91_15       | add        | fabric                   | 0       |
|    add_ln91_16_fu_4671_p2                                                 |     |        | add_ln91_16       | add        | fabric                   | 0       |
|    add_ln91_17_fu_4696_p2                                                 |     |        | add_ln91_17       | add        | fabric                   | 0       |
|    add_ln91_18_fu_4721_p2                                                 |     |        | add_ln91_18       | add        | fabric                   | 0       |
|    add_ln91_19_fu_4746_p2                                                 |     |        | add_ln91_19       | add        | fabric                   | 0       |
|    add_ln91_20_fu_4771_p2                                                 |     |        | add_ln91_20       | add        | fabric                   | 0       |
|    add_ln91_21_fu_4796_p2                                                 |     |        | add_ln91_21       | add        | fabric                   | 0       |
|    add_ln91_22_fu_4821_p2                                                 |     |        | add_ln91_22       | add        | fabric                   | 0       |
|    add_ln91_23_fu_4846_p2                                                 |     |        | add_ln91_23       | add        | fabric                   | 0       |
|    add_ln91_24_fu_4871_p2                                                 |     |        | add_ln91_24       | add        | fabric                   | 0       |
|    add_ln91_25_fu_4896_p2                                                 |     |        | add_ln91_25       | add        | fabric                   | 0       |
|    add_ln91_26_fu_4921_p2                                                 |     |        | add_ln91_26       | add        | fabric                   | 0       |
|    add_ln91_27_fu_4946_p2                                                 |     |        | add_ln91_27       | add        | fabric                   | 0       |
|  + ucb1_bench_top_Pipeline_LOAD_ROW0_VITIS_LOOP_287_1                     | 0   |        |                   |            |                          |         |
|    icmp_ln285_fu_158_p2                                                   |     |        | icmp_ln285        | seteq      | auto                     | 0       |
|    add_ln285_1_fu_164_p2                                                  |     |        | add_ln285_1       | add        | fabric                   | 0       |
|    add_ln285_fu_181_p2                                                    |     |        | add_ln285         | add        | fabric                   | 0       |
|    icmp_ln287_fu_187_p2                                                   |     |        | icmp_ln287        | seteq      | auto                     | 0       |
|    select_ln285_fu_193_p3                                                 |     |        | select_ln285      | select     | auto_sel                 | 0       |
|    select_ln285_1_fu_278_p3                                               |     |        | select_ln285_1    | select     | auto_sel                 | 0       |
|    select_ln285_2_fu_201_p3                                               |     |        | select_ln285_2    | select     | auto_sel                 | 0       |
|    add_ln287_fu_253_p2                                                    |     |        | add_ln287         | add        | fabric                   | 0       |
|  + ucb1_bench_top_Pipeline_LOAD_PARAMS                                    | 0   |        |                   |            |                          |         |
|    icmp_ln188_fu_187_p2                                                   |     |        | icmp_ln188        | seteq      | auto                     | 0       |
|    add_ln188_fu_193_p2                                                    |     |        | add_ln188         | add        | fabric                   | 0       |
|    add_ln191_fu_203_p2                                                    |     |        | add_ln191         | add        | fabric                   | 0       |
|    add_ln192_fu_224_p2                                                    |     |        | add_ln192         | add        | fabric                   | 0       |
|    add_ln193_fu_228_p2                                                    |     |        | add_ln193         | add        | fabric                   | 0       |
|  + ucb1_bench_top_Outline_TILE_LOOP                                       | 0   |        |                   |            |                          |         |
|    icmp_ln100_fu_702_p2                                                   |     |        | icmp_ln100        | seteq      | auto                     | 0       |
|    add_ln100_fu_708_p2                                                    |     |        | add_ln100         | add        | fabric                   | 0       |
|    icmp_ln118_fu_730_p2                                                   |     |        | icmp_ln118        | seteq      | auto                     | 0       |
|    add_ln118_fu_736_p2                                                    |     |        | add_ln118         | add        | fabric                   | 0       |
|    sub_ln120_fu_746_p2                                                    |     |        | sub_ln120         | sub        | fabric                   | 0       |
|    or_ln123_fu_764_p2                                                     |     |        | or_ln123          | or         | auto                     | 0       |
|    empty_69_fu_778_p2                                                     |     |        | empty_69          | sub        | fabric                   | 0       |
|    icmp_ln126_fu_788_p2                                                   |     |        | icmp_ln126        | seteq      | auto                     | 0       |
|    add_ln126_fu_794_p2                                                    |     |        | add_ln126         | add        | fabric                   | 0       |
|    add_ln128_fu_808_p2                                                    |     |        | add_ln128         | add        | fabric                   | 0       |
|    sub_ln130_fu_837_p2                                                    |     |        | sub_ln130         | sub        | fabric                   | 0       |
|    icmp_ln130_fu_843_p2                                                   |     |        | icmp_ln130        | seteq      | auto                     | 0       |
|    add_ln130_fu_849_p2                                                    |     |        | add_ln130         | add        | fabric                   | 0       |
|    empty_70_fu_951_p2                                                     |     |        | empty_70          | sub        | fabric                   | 0       |
|    select_ln175_fu_1086_p3                                                |     |        | select_ln175      | select     | auto_sel                 | 0       |
|    select_ln175_1_fu_1093_p3                                              |     |        | select_ln175_1    | select     | auto_sel                 | 0       |
|    select_ln175_2_fu_1100_p3                                              |     |        | select_ln175_2    | select     | auto_sel                 | 0       |
|    select_ln175_3_fu_1107_p3                                              |     |        | select_ln175_3    | select     | auto_sel                 | 0       |
|    select_ln175_4_fu_1114_p3                                              |     |        | select_ln175_4    | select     | auto_sel                 | 0       |
|    select_ln175_5_fu_1121_p3                                              |     |        | select_ln175_5    | select     | auto_sel                 | 0       |
|    select_ln175_6_fu_1128_p3                                              |     |        | select_ln175_6    | select     | auto_sel                 | 0       |
|    select_ln175_7_fu_1135_p3                                              |     |        | select_ln175_7    | select     | auto_sel                 | 0       |
|   + ucb1_bench_top_Pipeline_PRELOAD_W_VITIS_LOOP_108_2_VITIS_LOOP_109_3   | 0   |        |                   |            |                          |         |
|     icmp_ln105_fu_306_p2                                                  |     |        | icmp_ln105        | seteq      | auto                     | 0       |
|     add_ln105_3_fu_312_p2                                                 |     |        | add_ln105_3       | add        | fabric                   | 0       |
|     add_ln105_fu_408_p2                                                   |     |        | add_ln105         | add        | fabric                   | 0       |
|     icmp_ln108_fu_318_p2                                                  |     |        | icmp_ln108        | seteq      | auto                     | 0       |
|     select_ln105_fu_414_p3                                                |     |        | select_ln105      | select     | auto_sel                 | 0       |
|     xor_ln105_fu_351_p2                                                   |     |        | xor_ln105         | xor        | auto                     | 0       |
|     icmp_ln109_fu_356_p2                                                  |     |        | icmp_ln109        | seteq      | auto                     | 0       |
|     and_ln105_fu_362_p2                                                   |     |        | and_ln105         | and        | auto                     | 0       |
|     select_ln105_1_fu_421_p3                                              |     |        | select_ln105_1    | select     | auto_sel                 | 0       |
|     add_ln108_fu_428_p2                                                   |     |        | add_ln108         | add        | fabric                   | 0       |
|     empty_53_fu_368_p2                                                    |     |        | empty_53          | or         | auto                     | 0       |
|     ci_w_mid2_fu_373_p3                                                   |     |        | ci_w_mid2         | select     | auto_sel                 | 0       |
|     shiftreg1866_mid2_fu_462_p3                                           |     |        | shiftreg1866_mid2 | select     | auto_sel                 | 0       |
|     select_ln108_fu_434_p3                                                |     |        | select_ln108      | select     | auto_sel                 | 0       |
|     add_ln109_fu_385_p2                                                   |     |        | add_ln109         | add        | fabric                   | 0       |
|     add_ln108_3_fu_324_p2                                                 |     |        | add_ln108_3       | add        | fabric                   | 0       |
|     select_ln108_1_fu_330_p3                                              |     |        | select_ln108_1    | select     | auto_sel                 | 0       |
|   + ucb1_bench_top_Pipeline_CI_LOOP                                       | 0   |        |                   |            |                          |         |
|     icmp_ln148_fu_1889_p2                                                 |     |        | icmp_ln148        | seteq      | auto                     | 0       |
|     add_ln148_fu_1895_p2                                                  |     |        | add_ln148         | add        | fabric                   | 0       |
|     add_ln154_fu_1915_p2                                                  |     |        | add_ln154         | add        | fabric                   | 0       |
|     empty_61_fu_1925_p2                                                   |     |        | empty_61          | add        | fabric                   | 0       |
|     sparsemux_9_2_16_1_1_U294                                             |     |        | tmp_3             | sparsemux  | compactencoding_dontcare | 0       |
|     sparsemux_9_2_16_1_1_U295                                             |     |        | tmp_4             | sparsemux  | compactencoding_dontcare | 0       |
|     sparsemux_9_2_16_1_1_U296                                             |     |        | tmp_5             | sparsemux  | compactencoding_dontcare | 0       |
|     sparsemux_9_2_16_1_1_U297                                             |     |        | tmp_6             | sparsemux  | compactencoding_dontcare | 0       |
|     sparsemux_9_2_16_1_1_U298                                             |     |        | tmp_7             | sparsemux  | compactencoding_dontcare | 0       |
|     sparsemux_9_2_16_1_1_U299                                             |     |        | tmp_8             | sparsemux  | compactencoding_dontcare | 0       |
|     sparsemux_9_2_16_1_1_U300                                             |     |        | tmp_9             | sparsemux  | compactencoding_dontcare | 0       |
|     sparsemux_9_2_16_1_1_U301                                             |     |        | tmp_10            | sparsemux  | compactencoding_dontcare | 0       |
|  + ucb1_bench_top_Pipeline_BIAS_STATS                                     | 0   |        |                   |            |                          |         |
|    icmp_ln204_fu_754_p2                                                   |     |        | icmp_ln204        | seteq      | auto                     | 0       |
|    add_ln204_fu_760_p2                                                    |     |        | add_ln204         | add        | fabric                   | 0       |
|    add_ln211_fu_789_p2                                                    |     |        | add_ln211         | add        | fabric                   | 0       |
|    partselect_16ns_256ns_32ns_16_1_1_U644                                 |     |        | u                 | partselect | auto                     | 0       |
|    sparsemux_33_4_16_1_1_U645                                             |     |        | tmp_2             | sparsemux  | compactencoding_dontcare | 0       |
|    sparsemux_17_3_32_1_1_U646                                             |     |        | tmp_s             | sparsemux  | compactencoding_dontcare | 0       |
|    sparsemux_17_3_32_1_1_U647                                             |     |        | tmp_1             | sparsemux  | compactencoding_dontcare | 0       |
|  + ucb1_bench_top_Pipeline_NORM_WRITE                                     | 0   |        |                   |            |                          |         |
|    icmp_ln229_fu_756_p2                                                   |     |        | icmp_ln229        | seteq      | auto                     | 0       |
|    add_ln229_fu_762_p2                                                    |     |        | add_ln229         | add        | fabric                   | 0       |
|    add_ln236_fu_776_p2                                                    |     |        | add_ln236         | add        | fabric                   | 0       |
|    select_ln18_fu_1184_p3                                                 |     |        | select_ln18       | select     | auto_sel                 | 0       |
|    select_ln18_1_fu_1195_p3                                               |     |        | select_ln18_1     | select     | auto_sel                 | 0       |
|    select_ln18_2_fu_1206_p3                                               |     |        | select_ln18_2     | select     | auto_sel                 | 0       |
|    select_ln18_3_fu_1217_p3                                               |     |        | select_ln18_3     | select     | auto_sel                 | 0       |
|    select_ln18_4_fu_1228_p3                                               |     |        | select_ln18_4     | select     | auto_sel                 | 0       |
|    select_ln18_5_fu_1239_p3                                               |     |        | select_ln18_5     | select     | auto_sel                 | 0       |
|    select_ln18_6_fu_1250_p3                                               |     |        | select_ln18_6     | select     | auto_sel                 | 0       |
|    select_ln18_7_fu_1261_p3                                               |     |        | select_ln18_7     | select     | auto_sel                 | 0       |
|    select_ln18_8_fu_1272_p3                                               |     |        | select_ln18_8     | select     | auto_sel                 | 0       |
|    select_ln18_9_fu_1283_p3                                               |     |        | select_ln18_9     | select     | auto_sel                 | 0       |
|    select_ln18_10_fu_1294_p3                                              |     |        | select_ln18_10    | select     | auto_sel                 | 0       |
|    select_ln18_11_fu_1305_p3                                              |     |        | select_ln18_11    | select     | auto_sel                 | 0       |
|    select_ln18_12_fu_1316_p3                                              |     |        | select_ln18_12    | select     | auto_sel                 | 0       |
|    select_ln18_13_fu_1327_p3                                              |     |        | select_ln18_13    | select     | auto_sel                 | 0       |
|    select_ln18_14_fu_1338_p3                                              |     |        | select_ln18_14    | select     | auto_sel                 | 0       |
|    select_ln18_15_fu_1349_p3                                              |     |        | select_ln18_15    | select     | auto_sel                 | 0       |
|  + ucb1_bench_top_Pipeline_LOAD_ROW_VITIS_LOOP_300_2                      | 0   |        |                   |            |                          |         |
|    icmp_ln298_fu_168_p2                                                   |     |        | icmp_ln298        | seteq      | auto                     | 0       |
|    add_ln298_1_fu_174_p2                                                  |     |        | add_ln298_1       | add        | fabric                   | 0       |
|    add_ln298_fu_226_p2                                                    |     |        | add_ln298         | add        | fabric                   | 0       |
|    icmp_ln300_fu_188_p2                                                   |     |        | icmp_ln300        | seteq      | auto                     | 0       |
|    select_ln298_fu_194_p3                                                 |     |        | select_ln298      | select     | auto_sel                 | 0       |
|    select_ln298_1_fu_252_p3                                               |     |        | select_ln298_1    | select     | auto_sel                 | 0       |
|    select_ln298_2_fu_232_p3                                               |     |        | select_ln298_2    | select     | auto_sel                 | 0       |
|    empty_56_fu_239_p2                                                     |     |        | empty_56          | add        | fabric                   | 0       |
|    add_ln300_fu_206_p2                                                    |     |        | add_ln300         | add        | fabric                   | 0       |
|  + ucb1_bench_top_Pipeline_RESET_ROW_ACC1                                 | 0   |        |                   |            |                          |         |
|    icmp_ln86_fu_4166_p2                                                   |     |        | icmp_ln86         | seteq      | auto                     | 0       |
|    add_ln86_fu_4172_p2                                                    |     |        | add_ln86          | add        | fabric                   | 0       |
|    sub_ln91_fu_4202_p2                                                    |     |        | sub_ln91          | sub        | fabric                   | 0       |
|    add_ln91_fu_4271_p2                                                    |     |        | add_ln91          | add        | fabric                   | 0       |
|    add_ln91_55_fu_4296_p2                                                 |     |        | add_ln91_55       | add        | fabric                   | 0       |
|    add_ln91_56_fu_4321_p2                                                 |     |        | add_ln91_56       | add        | fabric                   | 0       |
|    add_ln91_57_fu_4346_p2                                                 |     |        | add_ln91_57       | add        | fabric                   | 0       |
|    add_ln91_58_fu_4371_p2                                                 |     |        | add_ln91_58       | add        | fabric                   | 0       |
|    add_ln91_59_fu_4396_p2                                                 |     |        | add_ln91_59       | add        | fabric                   | 0       |
|    add_ln91_60_fu_4421_p2                                                 |     |        | add_ln91_60       | add        | fabric                   | 0       |
|    add_ln91_61_fu_4446_p2                                                 |     |        | add_ln91_61       | add        | fabric                   | 0       |
|    add_ln91_62_fu_4471_p2                                                 |     |        | add_ln91_62       | add        | fabric                   | 0       |
|    add_ln91_63_fu_4496_p2                                                 |     |        | add_ln91_63       | add        | fabric                   | 0       |
|    add_ln91_64_fu_4521_p2                                                 |     |        | add_ln91_64       | add        | fabric                   | 0       |
|    add_ln91_65_fu_4546_p2                                                 |     |        | add_ln91_65       | add        | fabric                   | 0       |
|    add_ln91_66_fu_4571_p2                                                 |     |        | add_ln91_66       | add        | fabric                   | 0       |
|    add_ln91_67_fu_4596_p2                                                 |     |        | add_ln91_67       | add        | fabric                   | 0       |
|    add_ln91_68_fu_4621_p2                                                 |     |        | add_ln91_68       | add        | fabric                   | 0       |
|    add_ln91_69_fu_4646_p2                                                 |     |        | add_ln91_69       | add        | fabric                   | 0       |
|    add_ln91_70_fu_4671_p2                                                 |     |        | add_ln91_70       | add        | fabric                   | 0       |
|    add_ln91_71_fu_4696_p2                                                 |     |        | add_ln91_71       | add        | fabric                   | 0       |
|    add_ln91_72_fu_4721_p2                                                 |     |        | add_ln91_72       | add        | fabric                   | 0       |
|    add_ln91_73_fu_4746_p2                                                 |     |        | add_ln91_73       | add        | fabric                   | 0       |
|    add_ln91_74_fu_4771_p2                                                 |     |        | add_ln91_74       | add        | fabric                   | 0       |
|    add_ln91_75_fu_4796_p2                                                 |     |        | add_ln91_75       | add        | fabric                   | 0       |
|    add_ln91_76_fu_4821_p2                                                 |     |        | add_ln91_76       | add        | fabric                   | 0       |
|    add_ln91_77_fu_4846_p2                                                 |     |        | add_ln91_77       | add        | fabric                   | 0       |
|    add_ln91_78_fu_4871_p2                                                 |     |        | add_ln91_78       | add        | fabric                   | 0       |
|    add_ln91_79_fu_4896_p2                                                 |     |        | add_ln91_79       | add        | fabric                   | 0       |
|    add_ln91_80_fu_4921_p2                                                 |     |        | add_ln91_80       | add        | fabric                   | 0       |
|    add_ln91_81_fu_4946_p2                                                 |     |        | add_ln91_81       | add        | fabric                   | 0       |
|  + ucb1_bench_top_Pipeline_LOAD_PARAMS5                                   | 0   |        |                   |            |                          |         |
|    icmp_ln188_fu_187_p2                                                   |     |        | icmp_ln188        | seteq      | auto                     | 0       |
|    add_ln188_fu_193_p2                                                    |     |        | add_ln188         | add        | fabric                   | 0       |
|    add_ln191_fu_203_p2                                                    |     |        | add_ln191         | add        | fabric                   | 0       |
|    add_ln192_fu_224_p2                                                    |     |        | add_ln192         | add        | fabric                   | 0       |
|    add_ln193_fu_228_p2                                                    |     |        | add_ln193         | add        | fabric                   | 0       |
|  + ucb1_bench_top_Pipeline_RESET_ROW_ACC15                                | 0   |        |                   |            |                          |         |
|    icmp_ln86_fu_4166_p2                                                   |     |        | icmp_ln86         | seteq      | auto                     | 0       |
|    add_ln86_fu_4172_p2                                                    |     |        | add_ln86          | add        | fabric                   | 0       |
|    sub_ln91_fu_4202_p2                                                    |     |        | sub_ln91          | sub        | fabric                   | 0       |
|    add_ln91_fu_4271_p2                                                    |     |        | add_ln91          | add        | fabric                   | 0       |
|    add_ln91_28_fu_4296_p2                                                 |     |        | add_ln91_28       | add        | fabric                   | 0       |
|    add_ln91_29_fu_4321_p2                                                 |     |        | add_ln91_29       | add        | fabric                   | 0       |
|    add_ln91_30_fu_4346_p2                                                 |     |        | add_ln91_30       | add        | fabric                   | 0       |
|    add_ln91_31_fu_4371_p2                                                 |     |        | add_ln91_31       | add        | fabric                   | 0       |
|    add_ln91_32_fu_4396_p2                                                 |     |        | add_ln91_32       | add        | fabric                   | 0       |
|    add_ln91_33_fu_4421_p2                                                 |     |        | add_ln91_33       | add        | fabric                   | 0       |
|    add_ln91_34_fu_4446_p2                                                 |     |        | add_ln91_34       | add        | fabric                   | 0       |
|    add_ln91_35_fu_4471_p2                                                 |     |        | add_ln91_35       | add        | fabric                   | 0       |
|    add_ln91_36_fu_4496_p2                                                 |     |        | add_ln91_36       | add        | fabric                   | 0       |
|    add_ln91_37_fu_4521_p2                                                 |     |        | add_ln91_37       | add        | fabric                   | 0       |
|    add_ln91_38_fu_4546_p2                                                 |     |        | add_ln91_38       | add        | fabric                   | 0       |
|    add_ln91_39_fu_4571_p2                                                 |     |        | add_ln91_39       | add        | fabric                   | 0       |
|    add_ln91_40_fu_4596_p2                                                 |     |        | add_ln91_40       | add        | fabric                   | 0       |
|    add_ln91_41_fu_4621_p2                                                 |     |        | add_ln91_41       | add        | fabric                   | 0       |
|    add_ln91_42_fu_4646_p2                                                 |     |        | add_ln91_42       | add        | fabric                   | 0       |
|    add_ln91_43_fu_4671_p2                                                 |     |        | add_ln91_43       | add        | fabric                   | 0       |
|    add_ln91_44_fu_4696_p2                                                 |     |        | add_ln91_44       | add        | fabric                   | 0       |
|    add_ln91_45_fu_4721_p2                                                 |     |        | add_ln91_45       | add        | fabric                   | 0       |
|    add_ln91_46_fu_4746_p2                                                 |     |        | add_ln91_46       | add        | fabric                   | 0       |
|    add_ln91_47_fu_4771_p2                                                 |     |        | add_ln91_47       | add        | fabric                   | 0       |
|    add_ln91_48_fu_4796_p2                                                 |     |        | add_ln91_48       | add        | fabric                   | 0       |
|    add_ln91_49_fu_4821_p2                                                 |     |        | add_ln91_49       | add        | fabric                   | 0       |
|    add_ln91_50_fu_4846_p2                                                 |     |        | add_ln91_50       | add        | fabric                   | 0       |
|    add_ln91_51_fu_4871_p2                                                 |     |        | add_ln91_51       | add        | fabric                   | 0       |
|    add_ln91_52_fu_4896_p2                                                 |     |        | add_ln91_52       | add        | fabric                   | 0       |
|    add_ln91_53_fu_4921_p2                                                 |     |        | add_ln91_53       | add        | fabric                   | 0       |
|    add_ln91_54_fu_4946_p2                                                 |     |        | add_ln91_54       | add        | fabric                   | 0       |
|  + ucb1_bench_top_Pipeline_LOAD_PARAMS19                                  | 0   |        |                   |            |                          |         |
|    icmp_ln188_fu_187_p2                                                   |     |        | icmp_ln188        | seteq      | auto                     | 0       |
|    add_ln188_fu_193_p2                                                    |     |        | add_ln188         | add        | fabric                   | 0       |
|    add_ln191_fu_203_p2                                                    |     |        | add_ln191         | add        | fabric                   | 0       |
|    add_ln192_fu_224_p2                                                    |     |        | add_ln192         | add        | fabric                   | 0       |
|    add_ln193_fu_228_p2                                                    |     |        | add_ln193         | add        | fabric                   | 0       |
|  + ucb1_bench_top_Outline_TILE_LOOP2                                      | 0   |        |                   |            |                          |         |
|    icmp_ln100_fu_716_p2                                                   |     |        | icmp_ln100        | seteq      | auto                     | 0       |
|    add_ln100_fu_722_p2                                                    |     |        | add_ln100         | add        | fabric                   | 0       |
|    icmp_ln118_fu_744_p2                                                   |     |        | icmp_ln118        | seteq      | auto                     | 0       |
|    add_ln118_fu_750_p2                                                    |     |        | add_ln118         | add        | fabric                   | 0       |
|    sub_ln120_fu_760_p2                                                    |     |        | sub_ln120         | sub        | fabric                   | 0       |
|    empty_64_fu_777_p2                                                     |     |        | empty_64          | sub        | fabric                   | 0       |
|    icmp_ln126_fu_803_p2                                                   |     |        | icmp_ln126        | seteq      | auto                     | 0       |
|    add_ln126_fu_809_p2                                                    |     |        | add_ln126         | add        | fabric                   | 0       |
|    add_ln128_fu_823_p2                                                    |     |        | add_ln128         | add        | fabric                   | 0       |
|    sub_ln130_fu_852_p2                                                    |     |        | sub_ln130         | sub        | fabric                   | 0       |
|    icmp_ln130_fu_858_p2                                                   |     |        | icmp_ln130        | seteq      | auto                     | 0       |
|    add_ln130_fu_864_p2                                                    |     |        | add_ln130         | add        | fabric                   | 0       |
|    empty_65_fu_950_p2                                                     |     |        | empty_65          | add        | fabric                   | 0       |
|    empty_66_fu_975_p2                                                     |     |        | empty_66          | sub        | fabric                   | 0       |
|    select_ln175_fu_1110_p3                                                |     |        | select_ln175      | select     | auto_sel                 | 0       |
|    select_ln175_8_fu_1117_p3                                              |     |        | select_ln175_8    | select     | auto_sel                 | 0       |
|    select_ln175_9_fu_1124_p3                                              |     |        | select_ln175_9    | select     | auto_sel                 | 0       |
|    select_ln175_10_fu_1131_p3                                             |     |        | select_ln175_10   | select     | auto_sel                 | 0       |
|    select_ln175_11_fu_1138_p3                                             |     |        | select_ln175_11   | select     | auto_sel                 | 0       |
|    select_ln175_12_fu_1145_p3                                             |     |        | select_ln175_12   | select     | auto_sel                 | 0       |
|    select_ln175_13_fu_1152_p3                                             |     |        | select_ln175_13   | select     | auto_sel                 | 0       |
|    select_ln175_14_fu_1159_p3                                             |     |        | select_ln175_14   | select     | auto_sel                 | 0       |
|   + ucb1_bench_top_Pipeline_PRELOAD_W_VITIS_LOOP_108_2_VITIS_LOOP_109_33  | 0   |        |                   |            |                          |         |
|     icmp_ln105_fu_306_p2                                                  |     |        | icmp_ln105        | seteq      | auto                     | 0       |
|     add_ln105_fu_312_p2                                                   |     |        | add_ln105         | add        | fabric                   | 0       |
|     add_ln105_1_fu_408_p2                                                 |     |        | add_ln105_1       | add        | fabric                   | 0       |
|     icmp_ln108_fu_318_p2                                                  |     |        | icmp_ln108        | seteq      | auto                     | 0       |
|     select_ln105_fu_414_p3                                                |     |        | select_ln105      | select     | auto_sel                 | 0       |
|     xor_ln105_fu_351_p2                                                   |     |        | xor_ln105         | xor        | auto                     | 0       |
|     icmp_ln109_fu_356_p2                                                  |     |        | icmp_ln109        | seteq      | auto                     | 0       |
|     and_ln105_fu_362_p2                                                   |     |        | and_ln105         | and        | auto                     | 0       |
|     select_ln105_1_fu_421_p3                                              |     |        | select_ln105_1    | select     | auto_sel                 | 0       |
|     add_ln108_fu_428_p2                                                   |     |        | add_ln108         | add        | fabric                   | 0       |
|     empty_47_fu_368_p2                                                    |     |        | empty_47          | or         | auto                     | 0       |
|     ci_w_3_mid2_fu_373_p3                                                 |     |        | ci_w_3_mid2       | select     | auto_sel                 | 0       |
|     shiftreg1862_mid2_fu_462_p3                                           |     |        | shiftreg1862_mid2 | select     | auto_sel                 | 0       |
|     select_ln108_fu_434_p3                                                |     |        | select_ln108      | select     | auto_sel                 | 0       |
|     add_ln109_fu_385_p2                                                   |     |        | add_ln109         | add        | fabric                   | 0       |
|     add_ln108_1_fu_324_p2                                                 |     |        | add_ln108_1       | add        | fabric                   | 0       |
|     select_ln108_1_fu_330_p3                                              |     |        | select_ln108_1    | select     | auto_sel                 | 0       |
|   + ucb1_bench_top_Pipeline_CI_LOOP4                                      | 0   |        |                   |            |                          |         |
|     icmp_ln148_fu_1889_p2                                                 |     |        | icmp_ln148        | seteq      | auto                     | 0       |
|     add_ln148_fu_1895_p2                                                  |     |        | add_ln148         | add        | fabric                   | 0       |
|     add_ln154_fu_1915_p2                                                  |     |        | add_ln154         | add        | fabric                   | 0       |
|     empty_58_fu_1925_p2                                                   |     |        | empty_58          | add        | fabric                   | 0       |
|     sparsemux_9_2_16_1_1_U1082                                            |     |        | tmp_s             | sparsemux  | compactencoding_dontcare | 0       |
|     sparsemux_9_2_16_1_1_U1083                                            |     |        | tmp_1             | sparsemux  | compactencoding_dontcare | 0       |
|     sparsemux_9_2_16_1_1_U1084                                            |     |        | tmp_2             | sparsemux  | compactencoding_dontcare | 0       |
|     sparsemux_9_2_16_1_1_U1085                                            |     |        | tmp_3             | sparsemux  | compactencoding_dontcare | 0       |
|     sparsemux_9_2_16_1_1_U1086                                            |     |        | tmp_4             | sparsemux  | compactencoding_dontcare | 0       |
|     sparsemux_9_2_16_1_1_U1087                                            |     |        | tmp_5             | sparsemux  | compactencoding_dontcare | 0       |
|     sparsemux_9_2_16_1_1_U1088                                            |     |        | tmp_6             | sparsemux  | compactencoding_dontcare | 0       |
|     sparsemux_9_2_16_1_1_U1089                                            |     |        | tmp_7             | sparsemux  | compactencoding_dontcare | 0       |
|  + ucb1_bench_top_Pipeline_LOAD_PARAMS12                                  | 0   |        |                   |            |                          |         |
|    icmp_ln188_fu_187_p2                                                   |     |        | icmp_ln188        | seteq      | auto                     | 0       |
|    add_ln188_fu_193_p2                                                    |     |        | add_ln188         | add        | fabric                   | 0       |
|    add_ln191_fu_203_p2                                                    |     |        | add_ln191         | add        | fabric                   | 0       |
|    add_ln192_fu_224_p2                                                    |     |        | add_ln192         | add        | fabric                   | 0       |
|    add_ln193_fu_228_p2                                                    |     |        | add_ln193         | add        | fabric                   | 0       |
|  + ucb1_bench_top_Outline_PIXEL_NORM                                      | 0   |        |                   |            |                          |         |
|    icmp_ln196_fu_350_p2                                                   |     |        | icmp_ln196        | seteq      | auto                     | 0       |
|    add_ln196_fu_356_p2                                                    |     |        | add_ln196         | add        | fabric                   | 0       |
|    sub_ln211_fu_386_p2                                                    |     |        | sub_ln211         | sub        | fabric                   | 0       |
|   + ucb1_bench_top_Pipeline_BIAS_STATS6                                   | 0   |        |                   |            |                          |         |
|     icmp_ln204_fu_754_p2                                                  |     |        | icmp_ln204        | seteq      | auto                     | 0       |
|     add_ln204_fu_760_p2                                                   |     |        | add_ln204         | add        | fabric                   | 0       |
|     add_ln211_fu_789_p2                                                   |     |        | add_ln211         | add        | fabric                   | 0       |
|     partselect_16ns_256ns_32ns_16_1_1_U1429                               |     |        | u_210             | partselect | auto                     | 0       |
|     sparsemux_33_4_16_1_1_U1430                                           |     |        | tmp_s             | sparsemux  | compactencoding_dontcare | 0       |
|     sparsemux_17_3_32_1_1_U1431                                           |     |        | tmp_22            | sparsemux  | compactencoding_dontcare | 0       |
|     sparsemux_17_3_32_1_1_U1432                                           |     |        | tmp_23            | sparsemux  | compactencoding_dontcare | 0       |
|   + ucb1_bench_top_Pipeline_NORM_WRITE7                                   | 0   |        |                   |            |                          |         |
|     icmp_ln229_fu_754_p2                                                  |     |        | icmp_ln229        | seteq      | auto                     | 0       |
|     add_ln229_fu_760_p2                                                   |     |        | add_ln229         | add        | fabric                   | 0       |
|     add_ln236_fu_774_p2                                                   |     |        | add_ln236         | add        | fabric                   | 0       |
|     select_ln18_fu_1182_p3                                                |     |        | select_ln18       | select     | auto_sel                 | 0       |
|     select_ln18_1_fu_1193_p3                                              |     |        | select_ln18_1     | select     | auto_sel                 | 0       |
|     select_ln18_2_fu_1204_p3                                              |     |        | select_ln18_2     | select     | auto_sel                 | 0       |
|     select_ln18_3_fu_1215_p3                                              |     |        | select_ln18_3     | select     | auto_sel                 | 0       |
|     select_ln18_4_fu_1226_p3                                              |     |        | select_ln18_4     | select     | auto_sel                 | 0       |
|     select_ln18_5_fu_1237_p3                                              |     |        | select_ln18_5     | select     | auto_sel                 | 0       |
|     select_ln18_6_fu_1248_p3                                              |     |        | select_ln18_6     | select     | auto_sel                 | 0       |
|     select_ln18_7_fu_1259_p3                                              |     |        | select_ln18_7     | select     | auto_sel                 | 0       |
|     select_ln18_8_fu_1270_p3                                              |     |        | select_ln18_8     | select     | auto_sel                 | 0       |
|     select_ln18_9_fu_1281_p3                                              |     |        | select_ln18_9     | select     | auto_sel                 | 0       |
|     select_ln18_10_fu_1292_p3                                             |     |        | select_ln18_10    | select     | auto_sel                 | 0       |
|     select_ln18_11_fu_1303_p3                                             |     |        | select_ln18_11    | select     | auto_sel                 | 0       |
|     select_ln18_12_fu_1314_p3                                             |     |        | select_ln18_12    | select     | auto_sel                 | 0       |
|     select_ln18_13_fu_1325_p3                                             |     |        | select_ln18_13    | select     | auto_sel                 | 0       |
|     select_ln18_14_fu_1336_p3                                             |     |        | select_ln18_14    | select     | auto_sel                 | 0       |
|     select_ln18_15_fu_1347_p3                                             |     |        | select_ln18_15    | select     | auto_sel                 | 0       |
|  + ucb1_bench_top_Pipeline_RESET_ROW_ACC8                                 | 0   |        |                   |            |                          |         |
|    icmp_ln86_fu_4166_p2                                                   |     |        | icmp_ln86         | seteq      | auto                     | 0       |
|    add_ln86_fu_4172_p2                                                    |     |        | add_ln86          | add        | fabric                   | 0       |
|    sub_ln91_fu_4202_p2                                                    |     |        | sub_ln91          | sub        | fabric                   | 0       |
|    add_ln91_fu_4271_p2                                                    |     |        | add_ln91          | add        | fabric                   | 0       |
|    add_ln91_1_fu_4296_p2                                                  |     |        | add_ln91_1        | add        | fabric                   | 0       |
|    add_ln91_2_fu_4321_p2                                                  |     |        | add_ln91_2        | add        | fabric                   | 0       |
|    add_ln91_3_fu_4346_p2                                                  |     |        | add_ln91_3        | add        | fabric                   | 0       |
|    add_ln91_4_fu_4371_p2                                                  |     |        | add_ln91_4        | add        | fabric                   | 0       |
|    add_ln91_5_fu_4396_p2                                                  |     |        | add_ln91_5        | add        | fabric                   | 0       |
|    add_ln91_6_fu_4421_p2                                                  |     |        | add_ln91_6        | add        | fabric                   | 0       |
|    add_ln91_7_fu_4446_p2                                                  |     |        | add_ln91_7        | add        | fabric                   | 0       |
|    add_ln91_8_fu_4471_p2                                                  |     |        | add_ln91_8        | add        | fabric                   | 0       |
|    add_ln91_9_fu_4496_p2                                                  |     |        | add_ln91_9        | add        | fabric                   | 0       |
|    add_ln91_10_fu_4521_p2                                                 |     |        | add_ln91_10       | add        | fabric                   | 0       |
|    add_ln91_11_fu_4546_p2                                                 |     |        | add_ln91_11       | add        | fabric                   | 0       |
|    add_ln91_12_fu_4571_p2                                                 |     |        | add_ln91_12       | add        | fabric                   | 0       |
|    add_ln91_13_fu_4596_p2                                                 |     |        | add_ln91_13       | add        | fabric                   | 0       |
|    add_ln91_14_fu_4621_p2                                                 |     |        | add_ln91_14       | add        | fabric                   | 0       |
|    add_ln91_15_fu_4646_p2                                                 |     |        | add_ln91_15       | add        | fabric                   | 0       |
|    add_ln91_16_fu_4671_p2                                                 |     |        | add_ln91_16       | add        | fabric                   | 0       |
|    add_ln91_17_fu_4696_p2                                                 |     |        | add_ln91_17       | add        | fabric                   | 0       |
|    add_ln91_18_fu_4721_p2                                                 |     |        | add_ln91_18       | add        | fabric                   | 0       |
|    add_ln91_19_fu_4746_p2                                                 |     |        | add_ln91_19       | add        | fabric                   | 0       |
|    add_ln91_20_fu_4771_p2                                                 |     |        | add_ln91_20       | add        | fabric                   | 0       |
|    add_ln91_21_fu_4796_p2                                                 |     |        | add_ln91_21       | add        | fabric                   | 0       |
|    add_ln91_22_fu_4821_p2                                                 |     |        | add_ln91_22       | add        | fabric                   | 0       |
|    add_ln91_23_fu_4846_p2                                                 |     |        | add_ln91_23       | add        | fabric                   | 0       |
|    add_ln91_24_fu_4871_p2                                                 |     |        | add_ln91_24       | add        | fabric                   | 0       |
|    add_ln91_25_fu_4896_p2                                                 |     |        | add_ln91_25       | add        | fabric                   | 0       |
|    add_ln91_26_fu_4921_p2                                                 |     |        | add_ln91_26       | add        | fabric                   | 0       |
|    add_ln91_27_fu_4946_p2                                                 |     |        | add_ln91_27       | add        | fabric                   | 0       |
|  + ucb1_bench_top_Outline_TILE_LOOP9                                      | 0   |        |                   |            |                          |         |
|    icmp_ln100_fu_716_p2                                                   |     |        | icmp_ln100        | seteq      | auto                     | 0       |
|    add_ln100_fu_722_p2                                                    |     |        | add_ln100         | add        | fabric                   | 0       |
|    icmp_ln118_fu_744_p2                                                   |     |        | icmp_ln118        | seteq      | auto                     | 0       |
|    add_ln118_fu_750_p2                                                    |     |        | add_ln118         | add        | fabric                   | 0       |
|    sub_ln121_fu_760_p2                                                    |     |        | sub_ln121         | sub        | fabric                   | 0       |
|    empty_fu_777_p2                                                        |     |        | empty             | sub        | fabric                   | 0       |
|    icmp_ln126_fu_803_p2                                                   |     |        | icmp_ln126        | seteq      | auto                     | 0       |
|    add_ln126_fu_809_p2                                                    |     |        | add_ln126         | add        | fabric                   | 0       |
|    add_ln128_fu_823_p2                                                    |     |        | add_ln128         | add        | fabric                   | 0       |
|    sub_ln130_fu_852_p2                                                    |     |        | sub_ln130         | sub        | fabric                   | 0       |
|    icmp_ln130_fu_858_p2                                                   |     |        | icmp_ln130        | seteq      | auto                     | 0       |
|    add_ln130_fu_864_p2                                                    |     |        | add_ln130         | add        | fabric                   | 0       |
|    empty_62_fu_950_p2                                                     |     |        | empty_62          | add        | fabric                   | 0       |
|    empty_63_fu_975_p2                                                     |     |        | empty_63          | sub        | fabric                   | 0       |
|    select_ln175_fu_1110_p3                                                |     |        | select_ln175      | select     | auto_sel                 | 0       |
|    select_ln175_1_fu_1117_p3                                              |     |        | select_ln175_1    | select     | auto_sel                 | 0       |
|    select_ln175_2_fu_1124_p3                                              |     |        | select_ln175_2    | select     | auto_sel                 | 0       |
|    select_ln175_3_fu_1131_p3                                              |     |        | select_ln175_3    | select     | auto_sel                 | 0       |
|    select_ln175_4_fu_1138_p3                                              |     |        | select_ln175_4    | select     | auto_sel                 | 0       |
|    select_ln175_5_fu_1145_p3                                              |     |        | select_ln175_5    | select     | auto_sel                 | 0       |
|    select_ln175_6_fu_1152_p3                                              |     |        | select_ln175_6    | select     | auto_sel                 | 0       |
|    select_ln175_7_fu_1159_p3                                              |     |        | select_ln175_7    | select     | auto_sel                 | 0       |
|   + ucb1_bench_top_Pipeline_PRELOAD_W_VITIS_LOOP_108_2_VITIS_LOOP_109_310 | 0   |        |                   |            |                          |         |
|     icmp_ln105_fu_306_p2                                                  |     |        | icmp_ln105        | seteq      | auto                     | 0       |
|     add_ln105_fu_312_p2                                                   |     |        | add_ln105         | add        | fabric                   | 0       |
|     add_ln105_2_fu_408_p2                                                 |     |        | add_ln105_2       | add        | fabric                   | 0       |
|     icmp_ln108_fu_318_p2                                                  |     |        | icmp_ln108        | seteq      | auto                     | 0       |
|     select_ln105_fu_414_p3                                                |     |        | select_ln105      | select     | auto_sel                 | 0       |
|     xor_ln105_fu_351_p2                                                   |     |        | xor_ln105         | xor        | auto                     | 0       |
|     icmp_ln109_fu_356_p2                                                  |     |        | icmp_ln109        | seteq      | auto                     | 0       |
|     and_ln105_fu_362_p2                                                   |     |        | and_ln105         | and        | auto                     | 0       |
|     select_ln105_3_fu_421_p3                                              |     |        | select_ln105_3    | select     | auto_sel                 | 0       |
|     add_ln108_fu_428_p2                                                   |     |        | add_ln108         | add        | fabric                   | 0       |
|     empty_51_fu_368_p2                                                    |     |        | empty_51          | or         | auto                     | 0       |
|     ci_w_6_mid2_fu_373_p3                                                 |     |        | ci_w_6_mid2       | select     | auto_sel                 | 0       |
|     shiftreg1860_mid2_fu_462_p3                                           |     |        | shiftreg1860_mid2 | select     | auto_sel                 | 0       |
|     select_ln108_fu_434_p3                                                |     |        | select_ln108      | select     | auto_sel                 | 0       |
|     add_ln109_fu_385_p2                                                   |     |        | add_ln109         | add        | fabric                   | 0       |
|     add_ln108_2_fu_324_p2                                                 |     |        | add_ln108_2       | add        | fabric                   | 0       |
|     select_ln108_3_fu_330_p3                                              |     |        | select_ln108_3    | select     | auto_sel                 | 0       |
|   + ucb1_bench_top_Pipeline_CI_LOOP11                                     | 0   |        |                   |            |                          |         |
|     icmp_ln148_fu_1889_p2                                                 |     |        | icmp_ln148        | seteq      | auto                     | 0       |
|     add_ln148_fu_1895_p2                                                  |     |        | add_ln148         | add        | fabric                   | 0       |
|     add_ln154_fu_1915_p2                                                  |     |        | add_ln154         | add        | fabric                   | 0       |
|     empty_60_fu_1925_p2                                                   |     |        | empty_60          | add        | fabric                   | 0       |
|     sparsemux_9_2_16_1_1_U1969                                            |     |        | tmp_s             | sparsemux  | compactencoding_dontcare | 0       |
|     sparsemux_9_2_16_1_1_U1970                                            |     |        | tmp_15            | sparsemux  | compactencoding_dontcare | 0       |
|     sparsemux_9_2_16_1_1_U1971                                            |     |        | tmp_16            | sparsemux  | compactencoding_dontcare | 0       |
|     sparsemux_9_2_16_1_1_U1972                                            |     |        | tmp_17            | sparsemux  | compactencoding_dontcare | 0       |
|     sparsemux_9_2_16_1_1_U1973                                            |     |        | tmp_18            | sparsemux  | compactencoding_dontcare | 0       |
|     sparsemux_9_2_16_1_1_U1974                                            |     |        | tmp_19            | sparsemux  | compactencoding_dontcare | 0       |
|     sparsemux_9_2_16_1_1_U1975                                            |     |        | tmp_20            | sparsemux  | compactencoding_dontcare | 0       |
|     sparsemux_9_2_16_1_1_U1976                                            |     |        | tmp_21            | sparsemux  | compactencoding_dontcare | 0       |
|  + ucb1_bench_top_Pipeline_BIAS_STATS13                                   | 0   |        |                   |            |                          |         |
|    icmp_ln204_fu_754_p2                                                   |     |        | icmp_ln204        | seteq      | auto                     | 0       |
|    add_ln204_fu_760_p2                                                    |     |        | add_ln204         | add        | fabric                   | 0       |
|    add_ln211_fu_789_p2                                                    |     |        | add_ln211         | add        | fabric                   | 0       |
|    partselect_16ns_256ns_32ns_16_1_1_U2316                                |     |        | bits              | partselect | auto                     | 0       |
|    sparsemux_33_4_16_1_1_U2317                                            |     |        | tmp_s             | sparsemux  | compactencoding_dontcare | 0       |
|    sparsemux_17_3_32_1_1_U2318                                            |     |        | tmp_24            | sparsemux  | compactencoding_dontcare | 0       |
|    sparsemux_17_3_32_1_1_U2319                                            |     |        | tmp_25            | sparsemux  | compactencoding_dontcare | 0       |
|  + ucb1_bench_top_Pipeline_NORM_WRITE14                                   | 0   |        |                   |            |                          |         |
|    icmp_ln229_fu_756_p2                                                   |     |        | icmp_ln229        | seteq      | auto                     | 0       |
|    add_ln229_fu_762_p2                                                    |     |        | add_ln229         | add        | fabric                   | 0       |
|    add_ln236_fu_776_p2                                                    |     |        | add_ln236         | add        | fabric                   | 0       |
|    select_ln18_fu_1184_p3                                                 |     |        | select_ln18       | select     | auto_sel                 | 0       |
|    select_ln18_31_fu_1195_p3                                              |     |        | select_ln18_31    | select     | auto_sel                 | 0       |
|    select_ln18_32_fu_1206_p3                                              |     |        | select_ln18_32    | select     | auto_sel                 | 0       |
|    select_ln18_33_fu_1217_p3                                              |     |        | select_ln18_33    | select     | auto_sel                 | 0       |
|    select_ln18_34_fu_1228_p3                                              |     |        | select_ln18_34    | select     | auto_sel                 | 0       |
|    select_ln18_35_fu_1239_p3                                              |     |        | select_ln18_35    | select     | auto_sel                 | 0       |
|    select_ln18_36_fu_1250_p3                                              |     |        | select_ln18_36    | select     | auto_sel                 | 0       |
|    select_ln18_37_fu_1261_p3                                              |     |        | select_ln18_37    | select     | auto_sel                 | 0       |
|    select_ln18_38_fu_1272_p3                                              |     |        | select_ln18_38    | select     | auto_sel                 | 0       |
|    select_ln18_39_fu_1283_p3                                              |     |        | select_ln18_39    | select     | auto_sel                 | 0       |
|    select_ln18_40_fu_1294_p3                                              |     |        | select_ln18_40    | select     | auto_sel                 | 0       |
|    select_ln18_41_fu_1305_p3                                              |     |        | select_ln18_41    | select     | auto_sel                 | 0       |
|    select_ln18_42_fu_1316_p3                                              |     |        | select_ln18_42    | select     | auto_sel                 | 0       |
|    select_ln18_43_fu_1327_p3                                              |     |        | select_ln18_43    | select     | auto_sel                 | 0       |
|    select_ln18_44_fu_1338_p3                                              |     |        | select_ln18_44    | select     | auto_sel                 | 0       |
|    select_ln18_45_fu_1349_p3                                              |     |        | select_ln18_45    | select     | auto_sel                 | 0       |
|  + ucb1_bench_top_Outline_TILE_LOOP16                                     | 0   |        |                   |            |                          |         |
|    icmp_ln100_fu_706_p2                                                   |     |        | icmp_ln100        | seteq      | auto                     | 0       |
|    add_ln100_fu_712_p2                                                    |     |        | add_ln100         | add        | fabric                   | 0       |
|    icmp_ln118_fu_734_p2                                                   |     |        | icmp_ln118        | seteq      | auto                     | 0       |
|    add_ln118_fu_740_p2                                                    |     |        | add_ln118         | add        | fabric                   | 0       |
|    sub_ln121_fu_754_p2                                                    |     |        | sub_ln121         | sub        | fabric                   | 0       |
|    or_ln123_fu_772_p2                                                     |     |        | or_ln123          | or         | auto                     | 0       |
|    empty_fu_786_p2                                                        |     |        | empty             | sub        | fabric                   | 0       |
|    icmp_ln126_fu_812_p2                                                   |     |        | icmp_ln126        | seteq      | auto                     | 0       |
|    add_ln126_fu_818_p2                                                    |     |        | add_ln126         | add        | fabric                   | 0       |
|    add_ln128_fu_832_p2                                                    |     |        | add_ln128         | add        | fabric                   | 0       |
|    sub_ln130_fu_861_p2                                                    |     |        | sub_ln130         | sub        | fabric                   | 0       |
|    icmp_ln130_fu_867_p2                                                   |     |        | icmp_ln130        | seteq      | auto                     | 0       |
|    add_ln130_fu_873_p2                                                    |     |        | add_ln130         | add        | fabric                   | 0       |
|    empty_67_fu_959_p2                                                     |     |        | empty_67          | add        | fabric                   | 0       |
|    empty_68_fu_984_p2                                                     |     |        | empty_68          | sub        | fabric                   | 0       |
|    select_ln175_8_fu_1119_p3                                              |     |        | select_ln175_8    | select     | auto_sel                 | 0       |
|    select_ln175_9_fu_1126_p3                                              |     |        | select_ln175_9    | select     | auto_sel                 | 0       |
|    select_ln175_10_fu_1133_p3                                             |     |        | select_ln175_10   | select     | auto_sel                 | 0       |
|    select_ln175_11_fu_1140_p3                                             |     |        | select_ln175_11   | select     | auto_sel                 | 0       |
|    select_ln175_12_fu_1147_p3                                             |     |        | select_ln175_12   | select     | auto_sel                 | 0       |
|    select_ln175_13_fu_1154_p3                                             |     |        | select_ln175_13   | select     | auto_sel                 | 0       |
|    select_ln175_14_fu_1161_p3                                             |     |        | select_ln175_14   | select     | auto_sel                 | 0       |
|    select_ln175_fu_1168_p3                                                |     |        | select_ln175      | select     | auto_sel                 | 0       |
|   + ucb1_bench_top_Pipeline_PRELOAD_W_VITIS_LOOP_108_2_VITIS_LOOP_109_317 | 0   |        |                   |            |                          |         |
|     icmp_ln105_fu_306_p2                                                  |     |        | icmp_ln105        | seteq      | auto                     | 0       |
|     add_ln105_fu_312_p2                                                   |     |        | add_ln105         | add        | fabric                   | 0       |
|     add_ln105_1_fu_408_p2                                                 |     |        | add_ln105_1       | add        | fabric                   | 0       |
|     icmp_ln108_fu_318_p2                                                  |     |        | icmp_ln108        | seteq      | auto                     | 0       |
|     select_ln105_fu_414_p3                                                |     |        | select_ln105      | select     | auto_sel                 | 0       |
|     xor_ln105_fu_351_p2                                                   |     |        | xor_ln105         | xor        | auto                     | 0       |
|     icmp_ln109_fu_356_p2                                                  |     |        | icmp_ln109        | seteq      | auto                     | 0       |
|     and_ln105_fu_362_p2                                                   |     |        | and_ln105         | and        | auto                     | 0       |
|     select_ln105_2_fu_421_p3                                              |     |        | select_ln105_2    | select     | auto_sel                 | 0       |
|     add_ln108_1_fu_428_p2                                                 |     |        | add_ln108_1       | add        | fabric                   | 0       |
|     empty_49_fu_368_p2                                                    |     |        | empty_49          | or         | auto                     | 0       |
|     ci_w_2_mid2_fu_373_p3                                                 |     |        | ci_w_2_mid2       | select     | auto_sel                 | 0       |
|     shiftreg_mid2_fu_462_p3                                               |     |        | shiftreg_mid2     | select     | auto_sel                 | 0       |
|     select_ln108_fu_434_p3                                                |     |        | select_ln108      | select     | auto_sel                 | 0       |
|     add_ln109_fu_385_p2                                                   |     |        | add_ln109         | add        | fabric                   | 0       |
|     add_ln108_fu_324_p2                                                   |     |        | add_ln108         | add        | fabric                   | 0       |
|     select_ln108_2_fu_330_p3                                              |     |        | select_ln108_2    | select     | auto_sel                 | 0       |
|   + ucb1_bench_top_Pipeline_CI_LOOP18                                     | 0   |        |                   |            |                          |         |
|     icmp_ln148_fu_1889_p2                                                 |     |        | icmp_ln148        | seteq      | auto                     | 0       |
|     add_ln148_fu_1895_p2                                                  |     |        | add_ln148         | add        | fabric                   | 0       |
|     add_ln154_fu_1915_p2                                                  |     |        | add_ln154         | add        | fabric                   | 0       |
|     empty_59_fu_1925_p2                                                   |     |        | empty_59          | add        | fabric                   | 0       |
|     sparsemux_9_2_16_1_1_U2747                                            |     |        | tmp_s             | sparsemux  | compactencoding_dontcare | 0       |
|     sparsemux_9_2_16_1_1_U2748                                            |     |        | tmp_8             | sparsemux  | compactencoding_dontcare | 0       |
|     sparsemux_9_2_16_1_1_U2749                                            |     |        | tmp_9             | sparsemux  | compactencoding_dontcare | 0       |
|     sparsemux_9_2_16_1_1_U2750                                            |     |        | tmp_10            | sparsemux  | compactencoding_dontcare | 0       |
|     sparsemux_9_2_16_1_1_U2751                                            |     |        | tmp_11            | sparsemux  | compactencoding_dontcare | 0       |
|     sparsemux_9_2_16_1_1_U2752                                            |     |        | tmp_12            | sparsemux  | compactencoding_dontcare | 0       |
|     sparsemux_9_2_16_1_1_U2753                                            |     |        | tmp_13            | sparsemux  | compactencoding_dontcare | 0       |
|     sparsemux_9_2_16_1_1_U2754                                            |     |        | tmp_14            | sparsemux  | compactencoding_dontcare | 0       |
|  + ucb1_bench_top_Pipeline_BIAS_STATS20                                   | 0   |        |                   |            |                          |         |
|    icmp_ln204_fu_754_p2                                                   |     |        | icmp_ln204        | seteq      | auto                     | 0       |
|    add_ln204_fu_760_p2                                                    |     |        | add_ln204         | add        | fabric                   | 0       |
|    add_ln211_fu_789_p2                                                    |     |        | add_ln211         | add        | fabric                   | 0       |
|    partselect_16ns_256ns_32ns_16_1_1_U3093                                |     |        | u_177             | partselect | auto                     | 0       |
|    sparsemux_33_4_16_1_1_U3094                                            |     |        | tmp_12            | sparsemux  | compactencoding_dontcare | 0       |
|    sparsemux_17_3_32_1_1_U3095                                            |     |        | tmp_13            | sparsemux  | compactencoding_dontcare | 0       |
|    sparsemux_17_3_32_1_1_U3096                                            |     |        | tmp_14            | sparsemux  | compactencoding_dontcare | 0       |
|  + ucb1_bench_top_Pipeline_NORM_WRITE21                                   | 0   |        |                   |            |                          |         |
|    icmp_ln229_fu_756_p2                                                   |     |        | icmp_ln229        | seteq      | auto                     | 0       |
|    add_ln229_fu_762_p2                                                    |     |        | add_ln229         | add        | fabric                   | 0       |
|    add_ln236_fu_776_p2                                                    |     |        | add_ln236         | add        | fabric                   | 0       |
|    select_ln18_fu_1184_p3                                                 |     |        | select_ln18       | select     | auto_sel                 | 0       |
|    select_ln18_16_fu_1195_p3                                              |     |        | select_ln18_16    | select     | auto_sel                 | 0       |
|    select_ln18_17_fu_1206_p3                                              |     |        | select_ln18_17    | select     | auto_sel                 | 0       |
|    select_ln18_18_fu_1217_p3                                              |     |        | select_ln18_18    | select     | auto_sel                 | 0       |
|    select_ln18_19_fu_1228_p3                                              |     |        | select_ln18_19    | select     | auto_sel                 | 0       |
|    select_ln18_20_fu_1239_p3                                              |     |        | select_ln18_20    | select     | auto_sel                 | 0       |
|    select_ln18_21_fu_1250_p3                                              |     |        | select_ln18_21    | select     | auto_sel                 | 0       |
|    select_ln18_22_fu_1261_p3                                              |     |        | select_ln18_22    | select     | auto_sel                 | 0       |
|    select_ln18_23_fu_1272_p3                                              |     |        | select_ln18_23    | select     | auto_sel                 | 0       |
|    select_ln18_24_fu_1283_p3                                              |     |        | select_ln18_24    | select     | auto_sel                 | 0       |
|    select_ln18_25_fu_1294_p3                                              |     |        | select_ln18_25    | select     | auto_sel                 | 0       |
|    select_ln18_26_fu_1305_p3                                              |     |        | select_ln18_26    | select     | auto_sel                 | 0       |
|    select_ln18_27_fu_1316_p3                                              |     |        | select_ln18_27    | select     | auto_sel                 | 0       |
|    select_ln18_28_fu_1327_p3                                              |     |        | select_ln18_28    | select     | auto_sel                 | 0       |
|    select_ln18_29_fu_1338_p3                                              |     |        | select_ln18_29    | select     | auto_sel                 | 0       |
|    select_ln18_30_fu_1349_p3                                              |     |        | select_ln18_30    | select     | auto_sel                 | 0       |
+---------------------------------------------------------------------------+-----+--------+-------------------+------------+--------------------------+---------+


================================================================
== Storage Report
================================================================
+-----------------------------------------------------------------------------------------+---------------+-----------+------+------+--------+-------------------------------------------------------------------------------------+------+---------+------------------+
| Name                                                                                    | Usage         | Type      | BRAM | URAM | Pragma | Variable                                                                            | Impl | Latency | Bitwidth, Depth, |
|                                                                                         |               |           |      |      |        |                                                                                     |      |         | Banks            |
+-----------------------------------------------------------------------------------------+---------------+-----------+------+------+--------+-------------------------------------------------------------------------------------+------+---------+------------------+
| + ucb1_bench_top                                                                        |               |           | 664  | 36   |        |                                                                                     |      |         |                  |
|   control_s_axi_U                                                                       | interface     | s_axilite |      |      |        |                                                                                     |      |         |                  |
|   gmem_in_m_axi_U                                                                       | interface     | m_axi     | 29   |      |        |                                                                                     |      |         |                  |
|   gmem_out_m_axi_U                                                                      | interface     | m_axi     | 15   |      |        |                                                                                     |      |         |                  |
|   gmem_param_m_axi_U                                                                    | interface     | m_axi     | 15   |      |        |                                                                                     |      |         |                  |
|   gmem_weight_m_axi_U                                                                   | interface     | m_axi     | 29   |      |        |                                                                                     |      |         |                  |
|   b_buf_U                                                                               | ram_t2p array |           | 8    |      | yes    | b_buf                                                                               | bram | 1       | 256, 30, 1       |
|   g_buf_U                                                                               | ram_t2p array |           | 8    |      | yes    | g_buf                                                                               | bram | 1       | 256, 30, 1       |
|   be_buf_U                                                                              | ram_t2p array |           | 8    |      | yes    | be_buf                                                                              | bram | 1       | 256, 30, 1       |
|   hsub_16ns_16ns_16_5_full_dsp_1_U3507                                                  | ram_t2p array |           | 8    |      | yes    | b_buf_1                                                                             | bram | 1       | 256, 30, 1       |
|   hsub_16ns_16ns_16_5_full_dsp_1_U3507                                                  | ram_t2p array |           | 8    |      | yes    | g_buf_1                                                                             | bram | 1       | 256, 30, 1       |
|   hmul_16ns_16ns_16_4_max_dsp_1_U3302                                                   | ram_t2p array |           | 8    |      | yes    | be_buf_1                                                                            | bram | 1       | 256, 30, 1       |
|   hadd_16ns_16ns_16_5_full_dsp_1_U3498                                                  | ram_t2p array |           | 8    |      | yes    | b_buf_2                                                                             | bram | 1       | 256, 30, 1       |
|   hcmp_16ns_16ns_1_2_no_dsp_1_U3523                                                     | ram_t2p array |           | 8    |      | yes    | g_buf_2                                                                             | bram | 1       | 256, 30, 1       |
|   hcmp_16ns_16ns_1_2_no_dsp_1_U3523                                                     | ram_t2p array |           | 8    |      | yes    | be_buf_2                                                                            | bram | 1       | 256, 30, 1       |
|   b_buf_3_U                                                                             | ram_t2p array |           | 8    |      | yes    | b_buf_3                                                                             | bram | 1       | 256, 30, 1       |
|   g_buf_3_U                                                                             | ram_t2p array |           | 8    |      | yes    | g_buf_3                                                                             | bram | 1       | 256, 30, 1       |
|   be_buf_3_U                                                                            | ram_t2p array |           | 8    |      | yes    | be_buf_3                                                                            | bram | 1       | 256, 30, 1       |
|   x_buf_U                                                                               | ram_t2p       |           |      | 4    | pragma | x_buf                                                                               | uram | 1       | 256, 1920, 1     |
|   void_UpConv_Fused_Row_Bench_ap_uint_ap_uint_const_ap_uint_const_ap_uint_const_9_U     | ram_t2p       |           |      | 2    | pragma | void_UpConv_Fused_Row_Bench_ap_uint_ap_uint_const_ap_uint_const_ap_uint_const_9     | uram | 1       | 16, 7680, 1      |
|   void_UpConv_Fused_Row_Bench_ap_uint_ap_uint_const_ap_uint_const_ap_uint_const_8_U     | ram_t2p       |           |      | 2    | pragma | void_UpConv_Fused_Row_Bench_ap_uint_ap_uint_const_ap_uint_const_ap_uint_const_8     | uram | 1       | 16, 7680, 1      |
|   void_UpConv_Fused_Row_Bench_ap_uint_ap_uint_const_ap_uint_const_ap_uint_const_7_U     | ram_t2p       |           |      | 2    | pragma | void_UpConv_Fused_Row_Bench_ap_uint_ap_uint_const_ap_uint_const_ap_uint_const_7     | uram | 1       | 16, 7680, 1      |
|   void_UpConv_Fused_Row_Bench_ap_uint_ap_uint_const_ap_uint_const_ap_uint_const_6_U     | ram_t2p       |           |      | 2    | pragma | void_UpConv_Fused_Row_Bench_ap_uint_ap_uint_const_ap_uint_const_ap_uint_const_6     | uram | 1       | 16, 7680, 1      |
|   void_UpConv_Fused_Row_Bench_ap_uint_ap_uint_const_ap_uint_const_ap_uint_const_5_U     | ram_t2p       |           |      | 2    | pragma | void_UpConv_Fused_Row_Bench_ap_uint_ap_uint_const_ap_uint_const_ap_uint_const_5     | uram | 1       | 16, 7680, 1      |
|   void_UpConv_Fused_Row_Bench_ap_uint_ap_uint_const_ap_uint_const_ap_uint_const_4_U     | ram_t2p       |           |      | 2    | pragma | void_UpConv_Fused_Row_Bench_ap_uint_ap_uint_const_ap_uint_const_ap_uint_const_4     | uram | 1       | 16, 7680, 1      |
|   void_UpConv_Fused_Row_Bench_ap_uint_ap_uint_const_ap_uint_const_ap_uint_const_3_U     | ram_t2p       |           |      | 2    | pragma | void_UpConv_Fused_Row_Bench_ap_uint_ap_uint_const_ap_uint_const_ap_uint_const_3     | uram | 1       | 16, 7680, 1      |
|   void_UpConv_Fused_Row_Bench_ap_uint_ap_uint_const_ap_uint_const_ap_uint_const_2_U     | ram_t2p       |           |      | 2    | pragma | void_UpConv_Fused_Row_Bench_ap_uint_ap_uint_const_ap_uint_const_ap_uint_const_2     | uram | 1       | 16, 7680, 1      |
|   void_UpConv_Fused_Row_Bench_ap_uint_ap_uint_const_ap_uint_const_ap_uint_const_1_U     | ram_t2p       |           |      | 2    | pragma | void_UpConv_Fused_Row_Bench_ap_uint_ap_uint_const_ap_uint_const_ap_uint_const_1     | uram | 1       | 16, 7680, 1      |
|   void_UpConv_Fused_Row_Bench_ap_uint_ap_uint_const_ap_uint_const_ap_uint_const_U       | ram_t2p       |           |      | 2    | pragma | void_UpConv_Fused_Row_Bench_ap_uint_ap_uint_const_ap_uint_const_ap_uint_const       | uram | 1       | 16, 7680, 1      |
|   p_ZZ22UpConv_Fused_Row_BenchILi8EEvP7ap_uintILi256EEPKS1_S4_S4_S4_S2_DhiiiiiE7row_5_U | ram_t2p       |           |      | 2    | pragma | p_ZZ22UpConv_Fused_Row_BenchILi8EEvP7ap_uintILi256EEPKS1_S4_S4_S4_S2_DhiiiiiE7row_5 | uram | 1       | 16, 7680, 1      |
|   p_ZZ22UpConv_Fused_Row_BenchILi8EEvP7ap_uintILi256EEPKS1_S4_S4_S4_S2_DhiiiiiE7row_4_U | ram_t2p       |           |      | 2    | pragma | p_ZZ22UpConv_Fused_Row_BenchILi8EEvP7ap_uintILi256EEPKS1_S4_S4_S4_S2_DhiiiiiE7row_4 | uram | 1       | 16, 7680, 1      |
|   p_ZZ22UpConv_Fused_Row_BenchILi8EEvP7ap_uintILi256EEPKS1_S4_S4_S4_S2_DhiiiiiE7row_3_U | ram_t2p       |           |      | 2    | pragma | p_ZZ22UpConv_Fused_Row_BenchILi8EEvP7ap_uintILi256EEPKS1_S4_S4_S4_S2_DhiiiiiE7row_3 | uram | 1       | 16, 7680, 1      |
|   p_ZZ22UpConv_Fused_Row_BenchILi8EEvP7ap_uintILi256EEPKS1_S4_S4_S4_S2_DhiiiiiE7row_2_U | ram_t2p       |           |      | 2    | pragma | p_ZZ22UpConv_Fused_Row_BenchILi8EEvP7ap_uintILi256EEPKS1_S4_S4_S4_S2_DhiiiiiE7row_2 | uram | 1       | 16, 7680, 1      |
|   p_ZZ22UpConv_Fused_Row_BenchILi8EEvP7ap_uintILi256EEPKS1_S4_S4_S4_S2_DhiiiiiE7row_1_U | ram_t2p       |           |      | 2    | pragma | p_ZZ22UpConv_Fused_Row_BenchILi8EEvP7ap_uintILi256EEPKS1_S4_S4_S4_S2_DhiiiiiE7row_1 | uram | 1       | 16, 7680, 1      |
|   p_ZZ22UpConv_Fused_Row_BenchILi8EEvP7ap_uintILi256EEPKS1_S4_S4_S4_S2_DhiiiiiE7row_U   | ram_t2p       |           |      | 2    | pragma | p_ZZ22UpConv_Fused_Row_BenchILi8EEvP7ap_uintILi256EEPKS1_S4_S4_S4_S2_DhiiiiiE7row   | uram | 1       | 16, 7680, 1      |
|  + ucb1_bench_top_Outline_TILE_LOOP                                                     |               |           | 120  | 0    |        |                                                                                     |      |         |                  |
|    w_local_21_U                                                                         | ram_t2p array |           | 15   |      | yes    | w_local_21                                                                          | bram | 1       | 256, 540, 1      |
|    w_local_20_U                                                                         | ram_t2p array |           | 15   |      | yes    | w_local_20                                                                          | bram | 1       | 256, 540, 1      |
|    w_local_19_U                                                                         | ram_t2p array |           | 15   |      | yes    | w_local_19                                                                          | bram | 1       | 256, 540, 1      |
|    w_local_18_U                                                                         | ram_t2p array |           | 15   |      | yes    | w_local_18                                                                          | bram | 1       | 256, 540, 1      |
|    w_local_17_U                                                                         | ram_t2p array |           | 15   |      | yes    | w_local_17                                                                          | bram | 1       | 256, 540, 1      |
|    w_local_16_U                                                                         | ram_t2p array |           | 15   |      | yes    | w_local_16                                                                          | bram | 1       | 256, 540, 1      |
|    w_local_15_U                                                                         | ram_t2p array |           | 15   |      | yes    | w_local_15                                                                          | bram | 1       | 256, 540, 1      |
|    w_local_U                                                                            | ram_t2p array |           | 15   |      | yes    | w_local                                                                             | bram | 1       | 256, 540, 1      |
|  + ucb1_bench_top_Outline_TILE_LOOP2                                                    |               |           | 120  | 0    |        |                                                                                     |      |         |                  |
|    w_local_14_U                                                                         | ram_t2p array |           | 15   |      | yes    | w_local_14                                                                          | bram | 1       | 256, 540, 1      |
|    w_local_13_U                                                                         | ram_t2p array |           | 15   |      | yes    | w_local_13                                                                          | bram | 1       | 256, 540, 1      |
|    w_local_12_U                                                                         | ram_t2p array |           | 15   |      | yes    | w_local_12                                                                          | bram | 1       | 256, 540, 1      |
|    w_local_11_U                                                                         | ram_t2p array |           | 15   |      | yes    | w_local_11                                                                          | bram | 1       | 256, 540, 1      |
|    w_local_10_U                                                                         | ram_t2p array |           | 15   |      | yes    | w_local_10                                                                          | bram | 1       | 256, 540, 1      |
|    w_local_9_U                                                                          | ram_t2p array |           | 15   |      | yes    | w_local_9                                                                           | bram | 1       | 256, 540, 1      |
|    w_local_8_U                                                                          | ram_t2p array |           | 15   |      | yes    | w_local_8                                                                           | bram | 1       | 256, 540, 1      |
|    w_local_U                                                                            | ram_t2p array |           | 15   |      | yes    | w_local                                                                             | bram | 1       | 256, 540, 1      |
|  + ucb1_bench_top_Outline_TILE_LOOP9                                                    |               |           | 120  | 0    |        |                                                                                     |      |         |                  |
|    w_local_7_U                                                                          | ram_t2p array |           | 15   |      | yes    | w_local_7                                                                           | bram | 1       | 256, 540, 1      |
|    w_local_6_U                                                                          | ram_t2p array |           | 15   |      | yes    | w_local_6                                                                           | bram | 1       | 256, 540, 1      |
|    w_local_5_U                                                                          | ram_t2p array |           | 15   |      | yes    | w_local_5                                                                           | bram | 1       | 256, 540, 1      |
|    w_local_4_U                                                                          | ram_t2p array |           | 15   |      | yes    | w_local_4                                                                           | bram | 1       | 256, 540, 1      |
|    w_local_3_U                                                                          | ram_t2p array |           | 15   |      | yes    | w_local_3                                                                           | bram | 1       | 256, 540, 1      |
|    w_local_2_U                                                                          | ram_t2p array |           | 15   |      | yes    | w_local_2                                                                           | bram | 1       | 256, 540, 1      |
|    w_local_1_U                                                                          | ram_t2p array |           | 15   |      | yes    | w_local_1                                                                           | bram | 1       | 256, 540, 1      |
|    w_local_U                                                                            | ram_t2p array |           | 15   |      | yes    | w_local                                                                             | bram | 1       | 256, 540, 1      |
|  + ucb1_bench_top_Outline_TILE_LOOP16                                                   |               |           | 120  | 0    |        |                                                                                     |      |         |                  |
|    w_local_7_U                                                                          | ram_t2p array |           | 15   |      | yes    | w_local_7                                                                           | bram | 1       | 256, 540, 1      |
|    w_local_6_U                                                                          | ram_t2p array |           | 15   |      | yes    | w_local_6                                                                           | bram | 1       | 256, 540, 1      |
|    w_local_5_U                                                                          | ram_t2p array |           | 15   |      | yes    | w_local_5                                                                           | bram | 1       | 256, 540, 1      |
|    w_local_4_U                                                                          | ram_t2p array |           | 15   |      | yes    | w_local_4                                                                           | bram | 1       | 256, 540, 1      |
|    w_local_3_U                                                                          | ram_t2p array |           | 15   |      | yes    | w_local_3                                                                           | bram | 1       | 256, 540, 1      |
|    w_local_2_U                                                                          | ram_t2p array |           | 15   |      | yes    | w_local_2                                                                           | bram | 1       | 256, 540, 1      |
|    w_local_1_U                                                                          | ram_t2p array |           | 15   |      | yes    | w_local_1                                                                           | bram | 1       | 256, 540, 1      |
|    w_local_U                                                                            | ram_t2p array |           | 15   |      | yes    | w_local                                                                             | bram | 1       | 256, 540, 1      |
+-----------------------------------------------------------------------------------------+---------------+-----------+------+------+--------+-------------------------------------------------------------------------------------+------+---------+------------------+


================================================================
== Pragma Report
================================================================
* Valid Pragma Syntax
+-----------------+-----------------------------------------------------------------------+--------------------------------------------------------+
| Type            | Options                                                               | Location                                               |
+-----------------+-----------------------------------------------------------------------+--------------------------------------------------------+
| inline          |                                                                       | bench_top.cpp:14 in half_to_bits                       |
| inline          |                                                                       | bench_top.cpp:30 in bits_to_half                       |
| inline          |                                                                       | bench_top.cpp:44 in my_sqrt_f                          |
| inline          |                                                                       | bench_top.cpp:66 in upconv_fused_row_bench             |
| bind_storage    | variable=row_acc type=ram_t2p impl=uram                               | bench_top.cpp:79 in upconv_fused_row_bench, row_acc    |
| array_partition | variable=row_acc cyclic factor=16 dim=2                               | bench_top.cpp:80 in upconv_fused_row_bench, row_acc    |
| pipeline        | II=1                                                                  | bench_top.cpp:87 in upconv_fused_row_bench             |
| loop_tripcount  | min=64 max=64 avg=64                                                  | bench_top.cpp:88 in upconv_fused_row_bench             |
| unroll          |                                                                       | bench_top.cpp:90 in upconv_fused_row_bench             |
| bind_storage    | variable=w_local type=ram_t2p impl=bram                               | bench_top.cpp:97 in upconv_fused_row_bench, w_local    |
| array_partition | variable=w_local complete dim=1                                       | bench_top.cpp:98 in upconv_fused_row_bench, w_local    |
| loop_tripcount  | min=30 max=30 avg=30                                                  | bench_top.cpp:101 in upconv_fused_row_bench            |
| pipeline        | II=1                                                                  | bench_top.cpp:110 in upconv_fused_row_bench            |
| loop_tripcount  | min=30 max=30 avg=30                                                  | bench_top.cpp:111 in upconv_fused_row_bench            |
| loop_tripcount  | min=1 max=2                                                           | bench_top.cpp:119 in upconv_fused_row_bench            |
| loop_tripcount  | min=2 max=3                                                           | bench_top.cpp:127 in upconv_fused_row_bench            |
| loop_tripcount  | min=32 max=32 avg=32                                                  | bench_top.cpp:131 in upconv_fused_row_bench            |
| array_partition | variable=psum complete dim=0                                          | bench_top.cpp:137 in upconv_fused_row_bench, psum      |
| unroll          |                                                                       | bench_top.cpp:141 in upconv_fused_row_bench            |
| unroll          |                                                                       | bench_top.cpp:143 in upconv_fused_row_bench            |
| pipeline        | II=1                                                                  | bench_top.cpp:149 in upconv_fused_row_bench            |
| loop_tripcount  | min=30 max=30 avg=30                                                  | bench_top.cpp:150 in upconv_fused_row_bench            |
| dependence      | variable=psum type=inter false                                        | bench_top.cpp:151 in upconv_fused_row_bench, psum      |
| unroll          |                                                                       | bench_top.cpp:157 in upconv_fused_row_bench            |
| unroll          |                                                                       | bench_top.cpp:161 in upconv_fused_row_bench            |
| unroll          |                                                                       | bench_top.cpp:172 in upconv_fused_row_bench            |
| bind_storage    | variable=b_buf type=ram_t2p impl=bram                                 | bench_top.cpp:184 in upconv_fused_row_bench, b_buf     |
| bind_storage    | variable=g_buf type=ram_t2p impl=bram                                 | bench_top.cpp:185 in upconv_fused_row_bench, g_buf     |
| bind_storage    | variable=be_buf type=ram_t2p impl=bram                                | bench_top.cpp:186 in upconv_fused_row_bench, be_buf    |
| pipeline        | II=1                                                                  | bench_top.cpp:189 in upconv_fused_row_bench            |
| loop_tripcount  | min=15 max=15 avg=15                                                  | bench_top.cpp:190 in upconv_fused_row_bench            |
| pipeline        | off                                                                   | bench_top.cpp:197 in upconv_fused_row_bench            |
| loop_tripcount  | min=64 max=64 avg=64                                                  | bench_top.cpp:198 in upconv_fused_row_bench            |
| array_partition | variable=sum_rot complete                                             | bench_top.cpp:201 in upconv_fused_row_bench, sum_rot   |
| array_partition | variable=sumsq_rot complete                                           | bench_top.cpp:202 in upconv_fused_row_bench, sumsq_rot |
| pipeline        | II=1                                                                  | bench_top.cpp:205 in upconv_fused_row_bench            |
| loop_tripcount  | min=240 max=240 avg=240                                               | bench_top.cpp:206 in upconv_fused_row_bench            |
| dependence      | variable=sum_rot type=inter false                                     | bench_top.cpp:207 in upconv_fused_row_bench, sum_rot   |
| dependence      | variable=sumsq_rot type=inter false                                   | bench_top.cpp:208 in upconv_fused_row_bench, sumsq_rot |
| unroll          |                                                                       | bench_top.cpp:220 in upconv_fused_row_bench            |
| pipeline        | II=1                                                                  | bench_top.cpp:230 in upconv_fused_row_bench            |
| loop_tripcount  | min=15 max=15 avg=15                                                  | bench_top.cpp:231 in upconv_fused_row_bench            |
| unroll          |                                                                       | bench_top.cpp:234 in upconv_fused_row_bench            |
| interface       | m_axi port=X offset=slave bundle=gmem_in max_read_burst_length=64     | bench_top.cpp:259 in ucb1_bench_top, X                 |
| interface       | m_axi port=W offset=slave bundle=gmem_weight max_read_burst_length=64 | bench_top.cpp:260 in ucb1_bench_top, W                 |
| interface       | m_axi port=B offset=slave bundle=gmem_param max_read_burst_length=64  | bench_top.cpp:261 in ucb1_bench_top, B                 |
| interface       | m_axi port=G offset=slave bundle=gmem_param max_read_burst_length=64  | bench_top.cpp:262 in ucb1_bench_top, G                 |
| interface       | m_axi port=BE offset=slave bundle=gmem_param max_read_burst_length=64 | bench_top.cpp:263 in ucb1_bench_top, BE                |
| interface       | m_axi port=Y offset=slave bundle=gmem_out max_write_burst_length=64   | bench_top.cpp:264 in ucb1_bench_top, Y                 |
| interface       | s_axilite port=X bundle=control                                       | bench_top.cpp:265 in ucb1_bench_top, X                 |
| interface       | s_axilite port=W bundle=control                                       | bench_top.cpp:266 in ucb1_bench_top, W                 |
| interface       | s_axilite port=B bundle=control                                       | bench_top.cpp:267 in ucb1_bench_top, B                 |
| interface       | s_axilite port=G bundle=control                                       | bench_top.cpp:268 in ucb1_bench_top, G                 |
| interface       | s_axilite port=BE bundle=control                                      | bench_top.cpp:269 in ucb1_bench_top, BE                |
| interface       | s_axilite port=Y bundle=control                                       | bench_top.cpp:270 in ucb1_bench_top, Y                 |
| interface       | s_axilite port=epsilon bundle=control                                 | bench_top.cpp:271 in ucb1_bench_top, epsilon           |
| interface       | s_axilite port=return bundle=control                                  | bench_top.cpp:272 in ucb1_bench_top, return            |
| bind_storage    | variable=x_buf type=ram_t2p impl=uram                                 | bench_top.cpp:282 in ucb1_bench_top, x_buf             |
| loop_tripcount  | min=32 max=32 avg=32                                                  | bench_top.cpp:286 in ucb1_bench_top                    |
| pipeline        | II=1                                                                  | bench_top.cpp:288 in ucb1_bench_top                    |
| loop_tripcount  | min=30 max=30 avg=30                                                  | bench_top.cpp:289 in ucb1_bench_top                    |
| loop_tripcount  | min=31 max=31 avg=31                                                  | bench_top.cpp:296 in ucb1_bench_top                    |
| loop_tripcount  | min=32 max=32 avg=32                                                  | bench_top.cpp:299 in ucb1_bench_top                    |
| pipeline        | II=1                                                                  | bench_top.cpp:301 in ucb1_bench_top                    |
| loop_tripcount  | min=30 max=30 avg=30                                                  | bench_top.cpp:302 in ucb1_bench_top                    |
+-----------------+-----------------------------------------------------------------------+--------------------------------------------------------+


