

================================================================
== Vitis HLS Report for 'ucb1_bench_top_Pipeline_CI_LOOP'
================================================================
* Date:           Wed May 13 20:37:20 2026

* Version:        2024.2 (Build 5238294 on Nov  8 2024)
* Project:        prj
* Solution:       solution1 (Vitis Kernel Flow Target)
* Product family: zynquplus
* Target device:  xczu7ev-ffvc1156-2-e


================================================================
== Performance Estimates
================================================================
+ Timing: 
    * Summary: 
    +--------+---------+----------+------------+
    |  Clock |  Target | Estimated| Uncertainty|
    +--------+---------+----------+------------+
    |ap_clk  |  3.33 ns|  2.333 ns|     0.90 ns|
    +--------+---------+----------+------------+

+ Latency: 
    * Summary: 
    +---------+---------+----------+----------+-----+-----+------------------------------------------------+
    |  Latency (cycles) |  Latency (absolute) |  Interval |                    Pipeline                    |
    |   min   |   max   |    min   |    max   | min | max |                      Type                      |
    +---------+---------+----------+----------+-----+-----+------------------------------------------------+
    |      123|      123|  0.410 us|  0.410 us|   31|   31|  loop auto-rewind stp (delay=0 clock cycles(s))|
    +---------+---------+----------+----------+-----+-----+------------------------------------------------+

    + Detail: 
        * Instance: 
        N/A

        * Loop: 
        +-----------+---------+---------+----------+-----------+-----------+------+----------+
        |           |  Latency (cycles) | Iteration|  Initiation Interval  | Trip |          |
        | Loop Name |   min   |   max   |  Latency |  achieved |   target  | Count| Pipelined|
        +-----------+---------+---------+----------+-----------+-----------+------+----------+
        |- CI_LOOP  |      121|      121|        93|          1|          1|    30|       yes|
        +-----------+---------+---------+----------+-----------+-----------+------+----------+



================================================================
== Utilization Estimates
================================================================
* Summary: 
+-----------------+---------+------+--------+--------+-----+
|       Name      | BRAM_18K|  DSP |   FF   |   LUT  | URAM|
+-----------------+---------+------+--------+--------+-----+
|DSP              |        -|     -|       -|       -|    -|
|Expression       |        -|     -|       0|      59|    -|
|FIFO             |        -|     -|       -|       -|    -|
|Instance         |        -|     -|       0|     160|    -|
|Memory           |        -|     -|       -|       -|    -|
|Multiplexer      |        -|     -|       0|     612|    -|
|Register         |        -|     -|   15174|    3904|    -|
+-----------------+---------+------+--------+--------+-----+
|Total            |        0|     0|   15174|    4735|    0|
+-----------------+---------+------+--------+--------+-----+
|Available        |      624|  1728|  460800|  230400|   96|
+-----------------+---------+------+--------+--------+-----+
|Utilization (%)  |        0|     0|       3|       2|    0|
+-----------------+---------+------+--------+--------+-----+

+ Detail: 
    * Instance: 
    +---------------------------+----------------------+---------+----+---+----+-----+
    |          Instance         |        Module        | BRAM_18K| DSP| FF| LUT| URAM|
    +---------------------------+----------------------+---------+----+---+----+-----+
    |sparsemux_9_2_16_1_1_U294  |sparsemux_9_2_16_1_1  |        0|   0|  0|  20|    0|
    |sparsemux_9_2_16_1_1_U295  |sparsemux_9_2_16_1_1  |        0|   0|  0|  20|    0|
    |sparsemux_9_2_16_1_1_U296  |sparsemux_9_2_16_1_1  |        0|   0|  0|  20|    0|
    |sparsemux_9_2_16_1_1_U297  |sparsemux_9_2_16_1_1  |        0|   0|  0|  20|    0|
    |sparsemux_9_2_16_1_1_U298  |sparsemux_9_2_16_1_1  |        0|   0|  0|  20|    0|
    |sparsemux_9_2_16_1_1_U299  |sparsemux_9_2_16_1_1  |        0|   0|  0|  20|    0|
    |sparsemux_9_2_16_1_1_U300  |sparsemux_9_2_16_1_1  |        0|   0|  0|  20|    0|
    |sparsemux_9_2_16_1_1_U301  |sparsemux_9_2_16_1_1  |        0|   0|  0|  20|    0|
    +---------------------------+----------------------+---------+----+---+----+-----+
    |Total                      |                      |        0|   0|  0| 160|    0|
    +---------------------------+----------------------+---------+----+---+----+-----+

    * DSP: 
    N/A

    * Memory: 
    N/A

    * FIFO: 
    N/A

    * Expression: 
    +-----------------------+----------+----+---+----+------------+------------+
    |     Variable Name     | Operation| DSP| FF| LUT| Bitwidth P0| Bitwidth P1|
    +-----------------------+----------+----+---+----+------------+------------+
    |add_ln148_fu_1895_p2   |         +|   0|  0|  12|           5|           1|
    |add_ln154_fu_1915_p2   |         +|   0|  0|  17|          10|          10|
    |empty_61_fu_1925_p2    |         +|   0|  0|  16|           9|           9|
    |icmp_ln148_fu_1889_p2  |      icmp|   0|  0|  12|           5|           3|
    |ap_enable_pp0          |       xor|   0|  0|   2|           1|           2|
    +-----------------------+----------+----+---+----+------------+------------+
    |Total                  |          |   0|  0|  59|          30|          25|
    +-----------------------+----------+----+---+----+------------+------------+

    * Multiplexer: 
    +----------------------------------+----+-----------+-----+-----------+
    |               Name               | LUT| Input Size| Bits| Total Bits|
    +----------------------------------+----+-----------+-----+-----------+
    |ap_done_int                       |   9|          2|    1|          2|
    |ap_enable_reg_pp0_iter1           |   9|          2|    1|          2|
    |ap_sig_allocacmp_ci_w             |   9|          2|    5|         10|
    |ap_sig_allocacmp_psum_100_load_1  |   9|          2|   16|         32|
    |ap_sig_allocacmp_psum_101_load_1  |   9|          2|   16|         32|
    |ap_sig_allocacmp_psum_71_load_1   |   9|          2|   16|         32|
    |ap_sig_allocacmp_psum_72_load_1   |   9|          2|   16|         32|
    |ap_sig_allocacmp_psum_73_load_1   |   9|          2|   16|         32|
    |ap_sig_allocacmp_psum_74_load_1   |   9|          2|   16|         32|
    |ap_sig_allocacmp_psum_75_load_1   |   9|          2|   16|         32|
    |ap_sig_allocacmp_psum_76_load_1   |   9|          2|   16|         32|
    |ap_sig_allocacmp_psum_77_load_1   |   9|          2|   16|         32|
    |ap_sig_allocacmp_psum_78_load_1   |   9|          2|   16|         32|
    |ap_sig_allocacmp_psum_79_load_1   |   9|          2|   16|         32|
    |ap_sig_allocacmp_psum_80_load_1   |   9|          2|   16|         32|
    |ap_sig_allocacmp_psum_81_load_1   |   9|          2|   16|         32|
    |ap_sig_allocacmp_psum_82_load_1   |   9|          2|   16|         32|
    |ap_sig_allocacmp_psum_83_load_1   |   9|          2|   16|         32|
    |ap_sig_allocacmp_psum_84_load_1   |   9|          2|   16|         32|
    |ap_sig_allocacmp_psum_85_load_1   |   9|          2|   16|         32|
    |ap_sig_allocacmp_psum_86_load_1   |   9|          2|   16|         32|
    |ap_sig_allocacmp_psum_87_load_1   |   9|          2|   16|         32|
    |ap_sig_allocacmp_psum_88_load_1   |   9|          2|   16|         32|
    |ap_sig_allocacmp_psum_89_load_1   |   9|          2|   16|         32|
    |ap_sig_allocacmp_psum_90_load_1   |   9|          2|   16|         32|
    |ap_sig_allocacmp_psum_91_load_1   |   9|          2|   16|         32|
    |ap_sig_allocacmp_psum_92_load_1   |   9|          2|   16|         32|
    |ap_sig_allocacmp_psum_93_load_1   |   9|          2|   16|         32|
    |ap_sig_allocacmp_psum_94_load_1   |   9|          2|   16|         32|
    |ap_sig_allocacmp_psum_95_load_1   |   9|          2|   16|         32|
    |ap_sig_allocacmp_psum_96_load_1   |   9|          2|   16|         32|
    |ap_sig_allocacmp_psum_97_load_1   |   9|          2|   16|         32|
    |ap_sig_allocacmp_psum_98_load_1   |   9|          2|   16|         32|
    |ap_sig_allocacmp_psum_99_load_1   |   9|          2|   16|         32|
    |ap_sig_allocacmp_psum_load_3      |   9|          2|   16|         32|
    |ci_w_1_fu_172                     |   9|          2|    5|         10|
    |psum_100_fu_192                   |   9|          2|   16|         32|
    |psum_101_fu_196                   |   9|          2|   16|         32|
    |psum_71_fu_296                    |   9|          2|   16|         32|
    |psum_72_fu_292                    |   9|          2|   16|         32|
    |psum_73_fu_288                    |   9|          2|   16|         32|
    |psum_74_fu_284                    |   9|          2|   16|         32|
    |psum_75_fu_280                    |   9|          2|   16|         32|
    |psum_76_fu_276                    |   9|          2|   16|         32|
    |psum_77_fu_272                    |   9|          2|   16|         32|
    |psum_78_fu_268                    |   9|          2|   16|         32|
    |psum_79_fu_264                    |   9|          2|   16|         32|
    |psum_80_fu_260                    |   9|          2|   16|         32|
    |psum_81_fu_256                    |   9|          2|   16|         32|
    |psum_82_fu_252                    |   9|          2|   16|         32|
    |psum_83_fu_248                    |   9|          2|   16|         32|
    |psum_84_fu_244                    |   9|          2|   16|         32|
    |psum_85_fu_240                    |   9|          2|   16|         32|
    |psum_86_fu_236                    |   9|          2|   16|         32|
    |psum_87_fu_232                    |   9|          2|   16|         32|
    |psum_88_fu_228                    |   9|          2|   16|         32|
    |psum_89_fu_224                    |   9|          2|   16|         32|
    |psum_90_fu_220                    |   9|          2|   16|         32|
    |psum_91_fu_216                    |   9|          2|   16|         32|
    |psum_92_fu_212                    |   9|          2|   16|         32|
    |psum_93_fu_208                    |   9|          2|   16|         32|
    |psum_94_fu_204                    |   9|          2|   16|         32|
    |psum_95_fu_200                    |   9|          2|   16|         32|
    |psum_96_fu_176                    |   9|          2|   16|         32|
    |psum_97_fu_180                    |   9|          2|   16|         32|
    |psum_98_fu_184                    |   9|          2|   16|         32|
    |psum_99_fu_188                    |   9|          2|   16|         32|
    |psum_fu_300                       |   9|          2|   16|         32|
    +----------------------------------+----+-----------+-----+-----------+
    |Total                             | 612|        136| 1036|       2072|
    +----------------------------------+----+-----------+-----+-----------+

    * Register: 
    +-----------------------------------+-----+----+-----+-----------+
    |                Name               |  FF | LUT| Bits| Const Bits|
    +-----------------------------------+-----+----+-----+-----------+
    |ap_CS_fsm                          |    1|   0|    1|          0|
    |ap_done_reg                        |    1|   0|    1|          0|
    |ap_enable_reg_pp0_iter1            |    1|   0|    1|          0|
    |ap_enable_reg_pp0_iter10           |    1|   0|    1|          0|
    |ap_enable_reg_pp0_iter11           |    1|   0|    1|          0|
    |ap_enable_reg_pp0_iter12           |    1|   0|    1|          0|
    |ap_enable_reg_pp0_iter13           |    1|   0|    1|          0|
    |ap_enable_reg_pp0_iter14           |    1|   0|    1|          0|
    |ap_enable_reg_pp0_iter15           |    1|   0|    1|          0|
    |ap_enable_reg_pp0_iter16           |    1|   0|    1|          0|
    |ap_enable_reg_pp0_iter17           |    1|   0|    1|          0|
    |ap_enable_reg_pp0_iter18           |    1|   0|    1|          0|
    |ap_enable_reg_pp0_iter19           |    1|   0|    1|          0|
    |ap_enable_reg_pp0_iter2            |    1|   0|    1|          0|
    |ap_enable_reg_pp0_iter20           |    1|   0|    1|          0|
    |ap_enable_reg_pp0_iter21           |    1|   0|    1|          0|
    |ap_enable_reg_pp0_iter22           |    1|   0|    1|          0|
    |ap_enable_reg_pp0_iter23           |    1|   0|    1|          0|
    |ap_enable_reg_pp0_iter24           |    1|   0|    1|          0|
    |ap_enable_reg_pp0_iter25           |    1|   0|    1|          0|
    |ap_enable_reg_pp0_iter26           |    1|   0|    1|          0|
    |ap_enable_reg_pp0_iter27           |    1|   0|    1|          0|
    |ap_enable_reg_pp0_iter28           |    1|   0|    1|          0|
    |ap_enable_reg_pp0_iter29           |    1|   0|    1|          0|
    |ap_enable_reg_pp0_iter3            |    1|   0|    1|          0|
    |ap_enable_reg_pp0_iter30           |    1|   0|    1|          0|
    |ap_enable_reg_pp0_iter31           |    1|   0|    1|          0|
    |ap_enable_reg_pp0_iter32           |    1|   0|    1|          0|
    |ap_enable_reg_pp0_iter33           |    1|   0|    1|          0|
    |ap_enable_reg_pp0_iter34           |    1|   0|    1|          0|
    |ap_enable_reg_pp0_iter35           |    1|   0|    1|          0|
    |ap_enable_reg_pp0_iter36           |    1|   0|    1|          0|
    |ap_enable_reg_pp0_iter37           |    1|   0|    1|          0|
    |ap_enable_reg_pp0_iter38           |    1|   0|    1|          0|
    |ap_enable_reg_pp0_iter39           |    1|   0|    1|          0|
    |ap_enable_reg_pp0_iter4            |    1|   0|    1|          0|
    |ap_enable_reg_pp0_iter40           |    1|   0|    1|          0|
    |ap_enable_reg_pp0_iter41           |    1|   0|    1|          0|
    |ap_enable_reg_pp0_iter42           |    1|   0|    1|          0|
    |ap_enable_reg_pp0_iter43           |    1|   0|    1|          0|
    |ap_enable_reg_pp0_iter44           |    1|   0|    1|          0|
    |ap_enable_reg_pp0_iter45           |    1|   0|    1|          0|
    |ap_enable_reg_pp0_iter46           |    1|   0|    1|          0|
    |ap_enable_reg_pp0_iter47           |    1|   0|    1|          0|
    |ap_enable_reg_pp0_iter48           |    1|   0|    1|          0|
    |ap_enable_reg_pp0_iter49           |    1|   0|    1|          0|
    |ap_enable_reg_pp0_iter5            |    1|   0|    1|          0|
    |ap_enable_reg_pp0_iter50           |    1|   0|    1|          0|
    |ap_enable_reg_pp0_iter51           |    1|   0|    1|          0|
    |ap_enable_reg_pp0_iter52           |    1|   0|    1|          0|
    |ap_enable_reg_pp0_iter53           |    1|   0|    1|          0|
    |ap_enable_reg_pp0_iter54           |    1|   0|    1|          0|
    |ap_enable_reg_pp0_iter55           |    1|   0|    1|          0|
    |ap_enable_reg_pp0_iter56           |    1|   0|    1|          0|
    |ap_enable_reg_pp0_iter57           |    1|   0|    1|          0|
    |ap_enable_reg_pp0_iter58           |    1|   0|    1|          0|
    |ap_enable_reg_pp0_iter59           |    1|   0|    1|          0|
    |ap_enable_reg_pp0_iter6            |    1|   0|    1|          0|
    |ap_enable_reg_pp0_iter60           |    1|   0|    1|          0|
    |ap_enable_reg_pp0_iter61           |    1|   0|    1|          0|
    |ap_enable_reg_pp0_iter62           |    1|   0|    1|          0|
    |ap_enable_reg_pp0_iter63           |    1|   0|    1|          0|
    |ap_enable_reg_pp0_iter64           |    1|   0|    1|          0|
    |ap_enable_reg_pp0_iter65           |    1|   0|    1|          0|
    |ap_enable_reg_pp0_iter66           |    1|   0|    1|          0|
    |ap_enable_reg_pp0_iter67           |    1|   0|    1|          0|
    |ap_enable_reg_pp0_iter68           |    1|   0|    1|          0|
    |ap_enable_reg_pp0_iter69           |    1|   0|    1|          0|
    |ap_enable_reg_pp0_iter7            |    1|   0|    1|          0|
    |ap_enable_reg_pp0_iter70           |    1|   0|    1|          0|
    |ap_enable_reg_pp0_iter71           |    1|   0|    1|          0|
    |ap_enable_reg_pp0_iter72           |    1|   0|    1|          0|
    |ap_enable_reg_pp0_iter73           |    1|   0|    1|          0|
    |ap_enable_reg_pp0_iter74           |    1|   0|    1|          0|
    |ap_enable_reg_pp0_iter75           |    1|   0|    1|          0|
    |ap_enable_reg_pp0_iter76           |    1|   0|    1|          0|
    |ap_enable_reg_pp0_iter77           |    1|   0|    1|          0|
    |ap_enable_reg_pp0_iter78           |    1|   0|    1|          0|
    |ap_enable_reg_pp0_iter79           |    1|   0|    1|          0|
    |ap_enable_reg_pp0_iter8            |    1|   0|    1|          0|
    |ap_enable_reg_pp0_iter80           |    1|   0|    1|          0|
    |ap_enable_reg_pp0_iter81           |    1|   0|    1|          0|
    |ap_enable_reg_pp0_iter82           |    1|   0|    1|          0|
    |ap_enable_reg_pp0_iter83           |    1|   0|    1|          0|
    |ap_enable_reg_pp0_iter84           |    1|   0|    1|          0|
    |ap_enable_reg_pp0_iter85           |    1|   0|    1|          0|
    |ap_enable_reg_pp0_iter86           |    1|   0|    1|          0|
    |ap_enable_reg_pp0_iter87           |    1|   0|    1|          0|
    |ap_enable_reg_pp0_iter88           |    1|   0|    1|          0|
    |ap_enable_reg_pp0_iter89           |    1|   0|    1|          0|
    |ap_enable_reg_pp0_iter9            |    1|   0|    1|          0|
    |ap_enable_reg_pp0_iter90           |    1|   0|    1|          0|
    |ap_enable_reg_pp0_iter91           |    1|   0|    1|          0|
    |ap_enable_reg_pp0_iter92           |    1|   0|    1|          0|
    |ap_loop_exit_ready_pp0_iter10_reg  |    1|   0|    1|          0|
    |ap_loop_exit_ready_pp0_iter11_reg  |    1|   0|    1|          0|
    |ap_loop_exit_ready_pp0_iter12_reg  |    1|   0|    1|          0|
    |ap_loop_exit_ready_pp0_iter13_reg  |    1|   0|    1|          0|
    |ap_loop_exit_ready_pp0_iter14_reg  |    1|   0|    1|          0|
    |ap_loop_exit_ready_pp0_iter15_reg  |    1|   0|    1|          0|
    |ap_loop_exit_ready_pp0_iter16_reg  |    1|   0|    1|          0|
    |ap_loop_exit_ready_pp0_iter17_reg  |    1|   0|    1|          0|
    |ap_loop_exit_ready_pp0_iter18_reg  |    1|   0|    1|          0|
    |ap_loop_exit_ready_pp0_iter19_reg  |    1|   0|    1|          0|
    |ap_loop_exit_ready_pp0_iter1_reg   |    1|   0|    1|          0|
    |ap_loop_exit_ready_pp0_iter20_reg  |    1|   0|    1|          0|
    |ap_loop_exit_ready_pp0_iter21_reg  |    1|   0|    1|          0|
    |ap_loop_exit_ready_pp0_iter22_reg  |    1|   0|    1|          0|
    |ap_loop_exit_ready_pp0_iter23_reg  |    1|   0|    1|          0|
    |ap_loop_exit_ready_pp0_iter24_reg  |    1|   0|    1|          0|
    |ap_loop_exit_ready_pp0_iter25_reg  |    1|   0|    1|          0|
    |ap_loop_exit_ready_pp0_iter26_reg  |    1|   0|    1|          0|
    |ap_loop_exit_ready_pp0_iter27_reg  |    1|   0|    1|          0|
    |ap_loop_exit_ready_pp0_iter28_reg  |    1|   0|    1|          0|
    |ap_loop_exit_ready_pp0_iter29_reg  |    1|   0|    1|          0|
    |ap_loop_exit_ready_pp0_iter2_reg   |    1|   0|    1|          0|
    |ap_loop_exit_ready_pp0_iter30_reg  |    1|   0|    1|          0|
    |ap_loop_exit_ready_pp0_iter31_reg  |    1|   0|    1|          0|
    |ap_loop_exit_ready_pp0_iter32_reg  |    1|   0|    1|          0|
    |ap_loop_exit_ready_pp0_iter33_reg  |    1|   0|    1|          0|
    |ap_loop_exit_ready_pp0_iter34_reg  |    1|   0|    1|          0|
    |ap_loop_exit_ready_pp0_iter35_reg  |    1|   0|    1|          0|
    |ap_loop_exit_ready_pp0_iter36_reg  |    1|   0|    1|          0|
    |ap_loop_exit_ready_pp0_iter37_reg  |    1|   0|    1|          0|
    |ap_loop_exit_ready_pp0_iter38_reg  |    1|   0|    1|          0|
    |ap_loop_exit_ready_pp0_iter39_reg  |    1|   0|    1|          0|
    |ap_loop_exit_ready_pp0_iter3_reg   |    1|   0|    1|          0|
    |ap_loop_exit_ready_pp0_iter40_reg  |    1|   0|    1|          0|
    |ap_loop_exit_ready_pp0_iter41_reg  |    1|   0|    1|          0|
    |ap_loop_exit_ready_pp0_iter42_reg  |    1|   0|    1|          0|
    |ap_loop_exit_ready_pp0_iter43_reg  |    1|   0|    1|          0|
    |ap_loop_exit_ready_pp0_iter44_reg  |    1|   0|    1|          0|
    |ap_loop_exit_ready_pp0_iter45_reg  |    1|   0|    1|          0|
    |ap_loop_exit_ready_pp0_iter46_reg  |    1|   0|    1|          0|
    |ap_loop_exit_ready_pp0_iter47_reg  |    1|   0|    1|          0|
    |ap_loop_exit_ready_pp0_iter48_reg  |    1|   0|    1|          0|
    |ap_loop_exit_ready_pp0_iter49_reg  |    1|   0|    1|          0|
    |ap_loop_exit_ready_pp0_iter4_reg   |    1|   0|    1|          0|
    |ap_loop_exit_ready_pp0_iter50_reg  |    1|   0|    1|          0|
    |ap_loop_exit_ready_pp0_iter51_reg  |    1|   0|    1|          0|
    |ap_loop_exit_ready_pp0_iter52_reg  |    1|   0|    1|          0|
    |ap_loop_exit_ready_pp0_iter53_reg  |    1|   0|    1|          0|
    |ap_loop_exit_ready_pp0_iter54_reg  |    1|   0|    1|          0|
    |ap_loop_exit_ready_pp0_iter55_reg  |    1|   0|    1|          0|
    |ap_loop_exit_ready_pp0_iter56_reg  |    1|   0|    1|          0|
    |ap_loop_exit_ready_pp0_iter57_reg  |    1|   0|    1|          0|
    |ap_loop_exit_ready_pp0_iter58_reg  |    1|   0|    1|          0|
    |ap_loop_exit_ready_pp0_iter59_reg  |    1|   0|    1|          0|
    |ap_loop_exit_ready_pp0_iter5_reg   |    1|   0|    1|          0|
    |ap_loop_exit_ready_pp0_iter60_reg  |    1|   0|    1|          0|
    |ap_loop_exit_ready_pp0_iter61_reg  |    1|   0|    1|          0|
    |ap_loop_exit_ready_pp0_iter62_reg  |    1|   0|    1|          0|
    |ap_loop_exit_ready_pp0_iter63_reg  |    1|   0|    1|          0|
    |ap_loop_exit_ready_pp0_iter64_reg  |    1|   0|    1|          0|
    |ap_loop_exit_ready_pp0_iter65_reg  |    1|   0|    1|          0|
    |ap_loop_exit_ready_pp0_iter66_reg  |    1|   0|    1|          0|
    |ap_loop_exit_ready_pp0_iter67_reg  |    1|   0|    1|          0|
    |ap_loop_exit_ready_pp0_iter68_reg  |    1|   0|    1|          0|
    |ap_loop_exit_ready_pp0_iter69_reg  |    1|   0|    1|          0|
    |ap_loop_exit_ready_pp0_iter6_reg   |    1|   0|    1|          0|
    |ap_loop_exit_ready_pp0_iter70_reg  |    1|   0|    1|          0|
    |ap_loop_exit_ready_pp0_iter71_reg  |    1|   0|    1|          0|
    |ap_loop_exit_ready_pp0_iter72_reg  |    1|   0|    1|          0|
    |ap_loop_exit_ready_pp0_iter73_reg  |    1|   0|    1|          0|
    |ap_loop_exit_ready_pp0_iter74_reg  |    1|   0|    1|          0|
    |ap_loop_exit_ready_pp0_iter75_reg  |    1|   0|    1|          0|
    |ap_loop_exit_ready_pp0_iter76_reg  |    1|   0|    1|          0|
    |ap_loop_exit_ready_pp0_iter77_reg  |    1|   0|    1|          0|
    |ap_loop_exit_ready_pp0_iter78_reg  |    1|   0|    1|          0|
    |ap_loop_exit_ready_pp0_iter79_reg  |    1|   0|    1|          0|
    |ap_loop_exit_ready_pp0_iter7_reg   |    1|   0|    1|          0|
    |ap_loop_exit_ready_pp0_iter80_reg  |    1|   0|    1|          0|
    |ap_loop_exit_ready_pp0_iter81_reg  |    1|   0|    1|          0|
    |ap_loop_exit_ready_pp0_iter82_reg  |    1|   0|    1|          0|
    |ap_loop_exit_ready_pp0_iter83_reg  |    1|   0|    1|          0|
    |ap_loop_exit_ready_pp0_iter84_reg  |    1|   0|    1|          0|
    |ap_loop_exit_ready_pp0_iter85_reg  |    1|   0|    1|          0|
    |ap_loop_exit_ready_pp0_iter86_reg  |    1|   0|    1|          0|
    |ap_loop_exit_ready_pp0_iter87_reg  |    1|   0|    1|          0|
    |ap_loop_exit_ready_pp0_iter88_reg  |    1|   0|    1|          0|
    |ap_loop_exit_ready_pp0_iter89_reg  |    1|   0|    1|          0|
    |ap_loop_exit_ready_pp0_iter8_reg   |    1|   0|    1|          0|
    |ap_loop_exit_ready_pp0_iter90_reg  |    1|   0|    1|          0|
    |ap_loop_exit_ready_pp0_iter91_reg  |    1|   0|    1|          0|
    |ap_loop_exit_ready_pp0_iter9_reg   |    1|   0|    1|          0|
    |ci_w_1_fu_172                      |    5|   0|    5|          0|
    |ci_w_reg_4555                      |    5|   0|    5|          0|
    |dot_100_reg_7045                   |   16|   0|   16|          0|
    |dot_101_reg_7085                   |   16|   0|   16|          0|
    |dot_102_reg_7125                   |   16|   0|   16|          0|
    |dot_103_reg_7165                   |   16|   0|   16|          0|
    |dot_104_reg_7205                   |   16|   0|   16|          0|
    |dot_105_reg_7245                   |   16|   0|   16|          0|
    |dot_106_reg_7285                   |   16|   0|   16|          0|
    |dot_107_reg_7325                   |   16|   0|   16|          0|
    |dot_108_reg_7365                   |   16|   0|   16|          0|
    |dot_109_reg_7405                   |   16|   0|   16|          0|
    |dot_10_reg_7215                    |   16|   0|   16|          0|
    |dot_110_reg_7450                   |   16|   0|   16|          0|
    |dot_112_reg_6850                   |   16|   0|   16|          0|
    |dot_113_reg_6890                   |   16|   0|   16|          0|
    |dot_114_reg_6930                   |   16|   0|   16|          0|
    |dot_115_reg_6970                   |   16|   0|   16|          0|
    |dot_116_reg_7010                   |   16|   0|   16|          0|
    |dot_117_reg_7050                   |   16|   0|   16|          0|
    |dot_118_reg_7090                   |   16|   0|   16|          0|
    |dot_119_reg_7130                   |   16|   0|   16|          0|
    |dot_11_reg_7255                    |   16|   0|   16|          0|
    |dot_120_reg_7170                   |   16|   0|   16|          0|
    |dot_121_reg_7210                   |   16|   0|   16|          0|
    |dot_122_reg_7250                   |   16|   0|   16|          0|
    |dot_123_reg_7290                   |   16|   0|   16|          0|
    |dot_124_reg_7330                   |   16|   0|   16|          0|
    |dot_125_reg_7370                   |   16|   0|   16|          0|
    |dot_126_reg_7410                   |   16|   0|   16|          0|
    |dot_127_reg_7455                   |   16|   0|   16|          0|
    |dot_12_reg_7295                    |   16|   0|   16|          0|
    |dot_13_reg_7335                    |   16|   0|   16|          0|
    |dot_14_reg_7375                    |   16|   0|   16|          0|
    |dot_15_reg_7415                    |   16|   0|   16|          0|
    |dot_16_reg_6860                    |   16|   0|   16|          0|
    |dot_17_reg_6900                    |   16|   0|   16|          0|
    |dot_18_reg_6940                    |   16|   0|   16|          0|
    |dot_19_reg_6980                    |   16|   0|   16|          0|
    |dot_1_reg_6855                     |   16|   0|   16|          0|
    |dot_20_reg_7020                    |   16|   0|   16|          0|
    |dot_21_reg_7060                    |   16|   0|   16|          0|
    |dot_22_reg_7100                    |   16|   0|   16|          0|
    |dot_23_reg_7140                    |   16|   0|   16|          0|
    |dot_24_reg_7180                    |   16|   0|   16|          0|
    |dot_25_reg_7220                    |   16|   0|   16|          0|
    |dot_26_reg_7260                    |   16|   0|   16|          0|
    |dot_27_reg_7300                    |   16|   0|   16|          0|
    |dot_28_reg_7340                    |   16|   0|   16|          0|
    |dot_29_reg_7380                    |   16|   0|   16|          0|
    |dot_2_reg_6895                     |   16|   0|   16|          0|
    |dot_30_reg_7425                    |   16|   0|   16|          0|
    |dot_31_reg_6825                    |   16|   0|   16|          0|
    |dot_32_reg_6865                    |   16|   0|   16|          0|
    |dot_33_reg_6905                    |   16|   0|   16|          0|
    |dot_34_reg_6945                    |   16|   0|   16|          0|
    |dot_35_reg_6985                    |   16|   0|   16|          0|
    |dot_36_reg_7025                    |   16|   0|   16|          0|
    |dot_37_reg_7065                    |   16|   0|   16|          0|
    |dot_380_reg_6820                   |   16|   0|   16|          0|
    |dot_38_reg_7105                    |   16|   0|   16|          0|
    |dot_39_reg_7145                    |   16|   0|   16|          0|
    |dot_3_reg_6935                     |   16|   0|   16|          0|
    |dot_40_reg_7185                    |   16|   0|   16|          0|
    |dot_41_reg_7225                    |   16|   0|   16|          0|
    |dot_42_reg_7265                    |   16|   0|   16|          0|
    |dot_43_reg_7305                    |   16|   0|   16|          0|
    |dot_44_reg_7345                    |   16|   0|   16|          0|
    |dot_45_reg_7385                    |   16|   0|   16|          0|
    |dot_46_reg_7430                    |   16|   0|   16|          0|
    |dot_47_reg_6830                    |   16|   0|   16|          0|
    |dot_48_reg_6870                    |   16|   0|   16|          0|
    |dot_49_reg_6910                    |   16|   0|   16|          0|
    |dot_4_reg_6975                     |   16|   0|   16|          0|
    |dot_50_reg_6950                    |   16|   0|   16|          0|
    |dot_51_reg_6990                    |   16|   0|   16|          0|
    |dot_52_reg_7030                    |   16|   0|   16|          0|
    |dot_53_reg_7070                    |   16|   0|   16|          0|
    |dot_54_reg_7110                    |   16|   0|   16|          0|
    |dot_55_reg_7150                    |   16|   0|   16|          0|
    |dot_56_reg_7190                    |   16|   0|   16|          0|
    |dot_57_reg_7230                    |   16|   0|   16|          0|
    |dot_58_reg_7270                    |   16|   0|   16|          0|
    |dot_59_reg_7310                    |   16|   0|   16|          0|
    |dot_5_reg_7015                     |   16|   0|   16|          0|
    |dot_60_reg_7350                    |   16|   0|   16|          0|
    |dot_61_reg_7390                    |   16|   0|   16|          0|
    |dot_62_reg_7435                    |   16|   0|   16|          0|
    |dot_63_reg_6835                    |   16|   0|   16|          0|
    |dot_64_reg_6875                    |   16|   0|   16|          0|
    |dot_65_reg_6915                    |   16|   0|   16|          0|
    |dot_66_reg_6955                    |   16|   0|   16|          0|
    |dot_67_reg_6995                    |   16|   0|   16|          0|
    |dot_68_reg_7035                    |   16|   0|   16|          0|
    |dot_69_reg_7075                    |   16|   0|   16|          0|
    |dot_6_reg_7055                     |   16|   0|   16|          0|
    |dot_70_reg_7115                    |   16|   0|   16|          0|
    |dot_71_reg_7155                    |   16|   0|   16|          0|
    |dot_72_reg_7195                    |   16|   0|   16|          0|
    |dot_73_reg_7235                    |   16|   0|   16|          0|
    |dot_74_reg_7275                    |   16|   0|   16|          0|
    |dot_75_reg_7315                    |   16|   0|   16|          0|
    |dot_76_reg_7355                    |   16|   0|   16|          0|
    |dot_77_reg_7395                    |   16|   0|   16|          0|
    |dot_78_reg_7440                    |   16|   0|   16|          0|
    |dot_79_reg_6840                    |   16|   0|   16|          0|
    |dot_7_reg_7095                     |   16|   0|   16|          0|
    |dot_80_reg_6880                    |   16|   0|   16|          0|
    |dot_81_reg_6920                    |   16|   0|   16|          0|
    |dot_82_reg_6960                    |   16|   0|   16|          0|
    |dot_83_reg_7000                    |   16|   0|   16|          0|
    |dot_84_reg_7040                    |   16|   0|   16|          0|
    |dot_85_reg_7080                    |   16|   0|   16|          0|
    |dot_86_reg_7120                    |   16|   0|   16|          0|
    |dot_87_reg_7160                    |   16|   0|   16|          0|
    |dot_88_reg_7200                    |   16|   0|   16|          0|
    |dot_89_reg_7240                    |   16|   0|   16|          0|
    |dot_8_reg_7135                     |   16|   0|   16|          0|
    |dot_90_reg_7280                    |   16|   0|   16|          0|
    |dot_91_reg_7320                    |   16|   0|   16|          0|
    |dot_92_reg_7360                    |   16|   0|   16|          0|
    |dot_93_reg_7400                    |   16|   0|   16|          0|
    |dot_94_reg_7445                    |   16|   0|   16|          0|
    |dot_95_reg_6845                    |   16|   0|   16|          0|
    |dot_96_reg_6885                    |   16|   0|   16|          0|
    |dot_97_reg_6925                    |   16|   0|   16|          0|
    |dot_98_reg_6965                    |   16|   0|   16|          0|
    |dot_99_reg_7005                    |   16|   0|   16|          0|
    |dot_9_reg_7175                     |   16|   0|   16|          0|
    |dot_reg_6815                       |   16|   0|   16|          0|
    |icmp_ln148_reg_4562                |    1|   0|    1|          0|
    |mul145_i_10_reg_6225               |   16|   0|   16|          0|
    |mul145_i_11_reg_6230               |   16|   0|   16|          0|
    |mul145_i_12_reg_6235               |   16|   0|   16|          0|
    |mul145_i_13_reg_6240               |   16|   0|   16|          0|
    |mul145_i_14_reg_6245               |   16|   0|   16|          0|
    |mul145_i_15_reg_6250               |   16|   0|   16|          0|
    |mul145_i_16_reg_6185               |   16|   0|   16|          0|
    |mul145_i_17_reg_6190               |   16|   0|   16|          0|
    |mul145_i_18_reg_6195               |   16|   0|   16|          0|
    |mul145_i_19_reg_6200               |   16|   0|   16|          0|
    |mul145_i_1_10_reg_6310             |   16|   0|   16|          0|
    |mul145_i_1_11_reg_6315             |   16|   0|   16|          0|
    |mul145_i_1_12_reg_6320             |   16|   0|   16|          0|
    |mul145_i_1_13_reg_6325             |   16|   0|   16|          0|
    |mul145_i_1_14_reg_6330             |   16|   0|   16|          0|
    |mul145_i_1_1_reg_6260              |   16|   0|   16|          0|
    |mul145_i_1_2_reg_6265              |   16|   0|   16|          0|
    |mul145_i_1_3_reg_6270              |   16|   0|   16|          0|
    |mul145_i_1_4_reg_6275              |   16|   0|   16|          0|
    |mul145_i_1_5_reg_6280              |   16|   0|   16|          0|
    |mul145_i_1_6_reg_6285              |   16|   0|   16|          0|
    |mul145_i_1_7_reg_6290              |   16|   0|   16|          0|
    |mul145_i_1_8_reg_6295              |   16|   0|   16|          0|
    |mul145_i_1_9_reg_6300              |   16|   0|   16|          0|
    |mul145_i_1_reg_6255                |   16|   0|   16|          0|
    |mul145_i_1_s_reg_6305              |   16|   0|   16|          0|
    |mul145_i_20_reg_6205               |   16|   0|   16|          0|
    |mul145_i_21_reg_6210               |   16|   0|   16|          0|
    |mul145_i_2_10_reg_6390             |   16|   0|   16|          0|
    |mul145_i_2_11_reg_6395             |   16|   0|   16|          0|
    |mul145_i_2_12_reg_6400             |   16|   0|   16|          0|
    |mul145_i_2_13_reg_6405             |   16|   0|   16|          0|
    |mul145_i_2_14_reg_6410             |   16|   0|   16|          0|
    |mul145_i_2_1_reg_6340              |   16|   0|   16|          0|
    |mul145_i_2_2_reg_6345              |   16|   0|   16|          0|
    |mul145_i_2_3_reg_6350              |   16|   0|   16|          0|
    |mul145_i_2_4_reg_6355              |   16|   0|   16|          0|
    |mul145_i_2_5_reg_6360              |   16|   0|   16|          0|
    |mul145_i_2_6_reg_6365              |   16|   0|   16|          0|
    |mul145_i_2_7_reg_6370              |   16|   0|   16|          0|
    |mul145_i_2_8_reg_6375              |   16|   0|   16|          0|
    |mul145_i_2_9_reg_6380              |   16|   0|   16|          0|
    |mul145_i_2_reg_6335                |   16|   0|   16|          0|
    |mul145_i_2_s_reg_6385              |   16|   0|   16|          0|
    |mul145_i_3_10_reg_6470             |   16|   0|   16|          0|
    |mul145_i_3_11_reg_6475             |   16|   0|   16|          0|
    |mul145_i_3_12_reg_6480             |   16|   0|   16|          0|
    |mul145_i_3_13_reg_6485             |   16|   0|   16|          0|
    |mul145_i_3_14_reg_6490             |   16|   0|   16|          0|
    |mul145_i_3_1_reg_6420              |   16|   0|   16|          0|
    |mul145_i_3_2_reg_6425              |   16|   0|   16|          0|
    |mul145_i_3_3_reg_6430              |   16|   0|   16|          0|
    |mul145_i_3_4_reg_6435              |   16|   0|   16|          0|
    |mul145_i_3_5_reg_6440              |   16|   0|   16|          0|
    |mul145_i_3_6_reg_6445              |   16|   0|   16|          0|
    |mul145_i_3_7_reg_6450              |   16|   0|   16|          0|
    |mul145_i_3_8_reg_6455              |   16|   0|   16|          0|
    |mul145_i_3_9_reg_6460              |   16|   0|   16|          0|
    |mul145_i_3_reg_6415                |   16|   0|   16|          0|
    |mul145_i_3_s_reg_6465              |   16|   0|   16|          0|
    |mul145_i_4_10_reg_6550             |   16|   0|   16|          0|
    |mul145_i_4_11_reg_6555             |   16|   0|   16|          0|
    |mul145_i_4_12_reg_6560             |   16|   0|   16|          0|
    |mul145_i_4_13_reg_6565             |   16|   0|   16|          0|
    |mul145_i_4_14_reg_6570             |   16|   0|   16|          0|
    |mul145_i_4_1_reg_6500              |   16|   0|   16|          0|
    |mul145_i_4_2_reg_6505              |   16|   0|   16|          0|
    |mul145_i_4_3_reg_6510              |   16|   0|   16|          0|
    |mul145_i_4_4_reg_6515              |   16|   0|   16|          0|
    |mul145_i_4_5_reg_6520              |   16|   0|   16|          0|
    |mul145_i_4_6_reg_6525              |   16|   0|   16|          0|
    |mul145_i_4_7_reg_6530              |   16|   0|   16|          0|
    |mul145_i_4_8_reg_6535              |   16|   0|   16|          0|
    |mul145_i_4_9_reg_6540              |   16|   0|   16|          0|
    |mul145_i_4_reg_6495                |   16|   0|   16|          0|
    |mul145_i_4_s_reg_6545              |   16|   0|   16|          0|
    |mul145_i_5_10_reg_6630             |   16|   0|   16|          0|
    |mul145_i_5_11_reg_6635             |   16|   0|   16|          0|
    |mul145_i_5_12_reg_6640             |   16|   0|   16|          0|
    |mul145_i_5_13_reg_6645             |   16|   0|   16|          0|
    |mul145_i_5_14_reg_6650             |   16|   0|   16|          0|
    |mul145_i_5_1_reg_6580              |   16|   0|   16|          0|
    |mul145_i_5_2_reg_6585              |   16|   0|   16|          0|
    |mul145_i_5_3_reg_6590              |   16|   0|   16|          0|
    |mul145_i_5_4_reg_6595              |   16|   0|   16|          0|
    |mul145_i_5_5_reg_6600              |   16|   0|   16|          0|
    |mul145_i_5_6_reg_6605              |   16|   0|   16|          0|
    |mul145_i_5_7_reg_6610              |   16|   0|   16|          0|
    |mul145_i_5_8_reg_6615              |   16|   0|   16|          0|
    |mul145_i_5_9_reg_6620              |   16|   0|   16|          0|
    |mul145_i_5_reg_6575                |   16|   0|   16|          0|
    |mul145_i_5_s_reg_6625              |   16|   0|   16|          0|
    |mul145_i_6_10_reg_6710             |   16|   0|   16|          0|
    |mul145_i_6_11_reg_6715             |   16|   0|   16|          0|
    |mul145_i_6_12_reg_6720             |   16|   0|   16|          0|
    |mul145_i_6_13_reg_6725             |   16|   0|   16|          0|
    |mul145_i_6_14_reg_6730             |   16|   0|   16|          0|
    |mul145_i_6_1_reg_6660              |   16|   0|   16|          0|
    |mul145_i_6_2_reg_6665              |   16|   0|   16|          0|
    |mul145_i_6_3_reg_6670              |   16|   0|   16|          0|
    |mul145_i_6_4_reg_6675              |   16|   0|   16|          0|
    |mul145_i_6_5_reg_6680              |   16|   0|   16|          0|
    |mul145_i_6_6_reg_6685              |   16|   0|   16|          0|
    |mul145_i_6_7_reg_6690              |   16|   0|   16|          0|
    |mul145_i_6_8_reg_6695              |   16|   0|   16|          0|
    |mul145_i_6_9_reg_6700              |   16|   0|   16|          0|
    |mul145_i_6_reg_6655                |   16|   0|   16|          0|
    |mul145_i_6_s_reg_6705              |   16|   0|   16|          0|
    |mul145_i_7_10_reg_6790             |   16|   0|   16|          0|
    |mul145_i_7_11_reg_6795             |   16|   0|   16|          0|
    |mul145_i_7_12_reg_6800             |   16|   0|   16|          0|
    |mul145_i_7_13_reg_6805             |   16|   0|   16|          0|
    |mul145_i_7_14_reg_6810             |   16|   0|   16|          0|
    |mul145_i_7_1_reg_6740              |   16|   0|   16|          0|
    |mul145_i_7_2_reg_6745              |   16|   0|   16|          0|
    |mul145_i_7_3_reg_6750              |   16|   0|   16|          0|
    |mul145_i_7_4_reg_6755              |   16|   0|   16|          0|
    |mul145_i_7_5_reg_6760              |   16|   0|   16|          0|
    |mul145_i_7_6_reg_6765              |   16|   0|   16|          0|
    |mul145_i_7_7_reg_6770              |   16|   0|   16|          0|
    |mul145_i_7_8_reg_6775              |   16|   0|   16|          0|
    |mul145_i_7_9_reg_6780              |   16|   0|   16|          0|
    |mul145_i_7_reg_6735                |   16|   0|   16|          0|
    |mul145_i_7_s_reg_6785              |   16|   0|   16|          0|
    |mul145_i_8_reg_6215                |   16|   0|   16|          0|
    |mul145_i_9_reg_6220                |   16|   0|   16|          0|
    |mul145_i_reg_6175                  |   16|   0|   16|          0|
    |mul145_i_s_reg_6180                |   16|   0|   16|          0|
    |psum_100_fu_192                    |   16|   0|   16|          0|
    |psum_101_fu_196                    |   16|   0|   16|          0|
    |psum_102_reg_7511                  |   16|   0|   16|          0|
    |psum_103_reg_7519                  |   16|   0|   16|          0|
    |psum_104_reg_7527                  |   16|   0|   16|          0|
    |psum_105_reg_7535                  |   16|   0|   16|          0|
    |psum_106_reg_7543                  |   16|   0|   16|          0|
    |psum_107_reg_7551                  |   16|   0|   16|          0|
    |psum_108_reg_7495                  |   16|   0|   16|          0|
    |psum_70_reg_7503                   |   16|   0|   16|          0|
    |psum_71_fu_296                     |   16|   0|   16|          0|
    |psum_72_fu_292                     |   16|   0|   16|          0|
    |psum_73_fu_288                     |   16|   0|   16|          0|
    |psum_74_fu_284                     |   16|   0|   16|          0|
    |psum_75_fu_280                     |   16|   0|   16|          0|
    |psum_76_fu_276                     |   16|   0|   16|          0|
    |psum_77_fu_272                     |   16|   0|   16|          0|
    |psum_78_fu_268                     |   16|   0|   16|          0|
    |psum_79_fu_264                     |   16|   0|   16|          0|
    |psum_80_fu_260                     |   16|   0|   16|          0|
    |psum_81_fu_256                     |   16|   0|   16|          0|
    |psum_82_fu_252                     |   16|   0|   16|          0|
    |psum_83_fu_248                     |   16|   0|   16|          0|
    |psum_84_fu_244                     |   16|   0|   16|          0|
    |psum_85_fu_240                     |   16|   0|   16|          0|
    |psum_86_fu_236                     |   16|   0|   16|          0|
    |psum_87_fu_232                     |   16|   0|   16|          0|
    |psum_88_fu_228                     |   16|   0|   16|          0|
    |psum_89_fu_224                     |   16|   0|   16|          0|
    |psum_90_fu_220                     |   16|   0|   16|          0|
    |psum_91_fu_216                     |   16|   0|   16|          0|
    |psum_92_fu_212                     |   16|   0|   16|          0|
    |psum_93_fu_208                     |   16|   0|   16|          0|
    |psum_94_fu_204                     |   16|   0|   16|          0|
    |psum_95_fu_200                     |   16|   0|   16|          0|
    |psum_96_fu_176                     |   16|   0|   16|          0|
    |psum_97_fu_180                     |   16|   0|   16|          0|
    |psum_98_fu_184                     |   16|   0|   16|          0|
    |psum_99_fu_188                     |   16|   0|   16|          0|
    |psum_fu_300                        |   16|   0|   16|          0|
    |tmp_1_reg_7465                     |   16|   0|   16|          0|
    |tmp_3_reg_7470                     |   16|   0|   16|          0|
    |tmp_4_reg_7475                     |   16|   0|   16|          0|
    |tmp_5_reg_7480                     |   16|   0|   16|          0|
    |tmp_6_reg_7485                     |   16|   0|   16|          0|
    |tmp_7_reg_7490                     |   16|   0|   16|          0|
    |tmp_9_reg_7420                     |   16|   0|   16|          0|
    |tmp_s_reg_7460                     |   16|   0|   16|          0|
    |trunc_ln153_reg_4566               |    2|   0|    2|          0|
    |trunc_ln163_19_reg_4863            |   16|   0|   16|          0|
    |trunc_ln163_20_reg_4943            |   16|   0|   16|          0|
    |trunc_ln163_21_reg_5023            |   16|   0|   16|          0|
    |trunc_ln163_22_reg_5103            |   16|   0|   16|          0|
    |trunc_ln163_23_reg_5183            |   16|   0|   16|          0|
    |trunc_ln163_reg_4783               |   16|   0|   16|          0|
    |u_100_reg_4963                     |   16|   0|   16|          0|
    |u_101_reg_4968                     |   16|   0|   16|          0|
    |u_102_reg_4973                     |   16|   0|   16|          0|
    |u_103_reg_4978                     |   16|   0|   16|          0|
    |u_104_reg_4983                     |   16|   0|   16|          0|
    |u_105_reg_4988                     |   16|   0|   16|          0|
    |u_106_reg_4993                     |   16|   0|   16|          0|
    |u_107_reg_4998                     |   16|   0|   16|          0|
    |u_108_reg_5003                     |   16|   0|   16|          0|
    |u_109_reg_5008                     |   16|   0|   16|          0|
    |u_110_reg_5013                     |   16|   0|   16|          0|
    |u_111_reg_5018                     |   16|   0|   16|          0|
    |u_113_reg_5028                     |   16|   0|   16|          0|
    |u_114_reg_5033                     |   16|   0|   16|          0|
    |u_115_reg_5038                     |   16|   0|   16|          0|
    |u_116_reg_5043                     |   16|   0|   16|          0|
    |u_117_reg_5048                     |   16|   0|   16|          0|
    |u_118_reg_5053                     |   16|   0|   16|          0|
    |u_119_reg_5058                     |   16|   0|   16|          0|
    |u_120_reg_5063                     |   16|   0|   16|          0|
    |u_121_reg_5068                     |   16|   0|   16|          0|
    |u_122_reg_5073                     |   16|   0|   16|          0|
    |u_123_reg_5078                     |   16|   0|   16|          0|
    |u_124_reg_5083                     |   16|   0|   16|          0|
    |u_125_reg_5088                     |   16|   0|   16|          0|
    |u_126_reg_5093                     |   16|   0|   16|          0|
    |u_127_reg_5098                     |   16|   0|   16|          0|
    |u_129_reg_5108                     |   16|   0|   16|          0|
    |u_130_reg_5113                     |   16|   0|   16|          0|
    |u_131_reg_5118                     |   16|   0|   16|          0|
    |u_132_reg_5123                     |   16|   0|   16|          0|
    |u_133_reg_5128                     |   16|   0|   16|          0|
    |u_134_reg_5133                     |   16|   0|   16|          0|
    |u_135_reg_5138                     |   16|   0|   16|          0|
    |u_136_reg_5143                     |   16|   0|   16|          0|
    |u_137_reg_5148                     |   16|   0|   16|          0|
    |u_138_reg_5153                     |   16|   0|   16|          0|
    |u_139_reg_5158                     |   16|   0|   16|          0|
    |u_140_reg_5163                     |   16|   0|   16|          0|
    |u_141_reg_5168                     |   16|   0|   16|          0|
    |u_142_reg_5173                     |   16|   0|   16|          0|
    |u_143_reg_5178                     |   16|   0|   16|          0|
    |u_145_reg_5188                     |   16|   0|   16|          0|
    |u_146_reg_5193                     |   16|   0|   16|          0|
    |u_147_reg_5198                     |   16|   0|   16|          0|
    |u_148_reg_5203                     |   16|   0|   16|          0|
    |u_149_reg_5208                     |   16|   0|   16|          0|
    |u_150_reg_5213                     |   16|   0|   16|          0|
    |u_151_reg_5218                     |   16|   0|   16|          0|
    |u_152_reg_5223                     |   16|   0|   16|          0|
    |u_153_reg_5228                     |   16|   0|   16|          0|
    |u_154_reg_5233                     |   16|   0|   16|          0|
    |u_155_reg_5238                     |   16|   0|   16|          0|
    |u_156_reg_5243                     |   16|   0|   16|          0|
    |u_157_reg_5248                     |   16|   0|   16|          0|
    |u_158_reg_5253                     |   16|   0|   16|          0|
    |u_159_reg_5258                     |   16|   0|   16|          0|
    |u_162_reg_5268                     |   16|   0|   16|          0|
    |u_163_reg_5273                     |   16|   0|   16|          0|
    |u_164_reg_5278                     |   16|   0|   16|          0|
    |u_165_reg_5283                     |   16|   0|   16|          0|
    |u_166_reg_5288                     |   16|   0|   16|          0|
    |u_167_reg_5293                     |   16|   0|   16|          0|
    |u_168_reg_5298                     |   16|   0|   16|          0|
    |u_169_reg_5303                     |   16|   0|   16|          0|
    |u_170_reg_5308                     |   16|   0|   16|          0|
    |u_171_reg_5313                     |   16|   0|   16|          0|
    |u_172_reg_5318                     |   16|   0|   16|          0|
    |u_173_reg_5323                     |   16|   0|   16|          0|
    |u_174_reg_5328                     |   16|   0|   16|          0|
    |u_175_reg_5333                     |   16|   0|   16|          0|
    |u_176_reg_5338                     |   16|   0|   16|          0|
    |u_35_reg_4633                      |   16|   0|   16|          0|
    |u_36_reg_4638                      |   16|   0|   16|          0|
    |u_37_reg_4643                      |   16|   0|   16|          0|
    |u_38_reg_4648                      |   16|   0|   16|          0|
    |u_39_reg_4653                      |   16|   0|   16|          0|
    |u_40_reg_4658                      |   16|   0|   16|          0|
    |u_41_reg_4663                      |   16|   0|   16|          0|
    |u_42_reg_4668                      |   16|   0|   16|          0|
    |u_43_reg_4673                      |   16|   0|   16|          0|
    |u_44_reg_4678                      |   16|   0|   16|          0|
    |u_45_reg_4683                      |   16|   0|   16|          0|
    |u_46_reg_4688                      |   16|   0|   16|          0|
    |u_47_reg_4693                      |   16|   0|   16|          0|
    |u_48_reg_4698                      |   16|   0|   16|          0|
    |u_49_reg_4703                      |   16|   0|   16|          0|
    |u_50_reg_4708                      |   16|   0|   16|          0|
    |u_51_reg_4713                      |   16|   0|   16|          0|
    |u_52_reg_4718                      |   16|   0|   16|          0|
    |u_53_reg_4723                      |   16|   0|   16|          0|
    |u_54_reg_4728                      |   16|   0|   16|          0|
    |u_55_reg_4733                      |   16|   0|   16|          0|
    |u_561_reg_4628                     |   16|   0|   16|          0|
    |u_568_reg_5263                     |   16|   0|   16|          0|
    |u_56_reg_4738                      |   16|   0|   16|          0|
    |u_57_reg_4743                      |   16|   0|   16|          0|
    |u_58_reg_4748                      |   16|   0|   16|          0|
    |u_59_reg_4753                      |   16|   0|   16|          0|
    |u_60_reg_4758                      |   16|   0|   16|          0|
    |u_61_reg_4763                      |   16|   0|   16|          0|
    |u_62_reg_4768                      |   16|   0|   16|          0|
    |u_63_reg_4773                      |   16|   0|   16|          0|
    |u_64_reg_4778                      |   16|   0|   16|          0|
    |u_65_reg_4788                      |   16|   0|   16|          0|
    |u_66_reg_4793                      |   16|   0|   16|          0|
    |u_67_reg_4798                      |   16|   0|   16|          0|
    |u_68_reg_4803                      |   16|   0|   16|          0|
    |u_69_reg_4808                      |   16|   0|   16|          0|
    |u_70_reg_4813                      |   16|   0|   16|          0|
    |u_71_reg_4818                      |   16|   0|   16|          0|
    |u_72_reg_4823                      |   16|   0|   16|          0|
    |u_73_reg_4828                      |   16|   0|   16|          0|
    |u_74_reg_4833                      |   16|   0|   16|          0|
    |u_75_reg_4838                      |   16|   0|   16|          0|
    |u_76_reg_4843                      |   16|   0|   16|          0|
    |u_77_reg_4848                      |   16|   0|   16|          0|
    |u_78_reg_4853                      |   16|   0|   16|          0|
    |u_79_reg_4858                      |   16|   0|   16|          0|
    |u_81_reg_4868                      |   16|   0|   16|          0|
    |u_82_reg_4873                      |   16|   0|   16|          0|
    |u_83_reg_4878                      |   16|   0|   16|          0|
    |u_84_reg_4883                      |   16|   0|   16|          0|
    |u_85_reg_4888                      |   16|   0|   16|          0|
    |u_86_reg_4893                      |   16|   0|   16|          0|
    |u_87_reg_4898                      |   16|   0|   16|          0|
    |u_88_reg_4903                      |   16|   0|   16|          0|
    |u_89_reg_4908                      |   16|   0|   16|          0|
    |u_90_reg_4913                      |   16|   0|   16|          0|
    |u_91_reg_4918                      |   16|   0|   16|          0|
    |u_92_reg_4923                      |   16|   0|   16|          0|
    |u_93_reg_4928                      |   16|   0|   16|          0|
    |u_94_reg_4933                      |   16|   0|   16|          0|
    |u_95_reg_4938                      |   16|   0|   16|          0|
    |u_97_reg_4948                      |   16|   0|   16|          0|
    |u_98_reg_4953                      |   16|   0|   16|          0|
    |u_99_reg_4958                      |   16|   0|   16|          0|
    |u_reg_4623                         |   16|   0|   16|          0|
    |icmp_ln148_reg_4562                |   64|  32|    1|          0|
    |mul145_i_10_reg_6225               |   64|  32|   16|          0|
    |mul145_i_11_reg_6230               |   64|  32|   16|          0|
    |mul145_i_12_reg_6235               |   64|  32|   16|          0|
    |mul145_i_13_reg_6240               |   64|  32|   16|          0|
    |mul145_i_14_reg_6245               |   64|  32|   16|          0|
    |mul145_i_15_reg_6250               |   64|  32|   16|          0|
    |mul145_i_16_reg_6185               |   64|  32|   16|          0|
    |mul145_i_17_reg_6190               |   64|  32|   16|          0|
    |mul145_i_18_reg_6195               |   64|  32|   16|          0|
    |mul145_i_19_reg_6200               |   64|  32|   16|          0|
    |mul145_i_1_10_reg_6310             |   64|  32|   16|          0|
    |mul145_i_1_11_reg_6315             |   64|  32|   16|          0|
    |mul145_i_1_12_reg_6320             |   64|  32|   16|          0|
    |mul145_i_1_13_reg_6325             |   64|  32|   16|          0|
    |mul145_i_1_14_reg_6330             |   64|  32|   16|          0|
    |mul145_i_1_1_reg_6260              |   64|  32|   16|          0|
    |mul145_i_1_2_reg_6265              |   64|  32|   16|          0|
    |mul145_i_1_3_reg_6270              |   64|  32|   16|          0|
    |mul145_i_1_4_reg_6275              |   64|  32|   16|          0|
    |mul145_i_1_5_reg_6280              |   64|  32|   16|          0|
    |mul145_i_1_6_reg_6285              |   64|  32|   16|          0|
    |mul145_i_1_7_reg_6290              |   64|  32|   16|          0|
    |mul145_i_1_8_reg_6295              |   64|  32|   16|          0|
    |mul145_i_1_9_reg_6300              |   64|  32|   16|          0|
    |mul145_i_1_s_reg_6305              |   64|  32|   16|          0|
    |mul145_i_20_reg_6205               |   64|  32|   16|          0|
    |mul145_i_21_reg_6210               |   64|  32|   16|          0|
    |mul145_i_2_10_reg_6390             |   64|  32|   16|          0|
    |mul145_i_2_11_reg_6395             |   64|  32|   16|          0|
    |mul145_i_2_12_reg_6400             |   64|  32|   16|          0|
    |mul145_i_2_13_reg_6405             |   64|  32|   16|          0|
    |mul145_i_2_14_reg_6410             |   64|  32|   16|          0|
    |mul145_i_2_1_reg_6340              |   64|  32|   16|          0|
    |mul145_i_2_2_reg_6345              |   64|  32|   16|          0|
    |mul145_i_2_3_reg_6350              |   64|  32|   16|          0|
    |mul145_i_2_4_reg_6355              |   64|  32|   16|          0|
    |mul145_i_2_5_reg_6360              |   64|  32|   16|          0|
    |mul145_i_2_6_reg_6365              |   64|  32|   16|          0|
    |mul145_i_2_7_reg_6370              |   64|  32|   16|          0|
    |mul145_i_2_8_reg_6375              |   64|  32|   16|          0|
    |mul145_i_2_9_reg_6380              |   64|  32|   16|          0|
    |mul145_i_2_s_reg_6385              |   64|  32|   16|          0|
    |mul145_i_3_10_reg_6470             |   64|  32|   16|          0|
    |mul145_i_3_11_reg_6475             |   64|  32|   16|          0|
    |mul145_i_3_12_reg_6480             |   64|  32|   16|          0|
    |mul145_i_3_13_reg_6485             |   64|  32|   16|          0|
    |mul145_i_3_14_reg_6490             |   64|  32|   16|          0|
    |mul145_i_3_1_reg_6420              |   64|  32|   16|          0|
    |mul145_i_3_2_reg_6425              |   64|  32|   16|          0|
    |mul145_i_3_3_reg_6430              |   64|  32|   16|          0|
    |mul145_i_3_4_reg_6435              |   64|  32|   16|          0|
    |mul145_i_3_5_reg_6440              |   64|  32|   16|          0|
    |mul145_i_3_6_reg_6445              |   64|  32|   16|          0|
    |mul145_i_3_7_reg_6450              |   64|  32|   16|          0|
    |mul145_i_3_8_reg_6455              |   64|  32|   16|          0|
    |mul145_i_3_9_reg_6460              |   64|  32|   16|          0|
    |mul145_i_3_s_reg_6465              |   64|  32|   16|          0|
    |mul145_i_4_10_reg_6550             |   64|  32|   16|          0|
    |mul145_i_4_11_reg_6555             |   64|  32|   16|          0|
    |mul145_i_4_12_reg_6560             |   64|  32|   16|          0|
    |mul145_i_4_13_reg_6565             |   64|  32|   16|          0|
    |mul145_i_4_14_reg_6570             |   64|  32|   16|          0|
    |mul145_i_4_1_reg_6500              |   64|  32|   16|          0|
    |mul145_i_4_2_reg_6505              |   64|  32|   16|          0|
    |mul145_i_4_3_reg_6510              |   64|  32|   16|          0|
    |mul145_i_4_4_reg_6515              |   64|  32|   16|          0|
    |mul145_i_4_5_reg_6520              |   64|  32|   16|          0|
    |mul145_i_4_6_reg_6525              |   64|  32|   16|          0|
    |mul145_i_4_7_reg_6530              |   64|  32|   16|          0|
    |mul145_i_4_8_reg_6535              |   64|  32|   16|          0|
    |mul145_i_4_9_reg_6540              |   64|  32|   16|          0|
    |mul145_i_4_s_reg_6545              |   64|  32|   16|          0|
    |mul145_i_5_10_reg_6630             |   64|  32|   16|          0|
    |mul145_i_5_11_reg_6635             |   64|  32|   16|          0|
    |mul145_i_5_12_reg_6640             |   64|  32|   16|          0|
    |mul145_i_5_13_reg_6645             |   64|  32|   16|          0|
    |mul145_i_5_14_reg_6650             |   64|  32|   16|          0|
    |mul145_i_5_1_reg_6580              |   64|  32|   16|          0|
    |mul145_i_5_2_reg_6585              |   64|  32|   16|          0|
    |mul145_i_5_3_reg_6590              |   64|  32|   16|          0|
    |mul145_i_5_4_reg_6595              |   64|  32|   16|          0|
    |mul145_i_5_5_reg_6600              |   64|  32|   16|          0|
    |mul145_i_5_6_reg_6605              |   64|  32|   16|          0|
    |mul145_i_5_7_reg_6610              |   64|  32|   16|          0|
    |mul145_i_5_8_reg_6615              |   64|  32|   16|          0|
    |mul145_i_5_9_reg_6620              |   64|  32|   16|          0|
    |mul145_i_5_s_reg_6625              |   64|  32|   16|          0|
    |mul145_i_6_10_reg_6710             |   64|  32|   16|          0|
    |mul145_i_6_11_reg_6715             |   64|  32|   16|          0|
    |mul145_i_6_12_reg_6720             |   64|  32|   16|          0|
    |mul145_i_6_13_reg_6725             |   64|  32|   16|          0|
    |mul145_i_6_14_reg_6730             |   64|  32|   16|          0|
    |mul145_i_6_1_reg_6660              |   64|  32|   16|          0|
    |mul145_i_6_2_reg_6665              |   64|  32|   16|          0|
    |mul145_i_6_3_reg_6670              |   64|  32|   16|          0|
    |mul145_i_6_4_reg_6675              |   64|  32|   16|          0|
    |mul145_i_6_5_reg_6680              |   64|  32|   16|          0|
    |mul145_i_6_6_reg_6685              |   64|  32|   16|          0|
    |mul145_i_6_7_reg_6690              |   64|  32|   16|          0|
    |mul145_i_6_8_reg_6695              |   64|  32|   16|          0|
    |mul145_i_6_9_reg_6700              |   64|  32|   16|          0|
    |mul145_i_6_s_reg_6705              |   64|  32|   16|          0|
    |mul145_i_7_10_reg_6790             |   64|  32|   16|          0|
    |mul145_i_7_11_reg_6795             |   64|  32|   16|          0|
    |mul145_i_7_12_reg_6800             |   64|  32|   16|          0|
    |mul145_i_7_13_reg_6805             |   64|  32|   16|          0|
    |mul145_i_7_14_reg_6810             |   64|  32|   16|          0|
    |mul145_i_7_1_reg_6740              |   64|  32|   16|          0|
    |mul145_i_7_2_reg_6745              |   64|  32|   16|          0|
    |mul145_i_7_3_reg_6750              |   64|  32|   16|          0|
    |mul145_i_7_4_reg_6755              |   64|  32|   16|          0|
    |mul145_i_7_5_reg_6760              |   64|  32|   16|          0|
    |mul145_i_7_6_reg_6765              |   64|  32|   16|          0|
    |mul145_i_7_7_reg_6770              |   64|  32|   16|          0|
    |mul145_i_7_8_reg_6775              |   64|  32|   16|          0|
    |mul145_i_7_9_reg_6780              |   64|  32|   16|          0|
    |mul145_i_7_s_reg_6785              |   64|  32|   16|          0|
    |mul145_i_8_reg_6215                |   64|  32|   16|          0|
    |mul145_i_9_reg_6220                |   64|  32|   16|          0|
    |mul145_i_s_reg_6180                |   64|  32|   16|          0|
    |trunc_ln153_reg_4566               |   64|  32|    2|          0|
    +-----------------------------------+-----+----+-----+-----------+
    |Total                              |15174|3904| 9289|          0|
    +-----------------------------------+-----+----+-----+-----------+



================================================================
== Interface
================================================================
* Summary: 
+--------------------------+-----+-----+------------+---------------------------------+--------------+
|         RTL Ports        | Dir | Bits|  Protocol  |          Source Object          |    C Type    |
+--------------------------+-----+-----+------------+---------------------------------+--------------+
|ap_clk                    |   in|    1|  ap_ctrl_hs|  ucb1_bench_top_Pipeline_CI_LOOP|  return value|
|ap_rst                    |   in|    1|  ap_ctrl_hs|  ucb1_bench_top_Pipeline_CI_LOOP|  return value|
|ap_start                  |   in|    1|  ap_ctrl_hs|  ucb1_bench_top_Pipeline_CI_LOOP|  return value|
|ap_done                   |  out|    1|  ap_ctrl_hs|  ucb1_bench_top_Pipeline_CI_LOOP|  return value|
|ap_idle                   |  out|    1|  ap_ctrl_hs|  ucb1_bench_top_Pipeline_CI_LOOP|  return value|
|ap_ready                  |  out|    1|  ap_ctrl_hs|  ucb1_bench_top_Pipeline_CI_LOOP|  return value|
|grp_fu_598_p_din0         |  out|   16|  ap_ctrl_hs|  ucb1_bench_top_Pipeline_CI_LOOP|  return value|
|grp_fu_598_p_din1         |  out|   16|  ap_ctrl_hs|  ucb1_bench_top_Pipeline_CI_LOOP|  return value|
|grp_fu_598_p_dout0        |   in|   16|  ap_ctrl_hs|  ucb1_bench_top_Pipeline_CI_LOOP|  return value|
|grp_fu_598_p_ce           |  out|    1|  ap_ctrl_hs|  ucb1_bench_top_Pipeline_CI_LOOP|  return value|
|grp_fu_602_p_din0         |  out|   16|  ap_ctrl_hs|  ucb1_bench_top_Pipeline_CI_LOOP|  return value|
|grp_fu_602_p_din1         |  out|   16|  ap_ctrl_hs|  ucb1_bench_top_Pipeline_CI_LOOP|  return value|
|grp_fu_602_p_dout0        |   in|   16|  ap_ctrl_hs|  ucb1_bench_top_Pipeline_CI_LOOP|  return value|
|grp_fu_602_p_ce           |  out|    1|  ap_ctrl_hs|  ucb1_bench_top_Pipeline_CI_LOOP|  return value|
|grp_fu_606_p_din0         |  out|   16|  ap_ctrl_hs|  ucb1_bench_top_Pipeline_CI_LOOP|  return value|
|grp_fu_606_p_din1         |  out|   16|  ap_ctrl_hs|  ucb1_bench_top_Pipeline_CI_LOOP|  return value|
|grp_fu_606_p_dout0        |   in|   16|  ap_ctrl_hs|  ucb1_bench_top_Pipeline_CI_LOOP|  return value|
|grp_fu_606_p_ce           |  out|    1|  ap_ctrl_hs|  ucb1_bench_top_Pipeline_CI_LOOP|  return value|
|grp_fu_610_p_din0         |  out|   16|  ap_ctrl_hs|  ucb1_bench_top_Pipeline_CI_LOOP|  return value|
|grp_fu_610_p_din1         |  out|   16|  ap_ctrl_hs|  ucb1_bench_top_Pipeline_CI_LOOP|  return value|
|grp_fu_610_p_dout0        |   in|   16|  ap_ctrl_hs|  ucb1_bench_top_Pipeline_CI_LOOP|  return value|
|grp_fu_610_p_ce           |  out|    1|  ap_ctrl_hs|  ucb1_bench_top_Pipeline_CI_LOOP|  return value|
|grp_fu_614_p_din0         |  out|   16|  ap_ctrl_hs|  ucb1_bench_top_Pipeline_CI_LOOP|  return value|
|grp_fu_614_p_din1         |  out|   16|  ap_ctrl_hs|  ucb1_bench_top_Pipeline_CI_LOOP|  return value|
|grp_fu_614_p_dout0        |   in|   16|  ap_ctrl_hs|  ucb1_bench_top_Pipeline_CI_LOOP|  return value|
|grp_fu_614_p_ce           |  out|    1|  ap_ctrl_hs|  ucb1_bench_top_Pipeline_CI_LOOP|  return value|
|grp_fu_618_p_din0         |  out|   16|  ap_ctrl_hs|  ucb1_bench_top_Pipeline_CI_LOOP|  return value|
|grp_fu_618_p_din1         |  out|   16|  ap_ctrl_hs|  ucb1_bench_top_Pipeline_CI_LOOP|  return value|
|grp_fu_618_p_dout0        |   in|   16|  ap_ctrl_hs|  ucb1_bench_top_Pipeline_CI_LOOP|  return value|
|grp_fu_618_p_ce           |  out|    1|  ap_ctrl_hs|  ucb1_bench_top_Pipeline_CI_LOOP|  return value|
|grp_fu_622_p_din0         |  out|   16|  ap_ctrl_hs|  ucb1_bench_top_Pipeline_CI_LOOP|  return value|
|grp_fu_622_p_din1         |  out|   16|  ap_ctrl_hs|  ucb1_bench_top_Pipeline_CI_LOOP|  return value|
|grp_fu_622_p_dout0        |   in|   16|  ap_ctrl_hs|  ucb1_bench_top_Pipeline_CI_LOOP|  return value|
|grp_fu_622_p_ce           |  out|    1|  ap_ctrl_hs|  ucb1_bench_top_Pipeline_CI_LOOP|  return value|
|grp_fu_626_p_din0         |  out|   16|  ap_ctrl_hs|  ucb1_bench_top_Pipeline_CI_LOOP|  return value|
|grp_fu_626_p_din1         |  out|   16|  ap_ctrl_hs|  ucb1_bench_top_Pipeline_CI_LOOP|  return value|
|grp_fu_626_p_dout0        |   in|   16|  ap_ctrl_hs|  ucb1_bench_top_Pipeline_CI_LOOP|  return value|
|grp_fu_626_p_ce           |  out|    1|  ap_ctrl_hs|  ucb1_bench_top_Pipeline_CI_LOOP|  return value|
|grp_fu_1642_p_din0        |  out|   16|  ap_ctrl_hs|  ucb1_bench_top_Pipeline_CI_LOOP|  return value|
|grp_fu_1642_p_din1        |  out|   16|  ap_ctrl_hs|  ucb1_bench_top_Pipeline_CI_LOOP|  return value|
|grp_fu_1642_p_dout0       |   in|   16|  ap_ctrl_hs|  ucb1_bench_top_Pipeline_CI_LOOP|  return value|
|grp_fu_1642_p_ce          |  out|    1|  ap_ctrl_hs|  ucb1_bench_top_Pipeline_CI_LOOP|  return value|
|grp_fu_1646_p_din0        |  out|   16|  ap_ctrl_hs|  ucb1_bench_top_Pipeline_CI_LOOP|  return value|
|grp_fu_1646_p_din1        |  out|   16|  ap_ctrl_hs|  ucb1_bench_top_Pipeline_CI_LOOP|  return value|
|grp_fu_1646_p_dout0       |   in|   16|  ap_ctrl_hs|  ucb1_bench_top_Pipeline_CI_LOOP|  return value|
|grp_fu_1646_p_ce          |  out|    1|  ap_ctrl_hs|  ucb1_bench_top_Pipeline_CI_LOOP|  return value|
|grp_fu_1650_p_din0        |  out|   16|  ap_ctrl_hs|  ucb1_bench_top_Pipeline_CI_LOOP|  return value|
|grp_fu_1650_p_din1        |  out|   16|  ap_ctrl_hs|  ucb1_bench_top_Pipeline_CI_LOOP|  return value|
|grp_fu_1650_p_dout0       |   in|   16|  ap_ctrl_hs|  ucb1_bench_top_Pipeline_CI_LOOP|  return value|
|grp_fu_1650_p_ce          |  out|    1|  ap_ctrl_hs|  ucb1_bench_top_Pipeline_CI_LOOP|  return value|
|grp_fu_1654_p_din0        |  out|   16|  ap_ctrl_hs|  ucb1_bench_top_Pipeline_CI_LOOP|  return value|
|grp_fu_1654_p_din1        |  out|   16|  ap_ctrl_hs|  ucb1_bench_top_Pipeline_CI_LOOP|  return value|
|grp_fu_1654_p_dout0       |   in|   16|  ap_ctrl_hs|  ucb1_bench_top_Pipeline_CI_LOOP|  return value|
|grp_fu_1654_p_ce          |  out|    1|  ap_ctrl_hs|  ucb1_bench_top_Pipeline_CI_LOOP|  return value|
|grp_fu_1658_p_din0        |  out|   16|  ap_ctrl_hs|  ucb1_bench_top_Pipeline_CI_LOOP|  return value|
|grp_fu_1658_p_din1        |  out|   16|  ap_ctrl_hs|  ucb1_bench_top_Pipeline_CI_LOOP|  return value|
|grp_fu_1658_p_dout0       |   in|   16|  ap_ctrl_hs|  ucb1_bench_top_Pipeline_CI_LOOP|  return value|
|grp_fu_1658_p_ce          |  out|    1|  ap_ctrl_hs|  ucb1_bench_top_Pipeline_CI_LOOP|  return value|
|grp_fu_1662_p_din0        |  out|   16|  ap_ctrl_hs|  ucb1_bench_top_Pipeline_CI_LOOP|  return value|
|grp_fu_1662_p_din1        |  out|   16|  ap_ctrl_hs|  ucb1_bench_top_Pipeline_CI_LOOP|  return value|
|grp_fu_1662_p_dout0       |   in|   16|  ap_ctrl_hs|  ucb1_bench_top_Pipeline_CI_LOOP|  return value|
|grp_fu_1662_p_ce          |  out|    1|  ap_ctrl_hs|  ucb1_bench_top_Pipeline_CI_LOOP|  return value|
|grp_fu_1666_p_din0        |  out|   16|  ap_ctrl_hs|  ucb1_bench_top_Pipeline_CI_LOOP|  return value|
|grp_fu_1666_p_din1        |  out|   16|  ap_ctrl_hs|  ucb1_bench_top_Pipeline_CI_LOOP|  return value|
|grp_fu_1666_p_dout0       |   in|   16|  ap_ctrl_hs|  ucb1_bench_top_Pipeline_CI_LOOP|  return value|
|grp_fu_1666_p_ce          |  out|    1|  ap_ctrl_hs|  ucb1_bench_top_Pipeline_CI_LOOP|  return value|
|grp_fu_1670_p_din0        |  out|   16|  ap_ctrl_hs|  ucb1_bench_top_Pipeline_CI_LOOP|  return value|
|grp_fu_1670_p_din1        |  out|   16|  ap_ctrl_hs|  ucb1_bench_top_Pipeline_CI_LOOP|  return value|
|grp_fu_1670_p_dout0       |   in|   16|  ap_ctrl_hs|  ucb1_bench_top_Pipeline_CI_LOOP|  return value|
|grp_fu_1670_p_ce          |  out|    1|  ap_ctrl_hs|  ucb1_bench_top_Pipeline_CI_LOOP|  return value|
|grp_fu_1674_p_din0        |  out|   16|  ap_ctrl_hs|  ucb1_bench_top_Pipeline_CI_LOOP|  return value|
|grp_fu_1674_p_din1        |  out|   16|  ap_ctrl_hs|  ucb1_bench_top_Pipeline_CI_LOOP|  return value|
|grp_fu_1674_p_dout0       |   in|   16|  ap_ctrl_hs|  ucb1_bench_top_Pipeline_CI_LOOP|  return value|
|grp_fu_1674_p_ce          |  out|    1|  ap_ctrl_hs|  ucb1_bench_top_Pipeline_CI_LOOP|  return value|
|grp_fu_1678_p_din0        |  out|   16|  ap_ctrl_hs|  ucb1_bench_top_Pipeline_CI_LOOP|  return value|
|grp_fu_1678_p_din1        |  out|   16|  ap_ctrl_hs|  ucb1_bench_top_Pipeline_CI_LOOP|  return value|
|grp_fu_1678_p_dout0       |   in|   16|  ap_ctrl_hs|  ucb1_bench_top_Pipeline_CI_LOOP|  return value|
|grp_fu_1678_p_ce          |  out|    1|  ap_ctrl_hs|  ucb1_bench_top_Pipeline_CI_LOOP|  return value|
|grp_fu_1682_p_din0        |  out|   16|  ap_ctrl_hs|  ucb1_bench_top_Pipeline_CI_LOOP|  return value|
|grp_fu_1682_p_din1        |  out|   16|  ap_ctrl_hs|  ucb1_bench_top_Pipeline_CI_LOOP|  return value|
|grp_fu_1682_p_dout0       |   in|   16|  ap_ctrl_hs|  ucb1_bench_top_Pipeline_CI_LOOP|  return value|
|grp_fu_1682_p_ce          |  out|    1|  ap_ctrl_hs|  ucb1_bench_top_Pipeline_CI_LOOP|  return value|
|grp_fu_1686_p_din0        |  out|   16|  ap_ctrl_hs|  ucb1_bench_top_Pipeline_CI_LOOP|  return value|
|grp_fu_1686_p_din1        |  out|   16|  ap_ctrl_hs|  ucb1_bench_top_Pipeline_CI_LOOP|  return value|
|grp_fu_1686_p_dout0       |   in|   16|  ap_ctrl_hs|  ucb1_bench_top_Pipeline_CI_LOOP|  return value|
|grp_fu_1686_p_ce          |  out|    1|  ap_ctrl_hs|  ucb1_bench_top_Pipeline_CI_LOOP|  return value|
|grp_fu_1690_p_din0        |  out|   16|  ap_ctrl_hs|  ucb1_bench_top_Pipeline_CI_LOOP|  return value|
|grp_fu_1690_p_din1        |  out|   16|  ap_ctrl_hs|  ucb1_bench_top_Pipeline_CI_LOOP|  return value|
|grp_fu_1690_p_dout0       |   in|   16|  ap_ctrl_hs|  ucb1_bench_top_Pipeline_CI_LOOP|  return value|
|grp_fu_1690_p_ce          |  out|    1|  ap_ctrl_hs|  ucb1_bench_top_Pipeline_CI_LOOP|  return value|
|grp_fu_1694_p_din0        |  out|   16|  ap_ctrl_hs|  ucb1_bench_top_Pipeline_CI_LOOP|  return value|
|grp_fu_1694_p_din1        |  out|   16|  ap_ctrl_hs|  ucb1_bench_top_Pipeline_CI_LOOP|  return value|
|grp_fu_1694_p_dout0       |   in|   16|  ap_ctrl_hs|  ucb1_bench_top_Pipeline_CI_LOOP|  return value|
|grp_fu_1694_p_ce          |  out|    1|  ap_ctrl_hs|  ucb1_bench_top_Pipeline_CI_LOOP|  return value|
|grp_fu_1698_p_din0        |  out|   16|  ap_ctrl_hs|  ucb1_bench_top_Pipeline_CI_LOOP|  return value|
|grp_fu_1698_p_din1        |  out|   16|  ap_ctrl_hs|  ucb1_bench_top_Pipeline_CI_LOOP|  return value|
|grp_fu_1698_p_dout0       |   in|   16|  ap_ctrl_hs|  ucb1_bench_top_Pipeline_CI_LOOP|  return value|
|grp_fu_1698_p_ce          |  out|    1|  ap_ctrl_hs|  ucb1_bench_top_Pipeline_CI_LOOP|  return value|
|grp_fu_1702_p_din0        |  out|   16|  ap_ctrl_hs|  ucb1_bench_top_Pipeline_CI_LOOP|  return value|
|grp_fu_1702_p_din1        |  out|   16|  ap_ctrl_hs|  ucb1_bench_top_Pipeline_CI_LOOP|  return value|
|grp_fu_1702_p_dout0       |   in|   16|  ap_ctrl_hs|  ucb1_bench_top_Pipeline_CI_LOOP|  return value|
|grp_fu_1702_p_ce          |  out|    1|  ap_ctrl_hs|  ucb1_bench_top_Pipeline_CI_LOOP|  return value|
|grp_fu_1706_p_din0        |  out|   16|  ap_ctrl_hs|  ucb1_bench_top_Pipeline_CI_LOOP|  return value|
|grp_fu_1706_p_din1        |  out|   16|  ap_ctrl_hs|  ucb1_bench_top_Pipeline_CI_LOOP|  return value|
|grp_fu_1706_p_dout0       |   in|   16|  ap_ctrl_hs|  ucb1_bench_top_Pipeline_CI_LOOP|  return value|
|grp_fu_1706_p_ce          |  out|    1|  ap_ctrl_hs|  ucb1_bench_top_Pipeline_CI_LOOP|  return value|
|grp_fu_1710_p_din0        |  out|   16|  ap_ctrl_hs|  ucb1_bench_top_Pipeline_CI_LOOP|  return value|
|grp_fu_1710_p_din1        |  out|   16|  ap_ctrl_hs|  ucb1_bench_top_Pipeline_CI_LOOP|  return value|
|grp_fu_1710_p_dout0       |   in|   16|  ap_ctrl_hs|  ucb1_bench_top_Pipeline_CI_LOOP|  return value|
|grp_fu_1710_p_ce          |  out|    1|  ap_ctrl_hs|  ucb1_bench_top_Pipeline_CI_LOOP|  return value|
|grp_fu_1714_p_din0        |  out|   16|  ap_ctrl_hs|  ucb1_bench_top_Pipeline_CI_LOOP|  return value|
|grp_fu_1714_p_din1        |  out|   16|  ap_ctrl_hs|  ucb1_bench_top_Pipeline_CI_LOOP|  return value|
|grp_fu_1714_p_dout0       |   in|   16|  ap_ctrl_hs|  ucb1_bench_top_Pipeline_CI_LOOP|  return value|
|grp_fu_1714_p_ce          |  out|    1|  ap_ctrl_hs|  ucb1_bench_top_Pipeline_CI_LOOP|  return value|
|grp_fu_1718_p_din0        |  out|   16|  ap_ctrl_hs|  ucb1_bench_top_Pipeline_CI_LOOP|  return value|
|grp_fu_1718_p_din1        |  out|   16|  ap_ctrl_hs|  ucb1_bench_top_Pipeline_CI_LOOP|  return value|
|grp_fu_1718_p_dout0       |   in|   16|  ap_ctrl_hs|  ucb1_bench_top_Pipeline_CI_LOOP|  return value|
|grp_fu_1718_p_ce          |  out|    1|  ap_ctrl_hs|  ucb1_bench_top_Pipeline_CI_LOOP|  return value|
|grp_fu_1722_p_din0        |  out|   16|  ap_ctrl_hs|  ucb1_bench_top_Pipeline_CI_LOOP|  return value|
|grp_fu_1722_p_din1        |  out|   16|  ap_ctrl_hs|  ucb1_bench_top_Pipeline_CI_LOOP|  return value|
|grp_fu_1722_p_dout0       |   in|   16|  ap_ctrl_hs|  ucb1_bench_top_Pipeline_CI_LOOP|  return value|
|grp_fu_1722_p_ce          |  out|    1|  ap_ctrl_hs|  ucb1_bench_top_Pipeline_CI_LOOP|  return value|
|grp_fu_1726_p_din0        |  out|   16|  ap_ctrl_hs|  ucb1_bench_top_Pipeline_CI_LOOP|  return value|
|grp_fu_1726_p_din1        |  out|   16|  ap_ctrl_hs|  ucb1_bench_top_Pipeline_CI_LOOP|  return value|
|grp_fu_1726_p_dout0       |   in|   16|  ap_ctrl_hs|  ucb1_bench_top_Pipeline_CI_LOOP|  return value|
|grp_fu_1726_p_ce          |  out|    1|  ap_ctrl_hs|  ucb1_bench_top_Pipeline_CI_LOOP|  return value|
|grp_fu_1730_p_din0        |  out|   16|  ap_ctrl_hs|  ucb1_bench_top_Pipeline_CI_LOOP|  return value|
|grp_fu_1730_p_din1        |  out|   16|  ap_ctrl_hs|  ucb1_bench_top_Pipeline_CI_LOOP|  return value|
|grp_fu_1730_p_dout0       |   in|   16|  ap_ctrl_hs|  ucb1_bench_top_Pipeline_CI_LOOP|  return value|
|grp_fu_1730_p_ce          |  out|    1|  ap_ctrl_hs|  ucb1_bench_top_Pipeline_CI_LOOP|  return value|
|grp_fu_1734_p_din0        |  out|   16|  ap_ctrl_hs|  ucb1_bench_top_Pipeline_CI_LOOP|  return value|
|grp_fu_1734_p_din1        |  out|   16|  ap_ctrl_hs|  ucb1_bench_top_Pipeline_CI_LOOP|  return value|
|grp_fu_1734_p_dout0       |   in|   16|  ap_ctrl_hs|  ucb1_bench_top_Pipeline_CI_LOOP|  return value|
|grp_fu_1734_p_ce          |  out|    1|  ap_ctrl_hs|  ucb1_bench_top_Pipeline_CI_LOOP|  return value|
|grp_fu_1738_p_din0        |  out|   16|  ap_ctrl_hs|  ucb1_bench_top_Pipeline_CI_LOOP|  return value|
|grp_fu_1738_p_din1        |  out|   16|  ap_ctrl_hs|  ucb1_bench_top_Pipeline_CI_LOOP|  return value|
|grp_fu_1738_p_dout0       |   in|   16|  ap_ctrl_hs|  ucb1_bench_top_Pipeline_CI_LOOP|  return value|
|grp_fu_1738_p_ce          |  out|    1|  ap_ctrl_hs|  ucb1_bench_top_Pipeline_CI_LOOP|  return value|
|grp_fu_1742_p_din0        |  out|   16|  ap_ctrl_hs|  ucb1_bench_top_Pipeline_CI_LOOP|  return value|
|grp_fu_1742_p_din1        |  out|   16|  ap_ctrl_hs|  ucb1_bench_top_Pipeline_CI_LOOP|  return value|
|grp_fu_1742_p_dout0       |   in|   16|  ap_ctrl_hs|  ucb1_bench_top_Pipeline_CI_LOOP|  return value|
|grp_fu_1742_p_ce          |  out|    1|  ap_ctrl_hs|  ucb1_bench_top_Pipeline_CI_LOOP|  return value|
|grp_fu_1746_p_din0        |  out|   16|  ap_ctrl_hs|  ucb1_bench_top_Pipeline_CI_LOOP|  return value|
|grp_fu_1746_p_din1        |  out|   16|  ap_ctrl_hs|  ucb1_bench_top_Pipeline_CI_LOOP|  return value|
|grp_fu_1746_p_dout0       |   in|   16|  ap_ctrl_hs|  ucb1_bench_top_Pipeline_CI_LOOP|  return value|
|grp_fu_1746_p_ce          |  out|    1|  ap_ctrl_hs|  ucb1_bench_top_Pipeline_CI_LOOP|  return value|
|grp_fu_1750_p_din0        |  out|   16|  ap_ctrl_hs|  ucb1_bench_top_Pipeline_CI_LOOP|  return value|
|grp_fu_1750_p_din1        |  out|   16|  ap_ctrl_hs|  ucb1_bench_top_Pipeline_CI_LOOP|  return value|
|grp_fu_1750_p_dout0       |   in|   16|  ap_ctrl_hs|  ucb1_bench_top_Pipeline_CI_LOOP|  return value|
|grp_fu_1750_p_ce          |  out|    1|  ap_ctrl_hs|  ucb1_bench_top_Pipeline_CI_LOOP|  return value|
|grp_fu_1754_p_din0        |  out|   16|  ap_ctrl_hs|  ucb1_bench_top_Pipeline_CI_LOOP|  return value|
|grp_fu_1754_p_din1        |  out|   16|  ap_ctrl_hs|  ucb1_bench_top_Pipeline_CI_LOOP|  return value|
|grp_fu_1754_p_dout0       |   in|   16|  ap_ctrl_hs|  ucb1_bench_top_Pipeline_CI_LOOP|  return value|
|grp_fu_1754_p_ce          |  out|    1|  ap_ctrl_hs|  ucb1_bench_top_Pipeline_CI_LOOP|  return value|
|grp_fu_1758_p_din0        |  out|   16|  ap_ctrl_hs|  ucb1_bench_top_Pipeline_CI_LOOP|  return value|
|grp_fu_1758_p_din1        |  out|   16|  ap_ctrl_hs|  ucb1_bench_top_Pipeline_CI_LOOP|  return value|
|grp_fu_1758_p_dout0       |   in|   16|  ap_ctrl_hs|  ucb1_bench_top_Pipeline_CI_LOOP|  return value|
|grp_fu_1758_p_ce          |  out|    1|  ap_ctrl_hs|  ucb1_bench_top_Pipeline_CI_LOOP|  return value|
|grp_fu_1762_p_din0        |  out|   16|  ap_ctrl_hs|  ucb1_bench_top_Pipeline_CI_LOOP|  return value|
|grp_fu_1762_p_din1        |  out|   16|  ap_ctrl_hs|  ucb1_bench_top_Pipeline_CI_LOOP|  return value|
|grp_fu_1762_p_dout0       |   in|   16|  ap_ctrl_hs|  ucb1_bench_top_Pipeline_CI_LOOP|  return value|
|grp_fu_1762_p_ce          |  out|    1|  ap_ctrl_hs|  ucb1_bench_top_Pipeline_CI_LOOP|  return value|
|grp_fu_1766_p_din0        |  out|   16|  ap_ctrl_hs|  ucb1_bench_top_Pipeline_CI_LOOP|  return value|
|grp_fu_1766_p_din1        |  out|   16|  ap_ctrl_hs|  ucb1_bench_top_Pipeline_CI_LOOP|  return value|
|grp_fu_1766_p_dout0       |   in|   16|  ap_ctrl_hs|  ucb1_bench_top_Pipeline_CI_LOOP|  return value|
|grp_fu_1766_p_ce          |  out|    1|  ap_ctrl_hs|  ucb1_bench_top_Pipeline_CI_LOOP|  return value|
|grp_fu_1770_p_din0        |  out|   16|  ap_ctrl_hs|  ucb1_bench_top_Pipeline_CI_LOOP|  return value|
|grp_fu_1770_p_din1        |  out|   16|  ap_ctrl_hs|  ucb1_bench_top_Pipeline_CI_LOOP|  return value|
|grp_fu_1770_p_dout0       |   in|   16|  ap_ctrl_hs|  ucb1_bench_top_Pipeline_CI_LOOP|  return value|
|grp_fu_1770_p_ce          |  out|    1|  ap_ctrl_hs|  ucb1_bench_top_Pipeline_CI_LOOP|  return value|
|grp_fu_1774_p_din0        |  out|   16|  ap_ctrl_hs|  ucb1_bench_top_Pipeline_CI_LOOP|  return value|
|grp_fu_1774_p_din1        |  out|   16|  ap_ctrl_hs|  ucb1_bench_top_Pipeline_CI_LOOP|  return value|
|grp_fu_1774_p_dout0       |   in|   16|  ap_ctrl_hs|  ucb1_bench_top_Pipeline_CI_LOOP|  return value|
|grp_fu_1774_p_ce          |  out|    1|  ap_ctrl_hs|  ucb1_bench_top_Pipeline_CI_LOOP|  return value|
|grp_fu_1778_p_din0        |  out|   16|  ap_ctrl_hs|  ucb1_bench_top_Pipeline_CI_LOOP|  return value|
|grp_fu_1778_p_din1        |  out|   16|  ap_ctrl_hs|  ucb1_bench_top_Pipeline_CI_LOOP|  return value|
|grp_fu_1778_p_dout0       |   in|   16|  ap_ctrl_hs|  ucb1_bench_top_Pipeline_CI_LOOP|  return value|
|grp_fu_1778_p_ce          |  out|    1|  ap_ctrl_hs|  ucb1_bench_top_Pipeline_CI_LOOP|  return value|
|grp_fu_1782_p_din0        |  out|   16|  ap_ctrl_hs|  ucb1_bench_top_Pipeline_CI_LOOP|  return value|
|grp_fu_1782_p_din1        |  out|   16|  ap_ctrl_hs|  ucb1_bench_top_Pipeline_CI_LOOP|  return value|
|grp_fu_1782_p_dout0       |   in|   16|  ap_ctrl_hs|  ucb1_bench_top_Pipeline_CI_LOOP|  return value|
|grp_fu_1782_p_ce          |  out|    1|  ap_ctrl_hs|  ucb1_bench_top_Pipeline_CI_LOOP|  return value|
|grp_fu_1786_p_din0        |  out|   16|  ap_ctrl_hs|  ucb1_bench_top_Pipeline_CI_LOOP|  return value|
|grp_fu_1786_p_din1        |  out|   16|  ap_ctrl_hs|  ucb1_bench_top_Pipeline_CI_LOOP|  return value|
|grp_fu_1786_p_dout0       |   in|   16|  ap_ctrl_hs|  ucb1_bench_top_Pipeline_CI_LOOP|  return value|
|grp_fu_1786_p_ce          |  out|    1|  ap_ctrl_hs|  ucb1_bench_top_Pipeline_CI_LOOP|  return value|
|grp_fu_1790_p_din0        |  out|   16|  ap_ctrl_hs|  ucb1_bench_top_Pipeline_CI_LOOP|  return value|
|grp_fu_1790_p_din1        |  out|   16|  ap_ctrl_hs|  ucb1_bench_top_Pipeline_CI_LOOP|  return value|
|grp_fu_1790_p_dout0       |   in|   16|  ap_ctrl_hs|  ucb1_bench_top_Pipeline_CI_LOOP|  return value|
|grp_fu_1790_p_ce          |  out|    1|  ap_ctrl_hs|  ucb1_bench_top_Pipeline_CI_LOOP|  return value|
|grp_fu_1794_p_din0        |  out|   16|  ap_ctrl_hs|  ucb1_bench_top_Pipeline_CI_LOOP|  return value|
|grp_fu_1794_p_din1        |  out|   16|  ap_ctrl_hs|  ucb1_bench_top_Pipeline_CI_LOOP|  return value|
|grp_fu_1794_p_dout0       |   in|   16|  ap_ctrl_hs|  ucb1_bench_top_Pipeline_CI_LOOP|  return value|
|grp_fu_1794_p_ce          |  out|    1|  ap_ctrl_hs|  ucb1_bench_top_Pipeline_CI_LOOP|  return value|
|grp_fu_1798_p_din0        |  out|   16|  ap_ctrl_hs|  ucb1_bench_top_Pipeline_CI_LOOP|  return value|
|grp_fu_1798_p_din1        |  out|   16|  ap_ctrl_hs|  ucb1_bench_top_Pipeline_CI_LOOP|  return value|
|grp_fu_1798_p_dout0       |   in|   16|  ap_ctrl_hs|  ucb1_bench_top_Pipeline_CI_LOOP|  return value|
|grp_fu_1798_p_ce          |  out|    1|  ap_ctrl_hs|  ucb1_bench_top_Pipeline_CI_LOOP|  return value|
|grp_fu_1802_p_din0        |  out|   16|  ap_ctrl_hs|  ucb1_bench_top_Pipeline_CI_LOOP|  return value|
|grp_fu_1802_p_din1        |  out|   16|  ap_ctrl_hs|  ucb1_bench_top_Pipeline_CI_LOOP|  return value|
|grp_fu_1802_p_dout0       |   in|   16|  ap_ctrl_hs|  ucb1_bench_top_Pipeline_CI_LOOP|  return value|
|grp_fu_1802_p_ce          |  out|    1|  ap_ctrl_hs|  ucb1_bench_top_Pipeline_CI_LOOP|  return value|
|grp_fu_1806_p_din0        |  out|   16|  ap_ctrl_hs|  ucb1_bench_top_Pipeline_CI_LOOP|  return value|
|grp_fu_1806_p_din1        |  out|   16|  ap_ctrl_hs|  ucb1_bench_top_Pipeline_CI_LOOP|  return value|
|grp_fu_1806_p_dout0       |   in|   16|  ap_ctrl_hs|  ucb1_bench_top_Pipeline_CI_LOOP|  return value|
|grp_fu_1806_p_ce          |  out|    1|  ap_ctrl_hs|  ucb1_bench_top_Pipeline_CI_LOOP|  return value|
|grp_fu_1810_p_din0        |  out|   16|  ap_ctrl_hs|  ucb1_bench_top_Pipeline_CI_LOOP|  return value|
|grp_fu_1810_p_din1        |  out|   16|  ap_ctrl_hs|  ucb1_bench_top_Pipeline_CI_LOOP|  return value|
|grp_fu_1810_p_dout0       |   in|   16|  ap_ctrl_hs|  ucb1_bench_top_Pipeline_CI_LOOP|  return value|
|grp_fu_1810_p_ce          |  out|    1|  ap_ctrl_hs|  ucb1_bench_top_Pipeline_CI_LOOP|  return value|
|grp_fu_1814_p_din0        |  out|   16|  ap_ctrl_hs|  ucb1_bench_top_Pipeline_CI_LOOP|  return value|
|grp_fu_1814_p_din1        |  out|   16|  ap_ctrl_hs|  ucb1_bench_top_Pipeline_CI_LOOP|  return value|
|grp_fu_1814_p_dout0       |   in|   16|  ap_ctrl_hs|  ucb1_bench_top_Pipeline_CI_LOOP|  return value|
|grp_fu_1814_p_ce          |  out|    1|  ap_ctrl_hs|  ucb1_bench_top_Pipeline_CI_LOOP|  return value|
|grp_fu_1818_p_din0        |  out|   16|  ap_ctrl_hs|  ucb1_bench_top_Pipeline_CI_LOOP|  return value|
|grp_fu_1818_p_din1        |  out|   16|  ap_ctrl_hs|  ucb1_bench_top_Pipeline_CI_LOOP|  return value|
|grp_fu_1818_p_dout0       |   in|   16|  ap_ctrl_hs|  ucb1_bench_top_Pipeline_CI_LOOP|  return value|
|grp_fu_1818_p_ce          |  out|    1|  ap_ctrl_hs|  ucb1_bench_top_Pipeline_CI_LOOP|  return value|
|grp_fu_1822_p_din0        |  out|   16|  ap_ctrl_hs|  ucb1_bench_top_Pipeline_CI_LOOP|  return value|
|grp_fu_1822_p_din1        |  out|   16|  ap_ctrl_hs|  ucb1_bench_top_Pipeline_CI_LOOP|  return value|
|grp_fu_1822_p_dout0       |   in|   16|  ap_ctrl_hs|  ucb1_bench_top_Pipeline_CI_LOOP|  return value|
|grp_fu_1822_p_ce          |  out|    1|  ap_ctrl_hs|  ucb1_bench_top_Pipeline_CI_LOOP|  return value|
|grp_fu_1826_p_din0        |  out|   16|  ap_ctrl_hs|  ucb1_bench_top_Pipeline_CI_LOOP|  return value|
|grp_fu_1826_p_din1        |  out|   16|  ap_ctrl_hs|  ucb1_bench_top_Pipeline_CI_LOOP|  return value|
|grp_fu_1826_p_dout0       |   in|   16|  ap_ctrl_hs|  ucb1_bench_top_Pipeline_CI_LOOP|  return value|
|grp_fu_1826_p_ce          |  out|    1|  ap_ctrl_hs|  ucb1_bench_top_Pipeline_CI_LOOP|  return value|
|grp_fu_1830_p_din0        |  out|   16|  ap_ctrl_hs|  ucb1_bench_top_Pipeline_CI_LOOP|  return value|
|grp_fu_1830_p_din1        |  out|   16|  ap_ctrl_hs|  ucb1_bench_top_Pipeline_CI_LOOP|  return value|
|grp_fu_1830_p_dout0       |   in|   16|  ap_ctrl_hs|  ucb1_bench_top_Pipeline_CI_LOOP|  return value|
|grp_fu_1830_p_ce          |  out|    1|  ap_ctrl_hs|  ucb1_bench_top_Pipeline_CI_LOOP|  return value|
|grp_fu_1834_p_din0        |  out|   16|  ap_ctrl_hs|  ucb1_bench_top_Pipeline_CI_LOOP|  return value|
|grp_fu_1834_p_din1        |  out|   16|  ap_ctrl_hs|  ucb1_bench_top_Pipeline_CI_LOOP|  return value|
|grp_fu_1834_p_dout0       |   in|   16|  ap_ctrl_hs|  ucb1_bench_top_Pipeline_CI_LOOP|  return value|
|grp_fu_1834_p_ce          |  out|    1|  ap_ctrl_hs|  ucb1_bench_top_Pipeline_CI_LOOP|  return value|
|grp_fu_1838_p_din0        |  out|   16|  ap_ctrl_hs|  ucb1_bench_top_Pipeline_CI_LOOP|  return value|
|grp_fu_1838_p_din1        |  out|   16|  ap_ctrl_hs|  ucb1_bench_top_Pipeline_CI_LOOP|  return value|
|grp_fu_1838_p_dout0       |   in|   16|  ap_ctrl_hs|  ucb1_bench_top_Pipeline_CI_LOOP|  return value|
|grp_fu_1838_p_ce          |  out|    1|  ap_ctrl_hs|  ucb1_bench_top_Pipeline_CI_LOOP|  return value|
|grp_fu_1842_p_din0        |  out|   16|  ap_ctrl_hs|  ucb1_bench_top_Pipeline_CI_LOOP|  return value|
|grp_fu_1842_p_din1        |  out|   16|  ap_ctrl_hs|  ucb1_bench_top_Pipeline_CI_LOOP|  return value|
|grp_fu_1842_p_dout0       |   in|   16|  ap_ctrl_hs|  ucb1_bench_top_Pipeline_CI_LOOP|  return value|
|grp_fu_1842_p_ce          |  out|    1|  ap_ctrl_hs|  ucb1_bench_top_Pipeline_CI_LOOP|  return value|
|grp_fu_1846_p_din0        |  out|   16|  ap_ctrl_hs|  ucb1_bench_top_Pipeline_CI_LOOP|  return value|
|grp_fu_1846_p_din1        |  out|   16|  ap_ctrl_hs|  ucb1_bench_top_Pipeline_CI_LOOP|  return value|
|grp_fu_1846_p_dout0       |   in|   16|  ap_ctrl_hs|  ucb1_bench_top_Pipeline_CI_LOOP|  return value|
|grp_fu_1846_p_ce          |  out|    1|  ap_ctrl_hs|  ucb1_bench_top_Pipeline_CI_LOOP|  return value|
|grp_fu_1850_p_din0        |  out|   16|  ap_ctrl_hs|  ucb1_bench_top_Pipeline_CI_LOOP|  return value|
|grp_fu_1850_p_din1        |  out|   16|  ap_ctrl_hs|  ucb1_bench_top_Pipeline_CI_LOOP|  return value|
|grp_fu_1850_p_dout0       |   in|   16|  ap_ctrl_hs|  ucb1_bench_top_Pipeline_CI_LOOP|  return value|
|grp_fu_1850_p_ce          |  out|    1|  ap_ctrl_hs|  ucb1_bench_top_Pipeline_CI_LOOP|  return value|
|grp_fu_1854_p_din0        |  out|   16|  ap_ctrl_hs|  ucb1_bench_top_Pipeline_CI_LOOP|  return value|
|grp_fu_1854_p_din1        |  out|   16|  ap_ctrl_hs|  ucb1_bench_top_Pipeline_CI_LOOP|  return value|
|grp_fu_1854_p_dout0       |   in|   16|  ap_ctrl_hs|  ucb1_bench_top_Pipeline_CI_LOOP|  return value|
|grp_fu_1854_p_ce          |  out|    1|  ap_ctrl_hs|  ucb1_bench_top_Pipeline_CI_LOOP|  return value|
|grp_fu_1858_p_din0        |  out|   16|  ap_ctrl_hs|  ucb1_bench_top_Pipeline_CI_LOOP|  return value|
|grp_fu_1858_p_din1        |  out|   16|  ap_ctrl_hs|  ucb1_bench_top_Pipeline_CI_LOOP|  return value|
|grp_fu_1858_p_dout0       |   in|   16|  ap_ctrl_hs|  ucb1_bench_top_Pipeline_CI_LOOP|  return value|
|grp_fu_1858_p_ce          |  out|    1|  ap_ctrl_hs|  ucb1_bench_top_Pipeline_CI_LOOP|  return value|
|grp_fu_1862_p_din0        |  out|   16|  ap_ctrl_hs|  ucb1_bench_top_Pipeline_CI_LOOP|  return value|
|grp_fu_1862_p_din1        |  out|   16|  ap_ctrl_hs|  ucb1_bench_top_Pipeline_CI_LOOP|  return value|
|grp_fu_1862_p_dout0       |   in|   16|  ap_ctrl_hs|  ucb1_bench_top_Pipeline_CI_LOOP|  return value|
|grp_fu_1862_p_ce          |  out|    1|  ap_ctrl_hs|  ucb1_bench_top_Pipeline_CI_LOOP|  return value|
|grp_fu_1866_p_din0        |  out|   16|  ap_ctrl_hs|  ucb1_bench_top_Pipeline_CI_LOOP|  return value|
|grp_fu_1866_p_din1        |  out|   16|  ap_ctrl_hs|  ucb1_bench_top_Pipeline_CI_LOOP|  return value|
|grp_fu_1866_p_dout0       |   in|   16|  ap_ctrl_hs|  ucb1_bench_top_Pipeline_CI_LOOP|  return value|
|grp_fu_1866_p_ce          |  out|    1|  ap_ctrl_hs|  ucb1_bench_top_Pipeline_CI_LOOP|  return value|
|grp_fu_1870_p_din0        |  out|   16|  ap_ctrl_hs|  ucb1_bench_top_Pipeline_CI_LOOP|  return value|
|grp_fu_1870_p_din1        |  out|   16|  ap_ctrl_hs|  ucb1_bench_top_Pipeline_CI_LOOP|  return value|
|grp_fu_1870_p_dout0       |   in|   16|  ap_ctrl_hs|  ucb1_bench_top_Pipeline_CI_LOOP|  return value|
|grp_fu_1870_p_ce          |  out|    1|  ap_ctrl_hs|  ucb1_bench_top_Pipeline_CI_LOOP|  return value|
|grp_fu_1874_p_din0        |  out|   16|  ap_ctrl_hs|  ucb1_bench_top_Pipeline_CI_LOOP|  return value|
|grp_fu_1874_p_din1        |  out|   16|  ap_ctrl_hs|  ucb1_bench_top_Pipeline_CI_LOOP|  return value|
|grp_fu_1874_p_dout0       |   in|   16|  ap_ctrl_hs|  ucb1_bench_top_Pipeline_CI_LOOP|  return value|
|grp_fu_1874_p_ce          |  out|    1|  ap_ctrl_hs|  ucb1_bench_top_Pipeline_CI_LOOP|  return value|
|grp_fu_1878_p_din0        |  out|   16|  ap_ctrl_hs|  ucb1_bench_top_Pipeline_CI_LOOP|  return value|
|grp_fu_1878_p_din1        |  out|   16|  ap_ctrl_hs|  ucb1_bench_top_Pipeline_CI_LOOP|  return value|
|grp_fu_1878_p_dout0       |   in|   16|  ap_ctrl_hs|  ucb1_bench_top_Pipeline_CI_LOOP|  return value|
|grp_fu_1878_p_ce          |  out|    1|  ap_ctrl_hs|  ucb1_bench_top_Pipeline_CI_LOOP|  return value|
|grp_fu_1882_p_din0        |  out|   16|  ap_ctrl_hs|  ucb1_bench_top_Pipeline_CI_LOOP|  return value|
|grp_fu_1882_p_din1        |  out|   16|  ap_ctrl_hs|  ucb1_bench_top_Pipeline_CI_LOOP|  return value|
|grp_fu_1882_p_dout0       |   in|   16|  ap_ctrl_hs|  ucb1_bench_top_Pipeline_CI_LOOP|  return value|
|grp_fu_1882_p_ce          |  out|    1|  ap_ctrl_hs|  ucb1_bench_top_Pipeline_CI_LOOP|  return value|
|grp_fu_1886_p_din0        |  out|   16|  ap_ctrl_hs|  ucb1_bench_top_Pipeline_CI_LOOP|  return value|
|grp_fu_1886_p_din1        |  out|   16|  ap_ctrl_hs|  ucb1_bench_top_Pipeline_CI_LOOP|  return value|
|grp_fu_1886_p_dout0       |   in|   16|  ap_ctrl_hs|  ucb1_bench_top_Pipeline_CI_LOOP|  return value|
|grp_fu_1886_p_ce          |  out|    1|  ap_ctrl_hs|  ucb1_bench_top_Pipeline_CI_LOOP|  return value|
|grp_fu_1890_p_din0        |  out|   16|  ap_ctrl_hs|  ucb1_bench_top_Pipeline_CI_LOOP|  return value|
|grp_fu_1890_p_din1        |  out|   16|  ap_ctrl_hs|  ucb1_bench_top_Pipeline_CI_LOOP|  return value|
|grp_fu_1890_p_dout0       |   in|   16|  ap_ctrl_hs|  ucb1_bench_top_Pipeline_CI_LOOP|  return value|
|grp_fu_1890_p_ce          |  out|    1|  ap_ctrl_hs|  ucb1_bench_top_Pipeline_CI_LOOP|  return value|
|grp_fu_1894_p_din0        |  out|   16|  ap_ctrl_hs|  ucb1_bench_top_Pipeline_CI_LOOP|  return value|
|grp_fu_1894_p_din1        |  out|   16|  ap_ctrl_hs|  ucb1_bench_top_Pipeline_CI_LOOP|  return value|
|grp_fu_1894_p_dout0       |   in|   16|  ap_ctrl_hs|  ucb1_bench_top_Pipeline_CI_LOOP|  return value|
|grp_fu_1894_p_ce          |  out|    1|  ap_ctrl_hs|  ucb1_bench_top_Pipeline_CI_LOOP|  return value|
|grp_fu_1898_p_din0        |  out|   16|  ap_ctrl_hs|  ucb1_bench_top_Pipeline_CI_LOOP|  return value|
|grp_fu_1898_p_din1        |  out|   16|  ap_ctrl_hs|  ucb1_bench_top_Pipeline_CI_LOOP|  return value|
|grp_fu_1898_p_dout0       |   in|   16|  ap_ctrl_hs|  ucb1_bench_top_Pipeline_CI_LOOP|  return value|
|grp_fu_1898_p_ce          |  out|    1|  ap_ctrl_hs|  ucb1_bench_top_Pipeline_CI_LOOP|  return value|
|grp_fu_1902_p_din0        |  out|   16|  ap_ctrl_hs|  ucb1_bench_top_Pipeline_CI_LOOP|  return value|
|grp_fu_1902_p_din1        |  out|   16|  ap_ctrl_hs|  ucb1_bench_top_Pipeline_CI_LOOP|  return value|
|grp_fu_1902_p_dout0       |   in|   16|  ap_ctrl_hs|  ucb1_bench_top_Pipeline_CI_LOOP|  return value|
|grp_fu_1902_p_ce          |  out|    1|  ap_ctrl_hs|  ucb1_bench_top_Pipeline_CI_LOOP|  return value|
|grp_fu_1906_p_din0        |  out|   16|  ap_ctrl_hs|  ucb1_bench_top_Pipeline_CI_LOOP|  return value|
|grp_fu_1906_p_din1        |  out|   16|  ap_ctrl_hs|  ucb1_bench_top_Pipeline_CI_LOOP|  return value|
|grp_fu_1906_p_dout0       |   in|   16|  ap_ctrl_hs|  ucb1_bench_top_Pipeline_CI_LOOP|  return value|
|grp_fu_1906_p_ce          |  out|    1|  ap_ctrl_hs|  ucb1_bench_top_Pipeline_CI_LOOP|  return value|
|grp_fu_1910_p_din0        |  out|   16|  ap_ctrl_hs|  ucb1_bench_top_Pipeline_CI_LOOP|  return value|
|grp_fu_1910_p_din1        |  out|   16|  ap_ctrl_hs|  ucb1_bench_top_Pipeline_CI_LOOP|  return value|
|grp_fu_1910_p_dout0       |   in|   16|  ap_ctrl_hs|  ucb1_bench_top_Pipeline_CI_LOOP|  return value|
|grp_fu_1910_p_ce          |  out|    1|  ap_ctrl_hs|  ucb1_bench_top_Pipeline_CI_LOOP|  return value|
|grp_fu_1914_p_din0        |  out|   16|  ap_ctrl_hs|  ucb1_bench_top_Pipeline_CI_LOOP|  return value|
|grp_fu_1914_p_din1        |  out|   16|  ap_ctrl_hs|  ucb1_bench_top_Pipeline_CI_LOOP|  return value|
|grp_fu_1914_p_dout0       |   in|   16|  ap_ctrl_hs|  ucb1_bench_top_Pipeline_CI_LOOP|  return value|
|grp_fu_1914_p_ce          |  out|    1|  ap_ctrl_hs|  ucb1_bench_top_Pipeline_CI_LOOP|  return value|
|grp_fu_1918_p_din0        |  out|   16|  ap_ctrl_hs|  ucb1_bench_top_Pipeline_CI_LOOP|  return value|
|grp_fu_1918_p_din1        |  out|   16|  ap_ctrl_hs|  ucb1_bench_top_Pipeline_CI_LOOP|  return value|
|grp_fu_1918_p_dout0       |   in|   16|  ap_ctrl_hs|  ucb1_bench_top_Pipeline_CI_LOOP|  return value|
|grp_fu_1918_p_ce          |  out|    1|  ap_ctrl_hs|  ucb1_bench_top_Pipeline_CI_LOOP|  return value|
|grp_fu_1922_p_din0        |  out|   16|  ap_ctrl_hs|  ucb1_bench_top_Pipeline_CI_LOOP|  return value|
|grp_fu_1922_p_din1        |  out|   16|  ap_ctrl_hs|  ucb1_bench_top_Pipeline_CI_LOOP|  return value|
|grp_fu_1922_p_dout0       |   in|   16|  ap_ctrl_hs|  ucb1_bench_top_Pipeline_CI_LOOP|  return value|
|grp_fu_1922_p_ce          |  out|    1|  ap_ctrl_hs|  ucb1_bench_top_Pipeline_CI_LOOP|  return value|
|grp_fu_1926_p_din0        |  out|   16|  ap_ctrl_hs|  ucb1_bench_top_Pipeline_CI_LOOP|  return value|
|grp_fu_1926_p_din1        |  out|   16|  ap_ctrl_hs|  ucb1_bench_top_Pipeline_CI_LOOP|  return value|
|grp_fu_1926_p_dout0       |   in|   16|  ap_ctrl_hs|  ucb1_bench_top_Pipeline_CI_LOOP|  return value|
|grp_fu_1926_p_ce          |  out|    1|  ap_ctrl_hs|  ucb1_bench_top_Pipeline_CI_LOOP|  return value|
|grp_fu_1930_p_din0        |  out|   16|  ap_ctrl_hs|  ucb1_bench_top_Pipeline_CI_LOOP|  return value|
|grp_fu_1930_p_din1        |  out|   16|  ap_ctrl_hs|  ucb1_bench_top_Pipeline_CI_LOOP|  return value|
|grp_fu_1930_p_dout0       |   in|   16|  ap_ctrl_hs|  ucb1_bench_top_Pipeline_CI_LOOP|  return value|
|grp_fu_1930_p_ce          |  out|    1|  ap_ctrl_hs|  ucb1_bench_top_Pipeline_CI_LOOP|  return value|
|grp_fu_1934_p_din0        |  out|   16|  ap_ctrl_hs|  ucb1_bench_top_Pipeline_CI_LOOP|  return value|
|grp_fu_1934_p_din1        |  out|   16|  ap_ctrl_hs|  ucb1_bench_top_Pipeline_CI_LOOP|  return value|
|grp_fu_1934_p_dout0       |   in|   16|  ap_ctrl_hs|  ucb1_bench_top_Pipeline_CI_LOOP|  return value|
|grp_fu_1934_p_ce          |  out|    1|  ap_ctrl_hs|  ucb1_bench_top_Pipeline_CI_LOOP|  return value|
|grp_fu_1938_p_din0        |  out|   16|  ap_ctrl_hs|  ucb1_bench_top_Pipeline_CI_LOOP|  return value|
|grp_fu_1938_p_din1        |  out|   16|  ap_ctrl_hs|  ucb1_bench_top_Pipeline_CI_LOOP|  return value|
|grp_fu_1938_p_dout0       |   in|   16|  ap_ctrl_hs|  ucb1_bench_top_Pipeline_CI_LOOP|  return value|
|grp_fu_1938_p_ce          |  out|    1|  ap_ctrl_hs|  ucb1_bench_top_Pipeline_CI_LOOP|  return value|
|grp_fu_1942_p_din0        |  out|   16|  ap_ctrl_hs|  ucb1_bench_top_Pipeline_CI_LOOP|  return value|
|grp_fu_1942_p_din1        |  out|   16|  ap_ctrl_hs|  ucb1_bench_top_Pipeline_CI_LOOP|  return value|
|grp_fu_1942_p_dout0       |   in|   16|  ap_ctrl_hs|  ucb1_bench_top_Pipeline_CI_LOOP|  return value|
|grp_fu_1942_p_ce          |  out|    1|  ap_ctrl_hs|  ucb1_bench_top_Pipeline_CI_LOOP|  return value|
|grp_fu_1946_p_din0        |  out|   16|  ap_ctrl_hs|  ucb1_bench_top_Pipeline_CI_LOOP|  return value|
|grp_fu_1946_p_din1        |  out|   16|  ap_ctrl_hs|  ucb1_bench_top_Pipeline_CI_LOOP|  return value|
|grp_fu_1946_p_dout0       |   in|   16|  ap_ctrl_hs|  ucb1_bench_top_Pipeline_CI_LOOP|  return value|
|grp_fu_1946_p_ce          |  out|    1|  ap_ctrl_hs|  ucb1_bench_top_Pipeline_CI_LOOP|  return value|
|grp_fu_1950_p_din0        |  out|   16|  ap_ctrl_hs|  ucb1_bench_top_Pipeline_CI_LOOP|  return value|
|grp_fu_1950_p_din1        |  out|   16|  ap_ctrl_hs|  ucb1_bench_top_Pipeline_CI_LOOP|  return value|
|grp_fu_1950_p_dout0       |   in|   16|  ap_ctrl_hs|  ucb1_bench_top_Pipeline_CI_LOOP|  return value|
|grp_fu_1950_p_ce          |  out|    1|  ap_ctrl_hs|  ucb1_bench_top_Pipeline_CI_LOOP|  return value|
|grp_fu_1954_p_din0        |  out|   16|  ap_ctrl_hs|  ucb1_bench_top_Pipeline_CI_LOOP|  return value|
|grp_fu_1954_p_din1        |  out|   16|  ap_ctrl_hs|  ucb1_bench_top_Pipeline_CI_LOOP|  return value|
|grp_fu_1954_p_dout0       |   in|   16|  ap_ctrl_hs|  ucb1_bench_top_Pipeline_CI_LOOP|  return value|
|grp_fu_1954_p_ce          |  out|    1|  ap_ctrl_hs|  ucb1_bench_top_Pipeline_CI_LOOP|  return value|
|grp_fu_1958_p_din0        |  out|   16|  ap_ctrl_hs|  ucb1_bench_top_Pipeline_CI_LOOP|  return value|
|grp_fu_1958_p_din1        |  out|   16|  ap_ctrl_hs|  ucb1_bench_top_Pipeline_CI_LOOP|  return value|
|grp_fu_1958_p_dout0       |   in|   16|  ap_ctrl_hs|  ucb1_bench_top_Pipeline_CI_LOOP|  return value|
|grp_fu_1958_p_ce          |  out|    1|  ap_ctrl_hs|  ucb1_bench_top_Pipeline_CI_LOOP|  return value|
|grp_fu_1962_p_din0        |  out|   16|  ap_ctrl_hs|  ucb1_bench_top_Pipeline_CI_LOOP|  return value|
|grp_fu_1962_p_din1        |  out|   16|  ap_ctrl_hs|  ucb1_bench_top_Pipeline_CI_LOOP|  return value|
|grp_fu_1962_p_dout0       |   in|   16|  ap_ctrl_hs|  ucb1_bench_top_Pipeline_CI_LOOP|  return value|
|grp_fu_1962_p_ce          |  out|    1|  ap_ctrl_hs|  ucb1_bench_top_Pipeline_CI_LOOP|  return value|
|grp_fu_1966_p_din0        |  out|   16|  ap_ctrl_hs|  ucb1_bench_top_Pipeline_CI_LOOP|  return value|
|grp_fu_1966_p_din1        |  out|   16|  ap_ctrl_hs|  ucb1_bench_top_Pipeline_CI_LOOP|  return value|
|grp_fu_1966_p_dout0       |   in|   16|  ap_ctrl_hs|  ucb1_bench_top_Pipeline_CI_LOOP|  return value|
|grp_fu_1966_p_ce          |  out|    1|  ap_ctrl_hs|  ucb1_bench_top_Pipeline_CI_LOOP|  return value|
|grp_fu_1970_p_din0        |  out|   16|  ap_ctrl_hs|  ucb1_bench_top_Pipeline_CI_LOOP|  return value|
|grp_fu_1970_p_din1        |  out|   16|  ap_ctrl_hs|  ucb1_bench_top_Pipeline_CI_LOOP|  return value|
|grp_fu_1970_p_dout0       |   in|   16|  ap_ctrl_hs|  ucb1_bench_top_Pipeline_CI_LOOP|  return value|
|grp_fu_1970_p_ce          |  out|    1|  ap_ctrl_hs|  ucb1_bench_top_Pipeline_CI_LOOP|  return value|
|grp_fu_1974_p_din0        |  out|   16|  ap_ctrl_hs|  ucb1_bench_top_Pipeline_CI_LOOP|  return value|
|grp_fu_1974_p_din1        |  out|   16|  ap_ctrl_hs|  ucb1_bench_top_Pipeline_CI_LOOP|  return value|
|grp_fu_1974_p_dout0       |   in|   16|  ap_ctrl_hs|  ucb1_bench_top_Pipeline_CI_LOOP|  return value|
|grp_fu_1974_p_ce          |  out|    1|  ap_ctrl_hs|  ucb1_bench_top_Pipeline_CI_LOOP|  return value|
|grp_fu_1978_p_din0        |  out|   16|  ap_ctrl_hs|  ucb1_bench_top_Pipeline_CI_LOOP|  return value|
|grp_fu_1978_p_din1        |  out|   16|  ap_ctrl_hs|  ucb1_bench_top_Pipeline_CI_LOOP|  return value|
|grp_fu_1978_p_dout0       |   in|   16|  ap_ctrl_hs|  ucb1_bench_top_Pipeline_CI_LOOP|  return value|
|grp_fu_1978_p_ce          |  out|    1|  ap_ctrl_hs|  ucb1_bench_top_Pipeline_CI_LOOP|  return value|
|grp_fu_1982_p_din0        |  out|   16|  ap_ctrl_hs|  ucb1_bench_top_Pipeline_CI_LOOP|  return value|
|grp_fu_1982_p_din1        |  out|   16|  ap_ctrl_hs|  ucb1_bench_top_Pipeline_CI_LOOP|  return value|
|grp_fu_1982_p_dout0       |   in|   16|  ap_ctrl_hs|  ucb1_bench_top_Pipeline_CI_LOOP|  return value|
|grp_fu_1982_p_ce          |  out|    1|  ap_ctrl_hs|  ucb1_bench_top_Pipeline_CI_LOOP|  return value|
|grp_fu_1986_p_din0        |  out|   16|  ap_ctrl_hs|  ucb1_bench_top_Pipeline_CI_LOOP|  return value|
|grp_fu_1986_p_din1        |  out|   16|  ap_ctrl_hs|  ucb1_bench_top_Pipeline_CI_LOOP|  return value|
|grp_fu_1986_p_dout0       |   in|   16|  ap_ctrl_hs|  ucb1_bench_top_Pipeline_CI_LOOP|  return value|
|grp_fu_1986_p_ce          |  out|    1|  ap_ctrl_hs|  ucb1_bench_top_Pipeline_CI_LOOP|  return value|
|grp_fu_1990_p_din0        |  out|   16|  ap_ctrl_hs|  ucb1_bench_top_Pipeline_CI_LOOP|  return value|
|grp_fu_1990_p_din1        |  out|   16|  ap_ctrl_hs|  ucb1_bench_top_Pipeline_CI_LOOP|  return value|
|grp_fu_1990_p_dout0       |   in|   16|  ap_ctrl_hs|  ucb1_bench_top_Pipeline_CI_LOOP|  return value|
|grp_fu_1990_p_ce          |  out|    1|  ap_ctrl_hs|  ucb1_bench_top_Pipeline_CI_LOOP|  return value|
|grp_fu_1994_p_din0        |  out|   16|  ap_ctrl_hs|  ucb1_bench_top_Pipeline_CI_LOOP|  return value|
|grp_fu_1994_p_din1        |  out|   16|  ap_ctrl_hs|  ucb1_bench_top_Pipeline_CI_LOOP|  return value|
|grp_fu_1994_p_dout0       |   in|   16|  ap_ctrl_hs|  ucb1_bench_top_Pipeline_CI_LOOP|  return value|
|grp_fu_1994_p_ce          |  out|    1|  ap_ctrl_hs|  ucb1_bench_top_Pipeline_CI_LOOP|  return value|
|grp_fu_1998_p_din0        |  out|   16|  ap_ctrl_hs|  ucb1_bench_top_Pipeline_CI_LOOP|  return value|
|grp_fu_1998_p_din1        |  out|   16|  ap_ctrl_hs|  ucb1_bench_top_Pipeline_CI_LOOP|  return value|
|grp_fu_1998_p_dout0       |   in|   16|  ap_ctrl_hs|  ucb1_bench_top_Pipeline_CI_LOOP|  return value|
|grp_fu_1998_p_ce          |  out|    1|  ap_ctrl_hs|  ucb1_bench_top_Pipeline_CI_LOOP|  return value|
|grp_fu_2002_p_din0        |  out|   16|  ap_ctrl_hs|  ucb1_bench_top_Pipeline_CI_LOOP|  return value|
|grp_fu_2002_p_din1        |  out|   16|  ap_ctrl_hs|  ucb1_bench_top_Pipeline_CI_LOOP|  return value|
|grp_fu_2002_p_dout0       |   in|   16|  ap_ctrl_hs|  ucb1_bench_top_Pipeline_CI_LOOP|  return value|
|grp_fu_2002_p_ce          |  out|    1|  ap_ctrl_hs|  ucb1_bench_top_Pipeline_CI_LOOP|  return value|
|grp_fu_2006_p_din0        |  out|   16|  ap_ctrl_hs|  ucb1_bench_top_Pipeline_CI_LOOP|  return value|
|grp_fu_2006_p_din1        |  out|   16|  ap_ctrl_hs|  ucb1_bench_top_Pipeline_CI_LOOP|  return value|
|grp_fu_2006_p_dout0       |   in|   16|  ap_ctrl_hs|  ucb1_bench_top_Pipeline_CI_LOOP|  return value|
|grp_fu_2006_p_ce          |  out|    1|  ap_ctrl_hs|  ucb1_bench_top_Pipeline_CI_LOOP|  return value|
|grp_fu_2010_p_din0        |  out|   16|  ap_ctrl_hs|  ucb1_bench_top_Pipeline_CI_LOOP|  return value|
|grp_fu_2010_p_din1        |  out|   16|  ap_ctrl_hs|  ucb1_bench_top_Pipeline_CI_LOOP|  return value|
|grp_fu_2010_p_dout0       |   in|   16|  ap_ctrl_hs|  ucb1_bench_top_Pipeline_CI_LOOP|  return value|
|grp_fu_2010_p_ce          |  out|    1|  ap_ctrl_hs|  ucb1_bench_top_Pipeline_CI_LOOP|  return value|
|grp_fu_2014_p_din0        |  out|   16|  ap_ctrl_hs|  ucb1_bench_top_Pipeline_CI_LOOP|  return value|
|grp_fu_2014_p_din1        |  out|   16|  ap_ctrl_hs|  ucb1_bench_top_Pipeline_CI_LOOP|  return value|
|grp_fu_2014_p_dout0       |   in|   16|  ap_ctrl_hs|  ucb1_bench_top_Pipeline_CI_LOOP|  return value|
|grp_fu_2014_p_ce          |  out|    1|  ap_ctrl_hs|  ucb1_bench_top_Pipeline_CI_LOOP|  return value|
|grp_fu_2018_p_din0        |  out|   16|  ap_ctrl_hs|  ucb1_bench_top_Pipeline_CI_LOOP|  return value|
|grp_fu_2018_p_din1        |  out|   16|  ap_ctrl_hs|  ucb1_bench_top_Pipeline_CI_LOOP|  return value|
|grp_fu_2018_p_dout0       |   in|   16|  ap_ctrl_hs|  ucb1_bench_top_Pipeline_CI_LOOP|  return value|
|grp_fu_2018_p_ce          |  out|    1|  ap_ctrl_hs|  ucb1_bench_top_Pipeline_CI_LOOP|  return value|
|grp_fu_2022_p_din0        |  out|   16|  ap_ctrl_hs|  ucb1_bench_top_Pipeline_CI_LOOP|  return value|
|grp_fu_2022_p_din1        |  out|   16|  ap_ctrl_hs|  ucb1_bench_top_Pipeline_CI_LOOP|  return value|
|grp_fu_2022_p_dout0       |   in|   16|  ap_ctrl_hs|  ucb1_bench_top_Pipeline_CI_LOOP|  return value|
|grp_fu_2022_p_ce          |  out|    1|  ap_ctrl_hs|  ucb1_bench_top_Pipeline_CI_LOOP|  return value|
|grp_fu_2026_p_din0        |  out|   16|  ap_ctrl_hs|  ucb1_bench_top_Pipeline_CI_LOOP|  return value|
|grp_fu_2026_p_din1        |  out|   16|  ap_ctrl_hs|  ucb1_bench_top_Pipeline_CI_LOOP|  return value|
|grp_fu_2026_p_dout0       |   in|   16|  ap_ctrl_hs|  ucb1_bench_top_Pipeline_CI_LOOP|  return value|
|grp_fu_2026_p_ce          |  out|    1|  ap_ctrl_hs|  ucb1_bench_top_Pipeline_CI_LOOP|  return value|
|grp_fu_2030_p_din0        |  out|   16|  ap_ctrl_hs|  ucb1_bench_top_Pipeline_CI_LOOP|  return value|
|grp_fu_2030_p_din1        |  out|   16|  ap_ctrl_hs|  ucb1_bench_top_Pipeline_CI_LOOP|  return value|
|grp_fu_2030_p_dout0       |   in|   16|  ap_ctrl_hs|  ucb1_bench_top_Pipeline_CI_LOOP|  return value|
|grp_fu_2030_p_ce          |  out|    1|  ap_ctrl_hs|  ucb1_bench_top_Pipeline_CI_LOOP|  return value|
|grp_fu_2034_p_din0        |  out|   16|  ap_ctrl_hs|  ucb1_bench_top_Pipeline_CI_LOOP|  return value|
|grp_fu_2034_p_din1        |  out|   16|  ap_ctrl_hs|  ucb1_bench_top_Pipeline_CI_LOOP|  return value|
|grp_fu_2034_p_dout0       |   in|   16|  ap_ctrl_hs|  ucb1_bench_top_Pipeline_CI_LOOP|  return value|
|grp_fu_2034_p_ce          |  out|    1|  ap_ctrl_hs|  ucb1_bench_top_Pipeline_CI_LOOP|  return value|
|grp_fu_2038_p_din0        |  out|   16|  ap_ctrl_hs|  ucb1_bench_top_Pipeline_CI_LOOP|  return value|
|grp_fu_2038_p_din1        |  out|   16|  ap_ctrl_hs|  ucb1_bench_top_Pipeline_CI_LOOP|  return value|
|grp_fu_2038_p_dout0       |   in|   16|  ap_ctrl_hs|  ucb1_bench_top_Pipeline_CI_LOOP|  return value|
|grp_fu_2038_p_ce          |  out|    1|  ap_ctrl_hs|  ucb1_bench_top_Pipeline_CI_LOOP|  return value|
|grp_fu_2042_p_din0        |  out|   16|  ap_ctrl_hs|  ucb1_bench_top_Pipeline_CI_LOOP|  return value|
|grp_fu_2042_p_din1        |  out|   16|  ap_ctrl_hs|  ucb1_bench_top_Pipeline_CI_LOOP|  return value|
|grp_fu_2042_p_dout0       |   in|   16|  ap_ctrl_hs|  ucb1_bench_top_Pipeline_CI_LOOP|  return value|
|grp_fu_2042_p_ce          |  out|    1|  ap_ctrl_hs|  ucb1_bench_top_Pipeline_CI_LOOP|  return value|
|grp_fu_2046_p_din0        |  out|   16|  ap_ctrl_hs|  ucb1_bench_top_Pipeline_CI_LOOP|  return value|
|grp_fu_2046_p_din1        |  out|   16|  ap_ctrl_hs|  ucb1_bench_top_Pipeline_CI_LOOP|  return value|
|grp_fu_2046_p_dout0       |   in|   16|  ap_ctrl_hs|  ucb1_bench_top_Pipeline_CI_LOOP|  return value|
|grp_fu_2046_p_ce          |  out|    1|  ap_ctrl_hs|  ucb1_bench_top_Pipeline_CI_LOOP|  return value|
|grp_fu_2050_p_din0        |  out|   16|  ap_ctrl_hs|  ucb1_bench_top_Pipeline_CI_LOOP|  return value|
|grp_fu_2050_p_din1        |  out|   16|  ap_ctrl_hs|  ucb1_bench_top_Pipeline_CI_LOOP|  return value|
|grp_fu_2050_p_dout0       |   in|   16|  ap_ctrl_hs|  ucb1_bench_top_Pipeline_CI_LOOP|  return value|
|grp_fu_2050_p_ce          |  out|    1|  ap_ctrl_hs|  ucb1_bench_top_Pipeline_CI_LOOP|  return value|
|grp_fu_2054_p_din0        |  out|   16|  ap_ctrl_hs|  ucb1_bench_top_Pipeline_CI_LOOP|  return value|
|grp_fu_2054_p_din1        |  out|   16|  ap_ctrl_hs|  ucb1_bench_top_Pipeline_CI_LOOP|  return value|
|grp_fu_2054_p_dout0       |   in|   16|  ap_ctrl_hs|  ucb1_bench_top_Pipeline_CI_LOOP|  return value|
|grp_fu_2054_p_ce          |  out|    1|  ap_ctrl_hs|  ucb1_bench_top_Pipeline_CI_LOOP|  return value|
|grp_fu_2058_p_din0        |  out|   16|  ap_ctrl_hs|  ucb1_bench_top_Pipeline_CI_LOOP|  return value|
|grp_fu_2058_p_din1        |  out|   16|  ap_ctrl_hs|  ucb1_bench_top_Pipeline_CI_LOOP|  return value|
|grp_fu_2058_p_dout0       |   in|   16|  ap_ctrl_hs|  ucb1_bench_top_Pipeline_CI_LOOP|  return value|
|grp_fu_2058_p_ce          |  out|    1|  ap_ctrl_hs|  ucb1_bench_top_Pipeline_CI_LOOP|  return value|
|grp_fu_2062_p_din0        |  out|   16|  ap_ctrl_hs|  ucb1_bench_top_Pipeline_CI_LOOP|  return value|
|grp_fu_2062_p_din1        |  out|   16|  ap_ctrl_hs|  ucb1_bench_top_Pipeline_CI_LOOP|  return value|
|grp_fu_2062_p_dout0       |   in|   16|  ap_ctrl_hs|  ucb1_bench_top_Pipeline_CI_LOOP|  return value|
|grp_fu_2062_p_ce          |  out|    1|  ap_ctrl_hs|  ucb1_bench_top_Pipeline_CI_LOOP|  return value|
|grp_fu_2066_p_din0        |  out|   16|  ap_ctrl_hs|  ucb1_bench_top_Pipeline_CI_LOOP|  return value|
|grp_fu_2066_p_din1        |  out|   16|  ap_ctrl_hs|  ucb1_bench_top_Pipeline_CI_LOOP|  return value|
|grp_fu_2066_p_dout0       |   in|   16|  ap_ctrl_hs|  ucb1_bench_top_Pipeline_CI_LOOP|  return value|
|grp_fu_2066_p_ce          |  out|    1|  ap_ctrl_hs|  ucb1_bench_top_Pipeline_CI_LOOP|  return value|
|grp_fu_2070_p_din0        |  out|   16|  ap_ctrl_hs|  ucb1_bench_top_Pipeline_CI_LOOP|  return value|
|grp_fu_2070_p_din1        |  out|   16|  ap_ctrl_hs|  ucb1_bench_top_Pipeline_CI_LOOP|  return value|
|grp_fu_2070_p_dout0       |   in|   16|  ap_ctrl_hs|  ucb1_bench_top_Pipeline_CI_LOOP|  return value|
|grp_fu_2070_p_ce          |  out|    1|  ap_ctrl_hs|  ucb1_bench_top_Pipeline_CI_LOOP|  return value|
|grp_fu_2074_p_din0        |  out|   16|  ap_ctrl_hs|  ucb1_bench_top_Pipeline_CI_LOOP|  return value|
|grp_fu_2074_p_din1        |  out|   16|  ap_ctrl_hs|  ucb1_bench_top_Pipeline_CI_LOOP|  return value|
|grp_fu_2074_p_dout0       |   in|   16|  ap_ctrl_hs|  ucb1_bench_top_Pipeline_CI_LOOP|  return value|
|grp_fu_2074_p_ce          |  out|    1|  ap_ctrl_hs|  ucb1_bench_top_Pipeline_CI_LOOP|  return value|
|grp_fu_2078_p_din0        |  out|   16|  ap_ctrl_hs|  ucb1_bench_top_Pipeline_CI_LOOP|  return value|
|grp_fu_2078_p_din1        |  out|   16|  ap_ctrl_hs|  ucb1_bench_top_Pipeline_CI_LOOP|  return value|
|grp_fu_2078_p_dout0       |   in|   16|  ap_ctrl_hs|  ucb1_bench_top_Pipeline_CI_LOOP|  return value|
|grp_fu_2078_p_ce          |  out|    1|  ap_ctrl_hs|  ucb1_bench_top_Pipeline_CI_LOOP|  return value|
|grp_fu_2082_p_din0        |  out|   16|  ap_ctrl_hs|  ucb1_bench_top_Pipeline_CI_LOOP|  return value|
|grp_fu_2082_p_din1        |  out|   16|  ap_ctrl_hs|  ucb1_bench_top_Pipeline_CI_LOOP|  return value|
|grp_fu_2082_p_dout0       |   in|   16|  ap_ctrl_hs|  ucb1_bench_top_Pipeline_CI_LOOP|  return value|
|grp_fu_2082_p_ce          |  out|    1|  ap_ctrl_hs|  ucb1_bench_top_Pipeline_CI_LOOP|  return value|
|grp_fu_2086_p_din0        |  out|   16|  ap_ctrl_hs|  ucb1_bench_top_Pipeline_CI_LOOP|  return value|
|grp_fu_2086_p_din1        |  out|   16|  ap_ctrl_hs|  ucb1_bench_top_Pipeline_CI_LOOP|  return value|
|grp_fu_2086_p_dout0       |   in|   16|  ap_ctrl_hs|  ucb1_bench_top_Pipeline_CI_LOOP|  return value|
|grp_fu_2086_p_ce          |  out|    1|  ap_ctrl_hs|  ucb1_bench_top_Pipeline_CI_LOOP|  return value|
|grp_fu_2090_p_din0        |  out|   16|  ap_ctrl_hs|  ucb1_bench_top_Pipeline_CI_LOOP|  return value|
|grp_fu_2090_p_din1        |  out|   16|  ap_ctrl_hs|  ucb1_bench_top_Pipeline_CI_LOOP|  return value|
|grp_fu_2090_p_dout0       |   in|   16|  ap_ctrl_hs|  ucb1_bench_top_Pipeline_CI_LOOP|  return value|
|grp_fu_2090_p_ce          |  out|    1|  ap_ctrl_hs|  ucb1_bench_top_Pipeline_CI_LOOP|  return value|
|grp_fu_2094_p_din0        |  out|   16|  ap_ctrl_hs|  ucb1_bench_top_Pipeline_CI_LOOP|  return value|
|grp_fu_2094_p_din1        |  out|   16|  ap_ctrl_hs|  ucb1_bench_top_Pipeline_CI_LOOP|  return value|
|grp_fu_2094_p_dout0       |   in|   16|  ap_ctrl_hs|  ucb1_bench_top_Pipeline_CI_LOOP|  return value|
|grp_fu_2094_p_ce          |  out|    1|  ap_ctrl_hs|  ucb1_bench_top_Pipeline_CI_LOOP|  return value|
|grp_fu_2098_p_din0        |  out|   16|  ap_ctrl_hs|  ucb1_bench_top_Pipeline_CI_LOOP|  return value|
|grp_fu_2098_p_din1        |  out|   16|  ap_ctrl_hs|  ucb1_bench_top_Pipeline_CI_LOOP|  return value|
|grp_fu_2098_p_dout0       |   in|   16|  ap_ctrl_hs|  ucb1_bench_top_Pipeline_CI_LOOP|  return value|
|grp_fu_2098_p_ce          |  out|    1|  ap_ctrl_hs|  ucb1_bench_top_Pipeline_CI_LOOP|  return value|
|grp_fu_2102_p_din0        |  out|   16|  ap_ctrl_hs|  ucb1_bench_top_Pipeline_CI_LOOP|  return value|
|grp_fu_2102_p_din1        |  out|   16|  ap_ctrl_hs|  ucb1_bench_top_Pipeline_CI_LOOP|  return value|
|grp_fu_2102_p_dout0       |   in|   16|  ap_ctrl_hs|  ucb1_bench_top_Pipeline_CI_LOOP|  return value|
|grp_fu_2102_p_ce          |  out|    1|  ap_ctrl_hs|  ucb1_bench_top_Pipeline_CI_LOOP|  return value|
|grp_fu_2106_p_din0        |  out|   16|  ap_ctrl_hs|  ucb1_bench_top_Pipeline_CI_LOOP|  return value|
|grp_fu_2106_p_din1        |  out|   16|  ap_ctrl_hs|  ucb1_bench_top_Pipeline_CI_LOOP|  return value|
|grp_fu_2106_p_dout0       |   in|   16|  ap_ctrl_hs|  ucb1_bench_top_Pipeline_CI_LOOP|  return value|
|grp_fu_2106_p_ce          |  out|    1|  ap_ctrl_hs|  ucb1_bench_top_Pipeline_CI_LOOP|  return value|
|grp_fu_2110_p_din0        |  out|   16|  ap_ctrl_hs|  ucb1_bench_top_Pipeline_CI_LOOP|  return value|
|grp_fu_2110_p_din1        |  out|   16|  ap_ctrl_hs|  ucb1_bench_top_Pipeline_CI_LOOP|  return value|
|grp_fu_2110_p_dout0       |   in|   16|  ap_ctrl_hs|  ucb1_bench_top_Pipeline_CI_LOOP|  return value|
|grp_fu_2110_p_ce          |  out|    1|  ap_ctrl_hs|  ucb1_bench_top_Pipeline_CI_LOOP|  return value|
|grp_fu_2114_p_din0        |  out|   16|  ap_ctrl_hs|  ucb1_bench_top_Pipeline_CI_LOOP|  return value|
|grp_fu_2114_p_din1        |  out|   16|  ap_ctrl_hs|  ucb1_bench_top_Pipeline_CI_LOOP|  return value|
|grp_fu_2114_p_dout0       |   in|   16|  ap_ctrl_hs|  ucb1_bench_top_Pipeline_CI_LOOP|  return value|
|grp_fu_2114_p_ce          |  out|    1|  ap_ctrl_hs|  ucb1_bench_top_Pipeline_CI_LOOP|  return value|
|grp_fu_2118_p_din0        |  out|   16|  ap_ctrl_hs|  ucb1_bench_top_Pipeline_CI_LOOP|  return value|
|grp_fu_2118_p_din1        |  out|   16|  ap_ctrl_hs|  ucb1_bench_top_Pipeline_CI_LOOP|  return value|
|grp_fu_2118_p_dout0       |   in|   16|  ap_ctrl_hs|  ucb1_bench_top_Pipeline_CI_LOOP|  return value|
|grp_fu_2118_p_ce          |  out|    1|  ap_ctrl_hs|  ucb1_bench_top_Pipeline_CI_LOOP|  return value|
|grp_fu_2122_p_din0        |  out|   16|  ap_ctrl_hs|  ucb1_bench_top_Pipeline_CI_LOOP|  return value|
|grp_fu_2122_p_din1        |  out|   16|  ap_ctrl_hs|  ucb1_bench_top_Pipeline_CI_LOOP|  return value|
|grp_fu_2122_p_dout0       |   in|   16|  ap_ctrl_hs|  ucb1_bench_top_Pipeline_CI_LOOP|  return value|
|grp_fu_2122_p_ce          |  out|    1|  ap_ctrl_hs|  ucb1_bench_top_Pipeline_CI_LOOP|  return value|
|grp_fu_2126_p_din0        |  out|   16|  ap_ctrl_hs|  ucb1_bench_top_Pipeline_CI_LOOP|  return value|
|grp_fu_2126_p_din1        |  out|   16|  ap_ctrl_hs|  ucb1_bench_top_Pipeline_CI_LOOP|  return value|
|grp_fu_2126_p_dout0       |   in|   16|  ap_ctrl_hs|  ucb1_bench_top_Pipeline_CI_LOOP|  return value|
|grp_fu_2126_p_ce          |  out|    1|  ap_ctrl_hs|  ucb1_bench_top_Pipeline_CI_LOOP|  return value|
|grp_fu_2130_p_din0        |  out|   16|  ap_ctrl_hs|  ucb1_bench_top_Pipeline_CI_LOOP|  return value|
|grp_fu_2130_p_din1        |  out|   16|  ap_ctrl_hs|  ucb1_bench_top_Pipeline_CI_LOOP|  return value|
|grp_fu_2130_p_dout0       |   in|   16|  ap_ctrl_hs|  ucb1_bench_top_Pipeline_CI_LOOP|  return value|
|grp_fu_2130_p_ce          |  out|    1|  ap_ctrl_hs|  ucb1_bench_top_Pipeline_CI_LOOP|  return value|
|grp_fu_2134_p_din0        |  out|   16|  ap_ctrl_hs|  ucb1_bench_top_Pipeline_CI_LOOP|  return value|
|grp_fu_2134_p_din1        |  out|   16|  ap_ctrl_hs|  ucb1_bench_top_Pipeline_CI_LOOP|  return value|
|grp_fu_2134_p_dout0       |   in|   16|  ap_ctrl_hs|  ucb1_bench_top_Pipeline_CI_LOOP|  return value|
|grp_fu_2134_p_ce          |  out|    1|  ap_ctrl_hs|  ucb1_bench_top_Pipeline_CI_LOOP|  return value|
|grp_fu_2138_p_din0        |  out|   16|  ap_ctrl_hs|  ucb1_bench_top_Pipeline_CI_LOOP|  return value|
|grp_fu_2138_p_din1        |  out|   16|  ap_ctrl_hs|  ucb1_bench_top_Pipeline_CI_LOOP|  return value|
|grp_fu_2138_p_dout0       |   in|   16|  ap_ctrl_hs|  ucb1_bench_top_Pipeline_CI_LOOP|  return value|
|grp_fu_2138_p_ce          |  out|    1|  ap_ctrl_hs|  ucb1_bench_top_Pipeline_CI_LOOP|  return value|
|grp_fu_2142_p_din0        |  out|   16|  ap_ctrl_hs|  ucb1_bench_top_Pipeline_CI_LOOP|  return value|
|grp_fu_2142_p_din1        |  out|   16|  ap_ctrl_hs|  ucb1_bench_top_Pipeline_CI_LOOP|  return value|
|grp_fu_2142_p_dout0       |   in|   16|  ap_ctrl_hs|  ucb1_bench_top_Pipeline_CI_LOOP|  return value|
|grp_fu_2142_p_ce          |  out|    1|  ap_ctrl_hs|  ucb1_bench_top_Pipeline_CI_LOOP|  return value|
|grp_fu_2146_p_din0        |  out|   16|  ap_ctrl_hs|  ucb1_bench_top_Pipeline_CI_LOOP|  return value|
|grp_fu_2146_p_din1        |  out|   16|  ap_ctrl_hs|  ucb1_bench_top_Pipeline_CI_LOOP|  return value|
|grp_fu_2146_p_dout0       |   in|   16|  ap_ctrl_hs|  ucb1_bench_top_Pipeline_CI_LOOP|  return value|
|grp_fu_2146_p_ce          |  out|    1|  ap_ctrl_hs|  ucb1_bench_top_Pipeline_CI_LOOP|  return value|
|grp_fu_2150_p_din0        |  out|   16|  ap_ctrl_hs|  ucb1_bench_top_Pipeline_CI_LOOP|  return value|
|grp_fu_2150_p_din1        |  out|   16|  ap_ctrl_hs|  ucb1_bench_top_Pipeline_CI_LOOP|  return value|
|grp_fu_2150_p_dout0       |   in|   16|  ap_ctrl_hs|  ucb1_bench_top_Pipeline_CI_LOOP|  return value|
|grp_fu_2150_p_ce          |  out|    1|  ap_ctrl_hs|  ucb1_bench_top_Pipeline_CI_LOOP|  return value|
|grp_fu_2154_p_din0        |  out|   16|  ap_ctrl_hs|  ucb1_bench_top_Pipeline_CI_LOOP|  return value|
|grp_fu_2154_p_din1        |  out|   16|  ap_ctrl_hs|  ucb1_bench_top_Pipeline_CI_LOOP|  return value|
|grp_fu_2154_p_dout0       |   in|   16|  ap_ctrl_hs|  ucb1_bench_top_Pipeline_CI_LOOP|  return value|
|grp_fu_2154_p_ce          |  out|    1|  ap_ctrl_hs|  ucb1_bench_top_Pipeline_CI_LOOP|  return value|
|grp_fu_2158_p_din0        |  out|   16|  ap_ctrl_hs|  ucb1_bench_top_Pipeline_CI_LOOP|  return value|
|grp_fu_2158_p_din1        |  out|   16|  ap_ctrl_hs|  ucb1_bench_top_Pipeline_CI_LOOP|  return value|
|grp_fu_2158_p_dout0       |   in|   16|  ap_ctrl_hs|  ucb1_bench_top_Pipeline_CI_LOOP|  return value|
|grp_fu_2158_p_ce          |  out|    1|  ap_ctrl_hs|  ucb1_bench_top_Pipeline_CI_LOOP|  return value|
|grp_fu_2162_p_din0        |  out|   16|  ap_ctrl_hs|  ucb1_bench_top_Pipeline_CI_LOOP|  return value|
|grp_fu_2162_p_din1        |  out|   16|  ap_ctrl_hs|  ucb1_bench_top_Pipeline_CI_LOOP|  return value|
|grp_fu_2162_p_dout0       |   in|   16|  ap_ctrl_hs|  ucb1_bench_top_Pipeline_CI_LOOP|  return value|
|grp_fu_2162_p_ce          |  out|    1|  ap_ctrl_hs|  ucb1_bench_top_Pipeline_CI_LOOP|  return value|
|grp_fu_2166_p_din0        |  out|   16|  ap_ctrl_hs|  ucb1_bench_top_Pipeline_CI_LOOP|  return value|
|grp_fu_2166_p_din1        |  out|   16|  ap_ctrl_hs|  ucb1_bench_top_Pipeline_CI_LOOP|  return value|
|grp_fu_2166_p_dout0       |   in|   16|  ap_ctrl_hs|  ucb1_bench_top_Pipeline_CI_LOOP|  return value|
|grp_fu_2166_p_ce          |  out|    1|  ap_ctrl_hs|  ucb1_bench_top_Pipeline_CI_LOOP|  return value|
|grp_fu_2170_p_din0        |  out|   16|  ap_ctrl_hs|  ucb1_bench_top_Pipeline_CI_LOOP|  return value|
|grp_fu_2170_p_din1        |  out|   16|  ap_ctrl_hs|  ucb1_bench_top_Pipeline_CI_LOOP|  return value|
|grp_fu_2170_p_dout0       |   in|   16|  ap_ctrl_hs|  ucb1_bench_top_Pipeline_CI_LOOP|  return value|
|grp_fu_2170_p_ce          |  out|    1|  ap_ctrl_hs|  ucb1_bench_top_Pipeline_CI_LOOP|  return value|
|grp_fu_2174_p_din0        |  out|   16|  ap_ctrl_hs|  ucb1_bench_top_Pipeline_CI_LOOP|  return value|
|grp_fu_2174_p_din1        |  out|   16|  ap_ctrl_hs|  ucb1_bench_top_Pipeline_CI_LOOP|  return value|
|grp_fu_2174_p_dout0       |   in|   16|  ap_ctrl_hs|  ucb1_bench_top_Pipeline_CI_LOOP|  return value|
|grp_fu_2174_p_ce          |  out|    1|  ap_ctrl_hs|  ucb1_bench_top_Pipeline_CI_LOOP|  return value|
|grp_fu_2178_p_din0        |  out|   16|  ap_ctrl_hs|  ucb1_bench_top_Pipeline_CI_LOOP|  return value|
|grp_fu_2178_p_din1        |  out|   16|  ap_ctrl_hs|  ucb1_bench_top_Pipeline_CI_LOOP|  return value|
|grp_fu_2178_p_dout0       |   in|   16|  ap_ctrl_hs|  ucb1_bench_top_Pipeline_CI_LOOP|  return value|
|grp_fu_2178_p_ce          |  out|    1|  ap_ctrl_hs|  ucb1_bench_top_Pipeline_CI_LOOP|  return value|
|grp_fu_2182_p_din0        |  out|   16|  ap_ctrl_hs|  ucb1_bench_top_Pipeline_CI_LOOP|  return value|
|grp_fu_2182_p_din1        |  out|   16|  ap_ctrl_hs|  ucb1_bench_top_Pipeline_CI_LOOP|  return value|
|grp_fu_2182_p_dout0       |   in|   16|  ap_ctrl_hs|  ucb1_bench_top_Pipeline_CI_LOOP|  return value|
|grp_fu_2182_p_ce          |  out|    1|  ap_ctrl_hs|  ucb1_bench_top_Pipeline_CI_LOOP|  return value|
|grp_fu_2186_p_din0        |  out|   16|  ap_ctrl_hs|  ucb1_bench_top_Pipeline_CI_LOOP|  return value|
|grp_fu_2186_p_din1        |  out|   16|  ap_ctrl_hs|  ucb1_bench_top_Pipeline_CI_LOOP|  return value|
|grp_fu_2186_p_dout0       |   in|   16|  ap_ctrl_hs|  ucb1_bench_top_Pipeline_CI_LOOP|  return value|
|grp_fu_2186_p_ce          |  out|    1|  ap_ctrl_hs|  ucb1_bench_top_Pipeline_CI_LOOP|  return value|
|grp_fu_2190_p_din0        |  out|   16|  ap_ctrl_hs|  ucb1_bench_top_Pipeline_CI_LOOP|  return value|
|grp_fu_2190_p_din1        |  out|   16|  ap_ctrl_hs|  ucb1_bench_top_Pipeline_CI_LOOP|  return value|
|grp_fu_2190_p_dout0       |   in|   16|  ap_ctrl_hs|  ucb1_bench_top_Pipeline_CI_LOOP|  return value|
|grp_fu_2190_p_ce          |  out|    1|  ap_ctrl_hs|  ucb1_bench_top_Pipeline_CI_LOOP|  return value|
|grp_fu_2194_p_din0        |  out|   16|  ap_ctrl_hs|  ucb1_bench_top_Pipeline_CI_LOOP|  return value|
|grp_fu_2194_p_din1        |  out|   16|  ap_ctrl_hs|  ucb1_bench_top_Pipeline_CI_LOOP|  return value|
|grp_fu_2194_p_dout0       |   in|   16|  ap_ctrl_hs|  ucb1_bench_top_Pipeline_CI_LOOP|  return value|
|grp_fu_2194_p_ce          |  out|    1|  ap_ctrl_hs|  ucb1_bench_top_Pipeline_CI_LOOP|  return value|
|grp_fu_2198_p_din0        |  out|   16|  ap_ctrl_hs|  ucb1_bench_top_Pipeline_CI_LOOP|  return value|
|grp_fu_2198_p_din1        |  out|   16|  ap_ctrl_hs|  ucb1_bench_top_Pipeline_CI_LOOP|  return value|
|grp_fu_2198_p_dout0       |   in|   16|  ap_ctrl_hs|  ucb1_bench_top_Pipeline_CI_LOOP|  return value|
|grp_fu_2198_p_ce          |  out|    1|  ap_ctrl_hs|  ucb1_bench_top_Pipeline_CI_LOOP|  return value|
|grp_fu_2202_p_din0        |  out|   16|  ap_ctrl_hs|  ucb1_bench_top_Pipeline_CI_LOOP|  return value|
|grp_fu_2202_p_din1        |  out|   16|  ap_ctrl_hs|  ucb1_bench_top_Pipeline_CI_LOOP|  return value|
|grp_fu_2202_p_dout0       |   in|   16|  ap_ctrl_hs|  ucb1_bench_top_Pipeline_CI_LOOP|  return value|
|grp_fu_2202_p_ce          |  out|    1|  ap_ctrl_hs|  ucb1_bench_top_Pipeline_CI_LOOP|  return value|
|grp_fu_2206_p_din0        |  out|   16|  ap_ctrl_hs|  ucb1_bench_top_Pipeline_CI_LOOP|  return value|
|grp_fu_2206_p_din1        |  out|   16|  ap_ctrl_hs|  ucb1_bench_top_Pipeline_CI_LOOP|  return value|
|grp_fu_2206_p_dout0       |   in|   16|  ap_ctrl_hs|  ucb1_bench_top_Pipeline_CI_LOOP|  return value|
|grp_fu_2206_p_ce          |  out|    1|  ap_ctrl_hs|  ucb1_bench_top_Pipeline_CI_LOOP|  return value|
|grp_fu_2210_p_din0        |  out|   16|  ap_ctrl_hs|  ucb1_bench_top_Pipeline_CI_LOOP|  return value|
|grp_fu_2210_p_din1        |  out|   16|  ap_ctrl_hs|  ucb1_bench_top_Pipeline_CI_LOOP|  return value|
|grp_fu_2210_p_dout0       |   in|   16|  ap_ctrl_hs|  ucb1_bench_top_Pipeline_CI_LOOP|  return value|
|grp_fu_2210_p_ce          |  out|    1|  ap_ctrl_hs|  ucb1_bench_top_Pipeline_CI_LOOP|  return value|
|grp_fu_2214_p_din0        |  out|   16|  ap_ctrl_hs|  ucb1_bench_top_Pipeline_CI_LOOP|  return value|
|grp_fu_2214_p_din1        |  out|   16|  ap_ctrl_hs|  ucb1_bench_top_Pipeline_CI_LOOP|  return value|
|grp_fu_2214_p_dout0       |   in|   16|  ap_ctrl_hs|  ucb1_bench_top_Pipeline_CI_LOOP|  return value|
|grp_fu_2214_p_ce          |  out|    1|  ap_ctrl_hs|  ucb1_bench_top_Pipeline_CI_LOOP|  return value|
|grp_fu_2218_p_din0        |  out|   16|  ap_ctrl_hs|  ucb1_bench_top_Pipeline_CI_LOOP|  return value|
|grp_fu_2218_p_din1        |  out|   16|  ap_ctrl_hs|  ucb1_bench_top_Pipeline_CI_LOOP|  return value|
|grp_fu_2218_p_dout0       |   in|   16|  ap_ctrl_hs|  ucb1_bench_top_Pipeline_CI_LOOP|  return value|
|grp_fu_2218_p_ce          |  out|    1|  ap_ctrl_hs|  ucb1_bench_top_Pipeline_CI_LOOP|  return value|
|grp_fu_2222_p_din0        |  out|   16|  ap_ctrl_hs|  ucb1_bench_top_Pipeline_CI_LOOP|  return value|
|grp_fu_2222_p_din1        |  out|   16|  ap_ctrl_hs|  ucb1_bench_top_Pipeline_CI_LOOP|  return value|
|grp_fu_2222_p_dout0       |   in|   16|  ap_ctrl_hs|  ucb1_bench_top_Pipeline_CI_LOOP|  return value|
|grp_fu_2222_p_ce          |  out|    1|  ap_ctrl_hs|  ucb1_bench_top_Pipeline_CI_LOOP|  return value|
|grp_fu_2226_p_din0        |  out|   16|  ap_ctrl_hs|  ucb1_bench_top_Pipeline_CI_LOOP|  return value|
|grp_fu_2226_p_din1        |  out|   16|  ap_ctrl_hs|  ucb1_bench_top_Pipeline_CI_LOOP|  return value|
|grp_fu_2226_p_dout0       |   in|   16|  ap_ctrl_hs|  ucb1_bench_top_Pipeline_CI_LOOP|  return value|
|grp_fu_2226_p_ce          |  out|    1|  ap_ctrl_hs|  ucb1_bench_top_Pipeline_CI_LOOP|  return value|
|grp_fu_2230_p_din0        |  out|   16|  ap_ctrl_hs|  ucb1_bench_top_Pipeline_CI_LOOP|  return value|
|grp_fu_2230_p_din1        |  out|   16|  ap_ctrl_hs|  ucb1_bench_top_Pipeline_CI_LOOP|  return value|
|grp_fu_2230_p_dout0       |   in|   16|  ap_ctrl_hs|  ucb1_bench_top_Pipeline_CI_LOOP|  return value|
|grp_fu_2230_p_ce          |  out|    1|  ap_ctrl_hs|  ucb1_bench_top_Pipeline_CI_LOOP|  return value|
|grp_fu_2234_p_din0        |  out|   16|  ap_ctrl_hs|  ucb1_bench_top_Pipeline_CI_LOOP|  return value|
|grp_fu_2234_p_din1        |  out|   16|  ap_ctrl_hs|  ucb1_bench_top_Pipeline_CI_LOOP|  return value|
|grp_fu_2234_p_dout0       |   in|   16|  ap_ctrl_hs|  ucb1_bench_top_Pipeline_CI_LOOP|  return value|
|grp_fu_2234_p_ce          |  out|    1|  ap_ctrl_hs|  ucb1_bench_top_Pipeline_CI_LOOP|  return value|
|grp_fu_2238_p_din0        |  out|   16|  ap_ctrl_hs|  ucb1_bench_top_Pipeline_CI_LOOP|  return value|
|grp_fu_2238_p_din1        |  out|   16|  ap_ctrl_hs|  ucb1_bench_top_Pipeline_CI_LOOP|  return value|
|grp_fu_2238_p_dout0       |   in|   16|  ap_ctrl_hs|  ucb1_bench_top_Pipeline_CI_LOOP|  return value|
|grp_fu_2238_p_ce          |  out|    1|  ap_ctrl_hs|  ucb1_bench_top_Pipeline_CI_LOOP|  return value|
|grp_fu_2242_p_din0        |  out|   16|  ap_ctrl_hs|  ucb1_bench_top_Pipeline_CI_LOOP|  return value|
|grp_fu_2242_p_din1        |  out|   16|  ap_ctrl_hs|  ucb1_bench_top_Pipeline_CI_LOOP|  return value|
|grp_fu_2242_p_dout0       |   in|   16|  ap_ctrl_hs|  ucb1_bench_top_Pipeline_CI_LOOP|  return value|
|grp_fu_2242_p_ce          |  out|    1|  ap_ctrl_hs|  ucb1_bench_top_Pipeline_CI_LOOP|  return value|
|grp_fu_2246_p_din0        |  out|   16|  ap_ctrl_hs|  ucb1_bench_top_Pipeline_CI_LOOP|  return value|
|grp_fu_2246_p_din1        |  out|   16|  ap_ctrl_hs|  ucb1_bench_top_Pipeline_CI_LOOP|  return value|
|grp_fu_2246_p_dout0       |   in|   16|  ap_ctrl_hs|  ucb1_bench_top_Pipeline_CI_LOOP|  return value|
|grp_fu_2246_p_ce          |  out|    1|  ap_ctrl_hs|  ucb1_bench_top_Pipeline_CI_LOOP|  return value|
|grp_fu_2250_p_din0        |  out|   16|  ap_ctrl_hs|  ucb1_bench_top_Pipeline_CI_LOOP|  return value|
|grp_fu_2250_p_din1        |  out|   16|  ap_ctrl_hs|  ucb1_bench_top_Pipeline_CI_LOOP|  return value|
|grp_fu_2250_p_dout0       |   in|   16|  ap_ctrl_hs|  ucb1_bench_top_Pipeline_CI_LOOP|  return value|
|grp_fu_2250_p_ce          |  out|    1|  ap_ctrl_hs|  ucb1_bench_top_Pipeline_CI_LOOP|  return value|
|grp_fu_2254_p_din0        |  out|   16|  ap_ctrl_hs|  ucb1_bench_top_Pipeline_CI_LOOP|  return value|
|grp_fu_2254_p_din1        |  out|   16|  ap_ctrl_hs|  ucb1_bench_top_Pipeline_CI_LOOP|  return value|
|grp_fu_2254_p_dout0       |   in|   16|  ap_ctrl_hs|  ucb1_bench_top_Pipeline_CI_LOOP|  return value|
|grp_fu_2254_p_ce          |  out|    1|  ap_ctrl_hs|  ucb1_bench_top_Pipeline_CI_LOOP|  return value|
|grp_fu_2258_p_din0        |  out|   16|  ap_ctrl_hs|  ucb1_bench_top_Pipeline_CI_LOOP|  return value|
|grp_fu_2258_p_din1        |  out|   16|  ap_ctrl_hs|  ucb1_bench_top_Pipeline_CI_LOOP|  return value|
|grp_fu_2258_p_dout0       |   in|   16|  ap_ctrl_hs|  ucb1_bench_top_Pipeline_CI_LOOP|  return value|
|grp_fu_2258_p_ce          |  out|    1|  ap_ctrl_hs|  ucb1_bench_top_Pipeline_CI_LOOP|  return value|
|grp_fu_2262_p_din0        |  out|   16|  ap_ctrl_hs|  ucb1_bench_top_Pipeline_CI_LOOP|  return value|
|grp_fu_2262_p_din1        |  out|   16|  ap_ctrl_hs|  ucb1_bench_top_Pipeline_CI_LOOP|  return value|
|grp_fu_2262_p_dout0       |   in|   16|  ap_ctrl_hs|  ucb1_bench_top_Pipeline_CI_LOOP|  return value|
|grp_fu_2262_p_ce          |  out|    1|  ap_ctrl_hs|  ucb1_bench_top_Pipeline_CI_LOOP|  return value|
|grp_fu_2266_p_din0        |  out|   16|  ap_ctrl_hs|  ucb1_bench_top_Pipeline_CI_LOOP|  return value|
|grp_fu_2266_p_din1        |  out|   16|  ap_ctrl_hs|  ucb1_bench_top_Pipeline_CI_LOOP|  return value|
|grp_fu_2266_p_dout0       |   in|   16|  ap_ctrl_hs|  ucb1_bench_top_Pipeline_CI_LOOP|  return value|
|grp_fu_2266_p_ce          |  out|    1|  ap_ctrl_hs|  ucb1_bench_top_Pipeline_CI_LOOP|  return value|
|grp_fu_2270_p_din0        |  out|   16|  ap_ctrl_hs|  ucb1_bench_top_Pipeline_CI_LOOP|  return value|
|grp_fu_2270_p_din1        |  out|   16|  ap_ctrl_hs|  ucb1_bench_top_Pipeline_CI_LOOP|  return value|
|grp_fu_2270_p_dout0       |   in|   16|  ap_ctrl_hs|  ucb1_bench_top_Pipeline_CI_LOOP|  return value|
|grp_fu_2270_p_ce          |  out|    1|  ap_ctrl_hs|  ucb1_bench_top_Pipeline_CI_LOOP|  return value|
|grp_fu_2274_p_din0        |  out|   16|  ap_ctrl_hs|  ucb1_bench_top_Pipeline_CI_LOOP|  return value|
|grp_fu_2274_p_din1        |  out|   16|  ap_ctrl_hs|  ucb1_bench_top_Pipeline_CI_LOOP|  return value|
|grp_fu_2274_p_dout0       |   in|   16|  ap_ctrl_hs|  ucb1_bench_top_Pipeline_CI_LOOP|  return value|
|grp_fu_2274_p_ce          |  out|    1|  ap_ctrl_hs|  ucb1_bench_top_Pipeline_CI_LOOP|  return value|
|grp_fu_2278_p_din0        |  out|   16|  ap_ctrl_hs|  ucb1_bench_top_Pipeline_CI_LOOP|  return value|
|grp_fu_2278_p_din1        |  out|   16|  ap_ctrl_hs|  ucb1_bench_top_Pipeline_CI_LOOP|  return value|
|grp_fu_2278_p_dout0       |   in|   16|  ap_ctrl_hs|  ucb1_bench_top_Pipeline_CI_LOOP|  return value|
|grp_fu_2278_p_ce          |  out|    1|  ap_ctrl_hs|  ucb1_bench_top_Pipeline_CI_LOOP|  return value|
|grp_fu_2282_p_din0        |  out|   16|  ap_ctrl_hs|  ucb1_bench_top_Pipeline_CI_LOOP|  return value|
|grp_fu_2282_p_din1        |  out|   16|  ap_ctrl_hs|  ucb1_bench_top_Pipeline_CI_LOOP|  return value|
|grp_fu_2282_p_dout0       |   in|   16|  ap_ctrl_hs|  ucb1_bench_top_Pipeline_CI_LOOP|  return value|
|grp_fu_2282_p_ce          |  out|    1|  ap_ctrl_hs|  ucb1_bench_top_Pipeline_CI_LOOP|  return value|
|grp_fu_2286_p_din0        |  out|   16|  ap_ctrl_hs|  ucb1_bench_top_Pipeline_CI_LOOP|  return value|
|grp_fu_2286_p_din1        |  out|   16|  ap_ctrl_hs|  ucb1_bench_top_Pipeline_CI_LOOP|  return value|
|grp_fu_2286_p_dout0       |   in|   16|  ap_ctrl_hs|  ucb1_bench_top_Pipeline_CI_LOOP|  return value|
|grp_fu_2286_p_ce          |  out|    1|  ap_ctrl_hs|  ucb1_bench_top_Pipeline_CI_LOOP|  return value|
|grp_fu_2290_p_din0        |  out|   16|  ap_ctrl_hs|  ucb1_bench_top_Pipeline_CI_LOOP|  return value|
|grp_fu_2290_p_din1        |  out|   16|  ap_ctrl_hs|  ucb1_bench_top_Pipeline_CI_LOOP|  return value|
|grp_fu_2290_p_dout0       |   in|   16|  ap_ctrl_hs|  ucb1_bench_top_Pipeline_CI_LOOP|  return value|
|grp_fu_2290_p_ce          |  out|    1|  ap_ctrl_hs|  ucb1_bench_top_Pipeline_CI_LOOP|  return value|
|grp_fu_2294_p_din0        |  out|   16|  ap_ctrl_hs|  ucb1_bench_top_Pipeline_CI_LOOP|  return value|
|grp_fu_2294_p_din1        |  out|   16|  ap_ctrl_hs|  ucb1_bench_top_Pipeline_CI_LOOP|  return value|
|grp_fu_2294_p_dout0       |   in|   16|  ap_ctrl_hs|  ucb1_bench_top_Pipeline_CI_LOOP|  return value|
|grp_fu_2294_p_ce          |  out|    1|  ap_ctrl_hs|  ucb1_bench_top_Pipeline_CI_LOOP|  return value|
|grp_fu_2298_p_din0        |  out|   16|  ap_ctrl_hs|  ucb1_bench_top_Pipeline_CI_LOOP|  return value|
|grp_fu_2298_p_din1        |  out|   16|  ap_ctrl_hs|  ucb1_bench_top_Pipeline_CI_LOOP|  return value|
|grp_fu_2298_p_dout0       |   in|   16|  ap_ctrl_hs|  ucb1_bench_top_Pipeline_CI_LOOP|  return value|
|grp_fu_2298_p_ce          |  out|    1|  ap_ctrl_hs|  ucb1_bench_top_Pipeline_CI_LOOP|  return value|
|grp_fu_2302_p_din0        |  out|   16|  ap_ctrl_hs|  ucb1_bench_top_Pipeline_CI_LOOP|  return value|
|grp_fu_2302_p_din1        |  out|   16|  ap_ctrl_hs|  ucb1_bench_top_Pipeline_CI_LOOP|  return value|
|grp_fu_2302_p_dout0       |   in|   16|  ap_ctrl_hs|  ucb1_bench_top_Pipeline_CI_LOOP|  return value|
|grp_fu_2302_p_ce          |  out|    1|  ap_ctrl_hs|  ucb1_bench_top_Pipeline_CI_LOOP|  return value|
|grp_fu_2306_p_din0        |  out|   16|  ap_ctrl_hs|  ucb1_bench_top_Pipeline_CI_LOOP|  return value|
|grp_fu_2306_p_din1        |  out|   16|  ap_ctrl_hs|  ucb1_bench_top_Pipeline_CI_LOOP|  return value|
|grp_fu_2306_p_dout0       |   in|   16|  ap_ctrl_hs|  ucb1_bench_top_Pipeline_CI_LOOP|  return value|
|grp_fu_2306_p_ce          |  out|    1|  ap_ctrl_hs|  ucb1_bench_top_Pipeline_CI_LOOP|  return value|
|grp_fu_2310_p_din0        |  out|   16|  ap_ctrl_hs|  ucb1_bench_top_Pipeline_CI_LOOP|  return value|
|grp_fu_2310_p_din1        |  out|   16|  ap_ctrl_hs|  ucb1_bench_top_Pipeline_CI_LOOP|  return value|
|grp_fu_2310_p_dout0       |   in|   16|  ap_ctrl_hs|  ucb1_bench_top_Pipeline_CI_LOOP|  return value|
|grp_fu_2310_p_ce          |  out|    1|  ap_ctrl_hs|  ucb1_bench_top_Pipeline_CI_LOOP|  return value|
|grp_fu_2314_p_din0        |  out|   16|  ap_ctrl_hs|  ucb1_bench_top_Pipeline_CI_LOOP|  return value|
|grp_fu_2314_p_din1        |  out|   16|  ap_ctrl_hs|  ucb1_bench_top_Pipeline_CI_LOOP|  return value|
|grp_fu_2314_p_dout0       |   in|   16|  ap_ctrl_hs|  ucb1_bench_top_Pipeline_CI_LOOP|  return value|
|grp_fu_2314_p_ce          |  out|    1|  ap_ctrl_hs|  ucb1_bench_top_Pipeline_CI_LOOP|  return value|
|grp_fu_2318_p_din0        |  out|   16|  ap_ctrl_hs|  ucb1_bench_top_Pipeline_CI_LOOP|  return value|
|grp_fu_2318_p_din1        |  out|   16|  ap_ctrl_hs|  ucb1_bench_top_Pipeline_CI_LOOP|  return value|
|grp_fu_2318_p_dout0       |   in|   16|  ap_ctrl_hs|  ucb1_bench_top_Pipeline_CI_LOOP|  return value|
|grp_fu_2318_p_ce          |  out|    1|  ap_ctrl_hs|  ucb1_bench_top_Pipeline_CI_LOOP|  return value|
|grp_fu_2322_p_din0        |  out|   16|  ap_ctrl_hs|  ucb1_bench_top_Pipeline_CI_LOOP|  return value|
|grp_fu_2322_p_din1        |  out|   16|  ap_ctrl_hs|  ucb1_bench_top_Pipeline_CI_LOOP|  return value|
|grp_fu_2322_p_dout0       |   in|   16|  ap_ctrl_hs|  ucb1_bench_top_Pipeline_CI_LOOP|  return value|
|grp_fu_2322_p_ce          |  out|    1|  ap_ctrl_hs|  ucb1_bench_top_Pipeline_CI_LOOP|  return value|
|grp_fu_2326_p_din0        |  out|   16|  ap_ctrl_hs|  ucb1_bench_top_Pipeline_CI_LOOP|  return value|
|grp_fu_2326_p_din1        |  out|   16|  ap_ctrl_hs|  ucb1_bench_top_Pipeline_CI_LOOP|  return value|
|grp_fu_2326_p_dout0       |   in|   16|  ap_ctrl_hs|  ucb1_bench_top_Pipeline_CI_LOOP|  return value|
|grp_fu_2326_p_ce          |  out|    1|  ap_ctrl_hs|  ucb1_bench_top_Pipeline_CI_LOOP|  return value|
|grp_fu_2330_p_din0        |  out|   16|  ap_ctrl_hs|  ucb1_bench_top_Pipeline_CI_LOOP|  return value|
|grp_fu_2330_p_din1        |  out|   16|  ap_ctrl_hs|  ucb1_bench_top_Pipeline_CI_LOOP|  return value|
|grp_fu_2330_p_dout0       |   in|   16|  ap_ctrl_hs|  ucb1_bench_top_Pipeline_CI_LOOP|  return value|
|grp_fu_2330_p_ce          |  out|    1|  ap_ctrl_hs|  ucb1_bench_top_Pipeline_CI_LOOP|  return value|
|grp_fu_2334_p_din0        |  out|   16|  ap_ctrl_hs|  ucb1_bench_top_Pipeline_CI_LOOP|  return value|
|grp_fu_2334_p_din1        |  out|   16|  ap_ctrl_hs|  ucb1_bench_top_Pipeline_CI_LOOP|  return value|
|grp_fu_2334_p_dout0       |   in|   16|  ap_ctrl_hs|  ucb1_bench_top_Pipeline_CI_LOOP|  return value|
|grp_fu_2334_p_ce          |  out|    1|  ap_ctrl_hs|  ucb1_bench_top_Pipeline_CI_LOOP|  return value|
|grp_fu_2338_p_din0        |  out|   16|  ap_ctrl_hs|  ucb1_bench_top_Pipeline_CI_LOOP|  return value|
|grp_fu_2338_p_din1        |  out|   16|  ap_ctrl_hs|  ucb1_bench_top_Pipeline_CI_LOOP|  return value|
|grp_fu_2338_p_dout0       |   in|   16|  ap_ctrl_hs|  ucb1_bench_top_Pipeline_CI_LOOP|  return value|
|grp_fu_2338_p_ce          |  out|    1|  ap_ctrl_hs|  ucb1_bench_top_Pipeline_CI_LOOP|  return value|
|grp_fu_2342_p_din0        |  out|   16|  ap_ctrl_hs|  ucb1_bench_top_Pipeline_CI_LOOP|  return value|
|grp_fu_2342_p_din1        |  out|   16|  ap_ctrl_hs|  ucb1_bench_top_Pipeline_CI_LOOP|  return value|
|grp_fu_2342_p_dout0       |   in|   16|  ap_ctrl_hs|  ucb1_bench_top_Pipeline_CI_LOOP|  return value|
|grp_fu_2342_p_ce          |  out|    1|  ap_ctrl_hs|  ucb1_bench_top_Pipeline_CI_LOOP|  return value|
|grp_fu_2346_p_din0        |  out|   16|  ap_ctrl_hs|  ucb1_bench_top_Pipeline_CI_LOOP|  return value|
|grp_fu_2346_p_din1        |  out|   16|  ap_ctrl_hs|  ucb1_bench_top_Pipeline_CI_LOOP|  return value|
|grp_fu_2346_p_dout0       |   in|   16|  ap_ctrl_hs|  ucb1_bench_top_Pipeline_CI_LOOP|  return value|
|grp_fu_2346_p_ce          |  out|    1|  ap_ctrl_hs|  ucb1_bench_top_Pipeline_CI_LOOP|  return value|
|grp_fu_2350_p_din0        |  out|   16|  ap_ctrl_hs|  ucb1_bench_top_Pipeline_CI_LOOP|  return value|
|grp_fu_2350_p_din1        |  out|   16|  ap_ctrl_hs|  ucb1_bench_top_Pipeline_CI_LOOP|  return value|
|grp_fu_2350_p_dout0       |   in|   16|  ap_ctrl_hs|  ucb1_bench_top_Pipeline_CI_LOOP|  return value|
|grp_fu_2350_p_ce          |  out|    1|  ap_ctrl_hs|  ucb1_bench_top_Pipeline_CI_LOOP|  return value|
|grp_fu_2354_p_din0        |  out|   16|  ap_ctrl_hs|  ucb1_bench_top_Pipeline_CI_LOOP|  return value|
|grp_fu_2354_p_din1        |  out|   16|  ap_ctrl_hs|  ucb1_bench_top_Pipeline_CI_LOOP|  return value|
|grp_fu_2354_p_dout0       |   in|   16|  ap_ctrl_hs|  ucb1_bench_top_Pipeline_CI_LOOP|  return value|
|grp_fu_2354_p_ce          |  out|    1|  ap_ctrl_hs|  ucb1_bench_top_Pipeline_CI_LOOP|  return value|
|grp_fu_2358_p_din0        |  out|   16|  ap_ctrl_hs|  ucb1_bench_top_Pipeline_CI_LOOP|  return value|
|grp_fu_2358_p_din1        |  out|   16|  ap_ctrl_hs|  ucb1_bench_top_Pipeline_CI_LOOP|  return value|
|grp_fu_2358_p_dout0       |   in|   16|  ap_ctrl_hs|  ucb1_bench_top_Pipeline_CI_LOOP|  return value|
|grp_fu_2358_p_ce          |  out|    1|  ap_ctrl_hs|  ucb1_bench_top_Pipeline_CI_LOOP|  return value|
|grp_fu_2362_p_din0        |  out|   16|  ap_ctrl_hs|  ucb1_bench_top_Pipeline_CI_LOOP|  return value|
|grp_fu_2362_p_din1        |  out|   16|  ap_ctrl_hs|  ucb1_bench_top_Pipeline_CI_LOOP|  return value|
|grp_fu_2362_p_dout0       |   in|   16|  ap_ctrl_hs|  ucb1_bench_top_Pipeline_CI_LOOP|  return value|
|grp_fu_2362_p_ce          |  out|    1|  ap_ctrl_hs|  ucb1_bench_top_Pipeline_CI_LOOP|  return value|
|grp_fu_2366_p_din0        |  out|   16|  ap_ctrl_hs|  ucb1_bench_top_Pipeline_CI_LOOP|  return value|
|grp_fu_2366_p_din1        |  out|   16|  ap_ctrl_hs|  ucb1_bench_top_Pipeline_CI_LOOP|  return value|
|grp_fu_2366_p_dout0       |   in|   16|  ap_ctrl_hs|  ucb1_bench_top_Pipeline_CI_LOOP|  return value|
|grp_fu_2366_p_ce          |  out|    1|  ap_ctrl_hs|  ucb1_bench_top_Pipeline_CI_LOOP|  return value|
|grp_fu_2370_p_din0        |  out|   16|  ap_ctrl_hs|  ucb1_bench_top_Pipeline_CI_LOOP|  return value|
|grp_fu_2370_p_din1        |  out|   16|  ap_ctrl_hs|  ucb1_bench_top_Pipeline_CI_LOOP|  return value|
|grp_fu_2370_p_dout0       |   in|   16|  ap_ctrl_hs|  ucb1_bench_top_Pipeline_CI_LOOP|  return value|
|grp_fu_2370_p_ce          |  out|    1|  ap_ctrl_hs|  ucb1_bench_top_Pipeline_CI_LOOP|  return value|
|grp_fu_2374_p_din0        |  out|   16|  ap_ctrl_hs|  ucb1_bench_top_Pipeline_CI_LOOP|  return value|
|grp_fu_2374_p_din1        |  out|   16|  ap_ctrl_hs|  ucb1_bench_top_Pipeline_CI_LOOP|  return value|
|grp_fu_2374_p_dout0       |   in|   16|  ap_ctrl_hs|  ucb1_bench_top_Pipeline_CI_LOOP|  return value|
|grp_fu_2374_p_ce          |  out|    1|  ap_ctrl_hs|  ucb1_bench_top_Pipeline_CI_LOOP|  return value|
|grp_fu_2378_p_din0        |  out|   16|  ap_ctrl_hs|  ucb1_bench_top_Pipeline_CI_LOOP|  return value|
|grp_fu_2378_p_din1        |  out|   16|  ap_ctrl_hs|  ucb1_bench_top_Pipeline_CI_LOOP|  return value|
|grp_fu_2378_p_dout0       |   in|   16|  ap_ctrl_hs|  ucb1_bench_top_Pipeline_CI_LOOP|  return value|
|grp_fu_2378_p_ce          |  out|    1|  ap_ctrl_hs|  ucb1_bench_top_Pipeline_CI_LOOP|  return value|
|grp_fu_2382_p_din0        |  out|   16|  ap_ctrl_hs|  ucb1_bench_top_Pipeline_CI_LOOP|  return value|
|grp_fu_2382_p_din1        |  out|   16|  ap_ctrl_hs|  ucb1_bench_top_Pipeline_CI_LOOP|  return value|
|grp_fu_2382_p_dout0       |   in|   16|  ap_ctrl_hs|  ucb1_bench_top_Pipeline_CI_LOOP|  return value|
|grp_fu_2382_p_ce          |  out|    1|  ap_ctrl_hs|  ucb1_bench_top_Pipeline_CI_LOOP|  return value|
|grp_fu_2386_p_din0        |  out|   16|  ap_ctrl_hs|  ucb1_bench_top_Pipeline_CI_LOOP|  return value|
|grp_fu_2386_p_din1        |  out|   16|  ap_ctrl_hs|  ucb1_bench_top_Pipeline_CI_LOOP|  return value|
|grp_fu_2386_p_dout0       |   in|   16|  ap_ctrl_hs|  ucb1_bench_top_Pipeline_CI_LOOP|  return value|
|grp_fu_2386_p_ce          |  out|    1|  ap_ctrl_hs|  ucb1_bench_top_Pipeline_CI_LOOP|  return value|
|grp_fu_2390_p_din0        |  out|   16|  ap_ctrl_hs|  ucb1_bench_top_Pipeline_CI_LOOP|  return value|
|grp_fu_2390_p_din1        |  out|   16|  ap_ctrl_hs|  ucb1_bench_top_Pipeline_CI_LOOP|  return value|
|grp_fu_2390_p_dout0       |   in|   16|  ap_ctrl_hs|  ucb1_bench_top_Pipeline_CI_LOOP|  return value|
|grp_fu_2390_p_ce          |  out|    1|  ap_ctrl_hs|  ucb1_bench_top_Pipeline_CI_LOOP|  return value|
|grp_fu_2394_p_din0        |  out|   16|  ap_ctrl_hs|  ucb1_bench_top_Pipeline_CI_LOOP|  return value|
|grp_fu_2394_p_din1        |  out|   16|  ap_ctrl_hs|  ucb1_bench_top_Pipeline_CI_LOOP|  return value|
|grp_fu_2394_p_dout0       |   in|   16|  ap_ctrl_hs|  ucb1_bench_top_Pipeline_CI_LOOP|  return value|
|grp_fu_2394_p_ce          |  out|    1|  ap_ctrl_hs|  ucb1_bench_top_Pipeline_CI_LOOP|  return value|
|grp_fu_2398_p_din0        |  out|   16|  ap_ctrl_hs|  ucb1_bench_top_Pipeline_CI_LOOP|  return value|
|grp_fu_2398_p_din1        |  out|   16|  ap_ctrl_hs|  ucb1_bench_top_Pipeline_CI_LOOP|  return value|
|grp_fu_2398_p_dout0       |   in|   16|  ap_ctrl_hs|  ucb1_bench_top_Pipeline_CI_LOOP|  return value|
|grp_fu_2398_p_ce          |  out|    1|  ap_ctrl_hs|  ucb1_bench_top_Pipeline_CI_LOOP|  return value|
|grp_fu_2402_p_din0        |  out|   16|  ap_ctrl_hs|  ucb1_bench_top_Pipeline_CI_LOOP|  return value|
|grp_fu_2402_p_din1        |  out|   16|  ap_ctrl_hs|  ucb1_bench_top_Pipeline_CI_LOOP|  return value|
|grp_fu_2402_p_dout0       |   in|   16|  ap_ctrl_hs|  ucb1_bench_top_Pipeline_CI_LOOP|  return value|
|grp_fu_2402_p_ce          |  out|    1|  ap_ctrl_hs|  ucb1_bench_top_Pipeline_CI_LOOP|  return value|
|grp_fu_2406_p_din0        |  out|   16|  ap_ctrl_hs|  ucb1_bench_top_Pipeline_CI_LOOP|  return value|
|grp_fu_2406_p_din1        |  out|   16|  ap_ctrl_hs|  ucb1_bench_top_Pipeline_CI_LOOP|  return value|
|grp_fu_2406_p_dout0       |   in|   16|  ap_ctrl_hs|  ucb1_bench_top_Pipeline_CI_LOOP|  return value|
|grp_fu_2406_p_ce          |  out|    1|  ap_ctrl_hs|  ucb1_bench_top_Pipeline_CI_LOOP|  return value|
|grp_fu_2410_p_din0        |  out|   16|  ap_ctrl_hs|  ucb1_bench_top_Pipeline_CI_LOOP|  return value|
|grp_fu_2410_p_din1        |  out|   16|  ap_ctrl_hs|  ucb1_bench_top_Pipeline_CI_LOOP|  return value|
|grp_fu_2410_p_dout0       |   in|   16|  ap_ctrl_hs|  ucb1_bench_top_Pipeline_CI_LOOP|  return value|
|grp_fu_2410_p_ce          |  out|    1|  ap_ctrl_hs|  ucb1_bench_top_Pipeline_CI_LOOP|  return value|
|grp_fu_2414_p_din0        |  out|   16|  ap_ctrl_hs|  ucb1_bench_top_Pipeline_CI_LOOP|  return value|
|grp_fu_2414_p_din1        |  out|   16|  ap_ctrl_hs|  ucb1_bench_top_Pipeline_CI_LOOP|  return value|
|grp_fu_2414_p_dout0       |   in|   16|  ap_ctrl_hs|  ucb1_bench_top_Pipeline_CI_LOOP|  return value|
|grp_fu_2414_p_ce          |  out|    1|  ap_ctrl_hs|  ucb1_bench_top_Pipeline_CI_LOOP|  return value|
|grp_fu_2418_p_din0        |  out|   16|  ap_ctrl_hs|  ucb1_bench_top_Pipeline_CI_LOOP|  return value|
|grp_fu_2418_p_din1        |  out|   16|  ap_ctrl_hs|  ucb1_bench_top_Pipeline_CI_LOOP|  return value|
|grp_fu_2418_p_dout0       |   in|   16|  ap_ctrl_hs|  ucb1_bench_top_Pipeline_CI_LOOP|  return value|
|grp_fu_2418_p_ce          |  out|    1|  ap_ctrl_hs|  ucb1_bench_top_Pipeline_CI_LOOP|  return value|
|grp_fu_2422_p_din0        |  out|   16|  ap_ctrl_hs|  ucb1_bench_top_Pipeline_CI_LOOP|  return value|
|grp_fu_2422_p_din1        |  out|   16|  ap_ctrl_hs|  ucb1_bench_top_Pipeline_CI_LOOP|  return value|
|grp_fu_2422_p_dout0       |   in|   16|  ap_ctrl_hs|  ucb1_bench_top_Pipeline_CI_LOOP|  return value|
|grp_fu_2422_p_ce          |  out|    1|  ap_ctrl_hs|  ucb1_bench_top_Pipeline_CI_LOOP|  return value|
|grp_fu_2426_p_din0        |  out|   16|  ap_ctrl_hs|  ucb1_bench_top_Pipeline_CI_LOOP|  return value|
|grp_fu_2426_p_din1        |  out|   16|  ap_ctrl_hs|  ucb1_bench_top_Pipeline_CI_LOOP|  return value|
|grp_fu_2426_p_dout0       |   in|   16|  ap_ctrl_hs|  ucb1_bench_top_Pipeline_CI_LOOP|  return value|
|grp_fu_2426_p_ce          |  out|    1|  ap_ctrl_hs|  ucb1_bench_top_Pipeline_CI_LOOP|  return value|
|grp_fu_2430_p_din0        |  out|   16|  ap_ctrl_hs|  ucb1_bench_top_Pipeline_CI_LOOP|  return value|
|grp_fu_2430_p_din1        |  out|   16|  ap_ctrl_hs|  ucb1_bench_top_Pipeline_CI_LOOP|  return value|
|grp_fu_2430_p_dout0       |   in|   16|  ap_ctrl_hs|  ucb1_bench_top_Pipeline_CI_LOOP|  return value|
|grp_fu_2430_p_ce          |  out|    1|  ap_ctrl_hs|  ucb1_bench_top_Pipeline_CI_LOOP|  return value|
|grp_fu_2434_p_din0        |  out|   16|  ap_ctrl_hs|  ucb1_bench_top_Pipeline_CI_LOOP|  return value|
|grp_fu_2434_p_din1        |  out|   16|  ap_ctrl_hs|  ucb1_bench_top_Pipeline_CI_LOOP|  return value|
|grp_fu_2434_p_dout0       |   in|   16|  ap_ctrl_hs|  ucb1_bench_top_Pipeline_CI_LOOP|  return value|
|grp_fu_2434_p_ce          |  out|    1|  ap_ctrl_hs|  ucb1_bench_top_Pipeline_CI_LOOP|  return value|
|grp_fu_2438_p_din0        |  out|   16|  ap_ctrl_hs|  ucb1_bench_top_Pipeline_CI_LOOP|  return value|
|grp_fu_2438_p_din1        |  out|   16|  ap_ctrl_hs|  ucb1_bench_top_Pipeline_CI_LOOP|  return value|
|grp_fu_2438_p_dout0       |   in|   16|  ap_ctrl_hs|  ucb1_bench_top_Pipeline_CI_LOOP|  return value|
|grp_fu_2438_p_ce          |  out|    1|  ap_ctrl_hs|  ucb1_bench_top_Pipeline_CI_LOOP|  return value|
|grp_fu_2442_p_din0        |  out|   16|  ap_ctrl_hs|  ucb1_bench_top_Pipeline_CI_LOOP|  return value|
|grp_fu_2442_p_din1        |  out|   16|  ap_ctrl_hs|  ucb1_bench_top_Pipeline_CI_LOOP|  return value|
|grp_fu_2442_p_dout0       |   in|   16|  ap_ctrl_hs|  ucb1_bench_top_Pipeline_CI_LOOP|  return value|
|grp_fu_2442_p_ce          |  out|    1|  ap_ctrl_hs|  ucb1_bench_top_Pipeline_CI_LOOP|  return value|
|grp_fu_2446_p_din0        |  out|   16|  ap_ctrl_hs|  ucb1_bench_top_Pipeline_CI_LOOP|  return value|
|grp_fu_2446_p_din1        |  out|   16|  ap_ctrl_hs|  ucb1_bench_top_Pipeline_CI_LOOP|  return value|
|grp_fu_2446_p_dout0       |   in|   16|  ap_ctrl_hs|  ucb1_bench_top_Pipeline_CI_LOOP|  return value|
|grp_fu_2446_p_ce          |  out|    1|  ap_ctrl_hs|  ucb1_bench_top_Pipeline_CI_LOOP|  return value|
|grp_fu_2450_p_din0        |  out|   16|  ap_ctrl_hs|  ucb1_bench_top_Pipeline_CI_LOOP|  return value|
|grp_fu_2450_p_din1        |  out|   16|  ap_ctrl_hs|  ucb1_bench_top_Pipeline_CI_LOOP|  return value|
|grp_fu_2450_p_dout0       |   in|   16|  ap_ctrl_hs|  ucb1_bench_top_Pipeline_CI_LOOP|  return value|
|grp_fu_2450_p_ce          |  out|    1|  ap_ctrl_hs|  ucb1_bench_top_Pipeline_CI_LOOP|  return value|
|grp_fu_2454_p_din0        |  out|   16|  ap_ctrl_hs|  ucb1_bench_top_Pipeline_CI_LOOP|  return value|
|grp_fu_2454_p_din1        |  out|   16|  ap_ctrl_hs|  ucb1_bench_top_Pipeline_CI_LOOP|  return value|
|grp_fu_2454_p_dout0       |   in|   16|  ap_ctrl_hs|  ucb1_bench_top_Pipeline_CI_LOOP|  return value|
|grp_fu_2454_p_ce          |  out|    1|  ap_ctrl_hs|  ucb1_bench_top_Pipeline_CI_LOOP|  return value|
|grp_fu_2458_p_din0        |  out|   16|  ap_ctrl_hs|  ucb1_bench_top_Pipeline_CI_LOOP|  return value|
|grp_fu_2458_p_din1        |  out|   16|  ap_ctrl_hs|  ucb1_bench_top_Pipeline_CI_LOOP|  return value|
|grp_fu_2458_p_dout0       |   in|   16|  ap_ctrl_hs|  ucb1_bench_top_Pipeline_CI_LOOP|  return value|
|grp_fu_2458_p_ce          |  out|    1|  ap_ctrl_hs|  ucb1_bench_top_Pipeline_CI_LOOP|  return value|
|grp_fu_2462_p_din0        |  out|   16|  ap_ctrl_hs|  ucb1_bench_top_Pipeline_CI_LOOP|  return value|
|grp_fu_2462_p_din1        |  out|   16|  ap_ctrl_hs|  ucb1_bench_top_Pipeline_CI_LOOP|  return value|
|grp_fu_2462_p_dout0       |   in|   16|  ap_ctrl_hs|  ucb1_bench_top_Pipeline_CI_LOOP|  return value|
|grp_fu_2462_p_ce          |  out|    1|  ap_ctrl_hs|  ucb1_bench_top_Pipeline_CI_LOOP|  return value|
|grp_fu_2466_p_din0        |  out|   16|  ap_ctrl_hs|  ucb1_bench_top_Pipeline_CI_LOOP|  return value|
|grp_fu_2466_p_din1        |  out|   16|  ap_ctrl_hs|  ucb1_bench_top_Pipeline_CI_LOOP|  return value|
|grp_fu_2466_p_dout0       |   in|   16|  ap_ctrl_hs|  ucb1_bench_top_Pipeline_CI_LOOP|  return value|
|grp_fu_2466_p_ce          |  out|    1|  ap_ctrl_hs|  ucb1_bench_top_Pipeline_CI_LOOP|  return value|
|grp_fu_2470_p_din0        |  out|   16|  ap_ctrl_hs|  ucb1_bench_top_Pipeline_CI_LOOP|  return value|
|grp_fu_2470_p_din1        |  out|   16|  ap_ctrl_hs|  ucb1_bench_top_Pipeline_CI_LOOP|  return value|
|grp_fu_2470_p_dout0       |   in|   16|  ap_ctrl_hs|  ucb1_bench_top_Pipeline_CI_LOOP|  return value|
|grp_fu_2470_p_ce          |  out|    1|  ap_ctrl_hs|  ucb1_bench_top_Pipeline_CI_LOOP|  return value|
|grp_fu_2474_p_din0        |  out|   16|  ap_ctrl_hs|  ucb1_bench_top_Pipeline_CI_LOOP|  return value|
|grp_fu_2474_p_din1        |  out|   16|  ap_ctrl_hs|  ucb1_bench_top_Pipeline_CI_LOOP|  return value|
|grp_fu_2474_p_dout0       |   in|   16|  ap_ctrl_hs|  ucb1_bench_top_Pipeline_CI_LOOP|  return value|
|grp_fu_2474_p_ce          |  out|    1|  ap_ctrl_hs|  ucb1_bench_top_Pipeline_CI_LOOP|  return value|
|grp_fu_2478_p_din0        |  out|   16|  ap_ctrl_hs|  ucb1_bench_top_Pipeline_CI_LOOP|  return value|
|grp_fu_2478_p_din1        |  out|   16|  ap_ctrl_hs|  ucb1_bench_top_Pipeline_CI_LOOP|  return value|
|grp_fu_2478_p_dout0       |   in|   16|  ap_ctrl_hs|  ucb1_bench_top_Pipeline_CI_LOOP|  return value|
|grp_fu_2478_p_ce          |  out|    1|  ap_ctrl_hs|  ucb1_bench_top_Pipeline_CI_LOOP|  return value|
|grp_fu_2482_p_din0        |  out|   16|  ap_ctrl_hs|  ucb1_bench_top_Pipeline_CI_LOOP|  return value|
|grp_fu_2482_p_din1        |  out|   16|  ap_ctrl_hs|  ucb1_bench_top_Pipeline_CI_LOOP|  return value|
|grp_fu_2482_p_dout0       |   in|   16|  ap_ctrl_hs|  ucb1_bench_top_Pipeline_CI_LOOP|  return value|
|grp_fu_2482_p_ce          |  out|    1|  ap_ctrl_hs|  ucb1_bench_top_Pipeline_CI_LOOP|  return value|
|grp_fu_2486_p_din0        |  out|   16|  ap_ctrl_hs|  ucb1_bench_top_Pipeline_CI_LOOP|  return value|
|grp_fu_2486_p_din1        |  out|   16|  ap_ctrl_hs|  ucb1_bench_top_Pipeline_CI_LOOP|  return value|
|grp_fu_2486_p_dout0       |   in|   16|  ap_ctrl_hs|  ucb1_bench_top_Pipeline_CI_LOOP|  return value|
|grp_fu_2486_p_ce          |  out|    1|  ap_ctrl_hs|  ucb1_bench_top_Pipeline_CI_LOOP|  return value|
|grp_fu_2490_p_din0        |  out|   16|  ap_ctrl_hs|  ucb1_bench_top_Pipeline_CI_LOOP|  return value|
|grp_fu_2490_p_din1        |  out|   16|  ap_ctrl_hs|  ucb1_bench_top_Pipeline_CI_LOOP|  return value|
|grp_fu_2490_p_dout0       |   in|   16|  ap_ctrl_hs|  ucb1_bench_top_Pipeline_CI_LOOP|  return value|
|grp_fu_2490_p_ce          |  out|    1|  ap_ctrl_hs|  ucb1_bench_top_Pipeline_CI_LOOP|  return value|
|grp_fu_2494_p_din0        |  out|   16|  ap_ctrl_hs|  ucb1_bench_top_Pipeline_CI_LOOP|  return value|
|grp_fu_2494_p_din1        |  out|   16|  ap_ctrl_hs|  ucb1_bench_top_Pipeline_CI_LOOP|  return value|
|grp_fu_2494_p_dout0       |   in|   16|  ap_ctrl_hs|  ucb1_bench_top_Pipeline_CI_LOOP|  return value|
|grp_fu_2494_p_ce          |  out|    1|  ap_ctrl_hs|  ucb1_bench_top_Pipeline_CI_LOOP|  return value|
|grp_fu_2498_p_din0        |  out|   16|  ap_ctrl_hs|  ucb1_bench_top_Pipeline_CI_LOOP|  return value|
|grp_fu_2498_p_din1        |  out|   16|  ap_ctrl_hs|  ucb1_bench_top_Pipeline_CI_LOOP|  return value|
|grp_fu_2498_p_dout0       |   in|   16|  ap_ctrl_hs|  ucb1_bench_top_Pipeline_CI_LOOP|  return value|
|grp_fu_2498_p_ce          |  out|    1|  ap_ctrl_hs|  ucb1_bench_top_Pipeline_CI_LOOP|  return value|
|grp_fu_2502_p_din0        |  out|   16|  ap_ctrl_hs|  ucb1_bench_top_Pipeline_CI_LOOP|  return value|
|grp_fu_2502_p_din1        |  out|   16|  ap_ctrl_hs|  ucb1_bench_top_Pipeline_CI_LOOP|  return value|
|grp_fu_2502_p_dout0       |   in|   16|  ap_ctrl_hs|  ucb1_bench_top_Pipeline_CI_LOOP|  return value|
|grp_fu_2502_p_ce          |  out|    1|  ap_ctrl_hs|  ucb1_bench_top_Pipeline_CI_LOOP|  return value|
|grp_fu_2506_p_din0        |  out|   16|  ap_ctrl_hs|  ucb1_bench_top_Pipeline_CI_LOOP|  return value|
|grp_fu_2506_p_din1        |  out|   16|  ap_ctrl_hs|  ucb1_bench_top_Pipeline_CI_LOOP|  return value|
|grp_fu_2506_p_dout0       |   in|   16|  ap_ctrl_hs|  ucb1_bench_top_Pipeline_CI_LOOP|  return value|
|grp_fu_2506_p_ce          |  out|    1|  ap_ctrl_hs|  ucb1_bench_top_Pipeline_CI_LOOP|  return value|
|grp_fu_2510_p_din0        |  out|   16|  ap_ctrl_hs|  ucb1_bench_top_Pipeline_CI_LOOP|  return value|
|grp_fu_2510_p_din1        |  out|   16|  ap_ctrl_hs|  ucb1_bench_top_Pipeline_CI_LOOP|  return value|
|grp_fu_2510_p_dout0       |   in|   16|  ap_ctrl_hs|  ucb1_bench_top_Pipeline_CI_LOOP|  return value|
|grp_fu_2510_p_ce          |  out|    1|  ap_ctrl_hs|  ucb1_bench_top_Pipeline_CI_LOOP|  return value|
|grp_fu_2514_p_din0        |  out|   16|  ap_ctrl_hs|  ucb1_bench_top_Pipeline_CI_LOOP|  return value|
|grp_fu_2514_p_din1        |  out|   16|  ap_ctrl_hs|  ucb1_bench_top_Pipeline_CI_LOOP|  return value|
|grp_fu_2514_p_dout0       |   in|   16|  ap_ctrl_hs|  ucb1_bench_top_Pipeline_CI_LOOP|  return value|
|grp_fu_2514_p_ce          |  out|    1|  ap_ctrl_hs|  ucb1_bench_top_Pipeline_CI_LOOP|  return value|
|grp_fu_2518_p_din0        |  out|   16|  ap_ctrl_hs|  ucb1_bench_top_Pipeline_CI_LOOP|  return value|
|grp_fu_2518_p_din1        |  out|   16|  ap_ctrl_hs|  ucb1_bench_top_Pipeline_CI_LOOP|  return value|
|grp_fu_2518_p_dout0       |   in|   16|  ap_ctrl_hs|  ucb1_bench_top_Pipeline_CI_LOOP|  return value|
|grp_fu_2518_p_ce          |  out|    1|  ap_ctrl_hs|  ucb1_bench_top_Pipeline_CI_LOOP|  return value|
|grp_fu_2522_p_din0        |  out|   16|  ap_ctrl_hs|  ucb1_bench_top_Pipeline_CI_LOOP|  return value|
|grp_fu_2522_p_din1        |  out|   16|  ap_ctrl_hs|  ucb1_bench_top_Pipeline_CI_LOOP|  return value|
|grp_fu_2522_p_dout0       |   in|   16|  ap_ctrl_hs|  ucb1_bench_top_Pipeline_CI_LOOP|  return value|
|grp_fu_2522_p_ce          |  out|    1|  ap_ctrl_hs|  ucb1_bench_top_Pipeline_CI_LOOP|  return value|
|grp_fu_2526_p_din0        |  out|   16|  ap_ctrl_hs|  ucb1_bench_top_Pipeline_CI_LOOP|  return value|
|grp_fu_2526_p_din1        |  out|   16|  ap_ctrl_hs|  ucb1_bench_top_Pipeline_CI_LOOP|  return value|
|grp_fu_2526_p_dout0       |   in|   16|  ap_ctrl_hs|  ucb1_bench_top_Pipeline_CI_LOOP|  return value|
|grp_fu_2526_p_ce          |  out|    1|  ap_ctrl_hs|  ucb1_bench_top_Pipeline_CI_LOOP|  return value|
|grp_fu_2530_p_din0        |  out|   16|  ap_ctrl_hs|  ucb1_bench_top_Pipeline_CI_LOOP|  return value|
|grp_fu_2530_p_din1        |  out|   16|  ap_ctrl_hs|  ucb1_bench_top_Pipeline_CI_LOOP|  return value|
|grp_fu_2530_p_dout0       |   in|   16|  ap_ctrl_hs|  ucb1_bench_top_Pipeline_CI_LOOP|  return value|
|grp_fu_2530_p_ce          |  out|    1|  ap_ctrl_hs|  ucb1_bench_top_Pipeline_CI_LOOP|  return value|
|grp_fu_2534_p_din0        |  out|   16|  ap_ctrl_hs|  ucb1_bench_top_Pipeline_CI_LOOP|  return value|
|grp_fu_2534_p_din1        |  out|   16|  ap_ctrl_hs|  ucb1_bench_top_Pipeline_CI_LOOP|  return value|
|grp_fu_2534_p_dout0       |   in|   16|  ap_ctrl_hs|  ucb1_bench_top_Pipeline_CI_LOOP|  return value|
|grp_fu_2534_p_ce          |  out|    1|  ap_ctrl_hs|  ucb1_bench_top_Pipeline_CI_LOOP|  return value|
|grp_fu_2538_p_din0        |  out|   16|  ap_ctrl_hs|  ucb1_bench_top_Pipeline_CI_LOOP|  return value|
|grp_fu_2538_p_din1        |  out|   16|  ap_ctrl_hs|  ucb1_bench_top_Pipeline_CI_LOOP|  return value|
|grp_fu_2538_p_dout0       |   in|   16|  ap_ctrl_hs|  ucb1_bench_top_Pipeline_CI_LOOP|  return value|
|grp_fu_2538_p_ce          |  out|    1|  ap_ctrl_hs|  ucb1_bench_top_Pipeline_CI_LOOP|  return value|
|grp_fu_2542_p_din0        |  out|   16|  ap_ctrl_hs|  ucb1_bench_top_Pipeline_CI_LOOP|  return value|
|grp_fu_2542_p_din1        |  out|   16|  ap_ctrl_hs|  ucb1_bench_top_Pipeline_CI_LOOP|  return value|
|grp_fu_2542_p_dout0       |   in|   16|  ap_ctrl_hs|  ucb1_bench_top_Pipeline_CI_LOOP|  return value|
|grp_fu_2542_p_ce          |  out|    1|  ap_ctrl_hs|  ucb1_bench_top_Pipeline_CI_LOOP|  return value|
|grp_fu_2546_p_din0        |  out|   16|  ap_ctrl_hs|  ucb1_bench_top_Pipeline_CI_LOOP|  return value|
|grp_fu_2546_p_din1        |  out|   16|  ap_ctrl_hs|  ucb1_bench_top_Pipeline_CI_LOOP|  return value|
|grp_fu_2546_p_dout0       |   in|   16|  ap_ctrl_hs|  ucb1_bench_top_Pipeline_CI_LOOP|  return value|
|grp_fu_2546_p_ce          |  out|    1|  ap_ctrl_hs|  ucb1_bench_top_Pipeline_CI_LOOP|  return value|
|grp_fu_2550_p_din0        |  out|   16|  ap_ctrl_hs|  ucb1_bench_top_Pipeline_CI_LOOP|  return value|
|grp_fu_2550_p_din1        |  out|   16|  ap_ctrl_hs|  ucb1_bench_top_Pipeline_CI_LOOP|  return value|
|grp_fu_2550_p_dout0       |   in|   16|  ap_ctrl_hs|  ucb1_bench_top_Pipeline_CI_LOOP|  return value|
|grp_fu_2550_p_ce          |  out|    1|  ap_ctrl_hs|  ucb1_bench_top_Pipeline_CI_LOOP|  return value|
|grp_fu_2554_p_din0        |  out|   16|  ap_ctrl_hs|  ucb1_bench_top_Pipeline_CI_LOOP|  return value|
|grp_fu_2554_p_din1        |  out|   16|  ap_ctrl_hs|  ucb1_bench_top_Pipeline_CI_LOOP|  return value|
|grp_fu_2554_p_dout0       |   in|   16|  ap_ctrl_hs|  ucb1_bench_top_Pipeline_CI_LOOP|  return value|
|grp_fu_2554_p_ce          |  out|    1|  ap_ctrl_hs|  ucb1_bench_top_Pipeline_CI_LOOP|  return value|
|grp_fu_2558_p_din0        |  out|   16|  ap_ctrl_hs|  ucb1_bench_top_Pipeline_CI_LOOP|  return value|
|grp_fu_2558_p_din1        |  out|   16|  ap_ctrl_hs|  ucb1_bench_top_Pipeline_CI_LOOP|  return value|
|grp_fu_2558_p_dout0       |   in|   16|  ap_ctrl_hs|  ucb1_bench_top_Pipeline_CI_LOOP|  return value|
|grp_fu_2558_p_ce          |  out|    1|  ap_ctrl_hs|  ucb1_bench_top_Pipeline_CI_LOOP|  return value|
|grp_fu_2562_p_din0        |  out|   16|  ap_ctrl_hs|  ucb1_bench_top_Pipeline_CI_LOOP|  return value|
|grp_fu_2562_p_din1        |  out|   16|  ap_ctrl_hs|  ucb1_bench_top_Pipeline_CI_LOOP|  return value|
|grp_fu_2562_p_dout0       |   in|   16|  ap_ctrl_hs|  ucb1_bench_top_Pipeline_CI_LOOP|  return value|
|grp_fu_2562_p_ce          |  out|    1|  ap_ctrl_hs|  ucb1_bench_top_Pipeline_CI_LOOP|  return value|
|grp_fu_2566_p_din0        |  out|   16|  ap_ctrl_hs|  ucb1_bench_top_Pipeline_CI_LOOP|  return value|
|grp_fu_2566_p_din1        |  out|   16|  ap_ctrl_hs|  ucb1_bench_top_Pipeline_CI_LOOP|  return value|
|grp_fu_2566_p_dout0       |   in|   16|  ap_ctrl_hs|  ucb1_bench_top_Pipeline_CI_LOOP|  return value|
|grp_fu_2566_p_ce          |  out|    1|  ap_ctrl_hs|  ucb1_bench_top_Pipeline_CI_LOOP|  return value|
|grp_fu_2570_p_din0        |  out|   16|  ap_ctrl_hs|  ucb1_bench_top_Pipeline_CI_LOOP|  return value|
|grp_fu_2570_p_din1        |  out|   16|  ap_ctrl_hs|  ucb1_bench_top_Pipeline_CI_LOOP|  return value|
|grp_fu_2570_p_dout0       |   in|   16|  ap_ctrl_hs|  ucb1_bench_top_Pipeline_CI_LOOP|  return value|
|grp_fu_2570_p_ce          |  out|    1|  ap_ctrl_hs|  ucb1_bench_top_Pipeline_CI_LOOP|  return value|
|grp_fu_2574_p_din0        |  out|   16|  ap_ctrl_hs|  ucb1_bench_top_Pipeline_CI_LOOP|  return value|
|grp_fu_2574_p_din1        |  out|   16|  ap_ctrl_hs|  ucb1_bench_top_Pipeline_CI_LOOP|  return value|
|grp_fu_2574_p_dout0       |   in|   16|  ap_ctrl_hs|  ucb1_bench_top_Pipeline_CI_LOOP|  return value|
|grp_fu_2574_p_ce          |  out|    1|  ap_ctrl_hs|  ucb1_bench_top_Pipeline_CI_LOOP|  return value|
|grp_fu_2578_p_din0        |  out|   16|  ap_ctrl_hs|  ucb1_bench_top_Pipeline_CI_LOOP|  return value|
|grp_fu_2578_p_din1        |  out|   16|  ap_ctrl_hs|  ucb1_bench_top_Pipeline_CI_LOOP|  return value|
|grp_fu_2578_p_dout0       |   in|   16|  ap_ctrl_hs|  ucb1_bench_top_Pipeline_CI_LOOP|  return value|
|grp_fu_2578_p_ce          |  out|    1|  ap_ctrl_hs|  ucb1_bench_top_Pipeline_CI_LOOP|  return value|
|grp_fu_2582_p_din0        |  out|   16|  ap_ctrl_hs|  ucb1_bench_top_Pipeline_CI_LOOP|  return value|
|grp_fu_2582_p_din1        |  out|   16|  ap_ctrl_hs|  ucb1_bench_top_Pipeline_CI_LOOP|  return value|
|grp_fu_2582_p_dout0       |   in|   16|  ap_ctrl_hs|  ucb1_bench_top_Pipeline_CI_LOOP|  return value|
|grp_fu_2582_p_ce          |  out|    1|  ap_ctrl_hs|  ucb1_bench_top_Pipeline_CI_LOOP|  return value|
|grp_fu_2586_p_din0        |  out|   16|  ap_ctrl_hs|  ucb1_bench_top_Pipeline_CI_LOOP|  return value|
|grp_fu_2586_p_din1        |  out|   16|  ap_ctrl_hs|  ucb1_bench_top_Pipeline_CI_LOOP|  return value|
|grp_fu_2586_p_dout0       |   in|   16|  ap_ctrl_hs|  ucb1_bench_top_Pipeline_CI_LOOP|  return value|
|grp_fu_2586_p_ce          |  out|    1|  ap_ctrl_hs|  ucb1_bench_top_Pipeline_CI_LOOP|  return value|
|grp_fu_2590_p_din0        |  out|   16|  ap_ctrl_hs|  ucb1_bench_top_Pipeline_CI_LOOP|  return value|
|grp_fu_2590_p_din1        |  out|   16|  ap_ctrl_hs|  ucb1_bench_top_Pipeline_CI_LOOP|  return value|
|grp_fu_2590_p_dout0       |   in|   16|  ap_ctrl_hs|  ucb1_bench_top_Pipeline_CI_LOOP|  return value|
|grp_fu_2590_p_ce          |  out|    1|  ap_ctrl_hs|  ucb1_bench_top_Pipeline_CI_LOOP|  return value|
|grp_fu_2594_p_din0        |  out|   16|  ap_ctrl_hs|  ucb1_bench_top_Pipeline_CI_LOOP|  return value|
|grp_fu_2594_p_din1        |  out|   16|  ap_ctrl_hs|  ucb1_bench_top_Pipeline_CI_LOOP|  return value|
|grp_fu_2594_p_dout0       |   in|   16|  ap_ctrl_hs|  ucb1_bench_top_Pipeline_CI_LOOP|  return value|
|grp_fu_2594_p_ce          |  out|    1|  ap_ctrl_hs|  ucb1_bench_top_Pipeline_CI_LOOP|  return value|
|grp_fu_2598_p_din0        |  out|   16|  ap_ctrl_hs|  ucb1_bench_top_Pipeline_CI_LOOP|  return value|
|grp_fu_2598_p_din1        |  out|   16|  ap_ctrl_hs|  ucb1_bench_top_Pipeline_CI_LOOP|  return value|
|grp_fu_2598_p_dout0       |   in|   16|  ap_ctrl_hs|  ucb1_bench_top_Pipeline_CI_LOOP|  return value|
|grp_fu_2598_p_ce          |  out|    1|  ap_ctrl_hs|  ucb1_bench_top_Pipeline_CI_LOOP|  return value|
|grp_fu_2602_p_din0        |  out|   16|  ap_ctrl_hs|  ucb1_bench_top_Pipeline_CI_LOOP|  return value|
|grp_fu_2602_p_din1        |  out|   16|  ap_ctrl_hs|  ucb1_bench_top_Pipeline_CI_LOOP|  return value|
|grp_fu_2602_p_dout0       |   in|   16|  ap_ctrl_hs|  ucb1_bench_top_Pipeline_CI_LOOP|  return value|
|grp_fu_2602_p_ce          |  out|    1|  ap_ctrl_hs|  ucb1_bench_top_Pipeline_CI_LOOP|  return value|
|grp_fu_2606_p_din0        |  out|   16|  ap_ctrl_hs|  ucb1_bench_top_Pipeline_CI_LOOP|  return value|
|grp_fu_2606_p_din1        |  out|   16|  ap_ctrl_hs|  ucb1_bench_top_Pipeline_CI_LOOP|  return value|
|grp_fu_2606_p_dout0       |   in|   16|  ap_ctrl_hs|  ucb1_bench_top_Pipeline_CI_LOOP|  return value|
|grp_fu_2606_p_ce          |  out|    1|  ap_ctrl_hs|  ucb1_bench_top_Pipeline_CI_LOOP|  return value|
|grp_fu_2610_p_din0        |  out|   16|  ap_ctrl_hs|  ucb1_bench_top_Pipeline_CI_LOOP|  return value|
|grp_fu_2610_p_din1        |  out|   16|  ap_ctrl_hs|  ucb1_bench_top_Pipeline_CI_LOOP|  return value|
|grp_fu_2610_p_dout0       |   in|   16|  ap_ctrl_hs|  ucb1_bench_top_Pipeline_CI_LOOP|  return value|
|grp_fu_2610_p_ce          |  out|    1|  ap_ctrl_hs|  ucb1_bench_top_Pipeline_CI_LOOP|  return value|
|grp_fu_2614_p_din0        |  out|   16|  ap_ctrl_hs|  ucb1_bench_top_Pipeline_CI_LOOP|  return value|
|grp_fu_2614_p_din1        |  out|   16|  ap_ctrl_hs|  ucb1_bench_top_Pipeline_CI_LOOP|  return value|
|grp_fu_2614_p_dout0       |   in|   16|  ap_ctrl_hs|  ucb1_bench_top_Pipeline_CI_LOOP|  return value|
|grp_fu_2614_p_ce          |  out|    1|  ap_ctrl_hs|  ucb1_bench_top_Pipeline_CI_LOOP|  return value|
|grp_fu_2618_p_din0        |  out|   16|  ap_ctrl_hs|  ucb1_bench_top_Pipeline_CI_LOOP|  return value|
|grp_fu_2618_p_din1        |  out|   16|  ap_ctrl_hs|  ucb1_bench_top_Pipeline_CI_LOOP|  return value|
|grp_fu_2618_p_dout0       |   in|   16|  ap_ctrl_hs|  ucb1_bench_top_Pipeline_CI_LOOP|  return value|
|grp_fu_2618_p_ce          |  out|    1|  ap_ctrl_hs|  ucb1_bench_top_Pipeline_CI_LOOP|  return value|
|grp_fu_2622_p_din0        |  out|   16|  ap_ctrl_hs|  ucb1_bench_top_Pipeline_CI_LOOP|  return value|
|grp_fu_2622_p_din1        |  out|   16|  ap_ctrl_hs|  ucb1_bench_top_Pipeline_CI_LOOP|  return value|
|grp_fu_2622_p_dout0       |   in|   16|  ap_ctrl_hs|  ucb1_bench_top_Pipeline_CI_LOOP|  return value|
|grp_fu_2622_p_ce          |  out|    1|  ap_ctrl_hs|  ucb1_bench_top_Pipeline_CI_LOOP|  return value|
|grp_fu_2626_p_din0        |  out|   16|  ap_ctrl_hs|  ucb1_bench_top_Pipeline_CI_LOOP|  return value|
|grp_fu_2626_p_din1        |  out|   16|  ap_ctrl_hs|  ucb1_bench_top_Pipeline_CI_LOOP|  return value|
|grp_fu_2626_p_dout0       |   in|   16|  ap_ctrl_hs|  ucb1_bench_top_Pipeline_CI_LOOP|  return value|
|grp_fu_2626_p_ce          |  out|    1|  ap_ctrl_hs|  ucb1_bench_top_Pipeline_CI_LOOP|  return value|
|grp_fu_2630_p_din0        |  out|   16|  ap_ctrl_hs|  ucb1_bench_top_Pipeline_CI_LOOP|  return value|
|grp_fu_2630_p_din1        |  out|   16|  ap_ctrl_hs|  ucb1_bench_top_Pipeline_CI_LOOP|  return value|
|grp_fu_2630_p_dout0       |   in|   16|  ap_ctrl_hs|  ucb1_bench_top_Pipeline_CI_LOOP|  return value|
|grp_fu_2630_p_ce          |  out|    1|  ap_ctrl_hs|  ucb1_bench_top_Pipeline_CI_LOOP|  return value|
|grp_fu_2634_p_din0        |  out|   16|  ap_ctrl_hs|  ucb1_bench_top_Pipeline_CI_LOOP|  return value|
|grp_fu_2634_p_din1        |  out|   16|  ap_ctrl_hs|  ucb1_bench_top_Pipeline_CI_LOOP|  return value|
|grp_fu_2634_p_dout0       |   in|   16|  ap_ctrl_hs|  ucb1_bench_top_Pipeline_CI_LOOP|  return value|
|grp_fu_2634_p_ce          |  out|    1|  ap_ctrl_hs|  ucb1_bench_top_Pipeline_CI_LOOP|  return value|
|grp_fu_2638_p_din0        |  out|   16|  ap_ctrl_hs|  ucb1_bench_top_Pipeline_CI_LOOP|  return value|
|grp_fu_2638_p_din1        |  out|   16|  ap_ctrl_hs|  ucb1_bench_top_Pipeline_CI_LOOP|  return value|
|grp_fu_2638_p_dout0       |   in|   16|  ap_ctrl_hs|  ucb1_bench_top_Pipeline_CI_LOOP|  return value|
|grp_fu_2638_p_ce          |  out|    1|  ap_ctrl_hs|  ucb1_bench_top_Pipeline_CI_LOOP|  return value|
|grp_fu_2642_p_din0        |  out|   16|  ap_ctrl_hs|  ucb1_bench_top_Pipeline_CI_LOOP|  return value|
|grp_fu_2642_p_din1        |  out|   16|  ap_ctrl_hs|  ucb1_bench_top_Pipeline_CI_LOOP|  return value|
|grp_fu_2642_p_dout0       |   in|   16|  ap_ctrl_hs|  ucb1_bench_top_Pipeline_CI_LOOP|  return value|
|grp_fu_2642_p_ce          |  out|    1|  ap_ctrl_hs|  ucb1_bench_top_Pipeline_CI_LOOP|  return value|
|grp_fu_2646_p_din0        |  out|   16|  ap_ctrl_hs|  ucb1_bench_top_Pipeline_CI_LOOP|  return value|
|grp_fu_2646_p_din1        |  out|   16|  ap_ctrl_hs|  ucb1_bench_top_Pipeline_CI_LOOP|  return value|
|grp_fu_2646_p_dout0       |   in|   16|  ap_ctrl_hs|  ucb1_bench_top_Pipeline_CI_LOOP|  return value|
|grp_fu_2646_p_ce          |  out|    1|  ap_ctrl_hs|  ucb1_bench_top_Pipeline_CI_LOOP|  return value|
|grp_fu_2650_p_din0        |  out|   16|  ap_ctrl_hs|  ucb1_bench_top_Pipeline_CI_LOOP|  return value|
|grp_fu_2650_p_din1        |  out|   16|  ap_ctrl_hs|  ucb1_bench_top_Pipeline_CI_LOOP|  return value|
|grp_fu_2650_p_dout0       |   in|   16|  ap_ctrl_hs|  ucb1_bench_top_Pipeline_CI_LOOP|  return value|
|grp_fu_2650_p_ce          |  out|    1|  ap_ctrl_hs|  ucb1_bench_top_Pipeline_CI_LOOP|  return value|
|grp_fu_2654_p_din0        |  out|   16|  ap_ctrl_hs|  ucb1_bench_top_Pipeline_CI_LOOP|  return value|
|grp_fu_2654_p_din1        |  out|   16|  ap_ctrl_hs|  ucb1_bench_top_Pipeline_CI_LOOP|  return value|
|grp_fu_2654_p_dout0       |   in|   16|  ap_ctrl_hs|  ucb1_bench_top_Pipeline_CI_LOOP|  return value|
|grp_fu_2654_p_ce          |  out|    1|  ap_ctrl_hs|  ucb1_bench_top_Pipeline_CI_LOOP|  return value|
|grp_fu_2658_p_din0        |  out|   16|  ap_ctrl_hs|  ucb1_bench_top_Pipeline_CI_LOOP|  return value|
|grp_fu_2658_p_din1        |  out|   16|  ap_ctrl_hs|  ucb1_bench_top_Pipeline_CI_LOOP|  return value|
|grp_fu_2658_p_dout0       |   in|   16|  ap_ctrl_hs|  ucb1_bench_top_Pipeline_CI_LOOP|  return value|
|grp_fu_2658_p_ce          |  out|    1|  ap_ctrl_hs|  ucb1_bench_top_Pipeline_CI_LOOP|  return value|
|grp_fu_2662_p_din0        |  out|   16|  ap_ctrl_hs|  ucb1_bench_top_Pipeline_CI_LOOP|  return value|
|grp_fu_2662_p_din1        |  out|   16|  ap_ctrl_hs|  ucb1_bench_top_Pipeline_CI_LOOP|  return value|
|grp_fu_2662_p_dout0       |   in|   16|  ap_ctrl_hs|  ucb1_bench_top_Pipeline_CI_LOOP|  return value|
|grp_fu_2662_p_ce          |  out|    1|  ap_ctrl_hs|  ucb1_bench_top_Pipeline_CI_LOOP|  return value|
|empty                     |   in|   10|     ap_none|                            empty|        scalar|
|mul_ln130                 |   in|    9|     ap_none|                        mul_ln130|        scalar|
|w_local_24_address0       |  out|   10|   ap_memory|                       w_local_24|         array|
|w_local_24_ce0            |  out|    1|   ap_memory|                       w_local_24|         array|
|w_local_24_q0             |   in|  256|   ap_memory|                       w_local_24|         array|
|w_local_25_address0       |  out|   10|   ap_memory|                       w_local_25|         array|
|w_local_25_ce0            |  out|    1|   ap_memory|                       w_local_25|         array|
|w_local_25_q0             |   in|  256|   ap_memory|                       w_local_25|         array|
|w_local_26_address0       |  out|   10|   ap_memory|                       w_local_26|         array|
|w_local_26_ce0            |  out|    1|   ap_memory|                       w_local_26|         array|
|w_local_26_q0             |   in|  256|   ap_memory|                       w_local_26|         array|
|w_local_27_address0       |  out|   10|   ap_memory|                       w_local_27|         array|
|w_local_27_ce0            |  out|    1|   ap_memory|                       w_local_27|         array|
|w_local_27_q0             |   in|  256|   ap_memory|                       w_local_27|         array|
|w_local_28_address0       |  out|   10|   ap_memory|                       w_local_28|         array|
|w_local_28_ce0            |  out|    1|   ap_memory|                       w_local_28|         array|
|w_local_28_q0             |   in|  256|   ap_memory|                       w_local_28|         array|
|w_local_29_address0       |  out|   10|   ap_memory|                       w_local_29|         array|
|w_local_29_ce0            |  out|    1|   ap_memory|                       w_local_29|         array|
|w_local_29_q0             |   in|  256|   ap_memory|                       w_local_29|         array|
|w_local_30_address0       |  out|   10|   ap_memory|                       w_local_30|         array|
|w_local_30_ce0            |  out|    1|   ap_memory|                       w_local_30|         array|
|w_local_30_q0             |   in|  256|   ap_memory|                       w_local_30|         array|
|w_local_31_address0       |  out|   10|   ap_memory|                       w_local_31|         array|
|w_local_31_ce0            |  out|    1|   ap_memory|                       w_local_31|         array|
|w_local_31_q0             |   in|  256|   ap_memory|                       w_local_31|         array|
|psum_127_load_out         |  out|   16|      ap_vld|                psum_127_load_out|       pointer|
|psum_127_load_out_ap_vld  |  out|    1|      ap_vld|                psum_127_load_out|       pointer|
|psum_126_load_out         |  out|   16|      ap_vld|                psum_126_load_out|       pointer|
|psum_126_load_out_ap_vld  |  out|    1|      ap_vld|                psum_126_load_out|       pointer|
|psum_125_load_out         |  out|   16|      ap_vld|                psum_125_load_out|       pointer|
|psum_125_load_out_ap_vld  |  out|    1|      ap_vld|                psum_125_load_out|       pointer|
|psum_124_load_out         |  out|   16|      ap_vld|                psum_124_load_out|       pointer|
|psum_124_load_out_ap_vld  |  out|    1|      ap_vld|                psum_124_load_out|       pointer|
|psum_123_load_out         |  out|   16|      ap_vld|                psum_123_load_out|       pointer|
|psum_123_load_out_ap_vld  |  out|    1|      ap_vld|                psum_123_load_out|       pointer|
|psum_122_load_out         |  out|   16|      ap_vld|                psum_122_load_out|       pointer|
|psum_122_load_out_ap_vld  |  out|    1|      ap_vld|                psum_122_load_out|       pointer|
|psum_121_load_out         |  out|   16|      ap_vld|                psum_121_load_out|       pointer|
|psum_121_load_out_ap_vld  |  out|    1|      ap_vld|                psum_121_load_out|       pointer|
|psum_120_load_out         |  out|   16|      ap_vld|                psum_120_load_out|       pointer|
|psum_120_load_out_ap_vld  |  out|    1|      ap_vld|                psum_120_load_out|       pointer|
|psum_119_load_out         |  out|   16|      ap_vld|                psum_119_load_out|       pointer|
|psum_119_load_out_ap_vld  |  out|    1|      ap_vld|                psum_119_load_out|       pointer|
|psum_118_load_out         |  out|   16|      ap_vld|                psum_118_load_out|       pointer|
|psum_118_load_out_ap_vld  |  out|    1|      ap_vld|                psum_118_load_out|       pointer|
|psum_117_load_out         |  out|   16|      ap_vld|                psum_117_load_out|       pointer|
|psum_117_load_out_ap_vld  |  out|    1|      ap_vld|                psum_117_load_out|       pointer|
|psum_116_load_out         |  out|   16|      ap_vld|                psum_116_load_out|       pointer|
|psum_116_load_out_ap_vld  |  out|    1|      ap_vld|                psum_116_load_out|       pointer|
|psum_115_load_out         |  out|   16|      ap_vld|                psum_115_load_out|       pointer|
|psum_115_load_out_ap_vld  |  out|    1|      ap_vld|                psum_115_load_out|       pointer|
|psum_114_load_out         |  out|   16|      ap_vld|                psum_114_load_out|       pointer|
|psum_114_load_out_ap_vld  |  out|    1|      ap_vld|                psum_114_load_out|       pointer|
|psum_113_load_out         |  out|   16|      ap_vld|                psum_113_load_out|       pointer|
|psum_113_load_out_ap_vld  |  out|    1|      ap_vld|                psum_113_load_out|       pointer|
|psum_112_load_out         |  out|   16|      ap_vld|                psum_112_load_out|       pointer|
|psum_112_load_out_ap_vld  |  out|    1|      ap_vld|                psum_112_load_out|       pointer|
|psum_111_load_out         |  out|   16|      ap_vld|                psum_111_load_out|       pointer|
|psum_111_load_out_ap_vld  |  out|    1|      ap_vld|                psum_111_load_out|       pointer|
|psum_110_load_out         |  out|   16|      ap_vld|                psum_110_load_out|       pointer|
|psum_110_load_out_ap_vld  |  out|    1|      ap_vld|                psum_110_load_out|       pointer|
|psum_109_load_out         |  out|   16|      ap_vld|                psum_109_load_out|       pointer|
|psum_109_load_out_ap_vld  |  out|    1|      ap_vld|                psum_109_load_out|       pointer|
|psum_108_load_out         |  out|   16|      ap_vld|                psum_108_load_out|       pointer|
|psum_108_load_out_ap_vld  |  out|    1|      ap_vld|                psum_108_load_out|       pointer|
|psum_107_load_out         |  out|   16|      ap_vld|                psum_107_load_out|       pointer|
|psum_107_load_out_ap_vld  |  out|    1|      ap_vld|                psum_107_load_out|       pointer|
|psum_106_load_out         |  out|   16|      ap_vld|                psum_106_load_out|       pointer|
|psum_106_load_out_ap_vld  |  out|    1|      ap_vld|                psum_106_load_out|       pointer|
|psum_105_load_out         |  out|   16|      ap_vld|                psum_105_load_out|       pointer|
|psum_105_load_out_ap_vld  |  out|    1|      ap_vld|                psum_105_load_out|       pointer|
|psum_104_load_out         |  out|   16|      ap_vld|                psum_104_load_out|       pointer|
|psum_104_load_out_ap_vld  |  out|    1|      ap_vld|                psum_104_load_out|       pointer|
|psum_103_load_out         |  out|   16|      ap_vld|                psum_103_load_out|       pointer|
|psum_103_load_out_ap_vld  |  out|    1|      ap_vld|                psum_103_load_out|       pointer|
|psum_102_load_out         |  out|   16|      ap_vld|                psum_102_load_out|       pointer|
|psum_102_load_out_ap_vld  |  out|    1|      ap_vld|                psum_102_load_out|       pointer|
|psum_101_load_out         |  out|   16|      ap_vld|                psum_101_load_out|       pointer|
|psum_101_load_out_ap_vld  |  out|    1|      ap_vld|                psum_101_load_out|       pointer|
|psum_100_load_out         |  out|   16|      ap_vld|                psum_100_load_out|       pointer|
|psum_100_load_out_ap_vld  |  out|    1|      ap_vld|                psum_100_load_out|       pointer|
|psum_99_load_out          |  out|   16|      ap_vld|                 psum_99_load_out|       pointer|
|psum_99_load_out_ap_vld   |  out|    1|      ap_vld|                 psum_99_load_out|       pointer|
|psum_98_load_out          |  out|   16|      ap_vld|                 psum_98_load_out|       pointer|
|psum_98_load_out_ap_vld   |  out|    1|      ap_vld|                 psum_98_load_out|       pointer|
|psum_97_load_out          |  out|   16|      ap_vld|                 psum_97_load_out|       pointer|
|psum_97_load_out_ap_vld   |  out|    1|      ap_vld|                 psum_97_load_out|       pointer|
|psum_96_load_out          |  out|   16|      ap_vld|                 psum_96_load_out|       pointer|
|psum_96_load_out_ap_vld   |  out|    1|      ap_vld|                 psum_96_load_out|       pointer|
|x_buf_address0            |  out|   11|   ap_memory|                            x_buf|         array|
|x_buf_ce0                 |  out|    1|   ap_memory|                            x_buf|         array|
|x_buf_q0                  |   in|  256|   ap_memory|                            x_buf|         array|
+--------------------------+-----+-----+------------+---------------------------------+--------------+

