

================================================================
== Vitis HLS Report for 'Fused_Conv_CNorm_Act_16_960_960_half_Pipeline_FINAL_ACCUMULATION'
================================================================
* Date:           Thu Apr 30 22:13:32 2026

* Version:        2024.2 (Build 5238294 on Nov  8 2024)
* Project:        resblock_top
* Solution:       hls (Vivado IP Flow Target)
* Product family: zynquplus
* Target device:  xczu7ev-ffvc1156-2-e


================================================================
== Performance Estimates
================================================================
+ Timing: 
    * Summary: 
    +--------+---------+----------+------------+
    |  Clock |  Target | Estimated| Uncertainty|
    +--------+---------+----------+------------+
    |ap_clk  |  4.00 ns|  2.822 ns|     1.08 ns|
    +--------+---------+----------+------------+

+ Latency: 
    * Summary: 
    +---------+---------+----------+----------+-----+-----+------------------------------------------------+
    |  Latency (cycles) |  Latency (absolute) |  Interval |                    Pipeline                    |
    |   min   |   max   |    min   |    max   | min | max |                      Type                      |
    +---------+---------+----------+----------+-----+-----+------------------------------------------------+
    |       55|       55|  0.220 us|  0.220 us|   17|   17|  loop auto-rewind stp (delay=0 clock cycles(s))|
    +---------+---------+----------+----------+-----+-----+------------------------------------------------+

    + Detail: 
        * Instance: 
        N/A

        * Loop: 
        +----------------------+---------+---------+----------+-----------+-----------+------+----------+
        |                      |  Latency (cycles) | Iteration|  Initiation Interval  | Trip |          |
        |       Loop Name      |   min   |   max   |  Latency |  achieved |   target  | Count| Pipelined|
        +----------------------+---------+---------+----------+-----------+-----------+------+----------+
        |- FINAL_ACCUMULATION  |       53|       53|        39|          1|          1|    16|       yes|
        +----------------------+---------+---------+----------+-----------+-----------+------+----------+



================================================================
== Utilization Estimates
================================================================
* Summary: 
+-----------------+---------+------+--------+--------+-----+
|       Name      | BRAM_18K|  DSP |   FF   |   LUT  | URAM|
+-----------------+---------+------+--------+--------+-----+
|DSP              |        -|     -|       -|       -|    -|
|Expression       |        -|     -|       0|      63|    -|
|FIFO             |        -|     -|       -|       -|    -|
|Instance         |        -|     -|       0|     650|    -|
|Memory           |        -|     -|       -|       -|    -|
|Multiplexer      |        -|     -|       0|     324|    -|
|Register         |        -|     -|     481|      64|    -|
+-----------------+---------+------+--------+--------+-----+
|Total            |        0|     0|     481|    1101|    0|
+-----------------+---------+------+--------+--------+-----+
|Available        |      624|  1728|  460800|  230400|   96|
+-----------------+---------+------+--------+--------+-----+
|Utilization (%)  |        0|     0|      ~0|      ~0|    0|
+-----------------+---------+------+--------+--------+-----+

+ Detail: 
    * Instance: 
    +----------------------------+-----------------------+---------+----+---+----+-----+
    |          Instance          |         Module        | BRAM_18K| DSP| FF| LUT| URAM|
    +----------------------------+-----------------------+---------+----+---+----+-----+
    |sparsemux_33_4_16_1_1_U799  |sparsemux_33_4_16_1_1  |        0|   0|  0|  65|    0|
    |sparsemux_33_4_16_1_1_U800  |sparsemux_33_4_16_1_1  |        0|   0|  0|  65|    0|
    |sparsemux_33_4_16_1_1_U801  |sparsemux_33_4_16_1_1  |        0|   0|  0|  65|    0|
    |sparsemux_33_4_16_1_1_U802  |sparsemux_33_4_16_1_1  |        0|   0|  0|  65|    0|
    |sparsemux_33_4_16_1_1_U803  |sparsemux_33_4_16_1_1  |        0|   0|  0|  65|    0|
    |sparsemux_33_4_16_1_1_U804  |sparsemux_33_4_16_1_1  |        0|   0|  0|  65|    0|
    |sparsemux_33_4_16_1_1_U805  |sparsemux_33_4_16_1_1  |        0|   0|  0|  65|    0|
    |sparsemux_33_4_16_1_1_U806  |sparsemux_33_4_16_1_1  |        0|   0|  0|  65|    0|
    |sparsemux_33_4_32_1_1_U807  |sparsemux_33_4_32_1_1  |        0|   0|  0|  65|    0|
    |sparsemux_33_4_32_1_1_U808  |sparsemux_33_4_32_1_1  |        0|   0|  0|  65|    0|
    +----------------------------+-----------------------+---------+----+---+----+-----+
    |Total                       |                       |        0|   0|  0| 650|    0|
    +----------------------------+-----------------------+---------+----+---+----+-----+

    * DSP: 
    N/A

    * Memory: 
    N/A

    * FIFO: 
    N/A

    * Expression: 
    +-----------------------+----------+----+---+----+------------+------------+
    |     Variable Name     | Operation| DSP| FF| LUT| Bitwidth P0| Bitwidth P1|
    +-----------------------+----------+----+---+----+------------+------------+
    |add_ln315_fu_2023_p2   |         +|   0|  0|  12|           5|           1|
    |add_ln323_fu_2517_p2   |         +|   0|  0|  18|          10|          10|
    |sub_ln323_fu_2511_p2   |         -|   0|  0|  18|          10|          10|
    |icmp_ln315_fu_2017_p2  |      icmp|   0|  0|  13|           5|           6|
    |ap_enable_pp0          |       xor|   0|  0|   2|           1|           2|
    +-----------------------+----------+----+---+----+------------+------------+
    |Total                  |          |   0|  0|  63|          31|          29|
    +-----------------------+----------+----+---+----+------------+------------+

    * Multiplexer: 
    +-------------------------+----+-----------+-----+-----------+
    |           Name          | LUT| Input Size| Bits| Total Bits|
    +-------------------------+----+-----------+-----+-----------+
    |ap_done_int              |   9|          2|    1|          2|
    |ap_enable_reg_pp0_iter1  |   9|          2|    1|          2|
    |ap_sig_allocacmp_pe_1    |   9|          2|    5|         10|
    |pe_fu_448                |   9|          2|    5|         10|
    |sum_acc_10_o             |   9|          2|   32|         64|
    |sum_acc_11_o             |   9|          2|   32|         64|
    |sum_acc_12_o             |   9|          2|   32|         64|
    |sum_acc_13_o             |   9|          2|   32|         64|
    |sum_acc_14_o             |   9|          2|   32|         64|
    |sum_acc_15_o             |   9|          2|   32|         64|
    |sum_acc_1_o              |   9|          2|   32|         64|
    |sum_acc_2_o              |   9|          2|   32|         64|
    |sum_acc_3_o              |   9|          2|   32|         64|
    |sum_acc_4_o              |   9|          2|   32|         64|
    |sum_acc_5_o              |   9|          2|   32|         64|
    |sum_acc_6_o              |   9|          2|   32|         64|
    |sum_acc_7_o              |   9|          2|   32|         64|
    |sum_acc_8_o              |   9|          2|   32|         64|
    |sum_acc_9_o              |   9|          2|   32|         64|
    |sum_acc_o                |   9|          2|   32|         64|
    |sumsq_acc_10_o           |   9|          2|   32|         64|
    |sumsq_acc_11_o           |   9|          2|   32|         64|
    |sumsq_acc_12_o           |   9|          2|   32|         64|
    |sumsq_acc_13_o           |   9|          2|   32|         64|
    |sumsq_acc_14_o           |   9|          2|   32|         64|
    |sumsq_acc_15_o           |   9|          2|   32|         64|
    |sumsq_acc_1_o            |   9|          2|   32|         64|
    |sumsq_acc_2_o            |   9|          2|   32|         64|
    |sumsq_acc_3_o            |   9|          2|   32|         64|
    |sumsq_acc_4_o            |   9|          2|   32|         64|
    |sumsq_acc_5_o            |   9|          2|   32|         64|
    |sumsq_acc_6_o            |   9|          2|   32|         64|
    |sumsq_acc_7_o            |   9|          2|   32|         64|
    |sumsq_acc_8_o            |   9|          2|   32|         64|
    |sumsq_acc_9_o            |   9|          2|   32|         64|
    |sumsq_acc_o              |   9|          2|   32|         64|
    +-------------------------+----+-----------+-----+-----------+
    |Total                    | 324|         72| 1036|       2072|
    +-------------------------+----+-----------+-----+-----------+

    * Register: 
    +-----------------------------------+----+----+-----+-----------+
    |                Name               | FF | LUT| Bits| Const Bits|
    +-----------------------------------+----+----+-----+-----------+
    |add14_reg_3407                     |  16|   0|   16|          0|
    |add15_reg_3422                     |  16|   0|   16|          0|
    |add16_reg_3412                     |  16|   0|   16|          0|
    |add17_reg_3417                     |  16|   0|   16|          0|
    |add18_reg_3427                     |  16|   0|   16|          0|
    |add_reg_3402                       |  16|   0|   16|          0|
    |ap_CS_fsm                          |   1|   0|    1|          0|
    |ap_done_reg                        |   1|   0|    1|          0|
    |ap_enable_reg_pp0_iter1            |   1|   0|    1|          0|
    |ap_enable_reg_pp0_iter10           |   1|   0|    1|          0|
    |ap_enable_reg_pp0_iter11           |   1|   0|    1|          0|
    |ap_enable_reg_pp0_iter12           |   1|   0|    1|          0|
    |ap_enable_reg_pp0_iter13           |   1|   0|    1|          0|
    |ap_enable_reg_pp0_iter14           |   1|   0|    1|          0|
    |ap_enable_reg_pp0_iter15           |   1|   0|    1|          0|
    |ap_enable_reg_pp0_iter16           |   1|   0|    1|          0|
    |ap_enable_reg_pp0_iter17           |   1|   0|    1|          0|
    |ap_enable_reg_pp0_iter18           |   1|   0|    1|          0|
    |ap_enable_reg_pp0_iter19           |   1|   0|    1|          0|
    |ap_enable_reg_pp0_iter2            |   1|   0|    1|          0|
    |ap_enable_reg_pp0_iter20           |   1|   0|    1|          0|
    |ap_enable_reg_pp0_iter21           |   1|   0|    1|          0|
    |ap_enable_reg_pp0_iter22           |   1|   0|    1|          0|
    |ap_enable_reg_pp0_iter23           |   1|   0|    1|          0|
    |ap_enable_reg_pp0_iter24           |   1|   0|    1|          0|
    |ap_enable_reg_pp0_iter25           |   1|   0|    1|          0|
    |ap_enable_reg_pp0_iter26           |   1|   0|    1|          0|
    |ap_enable_reg_pp0_iter27           |   1|   0|    1|          0|
    |ap_enable_reg_pp0_iter28           |   1|   0|    1|          0|
    |ap_enable_reg_pp0_iter29           |   1|   0|    1|          0|
    |ap_enable_reg_pp0_iter3            |   1|   0|    1|          0|
    |ap_enable_reg_pp0_iter30           |   1|   0|    1|          0|
    |ap_enable_reg_pp0_iter31           |   1|   0|    1|          0|
    |ap_enable_reg_pp0_iter32           |   1|   0|    1|          0|
    |ap_enable_reg_pp0_iter33           |   1|   0|    1|          0|
    |ap_enable_reg_pp0_iter34           |   1|   0|    1|          0|
    |ap_enable_reg_pp0_iter35           |   1|   0|    1|          0|
    |ap_enable_reg_pp0_iter36           |   1|   0|    1|          0|
    |ap_enable_reg_pp0_iter37           |   1|   0|    1|          0|
    |ap_enable_reg_pp0_iter38           |   1|   0|    1|          0|
    |ap_enable_reg_pp0_iter4            |   1|   0|    1|          0|
    |ap_enable_reg_pp0_iter5            |   1|   0|    1|          0|
    |ap_enable_reg_pp0_iter6            |   1|   0|    1|          0|
    |ap_enable_reg_pp0_iter7            |   1|   0|    1|          0|
    |ap_enable_reg_pp0_iter8            |   1|   0|    1|          0|
    |ap_enable_reg_pp0_iter9            |   1|   0|    1|          0|
    |ap_loop_exit_ready_pp0_iter10_reg  |   1|   0|    1|          0|
    |ap_loop_exit_ready_pp0_iter11_reg  |   1|   0|    1|          0|
    |ap_loop_exit_ready_pp0_iter12_reg  |   1|   0|    1|          0|
    |ap_loop_exit_ready_pp0_iter13_reg  |   1|   0|    1|          0|
    |ap_loop_exit_ready_pp0_iter14_reg  |   1|   0|    1|          0|
    |ap_loop_exit_ready_pp0_iter15_reg  |   1|   0|    1|          0|
    |ap_loop_exit_ready_pp0_iter16_reg  |   1|   0|    1|          0|
    |ap_loop_exit_ready_pp0_iter17_reg  |   1|   0|    1|          0|
    |ap_loop_exit_ready_pp0_iter18_reg  |   1|   0|    1|          0|
    |ap_loop_exit_ready_pp0_iter19_reg  |   1|   0|    1|          0|
    |ap_loop_exit_ready_pp0_iter1_reg   |   1|   0|    1|          0|
    |ap_loop_exit_ready_pp0_iter20_reg  |   1|   0|    1|          0|
    |ap_loop_exit_ready_pp0_iter21_reg  |   1|   0|    1|          0|
    |ap_loop_exit_ready_pp0_iter22_reg  |   1|   0|    1|          0|
    |ap_loop_exit_ready_pp0_iter23_reg  |   1|   0|    1|          0|
    |ap_loop_exit_ready_pp0_iter24_reg  |   1|   0|    1|          0|
    |ap_loop_exit_ready_pp0_iter25_reg  |   1|   0|    1|          0|
    |ap_loop_exit_ready_pp0_iter26_reg  |   1|   0|    1|          0|
    |ap_loop_exit_ready_pp0_iter27_reg  |   1|   0|    1|          0|
    |ap_loop_exit_ready_pp0_iter28_reg  |   1|   0|    1|          0|
    |ap_loop_exit_ready_pp0_iter29_reg  |   1|   0|    1|          0|
    |ap_loop_exit_ready_pp0_iter2_reg   |   1|   0|    1|          0|
    |ap_loop_exit_ready_pp0_iter30_reg  |   1|   0|    1|          0|
    |ap_loop_exit_ready_pp0_iter31_reg  |   1|   0|    1|          0|
    |ap_loop_exit_ready_pp0_iter32_reg  |   1|   0|    1|          0|
    |ap_loop_exit_ready_pp0_iter33_reg  |   1|   0|    1|          0|
    |ap_loop_exit_ready_pp0_iter34_reg  |   1|   0|    1|          0|
    |ap_loop_exit_ready_pp0_iter35_reg  |   1|   0|    1|          0|
    |ap_loop_exit_ready_pp0_iter36_reg  |   1|   0|    1|          0|
    |ap_loop_exit_ready_pp0_iter37_reg  |   1|   0|    1|          0|
    |ap_loop_exit_ready_pp0_iter3_reg   |   1|   0|    1|          0|
    |ap_loop_exit_ready_pp0_iter4_reg   |   1|   0|    1|          0|
    |ap_loop_exit_ready_pp0_iter5_reg   |   1|   0|    1|          0|
    |ap_loop_exit_ready_pp0_iter6_reg   |   1|   0|    1|          0|
    |ap_loop_exit_ready_pp0_iter7_reg   |   1|   0|    1|          0|
    |ap_loop_exit_ready_pp0_iter8_reg   |   1|   0|    1|          0|
    |ap_loop_exit_ready_pp0_iter9_reg   |   1|   0|    1|          0|
    |ff_reg_3458                        |  32|   0|   32|          0|
    |fout_reg_3437                      |  16|   0|   16|          0|
    |mul16_reg_3470                     |  32|   0|   32|          0|
    |pe_1_reg_3345                      |   5|   0|    5|          0|
    |pe_fu_448                          |   5|   0|    5|          0|
    |tmp_38_reg_3465                    |  32|   0|   32|          0|
    |tmp_39_reg_3475                    |  32|   0|   32|          0|
    |total_reg_3432                     |  16|   0|   16|          0|
    |trunc_ln323_reg_3355               |   4|   0|    4|          0|
    |zext_ln201_cast_reg_3340           |   6|   0|   10|          4|
    |pe_1_reg_3345                      |  64|  32|    5|          0|
    |trunc_ln323_reg_3355               |  64|  32|    4|          0|
    +-----------------------------------+----+----+-----+-----------+
    |Total                              | 481|  64|  366|          4|
    +-----------------------------------+----+----+-----+-----------+



================================================================
== Interface
================================================================
* Summary: 
+------------------------+-----+-----+------------+----------------------------------------------------------------------+--------------+
|        RTL Ports       | Dir | Bits|  Protocol  |                             Source Object                            |    C Type    |
+------------------------+-----+-----+------------+----------------------------------------------------------------------+--------------+
|ap_clk                  |   in|    1|  ap_ctrl_hs|  Fused_Conv_CNorm_Act<16, 960, 960, half>_Pipeline_FINAL_ACCUMULATION|  return value|
|ap_rst                  |   in|    1|  ap_ctrl_hs|  Fused_Conv_CNorm_Act<16, 960, 960, half>_Pipeline_FINAL_ACCUMULATION|  return value|
|ap_start                |   in|    1|  ap_ctrl_hs|  Fused_Conv_CNorm_Act<16, 960, 960, half>_Pipeline_FINAL_ACCUMULATION|  return value|
|ap_done                 |  out|    1|  ap_ctrl_hs|  Fused_Conv_CNorm_Act<16, 960, 960, half>_Pipeline_FINAL_ACCUMULATION|  return value|
|ap_idle                 |  out|    1|  ap_ctrl_hs|  Fused_Conv_CNorm_Act<16, 960, 960, half>_Pipeline_FINAL_ACCUMULATION|  return value|
|ap_ready                |  out|    1|  ap_ctrl_hs|  Fused_Conv_CNorm_Act<16, 960, 960, half>_Pipeline_FINAL_ACCUMULATION|  return value|
|grp_fu_4693_p_din0      |  out|   32|  ap_ctrl_hs|  Fused_Conv_CNorm_Act<16, 960, 960, half>_Pipeline_FINAL_ACCUMULATION|  return value|
|grp_fu_4693_p_din1      |  out|   32|  ap_ctrl_hs|  Fused_Conv_CNorm_Act<16, 960, 960, half>_Pipeline_FINAL_ACCUMULATION|  return value|
|grp_fu_4693_p_opcode    |  out|    1|  ap_ctrl_hs|  Fused_Conv_CNorm_Act<16, 960, 960, half>_Pipeline_FINAL_ACCUMULATION|  return value|
|grp_fu_4693_p_dout0     |   in|   32|  ap_ctrl_hs|  Fused_Conv_CNorm_Act<16, 960, 960, half>_Pipeline_FINAL_ACCUMULATION|  return value|
|grp_fu_4693_p_ce        |  out|    1|  ap_ctrl_hs|  Fused_Conv_CNorm_Act<16, 960, 960, half>_Pipeline_FINAL_ACCUMULATION|  return value|
|grp_fu_4697_p_din0      |  out|   32|  ap_ctrl_hs|  Fused_Conv_CNorm_Act<16, 960, 960, half>_Pipeline_FINAL_ACCUMULATION|  return value|
|grp_fu_4697_p_din1      |  out|   32|  ap_ctrl_hs|  Fused_Conv_CNorm_Act<16, 960, 960, half>_Pipeline_FINAL_ACCUMULATION|  return value|
|grp_fu_4697_p_opcode    |  out|    2|  ap_ctrl_hs|  Fused_Conv_CNorm_Act<16, 960, 960, half>_Pipeline_FINAL_ACCUMULATION|  return value|
|grp_fu_4697_p_dout0     |   in|   32|  ap_ctrl_hs|  Fused_Conv_CNorm_Act<16, 960, 960, half>_Pipeline_FINAL_ACCUMULATION|  return value|
|grp_fu_4697_p_ce        |  out|    1|  ap_ctrl_hs|  Fused_Conv_CNorm_Act<16, 960, 960, half>_Pipeline_FINAL_ACCUMULATION|  return value|
|grp_fu_4701_p_din0      |  out|   32|  ap_ctrl_hs|  Fused_Conv_CNorm_Act<16, 960, 960, half>_Pipeline_FINAL_ACCUMULATION|  return value|
|grp_fu_4701_p_din1      |  out|   32|  ap_ctrl_hs|  Fused_Conv_CNorm_Act<16, 960, 960, half>_Pipeline_FINAL_ACCUMULATION|  return value|
|grp_fu_4701_p_dout0     |   in|   32|  ap_ctrl_hs|  Fused_Conv_CNorm_Act<16, 960, 960, half>_Pipeline_FINAL_ACCUMULATION|  return value|
|grp_fu_4701_p_ce        |  out|    1|  ap_ctrl_hs|  Fused_Conv_CNorm_Act<16, 960, 960, half>_Pipeline_FINAL_ACCUMULATION|  return value|
|grp_fu_1561_p_din0      |  out|   16|  ap_ctrl_hs|  Fused_Conv_CNorm_Act<16, 960, 960, half>_Pipeline_FINAL_ACCUMULATION|  return value|
|grp_fu_1561_p_dout0     |   in|   32|  ap_ctrl_hs|  Fused_Conv_CNorm_Act<16, 960, 960, half>_Pipeline_FINAL_ACCUMULATION|  return value|
|grp_fu_1561_p_ce        |  out|    1|  ap_ctrl_hs|  Fused_Conv_CNorm_Act<16, 960, 960, half>_Pipeline_FINAL_ACCUMULATION|  return value|
|grp_fu_4373_p_din0      |  out|   16|  ap_ctrl_hs|  Fused_Conv_CNorm_Act<16, 960, 960, half>_Pipeline_FINAL_ACCUMULATION|  return value|
|grp_fu_4373_p_din1      |  out|   16|  ap_ctrl_hs|  Fused_Conv_CNorm_Act<16, 960, 960, half>_Pipeline_FINAL_ACCUMULATION|  return value|
|grp_fu_4373_p_dout0     |   in|   16|  ap_ctrl_hs|  Fused_Conv_CNorm_Act<16, 960, 960, half>_Pipeline_FINAL_ACCUMULATION|  return value|
|grp_fu_4373_p_ce        |  out|    1|  ap_ctrl_hs|  Fused_Conv_CNorm_Act<16, 960, 960, half>_Pipeline_FINAL_ACCUMULATION|  return value|
|grp_fu_4377_p_din0      |  out|   16|  ap_ctrl_hs|  Fused_Conv_CNorm_Act<16, 960, 960, half>_Pipeline_FINAL_ACCUMULATION|  return value|
|grp_fu_4377_p_din1      |  out|   16|  ap_ctrl_hs|  Fused_Conv_CNorm_Act<16, 960, 960, half>_Pipeline_FINAL_ACCUMULATION|  return value|
|grp_fu_4377_p_dout0     |   in|   16|  ap_ctrl_hs|  Fused_Conv_CNorm_Act<16, 960, 960, half>_Pipeline_FINAL_ACCUMULATION|  return value|
|grp_fu_4377_p_ce        |  out|    1|  ap_ctrl_hs|  Fused_Conv_CNorm_Act<16, 960, 960, half>_Pipeline_FINAL_ACCUMULATION|  return value|
|grp_fu_4381_p_din0      |  out|   16|  ap_ctrl_hs|  Fused_Conv_CNorm_Act<16, 960, 960, half>_Pipeline_FINAL_ACCUMULATION|  return value|
|grp_fu_4381_p_din1      |  out|   16|  ap_ctrl_hs|  Fused_Conv_CNorm_Act<16, 960, 960, half>_Pipeline_FINAL_ACCUMULATION|  return value|
|grp_fu_4381_p_dout0     |   in|   16|  ap_ctrl_hs|  Fused_Conv_CNorm_Act<16, 960, 960, half>_Pipeline_FINAL_ACCUMULATION|  return value|
|grp_fu_4381_p_ce        |  out|    1|  ap_ctrl_hs|  Fused_Conv_CNorm_Act<16, 960, 960, half>_Pipeline_FINAL_ACCUMULATION|  return value|
|grp_fu_4385_p_din0      |  out|   16|  ap_ctrl_hs|  Fused_Conv_CNorm_Act<16, 960, 960, half>_Pipeline_FINAL_ACCUMULATION|  return value|
|grp_fu_4385_p_din1      |  out|   16|  ap_ctrl_hs|  Fused_Conv_CNorm_Act<16, 960, 960, half>_Pipeline_FINAL_ACCUMULATION|  return value|
|grp_fu_4385_p_dout0     |   in|   16|  ap_ctrl_hs|  Fused_Conv_CNorm_Act<16, 960, 960, half>_Pipeline_FINAL_ACCUMULATION|  return value|
|grp_fu_4385_p_ce        |  out|    1|  ap_ctrl_hs|  Fused_Conv_CNorm_Act<16, 960, 960, half>_Pipeline_FINAL_ACCUMULATION|  return value|
|grp_fu_4389_p_din0      |  out|   16|  ap_ctrl_hs|  Fused_Conv_CNorm_Act<16, 960, 960, half>_Pipeline_FINAL_ACCUMULATION|  return value|
|grp_fu_4389_p_din1      |  out|   16|  ap_ctrl_hs|  Fused_Conv_CNorm_Act<16, 960, 960, half>_Pipeline_FINAL_ACCUMULATION|  return value|
|grp_fu_4389_p_dout0     |   in|   16|  ap_ctrl_hs|  Fused_Conv_CNorm_Act<16, 960, 960, half>_Pipeline_FINAL_ACCUMULATION|  return value|
|grp_fu_4389_p_ce        |  out|    1|  ap_ctrl_hs|  Fused_Conv_CNorm_Act<16, 960, 960, half>_Pipeline_FINAL_ACCUMULATION|  return value|
|grp_fu_4393_p_din0      |  out|   16|  ap_ctrl_hs|  Fused_Conv_CNorm_Act<16, 960, 960, half>_Pipeline_FINAL_ACCUMULATION|  return value|
|grp_fu_4393_p_din1      |  out|   16|  ap_ctrl_hs|  Fused_Conv_CNorm_Act<16, 960, 960, half>_Pipeline_FINAL_ACCUMULATION|  return value|
|grp_fu_4393_p_dout0     |   in|   16|  ap_ctrl_hs|  Fused_Conv_CNorm_Act<16, 960, 960, half>_Pipeline_FINAL_ACCUMULATION|  return value|
|grp_fu_4393_p_ce        |  out|    1|  ap_ctrl_hs|  Fused_Conv_CNorm_Act<16, 960, 960, half>_Pipeline_FINAL_ACCUMULATION|  return value|
|grp_fu_4397_p_din0      |  out|   16|  ap_ctrl_hs|  Fused_Conv_CNorm_Act<16, 960, 960, half>_Pipeline_FINAL_ACCUMULATION|  return value|
|grp_fu_4397_p_din1      |  out|   16|  ap_ctrl_hs|  Fused_Conv_CNorm_Act<16, 960, 960, half>_Pipeline_FINAL_ACCUMULATION|  return value|
|grp_fu_4397_p_dout0     |   in|   16|  ap_ctrl_hs|  Fused_Conv_CNorm_Act<16, 960, 960, half>_Pipeline_FINAL_ACCUMULATION|  return value|
|grp_fu_4397_p_ce        |  out|    1|  ap_ctrl_hs|  Fused_Conv_CNorm_Act<16, 960, 960, half>_Pipeline_FINAL_ACCUMULATION|  return value|
|grp_fu_4401_p_din0      |  out|   16|  ap_ctrl_hs|  Fused_Conv_CNorm_Act<16, 960, 960, half>_Pipeline_FINAL_ACCUMULATION|  return value|
|grp_fu_4401_p_din1      |  out|   16|  ap_ctrl_hs|  Fused_Conv_CNorm_Act<16, 960, 960, half>_Pipeline_FINAL_ACCUMULATION|  return value|
|grp_fu_4401_p_dout0     |   in|   16|  ap_ctrl_hs|  Fused_Conv_CNorm_Act<16, 960, 960, half>_Pipeline_FINAL_ACCUMULATION|  return value|
|grp_fu_4401_p_ce        |  out|    1|  ap_ctrl_hs|  Fused_Conv_CNorm_Act<16, 960, 960, half>_Pipeline_FINAL_ACCUMULATION|  return value|
|sum_acc_i               |   in|   32|     ap_ovld|                                                               sum_acc|       pointer|
|sum_acc_o               |  out|   32|     ap_ovld|                                                               sum_acc|       pointer|
|sum_acc_o_ap_vld        |  out|    1|     ap_ovld|                                                               sum_acc|       pointer|
|sumsq_acc_i             |   in|   32|     ap_ovld|                                                             sumsq_acc|       pointer|
|sumsq_acc_o             |  out|   32|     ap_ovld|                                                             sumsq_acc|       pointer|
|sumsq_acc_o_ap_vld      |  out|    1|     ap_ovld|                                                             sumsq_acc|       pointer|
|sum_acc_1_i             |   in|   32|     ap_ovld|                                                             sum_acc_1|       pointer|
|sum_acc_1_o             |  out|   32|     ap_ovld|                                                             sum_acc_1|       pointer|
|sum_acc_1_o_ap_vld      |  out|    1|     ap_ovld|                                                             sum_acc_1|       pointer|
|sum_acc_2_i             |   in|   32|     ap_ovld|                                                             sum_acc_2|       pointer|
|sum_acc_2_o             |  out|   32|     ap_ovld|                                                             sum_acc_2|       pointer|
|sum_acc_2_o_ap_vld      |  out|    1|     ap_ovld|                                                             sum_acc_2|       pointer|
|sum_acc_3_i             |   in|   32|     ap_ovld|                                                             sum_acc_3|       pointer|
|sum_acc_3_o             |  out|   32|     ap_ovld|                                                             sum_acc_3|       pointer|
|sum_acc_3_o_ap_vld      |  out|    1|     ap_ovld|                                                             sum_acc_3|       pointer|
|sum_acc_4_i             |   in|   32|     ap_ovld|                                                             sum_acc_4|       pointer|
|sum_acc_4_o             |  out|   32|     ap_ovld|                                                             sum_acc_4|       pointer|
|sum_acc_4_o_ap_vld      |  out|    1|     ap_ovld|                                                             sum_acc_4|       pointer|
|sum_acc_5_i             |   in|   32|     ap_ovld|                                                             sum_acc_5|       pointer|
|sum_acc_5_o             |  out|   32|     ap_ovld|                                                             sum_acc_5|       pointer|
|sum_acc_5_o_ap_vld      |  out|    1|     ap_ovld|                                                             sum_acc_5|       pointer|
|sum_acc_6_i             |   in|   32|     ap_ovld|                                                             sum_acc_6|       pointer|
|sum_acc_6_o             |  out|   32|     ap_ovld|                                                             sum_acc_6|       pointer|
|sum_acc_6_o_ap_vld      |  out|    1|     ap_ovld|                                                             sum_acc_6|       pointer|
|sum_acc_7_i             |   in|   32|     ap_ovld|                                                             sum_acc_7|       pointer|
|sum_acc_7_o             |  out|   32|     ap_ovld|                                                             sum_acc_7|       pointer|
|sum_acc_7_o_ap_vld      |  out|    1|     ap_ovld|                                                             sum_acc_7|       pointer|
|sum_acc_8_i             |   in|   32|     ap_ovld|                                                             sum_acc_8|       pointer|
|sum_acc_8_o             |  out|   32|     ap_ovld|                                                             sum_acc_8|       pointer|
|sum_acc_8_o_ap_vld      |  out|    1|     ap_ovld|                                                             sum_acc_8|       pointer|
|sum_acc_9_i             |   in|   32|     ap_ovld|                                                             sum_acc_9|       pointer|
|sum_acc_9_o             |  out|   32|     ap_ovld|                                                             sum_acc_9|       pointer|
|sum_acc_9_o_ap_vld      |  out|    1|     ap_ovld|                                                             sum_acc_9|       pointer|
|sum_acc_10_i            |   in|   32|     ap_ovld|                                                            sum_acc_10|       pointer|
|sum_acc_10_o            |  out|   32|     ap_ovld|                                                            sum_acc_10|       pointer|
|sum_acc_10_o_ap_vld     |  out|    1|     ap_ovld|                                                            sum_acc_10|       pointer|
|sum_acc_11_i            |   in|   32|     ap_ovld|                                                            sum_acc_11|       pointer|
|sum_acc_11_o            |  out|   32|     ap_ovld|                                                            sum_acc_11|       pointer|
|sum_acc_11_o_ap_vld     |  out|    1|     ap_ovld|                                                            sum_acc_11|       pointer|
|sum_acc_12_i            |   in|   32|     ap_ovld|                                                            sum_acc_12|       pointer|
|sum_acc_12_o            |  out|   32|     ap_ovld|                                                            sum_acc_12|       pointer|
|sum_acc_12_o_ap_vld     |  out|    1|     ap_ovld|                                                            sum_acc_12|       pointer|
|sum_acc_13_i            |   in|   32|     ap_ovld|                                                            sum_acc_13|       pointer|
|sum_acc_13_o            |  out|   32|     ap_ovld|                                                            sum_acc_13|       pointer|
|sum_acc_13_o_ap_vld     |  out|    1|     ap_ovld|                                                            sum_acc_13|       pointer|
|sum_acc_14_i            |   in|   32|     ap_ovld|                                                            sum_acc_14|       pointer|
|sum_acc_14_o            |  out|   32|     ap_ovld|                                                            sum_acc_14|       pointer|
|sum_acc_14_o_ap_vld     |  out|    1|     ap_ovld|                                                            sum_acc_14|       pointer|
|sum_acc_15_i            |   in|   32|     ap_ovld|                                                            sum_acc_15|       pointer|
|sum_acc_15_o            |  out|   32|     ap_ovld|                                                            sum_acc_15|       pointer|
|sum_acc_15_o_ap_vld     |  out|    1|     ap_ovld|                                                            sum_acc_15|       pointer|
|sumsq_acc_1_i           |   in|   32|     ap_ovld|                                                           sumsq_acc_1|       pointer|
|sumsq_acc_1_o           |  out|   32|     ap_ovld|                                                           sumsq_acc_1|       pointer|
|sumsq_acc_1_o_ap_vld    |  out|    1|     ap_ovld|                                                           sumsq_acc_1|       pointer|
|sumsq_acc_2_i           |   in|   32|     ap_ovld|                                                           sumsq_acc_2|       pointer|
|sumsq_acc_2_o           |  out|   32|     ap_ovld|                                                           sumsq_acc_2|       pointer|
|sumsq_acc_2_o_ap_vld    |  out|    1|     ap_ovld|                                                           sumsq_acc_2|       pointer|
|sumsq_acc_3_i           |   in|   32|     ap_ovld|                                                           sumsq_acc_3|       pointer|
|sumsq_acc_3_o           |  out|   32|     ap_ovld|                                                           sumsq_acc_3|       pointer|
|sumsq_acc_3_o_ap_vld    |  out|    1|     ap_ovld|                                                           sumsq_acc_3|       pointer|
|sumsq_acc_4_i           |   in|   32|     ap_ovld|                                                           sumsq_acc_4|       pointer|
|sumsq_acc_4_o           |  out|   32|     ap_ovld|                                                           sumsq_acc_4|       pointer|
|sumsq_acc_4_o_ap_vld    |  out|    1|     ap_ovld|                                                           sumsq_acc_4|       pointer|
|sumsq_acc_5_i           |   in|   32|     ap_ovld|                                                           sumsq_acc_5|       pointer|
|sumsq_acc_5_o           |  out|   32|     ap_ovld|                                                           sumsq_acc_5|       pointer|
|sumsq_acc_5_o_ap_vld    |  out|    1|     ap_ovld|                                                           sumsq_acc_5|       pointer|
|sumsq_acc_6_i           |   in|   32|     ap_ovld|                                                           sumsq_acc_6|       pointer|
|sumsq_acc_6_o           |  out|   32|     ap_ovld|                                                           sumsq_acc_6|       pointer|
|sumsq_acc_6_o_ap_vld    |  out|    1|     ap_ovld|                                                           sumsq_acc_6|       pointer|
|sumsq_acc_7_i           |   in|   32|     ap_ovld|                                                           sumsq_acc_7|       pointer|
|sumsq_acc_7_o           |  out|   32|     ap_ovld|                                                           sumsq_acc_7|       pointer|
|sumsq_acc_7_o_ap_vld    |  out|    1|     ap_ovld|                                                           sumsq_acc_7|       pointer|
|sumsq_acc_8_i           |   in|   32|     ap_ovld|                                                           sumsq_acc_8|       pointer|
|sumsq_acc_8_o           |  out|   32|     ap_ovld|                                                           sumsq_acc_8|       pointer|
|sumsq_acc_8_o_ap_vld    |  out|    1|     ap_ovld|                                                           sumsq_acc_8|       pointer|
|sumsq_acc_9_i           |   in|   32|     ap_ovld|                                                           sumsq_acc_9|       pointer|
|sumsq_acc_9_o           |  out|   32|     ap_ovld|                                                           sumsq_acc_9|       pointer|
|sumsq_acc_9_o_ap_vld    |  out|    1|     ap_ovld|                                                           sumsq_acc_9|       pointer|
|sumsq_acc_10_i          |   in|   32|     ap_ovld|                                                          sumsq_acc_10|       pointer|
|sumsq_acc_10_o          |  out|   32|     ap_ovld|                                                          sumsq_acc_10|       pointer|
|sumsq_acc_10_o_ap_vld   |  out|    1|     ap_ovld|                                                          sumsq_acc_10|       pointer|
|sumsq_acc_11_i          |   in|   32|     ap_ovld|                                                          sumsq_acc_11|       pointer|
|sumsq_acc_11_o          |  out|   32|     ap_ovld|                                                          sumsq_acc_11|       pointer|
|sumsq_acc_11_o_ap_vld   |  out|    1|     ap_ovld|                                                          sumsq_acc_11|       pointer|
|sumsq_acc_12_i          |   in|   32|     ap_ovld|                                                          sumsq_acc_12|       pointer|
|sumsq_acc_12_o          |  out|   32|     ap_ovld|                                                          sumsq_acc_12|       pointer|
|sumsq_acc_12_o_ap_vld   |  out|    1|     ap_ovld|                                                          sumsq_acc_12|       pointer|
|sumsq_acc_13_i          |   in|   32|     ap_ovld|                                                          sumsq_acc_13|       pointer|
|sumsq_acc_13_o          |  out|   32|     ap_ovld|                                                          sumsq_acc_13|       pointer|
|sumsq_acc_13_o_ap_vld   |  out|    1|     ap_ovld|                                                          sumsq_acc_13|       pointer|
|sumsq_acc_14_i          |   in|   32|     ap_ovld|                                                          sumsq_acc_14|       pointer|
|sumsq_acc_14_o          |  out|   32|     ap_ovld|                                                          sumsq_acc_14|       pointer|
|sumsq_acc_14_o_ap_vld   |  out|    1|     ap_ovld|                                                          sumsq_acc_14|       pointer|
|sumsq_acc_15_i          |   in|   32|     ap_ovld|                                                          sumsq_acc_15|       pointer|
|sumsq_acc_15_o          |  out|   32|     ap_ovld|                                                          sumsq_acc_15|       pointer|
|sumsq_acc_15_o_ap_vld   |  out|    1|     ap_ovld|                                                          sumsq_acc_15|       pointer|
|zext_ln201              |   in|    6|     ap_none|                                                            zext_ln201|        scalar|
|y_cache_16_0_address1   |  out|   10|   ap_memory|                                                          y_cache_16_0|         array|
|y_cache_16_0_ce1        |  out|    1|   ap_memory|                                                          y_cache_16_0|         array|
|y_cache_16_0_we1        |  out|    1|   ap_memory|                                                          y_cache_16_0|         array|
|y_cache_16_0_d1         |  out|   16|   ap_memory|                                                          y_cache_16_0|         array|
|y_cache_16_1_address1   |  out|   10|   ap_memory|                                                          y_cache_16_1|         array|
|y_cache_16_1_ce1        |  out|    1|   ap_memory|                                                          y_cache_16_1|         array|
|y_cache_16_1_we1        |  out|    1|   ap_memory|                                                          y_cache_16_1|         array|
|y_cache_16_1_d1         |  out|   16|   ap_memory|                                                          y_cache_16_1|         array|
|y_cache_16_2_address1   |  out|   10|   ap_memory|                                                          y_cache_16_2|         array|
|y_cache_16_2_ce1        |  out|    1|   ap_memory|                                                          y_cache_16_2|         array|
|y_cache_16_2_we1        |  out|    1|   ap_memory|                                                          y_cache_16_2|         array|
|y_cache_16_2_d1         |  out|   16|   ap_memory|                                                          y_cache_16_2|         array|
|y_cache_16_3_address1   |  out|   10|   ap_memory|                                                          y_cache_16_3|         array|
|y_cache_16_3_ce1        |  out|    1|   ap_memory|                                                          y_cache_16_3|         array|
|y_cache_16_3_we1        |  out|    1|   ap_memory|                                                          y_cache_16_3|         array|
|y_cache_16_3_d1         |  out|   16|   ap_memory|                                                          y_cache_16_3|         array|
|y_cache_16_4_address1   |  out|   10|   ap_memory|                                                          y_cache_16_4|         array|
|y_cache_16_4_ce1        |  out|    1|   ap_memory|                                                          y_cache_16_4|         array|
|y_cache_16_4_we1        |  out|    1|   ap_memory|                                                          y_cache_16_4|         array|
|y_cache_16_4_d1         |  out|   16|   ap_memory|                                                          y_cache_16_4|         array|
|y_cache_16_5_address1   |  out|   10|   ap_memory|                                                          y_cache_16_5|         array|
|y_cache_16_5_ce1        |  out|    1|   ap_memory|                                                          y_cache_16_5|         array|
|y_cache_16_5_we1        |  out|    1|   ap_memory|                                                          y_cache_16_5|         array|
|y_cache_16_5_d1         |  out|   16|   ap_memory|                                                          y_cache_16_5|         array|
|y_cache_16_6_address1   |  out|   10|   ap_memory|                                                          y_cache_16_6|         array|
|y_cache_16_6_ce1        |  out|    1|   ap_memory|                                                          y_cache_16_6|         array|
|y_cache_16_6_we1        |  out|    1|   ap_memory|                                                          y_cache_16_6|         array|
|y_cache_16_6_d1         |  out|   16|   ap_memory|                                                          y_cache_16_6|         array|
|y_cache_16_7_address1   |  out|   10|   ap_memory|                                                          y_cache_16_7|         array|
|y_cache_16_7_ce1        |  out|    1|   ap_memory|                                                          y_cache_16_7|         array|
|y_cache_16_7_we1        |  out|    1|   ap_memory|                                                          y_cache_16_7|         array|
|y_cache_16_7_d1         |  out|   16|   ap_memory|                                                          y_cache_16_7|         array|
|y_cache_16_8_address1   |  out|   10|   ap_memory|                                                          y_cache_16_8|         array|
|y_cache_16_8_ce1        |  out|    1|   ap_memory|                                                          y_cache_16_8|         array|
|y_cache_16_8_we1        |  out|    1|   ap_memory|                                                          y_cache_16_8|         array|
|y_cache_16_8_d1         |  out|   16|   ap_memory|                                                          y_cache_16_8|         array|
|y_cache_16_9_address1   |  out|   10|   ap_memory|                                                          y_cache_16_9|         array|
|y_cache_16_9_ce1        |  out|    1|   ap_memory|                                                          y_cache_16_9|         array|
|y_cache_16_9_we1        |  out|    1|   ap_memory|                                                          y_cache_16_9|         array|
|y_cache_16_9_d1         |  out|   16|   ap_memory|                                                          y_cache_16_9|         array|
|y_cache_16_10_address1  |  out|   10|   ap_memory|                                                         y_cache_16_10|         array|
|y_cache_16_10_ce1       |  out|    1|   ap_memory|                                                         y_cache_16_10|         array|
|y_cache_16_10_we1       |  out|    1|   ap_memory|                                                         y_cache_16_10|         array|
|y_cache_16_10_d1        |  out|   16|   ap_memory|                                                         y_cache_16_10|         array|
|y_cache_16_11_address1  |  out|   10|   ap_memory|                                                         y_cache_16_11|         array|
|y_cache_16_11_ce1       |  out|    1|   ap_memory|                                                         y_cache_16_11|         array|
|y_cache_16_11_we1       |  out|    1|   ap_memory|                                                         y_cache_16_11|         array|
|y_cache_16_11_d1        |  out|   16|   ap_memory|                                                         y_cache_16_11|         array|
|y_cache_16_12_address1  |  out|   10|   ap_memory|                                                         y_cache_16_12|         array|
|y_cache_16_12_ce1       |  out|    1|   ap_memory|                                                         y_cache_16_12|         array|
|y_cache_16_12_we1       |  out|    1|   ap_memory|                                                         y_cache_16_12|         array|
|y_cache_16_12_d1        |  out|   16|   ap_memory|                                                         y_cache_16_12|         array|
|y_cache_16_13_address1  |  out|   10|   ap_memory|                                                         y_cache_16_13|         array|
|y_cache_16_13_ce1       |  out|    1|   ap_memory|                                                         y_cache_16_13|         array|
|y_cache_16_13_we1       |  out|    1|   ap_memory|                                                         y_cache_16_13|         array|
|y_cache_16_13_d1        |  out|   16|   ap_memory|                                                         y_cache_16_13|         array|
|y_cache_16_14_address1  |  out|   10|   ap_memory|                                                         y_cache_16_14|         array|
|y_cache_16_14_ce1       |  out|    1|   ap_memory|                                                         y_cache_16_14|         array|
|y_cache_16_14_we1       |  out|    1|   ap_memory|                                                         y_cache_16_14|         array|
|y_cache_16_14_d1        |  out|   16|   ap_memory|                                                         y_cache_16_14|         array|
|y_cache_16_15_address1  |  out|   10|   ap_memory|                                                         y_cache_16_15|         array|
|y_cache_16_15_ce1       |  out|    1|   ap_memory|                                                         y_cache_16_15|         array|
|y_cache_16_15_we1       |  out|    1|   ap_memory|                                                         y_cache_16_15|         array|
|y_cache_16_15_d1        |  out|   16|   ap_memory|                                                         y_cache_16_15|         array|
|psum_load_reload        |   in|   16|     ap_none|                                                      psum_load_reload|        scalar|
|psum_8_load_reload      |   in|   16|     ap_none|                                                    psum_8_load_reload|        scalar|
|psum_16_load_reload     |   in|   16|     ap_none|                                                   psum_16_load_reload|        scalar|
|psum_24_load_reload     |   in|   16|     ap_none|                                                   psum_24_load_reload|        scalar|
|psum_32_load_reload     |   in|   16|     ap_none|                                                   psum_32_load_reload|        scalar|
|psum_40_load_reload     |   in|   16|     ap_none|                                                   psum_40_load_reload|        scalar|
|psum_48_load_reload     |   in|   16|     ap_none|                                                   psum_48_load_reload|        scalar|
|psum_56_load_reload     |   in|   16|     ap_none|                                                   psum_56_load_reload|        scalar|
|psum_64_load_reload     |   in|   16|     ap_none|                                                   psum_64_load_reload|        scalar|
|psum_72_load_reload     |   in|   16|     ap_none|                                                   psum_72_load_reload|        scalar|
|psum_80_load_reload     |   in|   16|     ap_none|                                                   psum_80_load_reload|        scalar|
|psum_88_load_reload     |   in|   16|     ap_none|                                                   psum_88_load_reload|        scalar|
|psum_96_load_reload     |   in|   16|     ap_none|                                                   psum_96_load_reload|        scalar|
|psum_104_load_reload    |   in|   16|     ap_none|                                                  psum_104_load_reload|        scalar|
|psum_112_load_reload    |   in|   16|     ap_none|                                                  psum_112_load_reload|        scalar|
|psum_120_load_reload    |   in|   16|     ap_none|                                                  psum_120_load_reload|        scalar|
|psum_1_load_reload      |   in|   16|     ap_none|                                                    psum_1_load_reload|        scalar|
|psum_9_load_reload      |   in|   16|     ap_none|                                                    psum_9_load_reload|        scalar|
|psum_17_load_reload     |   in|   16|     ap_none|                                                   psum_17_load_reload|        scalar|
|psum_25_load_reload     |   in|   16|     ap_none|                                                   psum_25_load_reload|        scalar|
|psum_33_load_reload     |   in|   16|     ap_none|                                                   psum_33_load_reload|        scalar|
|psum_41_load_reload     |   in|   16|     ap_none|                                                   psum_41_load_reload|        scalar|
|psum_49_load_reload     |   in|   16|     ap_none|                                                   psum_49_load_reload|        scalar|
|psum_57_load_reload     |   in|   16|     ap_none|                                                   psum_57_load_reload|        scalar|
|psum_65_load_reload     |   in|   16|     ap_none|                                                   psum_65_load_reload|        scalar|
|psum_73_load_reload     |   in|   16|     ap_none|                                                   psum_73_load_reload|        scalar|
|psum_81_load_reload     |   in|   16|     ap_none|                                                   psum_81_load_reload|        scalar|
|psum_89_load_reload     |   in|   16|     ap_none|                                                   psum_89_load_reload|        scalar|
|psum_97_load_reload     |   in|   16|     ap_none|                                                   psum_97_load_reload|        scalar|
|psum_105_load_reload    |   in|   16|     ap_none|                                                  psum_105_load_reload|        scalar|
|psum_113_load_reload    |   in|   16|     ap_none|                                                  psum_113_load_reload|        scalar|
|psum_121_load_reload    |   in|   16|     ap_none|                                                  psum_121_load_reload|        scalar|
|psum_2_load_reload      |   in|   16|     ap_none|                                                    psum_2_load_reload|        scalar|
|psum_10_load_reload     |   in|   16|     ap_none|                                                   psum_10_load_reload|        scalar|
|psum_18_load_reload     |   in|   16|     ap_none|                                                   psum_18_load_reload|        scalar|
|psum_26_load_reload     |   in|   16|     ap_none|                                                   psum_26_load_reload|        scalar|
|psum_34_load_reload     |   in|   16|     ap_none|                                                   psum_34_load_reload|        scalar|
|psum_42_load_reload     |   in|   16|     ap_none|                                                   psum_42_load_reload|        scalar|
|psum_50_load_reload     |   in|   16|     ap_none|                                                   psum_50_load_reload|        scalar|
|psum_58_load_reload     |   in|   16|     ap_none|                                                   psum_58_load_reload|        scalar|
|psum_66_load_reload     |   in|   16|     ap_none|                                                   psum_66_load_reload|        scalar|
|psum_74_load_reload     |   in|   16|     ap_none|                                                   psum_74_load_reload|        scalar|
|psum_82_load_reload     |   in|   16|     ap_none|                                                   psum_82_load_reload|        scalar|
|psum_90_load_reload     |   in|   16|     ap_none|                                                   psum_90_load_reload|        scalar|
|psum_98_load_reload     |   in|   16|     ap_none|                                                   psum_98_load_reload|        scalar|
|psum_106_load_reload    |   in|   16|     ap_none|                                                  psum_106_load_reload|        scalar|
|psum_114_load_reload    |   in|   16|     ap_none|                                                  psum_114_load_reload|        scalar|
|psum_122_load_reload    |   in|   16|     ap_none|                                                  psum_122_load_reload|        scalar|
|psum_3_load_reload      |   in|   16|     ap_none|                                                    psum_3_load_reload|        scalar|
|psum_11_load_reload     |   in|   16|     ap_none|                                                   psum_11_load_reload|        scalar|
|psum_19_load_reload     |   in|   16|     ap_none|                                                   psum_19_load_reload|        scalar|
|psum_27_load_reload     |   in|   16|     ap_none|                                                   psum_27_load_reload|        scalar|
|psum_35_load_reload     |   in|   16|     ap_none|                                                   psum_35_load_reload|        scalar|
|psum_43_load_reload     |   in|   16|     ap_none|                                                   psum_43_load_reload|        scalar|
|psum_51_load_reload     |   in|   16|     ap_none|                                                   psum_51_load_reload|        scalar|
|psum_59_load_reload     |   in|   16|     ap_none|                                                   psum_59_load_reload|        scalar|
|psum_67_load_reload     |   in|   16|     ap_none|                                                   psum_67_load_reload|        scalar|
|psum_75_load_reload     |   in|   16|     ap_none|                                                   psum_75_load_reload|        scalar|
|psum_83_load_reload     |   in|   16|     ap_none|                                                   psum_83_load_reload|        scalar|
|psum_91_load_reload     |   in|   16|     ap_none|                                                   psum_91_load_reload|        scalar|
|psum_99_load_reload     |   in|   16|     ap_none|                                                   psum_99_load_reload|        scalar|
|psum_107_load_reload    |   in|   16|     ap_none|                                                  psum_107_load_reload|        scalar|
|psum_115_load_reload    |   in|   16|     ap_none|                                                  psum_115_load_reload|        scalar|
|psum_123_load_reload    |   in|   16|     ap_none|                                                  psum_123_load_reload|        scalar|
|psum_4_load_reload      |   in|   16|     ap_none|                                                    psum_4_load_reload|        scalar|
|psum_12_load_reload     |   in|   16|     ap_none|                                                   psum_12_load_reload|        scalar|
|psum_20_load_reload     |   in|   16|     ap_none|                                                   psum_20_load_reload|        scalar|
|psum_28_load_reload     |   in|   16|     ap_none|                                                   psum_28_load_reload|        scalar|
|psum_36_load_reload     |   in|   16|     ap_none|                                                   psum_36_load_reload|        scalar|
|psum_44_load_reload     |   in|   16|     ap_none|                                                   psum_44_load_reload|        scalar|
|psum_52_load_reload     |   in|   16|     ap_none|                                                   psum_52_load_reload|        scalar|
|psum_60_load_reload     |   in|   16|     ap_none|                                                   psum_60_load_reload|        scalar|
|psum_68_load_reload     |   in|   16|     ap_none|                                                   psum_68_load_reload|        scalar|
|psum_76_load_reload     |   in|   16|     ap_none|                                                   psum_76_load_reload|        scalar|
|psum_84_load_reload     |   in|   16|     ap_none|                                                   psum_84_load_reload|        scalar|
|psum_92_load_reload     |   in|   16|     ap_none|                                                   psum_92_load_reload|        scalar|
|psum_100_load_reload    |   in|   16|     ap_none|                                                  psum_100_load_reload|        scalar|
|psum_108_load_reload    |   in|   16|     ap_none|                                                  psum_108_load_reload|        scalar|
|psum_116_load_reload    |   in|   16|     ap_none|                                                  psum_116_load_reload|        scalar|
|psum_124_load_reload    |   in|   16|     ap_none|                                                  psum_124_load_reload|        scalar|
|psum_5_load_reload      |   in|   16|     ap_none|                                                    psum_5_load_reload|        scalar|
|psum_13_load_reload     |   in|   16|     ap_none|                                                   psum_13_load_reload|        scalar|
|psum_21_load_reload     |   in|   16|     ap_none|                                                   psum_21_load_reload|        scalar|
|psum_29_load_reload     |   in|   16|     ap_none|                                                   psum_29_load_reload|        scalar|
|psum_37_load_reload     |   in|   16|     ap_none|                                                   psum_37_load_reload|        scalar|
|psum_45_load_reload     |   in|   16|     ap_none|                                                   psum_45_load_reload|        scalar|
|psum_53_load_reload     |   in|   16|     ap_none|                                                   psum_53_load_reload|        scalar|
|psum_61_load_reload     |   in|   16|     ap_none|                                                   psum_61_load_reload|        scalar|
|psum_69_load_reload     |   in|   16|     ap_none|                                                   psum_69_load_reload|        scalar|
|psum_77_load_reload     |   in|   16|     ap_none|                                                   psum_77_load_reload|        scalar|
|psum_85_load_reload     |   in|   16|     ap_none|                                                   psum_85_load_reload|        scalar|
|psum_93_load_reload     |   in|   16|     ap_none|                                                   psum_93_load_reload|        scalar|
|psum_101_load_reload    |   in|   16|     ap_none|                                                  psum_101_load_reload|        scalar|
|psum_109_load_reload    |   in|   16|     ap_none|                                                  psum_109_load_reload|        scalar|
|psum_117_load_reload    |   in|   16|     ap_none|                                                  psum_117_load_reload|        scalar|
|psum_125_load_reload    |   in|   16|     ap_none|                                                  psum_125_load_reload|        scalar|
|psum_6_load_reload      |   in|   16|     ap_none|                                                    psum_6_load_reload|        scalar|
|psum_14_load_reload     |   in|   16|     ap_none|                                                   psum_14_load_reload|        scalar|
|psum_22_load_reload     |   in|   16|     ap_none|                                                   psum_22_load_reload|        scalar|
|psum_30_load_reload     |   in|   16|     ap_none|                                                   psum_30_load_reload|        scalar|
|psum_38_load_reload     |   in|   16|     ap_none|                                                   psum_38_load_reload|        scalar|
|psum_46_load_reload     |   in|   16|     ap_none|                                                   psum_46_load_reload|        scalar|
|psum_54_load_reload     |   in|   16|     ap_none|                                                   psum_54_load_reload|        scalar|
|psum_62_load_reload     |   in|   16|     ap_none|                                                   psum_62_load_reload|        scalar|
|psum_70_load_reload     |   in|   16|     ap_none|                                                   psum_70_load_reload|        scalar|
|psum_78_load_reload     |   in|   16|     ap_none|                                                   psum_78_load_reload|        scalar|
|psum_86_load_reload     |   in|   16|     ap_none|                                                   psum_86_load_reload|        scalar|
|psum_94_load_reload     |   in|   16|     ap_none|                                                   psum_94_load_reload|        scalar|
|psum_102_load_reload    |   in|   16|     ap_none|                                                  psum_102_load_reload|        scalar|
|psum_110_load_reload    |   in|   16|     ap_none|                                                  psum_110_load_reload|        scalar|
|psum_118_load_reload    |   in|   16|     ap_none|                                                  psum_118_load_reload|        scalar|
|psum_126_load_reload    |   in|   16|     ap_none|                                                  psum_126_load_reload|        scalar|
|psum_7_load_reload      |   in|   16|     ap_none|                                                    psum_7_load_reload|        scalar|
|psum_15_load_reload     |   in|   16|     ap_none|                                                   psum_15_load_reload|        scalar|
|psum_23_load_reload     |   in|   16|     ap_none|                                                   psum_23_load_reload|        scalar|
|psum_31_load_reload     |   in|   16|     ap_none|                                                   psum_31_load_reload|        scalar|
|psum_39_load_reload     |   in|   16|     ap_none|                                                   psum_39_load_reload|        scalar|
|psum_47_load_reload     |   in|   16|     ap_none|                                                   psum_47_load_reload|        scalar|
|psum_55_load_reload     |   in|   16|     ap_none|                                                   psum_55_load_reload|        scalar|
|psum_63_load_reload     |   in|   16|     ap_none|                                                   psum_63_load_reload|        scalar|
|psum_71_load_reload     |   in|   16|     ap_none|                                                   psum_71_load_reload|        scalar|
|psum_79_load_reload     |   in|   16|     ap_none|                                                   psum_79_load_reload|        scalar|
|psum_87_load_reload     |   in|   16|     ap_none|                                                   psum_87_load_reload|        scalar|
|psum_95_load_reload     |   in|   16|     ap_none|                                                   psum_95_load_reload|        scalar|
|psum_103_load_reload    |   in|   16|     ap_none|                                                  psum_103_load_reload|        scalar|
|psum_111_load_reload    |   in|   16|     ap_none|                                                  psum_111_load_reload|        scalar|
|psum_119_load_reload    |   in|   16|     ap_none|                                                  psum_119_load_reload|        scalar|
|psum_127_load_reload    |   in|   16|     ap_none|                                                  psum_127_load_reload|        scalar|
|bias                    |   in|   16|     ap_none|                                                                  bias|        scalar|
|co                      |   in|    4|     ap_none|                                                                    co|        scalar|
+------------------------+-----+-----+------------+----------------------------------------------------------------------+--------------+

============================================================
+ Verbose Summary: Synthesis Manager
============================================================
InlineROM: 1
ExposeGlobal: 0
============================================================
+ Verbose Summary: CDFG Model
============================================================
IsTopModel: 0
ResetActiveHigh: 1
IsCombinational: 2
IsDatapathOnly: 2
HasWiredReturn: 1
HasMFsm: 2
HasVarLatency: 1
IsPipeline: 0
IsRtlPipelined: 0
IsInstanceOverlapped: 0
IsDontTouch: 0
HasImplIP: 0
IsGatedGlobalClock: 0

+ Individual pipeline summary: 
  * Pipeline-0: initiation interval (II) = 1, depth = 39


============================================================
+ Verbose Summary: Schedule
============================================================
* Number of FSM states : 39
* Pipeline : 1
  Pipeline-0 : II = 1, D = 39, States = { 1 2 3 4 5 6 7 8 9 10 11 12 13 14 15 16 17 18 19 20 21 22 23 24 25 26 27 28 29 30 31 32 33 34 35 36 37 38 39 }
* Dataflow Pipeline: 0

* FSM state transitions: 
1 --> 2 
2 --> 3 
3 --> 4 
4 --> 5 
5 --> 6 
6 --> 7 
7 --> 8 
8 --> 9 
9 --> 10 
10 --> 11 
11 --> 12 
12 --> 13 
13 --> 14 
14 --> 15 
15 --> 16 
16 --> 17 
17 --> 18 
18 --> 19 
19 --> 20 
20 --> 21 
21 --> 22 
22 --> 23 
23 --> 24 
24 --> 25 
25 --> 26 
26 --> 27 
27 --> 28 
28 --> 29 
29 --> 30 
30 --> 31 
31 --> 32 
32 --> 33 
33 --> 34 
34 --> 35 
35 --> 36 
36 --> 37 
37 --> 38 
38 --> 39 
39 --> 

* FSM state operations: 

State 1 <SV = 0> <Delay = 1.64>
ST_1 : Operation 42 [1/1] (0.00ns)   --->   "%pe = alloca i32 1" [/home/hoinguyen/Downloads/GAN_HLS_ver2/GAN_HLS/gen/Hls_Layers.tpp:315]   --->   Operation 42 'alloca' 'pe' <Predicate = true> <Delay = 0.00>
ST_1 : Operation 43 [1/1] (0.00ns)   --->   "%co_read = read i4 @_ssdm_op_Read.ap_auto.i4, i4 %co"   --->   Operation 43 'read' 'co_read' <Predicate = true> <Delay = 0.00>
ST_1 : Operation 44 [1/1] (0.00ns)   --->   "%bias_read = read i16 @_ssdm_op_Read.ap_auto.half, i16 %bias"   --->   Operation 44 'read' 'bias_read' <Predicate = true> <Delay = 0.00>
ST_1 : Operation 45 [1/1] (0.00ns)   --->   "%psum_127_load_reload_read = read i16 @_ssdm_op_Read.ap_auto.half, i16 %psum_127_load_reload"   --->   Operation 45 'read' 'psum_127_load_reload_read' <Predicate = true> <Delay = 0.00>
ST_1 : Operation 46 [1/1] (0.00ns)   --->   "%psum_119_load_reload_read = read i16 @_ssdm_op_Read.ap_auto.half, i16 %psum_119_load_reload"   --->   Operation 46 'read' 'psum_119_load_reload_read' <Predicate = true> <Delay = 0.00>
ST_1 : Operation 47 [1/1] (0.00ns)   --->   "%psum_111_load_reload_read = read i16 @_ssdm_op_Read.ap_auto.half, i16 %psum_111_load_reload"   --->   Operation 47 'read' 'psum_111_load_reload_read' <Predicate = true> <Delay = 0.00>
ST_1 : Operation 48 [1/1] (0.00ns)   --->   "%psum_103_load_reload_read = read i16 @_ssdm_op_Read.ap_auto.half, i16 %psum_103_load_reload"   --->   Operation 48 'read' 'psum_103_load_reload_read' <Predicate = true> <Delay = 0.00>
ST_1 : Operation 49 [1/1] (0.00ns)   --->   "%psum_95_load_reload_read = read i16 @_ssdm_op_Read.ap_auto.half, i16 %psum_95_load_reload"   --->   Operation 49 'read' 'psum_95_load_reload_read' <Predicate = true> <Delay = 0.00>
ST_1 : Operation 50 [1/1] (0.00ns)   --->   "%psum_87_load_reload_read = read i16 @_ssdm_op_Read.ap_auto.half, i16 %psum_87_load_reload"   --->   Operation 50 'read' 'psum_87_load_reload_read' <Predicate = true> <Delay = 0.00>
ST_1 : Operation 51 [1/1] (0.00ns)   --->   "%psum_79_load_reload_read = read i16 @_ssdm_op_Read.ap_auto.half, i16 %psum_79_load_reload"   --->   Operation 51 'read' 'psum_79_load_reload_read' <Predicate = true> <Delay = 0.00>
ST_1 : Operation 52 [1/1] (0.00ns)   --->   "%psum_71_load_reload_read = read i16 @_ssdm_op_Read.ap_auto.half, i16 %psum_71_load_reload"   --->   Operation 52 'read' 'psum_71_load_reload_read' <Predicate = true> <Delay = 0.00>
ST_1 : Operation 53 [1/1] (0.00ns)   --->   "%psum_63_load_reload_read = read i16 @_ssdm_op_Read.ap_auto.half, i16 %psum_63_load_reload"   --->   Operation 53 'read' 'psum_63_load_reload_read' <Predicate = true> <Delay = 0.00>
ST_1 : Operation 54 [1/1] (0.00ns)   --->   "%psum_55_load_reload_read = read i16 @_ssdm_op_Read.ap_auto.half, i16 %psum_55_load_reload"   --->   Operation 54 'read' 'psum_55_load_reload_read' <Predicate = true> <Delay = 0.00>
ST_1 : Operation 55 [1/1] (0.00ns)   --->   "%psum_47_load_reload_read = read i16 @_ssdm_op_Read.ap_auto.half, i16 %psum_47_load_reload"   --->   Operation 55 'read' 'psum_47_load_reload_read' <Predicate = true> <Delay = 0.00>
ST_1 : Operation 56 [1/1] (0.00ns)   --->   "%psum_39_load_reload_read = read i16 @_ssdm_op_Read.ap_auto.half, i16 %psum_39_load_reload"   --->   Operation 56 'read' 'psum_39_load_reload_read' <Predicate = true> <Delay = 0.00>
ST_1 : Operation 57 [1/1] (0.00ns)   --->   "%psum_31_load_reload_read = read i16 @_ssdm_op_Read.ap_auto.half, i16 %psum_31_load_reload"   --->   Operation 57 'read' 'psum_31_load_reload_read' <Predicate = true> <Delay = 0.00>
ST_1 : Operation 58 [1/1] (0.00ns)   --->   "%psum_23_load_reload_read = read i16 @_ssdm_op_Read.ap_auto.half, i16 %psum_23_load_reload"   --->   Operation 58 'read' 'psum_23_load_reload_read' <Predicate = true> <Delay = 0.00>
ST_1 : Operation 59 [1/1] (0.00ns)   --->   "%psum_15_load_reload_read = read i16 @_ssdm_op_Read.ap_auto.half, i16 %psum_15_load_reload"   --->   Operation 59 'read' 'psum_15_load_reload_read' <Predicate = true> <Delay = 0.00>
ST_1 : Operation 60 [1/1] (0.00ns)   --->   "%psum_7_load_reload_read = read i16 @_ssdm_op_Read.ap_auto.half, i16 %psum_7_load_reload"   --->   Operation 60 'read' 'psum_7_load_reload_read' <Predicate = true> <Delay = 0.00>
ST_1 : Operation 61 [1/1] (0.00ns)   --->   "%psum_126_load_reload_read = read i16 @_ssdm_op_Read.ap_auto.half, i16 %psum_126_load_reload"   --->   Operation 61 'read' 'psum_126_load_reload_read' <Predicate = true> <Delay = 0.00>
ST_1 : Operation 62 [1/1] (0.00ns)   --->   "%psum_118_load_reload_read = read i16 @_ssdm_op_Read.ap_auto.half, i16 %psum_118_load_reload"   --->   Operation 62 'read' 'psum_118_load_reload_read' <Predicate = true> <Delay = 0.00>
ST_1 : Operation 63 [1/1] (0.00ns)   --->   "%psum_110_load_reload_read = read i16 @_ssdm_op_Read.ap_auto.half, i16 %psum_110_load_reload"   --->   Operation 63 'read' 'psum_110_load_reload_read' <Predicate = true> <Delay = 0.00>
ST_1 : Operation 64 [1/1] (0.00ns)   --->   "%psum_102_load_reload_read = read i16 @_ssdm_op_Read.ap_auto.half, i16 %psum_102_load_reload"   --->   Operation 64 'read' 'psum_102_load_reload_read' <Predicate = true> <Delay = 0.00>
ST_1 : Operation 65 [1/1] (0.00ns)   --->   "%psum_94_load_reload_read = read i16 @_ssdm_op_Read.ap_auto.half, i16 %psum_94_load_reload"   --->   Operation 65 'read' 'psum_94_load_reload_read' <Predicate = true> <Delay = 0.00>
ST_1 : Operation 66 [1/1] (0.00ns)   --->   "%psum_86_load_reload_read = read i16 @_ssdm_op_Read.ap_auto.half, i16 %psum_86_load_reload"   --->   Operation 66 'read' 'psum_86_load_reload_read' <Predicate = true> <Delay = 0.00>
ST_1 : Operation 67 [1/1] (0.00ns)   --->   "%psum_78_load_reload_read = read i16 @_ssdm_op_Read.ap_auto.half, i16 %psum_78_load_reload"   --->   Operation 67 'read' 'psum_78_load_reload_read' <Predicate = true> <Delay = 0.00>
ST_1 : Operation 68 [1/1] (0.00ns)   --->   "%psum_70_load_reload_read = read i16 @_ssdm_op_Read.ap_auto.half, i16 %psum_70_load_reload"   --->   Operation 68 'read' 'psum_70_load_reload_read' <Predicate = true> <Delay = 0.00>
ST_1 : Operation 69 [1/1] (0.00ns)   --->   "%psum_62_load_reload_read = read i16 @_ssdm_op_Read.ap_auto.half, i16 %psum_62_load_reload"   --->   Operation 69 'read' 'psum_62_load_reload_read' <Predicate = true> <Delay = 0.00>
ST_1 : Operation 70 [1/1] (0.00ns)   --->   "%psum_54_load_reload_read = read i16 @_ssdm_op_Read.ap_auto.half, i16 %psum_54_load_reload"   --->   Operation 70 'read' 'psum_54_load_reload_read' <Predicate = true> <Delay = 0.00>
ST_1 : Operation 71 [1/1] (0.00ns)   --->   "%psum_46_load_reload_read = read i16 @_ssdm_op_Read.ap_auto.half, i16 %psum_46_load_reload"   --->   Operation 71 'read' 'psum_46_load_reload_read' <Predicate = true> <Delay = 0.00>
ST_1 : Operation 72 [1/1] (0.00ns)   --->   "%psum_38_load_reload_read = read i16 @_ssdm_op_Read.ap_auto.half, i16 %psum_38_load_reload"   --->   Operation 72 'read' 'psum_38_load_reload_read' <Predicate = true> <Delay = 0.00>
ST_1 : Operation 73 [1/1] (0.00ns)   --->   "%psum_30_load_reload_read = read i16 @_ssdm_op_Read.ap_auto.half, i16 %psum_30_load_reload"   --->   Operation 73 'read' 'psum_30_load_reload_read' <Predicate = true> <Delay = 0.00>
ST_1 : Operation 74 [1/1] (0.00ns)   --->   "%psum_22_load_reload_read = read i16 @_ssdm_op_Read.ap_auto.half, i16 %psum_22_load_reload"   --->   Operation 74 'read' 'psum_22_load_reload_read' <Predicate = true> <Delay = 0.00>
ST_1 : Operation 75 [1/1] (0.00ns)   --->   "%psum_14_load_reload_read = read i16 @_ssdm_op_Read.ap_auto.half, i16 %psum_14_load_reload"   --->   Operation 75 'read' 'psum_14_load_reload_read' <Predicate = true> <Delay = 0.00>
ST_1 : Operation 76 [1/1] (0.00ns)   --->   "%psum_6_load_reload_read = read i16 @_ssdm_op_Read.ap_auto.half, i16 %psum_6_load_reload"   --->   Operation 76 'read' 'psum_6_load_reload_read' <Predicate = true> <Delay = 0.00>
ST_1 : Operation 77 [1/1] (0.00ns)   --->   "%psum_125_load_reload_read = read i16 @_ssdm_op_Read.ap_auto.half, i16 %psum_125_load_reload"   --->   Operation 77 'read' 'psum_125_load_reload_read' <Predicate = true> <Delay = 0.00>
ST_1 : Operation 78 [1/1] (0.00ns)   --->   "%psum_117_load_reload_read = read i16 @_ssdm_op_Read.ap_auto.half, i16 %psum_117_load_reload"   --->   Operation 78 'read' 'psum_117_load_reload_read' <Predicate = true> <Delay = 0.00>
ST_1 : Operation 79 [1/1] (0.00ns)   --->   "%psum_109_load_reload_read = read i16 @_ssdm_op_Read.ap_auto.half, i16 %psum_109_load_reload"   --->   Operation 79 'read' 'psum_109_load_reload_read' <Predicate = true> <Delay = 0.00>
ST_1 : Operation 80 [1/1] (0.00ns)   --->   "%psum_101_load_reload_read = read i16 @_ssdm_op_Read.ap_auto.half, i16 %psum_101_load_reload"   --->   Operation 80 'read' 'psum_101_load_reload_read' <Predicate = true> <Delay = 0.00>
ST_1 : Operation 81 [1/1] (0.00ns)   --->   "%psum_93_load_reload_read = read i16 @_ssdm_op_Read.ap_auto.half, i16 %psum_93_load_reload"   --->   Operation 81 'read' 'psum_93_load_reload_read' <Predicate = true> <Delay = 0.00>
ST_1 : Operation 82 [1/1] (0.00ns)   --->   "%psum_85_load_reload_read = read i16 @_ssdm_op_Read.ap_auto.half, i16 %psum_85_load_reload"   --->   Operation 82 'read' 'psum_85_load_reload_read' <Predicate = true> <Delay = 0.00>
ST_1 : Operation 83 [1/1] (0.00ns)   --->   "%psum_77_load_reload_read = read i16 @_ssdm_op_Read.ap_auto.half, i16 %psum_77_load_reload"   --->   Operation 83 'read' 'psum_77_load_reload_read' <Predicate = true> <Delay = 0.00>
ST_1 : Operation 84 [1/1] (0.00ns)   --->   "%psum_69_load_reload_read = read i16 @_ssdm_op_Read.ap_auto.half, i16 %psum_69_load_reload"   --->   Operation 84 'read' 'psum_69_load_reload_read' <Predicate = true> <Delay = 0.00>
ST_1 : Operation 85 [1/1] (0.00ns)   --->   "%psum_61_load_reload_read = read i16 @_ssdm_op_Read.ap_auto.half, i16 %psum_61_load_reload"   --->   Operation 85 'read' 'psum_61_load_reload_read' <Predicate = true> <Delay = 0.00>
ST_1 : Operation 86 [1/1] (0.00ns)   --->   "%psum_53_load_reload_read = read i16 @_ssdm_op_Read.ap_auto.half, i16 %psum_53_load_reload"   --->   Operation 86 'read' 'psum_53_load_reload_read' <Predicate = true> <Delay = 0.00>
ST_1 : Operation 87 [1/1] (0.00ns)   --->   "%psum_45_load_reload_read = read i16 @_ssdm_op_Read.ap_auto.half, i16 %psum_45_load_reload"   --->   Operation 87 'read' 'psum_45_load_reload_read' <Predicate = true> <Delay = 0.00>
ST_1 : Operation 88 [1/1] (0.00ns)   --->   "%psum_37_load_reload_read = read i16 @_ssdm_op_Read.ap_auto.half, i16 %psum_37_load_reload"   --->   Operation 88 'read' 'psum_37_load_reload_read' <Predicate = true> <Delay = 0.00>
ST_1 : Operation 89 [1/1] (0.00ns)   --->   "%psum_29_load_reload_read = read i16 @_ssdm_op_Read.ap_auto.half, i16 %psum_29_load_reload"   --->   Operation 89 'read' 'psum_29_load_reload_read' <Predicate = true> <Delay = 0.00>
ST_1 : Operation 90 [1/1] (0.00ns)   --->   "%psum_21_load_reload_read = read i16 @_ssdm_op_Read.ap_auto.half, i16 %psum_21_load_reload"   --->   Operation 90 'read' 'psum_21_load_reload_read' <Predicate = true> <Delay = 0.00>
ST_1 : Operation 91 [1/1] (0.00ns)   --->   "%psum_13_load_reload_read = read i16 @_ssdm_op_Read.ap_auto.half, i16 %psum_13_load_reload"   --->   Operation 91 'read' 'psum_13_load_reload_read' <Predicate = true> <Delay = 0.00>
ST_1 : Operation 92 [1/1] (0.00ns)   --->   "%psum_5_load_reload_read = read i16 @_ssdm_op_Read.ap_auto.half, i16 %psum_5_load_reload"   --->   Operation 92 'read' 'psum_5_load_reload_read' <Predicate = true> <Delay = 0.00>
ST_1 : Operation 93 [1/1] (0.00ns)   --->   "%psum_124_load_reload_read = read i16 @_ssdm_op_Read.ap_auto.half, i16 %psum_124_load_reload"   --->   Operation 93 'read' 'psum_124_load_reload_read' <Predicate = true> <Delay = 0.00>
ST_1 : Operation 94 [1/1] (0.00ns)   --->   "%psum_116_load_reload_read = read i16 @_ssdm_op_Read.ap_auto.half, i16 %psum_116_load_reload"   --->   Operation 94 'read' 'psum_116_load_reload_read' <Predicate = true> <Delay = 0.00>
ST_1 : Operation 95 [1/1] (0.00ns)   --->   "%psum_108_load_reload_read = read i16 @_ssdm_op_Read.ap_auto.half, i16 %psum_108_load_reload"   --->   Operation 95 'read' 'psum_108_load_reload_read' <Predicate = true> <Delay = 0.00>
ST_1 : Operation 96 [1/1] (0.00ns)   --->   "%psum_100_load_reload_read = read i16 @_ssdm_op_Read.ap_auto.half, i16 %psum_100_load_reload"   --->   Operation 96 'read' 'psum_100_load_reload_read' <Predicate = true> <Delay = 0.00>
ST_1 : Operation 97 [1/1] (0.00ns)   --->   "%psum_92_load_reload_read = read i16 @_ssdm_op_Read.ap_auto.half, i16 %psum_92_load_reload"   --->   Operation 97 'read' 'psum_92_load_reload_read' <Predicate = true> <Delay = 0.00>
ST_1 : Operation 98 [1/1] (0.00ns)   --->   "%psum_84_load_reload_read = read i16 @_ssdm_op_Read.ap_auto.half, i16 %psum_84_load_reload"   --->   Operation 98 'read' 'psum_84_load_reload_read' <Predicate = true> <Delay = 0.00>
ST_1 : Operation 99 [1/1] (0.00ns)   --->   "%psum_76_load_reload_read = read i16 @_ssdm_op_Read.ap_auto.half, i16 %psum_76_load_reload"   --->   Operation 99 'read' 'psum_76_load_reload_read' <Predicate = true> <Delay = 0.00>
ST_1 : Operation 100 [1/1] (0.00ns)   --->   "%psum_68_load_reload_read = read i16 @_ssdm_op_Read.ap_auto.half, i16 %psum_68_load_reload"   --->   Operation 100 'read' 'psum_68_load_reload_read' <Predicate = true> <Delay = 0.00>
ST_1 : Operation 101 [1/1] (0.00ns)   --->   "%psum_60_load_reload_read = read i16 @_ssdm_op_Read.ap_auto.half, i16 %psum_60_load_reload"   --->   Operation 101 'read' 'psum_60_load_reload_read' <Predicate = true> <Delay = 0.00>
ST_1 : Operation 102 [1/1] (0.00ns)   --->   "%psum_52_load_reload_read = read i16 @_ssdm_op_Read.ap_auto.half, i16 %psum_52_load_reload"   --->   Operation 102 'read' 'psum_52_load_reload_read' <Predicate = true> <Delay = 0.00>
ST_1 : Operation 103 [1/1] (0.00ns)   --->   "%psum_44_load_reload_read = read i16 @_ssdm_op_Read.ap_auto.half, i16 %psum_44_load_reload"   --->   Operation 103 'read' 'psum_44_load_reload_read' <Predicate = true> <Delay = 0.00>
ST_1 : Operation 104 [1/1] (0.00ns)   --->   "%psum_36_load_reload_read = read i16 @_ssdm_op_Read.ap_auto.half, i16 %psum_36_load_reload"   --->   Operation 104 'read' 'psum_36_load_reload_read' <Predicate = true> <Delay = 0.00>
ST_1 : Operation 105 [1/1] (0.00ns)   --->   "%psum_28_load_reload_read = read i16 @_ssdm_op_Read.ap_auto.half, i16 %psum_28_load_reload"   --->   Operation 105 'read' 'psum_28_load_reload_read' <Predicate = true> <Delay = 0.00>
ST_1 : Operation 106 [1/1] (0.00ns)   --->   "%psum_20_load_reload_read = read i16 @_ssdm_op_Read.ap_auto.half, i16 %psum_20_load_reload"   --->   Operation 106 'read' 'psum_20_load_reload_read' <Predicate = true> <Delay = 0.00>
ST_1 : Operation 107 [1/1] (0.00ns)   --->   "%psum_12_load_reload_read = read i16 @_ssdm_op_Read.ap_auto.half, i16 %psum_12_load_reload"   --->   Operation 107 'read' 'psum_12_load_reload_read' <Predicate = true> <Delay = 0.00>
ST_1 : Operation 108 [1/1] (0.00ns)   --->   "%psum_4_load_reload_read = read i16 @_ssdm_op_Read.ap_auto.half, i16 %psum_4_load_reload"   --->   Operation 108 'read' 'psum_4_load_reload_read' <Predicate = true> <Delay = 0.00>
ST_1 : Operation 109 [1/1] (0.00ns)   --->   "%psum_123_load_reload_read = read i16 @_ssdm_op_Read.ap_auto.half, i16 %psum_123_load_reload"   --->   Operation 109 'read' 'psum_123_load_reload_read' <Predicate = true> <Delay = 0.00>
ST_1 : Operation 110 [1/1] (0.00ns)   --->   "%psum_115_load_reload_read = read i16 @_ssdm_op_Read.ap_auto.half, i16 %psum_115_load_reload"   --->   Operation 110 'read' 'psum_115_load_reload_read' <Predicate = true> <Delay = 0.00>
ST_1 : Operation 111 [1/1] (0.00ns)   --->   "%psum_107_load_reload_read = read i16 @_ssdm_op_Read.ap_auto.half, i16 %psum_107_load_reload"   --->   Operation 111 'read' 'psum_107_load_reload_read' <Predicate = true> <Delay = 0.00>
ST_1 : Operation 112 [1/1] (0.00ns)   --->   "%psum_99_load_reload_read = read i16 @_ssdm_op_Read.ap_auto.half, i16 %psum_99_load_reload"   --->   Operation 112 'read' 'psum_99_load_reload_read' <Predicate = true> <Delay = 0.00>
ST_1 : Operation 113 [1/1] (0.00ns)   --->   "%psum_91_load_reload_read = read i16 @_ssdm_op_Read.ap_auto.half, i16 %psum_91_load_reload"   --->   Operation 113 'read' 'psum_91_load_reload_read' <Predicate = true> <Delay = 0.00>
ST_1 : Operation 114 [1/1] (0.00ns)   --->   "%psum_83_load_reload_read = read i16 @_ssdm_op_Read.ap_auto.half, i16 %psum_83_load_reload"   --->   Operation 114 'read' 'psum_83_load_reload_read' <Predicate = true> <Delay = 0.00>
ST_1 : Operation 115 [1/1] (0.00ns)   --->   "%psum_75_load_reload_read = read i16 @_ssdm_op_Read.ap_auto.half, i16 %psum_75_load_reload"   --->   Operation 115 'read' 'psum_75_load_reload_read' <Predicate = true> <Delay = 0.00>
ST_1 : Operation 116 [1/1] (0.00ns)   --->   "%psum_67_load_reload_read = read i16 @_ssdm_op_Read.ap_auto.half, i16 %psum_67_load_reload"   --->   Operation 116 'read' 'psum_67_load_reload_read' <Predicate = true> <Delay = 0.00>
ST_1 : Operation 117 [1/1] (0.00ns)   --->   "%psum_59_load_reload_read = read i16 @_ssdm_op_Read.ap_auto.half, i16 %psum_59_load_reload"   --->   Operation 117 'read' 'psum_59_load_reload_read' <Predicate = true> <Delay = 0.00>
ST_1 : Operation 118 [1/1] (0.00ns)   --->   "%psum_51_load_reload_read = read i16 @_ssdm_op_Read.ap_auto.half, i16 %psum_51_load_reload"   --->   Operation 118 'read' 'psum_51_load_reload_read' <Predicate = true> <Delay = 0.00>
ST_1 : Operation 119 [1/1] (0.00ns)   --->   "%psum_43_load_reload_read = read i16 @_ssdm_op_Read.ap_auto.half, i16 %psum_43_load_reload"   --->   Operation 119 'read' 'psum_43_load_reload_read' <Predicate = true> <Delay = 0.00>
ST_1 : Operation 120 [1/1] (0.00ns)   --->   "%psum_35_load_reload_read = read i16 @_ssdm_op_Read.ap_auto.half, i16 %psum_35_load_reload"   --->   Operation 120 'read' 'psum_35_load_reload_read' <Predicate = true> <Delay = 0.00>
ST_1 : Operation 121 [1/1] (0.00ns)   --->   "%psum_27_load_reload_read = read i16 @_ssdm_op_Read.ap_auto.half, i16 %psum_27_load_reload"   --->   Operation 121 'read' 'psum_27_load_reload_read' <Predicate = true> <Delay = 0.00>
ST_1 : Operation 122 [1/1] (0.00ns)   --->   "%psum_19_load_reload_read = read i16 @_ssdm_op_Read.ap_auto.half, i16 %psum_19_load_reload"   --->   Operation 122 'read' 'psum_19_load_reload_read' <Predicate = true> <Delay = 0.00>
ST_1 : Operation 123 [1/1] (0.00ns)   --->   "%psum_11_load_reload_read = read i16 @_ssdm_op_Read.ap_auto.half, i16 %psum_11_load_reload"   --->   Operation 123 'read' 'psum_11_load_reload_read' <Predicate = true> <Delay = 0.00>
ST_1 : Operation 124 [1/1] (0.00ns)   --->   "%psum_3_load_reload_read = read i16 @_ssdm_op_Read.ap_auto.half, i16 %psum_3_load_reload"   --->   Operation 124 'read' 'psum_3_load_reload_read' <Predicate = true> <Delay = 0.00>
ST_1 : Operation 125 [1/1] (0.00ns)   --->   "%psum_122_load_reload_read = read i16 @_ssdm_op_Read.ap_auto.half, i16 %psum_122_load_reload"   --->   Operation 125 'read' 'psum_122_load_reload_read' <Predicate = true> <Delay = 0.00>
ST_1 : Operation 126 [1/1] (0.00ns)   --->   "%psum_114_load_reload_read = read i16 @_ssdm_op_Read.ap_auto.half, i16 %psum_114_load_reload"   --->   Operation 126 'read' 'psum_114_load_reload_read' <Predicate = true> <Delay = 0.00>
ST_1 : Operation 127 [1/1] (0.00ns)   --->   "%psum_106_load_reload_read = read i16 @_ssdm_op_Read.ap_auto.half, i16 %psum_106_load_reload"   --->   Operation 127 'read' 'psum_106_load_reload_read' <Predicate = true> <Delay = 0.00>
ST_1 : Operation 128 [1/1] (0.00ns)   --->   "%psum_98_load_reload_read = read i16 @_ssdm_op_Read.ap_auto.half, i16 %psum_98_load_reload"   --->   Operation 128 'read' 'psum_98_load_reload_read' <Predicate = true> <Delay = 0.00>
ST_1 : Operation 129 [1/1] (0.00ns)   --->   "%psum_90_load_reload_read = read i16 @_ssdm_op_Read.ap_auto.half, i16 %psum_90_load_reload"   --->   Operation 129 'read' 'psum_90_load_reload_read' <Predicate = true> <Delay = 0.00>
ST_1 : Operation 130 [1/1] (0.00ns)   --->   "%psum_82_load_reload_read = read i16 @_ssdm_op_Read.ap_auto.half, i16 %psum_82_load_reload"   --->   Operation 130 'read' 'psum_82_load_reload_read' <Predicate = true> <Delay = 0.00>
ST_1 : Operation 131 [1/1] (0.00ns)   --->   "%psum_74_load_reload_read = read i16 @_ssdm_op_Read.ap_auto.half, i16 %psum_74_load_reload"   --->   Operation 131 'read' 'psum_74_load_reload_read' <Predicate = true> <Delay = 0.00>
ST_1 : Operation 132 [1/1] (0.00ns)   --->   "%psum_66_load_reload_read = read i16 @_ssdm_op_Read.ap_auto.half, i16 %psum_66_load_reload"   --->   Operation 132 'read' 'psum_66_load_reload_read' <Predicate = true> <Delay = 0.00>
ST_1 : Operation 133 [1/1] (0.00ns)   --->   "%psum_58_load_reload_read = read i16 @_ssdm_op_Read.ap_auto.half, i16 %psum_58_load_reload"   --->   Operation 133 'read' 'psum_58_load_reload_read' <Predicate = true> <Delay = 0.00>
ST_1 : Operation 134 [1/1] (0.00ns)   --->   "%psum_50_load_reload_read = read i16 @_ssdm_op_Read.ap_auto.half, i16 %psum_50_load_reload"   --->   Operation 134 'read' 'psum_50_load_reload_read' <Predicate = true> <Delay = 0.00>
ST_1 : Operation 135 [1/1] (0.00ns)   --->   "%psum_42_load_reload_read = read i16 @_ssdm_op_Read.ap_auto.half, i16 %psum_42_load_reload"   --->   Operation 135 'read' 'psum_42_load_reload_read' <Predicate = true> <Delay = 0.00>
ST_1 : Operation 136 [1/1] (0.00ns)   --->   "%psum_34_load_reload_read = read i16 @_ssdm_op_Read.ap_auto.half, i16 %psum_34_load_reload"   --->   Operation 136 'read' 'psum_34_load_reload_read' <Predicate = true> <Delay = 0.00>
ST_1 : Operation 137 [1/1] (0.00ns)   --->   "%psum_26_load_reload_read = read i16 @_ssdm_op_Read.ap_auto.half, i16 %psum_26_load_reload"   --->   Operation 137 'read' 'psum_26_load_reload_read' <Predicate = true> <Delay = 0.00>
ST_1 : Operation 138 [1/1] (0.00ns)   --->   "%psum_18_load_reload_read = read i16 @_ssdm_op_Read.ap_auto.half, i16 %psum_18_load_reload"   --->   Operation 138 'read' 'psum_18_load_reload_read' <Predicate = true> <Delay = 0.00>
ST_1 : Operation 139 [1/1] (0.00ns)   --->   "%psum_10_load_reload_read = read i16 @_ssdm_op_Read.ap_auto.half, i16 %psum_10_load_reload"   --->   Operation 139 'read' 'psum_10_load_reload_read' <Predicate = true> <Delay = 0.00>
ST_1 : Operation 140 [1/1] (0.00ns)   --->   "%psum_2_load_reload_read = read i16 @_ssdm_op_Read.ap_auto.half, i16 %psum_2_load_reload"   --->   Operation 140 'read' 'psum_2_load_reload_read' <Predicate = true> <Delay = 0.00>
ST_1 : Operation 141 [1/1] (0.00ns)   --->   "%psum_121_load_reload_read = read i16 @_ssdm_op_Read.ap_auto.half, i16 %psum_121_load_reload"   --->   Operation 141 'read' 'psum_121_load_reload_read' <Predicate = true> <Delay = 0.00>
ST_1 : Operation 142 [1/1] (0.00ns)   --->   "%psum_113_load_reload_read = read i16 @_ssdm_op_Read.ap_auto.half, i16 %psum_113_load_reload"   --->   Operation 142 'read' 'psum_113_load_reload_read' <Predicate = true> <Delay = 0.00>
ST_1 : Operation 143 [1/1] (0.00ns)   --->   "%psum_105_load_reload_read = read i16 @_ssdm_op_Read.ap_auto.half, i16 %psum_105_load_reload"   --->   Operation 143 'read' 'psum_105_load_reload_read' <Predicate = true> <Delay = 0.00>
ST_1 : Operation 144 [1/1] (0.00ns)   --->   "%psum_97_load_reload_read = read i16 @_ssdm_op_Read.ap_auto.half, i16 %psum_97_load_reload"   --->   Operation 144 'read' 'psum_97_load_reload_read' <Predicate = true> <Delay = 0.00>
ST_1 : Operation 145 [1/1] (0.00ns)   --->   "%psum_89_load_reload_read = read i16 @_ssdm_op_Read.ap_auto.half, i16 %psum_89_load_reload"   --->   Operation 145 'read' 'psum_89_load_reload_read' <Predicate = true> <Delay = 0.00>
ST_1 : Operation 146 [1/1] (0.00ns)   --->   "%psum_81_load_reload_read = read i16 @_ssdm_op_Read.ap_auto.half, i16 %psum_81_load_reload"   --->   Operation 146 'read' 'psum_81_load_reload_read' <Predicate = true> <Delay = 0.00>
ST_1 : Operation 147 [1/1] (0.00ns)   --->   "%psum_73_load_reload_read = read i16 @_ssdm_op_Read.ap_auto.half, i16 %psum_73_load_reload"   --->   Operation 147 'read' 'psum_73_load_reload_read' <Predicate = true> <Delay = 0.00>
ST_1 : Operation 148 [1/1] (0.00ns)   --->   "%psum_65_load_reload_read = read i16 @_ssdm_op_Read.ap_auto.half, i16 %psum_65_load_reload"   --->   Operation 148 'read' 'psum_65_load_reload_read' <Predicate = true> <Delay = 0.00>
ST_1 : Operation 149 [1/1] (0.00ns)   --->   "%psum_57_load_reload_read = read i16 @_ssdm_op_Read.ap_auto.half, i16 %psum_57_load_reload"   --->   Operation 149 'read' 'psum_57_load_reload_read' <Predicate = true> <Delay = 0.00>
ST_1 : Operation 150 [1/1] (0.00ns)   --->   "%psum_49_load_reload_read = read i16 @_ssdm_op_Read.ap_auto.half, i16 %psum_49_load_reload"   --->   Operation 150 'read' 'psum_49_load_reload_read' <Predicate = true> <Delay = 0.00>
ST_1 : Operation 151 [1/1] (0.00ns)   --->   "%psum_41_load_reload_read = read i16 @_ssdm_op_Read.ap_auto.half, i16 %psum_41_load_reload"   --->   Operation 151 'read' 'psum_41_load_reload_read' <Predicate = true> <Delay = 0.00>
ST_1 : Operation 152 [1/1] (0.00ns)   --->   "%psum_33_load_reload_read = read i16 @_ssdm_op_Read.ap_auto.half, i16 %psum_33_load_reload"   --->   Operation 152 'read' 'psum_33_load_reload_read' <Predicate = true> <Delay = 0.00>
ST_1 : Operation 153 [1/1] (0.00ns)   --->   "%psum_25_load_reload_read = read i16 @_ssdm_op_Read.ap_auto.half, i16 %psum_25_load_reload"   --->   Operation 153 'read' 'psum_25_load_reload_read' <Predicate = true> <Delay = 0.00>
ST_1 : Operation 154 [1/1] (0.00ns)   --->   "%psum_17_load_reload_read = read i16 @_ssdm_op_Read.ap_auto.half, i16 %psum_17_load_reload"   --->   Operation 154 'read' 'psum_17_load_reload_read' <Predicate = true> <Delay = 0.00>
ST_1 : Operation 155 [1/1] (0.00ns)   --->   "%psum_9_load_reload_read = read i16 @_ssdm_op_Read.ap_auto.half, i16 %psum_9_load_reload"   --->   Operation 155 'read' 'psum_9_load_reload_read' <Predicate = true> <Delay = 0.00>
ST_1 : Operation 156 [1/1] (0.00ns)   --->   "%psum_1_load_reload_read = read i16 @_ssdm_op_Read.ap_auto.half, i16 %psum_1_load_reload"   --->   Operation 156 'read' 'psum_1_load_reload_read' <Predicate = true> <Delay = 0.00>
ST_1 : Operation 157 [1/1] (0.00ns)   --->   "%psum_120_load_reload_read = read i16 @_ssdm_op_Read.ap_auto.half, i16 %psum_120_load_reload"   --->   Operation 157 'read' 'psum_120_load_reload_read' <Predicate = true> <Delay = 0.00>
ST_1 : Operation 158 [1/1] (0.00ns)   --->   "%psum_112_load_reload_read = read i16 @_ssdm_op_Read.ap_auto.half, i16 %psum_112_load_reload"   --->   Operation 158 'read' 'psum_112_load_reload_read' <Predicate = true> <Delay = 0.00>
ST_1 : Operation 159 [1/1] (0.00ns)   --->   "%psum_104_load_reload_read = read i16 @_ssdm_op_Read.ap_auto.half, i16 %psum_104_load_reload"   --->   Operation 159 'read' 'psum_104_load_reload_read' <Predicate = true> <Delay = 0.00>
ST_1 : Operation 160 [1/1] (0.00ns)   --->   "%psum_96_load_reload_read = read i16 @_ssdm_op_Read.ap_auto.half, i16 %psum_96_load_reload"   --->   Operation 160 'read' 'psum_96_load_reload_read' <Predicate = true> <Delay = 0.00>
ST_1 : Operation 161 [1/1] (0.00ns)   --->   "%psum_88_load_reload_read = read i16 @_ssdm_op_Read.ap_auto.half, i16 %psum_88_load_reload"   --->   Operation 161 'read' 'psum_88_load_reload_read' <Predicate = true> <Delay = 0.00>
ST_1 : Operation 162 [1/1] (0.00ns)   --->   "%psum_80_load_reload_read = read i16 @_ssdm_op_Read.ap_auto.half, i16 %psum_80_load_reload"   --->   Operation 162 'read' 'psum_80_load_reload_read' <Predicate = true> <Delay = 0.00>
ST_1 : Operation 163 [1/1] (0.00ns)   --->   "%psum_72_load_reload_read = read i16 @_ssdm_op_Read.ap_auto.half, i16 %psum_72_load_reload"   --->   Operation 163 'read' 'psum_72_load_reload_read' <Predicate = true> <Delay = 0.00>
ST_1 : Operation 164 [1/1] (0.00ns)   --->   "%psum_64_load_reload_read = read i16 @_ssdm_op_Read.ap_auto.half, i16 %psum_64_load_reload"   --->   Operation 164 'read' 'psum_64_load_reload_read' <Predicate = true> <Delay = 0.00>
ST_1 : Operation 165 [1/1] (0.00ns)   --->   "%psum_56_load_reload_read = read i16 @_ssdm_op_Read.ap_auto.half, i16 %psum_56_load_reload"   --->   Operation 165 'read' 'psum_56_load_reload_read' <Predicate = true> <Delay = 0.00>
ST_1 : Operation 166 [1/1] (0.00ns)   --->   "%psum_48_load_reload_read = read i16 @_ssdm_op_Read.ap_auto.half, i16 %psum_48_load_reload"   --->   Operation 166 'read' 'psum_48_load_reload_read' <Predicate = true> <Delay = 0.00>
ST_1 : Operation 167 [1/1] (0.00ns)   --->   "%psum_40_load_reload_read = read i16 @_ssdm_op_Read.ap_auto.half, i16 %psum_40_load_reload"   --->   Operation 167 'read' 'psum_40_load_reload_read' <Predicate = true> <Delay = 0.00>
ST_1 : Operation 168 [1/1] (0.00ns)   --->   "%psum_32_load_reload_read = read i16 @_ssdm_op_Read.ap_auto.half, i16 %psum_32_load_reload"   --->   Operation 168 'read' 'psum_32_load_reload_read' <Predicate = true> <Delay = 0.00>
ST_1 : Operation 169 [1/1] (0.00ns)   --->   "%psum_24_load_reload_read = read i16 @_ssdm_op_Read.ap_auto.half, i16 %psum_24_load_reload"   --->   Operation 169 'read' 'psum_24_load_reload_read' <Predicate = true> <Delay = 0.00>
ST_1 : Operation 170 [1/1] (0.00ns)   --->   "%psum_16_load_reload_read = read i16 @_ssdm_op_Read.ap_auto.half, i16 %psum_16_load_reload"   --->   Operation 170 'read' 'psum_16_load_reload_read' <Predicate = true> <Delay = 0.00>
ST_1 : Operation 171 [1/1] (0.00ns)   --->   "%psum_8_load_reload_read = read i16 @_ssdm_op_Read.ap_auto.half, i16 %psum_8_load_reload"   --->   Operation 171 'read' 'psum_8_load_reload_read' <Predicate = true> <Delay = 0.00>
ST_1 : Operation 172 [1/1] (0.00ns)   --->   "%psum_load_reload_read = read i16 @_ssdm_op_Read.ap_auto.half, i16 %psum_load_reload"   --->   Operation 172 'read' 'psum_load_reload_read' <Predicate = true> <Delay = 0.00>
ST_1 : Operation 173 [1/1] (0.00ns)   --->   "%zext_ln201_read = read i6 @_ssdm_op_Read.ap_auto.i6, i6 %zext_ln201"   --->   Operation 173 'read' 'zext_ln201_read' <Predicate = true> <Delay = 0.00>
ST_1 : Operation 174 [1/1] (0.00ns)   --->   "%zext_ln201_cast = zext i6 %zext_ln201_read"   --->   Operation 174 'zext' 'zext_ln201_cast' <Predicate = true> <Delay = 0.00>
ST_1 : Operation 175 [1/1] (0.00ns)   --->   "%specmemcore_ln0 = specmemcore void @_ssdm_op_SpecMemCore, i16 %y_cache_16_15, i64 666, i64 22, i64 18446744073709551615"   --->   Operation 175 'specmemcore' 'specmemcore_ln0' <Predicate = true> <Delay = 0.00>
ST_1 : Operation 176 [1/1] (0.00ns)   --->   "%specmemcore_ln0 = specmemcore void @_ssdm_op_SpecMemCore, i16 %y_cache_16_14, i64 666, i64 22, i64 18446744073709551615"   --->   Operation 176 'specmemcore' 'specmemcore_ln0' <Predicate = true> <Delay = 0.00>
ST_1 : Operation 177 [1/1] (0.00ns)   --->   "%specmemcore_ln0 = specmemcore void @_ssdm_op_SpecMemCore, i16 %y_cache_16_13, i64 666, i64 22, i64 18446744073709551615"   --->   Operation 177 'specmemcore' 'specmemcore_ln0' <Predicate = true> <Delay = 0.00>
ST_1 : Operation 178 [1/1] (0.00ns)   --->   "%specmemcore_ln0 = specmemcore void @_ssdm_op_SpecMemCore, i16 %y_cache_16_12, i64 666, i64 22, i64 18446744073709551615"   --->   Operation 178 'specmemcore' 'specmemcore_ln0' <Predicate = true> <Delay = 0.00>
ST_1 : Operation 179 [1/1] (0.00ns)   --->   "%specmemcore_ln0 = specmemcore void @_ssdm_op_SpecMemCore, i16 %y_cache_16_11, i64 666, i64 22, i64 18446744073709551615"   --->   Operation 179 'specmemcore' 'specmemcore_ln0' <Predicate = true> <Delay = 0.00>
ST_1 : Operation 180 [1/1] (0.00ns)   --->   "%specmemcore_ln0 = specmemcore void @_ssdm_op_SpecMemCore, i16 %y_cache_16_10, i64 666, i64 22, i64 18446744073709551615"   --->   Operation 180 'specmemcore' 'specmemcore_ln0' <Predicate = true> <Delay = 0.00>
ST_1 : Operation 181 [1/1] (0.00ns)   --->   "%specmemcore_ln0 = specmemcore void @_ssdm_op_SpecMemCore, i16 %y_cache_16_9, i64 666, i64 22, i64 18446744073709551615"   --->   Operation 181 'specmemcore' 'specmemcore_ln0' <Predicate = true> <Delay = 0.00>
ST_1 : Operation 182 [1/1] (0.00ns)   --->   "%specmemcore_ln0 = specmemcore void @_ssdm_op_SpecMemCore, i16 %y_cache_16_8, i64 666, i64 22, i64 18446744073709551615"   --->   Operation 182 'specmemcore' 'specmemcore_ln0' <Predicate = true> <Delay = 0.00>
ST_1 : Operation 183 [1/1] (0.00ns)   --->   "%specmemcore_ln0 = specmemcore void @_ssdm_op_SpecMemCore, i16 %y_cache_16_7, i64 666, i64 22, i64 18446744073709551615"   --->   Operation 183 'specmemcore' 'specmemcore_ln0' <Predicate = true> <Delay = 0.00>
ST_1 : Operation 184 [1/1] (0.00ns)   --->   "%specmemcore_ln0 = specmemcore void @_ssdm_op_SpecMemCore, i16 %y_cache_16_6, i64 666, i64 22, i64 18446744073709551615"   --->   Operation 184 'specmemcore' 'specmemcore_ln0' <Predicate = true> <Delay = 0.00>
ST_1 : Operation 185 [1/1] (0.00ns)   --->   "%specmemcore_ln0 = specmemcore void @_ssdm_op_SpecMemCore, i16 %y_cache_16_5, i64 666, i64 22, i64 18446744073709551615"   --->   Operation 185 'specmemcore' 'specmemcore_ln0' <Predicate = true> <Delay = 0.00>
ST_1 : Operation 186 [1/1] (0.00ns)   --->   "%specmemcore_ln0 = specmemcore void @_ssdm_op_SpecMemCore, i16 %y_cache_16_4, i64 666, i64 22, i64 18446744073709551615"   --->   Operation 186 'specmemcore' 'specmemcore_ln0' <Predicate = true> <Delay = 0.00>
ST_1 : Operation 187 [1/1] (0.00ns)   --->   "%specmemcore_ln0 = specmemcore void @_ssdm_op_SpecMemCore, i16 %y_cache_16_3, i64 666, i64 22, i64 18446744073709551615"   --->   Operation 187 'specmemcore' 'specmemcore_ln0' <Predicate = true> <Delay = 0.00>
ST_1 : Operation 188 [1/1] (0.00ns)   --->   "%specmemcore_ln0 = specmemcore void @_ssdm_op_SpecMemCore, i16 %y_cache_16_2, i64 666, i64 22, i64 18446744073709551615"   --->   Operation 188 'specmemcore' 'specmemcore_ln0' <Predicate = true> <Delay = 0.00>
ST_1 : Operation 189 [1/1] (0.00ns)   --->   "%specmemcore_ln0 = specmemcore void @_ssdm_op_SpecMemCore, i16 %y_cache_16_1, i64 666, i64 22, i64 18446744073709551615"   --->   Operation 189 'specmemcore' 'specmemcore_ln0' <Predicate = true> <Delay = 0.00>
ST_1 : Operation 190 [1/1] (0.00ns)   --->   "%specmemcore_ln0 = specmemcore void @_ssdm_op_SpecMemCore, i16 %y_cache_16_0, i64 666, i64 22, i64 18446744073709551615"   --->   Operation 190 'specmemcore' 'specmemcore_ln0' <Predicate = true> <Delay = 0.00>
ST_1 : Operation 191 [1/1] (0.42ns)   --->   "%store_ln315 = store i5 0, i5 %pe" [/home/hoinguyen/Downloads/GAN_HLS_ver2/GAN_HLS/gen/Hls_Layers.tpp:315]   --->   Operation 191 'store' 'store_ln315' <Predicate = true> <Delay = 0.42>
ST_1 : Operation 192 [1/1] (0.00ns)   --->   "%br_ln315 = br void %for.inc342" [/home/hoinguyen/Downloads/GAN_HLS_ver2/GAN_HLS/gen/Hls_Layers.tpp:315]   --->   Operation 192 'br' 'br_ln315' <Predicate = true> <Delay = 0.00>
ST_1 : Operation 193 [1/1] (0.00ns)   --->   "%pe_1 = load i5 %pe" [/home/hoinguyen/Downloads/GAN_HLS_ver2/GAN_HLS/gen/Hls_Layers.tpp:323]   --->   Operation 193 'load' 'pe_1' <Predicate = true> <Delay = 0.00>
ST_1 : Operation 194 [1/1] (0.78ns)   --->   "%icmp_ln315 = icmp_eq  i5 %pe_1, i5 16" [/home/hoinguyen/Downloads/GAN_HLS_ver2/GAN_HLS/gen/Hls_Layers.tpp:315]   --->   Operation 194 'icmp' 'icmp_ln315' <Predicate = true> <Delay = 0.78> <CoreInst = "Cmp">   --->   Core 9 'Cmp' <Latency = 0> <II = 1> <Delay = 0.78> <FuncUnit> <Opcode : 'seteq' 'setne' 'setle' 'setge' 'setlt' 'setgt'> <InPorts = 2> <OutPorts = 1>
ST_1 : Operation 195 [1/1] (0.78ns)   --->   "%add_ln315 = add i5 %pe_1, i5 1" [/home/hoinguyen/Downloads/GAN_HLS_ver2/GAN_HLS/gen/Hls_Layers.tpp:315]   --->   Operation 195 'add' 'add_ln315' <Predicate = true> <Delay = 0.78> <CoreInst = "Adder">   --->   Core 1 'Adder' <Latency = 0> <II = 1> <Delay = 0.78> <FuncUnit> <Opcode : 'add' 'sub'> <InPorts = 2> <OutPorts = 1>
ST_1 : Operation 196 [1/1] (0.00ns)   --->   "%br_ln315 = br i1 %icmp_ln315, void %for.inc342.split, void %for.inc345.exitStub" [/home/hoinguyen/Downloads/GAN_HLS_ver2/GAN_HLS/gen/Hls_Layers.tpp:315]   --->   Operation 196 'br' 'br_ln315' <Predicate = true> <Delay = 0.00>
ST_1 : Operation 197 [1/1] (0.79ns)   --->   "%switch_ln323 = switch i4 %co_read, void %arrayidx3331447.case.15, i4 0, void %arrayidx3331447.case.0, i4 1, void %arrayidx3331447.case.1, i4 2, void %arrayidx3331447.case.2, i4 3, void %arrayidx3331447.case.3, i4 4, void %arrayidx3331447.case.4, i4 5, void %arrayidx3331447.case.5, i4 6, void %arrayidx3331447.case.6, i4 7, void %arrayidx3331447.case.7, i4 8, void %arrayidx3331447.case.8, i4 9, void %arrayidx3331447.case.9, i4 10, void %arrayidx3331447.case.10, i4 11, void %arrayidx3331447.case.11, i4 12, void %arrayidx3331447.case.12, i4 13, void %arrayidx3331447.case.13, i4 14, void %arrayidx3331447.case.14" [/home/hoinguyen/Downloads/GAN_HLS_ver2/GAN_HLS/gen/Hls_Layers.tpp:323]   --->   Operation 197 'switch' 'switch_ln323' <Predicate = (!icmp_ln315)> <Delay = 0.79>
ST_1 : Operation 198 [1/1] (0.42ns)   --->   "%store_ln315 = store i5 %add_ln315, i5 %pe" [/home/hoinguyen/Downloads/GAN_HLS_ver2/GAN_HLS/gen/Hls_Layers.tpp:315]   --->   Operation 198 'store' 'store_ln315' <Predicate = (!icmp_ln315)> <Delay = 0.42>
ST_1 : Operation 199 [1/1] (0.00ns)   --->   "%br_ln315 = br void %for.inc342" [/home/hoinguyen/Downloads/GAN_HLS_ver2/GAN_HLS/gen/Hls_Layers.tpp:315]   --->   Operation 199 'br' 'br_ln315' <Predicate = (!icmp_ln315)> <Delay = 0.00>

State 2 <SV = 1> <Delay = 2.82>
ST_2 : Operation 200 [1/1] (0.00ns)   --->   "%trunc_ln323 = trunc i5 %pe_1" [/home/hoinguyen/Downloads/GAN_HLS_ver2/GAN_HLS/gen/Hls_Layers.tpp:323]   --->   Operation 200 'trunc' 'trunc_ln323' <Predicate = true> <Delay = 0.00>
ST_2 : Operation 201 [1/1] (0.48ns)   --->   "%tmp_31 = sparsemux i16 @_ssdm_op_SparseMux.ap_auto.16half.half.i4, i4 0, i16 %psum_load_reload_read, i4 1, i16 %psum_8_load_reload_read, i4 2, i16 %psum_16_load_reload_read, i4 3, i16 %psum_24_load_reload_read, i4 4, i16 %psum_32_load_reload_read, i4 5, i16 %psum_40_load_reload_read, i4 6, i16 %psum_48_load_reload_read, i4 7, i16 %psum_56_load_reload_read, i4 8, i16 %psum_64_load_reload_read, i4 9, i16 %psum_72_load_reload_read, i4 10, i16 %psum_80_load_reload_read, i4 11, i16 %psum_88_load_reload_read, i4 12, i16 %psum_96_load_reload_read, i4 13, i16 %psum_104_load_reload_read, i4 14, i16 %psum_112_load_reload_read, i4 15, i16 %psum_120_load_reload_read, i16 <undef>, i4 %trunc_ln323" [/home/hoinguyen/Downloads/GAN_HLS_ver2/GAN_HLS/gen/Hls_Layers.tpp:318]   --->   Operation 201 'sparsemux' 'tmp_31' <Predicate = true> <Delay = 0.48> <CoreInst = "BinarySparseMux_DontCare">   --->   Core 149 'BinarySparseMux_DontCare' <Latency = 0> <II = 1> <Delay = 0.48> <FuncUnit> <Opcode : 'sparsemux'> <InPorts = 2> <OutPorts = 1>
ST_2 : Operation 202 [1/1] (0.48ns)   --->   "%tmp_32 = sparsemux i16 @_ssdm_op_SparseMux.ap_auto.16half.half.i4, i4 0, i16 %psum_1_load_reload_read, i4 1, i16 %psum_9_load_reload_read, i4 2, i16 %psum_17_load_reload_read, i4 3, i16 %psum_25_load_reload_read, i4 4, i16 %psum_33_load_reload_read, i4 5, i16 %psum_41_load_reload_read, i4 6, i16 %psum_49_load_reload_read, i4 7, i16 %psum_57_load_reload_read, i4 8, i16 %psum_65_load_reload_read, i4 9, i16 %psum_73_load_reload_read, i4 10, i16 %psum_81_load_reload_read, i4 11, i16 %psum_89_load_reload_read, i4 12, i16 %psum_97_load_reload_read, i4 13, i16 %psum_105_load_reload_read, i4 14, i16 %psum_113_load_reload_read, i4 15, i16 %psum_121_load_reload_read, i16 <undef>, i4 %trunc_ln323" [/home/hoinguyen/Downloads/GAN_HLS_ver2/GAN_HLS/gen/Hls_Layers.tpp:318]   --->   Operation 202 'sparsemux' 'tmp_32' <Predicate = true> <Delay = 0.48> <CoreInst = "BinarySparseMux_DontCare">   --->   Core 149 'BinarySparseMux_DontCare' <Latency = 0> <II = 1> <Delay = 0.48> <FuncUnit> <Opcode : 'sparsemux'> <InPorts = 2> <OutPorts = 1>
ST_2 : Operation 203 [5/5] (2.33ns)   --->   "%add = hadd i16 %tmp_31, i16 %tmp_32" [/home/hoinguyen/Downloads/GAN_HLS_ver2/GAN_HLS/gen/Hls_Layers.tpp:318]   --->   Operation 203 'hadd' 'add' <Predicate = true> <Delay = 2.33> <CoreInst = "HAddSub_fulldsp">   --->   Core 55 'HAddSub_fulldsp' <Latency = 4> <II = 1> <Delay = 2.33> <FuncUnit> <Opcode : 'hadd' 'hsub'> <InPorts = 2> <OutPorts = 1>
ST_2 : Operation 204 [1/1] (0.48ns)   --->   "%tmp_s = sparsemux i16 @_ssdm_op_SparseMux.ap_auto.16half.half.i4, i4 0, i16 %psum_2_load_reload_read, i4 1, i16 %psum_10_load_reload_read, i4 2, i16 %psum_18_load_reload_read, i4 3, i16 %psum_26_load_reload_read, i4 4, i16 %psum_34_load_reload_read, i4 5, i16 %psum_42_load_reload_read, i4 6, i16 %psum_50_load_reload_read, i4 7, i16 %psum_58_load_reload_read, i4 8, i16 %psum_66_load_reload_read, i4 9, i16 %psum_74_load_reload_read, i4 10, i16 %psum_82_load_reload_read, i4 11, i16 %psum_90_load_reload_read, i4 12, i16 %psum_98_load_reload_read, i4 13, i16 %psum_106_load_reload_read, i4 14, i16 %psum_114_load_reload_read, i4 15, i16 %psum_122_load_reload_read, i16 <undef>, i4 %trunc_ln323" [/home/hoinguyen/Downloads/GAN_HLS_ver2/GAN_HLS/gen/Hls_Layers.tpp:318]   --->   Operation 204 'sparsemux' 'tmp_s' <Predicate = true> <Delay = 0.48> <CoreInst = "BinarySparseMux_DontCare">   --->   Core 149 'BinarySparseMux_DontCare' <Latency = 0> <II = 1> <Delay = 0.48> <FuncUnit> <Opcode : 'sparsemux'> <InPorts = 2> <OutPorts = 1>
ST_2 : Operation 205 [1/1] (0.48ns)   --->   "%tmp_33 = sparsemux i16 @_ssdm_op_SparseMux.ap_auto.16half.half.i4, i4 0, i16 %psum_3_load_reload_read, i4 1, i16 %psum_11_load_reload_read, i4 2, i16 %psum_19_load_reload_read, i4 3, i16 %psum_27_load_reload_read, i4 4, i16 %psum_35_load_reload_read, i4 5, i16 %psum_43_load_reload_read, i4 6, i16 %psum_51_load_reload_read, i4 7, i16 %psum_59_load_reload_read, i4 8, i16 %psum_67_load_reload_read, i4 9, i16 %psum_75_load_reload_read, i4 10, i16 %psum_83_load_reload_read, i4 11, i16 %psum_91_load_reload_read, i4 12, i16 %psum_99_load_reload_read, i4 13, i16 %psum_107_load_reload_read, i4 14, i16 %psum_115_load_reload_read, i4 15, i16 %psum_123_load_reload_read, i16 <undef>, i4 %trunc_ln323" [/home/hoinguyen/Downloads/GAN_HLS_ver2/GAN_HLS/gen/Hls_Layers.tpp:318]   --->   Operation 205 'sparsemux' 'tmp_33' <Predicate = true> <Delay = 0.48> <CoreInst = "BinarySparseMux_DontCare">   --->   Core 149 'BinarySparseMux_DontCare' <Latency = 0> <II = 1> <Delay = 0.48> <FuncUnit> <Opcode : 'sparsemux'> <InPorts = 2> <OutPorts = 1>
ST_2 : Operation 206 [5/5] (2.33ns)   --->   "%add14 = hadd i16 %tmp_s, i16 %tmp_33" [/home/hoinguyen/Downloads/GAN_HLS_ver2/GAN_HLS/gen/Hls_Layers.tpp:318]   --->   Operation 206 'hadd' 'add14' <Predicate = true> <Delay = 2.33> <CoreInst = "HAddSub_fulldsp">   --->   Core 55 'HAddSub_fulldsp' <Latency = 4> <II = 1> <Delay = 2.33> <FuncUnit> <Opcode : 'hadd' 'hsub'> <InPorts = 2> <OutPorts = 1>
ST_2 : Operation 207 [1/1] (0.48ns)   --->   "%tmp_34 = sparsemux i16 @_ssdm_op_SparseMux.ap_auto.16half.half.i4, i4 0, i16 %psum_4_load_reload_read, i4 1, i16 %psum_12_load_reload_read, i4 2, i16 %psum_20_load_reload_read, i4 3, i16 %psum_28_load_reload_read, i4 4, i16 %psum_36_load_reload_read, i4 5, i16 %psum_44_load_reload_read, i4 6, i16 %psum_52_load_reload_read, i4 7, i16 %psum_60_load_reload_read, i4 8, i16 %psum_68_load_reload_read, i4 9, i16 %psum_76_load_reload_read, i4 10, i16 %psum_84_load_reload_read, i4 11, i16 %psum_92_load_reload_read, i4 12, i16 %psum_100_load_reload_read, i4 13, i16 %psum_108_load_reload_read, i4 14, i16 %psum_116_load_reload_read, i4 15, i16 %psum_124_load_reload_read, i16 <undef>, i4 %trunc_ln323" [/home/hoinguyen/Downloads/GAN_HLS_ver2/GAN_HLS/gen/Hls_Layers.tpp:319]   --->   Operation 207 'sparsemux' 'tmp_34' <Predicate = true> <Delay = 0.48> <CoreInst = "BinarySparseMux_DontCare">   --->   Core 149 'BinarySparseMux_DontCare' <Latency = 0> <II = 1> <Delay = 0.48> <FuncUnit> <Opcode : 'sparsemux'> <InPorts = 2> <OutPorts = 1>
ST_2 : Operation 208 [1/1] (0.48ns)   --->   "%tmp_35 = sparsemux i16 @_ssdm_op_SparseMux.ap_auto.16half.half.i4, i4 0, i16 %psum_5_load_reload_read, i4 1, i16 %psum_13_load_reload_read, i4 2, i16 %psum_21_load_reload_read, i4 3, i16 %psum_29_load_reload_read, i4 4, i16 %psum_37_load_reload_read, i4 5, i16 %psum_45_load_reload_read, i4 6, i16 %psum_53_load_reload_read, i4 7, i16 %psum_61_load_reload_read, i4 8, i16 %psum_69_load_reload_read, i4 9, i16 %psum_77_load_reload_read, i4 10, i16 %psum_85_load_reload_read, i4 11, i16 %psum_93_load_reload_read, i4 12, i16 %psum_101_load_reload_read, i4 13, i16 %psum_109_load_reload_read, i4 14, i16 %psum_117_load_reload_read, i4 15, i16 %psum_125_load_reload_read, i16 <undef>, i4 %trunc_ln323" [/home/hoinguyen/Downloads/GAN_HLS_ver2/GAN_HLS/gen/Hls_Layers.tpp:319]   --->   Operation 208 'sparsemux' 'tmp_35' <Predicate = true> <Delay = 0.48> <CoreInst = "BinarySparseMux_DontCare">   --->   Core 149 'BinarySparseMux_DontCare' <Latency = 0> <II = 1> <Delay = 0.48> <FuncUnit> <Opcode : 'sparsemux'> <InPorts = 2> <OutPorts = 1>
ST_2 : Operation 209 [5/5] (2.33ns)   --->   "%add16 = hadd i16 %tmp_34, i16 %tmp_35" [/home/hoinguyen/Downloads/GAN_HLS_ver2/GAN_HLS/gen/Hls_Layers.tpp:319]   --->   Operation 209 'hadd' 'add16' <Predicate = true> <Delay = 2.33> <CoreInst = "HAddSub_fulldsp">   --->   Core 55 'HAddSub_fulldsp' <Latency = 4> <II = 1> <Delay = 2.33> <FuncUnit> <Opcode : 'hadd' 'hsub'> <InPorts = 2> <OutPorts = 1>
ST_2 : Operation 210 [1/1] (0.48ns)   --->   "%tmp_36 = sparsemux i16 @_ssdm_op_SparseMux.ap_auto.16half.half.i4, i4 0, i16 %psum_6_load_reload_read, i4 1, i16 %psum_14_load_reload_read, i4 2, i16 %psum_22_load_reload_read, i4 3, i16 %psum_30_load_reload_read, i4 4, i16 %psum_38_load_reload_read, i4 5, i16 %psum_46_load_reload_read, i4 6, i16 %psum_54_load_reload_read, i4 7, i16 %psum_62_load_reload_read, i4 8, i16 %psum_70_load_reload_read, i4 9, i16 %psum_78_load_reload_read, i4 10, i16 %psum_86_load_reload_read, i4 11, i16 %psum_94_load_reload_read, i4 12, i16 %psum_102_load_reload_read, i4 13, i16 %psum_110_load_reload_read, i4 14, i16 %psum_118_load_reload_read, i4 15, i16 %psum_126_load_reload_read, i16 <undef>, i4 %trunc_ln323" [/home/hoinguyen/Downloads/GAN_HLS_ver2/GAN_HLS/gen/Hls_Layers.tpp:319]   --->   Operation 210 'sparsemux' 'tmp_36' <Predicate = true> <Delay = 0.48> <CoreInst = "BinarySparseMux_DontCare">   --->   Core 149 'BinarySparseMux_DontCare' <Latency = 0> <II = 1> <Delay = 0.48> <FuncUnit> <Opcode : 'sparsemux'> <InPorts = 2> <OutPorts = 1>
ST_2 : Operation 211 [1/1] (0.48ns)   --->   "%tmp_37 = sparsemux i16 @_ssdm_op_SparseMux.ap_auto.16half.half.i4, i4 0, i16 %psum_7_load_reload_read, i4 1, i16 %psum_15_load_reload_read, i4 2, i16 %psum_23_load_reload_read, i4 3, i16 %psum_31_load_reload_read, i4 4, i16 %psum_39_load_reload_read, i4 5, i16 %psum_47_load_reload_read, i4 6, i16 %psum_55_load_reload_read, i4 7, i16 %psum_63_load_reload_read, i4 8, i16 %psum_71_load_reload_read, i4 9, i16 %psum_79_load_reload_read, i4 10, i16 %psum_87_load_reload_read, i4 11, i16 %psum_95_load_reload_read, i4 12, i16 %psum_103_load_reload_read, i4 13, i16 %psum_111_load_reload_read, i4 14, i16 %psum_119_load_reload_read, i4 15, i16 %psum_127_load_reload_read, i16 <undef>, i4 %trunc_ln323" [/home/hoinguyen/Downloads/GAN_HLS_ver2/GAN_HLS/gen/Hls_Layers.tpp:319]   --->   Operation 211 'sparsemux' 'tmp_37' <Predicate = true> <Delay = 0.48> <CoreInst = "BinarySparseMux_DontCare">   --->   Core 149 'BinarySparseMux_DontCare' <Latency = 0> <II = 1> <Delay = 0.48> <FuncUnit> <Opcode : 'sparsemux'> <InPorts = 2> <OutPorts = 1>
ST_2 : Operation 212 [5/5] (2.33ns)   --->   "%add17 = hadd i16 %tmp_36, i16 %tmp_37" [/home/hoinguyen/Downloads/GAN_HLS_ver2/GAN_HLS/gen/Hls_Layers.tpp:319]   --->   Operation 212 'hadd' 'add17' <Predicate = true> <Delay = 2.33> <CoreInst = "HAddSub_fulldsp">   --->   Core 55 'HAddSub_fulldsp' <Latency = 4> <II = 1> <Delay = 2.33> <FuncUnit> <Opcode : 'hadd' 'hsub'> <InPorts = 2> <OutPorts = 1>

State 3 <SV = 2> <Delay = 2.33>
ST_3 : Operation 213 [4/5] (2.33ns)   --->   "%add = hadd i16 %tmp_31, i16 %tmp_32" [/home/hoinguyen/Downloads/GAN_HLS_ver2/GAN_HLS/gen/Hls_Layers.tpp:318]   --->   Operation 213 'hadd' 'add' <Predicate = true> <Delay = 2.33> <CoreInst = "HAddSub_fulldsp">   --->   Core 55 'HAddSub_fulldsp' <Latency = 4> <II = 1> <Delay = 2.33> <FuncUnit> <Opcode : 'hadd' 'hsub'> <InPorts = 2> <OutPorts = 1>
ST_3 : Operation 214 [4/5] (2.33ns)   --->   "%add14 = hadd i16 %tmp_s, i16 %tmp_33" [/home/hoinguyen/Downloads/GAN_HLS_ver2/GAN_HLS/gen/Hls_Layers.tpp:318]   --->   Operation 214 'hadd' 'add14' <Predicate = true> <Delay = 2.33> <CoreInst = "HAddSub_fulldsp">   --->   Core 55 'HAddSub_fulldsp' <Latency = 4> <II = 1> <Delay = 2.33> <FuncUnit> <Opcode : 'hadd' 'hsub'> <InPorts = 2> <OutPorts = 1>
ST_3 : Operation 215 [4/5] (2.33ns)   --->   "%add16 = hadd i16 %tmp_34, i16 %tmp_35" [/home/hoinguyen/Downloads/GAN_HLS_ver2/GAN_HLS/gen/Hls_Layers.tpp:319]   --->   Operation 215 'hadd' 'add16' <Predicate = true> <Delay = 2.33> <CoreInst = "HAddSub_fulldsp">   --->   Core 55 'HAddSub_fulldsp' <Latency = 4> <II = 1> <Delay = 2.33> <FuncUnit> <Opcode : 'hadd' 'hsub'> <InPorts = 2> <OutPorts = 1>
ST_3 : Operation 216 [4/5] (2.33ns)   --->   "%add17 = hadd i16 %tmp_36, i16 %tmp_37" [/home/hoinguyen/Downloads/GAN_HLS_ver2/GAN_HLS/gen/Hls_Layers.tpp:319]   --->   Operation 216 'hadd' 'add17' <Predicate = true> <Delay = 2.33> <CoreInst = "HAddSub_fulldsp">   --->   Core 55 'HAddSub_fulldsp' <Latency = 4> <II = 1> <Delay = 2.33> <FuncUnit> <Opcode : 'hadd' 'hsub'> <InPorts = 2> <OutPorts = 1>

State 4 <SV = 3> <Delay = 2.33>
ST_4 : Operation 217 [3/5] (2.33ns)   --->   "%add = hadd i16 %tmp_31, i16 %tmp_32" [/home/hoinguyen/Downloads/GAN_HLS_ver2/GAN_HLS/gen/Hls_Layers.tpp:318]   --->   Operation 217 'hadd' 'add' <Predicate = true> <Delay = 2.33> <CoreInst = "HAddSub_fulldsp">   --->   Core 55 'HAddSub_fulldsp' <Latency = 4> <II = 1> <Delay = 2.33> <FuncUnit> <Opcode : 'hadd' 'hsub'> <InPorts = 2> <OutPorts = 1>
ST_4 : Operation 218 [3/5] (2.33ns)   --->   "%add14 = hadd i16 %tmp_s, i16 %tmp_33" [/home/hoinguyen/Downloads/GAN_HLS_ver2/GAN_HLS/gen/Hls_Layers.tpp:318]   --->   Operation 218 'hadd' 'add14' <Predicate = true> <Delay = 2.33> <CoreInst = "HAddSub_fulldsp">   --->   Core 55 'HAddSub_fulldsp' <Latency = 4> <II = 1> <Delay = 2.33> <FuncUnit> <Opcode : 'hadd' 'hsub'> <InPorts = 2> <OutPorts = 1>
ST_4 : Operation 219 [3/5] (2.33ns)   --->   "%add16 = hadd i16 %tmp_34, i16 %tmp_35" [/home/hoinguyen/Downloads/GAN_HLS_ver2/GAN_HLS/gen/Hls_Layers.tpp:319]   --->   Operation 219 'hadd' 'add16' <Predicate = true> <Delay = 2.33> <CoreInst = "HAddSub_fulldsp">   --->   Core 55 'HAddSub_fulldsp' <Latency = 4> <II = 1> <Delay = 2.33> <FuncUnit> <Opcode : 'hadd' 'hsub'> <InPorts = 2> <OutPorts = 1>
ST_4 : Operation 220 [3/5] (2.33ns)   --->   "%add17 = hadd i16 %tmp_36, i16 %tmp_37" [/home/hoinguyen/Downloads/GAN_HLS_ver2/GAN_HLS/gen/Hls_Layers.tpp:319]   --->   Operation 220 'hadd' 'add17' <Predicate = true> <Delay = 2.33> <CoreInst = "HAddSub_fulldsp">   --->   Core 55 'HAddSub_fulldsp' <Latency = 4> <II = 1> <Delay = 2.33> <FuncUnit> <Opcode : 'hadd' 'hsub'> <InPorts = 2> <OutPorts = 1>

State 5 <SV = 4> <Delay = 2.33>
ST_5 : Operation 221 [2/5] (2.33ns)   --->   "%add = hadd i16 %tmp_31, i16 %tmp_32" [/home/hoinguyen/Downloads/GAN_HLS_ver2/GAN_HLS/gen/Hls_Layers.tpp:318]   --->   Operation 221 'hadd' 'add' <Predicate = true> <Delay = 2.33> <CoreInst = "HAddSub_fulldsp">   --->   Core 55 'HAddSub_fulldsp' <Latency = 4> <II = 1> <Delay = 2.33> <FuncUnit> <Opcode : 'hadd' 'hsub'> <InPorts = 2> <OutPorts = 1>
ST_5 : Operation 222 [2/5] (2.33ns)   --->   "%add14 = hadd i16 %tmp_s, i16 %tmp_33" [/home/hoinguyen/Downloads/GAN_HLS_ver2/GAN_HLS/gen/Hls_Layers.tpp:318]   --->   Operation 222 'hadd' 'add14' <Predicate = true> <Delay = 2.33> <CoreInst = "HAddSub_fulldsp">   --->   Core 55 'HAddSub_fulldsp' <Latency = 4> <II = 1> <Delay = 2.33> <FuncUnit> <Opcode : 'hadd' 'hsub'> <InPorts = 2> <OutPorts = 1>
ST_5 : Operation 223 [2/5] (2.33ns)   --->   "%add16 = hadd i16 %tmp_34, i16 %tmp_35" [/home/hoinguyen/Downloads/GAN_HLS_ver2/GAN_HLS/gen/Hls_Layers.tpp:319]   --->   Operation 223 'hadd' 'add16' <Predicate = true> <Delay = 2.33> <CoreInst = "HAddSub_fulldsp">   --->   Core 55 'HAddSub_fulldsp' <Latency = 4> <II = 1> <Delay = 2.33> <FuncUnit> <Opcode : 'hadd' 'hsub'> <InPorts = 2> <OutPorts = 1>
ST_5 : Operation 224 [2/5] (2.33ns)   --->   "%add17 = hadd i16 %tmp_36, i16 %tmp_37" [/home/hoinguyen/Downloads/GAN_HLS_ver2/GAN_HLS/gen/Hls_Layers.tpp:319]   --->   Operation 224 'hadd' 'add17' <Predicate = true> <Delay = 2.33> <CoreInst = "HAddSub_fulldsp">   --->   Core 55 'HAddSub_fulldsp' <Latency = 4> <II = 1> <Delay = 2.33> <FuncUnit> <Opcode : 'hadd' 'hsub'> <InPorts = 2> <OutPorts = 1>

State 6 <SV = 5> <Delay = 2.33>
ST_6 : Operation 225 [1/5] (2.33ns)   --->   "%add = hadd i16 %tmp_31, i16 %tmp_32" [/home/hoinguyen/Downloads/GAN_HLS_ver2/GAN_HLS/gen/Hls_Layers.tpp:318]   --->   Operation 225 'hadd' 'add' <Predicate = true> <Delay = 2.33> <CoreInst = "HAddSub_fulldsp">   --->   Core 55 'HAddSub_fulldsp' <Latency = 4> <II = 1> <Delay = 2.33> <FuncUnit> <Opcode : 'hadd' 'hsub'> <InPorts = 2> <OutPorts = 1>
ST_6 : Operation 226 [1/5] (2.33ns)   --->   "%add14 = hadd i16 %tmp_s, i16 %tmp_33" [/home/hoinguyen/Downloads/GAN_HLS_ver2/GAN_HLS/gen/Hls_Layers.tpp:318]   --->   Operation 226 'hadd' 'add14' <Predicate = true> <Delay = 2.33> <CoreInst = "HAddSub_fulldsp">   --->   Core 55 'HAddSub_fulldsp' <Latency = 4> <II = 1> <Delay = 2.33> <FuncUnit> <Opcode : 'hadd' 'hsub'> <InPorts = 2> <OutPorts = 1>
ST_6 : Operation 227 [1/5] (2.33ns)   --->   "%add16 = hadd i16 %tmp_34, i16 %tmp_35" [/home/hoinguyen/Downloads/GAN_HLS_ver2/GAN_HLS/gen/Hls_Layers.tpp:319]   --->   Operation 227 'hadd' 'add16' <Predicate = true> <Delay = 2.33> <CoreInst = "HAddSub_fulldsp">   --->   Core 55 'HAddSub_fulldsp' <Latency = 4> <II = 1> <Delay = 2.33> <FuncUnit> <Opcode : 'hadd' 'hsub'> <InPorts = 2> <OutPorts = 1>
ST_6 : Operation 228 [1/5] (2.33ns)   --->   "%add17 = hadd i16 %tmp_36, i16 %tmp_37" [/home/hoinguyen/Downloads/GAN_HLS_ver2/GAN_HLS/gen/Hls_Layers.tpp:319]   --->   Operation 228 'hadd' 'add17' <Predicate = true> <Delay = 2.33> <CoreInst = "HAddSub_fulldsp">   --->   Core 55 'HAddSub_fulldsp' <Latency = 4> <II = 1> <Delay = 2.33> <FuncUnit> <Opcode : 'hadd' 'hsub'> <InPorts = 2> <OutPorts = 1>

State 7 <SV = 6> <Delay = 2.33>
ST_7 : Operation 229 [5/5] (2.33ns)   --->   "%add15 = hadd i16 %add, i16 %add14" [/home/hoinguyen/Downloads/GAN_HLS_ver2/GAN_HLS/gen/Hls_Layers.tpp:318]   --->   Operation 229 'hadd' 'add15' <Predicate = true> <Delay = 2.33> <CoreInst = "HAddSub_fulldsp">   --->   Core 55 'HAddSub_fulldsp' <Latency = 4> <II = 1> <Delay = 2.33> <FuncUnit> <Opcode : 'hadd' 'hsub'> <InPorts = 2> <OutPorts = 1>
ST_7 : Operation 230 [5/5] (2.33ns)   --->   "%add18 = hadd i16 %add16, i16 %add17" [/home/hoinguyen/Downloads/GAN_HLS_ver2/GAN_HLS/gen/Hls_Layers.tpp:319]   --->   Operation 230 'hadd' 'add18' <Predicate = true> <Delay = 2.33> <CoreInst = "HAddSub_fulldsp">   --->   Core 55 'HAddSub_fulldsp' <Latency = 4> <II = 1> <Delay = 2.33> <FuncUnit> <Opcode : 'hadd' 'hsub'> <InPorts = 2> <OutPorts = 1>

State 8 <SV = 7> <Delay = 2.33>
ST_8 : Operation 231 [4/5] (2.33ns)   --->   "%add15 = hadd i16 %add, i16 %add14" [/home/hoinguyen/Downloads/GAN_HLS_ver2/GAN_HLS/gen/Hls_Layers.tpp:318]   --->   Operation 231 'hadd' 'add15' <Predicate = true> <Delay = 2.33> <CoreInst = "HAddSub_fulldsp">   --->   Core 55 'HAddSub_fulldsp' <Latency = 4> <II = 1> <Delay = 2.33> <FuncUnit> <Opcode : 'hadd' 'hsub'> <InPorts = 2> <OutPorts = 1>
ST_8 : Operation 232 [4/5] (2.33ns)   --->   "%add18 = hadd i16 %add16, i16 %add17" [/home/hoinguyen/Downloads/GAN_HLS_ver2/GAN_HLS/gen/Hls_Layers.tpp:319]   --->   Operation 232 'hadd' 'add18' <Predicate = true> <Delay = 2.33> <CoreInst = "HAddSub_fulldsp">   --->   Core 55 'HAddSub_fulldsp' <Latency = 4> <II = 1> <Delay = 2.33> <FuncUnit> <Opcode : 'hadd' 'hsub'> <InPorts = 2> <OutPorts = 1>

State 9 <SV = 8> <Delay = 2.33>
ST_9 : Operation 233 [3/5] (2.33ns)   --->   "%add15 = hadd i16 %add, i16 %add14" [/home/hoinguyen/Downloads/GAN_HLS_ver2/GAN_HLS/gen/Hls_Layers.tpp:318]   --->   Operation 233 'hadd' 'add15' <Predicate = true> <Delay = 2.33> <CoreInst = "HAddSub_fulldsp">   --->   Core 55 'HAddSub_fulldsp' <Latency = 4> <II = 1> <Delay = 2.33> <FuncUnit> <Opcode : 'hadd' 'hsub'> <InPorts = 2> <OutPorts = 1>
ST_9 : Operation 234 [3/5] (2.33ns)   --->   "%add18 = hadd i16 %add16, i16 %add17" [/home/hoinguyen/Downloads/GAN_HLS_ver2/GAN_HLS/gen/Hls_Layers.tpp:319]   --->   Operation 234 'hadd' 'add18' <Predicate = true> <Delay = 2.33> <CoreInst = "HAddSub_fulldsp">   --->   Core 55 'HAddSub_fulldsp' <Latency = 4> <II = 1> <Delay = 2.33> <FuncUnit> <Opcode : 'hadd' 'hsub'> <InPorts = 2> <OutPorts = 1>

State 10 <SV = 9> <Delay = 2.33>
ST_10 : Operation 235 [2/5] (2.33ns)   --->   "%add15 = hadd i16 %add, i16 %add14" [/home/hoinguyen/Downloads/GAN_HLS_ver2/GAN_HLS/gen/Hls_Layers.tpp:318]   --->   Operation 235 'hadd' 'add15' <Predicate = true> <Delay = 2.33> <CoreInst = "HAddSub_fulldsp">   --->   Core 55 'HAddSub_fulldsp' <Latency = 4> <II = 1> <Delay = 2.33> <FuncUnit> <Opcode : 'hadd' 'hsub'> <InPorts = 2> <OutPorts = 1>
ST_10 : Operation 236 [2/5] (2.33ns)   --->   "%add18 = hadd i16 %add16, i16 %add17" [/home/hoinguyen/Downloads/GAN_HLS_ver2/GAN_HLS/gen/Hls_Layers.tpp:319]   --->   Operation 236 'hadd' 'add18' <Predicate = true> <Delay = 2.33> <CoreInst = "HAddSub_fulldsp">   --->   Core 55 'HAddSub_fulldsp' <Latency = 4> <II = 1> <Delay = 2.33> <FuncUnit> <Opcode : 'hadd' 'hsub'> <InPorts = 2> <OutPorts = 1>

State 11 <SV = 10> <Delay = 2.33>
ST_11 : Operation 237 [1/5] (2.33ns)   --->   "%add15 = hadd i16 %add, i16 %add14" [/home/hoinguyen/Downloads/GAN_HLS_ver2/GAN_HLS/gen/Hls_Layers.tpp:318]   --->   Operation 237 'hadd' 'add15' <Predicate = true> <Delay = 2.33> <CoreInst = "HAddSub_fulldsp">   --->   Core 55 'HAddSub_fulldsp' <Latency = 4> <II = 1> <Delay = 2.33> <FuncUnit> <Opcode : 'hadd' 'hsub'> <InPorts = 2> <OutPorts = 1>
ST_11 : Operation 238 [1/5] (2.33ns)   --->   "%add18 = hadd i16 %add16, i16 %add17" [/home/hoinguyen/Downloads/GAN_HLS_ver2/GAN_HLS/gen/Hls_Layers.tpp:319]   --->   Operation 238 'hadd' 'add18' <Predicate = true> <Delay = 2.33> <CoreInst = "HAddSub_fulldsp">   --->   Core 55 'HAddSub_fulldsp' <Latency = 4> <II = 1> <Delay = 2.33> <FuncUnit> <Opcode : 'hadd' 'hsub'> <InPorts = 2> <OutPorts = 1>

State 12 <SV = 11> <Delay = 2.33>
ST_12 : Operation 239 [5/5] (2.33ns)   --->   "%total = hadd i16 %add15, i16 %add18" [/home/hoinguyen/Downloads/GAN_HLS_ver2/GAN_HLS/gen/Hls_Layers.tpp:318]   --->   Operation 239 'hadd' 'total' <Predicate = true> <Delay = 2.33> <CoreInst = "HAddSub_fulldsp">   --->   Core 55 'HAddSub_fulldsp' <Latency = 4> <II = 1> <Delay = 2.33> <FuncUnit> <Opcode : 'hadd' 'hsub'> <InPorts = 2> <OutPorts = 1>

State 13 <SV = 12> <Delay = 2.33>
ST_13 : Operation 240 [4/5] (2.33ns)   --->   "%total = hadd i16 %add15, i16 %add18" [/home/hoinguyen/Downloads/GAN_HLS_ver2/GAN_HLS/gen/Hls_Layers.tpp:318]   --->   Operation 240 'hadd' 'total' <Predicate = true> <Delay = 2.33> <CoreInst = "HAddSub_fulldsp">   --->   Core 55 'HAddSub_fulldsp' <Latency = 4> <II = 1> <Delay = 2.33> <FuncUnit> <Opcode : 'hadd' 'hsub'> <InPorts = 2> <OutPorts = 1>

State 14 <SV = 13> <Delay = 2.33>
ST_14 : Operation 241 [3/5] (2.33ns)   --->   "%total = hadd i16 %add15, i16 %add18" [/home/hoinguyen/Downloads/GAN_HLS_ver2/GAN_HLS/gen/Hls_Layers.tpp:318]   --->   Operation 241 'hadd' 'total' <Predicate = true> <Delay = 2.33> <CoreInst = "HAddSub_fulldsp">   --->   Core 55 'HAddSub_fulldsp' <Latency = 4> <II = 1> <Delay = 2.33> <FuncUnit> <Opcode : 'hadd' 'hsub'> <InPorts = 2> <OutPorts = 1>

State 15 <SV = 14> <Delay = 2.33>
ST_15 : Operation 242 [2/5] (2.33ns)   --->   "%total = hadd i16 %add15, i16 %add18" [/home/hoinguyen/Downloads/GAN_HLS_ver2/GAN_HLS/gen/Hls_Layers.tpp:318]   --->   Operation 242 'hadd' 'total' <Predicate = true> <Delay = 2.33> <CoreInst = "HAddSub_fulldsp">   --->   Core 55 'HAddSub_fulldsp' <Latency = 4> <II = 1> <Delay = 2.33> <FuncUnit> <Opcode : 'hadd' 'hsub'> <InPorts = 2> <OutPorts = 1>

State 16 <SV = 15> <Delay = 2.33>
ST_16 : Operation 243 [1/5] (2.33ns)   --->   "%total = hadd i16 %add15, i16 %add18" [/home/hoinguyen/Downloads/GAN_HLS_ver2/GAN_HLS/gen/Hls_Layers.tpp:318]   --->   Operation 243 'hadd' 'total' <Predicate = true> <Delay = 2.33> <CoreInst = "HAddSub_fulldsp">   --->   Core 55 'HAddSub_fulldsp' <Latency = 4> <II = 1> <Delay = 2.33> <FuncUnit> <Opcode : 'hadd' 'hsub'> <InPorts = 2> <OutPorts = 1>

State 17 <SV = 16> <Delay = 2.33>
ST_17 : Operation 244 [5/5] (2.33ns)   --->   "%fout = hadd i16 %total, i16 %bias_read" [/home/hoinguyen/Downloads/GAN_HLS_ver2/GAN_HLS/gen/Hls_Layers.tpp:322]   --->   Operation 244 'hadd' 'fout' <Predicate = true> <Delay = 2.33> <CoreInst = "HAddSub_fulldsp">   --->   Core 55 'HAddSub_fulldsp' <Latency = 4> <II = 1> <Delay = 2.33> <FuncUnit> <Opcode : 'hadd' 'hsub'> <InPorts = 2> <OutPorts = 1>

State 18 <SV = 17> <Delay = 2.33>
ST_18 : Operation 245 [4/5] (2.33ns)   --->   "%fout = hadd i16 %total, i16 %bias_read" [/home/hoinguyen/Downloads/GAN_HLS_ver2/GAN_HLS/gen/Hls_Layers.tpp:322]   --->   Operation 245 'hadd' 'fout' <Predicate = true> <Delay = 2.33> <CoreInst = "HAddSub_fulldsp">   --->   Core 55 'HAddSub_fulldsp' <Latency = 4> <II = 1> <Delay = 2.33> <FuncUnit> <Opcode : 'hadd' 'hsub'> <InPorts = 2> <OutPorts = 1>

State 19 <SV = 18> <Delay = 2.33>
ST_19 : Operation 246 [3/5] (2.33ns)   --->   "%fout = hadd i16 %total, i16 %bias_read" [/home/hoinguyen/Downloads/GAN_HLS_ver2/GAN_HLS/gen/Hls_Layers.tpp:322]   --->   Operation 246 'hadd' 'fout' <Predicate = true> <Delay = 2.33> <CoreInst = "HAddSub_fulldsp">   --->   Core 55 'HAddSub_fulldsp' <Latency = 4> <II = 1> <Delay = 2.33> <FuncUnit> <Opcode : 'hadd' 'hsub'> <InPorts = 2> <OutPorts = 1>

State 20 <SV = 19> <Delay = 2.33>
ST_20 : Operation 247 [2/5] (2.33ns)   --->   "%fout = hadd i16 %total, i16 %bias_read" [/home/hoinguyen/Downloads/GAN_HLS_ver2/GAN_HLS/gen/Hls_Layers.tpp:322]   --->   Operation 247 'hadd' 'fout' <Predicate = true> <Delay = 2.33> <CoreInst = "HAddSub_fulldsp">   --->   Core 55 'HAddSub_fulldsp' <Latency = 4> <II = 1> <Delay = 2.33> <FuncUnit> <Opcode : 'hadd' 'hsub'> <InPorts = 2> <OutPorts = 1>

State 21 <SV = 20> <Delay = 2.33>
ST_21 : Operation 248 [1/5] (2.33ns)   --->   "%fout = hadd i16 %total, i16 %bias_read" [/home/hoinguyen/Downloads/GAN_HLS_ver2/GAN_HLS/gen/Hls_Layers.tpp:322]   --->   Operation 248 'hadd' 'fout' <Predicate = true> <Delay = 2.33> <CoreInst = "HAddSub_fulldsp">   --->   Core 55 'HAddSub_fulldsp' <Latency = 4> <II = 1> <Delay = 2.33> <FuncUnit> <Opcode : 'hadd' 'hsub'> <InPorts = 2> <OutPorts = 1>
ST_21 : Operation 249 [1/1] (0.00ns)   --->   "%br_ln323 = br void %arrayidx3331447.exit" [/home/hoinguyen/Downloads/GAN_HLS_ver2/GAN_HLS/gen/Hls_Layers.tpp:323]   --->   Operation 249 'br' 'br_ln323' <Predicate = (co_read == 14)> <Delay = 0.00>
ST_21 : Operation 250 [1/1] (0.00ns)   --->   "%br_ln323 = br void %arrayidx3331447.exit" [/home/hoinguyen/Downloads/GAN_HLS_ver2/GAN_HLS/gen/Hls_Layers.tpp:323]   --->   Operation 250 'br' 'br_ln323' <Predicate = (co_read == 13)> <Delay = 0.00>
ST_21 : Operation 251 [1/1] (0.00ns)   --->   "%br_ln323 = br void %arrayidx3331447.exit" [/home/hoinguyen/Downloads/GAN_HLS_ver2/GAN_HLS/gen/Hls_Layers.tpp:323]   --->   Operation 251 'br' 'br_ln323' <Predicate = (co_read == 12)> <Delay = 0.00>
ST_21 : Operation 252 [1/1] (0.00ns)   --->   "%br_ln323 = br void %arrayidx3331447.exit" [/home/hoinguyen/Downloads/GAN_HLS_ver2/GAN_HLS/gen/Hls_Layers.tpp:323]   --->   Operation 252 'br' 'br_ln323' <Predicate = (co_read == 11)> <Delay = 0.00>
ST_21 : Operation 253 [1/1] (0.00ns)   --->   "%br_ln323 = br void %arrayidx3331447.exit" [/home/hoinguyen/Downloads/GAN_HLS_ver2/GAN_HLS/gen/Hls_Layers.tpp:323]   --->   Operation 253 'br' 'br_ln323' <Predicate = (co_read == 10)> <Delay = 0.00>
ST_21 : Operation 254 [1/1] (0.00ns)   --->   "%br_ln323 = br void %arrayidx3331447.exit" [/home/hoinguyen/Downloads/GAN_HLS_ver2/GAN_HLS/gen/Hls_Layers.tpp:323]   --->   Operation 254 'br' 'br_ln323' <Predicate = (co_read == 9)> <Delay = 0.00>
ST_21 : Operation 255 [1/1] (0.00ns)   --->   "%br_ln323 = br void %arrayidx3331447.exit" [/home/hoinguyen/Downloads/GAN_HLS_ver2/GAN_HLS/gen/Hls_Layers.tpp:323]   --->   Operation 255 'br' 'br_ln323' <Predicate = (co_read == 8)> <Delay = 0.00>
ST_21 : Operation 256 [1/1] (0.00ns)   --->   "%br_ln323 = br void %arrayidx3331447.exit" [/home/hoinguyen/Downloads/GAN_HLS_ver2/GAN_HLS/gen/Hls_Layers.tpp:323]   --->   Operation 256 'br' 'br_ln323' <Predicate = (co_read == 7)> <Delay = 0.00>
ST_21 : Operation 257 [1/1] (0.00ns)   --->   "%br_ln323 = br void %arrayidx3331447.exit" [/home/hoinguyen/Downloads/GAN_HLS_ver2/GAN_HLS/gen/Hls_Layers.tpp:323]   --->   Operation 257 'br' 'br_ln323' <Predicate = (co_read == 6)> <Delay = 0.00>
ST_21 : Operation 258 [1/1] (0.00ns)   --->   "%br_ln323 = br void %arrayidx3331447.exit" [/home/hoinguyen/Downloads/GAN_HLS_ver2/GAN_HLS/gen/Hls_Layers.tpp:323]   --->   Operation 258 'br' 'br_ln323' <Predicate = (co_read == 5)> <Delay = 0.00>
ST_21 : Operation 259 [1/1] (0.00ns)   --->   "%br_ln323 = br void %arrayidx3331447.exit" [/home/hoinguyen/Downloads/GAN_HLS_ver2/GAN_HLS/gen/Hls_Layers.tpp:323]   --->   Operation 259 'br' 'br_ln323' <Predicate = (co_read == 4)> <Delay = 0.00>
ST_21 : Operation 260 [1/1] (0.00ns)   --->   "%br_ln323 = br void %arrayidx3331447.exit" [/home/hoinguyen/Downloads/GAN_HLS_ver2/GAN_HLS/gen/Hls_Layers.tpp:323]   --->   Operation 260 'br' 'br_ln323' <Predicate = (co_read == 3)> <Delay = 0.00>
ST_21 : Operation 261 [1/1] (0.00ns)   --->   "%br_ln323 = br void %arrayidx3331447.exit" [/home/hoinguyen/Downloads/GAN_HLS_ver2/GAN_HLS/gen/Hls_Layers.tpp:323]   --->   Operation 261 'br' 'br_ln323' <Predicate = (co_read == 2)> <Delay = 0.00>
ST_21 : Operation 262 [1/1] (0.00ns)   --->   "%br_ln323 = br void %arrayidx3331447.exit" [/home/hoinguyen/Downloads/GAN_HLS_ver2/GAN_HLS/gen/Hls_Layers.tpp:323]   --->   Operation 262 'br' 'br_ln323' <Predicate = (co_read == 1)> <Delay = 0.00>
ST_21 : Operation 263 [1/1] (0.00ns)   --->   "%br_ln323 = br void %arrayidx3331447.exit" [/home/hoinguyen/Downloads/GAN_HLS_ver2/GAN_HLS/gen/Hls_Layers.tpp:323]   --->   Operation 263 'br' 'br_ln323' <Predicate = (co_read == 0)> <Delay = 0.00>
ST_21 : Operation 264 [1/1] (0.00ns)   --->   "%br_ln323 = br void %arrayidx3331447.exit" [/home/hoinguyen/Downloads/GAN_HLS_ver2/GAN_HLS/gen/Hls_Layers.tpp:323]   --->   Operation 264 'br' 'br_ln323' <Predicate = (co_read == 15)> <Delay = 0.00>

State 22 <SV = 21> <Delay = 2.19>
ST_22 : Operation 265 [1/1] (0.00ns)   --->   "%p_shl = bitconcatenate i10 @_ssdm_op_BitConcatenate.i10.i4.i6, i4 %trunc_ln323, i6 0" [/home/hoinguyen/Downloads/GAN_HLS_ver2/GAN_HLS/gen/Hls_Layers.tpp:323]   --->   Operation 265 'bitconcatenate' 'p_shl' <Predicate = true> <Delay = 0.00>
ST_22 : Operation 266 [1/1] (0.00ns)   --->   "%tmp = bitconcatenate i7 @_ssdm_op_BitConcatenate.i7.i5.i2, i5 %pe_1, i2 0" [/home/hoinguyen/Downloads/GAN_HLS_ver2/GAN_HLS/gen/Hls_Layers.tpp:323]   --->   Operation 266 'bitconcatenate' 'tmp' <Predicate = true> <Delay = 0.00>
ST_22 : Operation 267 [1/1] (0.00ns)   --->   "%zext_ln323 = zext i7 %tmp" [/home/hoinguyen/Downloads/GAN_HLS_ver2/GAN_HLS/gen/Hls_Layers.tpp:323]   --->   Operation 267 'zext' 'zext_ln323' <Predicate = true> <Delay = 0.00>
ST_22 : Operation 268 [1/1] (0.00ns) (grouped into TernaryAdder)   --->   "%sub_ln323 = sub i10 %p_shl, i10 %zext_ln323" [/home/hoinguyen/Downloads/GAN_HLS_ver2/GAN_HLS/gen/Hls_Layers.tpp:323]   --->   Operation 268 'sub' 'sub_ln323' <Predicate = true> <Delay = 0.00> <CoreInst = "TAddSub">   --->   Core 10 'TAddSub' <Latency = 0> <II = 1> <Delay = 0.48> <IPBlock> <Opcode : '' 'add' 'sub'> <InPorts = 3> <OutPorts = 1> <Sync> <CReg>
ST_22 : Operation 269 [1/1] (0.96ns) (root node of TernaryAdder)   --->   "%add_ln323 = add i10 %sub_ln323, i10 %zext_ln201_cast" [/home/hoinguyen/Downloads/GAN_HLS_ver2/GAN_HLS/gen/Hls_Layers.tpp:323]   --->   Operation 269 'add' 'add_ln323' <Predicate = true> <Delay = 0.96> <CoreInst = "TAddSub">   --->   Core 10 'TAddSub' <Latency = 0> <II = 1> <Delay = 0.48> <IPBlock> <Opcode : '' 'add' 'sub'> <InPorts = 3> <OutPorts = 1> <Sync> <CReg>
ST_22 : Operation 270 [1/1] (0.00ns)   --->   "%zext_ln323_1 = zext i10 %add_ln323" [/home/hoinguyen/Downloads/GAN_HLS_ver2/GAN_HLS/gen/Hls_Layers.tpp:323]   --->   Operation 270 'zext' 'zext_ln323_1' <Predicate = true> <Delay = 0.00>
ST_22 : Operation 271 [1/1] (0.00ns)   --->   "%y_cache_16_0_addr = getelementptr i16 %y_cache_16_0, i64 0, i64 %zext_ln323_1" [/home/hoinguyen/Downloads/GAN_HLS_ver2/GAN_HLS/gen/Hls_Layers.tpp:323]   --->   Operation 271 'getelementptr' 'y_cache_16_0_addr' <Predicate = true> <Delay = 0.00>
ST_22 : Operation 272 [1/1] (0.00ns)   --->   "%y_cache_16_1_addr = getelementptr i16 %y_cache_16_1, i64 0, i64 %zext_ln323_1" [/home/hoinguyen/Downloads/GAN_HLS_ver2/GAN_HLS/gen/Hls_Layers.tpp:323]   --->   Operation 272 'getelementptr' 'y_cache_16_1_addr' <Predicate = true> <Delay = 0.00>
ST_22 : Operation 273 [1/1] (0.00ns)   --->   "%y_cache_16_2_addr = getelementptr i16 %y_cache_16_2, i64 0, i64 %zext_ln323_1" [/home/hoinguyen/Downloads/GAN_HLS_ver2/GAN_HLS/gen/Hls_Layers.tpp:323]   --->   Operation 273 'getelementptr' 'y_cache_16_2_addr' <Predicate = true> <Delay = 0.00>
ST_22 : Operation 274 [1/1] (0.00ns)   --->   "%y_cache_16_3_addr = getelementptr i16 %y_cache_16_3, i64 0, i64 %zext_ln323_1" [/home/hoinguyen/Downloads/GAN_HLS_ver2/GAN_HLS/gen/Hls_Layers.tpp:323]   --->   Operation 274 'getelementptr' 'y_cache_16_3_addr' <Predicate = true> <Delay = 0.00>
ST_22 : Operation 275 [1/1] (0.00ns)   --->   "%y_cache_16_4_addr = getelementptr i16 %y_cache_16_4, i64 0, i64 %zext_ln323_1" [/home/hoinguyen/Downloads/GAN_HLS_ver2/GAN_HLS/gen/Hls_Layers.tpp:323]   --->   Operation 275 'getelementptr' 'y_cache_16_4_addr' <Predicate = true> <Delay = 0.00>
ST_22 : Operation 276 [1/1] (0.00ns)   --->   "%y_cache_16_5_addr = getelementptr i16 %y_cache_16_5, i64 0, i64 %zext_ln323_1" [/home/hoinguyen/Downloads/GAN_HLS_ver2/GAN_HLS/gen/Hls_Layers.tpp:323]   --->   Operation 276 'getelementptr' 'y_cache_16_5_addr' <Predicate = true> <Delay = 0.00>
ST_22 : Operation 277 [1/1] (0.00ns)   --->   "%y_cache_16_6_addr = getelementptr i16 %y_cache_16_6, i64 0, i64 %zext_ln323_1" [/home/hoinguyen/Downloads/GAN_HLS_ver2/GAN_HLS/gen/Hls_Layers.tpp:323]   --->   Operation 277 'getelementptr' 'y_cache_16_6_addr' <Predicate = true> <Delay = 0.00>
ST_22 : Operation 278 [1/1] (0.00ns)   --->   "%y_cache_16_7_addr = getelementptr i16 %y_cache_16_7, i64 0, i64 %zext_ln323_1" [/home/hoinguyen/Downloads/GAN_HLS_ver2/GAN_HLS/gen/Hls_Layers.tpp:323]   --->   Operation 278 'getelementptr' 'y_cache_16_7_addr' <Predicate = true> <Delay = 0.00>
ST_22 : Operation 279 [1/1] (0.00ns)   --->   "%y_cache_16_8_addr = getelementptr i16 %y_cache_16_8, i64 0, i64 %zext_ln323_1" [/home/hoinguyen/Downloads/GAN_HLS_ver2/GAN_HLS/gen/Hls_Layers.tpp:323]   --->   Operation 279 'getelementptr' 'y_cache_16_8_addr' <Predicate = true> <Delay = 0.00>
ST_22 : Operation 280 [1/1] (0.00ns)   --->   "%y_cache_16_9_addr = getelementptr i16 %y_cache_16_9, i64 0, i64 %zext_ln323_1" [/home/hoinguyen/Downloads/GAN_HLS_ver2/GAN_HLS/gen/Hls_Layers.tpp:323]   --->   Operation 280 'getelementptr' 'y_cache_16_9_addr' <Predicate = true> <Delay = 0.00>
ST_22 : Operation 281 [1/1] (0.00ns)   --->   "%y_cache_16_10_addr = getelementptr i16 %y_cache_16_10, i64 0, i64 %zext_ln323_1" [/home/hoinguyen/Downloads/GAN_HLS_ver2/GAN_HLS/gen/Hls_Layers.tpp:323]   --->   Operation 281 'getelementptr' 'y_cache_16_10_addr' <Predicate = true> <Delay = 0.00>
ST_22 : Operation 282 [1/1] (0.00ns)   --->   "%y_cache_16_11_addr = getelementptr i16 %y_cache_16_11, i64 0, i64 %zext_ln323_1" [/home/hoinguyen/Downloads/GAN_HLS_ver2/GAN_HLS/gen/Hls_Layers.tpp:323]   --->   Operation 282 'getelementptr' 'y_cache_16_11_addr' <Predicate = true> <Delay = 0.00>
ST_22 : Operation 283 [1/1] (0.00ns)   --->   "%y_cache_16_12_addr = getelementptr i16 %y_cache_16_12, i64 0, i64 %zext_ln323_1" [/home/hoinguyen/Downloads/GAN_HLS_ver2/GAN_HLS/gen/Hls_Layers.tpp:323]   --->   Operation 283 'getelementptr' 'y_cache_16_12_addr' <Predicate = true> <Delay = 0.00>
ST_22 : Operation 284 [1/1] (0.00ns)   --->   "%y_cache_16_13_addr = getelementptr i16 %y_cache_16_13, i64 0, i64 %zext_ln323_1" [/home/hoinguyen/Downloads/GAN_HLS_ver2/GAN_HLS/gen/Hls_Layers.tpp:323]   --->   Operation 284 'getelementptr' 'y_cache_16_13_addr' <Predicate = true> <Delay = 0.00>
ST_22 : Operation 285 [1/1] (0.00ns)   --->   "%y_cache_16_14_addr = getelementptr i16 %y_cache_16_14, i64 0, i64 %zext_ln323_1" [/home/hoinguyen/Downloads/GAN_HLS_ver2/GAN_HLS/gen/Hls_Layers.tpp:323]   --->   Operation 285 'getelementptr' 'y_cache_16_14_addr' <Predicate = true> <Delay = 0.00>
ST_22 : Operation 286 [1/1] (0.00ns)   --->   "%y_cache_16_15_addr = getelementptr i16 %y_cache_16_15, i64 0, i64 %zext_ln323_1" [/home/hoinguyen/Downloads/GAN_HLS_ver2/GAN_HLS/gen/Hls_Layers.tpp:323]   --->   Operation 286 'getelementptr' 'y_cache_16_15_addr' <Predicate = true> <Delay = 0.00>
ST_22 : Operation 287 [1/1] (0.00ns)   --->   "%specpipeline_ln316 = specpipeline void @_ssdm_op_SpecPipeline, i32 1, i32 0, i32 0, i32 0, void @empty_13" [/home/hoinguyen/Downloads/GAN_HLS_ver2/GAN_HLS/gen/Hls_Layers.tpp:316]   --->   Operation 287 'specpipeline' 'specpipeline_ln316' <Predicate = true> <Delay = 0.00>
ST_22 : Operation 288 [1/1] (0.00ns)   --->   "%speclooptripcount_ln315 = speclooptripcount void @_ssdm_op_SpecLoopTripCount, i64 16, i64 16, i64 16" [/home/hoinguyen/Downloads/GAN_HLS_ver2/GAN_HLS/gen/Hls_Layers.tpp:315]   --->   Operation 288 'speclooptripcount' 'speclooptripcount_ln315' <Predicate = true> <Delay = 0.00>
ST_22 : Operation 289 [1/1] (0.00ns)   --->   "%specloopname_ln315 = specloopname void @_ssdm_op_SpecLoopName, void @empty_27" [/home/hoinguyen/Downloads/GAN_HLS_ver2/GAN_HLS/gen/Hls_Layers.tpp:315]   --->   Operation 289 'specloopname' 'specloopname_ln315' <Predicate = true> <Delay = 0.00>
ST_22 : Operation 290 [1/1] ( I:1.23ns O:1.23ns )   --->   "%store_ln323 = store i16 %fout, i10 %y_cache_16_14_addr" [/home/hoinguyen/Downloads/GAN_HLS_ver2/GAN_HLS/gen/Hls_Layers.tpp:323]   --->   Operation 290 'store' 'store_ln323' <Predicate = (co_read == 14)> <Delay = 1.23> <CoreInst = "RAM_2P_BRAM">   --->   Core 93 'RAM_2P_BRAM' <Latency = 1> <II = 1> <Delay = 1.23> <Storage> <Opcode : 'load' 'store'> <Ports = 2> <Width = 16> <Depth = 960> <RAM>
ST_22 : Operation 291 [1/1] ( I:1.23ns O:1.23ns )   --->   "%store_ln323 = store i16 %fout, i10 %y_cache_16_13_addr" [/home/hoinguyen/Downloads/GAN_HLS_ver2/GAN_HLS/gen/Hls_Layers.tpp:323]   --->   Operation 291 'store' 'store_ln323' <Predicate = (co_read == 13)> <Delay = 1.23> <CoreInst = "RAM_2P_BRAM">   --->   Core 93 'RAM_2P_BRAM' <Latency = 1> <II = 1> <Delay = 1.23> <Storage> <Opcode : 'load' 'store'> <Ports = 2> <Width = 16> <Depth = 960> <RAM>
ST_22 : Operation 292 [1/1] ( I:1.23ns O:1.23ns )   --->   "%store_ln323 = store i16 %fout, i10 %y_cache_16_12_addr" [/home/hoinguyen/Downloads/GAN_HLS_ver2/GAN_HLS/gen/Hls_Layers.tpp:323]   --->   Operation 292 'store' 'store_ln323' <Predicate = (co_read == 12)> <Delay = 1.23> <CoreInst = "RAM_2P_BRAM">   --->   Core 93 'RAM_2P_BRAM' <Latency = 1> <II = 1> <Delay = 1.23> <Storage> <Opcode : 'load' 'store'> <Ports = 2> <Width = 16> <Depth = 960> <RAM>
ST_22 : Operation 293 [1/1] ( I:1.23ns O:1.23ns )   --->   "%store_ln323 = store i16 %fout, i10 %y_cache_16_11_addr" [/home/hoinguyen/Downloads/GAN_HLS_ver2/GAN_HLS/gen/Hls_Layers.tpp:323]   --->   Operation 293 'store' 'store_ln323' <Predicate = (co_read == 11)> <Delay = 1.23> <CoreInst = "RAM_2P_BRAM">   --->   Core 93 'RAM_2P_BRAM' <Latency = 1> <II = 1> <Delay = 1.23> <Storage> <Opcode : 'load' 'store'> <Ports = 2> <Width = 16> <Depth = 960> <RAM>
ST_22 : Operation 294 [1/1] ( I:1.23ns O:1.23ns )   --->   "%store_ln323 = store i16 %fout, i10 %y_cache_16_10_addr" [/home/hoinguyen/Downloads/GAN_HLS_ver2/GAN_HLS/gen/Hls_Layers.tpp:323]   --->   Operation 294 'store' 'store_ln323' <Predicate = (co_read == 10)> <Delay = 1.23> <CoreInst = "RAM_2P_BRAM">   --->   Core 93 'RAM_2P_BRAM' <Latency = 1> <II = 1> <Delay = 1.23> <Storage> <Opcode : 'load' 'store'> <Ports = 2> <Width = 16> <Depth = 960> <RAM>
ST_22 : Operation 295 [1/1] ( I:1.23ns O:1.23ns )   --->   "%store_ln323 = store i16 %fout, i10 %y_cache_16_9_addr" [/home/hoinguyen/Downloads/GAN_HLS_ver2/GAN_HLS/gen/Hls_Layers.tpp:323]   --->   Operation 295 'store' 'store_ln323' <Predicate = (co_read == 9)> <Delay = 1.23> <CoreInst = "RAM_2P_BRAM">   --->   Core 93 'RAM_2P_BRAM' <Latency = 1> <II = 1> <Delay = 1.23> <Storage> <Opcode : 'load' 'store'> <Ports = 2> <Width = 16> <Depth = 960> <RAM>
ST_22 : Operation 296 [1/1] ( I:1.23ns O:1.23ns )   --->   "%store_ln323 = store i16 %fout, i10 %y_cache_16_8_addr" [/home/hoinguyen/Downloads/GAN_HLS_ver2/GAN_HLS/gen/Hls_Layers.tpp:323]   --->   Operation 296 'store' 'store_ln323' <Predicate = (co_read == 8)> <Delay = 1.23> <CoreInst = "RAM_2P_BRAM">   --->   Core 93 'RAM_2P_BRAM' <Latency = 1> <II = 1> <Delay = 1.23> <Storage> <Opcode : 'load' 'store'> <Ports = 2> <Width = 16> <Depth = 960> <RAM>
ST_22 : Operation 297 [1/1] ( I:1.23ns O:1.23ns )   --->   "%store_ln323 = store i16 %fout, i10 %y_cache_16_7_addr" [/home/hoinguyen/Downloads/GAN_HLS_ver2/GAN_HLS/gen/Hls_Layers.tpp:323]   --->   Operation 297 'store' 'store_ln323' <Predicate = (co_read == 7)> <Delay = 1.23> <CoreInst = "RAM_2P_BRAM">   --->   Core 93 'RAM_2P_BRAM' <Latency = 1> <II = 1> <Delay = 1.23> <Storage> <Opcode : 'load' 'store'> <Ports = 2> <Width = 16> <Depth = 960> <RAM>
ST_22 : Operation 298 [1/1] ( I:1.23ns O:1.23ns )   --->   "%store_ln323 = store i16 %fout, i10 %y_cache_16_6_addr" [/home/hoinguyen/Downloads/GAN_HLS_ver2/GAN_HLS/gen/Hls_Layers.tpp:323]   --->   Operation 298 'store' 'store_ln323' <Predicate = (co_read == 6)> <Delay = 1.23> <CoreInst = "RAM_2P_BRAM">   --->   Core 93 'RAM_2P_BRAM' <Latency = 1> <II = 1> <Delay = 1.23> <Storage> <Opcode : 'load' 'store'> <Ports = 2> <Width = 16> <Depth = 960> <RAM>
ST_22 : Operation 299 [1/1] ( I:1.23ns O:1.23ns )   --->   "%store_ln323 = store i16 %fout, i10 %y_cache_16_5_addr" [/home/hoinguyen/Downloads/GAN_HLS_ver2/GAN_HLS/gen/Hls_Layers.tpp:323]   --->   Operation 299 'store' 'store_ln323' <Predicate = (co_read == 5)> <Delay = 1.23> <CoreInst = "RAM_2P_BRAM">   --->   Core 93 'RAM_2P_BRAM' <Latency = 1> <II = 1> <Delay = 1.23> <Storage> <Opcode : 'load' 'store'> <Ports = 2> <Width = 16> <Depth = 960> <RAM>
ST_22 : Operation 300 [1/1] ( I:1.23ns O:1.23ns )   --->   "%store_ln323 = store i16 %fout, i10 %y_cache_16_4_addr" [/home/hoinguyen/Downloads/GAN_HLS_ver2/GAN_HLS/gen/Hls_Layers.tpp:323]   --->   Operation 300 'store' 'store_ln323' <Predicate = (co_read == 4)> <Delay = 1.23> <CoreInst = "RAM_2P_BRAM">   --->   Core 93 'RAM_2P_BRAM' <Latency = 1> <II = 1> <Delay = 1.23> <Storage> <Opcode : 'load' 'store'> <Ports = 2> <Width = 16> <Depth = 960> <RAM>
ST_22 : Operation 301 [1/1] ( I:1.23ns O:1.23ns )   --->   "%store_ln323 = store i16 %fout, i10 %y_cache_16_3_addr" [/home/hoinguyen/Downloads/GAN_HLS_ver2/GAN_HLS/gen/Hls_Layers.tpp:323]   --->   Operation 301 'store' 'store_ln323' <Predicate = (co_read == 3)> <Delay = 1.23> <CoreInst = "RAM_2P_BRAM">   --->   Core 93 'RAM_2P_BRAM' <Latency = 1> <II = 1> <Delay = 1.23> <Storage> <Opcode : 'load' 'store'> <Ports = 2> <Width = 16> <Depth = 960> <RAM>
ST_22 : Operation 302 [1/1] ( I:1.23ns O:1.23ns )   --->   "%store_ln323 = store i16 %fout, i10 %y_cache_16_2_addr" [/home/hoinguyen/Downloads/GAN_HLS_ver2/GAN_HLS/gen/Hls_Layers.tpp:323]   --->   Operation 302 'store' 'store_ln323' <Predicate = (co_read == 2)> <Delay = 1.23> <CoreInst = "RAM_2P_BRAM">   --->   Core 93 'RAM_2P_BRAM' <Latency = 1> <II = 1> <Delay = 1.23> <Storage> <Opcode : 'load' 'store'> <Ports = 2> <Width = 16> <Depth = 960> <RAM>
ST_22 : Operation 303 [1/1] ( I:1.23ns O:1.23ns )   --->   "%store_ln323 = store i16 %fout, i10 %y_cache_16_1_addr" [/home/hoinguyen/Downloads/GAN_HLS_ver2/GAN_HLS/gen/Hls_Layers.tpp:323]   --->   Operation 303 'store' 'store_ln323' <Predicate = (co_read == 1)> <Delay = 1.23> <CoreInst = "RAM_2P_BRAM">   --->   Core 93 'RAM_2P_BRAM' <Latency = 1> <II = 1> <Delay = 1.23> <Storage> <Opcode : 'load' 'store'> <Ports = 2> <Width = 16> <Depth = 960> <RAM>
ST_22 : Operation 304 [1/1] ( I:1.23ns O:1.23ns )   --->   "%store_ln323 = store i16 %fout, i10 %y_cache_16_0_addr" [/home/hoinguyen/Downloads/GAN_HLS_ver2/GAN_HLS/gen/Hls_Layers.tpp:323]   --->   Operation 304 'store' 'store_ln323' <Predicate = (co_read == 0)> <Delay = 1.23> <CoreInst = "RAM_2P_BRAM">   --->   Core 93 'RAM_2P_BRAM' <Latency = 1> <II = 1> <Delay = 1.23> <Storage> <Opcode : 'load' 'store'> <Ports = 2> <Width = 16> <Depth = 960> <RAM>
ST_22 : Operation 305 [1/1] ( I:1.23ns O:1.23ns )   --->   "%store_ln323 = store i16 %fout, i10 %y_cache_16_15_addr" [/home/hoinguyen/Downloads/GAN_HLS_ver2/GAN_HLS/gen/Hls_Layers.tpp:323]   --->   Operation 305 'store' 'store_ln323' <Predicate = (co_read == 15)> <Delay = 1.23> <CoreInst = "RAM_2P_BRAM">   --->   Core 93 'RAM_2P_BRAM' <Latency = 1> <II = 1> <Delay = 1.23> <Storage> <Opcode : 'load' 'store'> <Ports = 2> <Width = 16> <Depth = 960> <RAM>
ST_22 : Operation 306 [2/2] (1.53ns)   --->   "%ff = hptosp i16 %fout" [/home/hoinguyen/Downloads/GAN_HLS_ver2/GAN_HLS/gen/Hls_Layers.tpp:325]   --->   Operation 306 'hptosp' 'ff' <Predicate = true> <Delay = 1.53> <CoreInst = "Half2Float">   --->   Core 68 'Half2Float' <Latency = 1> <II = 1> <Delay = 1.53> <FuncUnit> <Opcode : 'hptosp'> <InPorts = 1> <OutPorts = 1>
ST_22 : Operation 307 [1/1] (0.79ns)   --->   "%switch_ln326 = switch i4 %trunc_ln323, void %arrayidx340.case.15, i4 0, void %arrayidx340.case.0, i4 1, void %arrayidx340.case.1, i4 2, void %arrayidx340.case.2, i4 3, void %arrayidx340.case.3, i4 4, void %arrayidx340.case.4, i4 5, void %arrayidx340.case.5, i4 6, void %arrayidx340.case.6, i4 7, void %arrayidx340.case.7, i4 8, void %arrayidx340.case.8, i4 9, void %arrayidx340.case.9, i4 10, void %arrayidx340.case.10, i4 11, void %arrayidx340.case.11, i4 12, void %arrayidx340.case.12, i4 13, void %arrayidx340.case.13, i4 14, void %arrayidx340.case.14" [/home/hoinguyen/Downloads/GAN_HLS_ver2/GAN_HLS/gen/Hls_Layers.tpp:326]   --->   Operation 307 'switch' 'switch_ln326' <Predicate = true> <Delay = 0.79>

State 23 <SV = 22> <Delay = 1.53>
ST_23 : Operation 308 [1/2] (1.53ns)   --->   "%ff = hptosp i16 %fout" [/home/hoinguyen/Downloads/GAN_HLS_ver2/GAN_HLS/gen/Hls_Layers.tpp:325]   --->   Operation 308 'hptosp' 'ff' <Predicate = true> <Delay = 1.53> <CoreInst = "Half2Float">   --->   Core 68 'Half2Float' <Latency = 1> <II = 1> <Delay = 1.53> <FuncUnit> <Opcode : 'hptosp'> <InPorts = 1> <OutPorts = 1>
ST_23 : Operation 309 [1/1] (0.00ns)   --->   "%sum_acc_read = read i32 @_ssdm_op_Read.ap_auto.floatP0A, i32 %sum_acc" [/home/hoinguyen/Downloads/GAN_HLS_ver2/GAN_HLS/gen/Hls_Layers.tpp:326]   --->   Operation 309 'read' 'sum_acc_read' <Predicate = true> <Delay = 0.00>
ST_23 : Operation 310 [1/1] (0.00ns)   --->   "%sum_acc_1_read = read i32 @_ssdm_op_Read.ap_auto.floatP0A, i32 %sum_acc_1" [/home/hoinguyen/Downloads/GAN_HLS_ver2/GAN_HLS/gen/Hls_Layers.tpp:326]   --->   Operation 310 'read' 'sum_acc_1_read' <Predicate = true> <Delay = 0.00>
ST_23 : Operation 311 [1/1] (0.00ns)   --->   "%sum_acc_2_read = read i32 @_ssdm_op_Read.ap_auto.floatP0A, i32 %sum_acc_2" [/home/hoinguyen/Downloads/GAN_HLS_ver2/GAN_HLS/gen/Hls_Layers.tpp:326]   --->   Operation 311 'read' 'sum_acc_2_read' <Predicate = true> <Delay = 0.00>
ST_23 : Operation 312 [1/1] (0.00ns)   --->   "%sum_acc_3_read = read i32 @_ssdm_op_Read.ap_auto.floatP0A, i32 %sum_acc_3" [/home/hoinguyen/Downloads/GAN_HLS_ver2/GAN_HLS/gen/Hls_Layers.tpp:326]   --->   Operation 312 'read' 'sum_acc_3_read' <Predicate = true> <Delay = 0.00>
ST_23 : Operation 313 [1/1] (0.00ns)   --->   "%sum_acc_4_read = read i32 @_ssdm_op_Read.ap_auto.floatP0A, i32 %sum_acc_4" [/home/hoinguyen/Downloads/GAN_HLS_ver2/GAN_HLS/gen/Hls_Layers.tpp:326]   --->   Operation 313 'read' 'sum_acc_4_read' <Predicate = true> <Delay = 0.00>
ST_23 : Operation 314 [1/1] (0.00ns)   --->   "%sum_acc_5_read = read i32 @_ssdm_op_Read.ap_auto.floatP0A, i32 %sum_acc_5" [/home/hoinguyen/Downloads/GAN_HLS_ver2/GAN_HLS/gen/Hls_Layers.tpp:326]   --->   Operation 314 'read' 'sum_acc_5_read' <Predicate = true> <Delay = 0.00>
ST_23 : Operation 315 [1/1] (0.00ns)   --->   "%sum_acc_6_read = read i32 @_ssdm_op_Read.ap_auto.floatP0A, i32 %sum_acc_6" [/home/hoinguyen/Downloads/GAN_HLS_ver2/GAN_HLS/gen/Hls_Layers.tpp:326]   --->   Operation 315 'read' 'sum_acc_6_read' <Predicate = true> <Delay = 0.00>
ST_23 : Operation 316 [1/1] (0.00ns)   --->   "%sum_acc_7_read = read i32 @_ssdm_op_Read.ap_auto.floatP0A, i32 %sum_acc_7" [/home/hoinguyen/Downloads/GAN_HLS_ver2/GAN_HLS/gen/Hls_Layers.tpp:326]   --->   Operation 316 'read' 'sum_acc_7_read' <Predicate = true> <Delay = 0.00>
ST_23 : Operation 317 [1/1] (0.00ns)   --->   "%sum_acc_8_read = read i32 @_ssdm_op_Read.ap_auto.floatP0A, i32 %sum_acc_8" [/home/hoinguyen/Downloads/GAN_HLS_ver2/GAN_HLS/gen/Hls_Layers.tpp:326]   --->   Operation 317 'read' 'sum_acc_8_read' <Predicate = true> <Delay = 0.00>
ST_23 : Operation 318 [1/1] (0.00ns)   --->   "%sum_acc_9_read = read i32 @_ssdm_op_Read.ap_auto.floatP0A, i32 %sum_acc_9" [/home/hoinguyen/Downloads/GAN_HLS_ver2/GAN_HLS/gen/Hls_Layers.tpp:326]   --->   Operation 318 'read' 'sum_acc_9_read' <Predicate = true> <Delay = 0.00>
ST_23 : Operation 319 [1/1] (0.00ns)   --->   "%sum_acc_10_read = read i32 @_ssdm_op_Read.ap_auto.floatP0A, i32 %sum_acc_10" [/home/hoinguyen/Downloads/GAN_HLS_ver2/GAN_HLS/gen/Hls_Layers.tpp:326]   --->   Operation 319 'read' 'sum_acc_10_read' <Predicate = true> <Delay = 0.00>
ST_23 : Operation 320 [1/1] (0.00ns)   --->   "%sum_acc_11_read = read i32 @_ssdm_op_Read.ap_auto.floatP0A, i32 %sum_acc_11" [/home/hoinguyen/Downloads/GAN_HLS_ver2/GAN_HLS/gen/Hls_Layers.tpp:326]   --->   Operation 320 'read' 'sum_acc_11_read' <Predicate = true> <Delay = 0.00>
ST_23 : Operation 321 [1/1] (0.00ns)   --->   "%sum_acc_12_read = read i32 @_ssdm_op_Read.ap_auto.floatP0A, i32 %sum_acc_12" [/home/hoinguyen/Downloads/GAN_HLS_ver2/GAN_HLS/gen/Hls_Layers.tpp:326]   --->   Operation 321 'read' 'sum_acc_12_read' <Predicate = true> <Delay = 0.00>
ST_23 : Operation 322 [1/1] (0.00ns)   --->   "%sum_acc_13_read = read i32 @_ssdm_op_Read.ap_auto.floatP0A, i32 %sum_acc_13" [/home/hoinguyen/Downloads/GAN_HLS_ver2/GAN_HLS/gen/Hls_Layers.tpp:326]   --->   Operation 322 'read' 'sum_acc_13_read' <Predicate = true> <Delay = 0.00>
ST_23 : Operation 323 [1/1] (0.00ns)   --->   "%sum_acc_14_read = read i32 @_ssdm_op_Read.ap_auto.floatP0A, i32 %sum_acc_14" [/home/hoinguyen/Downloads/GAN_HLS_ver2/GAN_HLS/gen/Hls_Layers.tpp:326]   --->   Operation 323 'read' 'sum_acc_14_read' <Predicate = true> <Delay = 0.00>
ST_23 : Operation 324 [1/1] (0.00ns)   --->   "%sum_acc_15_read = read i32 @_ssdm_op_Read.ap_auto.floatP0A, i32 %sum_acc_15" [/home/hoinguyen/Downloads/GAN_HLS_ver2/GAN_HLS/gen/Hls_Layers.tpp:326]   --->   Operation 324 'read' 'sum_acc_15_read' <Predicate = true> <Delay = 0.00>
ST_23 : Operation 325 [1/1] (0.48ns)   --->   "%tmp_38 = sparsemux i32 @_ssdm_op_SparseMux.ap_auto.16float.float.i4, i4 0, i32 %sum_acc_read, i4 1, i32 %sum_acc_1_read, i4 2, i32 %sum_acc_2_read, i4 3, i32 %sum_acc_3_read, i4 4, i32 %sum_acc_4_read, i4 5, i32 %sum_acc_5_read, i4 6, i32 %sum_acc_6_read, i4 7, i32 %sum_acc_7_read, i4 8, i32 %sum_acc_8_read, i4 9, i32 %sum_acc_9_read, i4 10, i32 %sum_acc_10_read, i4 11, i32 %sum_acc_11_read, i4 12, i32 %sum_acc_12_read, i4 13, i32 %sum_acc_13_read, i4 14, i32 %sum_acc_14_read, i4 15, i32 %sum_acc_15_read, i32 <undef>, i4 %trunc_ln323" [/home/hoinguyen/Downloads/GAN_HLS_ver2/GAN_HLS/gen/Hls_Layers.tpp:326]   --->   Operation 325 'sparsemux' 'tmp_38' <Predicate = true> <Delay = 0.48> <CoreInst = "BinarySparseMux_DontCare">   --->   Core 149 'BinarySparseMux_DontCare' <Latency = 0> <II = 1> <Delay = 0.48> <FuncUnit> <Opcode : 'sparsemux'> <InPorts = 2> <OutPorts = 1>

State 24 <SV = 23> <Delay = 2.56>
ST_24 : Operation 326 [6/6] (2.56ns)   --->   "%mul16 = fmul i32 %ff, i32 %ff" [/home/hoinguyen/Downloads/GAN_HLS_ver2/GAN_HLS/gen/Hls_Layers.tpp:327]   --->   Operation 326 'fmul' 'mul16' <Predicate = true> <Delay = 2.56> <CoreInst = "FMul_maxdsp">   --->   Core 30 'FMul_maxdsp' <Latency = 5> <II = 1> <Delay = 2.56> <FuncUnit> <Opcode : 'fmul'> <InPorts = 2> <OutPorts = 1>
ST_24 : Operation 327 [10/10] (2.46ns)   --->   "%sum_acc_16 = fadd i32 %tmp_38, i32 %ff" [/home/hoinguyen/Downloads/GAN_HLS_ver2/GAN_HLS/gen/Hls_Layers.tpp:326]   --->   Operation 327 'fadd' 'sum_acc_16' <Predicate = true> <Delay = 2.46> <CoreInst = "FAddSub_fulldsp">   --->   Core 18 'FAddSub_fulldsp' <Latency = 9> <II = 1> <Delay = 2.46> <FuncUnit> <Opcode : 'fadd' 'fsub'> <InPorts = 2> <OutPorts = 1>

State 25 <SV = 24> <Delay = 2.56>
ST_25 : Operation 328 [5/6] (2.56ns)   --->   "%mul16 = fmul i32 %ff, i32 %ff" [/home/hoinguyen/Downloads/GAN_HLS_ver2/GAN_HLS/gen/Hls_Layers.tpp:327]   --->   Operation 328 'fmul' 'mul16' <Predicate = true> <Delay = 2.56> <CoreInst = "FMul_maxdsp">   --->   Core 30 'FMul_maxdsp' <Latency = 5> <II = 1> <Delay = 2.56> <FuncUnit> <Opcode : 'fmul'> <InPorts = 2> <OutPorts = 1>
ST_25 : Operation 329 [9/10] (2.46ns)   --->   "%sum_acc_16 = fadd i32 %tmp_38, i32 %ff" [/home/hoinguyen/Downloads/GAN_HLS_ver2/GAN_HLS/gen/Hls_Layers.tpp:326]   --->   Operation 329 'fadd' 'sum_acc_16' <Predicate = true> <Delay = 2.46> <CoreInst = "FAddSub_fulldsp">   --->   Core 18 'FAddSub_fulldsp' <Latency = 9> <II = 1> <Delay = 2.46> <FuncUnit> <Opcode : 'fadd' 'fsub'> <InPorts = 2> <OutPorts = 1>

State 26 <SV = 25> <Delay = 2.56>
ST_26 : Operation 330 [4/6] (2.56ns)   --->   "%mul16 = fmul i32 %ff, i32 %ff" [/home/hoinguyen/Downloads/GAN_HLS_ver2/GAN_HLS/gen/Hls_Layers.tpp:327]   --->   Operation 330 'fmul' 'mul16' <Predicate = true> <Delay = 2.56> <CoreInst = "FMul_maxdsp">   --->   Core 30 'FMul_maxdsp' <Latency = 5> <II = 1> <Delay = 2.56> <FuncUnit> <Opcode : 'fmul'> <InPorts = 2> <OutPorts = 1>
ST_26 : Operation 331 [8/10] (2.46ns)   --->   "%sum_acc_16 = fadd i32 %tmp_38, i32 %ff" [/home/hoinguyen/Downloads/GAN_HLS_ver2/GAN_HLS/gen/Hls_Layers.tpp:326]   --->   Operation 331 'fadd' 'sum_acc_16' <Predicate = true> <Delay = 2.46> <CoreInst = "FAddSub_fulldsp">   --->   Core 18 'FAddSub_fulldsp' <Latency = 9> <II = 1> <Delay = 2.46> <FuncUnit> <Opcode : 'fadd' 'fsub'> <InPorts = 2> <OutPorts = 1>

State 27 <SV = 26> <Delay = 2.56>
ST_27 : Operation 332 [3/6] (2.56ns)   --->   "%mul16 = fmul i32 %ff, i32 %ff" [/home/hoinguyen/Downloads/GAN_HLS_ver2/GAN_HLS/gen/Hls_Layers.tpp:327]   --->   Operation 332 'fmul' 'mul16' <Predicate = true> <Delay = 2.56> <CoreInst = "FMul_maxdsp">   --->   Core 30 'FMul_maxdsp' <Latency = 5> <II = 1> <Delay = 2.56> <FuncUnit> <Opcode : 'fmul'> <InPorts = 2> <OutPorts = 1>
ST_27 : Operation 333 [7/10] (2.46ns)   --->   "%sum_acc_16 = fadd i32 %tmp_38, i32 %ff" [/home/hoinguyen/Downloads/GAN_HLS_ver2/GAN_HLS/gen/Hls_Layers.tpp:326]   --->   Operation 333 'fadd' 'sum_acc_16' <Predicate = true> <Delay = 2.46> <CoreInst = "FAddSub_fulldsp">   --->   Core 18 'FAddSub_fulldsp' <Latency = 9> <II = 1> <Delay = 2.46> <FuncUnit> <Opcode : 'fadd' 'fsub'> <InPorts = 2> <OutPorts = 1>

State 28 <SV = 27> <Delay = 2.56>
ST_28 : Operation 334 [2/6] (2.56ns)   --->   "%mul16 = fmul i32 %ff, i32 %ff" [/home/hoinguyen/Downloads/GAN_HLS_ver2/GAN_HLS/gen/Hls_Layers.tpp:327]   --->   Operation 334 'fmul' 'mul16' <Predicate = true> <Delay = 2.56> <CoreInst = "FMul_maxdsp">   --->   Core 30 'FMul_maxdsp' <Latency = 5> <II = 1> <Delay = 2.56> <FuncUnit> <Opcode : 'fmul'> <InPorts = 2> <OutPorts = 1>
ST_28 : Operation 335 [6/10] (2.46ns)   --->   "%sum_acc_16 = fadd i32 %tmp_38, i32 %ff" [/home/hoinguyen/Downloads/GAN_HLS_ver2/GAN_HLS/gen/Hls_Layers.tpp:326]   --->   Operation 335 'fadd' 'sum_acc_16' <Predicate = true> <Delay = 2.46> <CoreInst = "FAddSub_fulldsp">   --->   Core 18 'FAddSub_fulldsp' <Latency = 9> <II = 1> <Delay = 2.46> <FuncUnit> <Opcode : 'fadd' 'fsub'> <InPorts = 2> <OutPorts = 1>

State 29 <SV = 28> <Delay = 2.56>
ST_29 : Operation 336 [1/6] (2.56ns)   --->   "%mul16 = fmul i32 %ff, i32 %ff" [/home/hoinguyen/Downloads/GAN_HLS_ver2/GAN_HLS/gen/Hls_Layers.tpp:327]   --->   Operation 336 'fmul' 'mul16' <Predicate = true> <Delay = 2.56> <CoreInst = "FMul_maxdsp">   --->   Core 30 'FMul_maxdsp' <Latency = 5> <II = 1> <Delay = 2.56> <FuncUnit> <Opcode : 'fmul'> <InPorts = 2> <OutPorts = 1>
ST_29 : Operation 337 [5/10] (2.46ns)   --->   "%sum_acc_16 = fadd i32 %tmp_38, i32 %ff" [/home/hoinguyen/Downloads/GAN_HLS_ver2/GAN_HLS/gen/Hls_Layers.tpp:326]   --->   Operation 337 'fadd' 'sum_acc_16' <Predicate = true> <Delay = 2.46> <CoreInst = "FAddSub_fulldsp">   --->   Core 18 'FAddSub_fulldsp' <Latency = 9> <II = 1> <Delay = 2.46> <FuncUnit> <Opcode : 'fadd' 'fsub'> <InPorts = 2> <OutPorts = 1>
ST_29 : Operation 338 [1/1] (0.00ns)   --->   "%sumsq_acc_read = read i32 @_ssdm_op_Read.ap_auto.floatP0A, i32 %sumsq_acc" [/home/hoinguyen/Downloads/GAN_HLS_ver2/GAN_HLS/gen/Hls_Layers.tpp:327]   --->   Operation 338 'read' 'sumsq_acc_read' <Predicate = true> <Delay = 0.00>
ST_29 : Operation 339 [1/1] (0.00ns)   --->   "%sumsq_acc_1_read = read i32 @_ssdm_op_Read.ap_auto.floatP0A, i32 %sumsq_acc_1" [/home/hoinguyen/Downloads/GAN_HLS_ver2/GAN_HLS/gen/Hls_Layers.tpp:327]   --->   Operation 339 'read' 'sumsq_acc_1_read' <Predicate = true> <Delay = 0.00>
ST_29 : Operation 340 [1/1] (0.00ns)   --->   "%sumsq_acc_2_read = read i32 @_ssdm_op_Read.ap_auto.floatP0A, i32 %sumsq_acc_2" [/home/hoinguyen/Downloads/GAN_HLS_ver2/GAN_HLS/gen/Hls_Layers.tpp:327]   --->   Operation 340 'read' 'sumsq_acc_2_read' <Predicate = true> <Delay = 0.00>
ST_29 : Operation 341 [1/1] (0.00ns)   --->   "%sumsq_acc_3_read = read i32 @_ssdm_op_Read.ap_auto.floatP0A, i32 %sumsq_acc_3" [/home/hoinguyen/Downloads/GAN_HLS_ver2/GAN_HLS/gen/Hls_Layers.tpp:327]   --->   Operation 341 'read' 'sumsq_acc_3_read' <Predicate = true> <Delay = 0.00>
ST_29 : Operation 342 [1/1] (0.00ns)   --->   "%sumsq_acc_4_read = read i32 @_ssdm_op_Read.ap_auto.floatP0A, i32 %sumsq_acc_4" [/home/hoinguyen/Downloads/GAN_HLS_ver2/GAN_HLS/gen/Hls_Layers.tpp:327]   --->   Operation 342 'read' 'sumsq_acc_4_read' <Predicate = true> <Delay = 0.00>
ST_29 : Operation 343 [1/1] (0.00ns)   --->   "%sumsq_acc_5_read = read i32 @_ssdm_op_Read.ap_auto.floatP0A, i32 %sumsq_acc_5" [/home/hoinguyen/Downloads/GAN_HLS_ver2/GAN_HLS/gen/Hls_Layers.tpp:327]   --->   Operation 343 'read' 'sumsq_acc_5_read' <Predicate = true> <Delay = 0.00>
ST_29 : Operation 344 [1/1] (0.00ns)   --->   "%sumsq_acc_6_read = read i32 @_ssdm_op_Read.ap_auto.floatP0A, i32 %sumsq_acc_6" [/home/hoinguyen/Downloads/GAN_HLS_ver2/GAN_HLS/gen/Hls_Layers.tpp:327]   --->   Operation 344 'read' 'sumsq_acc_6_read' <Predicate = true> <Delay = 0.00>
ST_29 : Operation 345 [1/1] (0.00ns)   --->   "%sumsq_acc_7_read = read i32 @_ssdm_op_Read.ap_auto.floatP0A, i32 %sumsq_acc_7" [/home/hoinguyen/Downloads/GAN_HLS_ver2/GAN_HLS/gen/Hls_Layers.tpp:327]   --->   Operation 345 'read' 'sumsq_acc_7_read' <Predicate = true> <Delay = 0.00>
ST_29 : Operation 346 [1/1] (0.00ns)   --->   "%sumsq_acc_8_read = read i32 @_ssdm_op_Read.ap_auto.floatP0A, i32 %sumsq_acc_8" [/home/hoinguyen/Downloads/GAN_HLS_ver2/GAN_HLS/gen/Hls_Layers.tpp:327]   --->   Operation 346 'read' 'sumsq_acc_8_read' <Predicate = true> <Delay = 0.00>
ST_29 : Operation 347 [1/1] (0.00ns)   --->   "%sumsq_acc_9_read = read i32 @_ssdm_op_Read.ap_auto.floatP0A, i32 %sumsq_acc_9" [/home/hoinguyen/Downloads/GAN_HLS_ver2/GAN_HLS/gen/Hls_Layers.tpp:327]   --->   Operation 347 'read' 'sumsq_acc_9_read' <Predicate = true> <Delay = 0.00>
ST_29 : Operation 348 [1/1] (0.00ns)   --->   "%sumsq_acc_10_read = read i32 @_ssdm_op_Read.ap_auto.floatP0A, i32 %sumsq_acc_10" [/home/hoinguyen/Downloads/GAN_HLS_ver2/GAN_HLS/gen/Hls_Layers.tpp:327]   --->   Operation 348 'read' 'sumsq_acc_10_read' <Predicate = true> <Delay = 0.00>
ST_29 : Operation 349 [1/1] (0.00ns)   --->   "%sumsq_acc_11_read = read i32 @_ssdm_op_Read.ap_auto.floatP0A, i32 %sumsq_acc_11" [/home/hoinguyen/Downloads/GAN_HLS_ver2/GAN_HLS/gen/Hls_Layers.tpp:327]   --->   Operation 349 'read' 'sumsq_acc_11_read' <Predicate = true> <Delay = 0.00>
ST_29 : Operation 350 [1/1] (0.00ns)   --->   "%sumsq_acc_12_read = read i32 @_ssdm_op_Read.ap_auto.floatP0A, i32 %sumsq_acc_12" [/home/hoinguyen/Downloads/GAN_HLS_ver2/GAN_HLS/gen/Hls_Layers.tpp:327]   --->   Operation 350 'read' 'sumsq_acc_12_read' <Predicate = true> <Delay = 0.00>
ST_29 : Operation 351 [1/1] (0.00ns)   --->   "%sumsq_acc_13_read = read i32 @_ssdm_op_Read.ap_auto.floatP0A, i32 %sumsq_acc_13" [/home/hoinguyen/Downloads/GAN_HLS_ver2/GAN_HLS/gen/Hls_Layers.tpp:327]   --->   Operation 351 'read' 'sumsq_acc_13_read' <Predicate = true> <Delay = 0.00>
ST_29 : Operation 352 [1/1] (0.00ns)   --->   "%sumsq_acc_14_read = read i32 @_ssdm_op_Read.ap_auto.floatP0A, i32 %sumsq_acc_14" [/home/hoinguyen/Downloads/GAN_HLS_ver2/GAN_HLS/gen/Hls_Layers.tpp:327]   --->   Operation 352 'read' 'sumsq_acc_14_read' <Predicate = true> <Delay = 0.00>
ST_29 : Operation 353 [1/1] (0.00ns)   --->   "%sumsq_acc_15_read = read i32 @_ssdm_op_Read.ap_auto.floatP0A, i32 %sumsq_acc_15" [/home/hoinguyen/Downloads/GAN_HLS_ver2/GAN_HLS/gen/Hls_Layers.tpp:327]   --->   Operation 353 'read' 'sumsq_acc_15_read' <Predicate = true> <Delay = 0.00>
ST_29 : Operation 354 [1/1] (0.48ns)   --->   "%tmp_39 = sparsemux i32 @_ssdm_op_SparseMux.ap_auto.16float.float.i4, i4 0, i32 %sumsq_acc_read, i4 1, i32 %sumsq_acc_1_read, i4 2, i32 %sumsq_acc_2_read, i4 3, i32 %sumsq_acc_3_read, i4 4, i32 %sumsq_acc_4_read, i4 5, i32 %sumsq_acc_5_read, i4 6, i32 %sumsq_acc_6_read, i4 7, i32 %sumsq_acc_7_read, i4 8, i32 %sumsq_acc_8_read, i4 9, i32 %sumsq_acc_9_read, i4 10, i32 %sumsq_acc_10_read, i4 11, i32 %sumsq_acc_11_read, i4 12, i32 %sumsq_acc_12_read, i4 13, i32 %sumsq_acc_13_read, i4 14, i32 %sumsq_acc_14_read, i4 15, i32 %sumsq_acc_15_read, i32 <undef>, i4 %trunc_ln323" [/home/hoinguyen/Downloads/GAN_HLS_ver2/GAN_HLS/gen/Hls_Layers.tpp:327]   --->   Operation 354 'sparsemux' 'tmp_39' <Predicate = true> <Delay = 0.48> <CoreInst = "BinarySparseMux_DontCare">   --->   Core 149 'BinarySparseMux_DontCare' <Latency = 0> <II = 1> <Delay = 0.48> <FuncUnit> <Opcode : 'sparsemux'> <InPorts = 2> <OutPorts = 1>

State 30 <SV = 29> <Delay = 2.46>
ST_30 : Operation 355 [4/10] (2.46ns)   --->   "%sum_acc_16 = fadd i32 %tmp_38, i32 %ff" [/home/hoinguyen/Downloads/GAN_HLS_ver2/GAN_HLS/gen/Hls_Layers.tpp:326]   --->   Operation 355 'fadd' 'sum_acc_16' <Predicate = true> <Delay = 2.46> <CoreInst = "FAddSub_fulldsp">   --->   Core 18 'FAddSub_fulldsp' <Latency = 9> <II = 1> <Delay = 2.46> <FuncUnit> <Opcode : 'fadd' 'fsub'> <InPorts = 2> <OutPorts = 1>
ST_30 : Operation 356 [10/10] (2.46ns)   --->   "%sumsq_acc_16 = fadd i32 %tmp_39, i32 %mul16" [/home/hoinguyen/Downloads/GAN_HLS_ver2/GAN_HLS/gen/Hls_Layers.tpp:327]   --->   Operation 356 'fadd' 'sumsq_acc_16' <Predicate = true> <Delay = 2.46> <CoreInst = "FAddSub_fulldsp">   --->   Core 18 'FAddSub_fulldsp' <Latency = 9> <II = 1> <Delay = 2.46> <FuncUnit> <Opcode : 'fadd' 'fsub'> <InPorts = 2> <OutPorts = 1>

State 31 <SV = 30> <Delay = 2.46>
ST_31 : Operation 357 [3/10] (2.46ns)   --->   "%sum_acc_16 = fadd i32 %tmp_38, i32 %ff" [/home/hoinguyen/Downloads/GAN_HLS_ver2/GAN_HLS/gen/Hls_Layers.tpp:326]   --->   Operation 357 'fadd' 'sum_acc_16' <Predicate = true> <Delay = 2.46> <CoreInst = "FAddSub_fulldsp">   --->   Core 18 'FAddSub_fulldsp' <Latency = 9> <II = 1> <Delay = 2.46> <FuncUnit> <Opcode : 'fadd' 'fsub'> <InPorts = 2> <OutPorts = 1>
ST_31 : Operation 358 [9/10] (2.46ns)   --->   "%sumsq_acc_16 = fadd i32 %tmp_39, i32 %mul16" [/home/hoinguyen/Downloads/GAN_HLS_ver2/GAN_HLS/gen/Hls_Layers.tpp:327]   --->   Operation 358 'fadd' 'sumsq_acc_16' <Predicate = true> <Delay = 2.46> <CoreInst = "FAddSub_fulldsp">   --->   Core 18 'FAddSub_fulldsp' <Latency = 9> <II = 1> <Delay = 2.46> <FuncUnit> <Opcode : 'fadd' 'fsub'> <InPorts = 2> <OutPorts = 1>

State 32 <SV = 31> <Delay = 2.46>
ST_32 : Operation 359 [2/10] (2.46ns)   --->   "%sum_acc_16 = fadd i32 %tmp_38, i32 %ff" [/home/hoinguyen/Downloads/GAN_HLS_ver2/GAN_HLS/gen/Hls_Layers.tpp:326]   --->   Operation 359 'fadd' 'sum_acc_16' <Predicate = true> <Delay = 2.46> <CoreInst = "FAddSub_fulldsp">   --->   Core 18 'FAddSub_fulldsp' <Latency = 9> <II = 1> <Delay = 2.46> <FuncUnit> <Opcode : 'fadd' 'fsub'> <InPorts = 2> <OutPorts = 1>
ST_32 : Operation 360 [8/10] (2.46ns)   --->   "%sumsq_acc_16 = fadd i32 %tmp_39, i32 %mul16" [/home/hoinguyen/Downloads/GAN_HLS_ver2/GAN_HLS/gen/Hls_Layers.tpp:327]   --->   Operation 360 'fadd' 'sumsq_acc_16' <Predicate = true> <Delay = 2.46> <CoreInst = "FAddSub_fulldsp">   --->   Core 18 'FAddSub_fulldsp' <Latency = 9> <II = 1> <Delay = 2.46> <FuncUnit> <Opcode : 'fadd' 'fsub'> <InPorts = 2> <OutPorts = 1>

State 33 <SV = 32> <Delay = 2.46>
ST_33 : Operation 361 [1/10] (2.46ns)   --->   "%sum_acc_16 = fadd i32 %tmp_38, i32 %ff" [/home/hoinguyen/Downloads/GAN_HLS_ver2/GAN_HLS/gen/Hls_Layers.tpp:326]   --->   Operation 361 'fadd' 'sum_acc_16' <Predicate = true> <Delay = 2.46> <CoreInst = "FAddSub_fulldsp">   --->   Core 18 'FAddSub_fulldsp' <Latency = 9> <II = 1> <Delay = 2.46> <FuncUnit> <Opcode : 'fadd' 'fsub'> <InPorts = 2> <OutPorts = 1>
ST_33 : Operation 362 [7/10] (2.46ns)   --->   "%sumsq_acc_16 = fadd i32 %tmp_39, i32 %mul16" [/home/hoinguyen/Downloads/GAN_HLS_ver2/GAN_HLS/gen/Hls_Layers.tpp:327]   --->   Operation 362 'fadd' 'sumsq_acc_16' <Predicate = true> <Delay = 2.46> <CoreInst = "FAddSub_fulldsp">   --->   Core 18 'FAddSub_fulldsp' <Latency = 9> <II = 1> <Delay = 2.46> <FuncUnit> <Opcode : 'fadd' 'fsub'> <InPorts = 2> <OutPorts = 1>
ST_33 : Operation 363 [1/1] (0.00ns)   --->   "%write_ln326 = write void @_ssdm_op_Write.ap_auto.floatP0A, i32 %sum_acc_14, i32 %sum_acc_16" [/home/hoinguyen/Downloads/GAN_HLS_ver2/GAN_HLS/gen/Hls_Layers.tpp:326]   --->   Operation 363 'write' 'write_ln326' <Predicate = (trunc_ln323 == 14)> <Delay = 0.00>
ST_33 : Operation 364 [1/1] (0.00ns)   --->   "%write_ln326 = write void @_ssdm_op_Write.ap_auto.floatP0A, i32 %sum_acc_13, i32 %sum_acc_16" [/home/hoinguyen/Downloads/GAN_HLS_ver2/GAN_HLS/gen/Hls_Layers.tpp:326]   --->   Operation 364 'write' 'write_ln326' <Predicate = (trunc_ln323 == 13)> <Delay = 0.00>
ST_33 : Operation 365 [1/1] (0.00ns)   --->   "%write_ln326 = write void @_ssdm_op_Write.ap_auto.floatP0A, i32 %sum_acc_12, i32 %sum_acc_16" [/home/hoinguyen/Downloads/GAN_HLS_ver2/GAN_HLS/gen/Hls_Layers.tpp:326]   --->   Operation 365 'write' 'write_ln326' <Predicate = (trunc_ln323 == 12)> <Delay = 0.00>
ST_33 : Operation 366 [1/1] (0.00ns)   --->   "%write_ln326 = write void @_ssdm_op_Write.ap_auto.floatP0A, i32 %sum_acc_11, i32 %sum_acc_16" [/home/hoinguyen/Downloads/GAN_HLS_ver2/GAN_HLS/gen/Hls_Layers.tpp:326]   --->   Operation 366 'write' 'write_ln326' <Predicate = (trunc_ln323 == 11)> <Delay = 0.00>
ST_33 : Operation 367 [1/1] (0.00ns)   --->   "%write_ln326 = write void @_ssdm_op_Write.ap_auto.floatP0A, i32 %sum_acc_10, i32 %sum_acc_16" [/home/hoinguyen/Downloads/GAN_HLS_ver2/GAN_HLS/gen/Hls_Layers.tpp:326]   --->   Operation 367 'write' 'write_ln326' <Predicate = (trunc_ln323 == 10)> <Delay = 0.00>
ST_33 : Operation 368 [1/1] (0.00ns)   --->   "%write_ln326 = write void @_ssdm_op_Write.ap_auto.floatP0A, i32 %sum_acc_9, i32 %sum_acc_16" [/home/hoinguyen/Downloads/GAN_HLS_ver2/GAN_HLS/gen/Hls_Layers.tpp:326]   --->   Operation 368 'write' 'write_ln326' <Predicate = (trunc_ln323 == 9)> <Delay = 0.00>
ST_33 : Operation 369 [1/1] (0.00ns)   --->   "%write_ln326 = write void @_ssdm_op_Write.ap_auto.floatP0A, i32 %sum_acc_8, i32 %sum_acc_16" [/home/hoinguyen/Downloads/GAN_HLS_ver2/GAN_HLS/gen/Hls_Layers.tpp:326]   --->   Operation 369 'write' 'write_ln326' <Predicate = (trunc_ln323 == 8)> <Delay = 0.00>
ST_33 : Operation 370 [1/1] (0.00ns)   --->   "%write_ln326 = write void @_ssdm_op_Write.ap_auto.floatP0A, i32 %sum_acc_7, i32 %sum_acc_16" [/home/hoinguyen/Downloads/GAN_HLS_ver2/GAN_HLS/gen/Hls_Layers.tpp:326]   --->   Operation 370 'write' 'write_ln326' <Predicate = (trunc_ln323 == 7)> <Delay = 0.00>
ST_33 : Operation 371 [1/1] (0.00ns)   --->   "%write_ln326 = write void @_ssdm_op_Write.ap_auto.floatP0A, i32 %sum_acc_6, i32 %sum_acc_16" [/home/hoinguyen/Downloads/GAN_HLS_ver2/GAN_HLS/gen/Hls_Layers.tpp:326]   --->   Operation 371 'write' 'write_ln326' <Predicate = (trunc_ln323 == 6)> <Delay = 0.00>
ST_33 : Operation 372 [1/1] (0.00ns)   --->   "%write_ln326 = write void @_ssdm_op_Write.ap_auto.floatP0A, i32 %sum_acc_5, i32 %sum_acc_16" [/home/hoinguyen/Downloads/GAN_HLS_ver2/GAN_HLS/gen/Hls_Layers.tpp:326]   --->   Operation 372 'write' 'write_ln326' <Predicate = (trunc_ln323 == 5)> <Delay = 0.00>
ST_33 : Operation 373 [1/1] (0.00ns)   --->   "%write_ln326 = write void @_ssdm_op_Write.ap_auto.floatP0A, i32 %sum_acc_4, i32 %sum_acc_16" [/home/hoinguyen/Downloads/GAN_HLS_ver2/GAN_HLS/gen/Hls_Layers.tpp:326]   --->   Operation 373 'write' 'write_ln326' <Predicate = (trunc_ln323 == 4)> <Delay = 0.00>
ST_33 : Operation 374 [1/1] (0.00ns)   --->   "%write_ln326 = write void @_ssdm_op_Write.ap_auto.floatP0A, i32 %sum_acc_3, i32 %sum_acc_16" [/home/hoinguyen/Downloads/GAN_HLS_ver2/GAN_HLS/gen/Hls_Layers.tpp:326]   --->   Operation 374 'write' 'write_ln326' <Predicate = (trunc_ln323 == 3)> <Delay = 0.00>
ST_33 : Operation 375 [1/1] (0.00ns)   --->   "%write_ln326 = write void @_ssdm_op_Write.ap_auto.floatP0A, i32 %sum_acc_2, i32 %sum_acc_16" [/home/hoinguyen/Downloads/GAN_HLS_ver2/GAN_HLS/gen/Hls_Layers.tpp:326]   --->   Operation 375 'write' 'write_ln326' <Predicate = (trunc_ln323 == 2)> <Delay = 0.00>
ST_33 : Operation 376 [1/1] (0.00ns)   --->   "%write_ln326 = write void @_ssdm_op_Write.ap_auto.floatP0A, i32 %sum_acc_1, i32 %sum_acc_16" [/home/hoinguyen/Downloads/GAN_HLS_ver2/GAN_HLS/gen/Hls_Layers.tpp:326]   --->   Operation 376 'write' 'write_ln326' <Predicate = (trunc_ln323 == 1)> <Delay = 0.00>
ST_33 : Operation 377 [1/1] (0.00ns)   --->   "%write_ln326 = write void @_ssdm_op_Write.ap_auto.floatP0A, i32 %sum_acc, i32 %sum_acc_16" [/home/hoinguyen/Downloads/GAN_HLS_ver2/GAN_HLS/gen/Hls_Layers.tpp:326]   --->   Operation 377 'write' 'write_ln326' <Predicate = (trunc_ln323 == 0)> <Delay = 0.00>
ST_33 : Operation 378 [1/1] (0.00ns)   --->   "%write_ln326 = write void @_ssdm_op_Write.ap_auto.floatP0A, i32 %sum_acc_15, i32 %sum_acc_16" [/home/hoinguyen/Downloads/GAN_HLS_ver2/GAN_HLS/gen/Hls_Layers.tpp:326]   --->   Operation 378 'write' 'write_ln326' <Predicate = (trunc_ln323 == 15)> <Delay = 0.00>

State 34 <SV = 33> <Delay = 2.46>
ST_34 : Operation 379 [6/10] (2.46ns)   --->   "%sumsq_acc_16 = fadd i32 %tmp_39, i32 %mul16" [/home/hoinguyen/Downloads/GAN_HLS_ver2/GAN_HLS/gen/Hls_Layers.tpp:327]   --->   Operation 379 'fadd' 'sumsq_acc_16' <Predicate = true> <Delay = 2.46> <CoreInst = "FAddSub_fulldsp">   --->   Core 18 'FAddSub_fulldsp' <Latency = 9> <II = 1> <Delay = 2.46> <FuncUnit> <Opcode : 'fadd' 'fsub'> <InPorts = 2> <OutPorts = 1>

State 35 <SV = 34> <Delay = 2.46>
ST_35 : Operation 380 [5/10] (2.46ns)   --->   "%sumsq_acc_16 = fadd i32 %tmp_39, i32 %mul16" [/home/hoinguyen/Downloads/GAN_HLS_ver2/GAN_HLS/gen/Hls_Layers.tpp:327]   --->   Operation 380 'fadd' 'sumsq_acc_16' <Predicate = true> <Delay = 2.46> <CoreInst = "FAddSub_fulldsp">   --->   Core 18 'FAddSub_fulldsp' <Latency = 9> <II = 1> <Delay = 2.46> <FuncUnit> <Opcode : 'fadd' 'fsub'> <InPorts = 2> <OutPorts = 1>

State 36 <SV = 35> <Delay = 2.46>
ST_36 : Operation 381 [4/10] (2.46ns)   --->   "%sumsq_acc_16 = fadd i32 %tmp_39, i32 %mul16" [/home/hoinguyen/Downloads/GAN_HLS_ver2/GAN_HLS/gen/Hls_Layers.tpp:327]   --->   Operation 381 'fadd' 'sumsq_acc_16' <Predicate = true> <Delay = 2.46> <CoreInst = "FAddSub_fulldsp">   --->   Core 18 'FAddSub_fulldsp' <Latency = 9> <II = 1> <Delay = 2.46> <FuncUnit> <Opcode : 'fadd' 'fsub'> <InPorts = 2> <OutPorts = 1>

State 37 <SV = 36> <Delay = 2.46>
ST_37 : Operation 382 [3/10] (2.46ns)   --->   "%sumsq_acc_16 = fadd i32 %tmp_39, i32 %mul16" [/home/hoinguyen/Downloads/GAN_HLS_ver2/GAN_HLS/gen/Hls_Layers.tpp:327]   --->   Operation 382 'fadd' 'sumsq_acc_16' <Predicate = true> <Delay = 2.46> <CoreInst = "FAddSub_fulldsp">   --->   Core 18 'FAddSub_fulldsp' <Latency = 9> <II = 1> <Delay = 2.46> <FuncUnit> <Opcode : 'fadd' 'fsub'> <InPorts = 2> <OutPorts = 1>

State 38 <SV = 37> <Delay = 2.46>
ST_38 : Operation 383 [2/10] (2.46ns)   --->   "%sumsq_acc_16 = fadd i32 %tmp_39, i32 %mul16" [/home/hoinguyen/Downloads/GAN_HLS_ver2/GAN_HLS/gen/Hls_Layers.tpp:327]   --->   Operation 383 'fadd' 'sumsq_acc_16' <Predicate = true> <Delay = 2.46> <CoreInst = "FAddSub_fulldsp">   --->   Core 18 'FAddSub_fulldsp' <Latency = 9> <II = 1> <Delay = 2.46> <FuncUnit> <Opcode : 'fadd' 'fsub'> <InPorts = 2> <OutPorts = 1>
ST_38 : Operation 417 [1/1] (0.42ns)   --->   "%ret_ln0 = ret"   --->   Operation 417 'ret' 'ret_ln0' <Predicate = (icmp_ln315)> <Delay = 0.42>

State 39 <SV = 38> <Delay = 2.46>
ST_39 : Operation 384 [1/10] (2.46ns)   --->   "%sumsq_acc_16 = fadd i32 %tmp_39, i32 %mul16" [/home/hoinguyen/Downloads/GAN_HLS_ver2/GAN_HLS/gen/Hls_Layers.tpp:327]   --->   Operation 384 'fadd' 'sumsq_acc_16' <Predicate = true> <Delay = 2.46> <CoreInst = "FAddSub_fulldsp">   --->   Core 18 'FAddSub_fulldsp' <Latency = 9> <II = 1> <Delay = 2.46> <FuncUnit> <Opcode : 'fadd' 'fsub'> <InPorts = 2> <OutPorts = 1>
ST_39 : Operation 385 [1/1] (0.00ns)   --->   "%write_ln327 = write void @_ssdm_op_Write.ap_auto.floatP0A, i32 %sumsq_acc_14, i32 %sumsq_acc_16" [/home/hoinguyen/Downloads/GAN_HLS_ver2/GAN_HLS/gen/Hls_Layers.tpp:327]   --->   Operation 385 'write' 'write_ln327' <Predicate = (trunc_ln323 == 14)> <Delay = 0.00>
ST_39 : Operation 386 [1/1] (0.00ns)   --->   "%br_ln327 = br void %arrayidx340.exit" [/home/hoinguyen/Downloads/GAN_HLS_ver2/GAN_HLS/gen/Hls_Layers.tpp:327]   --->   Operation 386 'br' 'br_ln327' <Predicate = (trunc_ln323 == 14)> <Delay = 0.00>
ST_39 : Operation 387 [1/1] (0.00ns)   --->   "%write_ln327 = write void @_ssdm_op_Write.ap_auto.floatP0A, i32 %sumsq_acc_13, i32 %sumsq_acc_16" [/home/hoinguyen/Downloads/GAN_HLS_ver2/GAN_HLS/gen/Hls_Layers.tpp:327]   --->   Operation 387 'write' 'write_ln327' <Predicate = (trunc_ln323 == 13)> <Delay = 0.00>
ST_39 : Operation 388 [1/1] (0.00ns)   --->   "%br_ln327 = br void %arrayidx340.exit" [/home/hoinguyen/Downloads/GAN_HLS_ver2/GAN_HLS/gen/Hls_Layers.tpp:327]   --->   Operation 388 'br' 'br_ln327' <Predicate = (trunc_ln323 == 13)> <Delay = 0.00>
ST_39 : Operation 389 [1/1] (0.00ns)   --->   "%write_ln327 = write void @_ssdm_op_Write.ap_auto.floatP0A, i32 %sumsq_acc_12, i32 %sumsq_acc_16" [/home/hoinguyen/Downloads/GAN_HLS_ver2/GAN_HLS/gen/Hls_Layers.tpp:327]   --->   Operation 389 'write' 'write_ln327' <Predicate = (trunc_ln323 == 12)> <Delay = 0.00>
ST_39 : Operation 390 [1/1] (0.00ns)   --->   "%br_ln327 = br void %arrayidx340.exit" [/home/hoinguyen/Downloads/GAN_HLS_ver2/GAN_HLS/gen/Hls_Layers.tpp:327]   --->   Operation 390 'br' 'br_ln327' <Predicate = (trunc_ln323 == 12)> <Delay = 0.00>
ST_39 : Operation 391 [1/1] (0.00ns)   --->   "%write_ln327 = write void @_ssdm_op_Write.ap_auto.floatP0A, i32 %sumsq_acc_11, i32 %sumsq_acc_16" [/home/hoinguyen/Downloads/GAN_HLS_ver2/GAN_HLS/gen/Hls_Layers.tpp:327]   --->   Operation 391 'write' 'write_ln327' <Predicate = (trunc_ln323 == 11)> <Delay = 0.00>
ST_39 : Operation 392 [1/1] (0.00ns)   --->   "%br_ln327 = br void %arrayidx340.exit" [/home/hoinguyen/Downloads/GAN_HLS_ver2/GAN_HLS/gen/Hls_Layers.tpp:327]   --->   Operation 392 'br' 'br_ln327' <Predicate = (trunc_ln323 == 11)> <Delay = 0.00>
ST_39 : Operation 393 [1/1] (0.00ns)   --->   "%write_ln327 = write void @_ssdm_op_Write.ap_auto.floatP0A, i32 %sumsq_acc_10, i32 %sumsq_acc_16" [/home/hoinguyen/Downloads/GAN_HLS_ver2/GAN_HLS/gen/Hls_Layers.tpp:327]   --->   Operation 393 'write' 'write_ln327' <Predicate = (trunc_ln323 == 10)> <Delay = 0.00>
ST_39 : Operation 394 [1/1] (0.00ns)   --->   "%br_ln327 = br void %arrayidx340.exit" [/home/hoinguyen/Downloads/GAN_HLS_ver2/GAN_HLS/gen/Hls_Layers.tpp:327]   --->   Operation 394 'br' 'br_ln327' <Predicate = (trunc_ln323 == 10)> <Delay = 0.00>
ST_39 : Operation 395 [1/1] (0.00ns)   --->   "%write_ln327 = write void @_ssdm_op_Write.ap_auto.floatP0A, i32 %sumsq_acc_9, i32 %sumsq_acc_16" [/home/hoinguyen/Downloads/GAN_HLS_ver2/GAN_HLS/gen/Hls_Layers.tpp:327]   --->   Operation 395 'write' 'write_ln327' <Predicate = (trunc_ln323 == 9)> <Delay = 0.00>
ST_39 : Operation 396 [1/1] (0.00ns)   --->   "%br_ln327 = br void %arrayidx340.exit" [/home/hoinguyen/Downloads/GAN_HLS_ver2/GAN_HLS/gen/Hls_Layers.tpp:327]   --->   Operation 396 'br' 'br_ln327' <Predicate = (trunc_ln323 == 9)> <Delay = 0.00>
ST_39 : Operation 397 [1/1] (0.00ns)   --->   "%write_ln327 = write void @_ssdm_op_Write.ap_auto.floatP0A, i32 %sumsq_acc_8, i32 %sumsq_acc_16" [/home/hoinguyen/Downloads/GAN_HLS_ver2/GAN_HLS/gen/Hls_Layers.tpp:327]   --->   Operation 397 'write' 'write_ln327' <Predicate = (trunc_ln323 == 8)> <Delay = 0.00>
ST_39 : Operation 398 [1/1] (0.00ns)   --->   "%br_ln327 = br void %arrayidx340.exit" [/home/hoinguyen/Downloads/GAN_HLS_ver2/GAN_HLS/gen/Hls_Layers.tpp:327]   --->   Operation 398 'br' 'br_ln327' <Predicate = (trunc_ln323 == 8)> <Delay = 0.00>
ST_39 : Operation 399 [1/1] (0.00ns)   --->   "%write_ln327 = write void @_ssdm_op_Write.ap_auto.floatP0A, i32 %sumsq_acc_7, i32 %sumsq_acc_16" [/home/hoinguyen/Downloads/GAN_HLS_ver2/GAN_HLS/gen/Hls_Layers.tpp:327]   --->   Operation 399 'write' 'write_ln327' <Predicate = (trunc_ln323 == 7)> <Delay = 0.00>
ST_39 : Operation 400 [1/1] (0.00ns)   --->   "%br_ln327 = br void %arrayidx340.exit" [/home/hoinguyen/Downloads/GAN_HLS_ver2/GAN_HLS/gen/Hls_Layers.tpp:327]   --->   Operation 400 'br' 'br_ln327' <Predicate = (trunc_ln323 == 7)> <Delay = 0.00>
ST_39 : Operation 401 [1/1] (0.00ns)   --->   "%write_ln327 = write void @_ssdm_op_Write.ap_auto.floatP0A, i32 %sumsq_acc_6, i32 %sumsq_acc_16" [/home/hoinguyen/Downloads/GAN_HLS_ver2/GAN_HLS/gen/Hls_Layers.tpp:327]   --->   Operation 401 'write' 'write_ln327' <Predicate = (trunc_ln323 == 6)> <Delay = 0.00>
ST_39 : Operation 402 [1/1] (0.00ns)   --->   "%br_ln327 = br void %arrayidx340.exit" [/home/hoinguyen/Downloads/GAN_HLS_ver2/GAN_HLS/gen/Hls_Layers.tpp:327]   --->   Operation 402 'br' 'br_ln327' <Predicate = (trunc_ln323 == 6)> <Delay = 0.00>
ST_39 : Operation 403 [1/1] (0.00ns)   --->   "%write_ln327 = write void @_ssdm_op_Write.ap_auto.floatP0A, i32 %sumsq_acc_5, i32 %sumsq_acc_16" [/home/hoinguyen/Downloads/GAN_HLS_ver2/GAN_HLS/gen/Hls_Layers.tpp:327]   --->   Operation 403 'write' 'write_ln327' <Predicate = (trunc_ln323 == 5)> <Delay = 0.00>
ST_39 : Operation 404 [1/1] (0.00ns)   --->   "%br_ln327 = br void %arrayidx340.exit" [/home/hoinguyen/Downloads/GAN_HLS_ver2/GAN_HLS/gen/Hls_Layers.tpp:327]   --->   Operation 404 'br' 'br_ln327' <Predicate = (trunc_ln323 == 5)> <Delay = 0.00>
ST_39 : Operation 405 [1/1] (0.00ns)   --->   "%write_ln327 = write void @_ssdm_op_Write.ap_auto.floatP0A, i32 %sumsq_acc_4, i32 %sumsq_acc_16" [/home/hoinguyen/Downloads/GAN_HLS_ver2/GAN_HLS/gen/Hls_Layers.tpp:327]   --->   Operation 405 'write' 'write_ln327' <Predicate = (trunc_ln323 == 4)> <Delay = 0.00>
ST_39 : Operation 406 [1/1] (0.00ns)   --->   "%br_ln327 = br void %arrayidx340.exit" [/home/hoinguyen/Downloads/GAN_HLS_ver2/GAN_HLS/gen/Hls_Layers.tpp:327]   --->   Operation 406 'br' 'br_ln327' <Predicate = (trunc_ln323 == 4)> <Delay = 0.00>
ST_39 : Operation 407 [1/1] (0.00ns)   --->   "%write_ln327 = write void @_ssdm_op_Write.ap_auto.floatP0A, i32 %sumsq_acc_3, i32 %sumsq_acc_16" [/home/hoinguyen/Downloads/GAN_HLS_ver2/GAN_HLS/gen/Hls_Layers.tpp:327]   --->   Operation 407 'write' 'write_ln327' <Predicate = (trunc_ln323 == 3)> <Delay = 0.00>
ST_39 : Operation 408 [1/1] (0.00ns)   --->   "%br_ln327 = br void %arrayidx340.exit" [/home/hoinguyen/Downloads/GAN_HLS_ver2/GAN_HLS/gen/Hls_Layers.tpp:327]   --->   Operation 408 'br' 'br_ln327' <Predicate = (trunc_ln323 == 3)> <Delay = 0.00>
ST_39 : Operation 409 [1/1] (0.00ns)   --->   "%write_ln327 = write void @_ssdm_op_Write.ap_auto.floatP0A, i32 %sumsq_acc_2, i32 %sumsq_acc_16" [/home/hoinguyen/Downloads/GAN_HLS_ver2/GAN_HLS/gen/Hls_Layers.tpp:327]   --->   Operation 409 'write' 'write_ln327' <Predicate = (trunc_ln323 == 2)> <Delay = 0.00>
ST_39 : Operation 410 [1/1] (0.00ns)   --->   "%br_ln327 = br void %arrayidx340.exit" [/home/hoinguyen/Downloads/GAN_HLS_ver2/GAN_HLS/gen/Hls_Layers.tpp:327]   --->   Operation 410 'br' 'br_ln327' <Predicate = (trunc_ln323 == 2)> <Delay = 0.00>
ST_39 : Operation 411 [1/1] (0.00ns)   --->   "%write_ln327 = write void @_ssdm_op_Write.ap_auto.floatP0A, i32 %sumsq_acc_1, i32 %sumsq_acc_16" [/home/hoinguyen/Downloads/GAN_HLS_ver2/GAN_HLS/gen/Hls_Layers.tpp:327]   --->   Operation 411 'write' 'write_ln327' <Predicate = (trunc_ln323 == 1)> <Delay = 0.00>
ST_39 : Operation 412 [1/1] (0.00ns)   --->   "%br_ln327 = br void %arrayidx340.exit" [/home/hoinguyen/Downloads/GAN_HLS_ver2/GAN_HLS/gen/Hls_Layers.tpp:327]   --->   Operation 412 'br' 'br_ln327' <Predicate = (trunc_ln323 == 1)> <Delay = 0.00>
ST_39 : Operation 413 [1/1] (0.00ns)   --->   "%write_ln327 = write void @_ssdm_op_Write.ap_auto.floatP0A, i32 %sumsq_acc, i32 %sumsq_acc_16" [/home/hoinguyen/Downloads/GAN_HLS_ver2/GAN_HLS/gen/Hls_Layers.tpp:327]   --->   Operation 413 'write' 'write_ln327' <Predicate = (trunc_ln323 == 0)> <Delay = 0.00>
ST_39 : Operation 414 [1/1] (0.00ns)   --->   "%br_ln327 = br void %arrayidx340.exit" [/home/hoinguyen/Downloads/GAN_HLS_ver2/GAN_HLS/gen/Hls_Layers.tpp:327]   --->   Operation 414 'br' 'br_ln327' <Predicate = (trunc_ln323 == 0)> <Delay = 0.00>
ST_39 : Operation 415 [1/1] (0.00ns)   --->   "%write_ln327 = write void @_ssdm_op_Write.ap_auto.floatP0A, i32 %sumsq_acc_15, i32 %sumsq_acc_16" [/home/hoinguyen/Downloads/GAN_HLS_ver2/GAN_HLS/gen/Hls_Layers.tpp:327]   --->   Operation 415 'write' 'write_ln327' <Predicate = (trunc_ln323 == 15)> <Delay = 0.00>
ST_39 : Operation 416 [1/1] (0.00ns)   --->   "%br_ln327 = br void %arrayidx340.exit" [/home/hoinguyen/Downloads/GAN_HLS_ver2/GAN_HLS/gen/Hls_Layers.tpp:327]   --->   Operation 416 'br' 'br_ln327' <Predicate = (trunc_ln323 == 15)> <Delay = 0.00>


============================================================
+ Verbose Summary: Binding
============================================================
STG Binding: 
---------------- STG Properties BEGIN ----------------
- Is combinational: 0
- Is one-state seq: 0
- Is datapath-only: 0
- Is pipelined: 0
- Is top level: 0
Port [ Return ] is wired: 1; IO mode=ap_ctrl_hs:ce=0
Port [ sum_acc]:  wired=1; compound=0; hidden=0; nouse=0; global=0; static=0; extern=0; dir=2; type=0; pingpong=0; private_global=0; IO mode=ap_ovld:ce=0
Port [ sumsq_acc]:  wired=1; compound=0; hidden=0; nouse=0; global=0; static=0; extern=0; dir=2; type=0; pingpong=0; private_global=0; IO mode=ap_ovld:ce=0
Port [ sum_acc_1]:  wired=1; compound=0; hidden=0; nouse=0; global=0; static=0; extern=0; dir=2; type=0; pingpong=0; private_global=0; IO mode=ap_ovld:ce=0
Port [ sum_acc_2]:  wired=1; compound=0; hidden=0; nouse=0; global=0; static=0; extern=0; dir=2; type=0; pingpong=0; private_global=0; IO mode=ap_ovld:ce=0
Port [ sum_acc_3]:  wired=1; compound=0; hidden=0; nouse=0; global=0; static=0; extern=0; dir=2; type=0; pingpong=0; private_global=0; IO mode=ap_ovld:ce=0
Port [ sum_acc_4]:  wired=1; compound=0; hidden=0; nouse=0; global=0; static=0; extern=0; dir=2; type=0; pingpong=0; private_global=0; IO mode=ap_ovld:ce=0
Port [ sum_acc_5]:  wired=1; compound=0; hidden=0; nouse=0; global=0; static=0; extern=0; dir=2; type=0; pingpong=0; private_global=0; IO mode=ap_ovld:ce=0
Port [ sum_acc_6]:  wired=1; compound=0; hidden=0; nouse=0; global=0; static=0; extern=0; dir=2; type=0; pingpong=0; private_global=0; IO mode=ap_ovld:ce=0
Port [ sum_acc_7]:  wired=1; compound=0; hidden=0; nouse=0; global=0; static=0; extern=0; dir=2; type=0; pingpong=0; private_global=0; IO mode=ap_ovld:ce=0
Port [ sum_acc_8]:  wired=1; compound=0; hidden=0; nouse=0; global=0; static=0; extern=0; dir=2; type=0; pingpong=0; private_global=0; IO mode=ap_ovld:ce=0
Port [ sum_acc_9]:  wired=1; compound=0; hidden=0; nouse=0; global=0; static=0; extern=0; dir=2; type=0; pingpong=0; private_global=0; IO mode=ap_ovld:ce=0
Port [ sum_acc_10]:  wired=1; compound=0; hidden=0; nouse=0; global=0; static=0; extern=0; dir=2; type=0; pingpong=0; private_global=0; IO mode=ap_ovld:ce=0
Port [ sum_acc_11]:  wired=1; compound=0; hidden=0; nouse=0; global=0; static=0; extern=0; dir=2; type=0; pingpong=0; private_global=0; IO mode=ap_ovld:ce=0
Port [ sum_acc_12]:  wired=1; compound=0; hidden=0; nouse=0; global=0; static=0; extern=0; dir=2; type=0; pingpong=0; private_global=0; IO mode=ap_ovld:ce=0
Port [ sum_acc_13]:  wired=1; compound=0; hidden=0; nouse=0; global=0; static=0; extern=0; dir=2; type=0; pingpong=0; private_global=0; IO mode=ap_ovld:ce=0
Port [ sum_acc_14]:  wired=1; compound=0; hidden=0; nouse=0; global=0; static=0; extern=0; dir=2; type=0; pingpong=0; private_global=0; IO mode=ap_ovld:ce=0
Port [ sum_acc_15]:  wired=1; compound=0; hidden=0; nouse=0; global=0; static=0; extern=0; dir=2; type=0; pingpong=0; private_global=0; IO mode=ap_ovld:ce=0
Port [ sumsq_acc_1]:  wired=1; compound=0; hidden=0; nouse=0; global=0; static=0; extern=0; dir=2; type=0; pingpong=0; private_global=0; IO mode=ap_ovld:ce=0
Port [ sumsq_acc_2]:  wired=1; compound=0; hidden=0; nouse=0; global=0; static=0; extern=0; dir=2; type=0; pingpong=0; private_global=0; IO mode=ap_ovld:ce=0
Port [ sumsq_acc_3]:  wired=1; compound=0; hidden=0; nouse=0; global=0; static=0; extern=0; dir=2; type=0; pingpong=0; private_global=0; IO mode=ap_ovld:ce=0
Port [ sumsq_acc_4]:  wired=1; compound=0; hidden=0; nouse=0; global=0; static=0; extern=0; dir=2; type=0; pingpong=0; private_global=0; IO mode=ap_ovld:ce=0
Port [ sumsq_acc_5]:  wired=1; compound=0; hidden=0; nouse=0; global=0; static=0; extern=0; dir=2; type=0; pingpong=0; private_global=0; IO mode=ap_ovld:ce=0
Port [ sumsq_acc_6]:  wired=1; compound=0; hidden=0; nouse=0; global=0; static=0; extern=0; dir=2; type=0; pingpong=0; private_global=0; IO mode=ap_ovld:ce=0
Port [ sumsq_acc_7]:  wired=1; compound=0; hidden=0; nouse=0; global=0; static=0; extern=0; dir=2; type=0; pingpong=0; private_global=0; IO mode=ap_ovld:ce=0
Port [ sumsq_acc_8]:  wired=1; compound=0; hidden=0; nouse=0; global=0; static=0; extern=0; dir=2; type=0; pingpong=0; private_global=0; IO mode=ap_ovld:ce=0
Port [ sumsq_acc_9]:  wired=1; compound=0; hidden=0; nouse=0; global=0; static=0; extern=0; dir=2; type=0; pingpong=0; private_global=0; IO mode=ap_ovld:ce=0
Port [ sumsq_acc_10]:  wired=1; compound=0; hidden=0; nouse=0; global=0; static=0; extern=0; dir=2; type=0; pingpong=0; private_global=0; IO mode=ap_ovld:ce=0
Port [ sumsq_acc_11]:  wired=1; compound=0; hidden=0; nouse=0; global=0; static=0; extern=0; dir=2; type=0; pingpong=0; private_global=0; IO mode=ap_ovld:ce=0
Port [ sumsq_acc_12]:  wired=1; compound=0; hidden=0; nouse=0; global=0; static=0; extern=0; dir=2; type=0; pingpong=0; private_global=0; IO mode=ap_ovld:ce=0
Port [ sumsq_acc_13]:  wired=1; compound=0; hidden=0; nouse=0; global=0; static=0; extern=0; dir=2; type=0; pingpong=0; private_global=0; IO mode=ap_ovld:ce=0
Port [ sumsq_acc_14]:  wired=1; compound=0; hidden=0; nouse=0; global=0; static=0; extern=0; dir=2; type=0; pingpong=0; private_global=0; IO mode=ap_ovld:ce=0
Port [ sumsq_acc_15]:  wired=1; compound=0; hidden=0; nouse=0; global=0; static=0; extern=0; dir=2; type=0; pingpong=0; private_global=0; IO mode=ap_ovld:ce=0
Port [ zext_ln201]:  wired=1; compound=0; hidden=0; nouse=0; global=0; static=0; extern=0; dir=0; type=0; pingpong=0; private_global=0; IO mode=ap_none:ce=0
Port [ y_cache_16_0]:  wired=1; compound=1; hidden=0; nouse=0; global=0; static=0; extern=0; dir=1; type=1; pingpong=0; private_global=0; MemPort=[30]; IO mode=ap_memory:ce=0
Port [ y_cache_16_1]:  wired=1; compound=1; hidden=0; nouse=0; global=0; static=0; extern=0; dir=1; type=1; pingpong=0; private_global=0; MemPort=[30]; IO mode=ap_memory:ce=0
Port [ y_cache_16_2]:  wired=1; compound=1; hidden=0; nouse=0; global=0; static=0; extern=0; dir=1; type=1; pingpong=0; private_global=0; MemPort=[30]; IO mode=ap_memory:ce=0
Port [ y_cache_16_3]:  wired=1; compound=1; hidden=0; nouse=0; global=0; static=0; extern=0; dir=1; type=1; pingpong=0; private_global=0; MemPort=[30]; IO mode=ap_memory:ce=0
Port [ y_cache_16_4]:  wired=1; compound=1; hidden=0; nouse=0; global=0; static=0; extern=0; dir=1; type=1; pingpong=0; private_global=0; MemPort=[30]; IO mode=ap_memory:ce=0
Port [ y_cache_16_5]:  wired=1; compound=1; hidden=0; nouse=0; global=0; static=0; extern=0; dir=1; type=1; pingpong=0; private_global=0; MemPort=[30]; IO mode=ap_memory:ce=0
Port [ y_cache_16_6]:  wired=1; compound=1; hidden=0; nouse=0; global=0; static=0; extern=0; dir=1; type=1; pingpong=0; private_global=0; MemPort=[30]; IO mode=ap_memory:ce=0
Port [ y_cache_16_7]:  wired=1; compound=1; hidden=0; nouse=0; global=0; static=0; extern=0; dir=1; type=1; pingpong=0; private_global=0; MemPort=[30]; IO mode=ap_memory:ce=0
Port [ y_cache_16_8]:  wired=1; compound=1; hidden=0; nouse=0; global=0; static=0; extern=0; dir=1; type=1; pingpong=0; private_global=0; MemPort=[30]; IO mode=ap_memory:ce=0
Port [ y_cache_16_9]:  wired=1; compound=1; hidden=0; nouse=0; global=0; static=0; extern=0; dir=1; type=1; pingpong=0; private_global=0; MemPort=[30]; IO mode=ap_memory:ce=0
Port [ y_cache_16_10]:  wired=1; compound=1; hidden=0; nouse=0; global=0; static=0; extern=0; dir=1; type=1; pingpong=0; private_global=0; MemPort=[30]; IO mode=ap_memory:ce=0
Port [ y_cache_16_11]:  wired=1; compound=1; hidden=0; nouse=0; global=0; static=0; extern=0; dir=1; type=1; pingpong=0; private_global=0; MemPort=[30]; IO mode=ap_memory:ce=0
Port [ y_cache_16_12]:  wired=1; compound=1; hidden=0; nouse=0; global=0; static=0; extern=0; dir=1; type=1; pingpong=0; private_global=0; MemPort=[30]; IO mode=ap_memory:ce=0
Port [ y_cache_16_13]:  wired=1; compound=1; hidden=0; nouse=0; global=0; static=0; extern=0; dir=1; type=1; pingpong=0; private_global=0; MemPort=[30]; IO mode=ap_memory:ce=0
Port [ y_cache_16_14]:  wired=1; compound=1; hidden=0; nouse=0; global=0; static=0; extern=0; dir=1; type=1; pingpong=0; private_global=0; MemPort=[30]; IO mode=ap_memory:ce=0
Port [ y_cache_16_15]:  wired=1; compound=1; hidden=0; nouse=0; global=0; static=0; extern=0; dir=1; type=1; pingpong=0; private_global=0; MemPort=[30]; IO mode=ap_memory:ce=0
Port [ psum_load_reload]:  wired=1; compound=0; hidden=0; nouse=0; global=0; static=0; extern=0; dir=0; type=0; pingpong=0; private_global=0; IO mode=ap_none:ce=0
Port [ psum_8_load_reload]:  wired=1; compound=0; hidden=0; nouse=0; global=0; static=0; extern=0; dir=0; type=0; pingpong=0; private_global=0; IO mode=ap_none:ce=0
Port [ psum_16_load_reload]:  wired=1; compound=0; hidden=0; nouse=0; global=0; static=0; extern=0; dir=0; type=0; pingpong=0; private_global=0; IO mode=ap_none:ce=0
Port [ psum_24_load_reload]:  wired=1; compound=0; hidden=0; nouse=0; global=0; static=0; extern=0; dir=0; type=0; pingpong=0; private_global=0; IO mode=ap_none:ce=0
Port [ psum_32_load_reload]:  wired=1; compound=0; hidden=0; nouse=0; global=0; static=0; extern=0; dir=0; type=0; pingpong=0; private_global=0; IO mode=ap_none:ce=0
Port [ psum_40_load_reload]:  wired=1; compound=0; hidden=0; nouse=0; global=0; static=0; extern=0; dir=0; type=0; pingpong=0; private_global=0; IO mode=ap_none:ce=0
Port [ psum_48_load_reload]:  wired=1; compound=0; hidden=0; nouse=0; global=0; static=0; extern=0; dir=0; type=0; pingpong=0; private_global=0; IO mode=ap_none:ce=0
Port [ psum_56_load_reload]:  wired=1; compound=0; hidden=0; nouse=0; global=0; static=0; extern=0; dir=0; type=0; pingpong=0; private_global=0; IO mode=ap_none:ce=0
Port [ psum_64_load_reload]:  wired=1; compound=0; hidden=0; nouse=0; global=0; static=0; extern=0; dir=0; type=0; pingpong=0; private_global=0; IO mode=ap_none:ce=0
Port [ psum_72_load_reload]:  wired=1; compound=0; hidden=0; nouse=0; global=0; static=0; extern=0; dir=0; type=0; pingpong=0; private_global=0; IO mode=ap_none:ce=0
Port [ psum_80_load_reload]:  wired=1; compound=0; hidden=0; nouse=0; global=0; static=0; extern=0; dir=0; type=0; pingpong=0; private_global=0; IO mode=ap_none:ce=0
Port [ psum_88_load_reload]:  wired=1; compound=0; hidden=0; nouse=0; global=0; static=0; extern=0; dir=0; type=0; pingpong=0; private_global=0; IO mode=ap_none:ce=0
Port [ psum_96_load_reload]:  wired=1; compound=0; hidden=0; nouse=0; global=0; static=0; extern=0; dir=0; type=0; pingpong=0; private_global=0; IO mode=ap_none:ce=0
Port [ psum_104_load_reload]:  wired=1; compound=0; hidden=0; nouse=0; global=0; static=0; extern=0; dir=0; type=0; pingpong=0; private_global=0; IO mode=ap_none:ce=0
Port [ psum_112_load_reload]:  wired=1; compound=0; hidden=0; nouse=0; global=0; static=0; extern=0; dir=0; type=0; pingpong=0; private_global=0; IO mode=ap_none:ce=0
Port [ psum_120_load_reload]:  wired=1; compound=0; hidden=0; nouse=0; global=0; static=0; extern=0; dir=0; type=0; pingpong=0; private_global=0; IO mode=ap_none:ce=0
Port [ psum_1_load_reload]:  wired=1; compound=0; hidden=0; nouse=0; global=0; static=0; extern=0; dir=0; type=0; pingpong=0; private_global=0; IO mode=ap_none:ce=0
Port [ psum_9_load_reload]:  wired=1; compound=0; hidden=0; nouse=0; global=0; static=0; extern=0; dir=0; type=0; pingpong=0; private_global=0; IO mode=ap_none:ce=0
Port [ psum_17_load_reload]:  wired=1; compound=0; hidden=0; nouse=0; global=0; static=0; extern=0; dir=0; type=0; pingpong=0; private_global=0; IO mode=ap_none:ce=0
Port [ psum_25_load_reload]:  wired=1; compound=0; hidden=0; nouse=0; global=0; static=0; extern=0; dir=0; type=0; pingpong=0; private_global=0; IO mode=ap_none:ce=0
Port [ psum_33_load_reload]:  wired=1; compound=0; hidden=0; nouse=0; global=0; static=0; extern=0; dir=0; type=0; pingpong=0; private_global=0; IO mode=ap_none:ce=0
Port [ psum_41_load_reload]:  wired=1; compound=0; hidden=0; nouse=0; global=0; static=0; extern=0; dir=0; type=0; pingpong=0; private_global=0; IO mode=ap_none:ce=0
Port [ psum_49_load_reload]:  wired=1; compound=0; hidden=0; nouse=0; global=0; static=0; extern=0; dir=0; type=0; pingpong=0; private_global=0; IO mode=ap_none:ce=0
Port [ psum_57_load_reload]:  wired=1; compound=0; hidden=0; nouse=0; global=0; static=0; extern=0; dir=0; type=0; pingpong=0; private_global=0; IO mode=ap_none:ce=0
Port [ psum_65_load_reload]:  wired=1; compound=0; hidden=0; nouse=0; global=0; static=0; extern=0; dir=0; type=0; pingpong=0; private_global=0; IO mode=ap_none:ce=0
Port [ psum_73_load_reload]:  wired=1; compound=0; hidden=0; nouse=0; global=0; static=0; extern=0; dir=0; type=0; pingpong=0; private_global=0; IO mode=ap_none:ce=0
Port [ psum_81_load_reload]:  wired=1; compound=0; hidden=0; nouse=0; global=0; static=0; extern=0; dir=0; type=0; pingpong=0; private_global=0; IO mode=ap_none:ce=0
Port [ psum_89_load_reload]:  wired=1; compound=0; hidden=0; nouse=0; global=0; static=0; extern=0; dir=0; type=0; pingpong=0; private_global=0; IO mode=ap_none:ce=0
Port [ psum_97_load_reload]:  wired=1; compound=0; hidden=0; nouse=0; global=0; static=0; extern=0; dir=0; type=0; pingpong=0; private_global=0; IO mode=ap_none:ce=0
Port [ psum_105_load_reload]:  wired=1; compound=0; hidden=0; nouse=0; global=0; static=0; extern=0; dir=0; type=0; pingpong=0; private_global=0; IO mode=ap_none:ce=0
Port [ psum_113_load_reload]:  wired=1; compound=0; hidden=0; nouse=0; global=0; static=0; extern=0; dir=0; type=0; pingpong=0; private_global=0; IO mode=ap_none:ce=0
Port [ psum_121_load_reload]:  wired=1; compound=0; hidden=0; nouse=0; global=0; static=0; extern=0; dir=0; type=0; pingpong=0; private_global=0; IO mode=ap_none:ce=0
Port [ psum_2_load_reload]:  wired=1; compound=0; hidden=0; nouse=0; global=0; static=0; extern=0; dir=0; type=0; pingpong=0; private_global=0; IO mode=ap_none:ce=0
Port [ psum_10_load_reload]:  wired=1; compound=0; hidden=0; nouse=0; global=0; static=0; extern=0; dir=0; type=0; pingpong=0; private_global=0; IO mode=ap_none:ce=0
Port [ psum_18_load_reload]:  wired=1; compound=0; hidden=0; nouse=0; global=0; static=0; extern=0; dir=0; type=0; pingpong=0; private_global=0; IO mode=ap_none:ce=0
Port [ psum_26_load_reload]:  wired=1; compound=0; hidden=0; nouse=0; global=0; static=0; extern=0; dir=0; type=0; pingpong=0; private_global=0; IO mode=ap_none:ce=0
Port [ psum_34_load_reload]:  wired=1; compound=0; hidden=0; nouse=0; global=0; static=0; extern=0; dir=0; type=0; pingpong=0; private_global=0; IO mode=ap_none:ce=0
Port [ psum_42_load_reload]:  wired=1; compound=0; hidden=0; nouse=0; global=0; static=0; extern=0; dir=0; type=0; pingpong=0; private_global=0; IO mode=ap_none:ce=0
Port [ psum_50_load_reload]:  wired=1; compound=0; hidden=0; nouse=0; global=0; static=0; extern=0; dir=0; type=0; pingpong=0; private_global=0; IO mode=ap_none:ce=0
Port [ psum_58_load_reload]:  wired=1; compound=0; hidden=0; nouse=0; global=0; static=0; extern=0; dir=0; type=0; pingpong=0; private_global=0; IO mode=ap_none:ce=0
Port [ psum_66_load_reload]:  wired=1; compound=0; hidden=0; nouse=0; global=0; static=0; extern=0; dir=0; type=0; pingpong=0; private_global=0; IO mode=ap_none:ce=0
Port [ psum_74_load_reload]:  wired=1; compound=0; hidden=0; nouse=0; global=0; static=0; extern=0; dir=0; type=0; pingpong=0; private_global=0; IO mode=ap_none:ce=0
Port [ psum_82_load_reload]:  wired=1; compound=0; hidden=0; nouse=0; global=0; static=0; extern=0; dir=0; type=0; pingpong=0; private_global=0; IO mode=ap_none:ce=0
Port [ psum_90_load_reload]:  wired=1; compound=0; hidden=0; nouse=0; global=0; static=0; extern=0; dir=0; type=0; pingpong=0; private_global=0; IO mode=ap_none:ce=0
Port [ psum_98_load_reload]:  wired=1; compound=0; hidden=0; nouse=0; global=0; static=0; extern=0; dir=0; type=0; pingpong=0; private_global=0; IO mode=ap_none:ce=0
Port [ psum_106_load_reload]:  wired=1; compound=0; hidden=0; nouse=0; global=0; static=0; extern=0; dir=0; type=0; pingpong=0; private_global=0; IO mode=ap_none:ce=0
Port [ psum_114_load_reload]:  wired=1; compound=0; hidden=0; nouse=0; global=0; static=0; extern=0; dir=0; type=0; pingpong=0; private_global=0; IO mode=ap_none:ce=0
Port [ psum_122_load_reload]:  wired=1; compound=0; hidden=0; nouse=0; global=0; static=0; extern=0; dir=0; type=0; pingpong=0; private_global=0; IO mode=ap_none:ce=0
Port [ psum_3_load_reload]:  wired=1; compound=0; hidden=0; nouse=0; global=0; static=0; extern=0; dir=0; type=0; pingpong=0; private_global=0; IO mode=ap_none:ce=0
Port [ psum_11_load_reload]:  wired=1; compound=0; hidden=0; nouse=0; global=0; static=0; extern=0; dir=0; type=0; pingpong=0; private_global=0; IO mode=ap_none:ce=0
Port [ psum_19_load_reload]:  wired=1; compound=0; hidden=0; nouse=0; global=0; static=0; extern=0; dir=0; type=0; pingpong=0; private_global=0; IO mode=ap_none:ce=0
Port [ psum_27_load_reload]:  wired=1; compound=0; hidden=0; nouse=0; global=0; static=0; extern=0; dir=0; type=0; pingpong=0; private_global=0; IO mode=ap_none:ce=0
Port [ psum_35_load_reload]:  wired=1; compound=0; hidden=0; nouse=0; global=0; static=0; extern=0; dir=0; type=0; pingpong=0; private_global=0; IO mode=ap_none:ce=0
Port [ psum_43_load_reload]:  wired=1; compound=0; hidden=0; nouse=0; global=0; static=0; extern=0; dir=0; type=0; pingpong=0; private_global=0; IO mode=ap_none:ce=0
Port [ psum_51_load_reload]:  wired=1; compound=0; hidden=0; nouse=0; global=0; static=0; extern=0; dir=0; type=0; pingpong=0; private_global=0; IO mode=ap_none:ce=0
Port [ psum_59_load_reload]:  wired=1; compound=0; hidden=0; nouse=0; global=0; static=0; extern=0; dir=0; type=0; pingpong=0; private_global=0; IO mode=ap_none:ce=0
Port [ psum_67_load_reload]:  wired=1; compound=0; hidden=0; nouse=0; global=0; static=0; extern=0; dir=0; type=0; pingpong=0; private_global=0; IO mode=ap_none:ce=0
Port [ psum_75_load_reload]:  wired=1; compound=0; hidden=0; nouse=0; global=0; static=0; extern=0; dir=0; type=0; pingpong=0; private_global=0; IO mode=ap_none:ce=0
Port [ psum_83_load_reload]:  wired=1; compound=0; hidden=0; nouse=0; global=0; static=0; extern=0; dir=0; type=0; pingpong=0; private_global=0; IO mode=ap_none:ce=0
Port [ psum_91_load_reload]:  wired=1; compound=0; hidden=0; nouse=0; global=0; static=0; extern=0; dir=0; type=0; pingpong=0; private_global=0; IO mode=ap_none:ce=0
Port [ psum_99_load_reload]:  wired=1; compound=0; hidden=0; nouse=0; global=0; static=0; extern=0; dir=0; type=0; pingpong=0; private_global=0; IO mode=ap_none:ce=0
Port [ psum_107_load_reload]:  wired=1; compound=0; hidden=0; nouse=0; global=0; static=0; extern=0; dir=0; type=0; pingpong=0; private_global=0; IO mode=ap_none:ce=0
Port [ psum_115_load_reload]:  wired=1; compound=0; hidden=0; nouse=0; global=0; static=0; extern=0; dir=0; type=0; pingpong=0; private_global=0; IO mode=ap_none:ce=0
Port [ psum_123_load_reload]:  wired=1; compound=0; hidden=0; nouse=0; global=0; static=0; extern=0; dir=0; type=0; pingpong=0; private_global=0; IO mode=ap_none:ce=0
Port [ psum_4_load_reload]:  wired=1; compound=0; hidden=0; nouse=0; global=0; static=0; extern=0; dir=0; type=0; pingpong=0; private_global=0; IO mode=ap_none:ce=0
Port [ psum_12_load_reload]:  wired=1; compound=0; hidden=0; nouse=0; global=0; static=0; extern=0; dir=0; type=0; pingpong=0; private_global=0; IO mode=ap_none:ce=0
Port [ psum_20_load_reload]:  wired=1; compound=0; hidden=0; nouse=0; global=0; static=0; extern=0; dir=0; type=0; pingpong=0; private_global=0; IO mode=ap_none:ce=0
Port [ psum_28_load_reload]:  wired=1; compound=0; hidden=0; nouse=0; global=0; static=0; extern=0; dir=0; type=0; pingpong=0; private_global=0; IO mode=ap_none:ce=0
Port [ psum_36_load_reload]:  wired=1; compound=0; hidden=0; nouse=0; global=0; static=0; extern=0; dir=0; type=0; pingpong=0; private_global=0; IO mode=ap_none:ce=0
Port [ psum_44_load_reload]:  wired=1; compound=0; hidden=0; nouse=0; global=0; static=0; extern=0; dir=0; type=0; pingpong=0; private_global=0; IO mode=ap_none:ce=0
Port [ psum_52_load_reload]:  wired=1; compound=0; hidden=0; nouse=0; global=0; static=0; extern=0; dir=0; type=0; pingpong=0; private_global=0; IO mode=ap_none:ce=0
Port [ psum_60_load_reload]:  wired=1; compound=0; hidden=0; nouse=0; global=0; static=0; extern=0; dir=0; type=0; pingpong=0; private_global=0; IO mode=ap_none:ce=0
Port [ psum_68_load_reload]:  wired=1; compound=0; hidden=0; nouse=0; global=0; static=0; extern=0; dir=0; type=0; pingpong=0; private_global=0; IO mode=ap_none:ce=0
Port [ psum_76_load_reload]:  wired=1; compound=0; hidden=0; nouse=0; global=0; static=0; extern=0; dir=0; type=0; pingpong=0; private_global=0; IO mode=ap_none:ce=0
Port [ psum_84_load_reload]:  wired=1; compound=0; hidden=0; nouse=0; global=0; static=0; extern=0; dir=0; type=0; pingpong=0; private_global=0; IO mode=ap_none:ce=0
Port [ psum_92_load_reload]:  wired=1; compound=0; hidden=0; nouse=0; global=0; static=0; extern=0; dir=0; type=0; pingpong=0; private_global=0; IO mode=ap_none:ce=0
Port [ psum_100_load_reload]:  wired=1; compound=0; hidden=0; nouse=0; global=0; static=0; extern=0; dir=0; type=0; pingpong=0; private_global=0; IO mode=ap_none:ce=0
Port [ psum_108_load_reload]:  wired=1; compound=0; hidden=0; nouse=0; global=0; static=0; extern=0; dir=0; type=0; pingpong=0; private_global=0; IO mode=ap_none:ce=0
Port [ psum_116_load_reload]:  wired=1; compound=0; hidden=0; nouse=0; global=0; static=0; extern=0; dir=0; type=0; pingpong=0; private_global=0; IO mode=ap_none:ce=0
Port [ psum_124_load_reload]:  wired=1; compound=0; hidden=0; nouse=0; global=0; static=0; extern=0; dir=0; type=0; pingpong=0; private_global=0; IO mode=ap_none:ce=0
Port [ psum_5_load_reload]:  wired=1; compound=0; hidden=0; nouse=0; global=0; static=0; extern=0; dir=0; type=0; pingpong=0; private_global=0; IO mode=ap_none:ce=0
Port [ psum_13_load_reload]:  wired=1; compound=0; hidden=0; nouse=0; global=0; static=0; extern=0; dir=0; type=0; pingpong=0; private_global=0; IO mode=ap_none:ce=0
Port [ psum_21_load_reload]:  wired=1; compound=0; hidden=0; nouse=0; global=0; static=0; extern=0; dir=0; type=0; pingpong=0; private_global=0; IO mode=ap_none:ce=0
Port [ psum_29_load_reload]:  wired=1; compound=0; hidden=0; nouse=0; global=0; static=0; extern=0; dir=0; type=0; pingpong=0; private_global=0; IO mode=ap_none:ce=0
Port [ psum_37_load_reload]:  wired=1; compound=0; hidden=0; nouse=0; global=0; static=0; extern=0; dir=0; type=0; pingpong=0; private_global=0; IO mode=ap_none:ce=0
Port [ psum_45_load_reload]:  wired=1; compound=0; hidden=0; nouse=0; global=0; static=0; extern=0; dir=0; type=0; pingpong=0; private_global=0; IO mode=ap_none:ce=0
Port [ psum_53_load_reload]:  wired=1; compound=0; hidden=0; nouse=0; global=0; static=0; extern=0; dir=0; type=0; pingpong=0; private_global=0; IO mode=ap_none:ce=0
Port [ psum_61_load_reload]:  wired=1; compound=0; hidden=0; nouse=0; global=0; static=0; extern=0; dir=0; type=0; pingpong=0; private_global=0; IO mode=ap_none:ce=0
Port [ psum_69_load_reload]:  wired=1; compound=0; hidden=0; nouse=0; global=0; static=0; extern=0; dir=0; type=0; pingpong=0; private_global=0; IO mode=ap_none:ce=0
Port [ psum_77_load_reload]:  wired=1; compound=0; hidden=0; nouse=0; global=0; static=0; extern=0; dir=0; type=0; pingpong=0; private_global=0; IO mode=ap_none:ce=0
Port [ psum_85_load_reload]:  wired=1; compound=0; hidden=0; nouse=0; global=0; static=0; extern=0; dir=0; type=0; pingpong=0; private_global=0; IO mode=ap_none:ce=0
Port [ psum_93_load_reload]:  wired=1; compound=0; hidden=0; nouse=0; global=0; static=0; extern=0; dir=0; type=0; pingpong=0; private_global=0; IO mode=ap_none:ce=0
Port [ psum_101_load_reload]:  wired=1; compound=0; hidden=0; nouse=0; global=0; static=0; extern=0; dir=0; type=0; pingpong=0; private_global=0; IO mode=ap_none:ce=0
Port [ psum_109_load_reload]:  wired=1; compound=0; hidden=0; nouse=0; global=0; static=0; extern=0; dir=0; type=0; pingpong=0; private_global=0; IO mode=ap_none:ce=0
Port [ psum_117_load_reload]:  wired=1; compound=0; hidden=0; nouse=0; global=0; static=0; extern=0; dir=0; type=0; pingpong=0; private_global=0; IO mode=ap_none:ce=0
Port [ psum_125_load_reload]:  wired=1; compound=0; hidden=0; nouse=0; global=0; static=0; extern=0; dir=0; type=0; pingpong=0; private_global=0; IO mode=ap_none:ce=0
Port [ psum_6_load_reload]:  wired=1; compound=0; hidden=0; nouse=0; global=0; static=0; extern=0; dir=0; type=0; pingpong=0; private_global=0; IO mode=ap_none:ce=0
Port [ psum_14_load_reload]:  wired=1; compound=0; hidden=0; nouse=0; global=0; static=0; extern=0; dir=0; type=0; pingpong=0; private_global=0; IO mode=ap_none:ce=0
Port [ psum_22_load_reload]:  wired=1; compound=0; hidden=0; nouse=0; global=0; static=0; extern=0; dir=0; type=0; pingpong=0; private_global=0; IO mode=ap_none:ce=0
Port [ psum_30_load_reload]:  wired=1; compound=0; hidden=0; nouse=0; global=0; static=0; extern=0; dir=0; type=0; pingpong=0; private_global=0; IO mode=ap_none:ce=0
Port [ psum_38_load_reload]:  wired=1; compound=0; hidden=0; nouse=0; global=0; static=0; extern=0; dir=0; type=0; pingpong=0; private_global=0; IO mode=ap_none:ce=0
Port [ psum_46_load_reload]:  wired=1; compound=0; hidden=0; nouse=0; global=0; static=0; extern=0; dir=0; type=0; pingpong=0; private_global=0; IO mode=ap_none:ce=0
Port [ psum_54_load_reload]:  wired=1; compound=0; hidden=0; nouse=0; global=0; static=0; extern=0; dir=0; type=0; pingpong=0; private_global=0; IO mode=ap_none:ce=0
Port [ psum_62_load_reload]:  wired=1; compound=0; hidden=0; nouse=0; global=0; static=0; extern=0; dir=0; type=0; pingpong=0; private_global=0; IO mode=ap_none:ce=0
Port [ psum_70_load_reload]:  wired=1; compound=0; hidden=0; nouse=0; global=0; static=0; extern=0; dir=0; type=0; pingpong=0; private_global=0; IO mode=ap_none:ce=0
Port [ psum_78_load_reload]:  wired=1; compound=0; hidden=0; nouse=0; global=0; static=0; extern=0; dir=0; type=0; pingpong=0; private_global=0; IO mode=ap_none:ce=0
Port [ psum_86_load_reload]:  wired=1; compound=0; hidden=0; nouse=0; global=0; static=0; extern=0; dir=0; type=0; pingpong=0; private_global=0; IO mode=ap_none:ce=0
Port [ psum_94_load_reload]:  wired=1; compound=0; hidden=0; nouse=0; global=0; static=0; extern=0; dir=0; type=0; pingpong=0; private_global=0; IO mode=ap_none:ce=0
Port [ psum_102_load_reload]:  wired=1; compound=0; hidden=0; nouse=0; global=0; static=0; extern=0; dir=0; type=0; pingpong=0; private_global=0; IO mode=ap_none:ce=0
Port [ psum_110_load_reload]:  wired=1; compound=0; hidden=0; nouse=0; global=0; static=0; extern=0; dir=0; type=0; pingpong=0; private_global=0; IO mode=ap_none:ce=0
Port [ psum_118_load_reload]:  wired=1; compound=0; hidden=0; nouse=0; global=0; static=0; extern=0; dir=0; type=0; pingpong=0; private_global=0; IO mode=ap_none:ce=0
Port [ psum_126_load_reload]:  wired=1; compound=0; hidden=0; nouse=0; global=0; static=0; extern=0; dir=0; type=0; pingpong=0; private_global=0; IO mode=ap_none:ce=0
Port [ psum_7_load_reload]:  wired=1; compound=0; hidden=0; nouse=0; global=0; static=0; extern=0; dir=0; type=0; pingpong=0; private_global=0; IO mode=ap_none:ce=0
Port [ psum_15_load_reload]:  wired=1; compound=0; hidden=0; nouse=0; global=0; static=0; extern=0; dir=0; type=0; pingpong=0; private_global=0; IO mode=ap_none:ce=0
Port [ psum_23_load_reload]:  wired=1; compound=0; hidden=0; nouse=0; global=0; static=0; extern=0; dir=0; type=0; pingpong=0; private_global=0; IO mode=ap_none:ce=0
Port [ psum_31_load_reload]:  wired=1; compound=0; hidden=0; nouse=0; global=0; static=0; extern=0; dir=0; type=0; pingpong=0; private_global=0; IO mode=ap_none:ce=0
Port [ psum_39_load_reload]:  wired=1; compound=0; hidden=0; nouse=0; global=0; static=0; extern=0; dir=0; type=0; pingpong=0; private_global=0; IO mode=ap_none:ce=0
Port [ psum_47_load_reload]:  wired=1; compound=0; hidden=0; nouse=0; global=0; static=0; extern=0; dir=0; type=0; pingpong=0; private_global=0; IO mode=ap_none:ce=0
Port [ psum_55_load_reload]:  wired=1; compound=0; hidden=0; nouse=0; global=0; static=0; extern=0; dir=0; type=0; pingpong=0; private_global=0; IO mode=ap_none:ce=0
Port [ psum_63_load_reload]:  wired=1; compound=0; hidden=0; nouse=0; global=0; static=0; extern=0; dir=0; type=0; pingpong=0; private_global=0; IO mode=ap_none:ce=0
Port [ psum_71_load_reload]:  wired=1; compound=0; hidden=0; nouse=0; global=0; static=0; extern=0; dir=0; type=0; pingpong=0; private_global=0; IO mode=ap_none:ce=0
Port [ psum_79_load_reload]:  wired=1; compound=0; hidden=0; nouse=0; global=0; static=0; extern=0; dir=0; type=0; pingpong=0; private_global=0; IO mode=ap_none:ce=0
Port [ psum_87_load_reload]:  wired=1; compound=0; hidden=0; nouse=0; global=0; static=0; extern=0; dir=0; type=0; pingpong=0; private_global=0; IO mode=ap_none:ce=0
Port [ psum_95_load_reload]:  wired=1; compound=0; hidden=0; nouse=0; global=0; static=0; extern=0; dir=0; type=0; pingpong=0; private_global=0; IO mode=ap_none:ce=0
Port [ psum_103_load_reload]:  wired=1; compound=0; hidden=0; nouse=0; global=0; static=0; extern=0; dir=0; type=0; pingpong=0; private_global=0; IO mode=ap_none:ce=0
Port [ psum_111_load_reload]:  wired=1; compound=0; hidden=0; nouse=0; global=0; static=0; extern=0; dir=0; type=0; pingpong=0; private_global=0; IO mode=ap_none:ce=0
Port [ psum_119_load_reload]:  wired=1; compound=0; hidden=0; nouse=0; global=0; static=0; extern=0; dir=0; type=0; pingpong=0; private_global=0; IO mode=ap_none:ce=0
Port [ psum_127_load_reload]:  wired=1; compound=0; hidden=0; nouse=0; global=0; static=0; extern=0; dir=0; type=0; pingpong=0; private_global=0; IO mode=ap_none:ce=0
Port [ bias]:  wired=1; compound=0; hidden=0; nouse=0; global=0; static=0; extern=0; dir=0; type=0; pingpong=0; private_global=0; IO mode=ap_none:ce=0
Port [ co]:  wired=1; compound=0; hidden=0; nouse=0; global=0; static=0; extern=0; dir=0; type=0; pingpong=0; private_global=0; IO mode=ap_none:ce=0
---------------- STG Properties END ------------------

---------------- Datapath Model BEGIN ----------------

<LifeTime>
<method=bitvector/>
pe                        (alloca           ) [ 0100000000000000000000000000000000000000]
co_read                   (read             ) [ 0111111111111111111111100000000000000000]
bias_read                 (read             ) [ 0111111111111111111111000000000000000000]
psum_127_load_reload_read (read             ) [ 0110000000000000000000000000000000000000]
psum_119_load_reload_read (read             ) [ 0110000000000000000000000000000000000000]
psum_111_load_reload_read (read             ) [ 0110000000000000000000000000000000000000]
psum_103_load_reload_read (read             ) [ 0110000000000000000000000000000000000000]
psum_95_load_reload_read  (read             ) [ 0110000000000000000000000000000000000000]
psum_87_load_reload_read  (read             ) [ 0110000000000000000000000000000000000000]
psum_79_load_reload_read  (read             ) [ 0110000000000000000000000000000000000000]
psum_71_load_reload_read  (read             ) [ 0110000000000000000000000000000000000000]
psum_63_load_reload_read  (read             ) [ 0110000000000000000000000000000000000000]
psum_55_load_reload_read  (read             ) [ 0110000000000000000000000000000000000000]
psum_47_load_reload_read  (read             ) [ 0110000000000000000000000000000000000000]
psum_39_load_reload_read  (read             ) [ 0110000000000000000000000000000000000000]
psum_31_load_reload_read  (read             ) [ 0110000000000000000000000000000000000000]
psum_23_load_reload_read  (read             ) [ 0110000000000000000000000000000000000000]
psum_15_load_reload_read  (read             ) [ 0110000000000000000000000000000000000000]
psum_7_load_reload_read   (read             ) [ 0110000000000000000000000000000000000000]
psum_126_load_reload_read (read             ) [ 0110000000000000000000000000000000000000]
psum_118_load_reload_read (read             ) [ 0110000000000000000000000000000000000000]
psum_110_load_reload_read (read             ) [ 0110000000000000000000000000000000000000]
psum_102_load_reload_read (read             ) [ 0110000000000000000000000000000000000000]
psum_94_load_reload_read  (read             ) [ 0110000000000000000000000000000000000000]
psum_86_load_reload_read  (read             ) [ 0110000000000000000000000000000000000000]
psum_78_load_reload_read  (read             ) [ 0110000000000000000000000000000000000000]
psum_70_load_reload_read  (read             ) [ 0110000000000000000000000000000000000000]
psum_62_load_reload_read  (read             ) [ 0110000000000000000000000000000000000000]
psum_54_load_reload_read  (read             ) [ 0110000000000000000000000000000000000000]
psum_46_load_reload_read  (read             ) [ 0110000000000000000000000000000000000000]
psum_38_load_reload_read  (read             ) [ 0110000000000000000000000000000000000000]
psum_30_load_reload_read  (read             ) [ 0110000000000000000000000000000000000000]
psum_22_load_reload_read  (read             ) [ 0110000000000000000000000000000000000000]
psum_14_load_reload_read  (read             ) [ 0110000000000000000000000000000000000000]
psum_6_load_reload_read   (read             ) [ 0110000000000000000000000000000000000000]
psum_125_load_reload_read (read             ) [ 0110000000000000000000000000000000000000]
psum_117_load_reload_read (read             ) [ 0110000000000000000000000000000000000000]
psum_109_load_reload_read (read             ) [ 0110000000000000000000000000000000000000]
psum_101_load_reload_read (read             ) [ 0110000000000000000000000000000000000000]
psum_93_load_reload_read  (read             ) [ 0110000000000000000000000000000000000000]
psum_85_load_reload_read  (read             ) [ 0110000000000000000000000000000000000000]
psum_77_load_reload_read  (read             ) [ 0110000000000000000000000000000000000000]
psum_69_load_reload_read  (read             ) [ 0110000000000000000000000000000000000000]
psum_61_load_reload_read  (read             ) [ 0110000000000000000000000000000000000000]
psum_53_load_reload_read  (read             ) [ 0110000000000000000000000000000000000000]
psum_45_load_reload_read  (read             ) [ 0110000000000000000000000000000000000000]
psum_37_load_reload_read  (read             ) [ 0110000000000000000000000000000000000000]
psum_29_load_reload_read  (read             ) [ 0110000000000000000000000000000000000000]
psum_21_load_reload_read  (read             ) [ 0110000000000000000000000000000000000000]
psum_13_load_reload_read  (read             ) [ 0110000000000000000000000000000000000000]
psum_5_load_reload_read   (read             ) [ 0110000000000000000000000000000000000000]
psum_124_load_reload_read (read             ) [ 0110000000000000000000000000000000000000]
psum_116_load_reload_read (read             ) [ 0110000000000000000000000000000000000000]
psum_108_load_reload_read (read             ) [ 0110000000000000000000000000000000000000]
psum_100_load_reload_read (read             ) [ 0110000000000000000000000000000000000000]
psum_92_load_reload_read  (read             ) [ 0110000000000000000000000000000000000000]
psum_84_load_reload_read  (read             ) [ 0110000000000000000000000000000000000000]
psum_76_load_reload_read  (read             ) [ 0110000000000000000000000000000000000000]
psum_68_load_reload_read  (read             ) [ 0110000000000000000000000000000000000000]
psum_60_load_reload_read  (read             ) [ 0110000000000000000000000000000000000000]
psum_52_load_reload_read  (read             ) [ 0110000000000000000000000000000000000000]
psum_44_load_reload_read  (read             ) [ 0110000000000000000000000000000000000000]
psum_36_load_reload_read  (read             ) [ 0110000000000000000000000000000000000000]
psum_28_load_reload_read  (read             ) [ 0110000000000000000000000000000000000000]
psum_20_load_reload_read  (read             ) [ 0110000000000000000000000000000000000000]
psum_12_load_reload_read  (read             ) [ 0110000000000000000000000000000000000000]
psum_4_load_reload_read   (read             ) [ 0110000000000000000000000000000000000000]
psum_123_load_reload_read (read             ) [ 0110000000000000000000000000000000000000]
psum_115_load_reload_read (read             ) [ 0110000000000000000000000000000000000000]
psum_107_load_reload_read (read             ) [ 0110000000000000000000000000000000000000]
psum_99_load_reload_read  (read             ) [ 0110000000000000000000000000000000000000]
psum_91_load_reload_read  (read             ) [ 0110000000000000000000000000000000000000]
psum_83_load_reload_read  (read             ) [ 0110000000000000000000000000000000000000]
psum_75_load_reload_read  (read             ) [ 0110000000000000000000000000000000000000]
psum_67_load_reload_read  (read             ) [ 0110000000000000000000000000000000000000]
psum_59_load_reload_read  (read             ) [ 0110000000000000000000000000000000000000]
psum_51_load_reload_read  (read             ) [ 0110000000000000000000000000000000000000]
psum_43_load_reload_read  (read             ) [ 0110000000000000000000000000000000000000]
psum_35_load_reload_read  (read             ) [ 0110000000000000000000000000000000000000]
psum_27_load_reload_read  (read             ) [ 0110000000000000000000000000000000000000]
psum_19_load_reload_read  (read             ) [ 0110000000000000000000000000000000000000]
psum_11_load_reload_read  (read             ) [ 0110000000000000000000000000000000000000]
psum_3_load_reload_read   (read             ) [ 0110000000000000000000000000000000000000]
psum_122_load_reload_read (read             ) [ 0110000000000000000000000000000000000000]
psum_114_load_reload_read (read             ) [ 0110000000000000000000000000000000000000]
psum_106_load_reload_read (read             ) [ 0110000000000000000000000000000000000000]
psum_98_load_reload_read  (read             ) [ 0110000000000000000000000000000000000000]
psum_90_load_reload_read  (read             ) [ 0110000000000000000000000000000000000000]
psum_82_load_reload_read  (read             ) [ 0110000000000000000000000000000000000000]
psum_74_load_reload_read  (read             ) [ 0110000000000000000000000000000000000000]
psum_66_load_reload_read  (read             ) [ 0110000000000000000000000000000000000000]
psum_58_load_reload_read  (read             ) [ 0110000000000000000000000000000000000000]
psum_50_load_reload_read  (read             ) [ 0110000000000000000000000000000000000000]
psum_42_load_reload_read  (read             ) [ 0110000000000000000000000000000000000000]
psum_34_load_reload_read  (read             ) [ 0110000000000000000000000000000000000000]
psum_26_load_reload_read  (read             ) [ 0110000000000000000000000000000000000000]
psum_18_load_reload_read  (read             ) [ 0110000000000000000000000000000000000000]
psum_10_load_reload_read  (read             ) [ 0110000000000000000000000000000000000000]
psum_2_load_reload_read   (read             ) [ 0110000000000000000000000000000000000000]
psum_121_load_reload_read (read             ) [ 0110000000000000000000000000000000000000]
psum_113_load_reload_read (read             ) [ 0110000000000000000000000000000000000000]
psum_105_load_reload_read (read             ) [ 0110000000000000000000000000000000000000]
psum_97_load_reload_read  (read             ) [ 0110000000000000000000000000000000000000]
psum_89_load_reload_read  (read             ) [ 0110000000000000000000000000000000000000]
psum_81_load_reload_read  (read             ) [ 0110000000000000000000000000000000000000]
psum_73_load_reload_read  (read             ) [ 0110000000000000000000000000000000000000]
psum_65_load_reload_read  (read             ) [ 0110000000000000000000000000000000000000]
psum_57_load_reload_read  (read             ) [ 0110000000000000000000000000000000000000]
psum_49_load_reload_read  (read             ) [ 0110000000000000000000000000000000000000]
psum_41_load_reload_read  (read             ) [ 0110000000000000000000000000000000000000]
psum_33_load_reload_read  (read             ) [ 0110000000000000000000000000000000000000]
psum_25_load_reload_read  (read             ) [ 0110000000000000000000000000000000000000]
psum_17_load_reload_read  (read             ) [ 0110000000000000000000000000000000000000]
psum_9_load_reload_read   (read             ) [ 0110000000000000000000000000000000000000]
psum_1_load_reload_read   (read             ) [ 0110000000000000000000000000000000000000]
psum_120_load_reload_read (read             ) [ 0110000000000000000000000000000000000000]
psum_112_load_reload_read (read             ) [ 0110000000000000000000000000000000000000]
psum_104_load_reload_read (read             ) [ 0110000000000000000000000000000000000000]
psum_96_load_reload_read  (read             ) [ 0110000000000000000000000000000000000000]
psum_88_load_reload_read  (read             ) [ 0110000000000000000000000000000000000000]
psum_80_load_reload_read  (read             ) [ 0110000000000000000000000000000000000000]
psum_72_load_reload_read  (read             ) [ 0110000000000000000000000000000000000000]
psum_64_load_reload_read  (read             ) [ 0110000000000000000000000000000000000000]
psum_56_load_reload_read  (read             ) [ 0110000000000000000000000000000000000000]
psum_48_load_reload_read  (read             ) [ 0110000000000000000000000000000000000000]
psum_40_load_reload_read  (read             ) [ 0110000000000000000000000000000000000000]
psum_32_load_reload_read  (read             ) [ 0110000000000000000000000000000000000000]
psum_24_load_reload_read  (read             ) [ 0110000000000000000000000000000000000000]
psum_16_load_reload_read  (read             ) [ 0110000000000000000000000000000000000000]
psum_8_load_reload_read   (read             ) [ 0110000000000000000000000000000000000000]
psum_load_reload_read     (read             ) [ 0110000000000000000000000000000000000000]
zext_ln201_read           (read             ) [ 0000000000000000000000000000000000000000]
zext_ln201_cast           (zext             ) [ 0111111111111111111111100000000000000000]
specmemcore_ln0           (specmemcore      ) [ 0000000000000000000000000000000000000000]
specmemcore_ln0           (specmemcore      ) [ 0000000000000000000000000000000000000000]
specmemcore_ln0           (specmemcore      ) [ 0000000000000000000000000000000000000000]
specmemcore_ln0           (specmemcore      ) [ 0000000000000000000000000000000000000000]
specmemcore_ln0           (specmemcore      ) [ 0000000000000000000000000000000000000000]
specmemcore_ln0           (specmemcore      ) [ 0000000000000000000000000000000000000000]
specmemcore_ln0           (specmemcore      ) [ 0000000000000000000000000000000000000000]
specmemcore_ln0           (specmemcore      ) [ 0000000000000000000000000000000000000000]
specmemcore_ln0           (specmemcore      ) [ 0000000000000000000000000000000000000000]
specmemcore_ln0           (specmemcore      ) [ 0000000000000000000000000000000000000000]
specmemcore_ln0           (specmemcore      ) [ 0000000000000000000000000000000000000000]
specmemcore_ln0           (specmemcore      ) [ 0000000000000000000000000000000000000000]
specmemcore_ln0           (specmemcore      ) [ 0000000000000000000000000000000000000000]
specmemcore_ln0           (specmemcore      ) [ 0000000000000000000000000000000000000000]
specmemcore_ln0           (specmemcore      ) [ 0000000000000000000000000000000000000000]
specmemcore_ln0           (specmemcore      ) [ 0000000000000000000000000000000000000000]
store_ln315               (store            ) [ 0000000000000000000000000000000000000000]
br_ln315                  (br               ) [ 0000000000000000000000000000000000000000]
pe_1                      (load             ) [ 0111111111111111111111100000000000000000]
icmp_ln315                (icmp             ) [ 0111111111111111111111111111111111111110]
add_ln315                 (add              ) [ 0000000000000000000000000000000000000000]
br_ln315                  (br               ) [ 0000000000000000000000000000000000000000]
switch_ln323              (switch           ) [ 0000000000000000000000000000000000000000]
store_ln315               (store            ) [ 0000000000000000000000000000000000000000]
br_ln315                  (br               ) [ 0000000000000000000000000000000000000000]
trunc_ln323               (trunc            ) [ 0101111111111111111111111111111111111111]
tmp_31                    (sparsemux        ) [ 0101111000000000000000000000000000000000]
tmp_32                    (sparsemux        ) [ 0101111000000000000000000000000000000000]
tmp_s                     (sparsemux        ) [ 0101111000000000000000000000000000000000]
tmp_33                    (sparsemux        ) [ 0101111000000000000000000000000000000000]
tmp_34                    (sparsemux        ) [ 0101111000000000000000000000000000000000]
tmp_35                    (sparsemux        ) [ 0101111000000000000000000000000000000000]
tmp_36                    (sparsemux        ) [ 0101111000000000000000000000000000000000]
tmp_37                    (sparsemux        ) [ 0101111000000000000000000000000000000000]
add                       (hadd             ) [ 0100000111110000000000000000000000000000]
add14                     (hadd             ) [ 0100000111110000000000000000000000000000]
add16                     (hadd             ) [ 0100000111110000000000000000000000000000]
add17                     (hadd             ) [ 0100000111110000000000000000000000000000]
add15                     (hadd             ) [ 0100000000001111100000000000000000000000]
add18                     (hadd             ) [ 0100000000001111100000000000000000000000]
total                     (hadd             ) [ 0100000000000000011111000000000000000000]
fout                      (hadd             ) [ 0100000000000000000000110000000000000000]
br_ln323                  (br               ) [ 0000000000000000000000000000000000000000]
br_ln323                  (br               ) [ 0000000000000000000000000000000000000000]
br_ln323                  (br               ) [ 0000000000000000000000000000000000000000]
br_ln323                  (br               ) [ 0000000000000000000000000000000000000000]
br_ln323                  (br               ) [ 0000000000000000000000000000000000000000]
br_ln323                  (br               ) [ 0000000000000000000000000000000000000000]
br_ln323                  (br               ) [ 0000000000000000000000000000000000000000]
br_ln323                  (br               ) [ 0000000000000000000000000000000000000000]
br_ln323                  (br               ) [ 0000000000000000000000000000000000000000]
br_ln323                  (br               ) [ 0000000000000000000000000000000000000000]
br_ln323                  (br               ) [ 0000000000000000000000000000000000000000]
br_ln323                  (br               ) [ 0000000000000000000000000000000000000000]
br_ln323                  (br               ) [ 0000000000000000000000000000000000000000]
br_ln323                  (br               ) [ 0000000000000000000000000000000000000000]
br_ln323                  (br               ) [ 0000000000000000000000000000000000000000]
br_ln323                  (br               ) [ 0000000000000000000000000000000000000000]
p_shl                     (bitconcatenate   ) [ 0000000000000000000000000000000000000000]
tmp                       (bitconcatenate   ) [ 0000000000000000000000000000000000000000]
zext_ln323                (zext             ) [ 0000000000000000000000000000000000000000]
sub_ln323                 (sub              ) [ 0000000000000000000000000000000000000000]
add_ln323                 (add              ) [ 0000000000000000000000000000000000000000]
zext_ln323_1              (zext             ) [ 0000000000000000000000000000000000000000]
y_cache_16_0_addr         (getelementptr    ) [ 0000000000000000000000000000000000000000]
y_cache_16_1_addr         (getelementptr    ) [ 0000000000000000000000000000000000000000]
y_cache_16_2_addr         (getelementptr    ) [ 0000000000000000000000000000000000000000]
y_cache_16_3_addr         (getelementptr    ) [ 0000000000000000000000000000000000000000]
y_cache_16_4_addr         (getelementptr    ) [ 0000000000000000000000000000000000000000]
y_cache_16_5_addr         (getelementptr    ) [ 0000000000000000000000000000000000000000]
y_cache_16_6_addr         (getelementptr    ) [ 0000000000000000000000000000000000000000]
y_cache_16_7_addr         (getelementptr    ) [ 0000000000000000000000000000000000000000]
y_cache_16_8_addr         (getelementptr    ) [ 0000000000000000000000000000000000000000]
y_cache_16_9_addr         (getelementptr    ) [ 0000000000000000000000000000000000000000]
y_cache_16_10_addr        (getelementptr    ) [ 0000000000000000000000000000000000000000]
y_cache_16_11_addr        (getelementptr    ) [ 0000000000000000000000000000000000000000]
y_cache_16_12_addr        (getelementptr    ) [ 0000000000000000000000000000000000000000]
y_cache_16_13_addr        (getelementptr    ) [ 0000000000000000000000000000000000000000]
y_cache_16_14_addr        (getelementptr    ) [ 0000000000000000000000000000000000000000]
y_cache_16_15_addr        (getelementptr    ) [ 0000000000000000000000000000000000000000]
specpipeline_ln316        (specpipeline     ) [ 0000000000000000000000000000000000000000]
speclooptripcount_ln315   (speclooptripcount) [ 0000000000000000000000000000000000000000]
specloopname_ln315        (specloopname     ) [ 0000000000000000000000000000000000000000]
store_ln323               (store            ) [ 0000000000000000000000000000000000000000]
store_ln323               (store            ) [ 0000000000000000000000000000000000000000]
store_ln323               (store            ) [ 0000000000000000000000000000000000000000]
store_ln323               (store            ) [ 0000000000000000000000000000000000000000]
store_ln323               (store            ) [ 0000000000000000000000000000000000000000]
store_ln323               (store            ) [ 0000000000000000000000000000000000000000]
store_ln323               (store            ) [ 0000000000000000000000000000000000000000]
store_ln323               (store            ) [ 0000000000000000000000000000000000000000]
store_ln323               (store            ) [ 0000000000000000000000000000000000000000]
store_ln323               (store            ) [ 0000000000000000000000000000000000000000]
store_ln323               (store            ) [ 0000000000000000000000000000000000000000]
store_ln323               (store            ) [ 0000000000000000000000000000000000000000]
store_ln323               (store            ) [ 0000000000000000000000000000000000000000]
store_ln323               (store            ) [ 0000000000000000000000000000000000000000]
store_ln323               (store            ) [ 0000000000000000000000000000000000000000]
store_ln323               (store            ) [ 0000000000000000000000000000000000000000]
switch_ln326              (switch           ) [ 0000000000000000000000000000000000000000]
ff                        (hptosp           ) [ 0100000000000000000000001111111111000000]
sum_acc_read              (read             ) [ 0000000000000000000000000000000000000000]
sum_acc_1_read            (read             ) [ 0000000000000000000000000000000000000000]
sum_acc_2_read            (read             ) [ 0000000000000000000000000000000000000000]
sum_acc_3_read            (read             ) [ 0000000000000000000000000000000000000000]
sum_acc_4_read            (read             ) [ 0000000000000000000000000000000000000000]
sum_acc_5_read            (read             ) [ 0000000000000000000000000000000000000000]
sum_acc_6_read            (read             ) [ 0000000000000000000000000000000000000000]
sum_acc_7_read            (read             ) [ 0000000000000000000000000000000000000000]
sum_acc_8_read            (read             ) [ 0000000000000000000000000000000000000000]
sum_acc_9_read            (read             ) [ 0000000000000000000000000000000000000000]
sum_acc_10_read           (read             ) [ 0000000000000000000000000000000000000000]
sum_acc_11_read           (read             ) [ 0000000000000000000000000000000000000000]
sum_acc_12_read           (read             ) [ 0000000000000000000000000000000000000000]
sum_acc_13_read           (read             ) [ 0000000000000000000000000000000000000000]
sum_acc_14_read           (read             ) [ 0000000000000000000000000000000000000000]
sum_acc_15_read           (read             ) [ 0000000000000000000000000000000000000000]
tmp_38                    (sparsemux        ) [ 0100000000000000000000001111111111000000]
mul16                     (fmul             ) [ 0100000000000000000000000000001111111111]
sumsq_acc_read            (read             ) [ 0000000000000000000000000000000000000000]
sumsq_acc_1_read          (read             ) [ 0000000000000000000000000000000000000000]
sumsq_acc_2_read          (read             ) [ 0000000000000000000000000000000000000000]
sumsq_acc_3_read          (read             ) [ 0000000000000000000000000000000000000000]
sumsq_acc_4_read          (read             ) [ 0000000000000000000000000000000000000000]
sumsq_acc_5_read          (read             ) [ 0000000000000000000000000000000000000000]
sumsq_acc_6_read          (read             ) [ 0000000000000000000000000000000000000000]
sumsq_acc_7_read          (read             ) [ 0000000000000000000000000000000000000000]
sumsq_acc_8_read          (read             ) [ 0000000000000000000000000000000000000000]
sumsq_acc_9_read          (read             ) [ 0000000000000000000000000000000000000000]
sumsq_acc_10_read         (read             ) [ 0000000000000000000000000000000000000000]
sumsq_acc_11_read         (read             ) [ 0000000000000000000000000000000000000000]
sumsq_acc_12_read         (read             ) [ 0000000000000000000000000000000000000000]
sumsq_acc_13_read         (read             ) [ 0000000000000000000000000000000000000000]
sumsq_acc_14_read         (read             ) [ 0000000000000000000000000000000000000000]
sumsq_acc_15_read         (read             ) [ 0000000000000000000000000000000000000000]
tmp_39                    (sparsemux        ) [ 0100000000000000000000000000001111111111]
sum_acc_16                (fadd             ) [ 0000000000000000000000000000000000000000]
write_ln326               (write            ) [ 0000000000000000000000000000000000000000]
write_ln326               (write            ) [ 0000000000000000000000000000000000000000]
write_ln326               (write            ) [ 0000000000000000000000000000000000000000]
write_ln326               (write            ) [ 0000000000000000000000000000000000000000]
write_ln326               (write            ) [ 0000000000000000000000000000000000000000]
write_ln326               (write            ) [ 0000000000000000000000000000000000000000]
write_ln326               (write            ) [ 0000000000000000000000000000000000000000]
write_ln326               (write            ) [ 0000000000000000000000000000000000000000]
write_ln326               (write            ) [ 0000000000000000000000000000000000000000]
write_ln326               (write            ) [ 0000000000000000000000000000000000000000]
write_ln326               (write            ) [ 0000000000000000000000000000000000000000]
write_ln326               (write            ) [ 0000000000000000000000000000000000000000]
write_ln326               (write            ) [ 0000000000000000000000000000000000000000]
write_ln326               (write            ) [ 0000000000000000000000000000000000000000]
write_ln326               (write            ) [ 0000000000000000000000000000000000000000]
write_ln326               (write            ) [ 0000000000000000000000000000000000000000]
sumsq_acc_16              (fadd             ) [ 0000000000000000000000000000000000000000]
write_ln327               (write            ) [ 0000000000000000000000000000000000000000]
br_ln327                  (br               ) [ 0000000000000000000000000000000000000000]
write_ln327               (write            ) [ 0000000000000000000000000000000000000000]
br_ln327                  (br               ) [ 0000000000000000000000000000000000000000]
write_ln327               (write            ) [ 0000000000000000000000000000000000000000]
br_ln327                  (br               ) [ 0000000000000000000000000000000000000000]
write_ln327               (write            ) [ 0000000000000000000000000000000000000000]
br_ln327                  (br               ) [ 0000000000000000000000000000000000000000]
write_ln327               (write            ) [ 0000000000000000000000000000000000000000]
br_ln327                  (br               ) [ 0000000000000000000000000000000000000000]
write_ln327               (write            ) [ 0000000000000000000000000000000000000000]
br_ln327                  (br               ) [ 0000000000000000000000000000000000000000]
write_ln327               (write            ) [ 0000000000000000000000000000000000000000]
br_ln327                  (br               ) [ 0000000000000000000000000000000000000000]
write_ln327               (write            ) [ 0000000000000000000000000000000000000000]
br_ln327                  (br               ) [ 0000000000000000000000000000000000000000]
write_ln327               (write            ) [ 0000000000000000000000000000000000000000]
br_ln327                  (br               ) [ 0000000000000000000000000000000000000000]
write_ln327               (write            ) [ 0000000000000000000000000000000000000000]
br_ln327                  (br               ) [ 0000000000000000000000000000000000000000]
write_ln327               (write            ) [ 0000000000000000000000000000000000000000]
br_ln327                  (br               ) [ 0000000000000000000000000000000000000000]
write_ln327               (write            ) [ 0000000000000000000000000000000000000000]
br_ln327                  (br               ) [ 0000000000000000000000000000000000000000]
write_ln327               (write            ) [ 0000000000000000000000000000000000000000]
br_ln327                  (br               ) [ 0000000000000000000000000000000000000000]
write_ln327               (write            ) [ 0000000000000000000000000000000000000000]
br_ln327                  (br               ) [ 0000000000000000000000000000000000000000]
write_ln327               (write            ) [ 0000000000000000000000000000000000000000]
br_ln327                  (br               ) [ 0000000000000000000000000000000000000000]
write_ln327               (write            ) [ 0000000000000000000000000000000000000000]
br_ln327                  (br               ) [ 0000000000000000000000000000000000000000]
ret_ln0                   (ret              ) [ 0000000000000000000000000000000000000000]
</LifeTime>

<model>

<comp_list>
<comp id="0" class="1000" name="sum_acc">
<pin_list>
<pin id="1" dir="1" index="0" bw="1" slack="0"/>
</pin_list>
<bind>
<StgValue><ssdm name="sum_acc"/></StgValue>
</bind>
</comp>

<comp id="2" class="1000" name="sumsq_acc">
<pin_list>
<pin id="3" dir="1" index="0" bw="1" slack="0"/>
</pin_list>
<bind>
<StgValue><ssdm name="sumsq_acc"/></StgValue>
</bind>
</comp>

<comp id="4" class="1000" name="sum_acc_1">
<pin_list>
<pin id="5" dir="1" index="0" bw="1" slack="0"/>
</pin_list>
<bind>
<StgValue><ssdm name="sum_acc_1"/></StgValue>
</bind>
</comp>

<comp id="6" class="1000" name="sum_acc_2">
<pin_list>
<pin id="7" dir="1" index="0" bw="1" slack="0"/>
</pin_list>
<bind>
<StgValue><ssdm name="sum_acc_2"/></StgValue>
</bind>
</comp>

<comp id="8" class="1000" name="sum_acc_3">
<pin_list>
<pin id="9" dir="1" index="0" bw="1" slack="0"/>
</pin_list>
<bind>
<StgValue><ssdm name="sum_acc_3"/></StgValue>
</bind>
</comp>

<comp id="10" class="1000" name="sum_acc_4">
<pin_list>
<pin id="11" dir="1" index="0" bw="1" slack="0"/>
</pin_list>
<bind>
<StgValue><ssdm name="sum_acc_4"/></StgValue>
</bind>
</comp>

<comp id="12" class="1000" name="sum_acc_5">
<pin_list>
<pin id="13" dir="1" index="0" bw="1" slack="0"/>
</pin_list>
<bind>
<StgValue><ssdm name="sum_acc_5"/></StgValue>
</bind>
</comp>

<comp id="14" class="1000" name="sum_acc_6">
<pin_list>
<pin id="15" dir="1" index="0" bw="1" slack="0"/>
</pin_list>
<bind>
<StgValue><ssdm name="sum_acc_6"/></StgValue>
</bind>
</comp>

<comp id="16" class="1000" name="sum_acc_7">
<pin_list>
<pin id="17" dir="1" index="0" bw="1" slack="0"/>
</pin_list>
<bind>
<StgValue><ssdm name="sum_acc_7"/></StgValue>
</bind>
</comp>

<comp id="18" class="1000" name="sum_acc_8">
<pin_list>
<pin id="19" dir="1" index="0" bw="1" slack="0"/>
</pin_list>
<bind>
<StgValue><ssdm name="sum_acc_8"/></StgValue>
</bind>
</comp>

<comp id="20" class="1000" name="sum_acc_9">
<pin_list>
<pin id="21" dir="1" index="0" bw="1" slack="0"/>
</pin_list>
<bind>
<StgValue><ssdm name="sum_acc_9"/></StgValue>
</bind>
</comp>

<comp id="22" class="1000" name="sum_acc_10">
<pin_list>
<pin id="23" dir="1" index="0" bw="1" slack="0"/>
</pin_list>
<bind>
<StgValue><ssdm name="sum_acc_10"/></StgValue>
</bind>
</comp>

<comp id="24" class="1000" name="sum_acc_11">
<pin_list>
<pin id="25" dir="1" index="0" bw="1" slack="0"/>
</pin_list>
<bind>
<StgValue><ssdm name="sum_acc_11"/></StgValue>
</bind>
</comp>

<comp id="26" class="1000" name="sum_acc_12">
<pin_list>
<pin id="27" dir="1" index="0" bw="1" slack="0"/>
</pin_list>
<bind>
<StgValue><ssdm name="sum_acc_12"/></StgValue>
</bind>
</comp>

<comp id="28" class="1000" name="sum_acc_13">
<pin_list>
<pin id="29" dir="1" index="0" bw="1" slack="0"/>
</pin_list>
<bind>
<StgValue><ssdm name="sum_acc_13"/></StgValue>
</bind>
</comp>

<comp id="30" class="1000" name="sum_acc_14">
<pin_list>
<pin id="31" dir="1" index="0" bw="1" slack="0"/>
</pin_list>
<bind>
<StgValue><ssdm name="sum_acc_14"/></StgValue>
</bind>
</comp>

<comp id="32" class="1000" name="sum_acc_15">
<pin_list>
<pin id="33" dir="1" index="0" bw="1" slack="0"/>
</pin_list>
<bind>
<StgValue><ssdm name="sum_acc_15"/></StgValue>
</bind>
</comp>

<comp id="34" class="1000" name="sumsq_acc_1">
<pin_list>
<pin id="35" dir="1" index="0" bw="1" slack="0"/>
</pin_list>
<bind>
<StgValue><ssdm name="sumsq_acc_1"/></StgValue>
</bind>
</comp>

<comp id="36" class="1000" name="sumsq_acc_2">
<pin_list>
<pin id="37" dir="1" index="0" bw="1" slack="0"/>
</pin_list>
<bind>
<StgValue><ssdm name="sumsq_acc_2"/></StgValue>
</bind>
</comp>

<comp id="38" class="1000" name="sumsq_acc_3">
<pin_list>
<pin id="39" dir="1" index="0" bw="1" slack="0"/>
</pin_list>
<bind>
<StgValue><ssdm name="sumsq_acc_3"/></StgValue>
</bind>
</comp>

<comp id="40" class="1000" name="sumsq_acc_4">
<pin_list>
<pin id="41" dir="1" index="0" bw="1" slack="0"/>
</pin_list>
<bind>
<StgValue><ssdm name="sumsq_acc_4"/></StgValue>
</bind>
</comp>

<comp id="42" class="1000" name="sumsq_acc_5">
<pin_list>
<pin id="43" dir="1" index="0" bw="1" slack="0"/>
</pin_list>
<bind>
<StgValue><ssdm name="sumsq_acc_5"/></StgValue>
</bind>
</comp>

<comp id="44" class="1000" name="sumsq_acc_6">
<pin_list>
<pin id="45" dir="1" index="0" bw="1" slack="0"/>
</pin_list>
<bind>
<StgValue><ssdm name="sumsq_acc_6"/></StgValue>
</bind>
</comp>

<comp id="46" class="1000" name="sumsq_acc_7">
<pin_list>
<pin id="47" dir="1" index="0" bw="1" slack="0"/>
</pin_list>
<bind>
<StgValue><ssdm name="sumsq_acc_7"/></StgValue>
</bind>
</comp>

<comp id="48" class="1000" name="sumsq_acc_8">
<pin_list>
<pin id="49" dir="1" index="0" bw="1" slack="0"/>
</pin_list>
<bind>
<StgValue><ssdm name="sumsq_acc_8"/></StgValue>
</bind>
</comp>

<comp id="50" class="1000" name="sumsq_acc_9">
<pin_list>
<pin id="51" dir="1" index="0" bw="1" slack="0"/>
</pin_list>
<bind>
<StgValue><ssdm name="sumsq_acc_9"/></StgValue>
</bind>
</comp>

<comp id="52" class="1000" name="sumsq_acc_10">
<pin_list>
<pin id="53" dir="1" index="0" bw="1" slack="0"/>
</pin_list>
<bind>
<StgValue><ssdm name="sumsq_acc_10"/></StgValue>
</bind>
</comp>

<comp id="54" class="1000" name="sumsq_acc_11">
<pin_list>
<pin id="55" dir="1" index="0" bw="1" slack="0"/>
</pin_list>
<bind>
<StgValue><ssdm name="sumsq_acc_11"/></StgValue>
</bind>
</comp>

<comp id="56" class="1000" name="sumsq_acc_12">
<pin_list>
<pin id="57" dir="1" index="0" bw="1" slack="0"/>
</pin_list>
<bind>
<StgValue><ssdm name="sumsq_acc_12"/></StgValue>
</bind>
</comp>

<comp id="58" class="1000" name="sumsq_acc_13">
<pin_list>
<pin id="59" dir="1" index="0" bw="1" slack="0"/>
</pin_list>
<bind>
<StgValue><ssdm name="sumsq_acc_13"/></StgValue>
</bind>
</comp>

<comp id="60" class="1000" name="sumsq_acc_14">
<pin_list>
<pin id="61" dir="1" index="0" bw="1" slack="0"/>
</pin_list>
<bind>
<StgValue><ssdm name="sumsq_acc_14"/></StgValue>
</bind>
</comp>

<comp id="62" class="1000" name="sumsq_acc_15">
<pin_list>
<pin id="63" dir="1" index="0" bw="1" slack="0"/>
</pin_list>
<bind>
<StgValue><ssdm name="sumsq_acc_15"/></StgValue>
</bind>
</comp>

<comp id="64" class="1000" name="zext_ln201">
<pin_list>
<pin id="65" dir="1" index="0" bw="1" slack="0"/>
</pin_list>
<bind>
<StgValue><ssdm name="zext_ln201"/></StgValue>
</bind>
</comp>

<comp id="66" class="1000" name="y_cache_16_0">
<pin_list>
<pin id="67" dir="1" index="0" bw="1" slack="0"/>
</pin_list>
<bind>
<StgValue><ssdm name="y_cache_16_0"/><MemPortTyVec>3 0 </MemPortTyVec>
</StgValue>
</bind>
</comp>

<comp id="68" class="1000" name="y_cache_16_1">
<pin_list>
<pin id="69" dir="1" index="0" bw="1" slack="0"/>
</pin_list>
<bind>
<StgValue><ssdm name="y_cache_16_1"/><MemPortTyVec>3 0 </MemPortTyVec>
</StgValue>
</bind>
</comp>

<comp id="70" class="1000" name="y_cache_16_2">
<pin_list>
<pin id="71" dir="1" index="0" bw="1" slack="0"/>
</pin_list>
<bind>
<StgValue><ssdm name="y_cache_16_2"/><MemPortTyVec>3 0 </MemPortTyVec>
</StgValue>
</bind>
</comp>

<comp id="72" class="1000" name="y_cache_16_3">
<pin_list>
<pin id="73" dir="1" index="0" bw="1" slack="0"/>
</pin_list>
<bind>
<StgValue><ssdm name="y_cache_16_3"/><MemPortTyVec>3 0 </MemPortTyVec>
</StgValue>
</bind>
</comp>

<comp id="74" class="1000" name="y_cache_16_4">
<pin_list>
<pin id="75" dir="1" index="0" bw="1" slack="0"/>
</pin_list>
<bind>
<StgValue><ssdm name="y_cache_16_4"/><MemPortTyVec>3 0 </MemPortTyVec>
</StgValue>
</bind>
</comp>

<comp id="76" class="1000" name="y_cache_16_5">
<pin_list>
<pin id="77" dir="1" index="0" bw="1" slack="0"/>
</pin_list>
<bind>
<StgValue><ssdm name="y_cache_16_5"/><MemPortTyVec>3 0 </MemPortTyVec>
</StgValue>
</bind>
</comp>

<comp id="78" class="1000" name="y_cache_16_6">
<pin_list>
<pin id="79" dir="1" index="0" bw="1" slack="0"/>
</pin_list>
<bind>
<StgValue><ssdm name="y_cache_16_6"/><MemPortTyVec>3 0 </MemPortTyVec>
</StgValue>
</bind>
</comp>

<comp id="80" class="1000" name="y_cache_16_7">
<pin_list>
<pin id="81" dir="1" index="0" bw="1" slack="0"/>
</pin_list>
<bind>
<StgValue><ssdm name="y_cache_16_7"/><MemPortTyVec>3 0 </MemPortTyVec>
</StgValue>
</bind>
</comp>

<comp id="82" class="1000" name="y_cache_16_8">
<pin_list>
<pin id="83" dir="1" index="0" bw="1" slack="0"/>
</pin_list>
<bind>
<StgValue><ssdm name="y_cache_16_8"/><MemPortTyVec>3 0 </MemPortTyVec>
</StgValue>
</bind>
</comp>

<comp id="84" class="1000" name="y_cache_16_9">
<pin_list>
<pin id="85" dir="1" index="0" bw="1" slack="0"/>
</pin_list>
<bind>
<StgValue><ssdm name="y_cache_16_9"/><MemPortTyVec>3 0 </MemPortTyVec>
</StgValue>
</bind>
</comp>

<comp id="86" class="1000" name="y_cache_16_10">
<pin_list>
<pin id="87" dir="1" index="0" bw="1" slack="0"/>
</pin_list>
<bind>
<StgValue><ssdm name="y_cache_16_10"/><MemPortTyVec>3 0 </MemPortTyVec>
</StgValue>
</bind>
</comp>

<comp id="88" class="1000" name="y_cache_16_11">
<pin_list>
<pin id="89" dir="1" index="0" bw="1" slack="0"/>
</pin_list>
<bind>
<StgValue><ssdm name="y_cache_16_11"/><MemPortTyVec>3 0 </MemPortTyVec>
</StgValue>
</bind>
</comp>

<comp id="90" class="1000" name="y_cache_16_12">
<pin_list>
<pin id="91" dir="1" index="0" bw="1" slack="0"/>
</pin_list>
<bind>
<StgValue><ssdm name="y_cache_16_12"/><MemPortTyVec>3 0 </MemPortTyVec>
</StgValue>
</bind>
</comp>

<comp id="92" class="1000" name="y_cache_16_13">
<pin_list>
<pin id="93" dir="1" index="0" bw="1" slack="0"/>
</pin_list>
<bind>
<StgValue><ssdm name="y_cache_16_13"/><MemPortTyVec>3 0 </MemPortTyVec>
</StgValue>
</bind>
</comp>

<comp id="94" class="1000" name="y_cache_16_14">
<pin_list>
<pin id="95" dir="1" index="0" bw="1" slack="0"/>
</pin_list>
<bind>
<StgValue><ssdm name="y_cache_16_14"/><MemPortTyVec>3 0 </MemPortTyVec>
</StgValue>
</bind>
</comp>

<comp id="96" class="1000" name="y_cache_16_15">
<pin_list>
<pin id="97" dir="1" index="0" bw="1" slack="0"/>
</pin_list>
<bind>
<StgValue><ssdm name="y_cache_16_15"/><MemPortTyVec>3 0 </MemPortTyVec>
</StgValue>
</bind>
</comp>

<comp id="98" class="1000" name="psum_load_reload">
<pin_list>
<pin id="99" dir="1" index="0" bw="1" slack="0"/>
</pin_list>
<bind>
<StgValue><ssdm name="psum_load_reload"/></StgValue>
</bind>
</comp>

<comp id="100" class="1000" name="psum_8_load_reload">
<pin_list>
<pin id="101" dir="1" index="0" bw="1" slack="0"/>
</pin_list>
<bind>
<StgValue><ssdm name="psum_8_load_reload"/></StgValue>
</bind>
</comp>

<comp id="102" class="1000" name="psum_16_load_reload">
<pin_list>
<pin id="103" dir="1" index="0" bw="1" slack="0"/>
</pin_list>
<bind>
<StgValue><ssdm name="psum_16_load_reload"/></StgValue>
</bind>
</comp>

<comp id="104" class="1000" name="psum_24_load_reload">
<pin_list>
<pin id="105" dir="1" index="0" bw="1" slack="0"/>
</pin_list>
<bind>
<StgValue><ssdm name="psum_24_load_reload"/></StgValue>
</bind>
</comp>

<comp id="106" class="1000" name="psum_32_load_reload">
<pin_list>
<pin id="107" dir="1" index="0" bw="1" slack="0"/>
</pin_list>
<bind>
<StgValue><ssdm name="psum_32_load_reload"/></StgValue>
</bind>
</comp>

<comp id="108" class="1000" name="psum_40_load_reload">
<pin_list>
<pin id="109" dir="1" index="0" bw="1" slack="0"/>
</pin_list>
<bind>
<StgValue><ssdm name="psum_40_load_reload"/></StgValue>
</bind>
</comp>

<comp id="110" class="1000" name="psum_48_load_reload">
<pin_list>
<pin id="111" dir="1" index="0" bw="1" slack="0"/>
</pin_list>
<bind>
<StgValue><ssdm name="psum_48_load_reload"/></StgValue>
</bind>
</comp>

<comp id="112" class="1000" name="psum_56_load_reload">
<pin_list>
<pin id="113" dir="1" index="0" bw="1" slack="0"/>
</pin_list>
<bind>
<StgValue><ssdm name="psum_56_load_reload"/></StgValue>
</bind>
</comp>

<comp id="114" class="1000" name="psum_64_load_reload">
<pin_list>
<pin id="115" dir="1" index="0" bw="1" slack="0"/>
</pin_list>
<bind>
<StgValue><ssdm name="psum_64_load_reload"/></StgValue>
</bind>
</comp>

<comp id="116" class="1000" name="psum_72_load_reload">
<pin_list>
<pin id="117" dir="1" index="0" bw="1" slack="0"/>
</pin_list>
<bind>
<StgValue><ssdm name="psum_72_load_reload"/></StgValue>
</bind>
</comp>

<comp id="118" class="1000" name="psum_80_load_reload">
<pin_list>
<pin id="119" dir="1" index="0" bw="1" slack="0"/>
</pin_list>
<bind>
<StgValue><ssdm name="psum_80_load_reload"/></StgValue>
</bind>
</comp>

<comp id="120" class="1000" name="psum_88_load_reload">
<pin_list>
<pin id="121" dir="1" index="0" bw="1" slack="0"/>
</pin_list>
<bind>
<StgValue><ssdm name="psum_88_load_reload"/></StgValue>
</bind>
</comp>

<comp id="122" class="1000" name="psum_96_load_reload">
<pin_list>
<pin id="123" dir="1" index="0" bw="1" slack="0"/>
</pin_list>
<bind>
<StgValue><ssdm name="psum_96_load_reload"/></StgValue>
</bind>
</comp>

<comp id="124" class="1000" name="psum_104_load_reload">
<pin_list>
<pin id="125" dir="1" index="0" bw="1" slack="0"/>
</pin_list>
<bind>
<StgValue><ssdm name="psum_104_load_reload"/></StgValue>
</bind>
</comp>

<comp id="126" class="1000" name="psum_112_load_reload">
<pin_list>
<pin id="127" dir="1" index="0" bw="1" slack="0"/>
</pin_list>
<bind>
<StgValue><ssdm name="psum_112_load_reload"/></StgValue>
</bind>
</comp>

<comp id="128" class="1000" name="psum_120_load_reload">
<pin_list>
<pin id="129" dir="1" index="0" bw="1" slack="0"/>
</pin_list>
<bind>
<StgValue><ssdm name="psum_120_load_reload"/></StgValue>
</bind>
</comp>

<comp id="130" class="1000" name="psum_1_load_reload">
<pin_list>
<pin id="131" dir="1" index="0" bw="1" slack="0"/>
</pin_list>
<bind>
<StgValue><ssdm name="psum_1_load_reload"/></StgValue>
</bind>
</comp>

<comp id="132" class="1000" name="psum_9_load_reload">
<pin_list>
<pin id="133" dir="1" index="0" bw="1" slack="0"/>
</pin_list>
<bind>
<StgValue><ssdm name="psum_9_load_reload"/></StgValue>
</bind>
</comp>

<comp id="134" class="1000" name="psum_17_load_reload">
<pin_list>
<pin id="135" dir="1" index="0" bw="1" slack="0"/>
</pin_list>
<bind>
<StgValue><ssdm name="psum_17_load_reload"/></StgValue>
</bind>
</comp>

<comp id="136" class="1000" name="psum_25_load_reload">
<pin_list>
<pin id="137" dir="1" index="0" bw="1" slack="0"/>
</pin_list>
<bind>
<StgValue><ssdm name="psum_25_load_reload"/></StgValue>
</bind>
</comp>

<comp id="138" class="1000" name="psum_33_load_reload">
<pin_list>
<pin id="139" dir="1" index="0" bw="1" slack="0"/>
</pin_list>
<bind>
<StgValue><ssdm name="psum_33_load_reload"/></StgValue>
</bind>
</comp>

<comp id="140" class="1000" name="psum_41_load_reload">
<pin_list>
<pin id="141" dir="1" index="0" bw="1" slack="0"/>
</pin_list>
<bind>
<StgValue><ssdm name="psum_41_load_reload"/></StgValue>
</bind>
</comp>

<comp id="142" class="1000" name="psum_49_load_reload">
<pin_list>
<pin id="143" dir="1" index="0" bw="1" slack="0"/>
</pin_list>
<bind>
<StgValue><ssdm name="psum_49_load_reload"/></StgValue>
</bind>
</comp>

<comp id="144" class="1000" name="psum_57_load_reload">
<pin_list>
<pin id="145" dir="1" index="0" bw="1" slack="0"/>
</pin_list>
<bind>
<StgValue><ssdm name="psum_57_load_reload"/></StgValue>
</bind>
</comp>

<comp id="146" class="1000" name="psum_65_load_reload">
<pin_list>
<pin id="147" dir="1" index="0" bw="1" slack="0"/>
</pin_list>
<bind>
<StgValue><ssdm name="psum_65_load_reload"/></StgValue>
</bind>
</comp>

<comp id="148" class="1000" name="psum_73_load_reload">
<pin_list>
<pin id="149" dir="1" index="0" bw="1" slack="0"/>
</pin_list>
<bind>
<StgValue><ssdm name="psum_73_load_reload"/></StgValue>
</bind>
</comp>

<comp id="150" class="1000" name="psum_81_load_reload">
<pin_list>
<pin id="151" dir="1" index="0" bw="1" slack="0"/>
</pin_list>
<bind>
<StgValue><ssdm name="psum_81_load_reload"/></StgValue>
</bind>
</comp>

<comp id="152" class="1000" name="psum_89_load_reload">
<pin_list>
<pin id="153" dir="1" index="0" bw="1" slack="0"/>
</pin_list>
<bind>
<StgValue><ssdm name="psum_89_load_reload"/></StgValue>
</bind>
</comp>

<comp id="154" class="1000" name="psum_97_load_reload">
<pin_list>
<pin id="155" dir="1" index="0" bw="1" slack="0"/>
</pin_list>
<bind>
<StgValue><ssdm name="psum_97_load_reload"/></StgValue>
</bind>
</comp>

<comp id="156" class="1000" name="psum_105_load_reload">
<pin_list>
<pin id="157" dir="1" index="0" bw="1" slack="0"/>
</pin_list>
<bind>
<StgValue><ssdm name="psum_105_load_reload"/></StgValue>
</bind>
</comp>

<comp id="158" class="1000" name="psum_113_load_reload">
<pin_list>
<pin id="159" dir="1" index="0" bw="1" slack="0"/>
</pin_list>
<bind>
<StgValue><ssdm name="psum_113_load_reload"/></StgValue>
</bind>
</comp>

<comp id="160" class="1000" name="psum_121_load_reload">
<pin_list>
<pin id="161" dir="1" index="0" bw="1" slack="0"/>
</pin_list>
<bind>
<StgValue><ssdm name="psum_121_load_reload"/></StgValue>
</bind>
</comp>

<comp id="162" class="1000" name="psum_2_load_reload">
<pin_list>
<pin id="163" dir="1" index="0" bw="1" slack="0"/>
</pin_list>
<bind>
<StgValue><ssdm name="psum_2_load_reload"/></StgValue>
</bind>
</comp>

<comp id="164" class="1000" name="psum_10_load_reload">
<pin_list>
<pin id="165" dir="1" index="0" bw="1" slack="0"/>
</pin_list>
<bind>
<StgValue><ssdm name="psum_10_load_reload"/></StgValue>
</bind>
</comp>

<comp id="166" class="1000" name="psum_18_load_reload">
<pin_list>
<pin id="167" dir="1" index="0" bw="1" slack="0"/>
</pin_list>
<bind>
<StgValue><ssdm name="psum_18_load_reload"/></StgValue>
</bind>
</comp>

<comp id="168" class="1000" name="psum_26_load_reload">
<pin_list>
<pin id="169" dir="1" index="0" bw="1" slack="0"/>
</pin_list>
<bind>
<StgValue><ssdm name="psum_26_load_reload"/></StgValue>
</bind>
</comp>

<comp id="170" class="1000" name="psum_34_load_reload">
<pin_list>
<pin id="171" dir="1" index="0" bw="1" slack="0"/>
</pin_list>
<bind>
<StgValue><ssdm name="psum_34_load_reload"/></StgValue>
</bind>
</comp>

<comp id="172" class="1000" name="psum_42_load_reload">
<pin_list>
<pin id="173" dir="1" index="0" bw="1" slack="0"/>
</pin_list>
<bind>
<StgValue><ssdm name="psum_42_load_reload"/></StgValue>
</bind>
</comp>

<comp id="174" class="1000" name="psum_50_load_reload">
<pin_list>
<pin id="175" dir="1" index="0" bw="1" slack="0"/>
</pin_list>
<bind>
<StgValue><ssdm name="psum_50_load_reload"/></StgValue>
</bind>
</comp>

<comp id="176" class="1000" name="psum_58_load_reload">
<pin_list>
<pin id="177" dir="1" index="0" bw="1" slack="0"/>
</pin_list>
<bind>
<StgValue><ssdm name="psum_58_load_reload"/></StgValue>
</bind>
</comp>

<comp id="178" class="1000" name="psum_66_load_reload">
<pin_list>
<pin id="179" dir="1" index="0" bw="1" slack="0"/>
</pin_list>
<bind>
<StgValue><ssdm name="psum_66_load_reload"/></StgValue>
</bind>
</comp>

<comp id="180" class="1000" name="psum_74_load_reload">
<pin_list>
<pin id="181" dir="1" index="0" bw="1" slack="0"/>
</pin_list>
<bind>
<StgValue><ssdm name="psum_74_load_reload"/></StgValue>
</bind>
</comp>

<comp id="182" class="1000" name="psum_82_load_reload">
<pin_list>
<pin id="183" dir="1" index="0" bw="1" slack="0"/>
</pin_list>
<bind>
<StgValue><ssdm name="psum_82_load_reload"/></StgValue>
</bind>
</comp>

<comp id="184" class="1000" name="psum_90_load_reload">
<pin_list>
<pin id="185" dir="1" index="0" bw="1" slack="0"/>
</pin_list>
<bind>
<StgValue><ssdm name="psum_90_load_reload"/></StgValue>
</bind>
</comp>

<comp id="186" class="1000" name="psum_98_load_reload">
<pin_list>
<pin id="187" dir="1" index="0" bw="1" slack="0"/>
</pin_list>
<bind>
<StgValue><ssdm name="psum_98_load_reload"/></StgValue>
</bind>
</comp>

<comp id="188" class="1000" name="psum_106_load_reload">
<pin_list>
<pin id="189" dir="1" index="0" bw="1" slack="0"/>
</pin_list>
<bind>
<StgValue><ssdm name="psum_106_load_reload"/></StgValue>
</bind>
</comp>

<comp id="190" class="1000" name="psum_114_load_reload">
<pin_list>
<pin id="191" dir="1" index="0" bw="1" slack="0"/>
</pin_list>
<bind>
<StgValue><ssdm name="psum_114_load_reload"/></StgValue>
</bind>
</comp>

<comp id="192" class="1000" name="psum_122_load_reload">
<pin_list>
<pin id="193" dir="1" index="0" bw="1" slack="0"/>
</pin_list>
<bind>
<StgValue><ssdm name="psum_122_load_reload"/></StgValue>
</bind>
</comp>

<comp id="194" class="1000" name="psum_3_load_reload">
<pin_list>
<pin id="195" dir="1" index="0" bw="1" slack="0"/>
</pin_list>
<bind>
<StgValue><ssdm name="psum_3_load_reload"/></StgValue>
</bind>
</comp>

<comp id="196" class="1000" name="psum_11_load_reload">
<pin_list>
<pin id="197" dir="1" index="0" bw="1" slack="0"/>
</pin_list>
<bind>
<StgValue><ssdm name="psum_11_load_reload"/></StgValue>
</bind>
</comp>

<comp id="198" class="1000" name="psum_19_load_reload">
<pin_list>
<pin id="199" dir="1" index="0" bw="1" slack="0"/>
</pin_list>
<bind>
<StgValue><ssdm name="psum_19_load_reload"/></StgValue>
</bind>
</comp>

<comp id="200" class="1000" name="psum_27_load_reload">
<pin_list>
<pin id="201" dir="1" index="0" bw="1" slack="0"/>
</pin_list>
<bind>
<StgValue><ssdm name="psum_27_load_reload"/></StgValue>
</bind>
</comp>

<comp id="202" class="1000" name="psum_35_load_reload">
<pin_list>
<pin id="203" dir="1" index="0" bw="1" slack="0"/>
</pin_list>
<bind>
<StgValue><ssdm name="psum_35_load_reload"/></StgValue>
</bind>
</comp>

<comp id="204" class="1000" name="psum_43_load_reload">
<pin_list>
<pin id="205" dir="1" index="0" bw="1" slack="0"/>
</pin_list>
<bind>
<StgValue><ssdm name="psum_43_load_reload"/></StgValue>
</bind>
</comp>

<comp id="206" class="1000" name="psum_51_load_reload">
<pin_list>
<pin id="207" dir="1" index="0" bw="1" slack="0"/>
</pin_list>
<bind>
<StgValue><ssdm name="psum_51_load_reload"/></StgValue>
</bind>
</comp>

<comp id="208" class="1000" name="psum_59_load_reload">
<pin_list>
<pin id="209" dir="1" index="0" bw="1" slack="0"/>
</pin_list>
<bind>
<StgValue><ssdm name="psum_59_load_reload"/></StgValue>
</bind>
</comp>

<comp id="210" class="1000" name="psum_67_load_reload">
<pin_list>
<pin id="211" dir="1" index="0" bw="1" slack="0"/>
</pin_list>
<bind>
<StgValue><ssdm name="psum_67_load_reload"/></StgValue>
</bind>
</comp>

<comp id="212" class="1000" name="psum_75_load_reload">
<pin_list>
<pin id="213" dir="1" index="0" bw="1" slack="0"/>
</pin_list>
<bind>
<StgValue><ssdm name="psum_75_load_reload"/></StgValue>
</bind>
</comp>

<comp id="214" class="1000" name="psum_83_load_reload">
<pin_list>
<pin id="215" dir="1" index="0" bw="1" slack="0"/>
</pin_list>
<bind>
<StgValue><ssdm name="psum_83_load_reload"/></StgValue>
</bind>
</comp>

<comp id="216" class="1000" name="psum_91_load_reload">
<pin_list>
<pin id="217" dir="1" index="0" bw="1" slack="0"/>
</pin_list>
<bind>
<StgValue><ssdm name="psum_91_load_reload"/></StgValue>
</bind>
</comp>

<comp id="218" class="1000" name="psum_99_load_reload">
<pin_list>
<pin id="219" dir="1" index="0" bw="1" slack="0"/>
</pin_list>
<bind>
<StgValue><ssdm name="psum_99_load_reload"/></StgValue>
</bind>
</comp>

<comp id="220" class="1000" name="psum_107_load_reload">
<pin_list>
<pin id="221" dir="1" index="0" bw="1" slack="0"/>
</pin_list>
<bind>
<StgValue><ssdm name="psum_107_load_reload"/></StgValue>
</bind>
</comp>

<comp id="222" class="1000" name="psum_115_load_reload">
<pin_list>
<pin id="223" dir="1" index="0" bw="1" slack="0"/>
</pin_list>
<bind>
<StgValue><ssdm name="psum_115_load_reload"/></StgValue>
</bind>
</comp>

<comp id="224" class="1000" name="psum_123_load_reload">
<pin_list>
<pin id="225" dir="1" index="0" bw="1" slack="0"/>
</pin_list>
<bind>
<StgValue><ssdm name="psum_123_load_reload"/></StgValue>
</bind>
</comp>

<comp id="226" class="1000" name="psum_4_load_reload">
<pin_list>
<pin id="227" dir="1" index="0" bw="1" slack="0"/>
</pin_list>
<bind>
<StgValue><ssdm name="psum_4_load_reload"/></StgValue>
</bind>
</comp>

<comp id="228" class="1000" name="psum_12_load_reload">
<pin_list>
<pin id="229" dir="1" index="0" bw="1" slack="0"/>
</pin_list>
<bind>
<StgValue><ssdm name="psum_12_load_reload"/></StgValue>
</bind>
</comp>

<comp id="230" class="1000" name="psum_20_load_reload">
<pin_list>
<pin id="231" dir="1" index="0" bw="1" slack="0"/>
</pin_list>
<bind>
<StgValue><ssdm name="psum_20_load_reload"/></StgValue>
</bind>
</comp>

<comp id="232" class="1000" name="psum_28_load_reload">
<pin_list>
<pin id="233" dir="1" index="0" bw="1" slack="0"/>
</pin_list>
<bind>
<StgValue><ssdm name="psum_28_load_reload"/></StgValue>
</bind>
</comp>

<comp id="234" class="1000" name="psum_36_load_reload">
<pin_list>
<pin id="235" dir="1" index="0" bw="1" slack="0"/>
</pin_list>
<bind>
<StgValue><ssdm name="psum_36_load_reload"/></StgValue>
</bind>
</comp>

<comp id="236" class="1000" name="psum_44_load_reload">
<pin_list>
<pin id="237" dir="1" index="0" bw="1" slack="0"/>
</pin_list>
<bind>
<StgValue><ssdm name="psum_44_load_reload"/></StgValue>
</bind>
</comp>

<comp id="238" class="1000" name="psum_52_load_reload">
<pin_list>
<pin id="239" dir="1" index="0" bw="1" slack="0"/>
</pin_list>
<bind>
<StgValue><ssdm name="psum_52_load_reload"/></StgValue>
</bind>
</comp>

<comp id="240" class="1000" name="psum_60_load_reload">
<pin_list>
<pin id="241" dir="1" index="0" bw="1" slack="0"/>
</pin_list>
<bind>
<StgValue><ssdm name="psum_60_load_reload"/></StgValue>
</bind>
</comp>

<comp id="242" class="1000" name="psum_68_load_reload">
<pin_list>
<pin id="243" dir="1" index="0" bw="1" slack="0"/>
</pin_list>
<bind>
<StgValue><ssdm name="psum_68_load_reload"/></StgValue>
</bind>
</comp>

<comp id="244" class="1000" name="psum_76_load_reload">
<pin_list>
<pin id="245" dir="1" index="0" bw="1" slack="0"/>
</pin_list>
<bind>
<StgValue><ssdm name="psum_76_load_reload"/></StgValue>
</bind>
</comp>

<comp id="246" class="1000" name="psum_84_load_reload">
<pin_list>
<pin id="247" dir="1" index="0" bw="1" slack="0"/>
</pin_list>
<bind>
<StgValue><ssdm name="psum_84_load_reload"/></StgValue>
</bind>
</comp>

<comp id="248" class="1000" name="psum_92_load_reload">
<pin_list>
<pin id="249" dir="1" index="0" bw="1" slack="0"/>
</pin_list>
<bind>
<StgValue><ssdm name="psum_92_load_reload"/></StgValue>
</bind>
</comp>

<comp id="250" class="1000" name="psum_100_load_reload">
<pin_list>
<pin id="251" dir="1" index="0" bw="1" slack="0"/>
</pin_list>
<bind>
<StgValue><ssdm name="psum_100_load_reload"/></StgValue>
</bind>
</comp>

<comp id="252" class="1000" name="psum_108_load_reload">
<pin_list>
<pin id="253" dir="1" index="0" bw="1" slack="0"/>
</pin_list>
<bind>
<StgValue><ssdm name="psum_108_load_reload"/></StgValue>
</bind>
</comp>

<comp id="254" class="1000" name="psum_116_load_reload">
<pin_list>
<pin id="255" dir="1" index="0" bw="1" slack="0"/>
</pin_list>
<bind>
<StgValue><ssdm name="psum_116_load_reload"/></StgValue>
</bind>
</comp>

<comp id="256" class="1000" name="psum_124_load_reload">
<pin_list>
<pin id="257" dir="1" index="0" bw="1" slack="0"/>
</pin_list>
<bind>
<StgValue><ssdm name="psum_124_load_reload"/></StgValue>
</bind>
</comp>

<comp id="258" class="1000" name="psum_5_load_reload">
<pin_list>
<pin id="259" dir="1" index="0" bw="1" slack="0"/>
</pin_list>
<bind>
<StgValue><ssdm name="psum_5_load_reload"/></StgValue>
</bind>
</comp>

<comp id="260" class="1000" name="psum_13_load_reload">
<pin_list>
<pin id="261" dir="1" index="0" bw="1" slack="0"/>
</pin_list>
<bind>
<StgValue><ssdm name="psum_13_load_reload"/></StgValue>
</bind>
</comp>

<comp id="262" class="1000" name="psum_21_load_reload">
<pin_list>
<pin id="263" dir="1" index="0" bw="1" slack="0"/>
</pin_list>
<bind>
<StgValue><ssdm name="psum_21_load_reload"/></StgValue>
</bind>
</comp>

<comp id="264" class="1000" name="psum_29_load_reload">
<pin_list>
<pin id="265" dir="1" index="0" bw="1" slack="0"/>
</pin_list>
<bind>
<StgValue><ssdm name="psum_29_load_reload"/></StgValue>
</bind>
</comp>

<comp id="266" class="1000" name="psum_37_load_reload">
<pin_list>
<pin id="267" dir="1" index="0" bw="1" slack="0"/>
</pin_list>
<bind>
<StgValue><ssdm name="psum_37_load_reload"/></StgValue>
</bind>
</comp>

<comp id="268" class="1000" name="psum_45_load_reload">
<pin_list>
<pin id="269" dir="1" index="0" bw="1" slack="0"/>
</pin_list>
<bind>
<StgValue><ssdm name="psum_45_load_reload"/></StgValue>
</bind>
</comp>

<comp id="270" class="1000" name="psum_53_load_reload">
<pin_list>
<pin id="271" dir="1" index="0" bw="1" slack="0"/>
</pin_list>
<bind>
<StgValue><ssdm name="psum_53_load_reload"/></StgValue>
</bind>
</comp>

<comp id="272" class="1000" name="psum_61_load_reload">
<pin_list>
<pin id="273" dir="1" index="0" bw="1" slack="0"/>
</pin_list>
<bind>
<StgValue><ssdm name="psum_61_load_reload"/></StgValue>
</bind>
</comp>

<comp id="274" class="1000" name="psum_69_load_reload">
<pin_list>
<pin id="275" dir="1" index="0" bw="1" slack="0"/>
</pin_list>
<bind>
<StgValue><ssdm name="psum_69_load_reload"/></StgValue>
</bind>
</comp>

<comp id="276" class="1000" name="psum_77_load_reload">
<pin_list>
<pin id="277" dir="1" index="0" bw="1" slack="0"/>
</pin_list>
<bind>
<StgValue><ssdm name="psum_77_load_reload"/></StgValue>
</bind>
</comp>

<comp id="278" class="1000" name="psum_85_load_reload">
<pin_list>
<pin id="279" dir="1" index="0" bw="1" slack="0"/>
</pin_list>
<bind>
<StgValue><ssdm name="psum_85_load_reload"/></StgValue>
</bind>
</comp>

<comp id="280" class="1000" name="psum_93_load_reload">
<pin_list>
<pin id="281" dir="1" index="0" bw="1" slack="0"/>
</pin_list>
<bind>
<StgValue><ssdm name="psum_93_load_reload"/></StgValue>
</bind>
</comp>

<comp id="282" class="1000" name="psum_101_load_reload">
<pin_list>
<pin id="283" dir="1" index="0" bw="1" slack="0"/>
</pin_list>
<bind>
<StgValue><ssdm name="psum_101_load_reload"/></StgValue>
</bind>
</comp>

<comp id="284" class="1000" name="psum_109_load_reload">
<pin_list>
<pin id="285" dir="1" index="0" bw="1" slack="0"/>
</pin_list>
<bind>
<StgValue><ssdm name="psum_109_load_reload"/></StgValue>
</bind>
</comp>

<comp id="286" class="1000" name="psum_117_load_reload">
<pin_list>
<pin id="287" dir="1" index="0" bw="1" slack="0"/>
</pin_list>
<bind>
<StgValue><ssdm name="psum_117_load_reload"/></StgValue>
</bind>
</comp>

<comp id="288" class="1000" name="psum_125_load_reload">
<pin_list>
<pin id="289" dir="1" index="0" bw="1" slack="0"/>
</pin_list>
<bind>
<StgValue><ssdm name="psum_125_load_reload"/></StgValue>
</bind>
</comp>

<comp id="290" class="1000" name="psum_6_load_reload">
<pin_list>
<pin id="291" dir="1" index="0" bw="1" slack="0"/>
</pin_list>
<bind>
<StgValue><ssdm name="psum_6_load_reload"/></StgValue>
</bind>
</comp>

<comp id="292" class="1000" name="psum_14_load_reload">
<pin_list>
<pin id="293" dir="1" index="0" bw="1" slack="0"/>
</pin_list>
<bind>
<StgValue><ssdm name="psum_14_load_reload"/></StgValue>
</bind>
</comp>

<comp id="294" class="1000" name="psum_22_load_reload">
<pin_list>
<pin id="295" dir="1" index="0" bw="1" slack="0"/>
</pin_list>
<bind>
<StgValue><ssdm name="psum_22_load_reload"/></StgValue>
</bind>
</comp>

<comp id="296" class="1000" name="psum_30_load_reload">
<pin_list>
<pin id="297" dir="1" index="0" bw="1" slack="0"/>
</pin_list>
<bind>
<StgValue><ssdm name="psum_30_load_reload"/></StgValue>
</bind>
</comp>

<comp id="298" class="1000" name="psum_38_load_reload">
<pin_list>
<pin id="299" dir="1" index="0" bw="1" slack="0"/>
</pin_list>
<bind>
<StgValue><ssdm name="psum_38_load_reload"/></StgValue>
</bind>
</comp>

<comp id="300" class="1000" name="psum_46_load_reload">
<pin_list>
<pin id="301" dir="1" index="0" bw="1" slack="0"/>
</pin_list>
<bind>
<StgValue><ssdm name="psum_46_load_reload"/></StgValue>
</bind>
</comp>

<comp id="302" class="1000" name="psum_54_load_reload">
<pin_list>
<pin id="303" dir="1" index="0" bw="1" slack="0"/>
</pin_list>
<bind>
<StgValue><ssdm name="psum_54_load_reload"/></StgValue>
</bind>
</comp>

<comp id="304" class="1000" name="psum_62_load_reload">
<pin_list>
<pin id="305" dir="1" index="0" bw="1" slack="0"/>
</pin_list>
<bind>
<StgValue><ssdm name="psum_62_load_reload"/></StgValue>
</bind>
</comp>

<comp id="306" class="1000" name="psum_70_load_reload">
<pin_list>
<pin id="307" dir="1" index="0" bw="1" slack="0"/>
</pin_list>
<bind>
<StgValue><ssdm name="psum_70_load_reload"/></StgValue>
</bind>
</comp>

<comp id="308" class="1000" name="psum_78_load_reload">
<pin_list>
<pin id="309" dir="1" index="0" bw="1" slack="0"/>
</pin_list>
<bind>
<StgValue><ssdm name="psum_78_load_reload"/></StgValue>
</bind>
</comp>

<comp id="310" class="1000" name="psum_86_load_reload">
<pin_list>
<pin id="311" dir="1" index="0" bw="1" slack="0"/>
</pin_list>
<bind>
<StgValue><ssdm name="psum_86_load_reload"/></StgValue>
</bind>
</comp>

<comp id="312" class="1000" name="psum_94_load_reload">
<pin_list>
<pin id="313" dir="1" index="0" bw="1" slack="0"/>
</pin_list>
<bind>
<StgValue><ssdm name="psum_94_load_reload"/></StgValue>
</bind>
</comp>

<comp id="314" class="1000" name="psum_102_load_reload">
<pin_list>
<pin id="315" dir="1" index="0" bw="1" slack="0"/>
</pin_list>
<bind>
<StgValue><ssdm name="psum_102_load_reload"/></StgValue>
</bind>
</comp>

<comp id="316" class="1000" name="psum_110_load_reload">
<pin_list>
<pin id="317" dir="1" index="0" bw="1" slack="0"/>
</pin_list>
<bind>
<StgValue><ssdm name="psum_110_load_reload"/></StgValue>
</bind>
</comp>

<comp id="318" class="1000" name="psum_118_load_reload">
<pin_list>
<pin id="319" dir="1" index="0" bw="1" slack="0"/>
</pin_list>
<bind>
<StgValue><ssdm name="psum_118_load_reload"/></StgValue>
</bind>
</comp>

<comp id="320" class="1000" name="psum_126_load_reload">
<pin_list>
<pin id="321" dir="1" index="0" bw="1" slack="0"/>
</pin_list>
<bind>
<StgValue><ssdm name="psum_126_load_reload"/></StgValue>
</bind>
</comp>

<comp id="322" class="1000" name="psum_7_load_reload">
<pin_list>
<pin id="323" dir="1" index="0" bw="1" slack="0"/>
</pin_list>
<bind>
<StgValue><ssdm name="psum_7_load_reload"/></StgValue>
</bind>
</comp>

<comp id="324" class="1000" name="psum_15_load_reload">
<pin_list>
<pin id="325" dir="1" index="0" bw="1" slack="0"/>
</pin_list>
<bind>
<StgValue><ssdm name="psum_15_load_reload"/></StgValue>
</bind>
</comp>

<comp id="326" class="1000" name="psum_23_load_reload">
<pin_list>
<pin id="327" dir="1" index="0" bw="1" slack="0"/>
</pin_list>
<bind>
<StgValue><ssdm name="psum_23_load_reload"/></StgValue>
</bind>
</comp>

<comp id="328" class="1000" name="psum_31_load_reload">
<pin_list>
<pin id="329" dir="1" index="0" bw="1" slack="0"/>
</pin_list>
<bind>
<StgValue><ssdm name="psum_31_load_reload"/></StgValue>
</bind>
</comp>

<comp id="330" class="1000" name="psum_39_load_reload">
<pin_list>
<pin id="331" dir="1" index="0" bw="1" slack="0"/>
</pin_list>
<bind>
<StgValue><ssdm name="psum_39_load_reload"/></StgValue>
</bind>
</comp>

<comp id="332" class="1000" name="psum_47_load_reload">
<pin_list>
<pin id="333" dir="1" index="0" bw="1" slack="0"/>
</pin_list>
<bind>
<StgValue><ssdm name="psum_47_load_reload"/></StgValue>
</bind>
</comp>

<comp id="334" class="1000" name="psum_55_load_reload">
<pin_list>
<pin id="335" dir="1" index="0" bw="1" slack="0"/>
</pin_list>
<bind>
<StgValue><ssdm name="psum_55_load_reload"/></StgValue>
</bind>
</comp>

<comp id="336" class="1000" name="psum_63_load_reload">
<pin_list>
<pin id="337" dir="1" index="0" bw="1" slack="0"/>
</pin_list>
<bind>
<StgValue><ssdm name="psum_63_load_reload"/></StgValue>
</bind>
</comp>

<comp id="338" class="1000" name="psum_71_load_reload">
<pin_list>
<pin id="339" dir="1" index="0" bw="1" slack="0"/>
</pin_list>
<bind>
<StgValue><ssdm name="psum_71_load_reload"/></StgValue>
</bind>
</comp>

<comp id="340" class="1000" name="psum_79_load_reload">
<pin_list>
<pin id="341" dir="1" index="0" bw="1" slack="0"/>
</pin_list>
<bind>
<StgValue><ssdm name="psum_79_load_reload"/></StgValue>
</bind>
</comp>

<comp id="342" class="1000" name="psum_87_load_reload">
<pin_list>
<pin id="343" dir="1" index="0" bw="1" slack="0"/>
</pin_list>
<bind>
<StgValue><ssdm name="psum_87_load_reload"/></StgValue>
</bind>
</comp>

<comp id="344" class="1000" name="psum_95_load_reload">
<pin_list>
<pin id="345" dir="1" index="0" bw="1" slack="0"/>
</pin_list>
<bind>
<StgValue><ssdm name="psum_95_load_reload"/></StgValue>
</bind>
</comp>

<comp id="346" class="1000" name="psum_103_load_reload">
<pin_list>
<pin id="347" dir="1" index="0" bw="1" slack="0"/>
</pin_list>
<bind>
<StgValue><ssdm name="psum_103_load_reload"/></StgValue>
</bind>
</comp>

<comp id="348" class="1000" name="psum_111_load_reload">
<pin_list>
<pin id="349" dir="1" index="0" bw="1" slack="0"/>
</pin_list>
<bind>
<StgValue><ssdm name="psum_111_load_reload"/></StgValue>
</bind>
</comp>

<comp id="350" class="1000" name="psum_119_load_reload">
<pin_list>
<pin id="351" dir="1" index="0" bw="1" slack="0"/>
</pin_list>
<bind>
<StgValue><ssdm name="psum_119_load_reload"/></StgValue>
</bind>
</comp>

<comp id="352" class="1000" name="psum_127_load_reload">
<pin_list>
<pin id="353" dir="1" index="0" bw="1" slack="0"/>
</pin_list>
<bind>
<StgValue><ssdm name="psum_127_load_reload"/></StgValue>
</bind>
</comp>

<comp id="354" class="1000" name="bias">
<pin_list>
<pin id="355" dir="1" index="0" bw="1" slack="0"/>
</pin_list>
<bind>
<StgValue><ssdm name="bias"/></StgValue>
</bind>
</comp>

<comp id="356" class="1000" name="co">
<pin_list>
<pin id="357" dir="1" index="0" bw="1" slack="0"/>
</pin_list>
<bind>
<StgValue><ssdm name="co"/></StgValue>
</bind>
</comp>

<comp id="358" class="1001" name="const_358">
<pin_list>
<pin id="359" dir="1" index="0" bw="1" slack="0"/>
</pin_list>
<bind>
<StgValue><ssdm name=""/></StgValue>
</bind>
</comp>

<comp id="360" class="1001" name="const_360">
<pin_list>
<pin id="361" dir="1" index="0" bw="1" slack="0"/>
</pin_list>
<bind>
<StgValue><ssdm name="_ssdm_op_Read.ap_auto.i4"/></StgValue>
</bind>
</comp>

<comp id="362" class="1001" name="const_362">
<pin_list>
<pin id="363" dir="1" index="0" bw="1" slack="0"/>
</pin_list>
<bind>
<StgValue><ssdm name="_ssdm_op_Read.ap_auto.half"/></StgValue>
</bind>
</comp>

<comp id="364" class="1001" name="const_364">
<pin_list>
<pin id="365" dir="1" index="0" bw="1" slack="0"/>
</pin_list>
<bind>
<StgValue><ssdm name="_ssdm_op_Read.ap_auto.i6"/></StgValue>
</bind>
</comp>

<comp id="366" class="1001" name="const_366">
<pin_list>
<pin id="367" dir="1" index="0" bw="1" slack="2147483647"/>
</pin_list>
<bind>
<StgValue><ssdm name="_ssdm_op_SpecMemCore"/></StgValue>
</bind>
</comp>

<comp id="368" class="1001" name="const_368">
<pin_list>
<pin id="369" dir="1" index="0" bw="1" slack="2147483647"/>
</pin_list>
<bind>
<StgValue><ssdm name=""/></StgValue>
</bind>
</comp>

<comp id="370" class="1001" name="const_370">
<pin_list>
<pin id="371" dir="1" index="0" bw="1" slack="2147483647"/>
</pin_list>
<bind>
<StgValue><ssdm name=""/></StgValue>
</bind>
</comp>

<comp id="372" class="1001" name="const_372">
<pin_list>
<pin id="373" dir="1" index="0" bw="1" slack="2147483647"/>
</pin_list>
<bind>
<StgValue><ssdm name=""/></StgValue>
</bind>
</comp>

<comp id="374" class="1001" name="const_374">
<pin_list>
<pin id="375" dir="1" index="0" bw="1" slack="0"/>
</pin_list>
<bind>
<StgValue><ssdm name=""/></StgValue>
</bind>
</comp>

<comp id="376" class="1001" name="const_376">
<pin_list>
<pin id="377" dir="1" index="0" bw="1" slack="0"/>
</pin_list>
<bind>
<StgValue><ssdm name=""/></StgValue>
</bind>
</comp>

<comp id="378" class="1001" name="const_378">
<pin_list>
<pin id="379" dir="1" index="0" bw="1" slack="0"/>
</pin_list>
<bind>
<StgValue><ssdm name=""/></StgValue>
</bind>
</comp>

<comp id="380" class="1001" name="const_380">
<pin_list>
<pin id="381" dir="1" index="0" bw="1" slack="0"/>
</pin_list>
<bind>
<StgValue><ssdm name=""/></StgValue>
</bind>
</comp>

<comp id="382" class="1001" name="const_382">
<pin_list>
<pin id="383" dir="1" index="0" bw="1" slack="0"/>
</pin_list>
<bind>
<StgValue><ssdm name=""/></StgValue>
</bind>
</comp>

<comp id="384" class="1001" name="const_384">
<pin_list>
<pin id="385" dir="1" index="0" bw="1" slack="0"/>
</pin_list>
<bind>
<StgValue><ssdm name=""/></StgValue>
</bind>
</comp>

<comp id="386" class="1001" name="const_386">
<pin_list>
<pin id="387" dir="1" index="0" bw="1" slack="0"/>
</pin_list>
<bind>
<StgValue><ssdm name=""/></StgValue>
</bind>
</comp>

<comp id="388" class="1001" name="const_388">
<pin_list>
<pin id="389" dir="1" index="0" bw="1" slack="0"/>
</pin_list>
<bind>
<StgValue><ssdm name=""/></StgValue>
</bind>
</comp>

<comp id="390" class="1001" name="const_390">
<pin_list>
<pin id="391" dir="1" index="0" bw="1" slack="0"/>
</pin_list>
<bind>
<StgValue><ssdm name=""/></StgValue>
</bind>
</comp>

<comp id="392" class="1001" name="const_392">
<pin_list>
<pin id="393" dir="1" index="0" bw="1" slack="0"/>
</pin_list>
<bind>
<StgValue><ssdm name=""/></StgValue>
</bind>
</comp>

<comp id="394" class="1001" name="const_394">
<pin_list>
<pin id="395" dir="1" index="0" bw="1" slack="0"/>
</pin_list>
<bind>
<StgValue><ssdm name=""/></StgValue>
</bind>
</comp>

<comp id="396" class="1001" name="const_396">
<pin_list>
<pin id="397" dir="1" index="0" bw="1" slack="0"/>
</pin_list>
<bind>
<StgValue><ssdm name=""/></StgValue>
</bind>
</comp>

<comp id="398" class="1001" name="const_398">
<pin_list>
<pin id="399" dir="1" index="0" bw="1" slack="0"/>
</pin_list>
<bind>
<StgValue><ssdm name=""/></StgValue>
</bind>
</comp>

<comp id="400" class="1001" name="const_400">
<pin_list>
<pin id="401" dir="1" index="0" bw="1" slack="0"/>
</pin_list>
<bind>
<StgValue><ssdm name=""/></StgValue>
</bind>
</comp>

<comp id="402" class="1001" name="const_402">
<pin_list>
<pin id="403" dir="1" index="0" bw="1" slack="0"/>
</pin_list>
<bind>
<StgValue><ssdm name=""/></StgValue>
</bind>
</comp>

<comp id="404" class="1001" name="const_404">
<pin_list>
<pin id="405" dir="1" index="0" bw="1" slack="0"/>
</pin_list>
<bind>
<StgValue><ssdm name=""/></StgValue>
</bind>
</comp>

<comp id="406" class="1001" name="const_406">
<pin_list>
<pin id="407" dir="1" index="0" bw="1" slack="0"/>
</pin_list>
<bind>
<StgValue><ssdm name=""/></StgValue>
</bind>
</comp>

<comp id="408" class="1001" name="const_408">
<pin_list>
<pin id="409" dir="1" index="0" bw="1" slack="0"/>
</pin_list>
<bind>
<StgValue><ssdm name=""/></StgValue>
</bind>
</comp>

<comp id="410" class="1001" name="const_410">
<pin_list>
<pin id="411" dir="1" index="0" bw="1" slack="0"/>
</pin_list>
<bind>
<StgValue><ssdm name="_ssdm_op_SparseMux.ap_auto.16half.half.i4"/></StgValue>
</bind>
</comp>

<comp id="412" class="1001" name="const_412">
<pin_list>
<pin id="413" dir="1" index="0" bw="1" slack="0"/>
</pin_list>
<bind>
<StgValue><ssdm name=""/></StgValue>
</bind>
</comp>

<comp id="414" class="1001" name="const_414">
<pin_list>
<pin id="415" dir="1" index="0" bw="1" slack="0"/>
</pin_list>
<bind>
<StgValue><ssdm name=""/></StgValue>
</bind>
</comp>

<comp id="416" class="1001" name="const_416">
<pin_list>
<pin id="417" dir="1" index="0" bw="1" slack="0"/>
</pin_list>
<bind>
<StgValue><ssdm name="_ssdm_op_BitConcatenate.i10.i4.i6"/></StgValue>
</bind>
</comp>

<comp id="418" class="1001" name="const_418">
<pin_list>
<pin id="419" dir="1" index="0" bw="1" slack="0"/>
</pin_list>
<bind>
<StgValue><ssdm name=""/></StgValue>
</bind>
</comp>

<comp id="420" class="1001" name="const_420">
<pin_list>
<pin id="421" dir="1" index="0" bw="1" slack="0"/>
</pin_list>
<bind>
<StgValue><ssdm name="_ssdm_op_BitConcatenate.i7.i5.i2"/></StgValue>
</bind>
</comp>

<comp id="422" class="1001" name="const_422">
<pin_list>
<pin id="423" dir="1" index="0" bw="1" slack="0"/>
</pin_list>
<bind>
<StgValue><ssdm name=""/></StgValue>
</bind>
</comp>

<comp id="424" class="1001" name="const_424">
<pin_list>
<pin id="425" dir="1" index="0" bw="1" slack="0"/>
</pin_list>
<bind>
<StgValue><ssdm name=""/></StgValue>
</bind>
</comp>

<comp id="426" class="1001" name="const_426">
<pin_list>
<pin id="427" dir="1" index="0" bw="1" slack="2147483647"/>
</pin_list>
<bind>
<StgValue><ssdm name="_ssdm_op_SpecPipeline"/></StgValue>
</bind>
</comp>

<comp id="428" class="1001" name="const_428">
<pin_list>
<pin id="429" dir="1" index="0" bw="1" slack="2147483647"/>
</pin_list>
<bind>
<StgValue><ssdm name=""/></StgValue>
</bind>
</comp>

<comp id="430" class="1001" name="const_430">
<pin_list>
<pin id="431" dir="1" index="0" bw="1" slack="2147483647"/>
</pin_list>
<bind>
<StgValue><ssdm name="empty_13"/></StgValue>
</bind>
</comp>

<comp id="432" class="1001" name="const_432">
<pin_list>
<pin id="433" dir="1" index="0" bw="1" slack="2147483647"/>
</pin_list>
<bind>
<StgValue><ssdm name="_ssdm_op_SpecLoopTripCount"/></StgValue>
</bind>
</comp>

<comp id="434" class="1001" name="const_434">
<pin_list>
<pin id="435" dir="1" index="0" bw="1" slack="2147483647"/>
</pin_list>
<bind>
<StgValue><ssdm name=""/></StgValue>
</bind>
</comp>

<comp id="436" class="1001" name="const_436">
<pin_list>
<pin id="437" dir="1" index="0" bw="1" slack="2147483647"/>
</pin_list>
<bind>
<StgValue><ssdm name="_ssdm_op_SpecLoopName"/></StgValue>
</bind>
</comp>

<comp id="438" class="1001" name="const_438">
<pin_list>
<pin id="439" dir="1" index="0" bw="1" slack="2147483647"/>
</pin_list>
<bind>
<StgValue><ssdm name="empty_27"/></StgValue>
</bind>
</comp>

<comp id="440" class="1001" name="const_440">
<pin_list>
<pin id="441" dir="1" index="0" bw="1" slack="0"/>
</pin_list>
<bind>
<StgValue><ssdm name="_ssdm_op_Read.ap_auto.floatP0A"/></StgValue>
</bind>
</comp>

<comp id="442" class="1001" name="const_442">
<pin_list>
<pin id="443" dir="1" index="0" bw="1" slack="0"/>
</pin_list>
<bind>
<StgValue><ssdm name="_ssdm_op_SparseMux.ap_auto.16float.float.i4"/></StgValue>
</bind>
</comp>

<comp id="444" class="1001" name="const_444">
<pin_list>
<pin id="445" dir="1" index="0" bw="1" slack="0"/>
</pin_list>
<bind>
<StgValue><ssdm name=""/></StgValue>
</bind>
</comp>

<comp id="446" class="1001" name="const_446">
<pin_list>
<pin id="447" dir="1" index="0" bw="1" slack="0"/>
</pin_list>
<bind>
<StgValue><ssdm name="_ssdm_op_Write.ap_auto.floatP0A"/></StgValue>
</bind>
</comp>

<comp id="448" class="1004" name="pe_fu_448">
<pin_list>
<pin id="449" dir="0" index="0" bw="1" slack="0"/>
<pin id="450" dir="1" index="1" bw="5" slack="0"/>
</pin_list>
<bind>
<opcode="alloca(26) " fcode="alloca"/>
<opset="pe/1 "/>
</bind>
</comp>

<comp id="452" class="1004" name="co_read_read_fu_452">
<pin_list>
<pin id="453" dir="0" index="0" bw="4" slack="0"/>
<pin id="454" dir="0" index="1" bw="4" slack="0"/>
<pin id="455" dir="1" index="2" bw="4" slack="20"/>
</pin_list>
<bind>
<opcode="read(1150) " fcode="read"/>
<opset="co_read/1 "/>
</bind>
</comp>

<comp id="458" class="1004" name="bias_read_read_fu_458">
<pin_list>
<pin id="459" dir="0" index="0" bw="16" slack="0"/>
<pin id="460" dir="0" index="1" bw="16" slack="0"/>
<pin id="461" dir="1" index="2" bw="16" slack="16"/>
</pin_list>
<bind>
<opcode="read(1150) " fcode="read"/>
<opset="bias_read/1 "/>
</bind>
</comp>

<comp id="464" class="1004" name="psum_127_load_reload_read_read_fu_464">
<pin_list>
<pin id="465" dir="0" index="0" bw="16" slack="0"/>
<pin id="466" dir="0" index="1" bw="16" slack="0"/>
<pin id="467" dir="1" index="2" bw="16" slack="1"/>
</pin_list>
<bind>
<opcode="read(1150) " fcode="read"/>
<opset="psum_127_load_reload_read/1 "/>
</bind>
</comp>

<comp id="470" class="1004" name="psum_119_load_reload_read_read_fu_470">
<pin_list>
<pin id="471" dir="0" index="0" bw="16" slack="0"/>
<pin id="472" dir="0" index="1" bw="16" slack="0"/>
<pin id="473" dir="1" index="2" bw="16" slack="1"/>
</pin_list>
<bind>
<opcode="read(1150) " fcode="read"/>
<opset="psum_119_load_reload_read/1 "/>
</bind>
</comp>

<comp id="476" class="1004" name="psum_111_load_reload_read_read_fu_476">
<pin_list>
<pin id="477" dir="0" index="0" bw="16" slack="0"/>
<pin id="478" dir="0" index="1" bw="16" slack="0"/>
<pin id="479" dir="1" index="2" bw="16" slack="1"/>
</pin_list>
<bind>
<opcode="read(1150) " fcode="read"/>
<opset="psum_111_load_reload_read/1 "/>
</bind>
</comp>

<comp id="482" class="1004" name="psum_103_load_reload_read_read_fu_482">
<pin_list>
<pin id="483" dir="0" index="0" bw="16" slack="0"/>
<pin id="484" dir="0" index="1" bw="16" slack="0"/>
<pin id="485" dir="1" index="2" bw="16" slack="1"/>
</pin_list>
<bind>
<opcode="read(1150) " fcode="read"/>
<opset="psum_103_load_reload_read/1 "/>
</bind>
</comp>

<comp id="488" class="1004" name="psum_95_load_reload_read_read_fu_488">
<pin_list>
<pin id="489" dir="0" index="0" bw="16" slack="0"/>
<pin id="490" dir="0" index="1" bw="16" slack="0"/>
<pin id="491" dir="1" index="2" bw="16" slack="1"/>
</pin_list>
<bind>
<opcode="read(1150) " fcode="read"/>
<opset="psum_95_load_reload_read/1 "/>
</bind>
</comp>

<comp id="494" class="1004" name="psum_87_load_reload_read_read_fu_494">
<pin_list>
<pin id="495" dir="0" index="0" bw="16" slack="0"/>
<pin id="496" dir="0" index="1" bw="16" slack="0"/>
<pin id="497" dir="1" index="2" bw="16" slack="1"/>
</pin_list>
<bind>
<opcode="read(1150) " fcode="read"/>
<opset="psum_87_load_reload_read/1 "/>
</bind>
</comp>

<comp id="500" class="1004" name="psum_79_load_reload_read_read_fu_500">
<pin_list>
<pin id="501" dir="0" index="0" bw="16" slack="0"/>
<pin id="502" dir="0" index="1" bw="16" slack="0"/>
<pin id="503" dir="1" index="2" bw="16" slack="1"/>
</pin_list>
<bind>
<opcode="read(1150) " fcode="read"/>
<opset="psum_79_load_reload_read/1 "/>
</bind>
</comp>

<comp id="506" class="1004" name="psum_71_load_reload_read_read_fu_506">
<pin_list>
<pin id="507" dir="0" index="0" bw="16" slack="0"/>
<pin id="508" dir="0" index="1" bw="16" slack="0"/>
<pin id="509" dir="1" index="2" bw="16" slack="1"/>
</pin_list>
<bind>
<opcode="read(1150) " fcode="read"/>
<opset="psum_71_load_reload_read/1 "/>
</bind>
</comp>

<comp id="512" class="1004" name="psum_63_load_reload_read_read_fu_512">
<pin_list>
<pin id="513" dir="0" index="0" bw="16" slack="0"/>
<pin id="514" dir="0" index="1" bw="16" slack="0"/>
<pin id="515" dir="1" index="2" bw="16" slack="1"/>
</pin_list>
<bind>
<opcode="read(1150) " fcode="read"/>
<opset="psum_63_load_reload_read/1 "/>
</bind>
</comp>

<comp id="518" class="1004" name="psum_55_load_reload_read_read_fu_518">
<pin_list>
<pin id="519" dir="0" index="0" bw="16" slack="0"/>
<pin id="520" dir="0" index="1" bw="16" slack="0"/>
<pin id="521" dir="1" index="2" bw="16" slack="1"/>
</pin_list>
<bind>
<opcode="read(1150) " fcode="read"/>
<opset="psum_55_load_reload_read/1 "/>
</bind>
</comp>

<comp id="524" class="1004" name="psum_47_load_reload_read_read_fu_524">
<pin_list>
<pin id="525" dir="0" index="0" bw="16" slack="0"/>
<pin id="526" dir="0" index="1" bw="16" slack="0"/>
<pin id="527" dir="1" index="2" bw="16" slack="1"/>
</pin_list>
<bind>
<opcode="read(1150) " fcode="read"/>
<opset="psum_47_load_reload_read/1 "/>
</bind>
</comp>

<comp id="530" class="1004" name="psum_39_load_reload_read_read_fu_530">
<pin_list>
<pin id="531" dir="0" index="0" bw="16" slack="0"/>
<pin id="532" dir="0" index="1" bw="16" slack="0"/>
<pin id="533" dir="1" index="2" bw="16" slack="1"/>
</pin_list>
<bind>
<opcode="read(1150) " fcode="read"/>
<opset="psum_39_load_reload_read/1 "/>
</bind>
</comp>

<comp id="536" class="1004" name="psum_31_load_reload_read_read_fu_536">
<pin_list>
<pin id="537" dir="0" index="0" bw="16" slack="0"/>
<pin id="538" dir="0" index="1" bw="16" slack="0"/>
<pin id="539" dir="1" index="2" bw="16" slack="1"/>
</pin_list>
<bind>
<opcode="read(1150) " fcode="read"/>
<opset="psum_31_load_reload_read/1 "/>
</bind>
</comp>

<comp id="542" class="1004" name="psum_23_load_reload_read_read_fu_542">
<pin_list>
<pin id="543" dir="0" index="0" bw="16" slack="0"/>
<pin id="544" dir="0" index="1" bw="16" slack="0"/>
<pin id="545" dir="1" index="2" bw="16" slack="1"/>
</pin_list>
<bind>
<opcode="read(1150) " fcode="read"/>
<opset="psum_23_load_reload_read/1 "/>
</bind>
</comp>

<comp id="548" class="1004" name="psum_15_load_reload_read_read_fu_548">
<pin_list>
<pin id="549" dir="0" index="0" bw="16" slack="0"/>
<pin id="550" dir="0" index="1" bw="16" slack="0"/>
<pin id="551" dir="1" index="2" bw="16" slack="1"/>
</pin_list>
<bind>
<opcode="read(1150) " fcode="read"/>
<opset="psum_15_load_reload_read/1 "/>
</bind>
</comp>

<comp id="554" class="1004" name="psum_7_load_reload_read_read_fu_554">
<pin_list>
<pin id="555" dir="0" index="0" bw="16" slack="0"/>
<pin id="556" dir="0" index="1" bw="16" slack="0"/>
<pin id="557" dir="1" index="2" bw="16" slack="1"/>
</pin_list>
<bind>
<opcode="read(1150) " fcode="read"/>
<opset="psum_7_load_reload_read/1 "/>
</bind>
</comp>

<comp id="560" class="1004" name="psum_126_load_reload_read_read_fu_560">
<pin_list>
<pin id="561" dir="0" index="0" bw="16" slack="0"/>
<pin id="562" dir="0" index="1" bw="16" slack="0"/>
<pin id="563" dir="1" index="2" bw="16" slack="1"/>
</pin_list>
<bind>
<opcode="read(1150) " fcode="read"/>
<opset="psum_126_load_reload_read/1 "/>
</bind>
</comp>

<comp id="566" class="1004" name="psum_118_load_reload_read_read_fu_566">
<pin_list>
<pin id="567" dir="0" index="0" bw="16" slack="0"/>
<pin id="568" dir="0" index="1" bw="16" slack="0"/>
<pin id="569" dir="1" index="2" bw="16" slack="1"/>
</pin_list>
<bind>
<opcode="read(1150) " fcode="read"/>
<opset="psum_118_load_reload_read/1 "/>
</bind>
</comp>

<comp id="572" class="1004" name="psum_110_load_reload_read_read_fu_572">
<pin_list>
<pin id="573" dir="0" index="0" bw="16" slack="0"/>
<pin id="574" dir="0" index="1" bw="16" slack="0"/>
<pin id="575" dir="1" index="2" bw="16" slack="1"/>
</pin_list>
<bind>
<opcode="read(1150) " fcode="read"/>
<opset="psum_110_load_reload_read/1 "/>
</bind>
</comp>

<comp id="578" class="1004" name="psum_102_load_reload_read_read_fu_578">
<pin_list>
<pin id="579" dir="0" index="0" bw="16" slack="0"/>
<pin id="580" dir="0" index="1" bw="16" slack="0"/>
<pin id="581" dir="1" index="2" bw="16" slack="1"/>
</pin_list>
<bind>
<opcode="read(1150) " fcode="read"/>
<opset="psum_102_load_reload_read/1 "/>
</bind>
</comp>

<comp id="584" class="1004" name="psum_94_load_reload_read_read_fu_584">
<pin_list>
<pin id="585" dir="0" index="0" bw="16" slack="0"/>
<pin id="586" dir="0" index="1" bw="16" slack="0"/>
<pin id="587" dir="1" index="2" bw="16" slack="1"/>
</pin_list>
<bind>
<opcode="read(1150) " fcode="read"/>
<opset="psum_94_load_reload_read/1 "/>
</bind>
</comp>

<comp id="590" class="1004" name="psum_86_load_reload_read_read_fu_590">
<pin_list>
<pin id="591" dir="0" index="0" bw="16" slack="0"/>
<pin id="592" dir="0" index="1" bw="16" slack="0"/>
<pin id="593" dir="1" index="2" bw="16" slack="1"/>
</pin_list>
<bind>
<opcode="read(1150) " fcode="read"/>
<opset="psum_86_load_reload_read/1 "/>
</bind>
</comp>

<comp id="596" class="1004" name="psum_78_load_reload_read_read_fu_596">
<pin_list>
<pin id="597" dir="0" index="0" bw="16" slack="0"/>
<pin id="598" dir="0" index="1" bw="16" slack="0"/>
<pin id="599" dir="1" index="2" bw="16" slack="1"/>
</pin_list>
<bind>
<opcode="read(1150) " fcode="read"/>
<opset="psum_78_load_reload_read/1 "/>
</bind>
</comp>

<comp id="602" class="1004" name="psum_70_load_reload_read_read_fu_602">
<pin_list>
<pin id="603" dir="0" index="0" bw="16" slack="0"/>
<pin id="604" dir="0" index="1" bw="16" slack="0"/>
<pin id="605" dir="1" index="2" bw="16" slack="1"/>
</pin_list>
<bind>
<opcode="read(1150) " fcode="read"/>
<opset="psum_70_load_reload_read/1 "/>
</bind>
</comp>

<comp id="608" class="1004" name="psum_62_load_reload_read_read_fu_608">
<pin_list>
<pin id="609" dir="0" index="0" bw="16" slack="0"/>
<pin id="610" dir="0" index="1" bw="16" slack="0"/>
<pin id="611" dir="1" index="2" bw="16" slack="1"/>
</pin_list>
<bind>
<opcode="read(1150) " fcode="read"/>
<opset="psum_62_load_reload_read/1 "/>
</bind>
</comp>

<comp id="614" class="1004" name="psum_54_load_reload_read_read_fu_614">
<pin_list>
<pin id="615" dir="0" index="0" bw="16" slack="0"/>
<pin id="616" dir="0" index="1" bw="16" slack="0"/>
<pin id="617" dir="1" index="2" bw="16" slack="1"/>
</pin_list>
<bind>
<opcode="read(1150) " fcode="read"/>
<opset="psum_54_load_reload_read/1 "/>
</bind>
</comp>

<comp id="620" class="1004" name="psum_46_load_reload_read_read_fu_620">
<pin_list>
<pin id="621" dir="0" index="0" bw="16" slack="0"/>
<pin id="622" dir="0" index="1" bw="16" slack="0"/>
<pin id="623" dir="1" index="2" bw="16" slack="1"/>
</pin_list>
<bind>
<opcode="read(1150) " fcode="read"/>
<opset="psum_46_load_reload_read/1 "/>
</bind>
</comp>

<comp id="626" class="1004" name="psum_38_load_reload_read_read_fu_626">
<pin_list>
<pin id="627" dir="0" index="0" bw="16" slack="0"/>
<pin id="628" dir="0" index="1" bw="16" slack="0"/>
<pin id="629" dir="1" index="2" bw="16" slack="1"/>
</pin_list>
<bind>
<opcode="read(1150) " fcode="read"/>
<opset="psum_38_load_reload_read/1 "/>
</bind>
</comp>

<comp id="632" class="1004" name="psum_30_load_reload_read_read_fu_632">
<pin_list>
<pin id="633" dir="0" index="0" bw="16" slack="0"/>
<pin id="634" dir="0" index="1" bw="16" slack="0"/>
<pin id="635" dir="1" index="2" bw="16" slack="1"/>
</pin_list>
<bind>
<opcode="read(1150) " fcode="read"/>
<opset="psum_30_load_reload_read/1 "/>
</bind>
</comp>

<comp id="638" class="1004" name="psum_22_load_reload_read_read_fu_638">
<pin_list>
<pin id="639" dir="0" index="0" bw="16" slack="0"/>
<pin id="640" dir="0" index="1" bw="16" slack="0"/>
<pin id="641" dir="1" index="2" bw="16" slack="1"/>
</pin_list>
<bind>
<opcode="read(1150) " fcode="read"/>
<opset="psum_22_load_reload_read/1 "/>
</bind>
</comp>

<comp id="644" class="1004" name="psum_14_load_reload_read_read_fu_644">
<pin_list>
<pin id="645" dir="0" index="0" bw="16" slack="0"/>
<pin id="646" dir="0" index="1" bw="16" slack="0"/>
<pin id="647" dir="1" index="2" bw="16" slack="1"/>
</pin_list>
<bind>
<opcode="read(1150) " fcode="read"/>
<opset="psum_14_load_reload_read/1 "/>
</bind>
</comp>

<comp id="650" class="1004" name="psum_6_load_reload_read_read_fu_650">
<pin_list>
<pin id="651" dir="0" index="0" bw="16" slack="0"/>
<pin id="652" dir="0" index="1" bw="16" slack="0"/>
<pin id="653" dir="1" index="2" bw="16" slack="1"/>
</pin_list>
<bind>
<opcode="read(1150) " fcode="read"/>
<opset="psum_6_load_reload_read/1 "/>
</bind>
</comp>

<comp id="656" class="1004" name="psum_125_load_reload_read_read_fu_656">
<pin_list>
<pin id="657" dir="0" index="0" bw="16" slack="0"/>
<pin id="658" dir="0" index="1" bw="16" slack="0"/>
<pin id="659" dir="1" index="2" bw="16" slack="1"/>
</pin_list>
<bind>
<opcode="read(1150) " fcode="read"/>
<opset="psum_125_load_reload_read/1 "/>
</bind>
</comp>

<comp id="662" class="1004" name="psum_117_load_reload_read_read_fu_662">
<pin_list>
<pin id="663" dir="0" index="0" bw="16" slack="0"/>
<pin id="664" dir="0" index="1" bw="16" slack="0"/>
<pin id="665" dir="1" index="2" bw="16" slack="1"/>
</pin_list>
<bind>
<opcode="read(1150) " fcode="read"/>
<opset="psum_117_load_reload_read/1 "/>
</bind>
</comp>

<comp id="668" class="1004" name="psum_109_load_reload_read_read_fu_668">
<pin_list>
<pin id="669" dir="0" index="0" bw="16" slack="0"/>
<pin id="670" dir="0" index="1" bw="16" slack="0"/>
<pin id="671" dir="1" index="2" bw="16" slack="1"/>
</pin_list>
<bind>
<opcode="read(1150) " fcode="read"/>
<opset="psum_109_load_reload_read/1 "/>
</bind>
</comp>

<comp id="674" class="1004" name="psum_101_load_reload_read_read_fu_674">
<pin_list>
<pin id="675" dir="0" index="0" bw="16" slack="0"/>
<pin id="676" dir="0" index="1" bw="16" slack="0"/>
<pin id="677" dir="1" index="2" bw="16" slack="1"/>
</pin_list>
<bind>
<opcode="read(1150) " fcode="read"/>
<opset="psum_101_load_reload_read/1 "/>
</bind>
</comp>

<comp id="680" class="1004" name="psum_93_load_reload_read_read_fu_680">
<pin_list>
<pin id="681" dir="0" index="0" bw="16" slack="0"/>
<pin id="682" dir="0" index="1" bw="16" slack="0"/>
<pin id="683" dir="1" index="2" bw="16" slack="1"/>
</pin_list>
<bind>
<opcode="read(1150) " fcode="read"/>
<opset="psum_93_load_reload_read/1 "/>
</bind>
</comp>

<comp id="686" class="1004" name="psum_85_load_reload_read_read_fu_686">
<pin_list>
<pin id="687" dir="0" index="0" bw="16" slack="0"/>
<pin id="688" dir="0" index="1" bw="16" slack="0"/>
<pin id="689" dir="1" index="2" bw="16" slack="1"/>
</pin_list>
<bind>
<opcode="read(1150) " fcode="read"/>
<opset="psum_85_load_reload_read/1 "/>
</bind>
</comp>

<comp id="692" class="1004" name="psum_77_load_reload_read_read_fu_692">
<pin_list>
<pin id="693" dir="0" index="0" bw="16" slack="0"/>
<pin id="694" dir="0" index="1" bw="16" slack="0"/>
<pin id="695" dir="1" index="2" bw="16" slack="1"/>
</pin_list>
<bind>
<opcode="read(1150) " fcode="read"/>
<opset="psum_77_load_reload_read/1 "/>
</bind>
</comp>

<comp id="698" class="1004" name="psum_69_load_reload_read_read_fu_698">
<pin_list>
<pin id="699" dir="0" index="0" bw="16" slack="0"/>
<pin id="700" dir="0" index="1" bw="16" slack="0"/>
<pin id="701" dir="1" index="2" bw="16" slack="1"/>
</pin_list>
<bind>
<opcode="read(1150) " fcode="read"/>
<opset="psum_69_load_reload_read/1 "/>
</bind>
</comp>

<comp id="704" class="1004" name="psum_61_load_reload_read_read_fu_704">
<pin_list>
<pin id="705" dir="0" index="0" bw="16" slack="0"/>
<pin id="706" dir="0" index="1" bw="16" slack="0"/>
<pin id="707" dir="1" index="2" bw="16" slack="1"/>
</pin_list>
<bind>
<opcode="read(1150) " fcode="read"/>
<opset="psum_61_load_reload_read/1 "/>
</bind>
</comp>

<comp id="710" class="1004" name="psum_53_load_reload_read_read_fu_710">
<pin_list>
<pin id="711" dir="0" index="0" bw="16" slack="0"/>
<pin id="712" dir="0" index="1" bw="16" slack="0"/>
<pin id="713" dir="1" index="2" bw="16" slack="1"/>
</pin_list>
<bind>
<opcode="read(1150) " fcode="read"/>
<opset="psum_53_load_reload_read/1 "/>
</bind>
</comp>

<comp id="716" class="1004" name="psum_45_load_reload_read_read_fu_716">
<pin_list>
<pin id="717" dir="0" index="0" bw="16" slack="0"/>
<pin id="718" dir="0" index="1" bw="16" slack="0"/>
<pin id="719" dir="1" index="2" bw="16" slack="1"/>
</pin_list>
<bind>
<opcode="read(1150) " fcode="read"/>
<opset="psum_45_load_reload_read/1 "/>
</bind>
</comp>

<comp id="722" class="1004" name="psum_37_load_reload_read_read_fu_722">
<pin_list>
<pin id="723" dir="0" index="0" bw="16" slack="0"/>
<pin id="724" dir="0" index="1" bw="16" slack="0"/>
<pin id="725" dir="1" index="2" bw="16" slack="1"/>
</pin_list>
<bind>
<opcode="read(1150) " fcode="read"/>
<opset="psum_37_load_reload_read/1 "/>
</bind>
</comp>

<comp id="728" class="1004" name="psum_29_load_reload_read_read_fu_728">
<pin_list>
<pin id="729" dir="0" index="0" bw="16" slack="0"/>
<pin id="730" dir="0" index="1" bw="16" slack="0"/>
<pin id="731" dir="1" index="2" bw="16" slack="1"/>
</pin_list>
<bind>
<opcode="read(1150) " fcode="read"/>
<opset="psum_29_load_reload_read/1 "/>
</bind>
</comp>

<comp id="734" class="1004" name="psum_21_load_reload_read_read_fu_734">
<pin_list>
<pin id="735" dir="0" index="0" bw="16" slack="0"/>
<pin id="736" dir="0" index="1" bw="16" slack="0"/>
<pin id="737" dir="1" index="2" bw="16" slack="1"/>
</pin_list>
<bind>
<opcode="read(1150) " fcode="read"/>
<opset="psum_21_load_reload_read/1 "/>
</bind>
</comp>

<comp id="740" class="1004" name="psum_13_load_reload_read_read_fu_740">
<pin_list>
<pin id="741" dir="0" index="0" bw="16" slack="0"/>
<pin id="742" dir="0" index="1" bw="16" slack="0"/>
<pin id="743" dir="1" index="2" bw="16" slack="1"/>
</pin_list>
<bind>
<opcode="read(1150) " fcode="read"/>
<opset="psum_13_load_reload_read/1 "/>
</bind>
</comp>

<comp id="746" class="1004" name="psum_5_load_reload_read_read_fu_746">
<pin_list>
<pin id="747" dir="0" index="0" bw="16" slack="0"/>
<pin id="748" dir="0" index="1" bw="16" slack="0"/>
<pin id="749" dir="1" index="2" bw="16" slack="1"/>
</pin_list>
<bind>
<opcode="read(1150) " fcode="read"/>
<opset="psum_5_load_reload_read/1 "/>
</bind>
</comp>

<comp id="752" class="1004" name="psum_124_load_reload_read_read_fu_752">
<pin_list>
<pin id="753" dir="0" index="0" bw="16" slack="0"/>
<pin id="754" dir="0" index="1" bw="16" slack="0"/>
<pin id="755" dir="1" index="2" bw="16" slack="1"/>
</pin_list>
<bind>
<opcode="read(1150) " fcode="read"/>
<opset="psum_124_load_reload_read/1 "/>
</bind>
</comp>

<comp id="758" class="1004" name="psum_116_load_reload_read_read_fu_758">
<pin_list>
<pin id="759" dir="0" index="0" bw="16" slack="0"/>
<pin id="760" dir="0" index="1" bw="16" slack="0"/>
<pin id="761" dir="1" index="2" bw="16" slack="1"/>
</pin_list>
<bind>
<opcode="read(1150) " fcode="read"/>
<opset="psum_116_load_reload_read/1 "/>
</bind>
</comp>

<comp id="764" class="1004" name="psum_108_load_reload_read_read_fu_764">
<pin_list>
<pin id="765" dir="0" index="0" bw="16" slack="0"/>
<pin id="766" dir="0" index="1" bw="16" slack="0"/>
<pin id="767" dir="1" index="2" bw="16" slack="1"/>
</pin_list>
<bind>
<opcode="read(1150) " fcode="read"/>
<opset="psum_108_load_reload_read/1 "/>
</bind>
</comp>

<comp id="770" class="1004" name="psum_100_load_reload_read_read_fu_770">
<pin_list>
<pin id="771" dir="0" index="0" bw="16" slack="0"/>
<pin id="772" dir="0" index="1" bw="16" slack="0"/>
<pin id="773" dir="1" index="2" bw="16" slack="1"/>
</pin_list>
<bind>
<opcode="read(1150) " fcode="read"/>
<opset="psum_100_load_reload_read/1 "/>
</bind>
</comp>

<comp id="776" class="1004" name="psum_92_load_reload_read_read_fu_776">
<pin_list>
<pin id="777" dir="0" index="0" bw="16" slack="0"/>
<pin id="778" dir="0" index="1" bw="16" slack="0"/>
<pin id="779" dir="1" index="2" bw="16" slack="1"/>
</pin_list>
<bind>
<opcode="read(1150) " fcode="read"/>
<opset="psum_92_load_reload_read/1 "/>
</bind>
</comp>

<comp id="782" class="1004" name="psum_84_load_reload_read_read_fu_782">
<pin_list>
<pin id="783" dir="0" index="0" bw="16" slack="0"/>
<pin id="784" dir="0" index="1" bw="16" slack="0"/>
<pin id="785" dir="1" index="2" bw="16" slack="1"/>
</pin_list>
<bind>
<opcode="read(1150) " fcode="read"/>
<opset="psum_84_load_reload_read/1 "/>
</bind>
</comp>

<comp id="788" class="1004" name="psum_76_load_reload_read_read_fu_788">
<pin_list>
<pin id="789" dir="0" index="0" bw="16" slack="0"/>
<pin id="790" dir="0" index="1" bw="16" slack="0"/>
<pin id="791" dir="1" index="2" bw="16" slack="1"/>
</pin_list>
<bind>
<opcode="read(1150) " fcode="read"/>
<opset="psum_76_load_reload_read/1 "/>
</bind>
</comp>

<comp id="794" class="1004" name="psum_68_load_reload_read_read_fu_794">
<pin_list>
<pin id="795" dir="0" index="0" bw="16" slack="0"/>
<pin id="796" dir="0" index="1" bw="16" slack="0"/>
<pin id="797" dir="1" index="2" bw="16" slack="1"/>
</pin_list>
<bind>
<opcode="read(1150) " fcode="read"/>
<opset="psum_68_load_reload_read/1 "/>
</bind>
</comp>

<comp id="800" class="1004" name="psum_60_load_reload_read_read_fu_800">
<pin_list>
<pin id="801" dir="0" index="0" bw="16" slack="0"/>
<pin id="802" dir="0" index="1" bw="16" slack="0"/>
<pin id="803" dir="1" index="2" bw="16" slack="1"/>
</pin_list>
<bind>
<opcode="read(1150) " fcode="read"/>
<opset="psum_60_load_reload_read/1 "/>
</bind>
</comp>

<comp id="806" class="1004" name="psum_52_load_reload_read_read_fu_806">
<pin_list>
<pin id="807" dir="0" index="0" bw="16" slack="0"/>
<pin id="808" dir="0" index="1" bw="16" slack="0"/>
<pin id="809" dir="1" index="2" bw="16" slack="1"/>
</pin_list>
<bind>
<opcode="read(1150) " fcode="read"/>
<opset="psum_52_load_reload_read/1 "/>
</bind>
</comp>

<comp id="812" class="1004" name="psum_44_load_reload_read_read_fu_812">
<pin_list>
<pin id="813" dir="0" index="0" bw="16" slack="0"/>
<pin id="814" dir="0" index="1" bw="16" slack="0"/>
<pin id="815" dir="1" index="2" bw="16" slack="1"/>
</pin_list>
<bind>
<opcode="read(1150) " fcode="read"/>
<opset="psum_44_load_reload_read/1 "/>
</bind>
</comp>

<comp id="818" class="1004" name="psum_36_load_reload_read_read_fu_818">
<pin_list>
<pin id="819" dir="0" index="0" bw="16" slack="0"/>
<pin id="820" dir="0" index="1" bw="16" slack="0"/>
<pin id="821" dir="1" index="2" bw="16" slack="1"/>
</pin_list>
<bind>
<opcode="read(1150) " fcode="read"/>
<opset="psum_36_load_reload_read/1 "/>
</bind>
</comp>

<comp id="824" class="1004" name="psum_28_load_reload_read_read_fu_824">
<pin_list>
<pin id="825" dir="0" index="0" bw="16" slack="0"/>
<pin id="826" dir="0" index="1" bw="16" slack="0"/>
<pin id="827" dir="1" index="2" bw="16" slack="1"/>
</pin_list>
<bind>
<opcode="read(1150) " fcode="read"/>
<opset="psum_28_load_reload_read/1 "/>
</bind>
</comp>

<comp id="830" class="1004" name="psum_20_load_reload_read_read_fu_830">
<pin_list>
<pin id="831" dir="0" index="0" bw="16" slack="0"/>
<pin id="832" dir="0" index="1" bw="16" slack="0"/>
<pin id="833" dir="1" index="2" bw="16" slack="1"/>
</pin_list>
<bind>
<opcode="read(1150) " fcode="read"/>
<opset="psum_20_load_reload_read/1 "/>
</bind>
</comp>

<comp id="836" class="1004" name="psum_12_load_reload_read_read_fu_836">
<pin_list>
<pin id="837" dir="0" index="0" bw="16" slack="0"/>
<pin id="838" dir="0" index="1" bw="16" slack="0"/>
<pin id="839" dir="1" index="2" bw="16" slack="1"/>
</pin_list>
<bind>
<opcode="read(1150) " fcode="read"/>
<opset="psum_12_load_reload_read/1 "/>
</bind>
</comp>

<comp id="842" class="1004" name="psum_4_load_reload_read_read_fu_842">
<pin_list>
<pin id="843" dir="0" index="0" bw="16" slack="0"/>
<pin id="844" dir="0" index="1" bw="16" slack="0"/>
<pin id="845" dir="1" index="2" bw="16" slack="1"/>
</pin_list>
<bind>
<opcode="read(1150) " fcode="read"/>
<opset="psum_4_load_reload_read/1 "/>
</bind>
</comp>

<comp id="848" class="1004" name="psum_123_load_reload_read_read_fu_848">
<pin_list>
<pin id="849" dir="0" index="0" bw="16" slack="0"/>
<pin id="850" dir="0" index="1" bw="16" slack="0"/>
<pin id="851" dir="1" index="2" bw="16" slack="1"/>
</pin_list>
<bind>
<opcode="read(1150) " fcode="read"/>
<opset="psum_123_load_reload_read/1 "/>
</bind>
</comp>

<comp id="854" class="1004" name="psum_115_load_reload_read_read_fu_854">
<pin_list>
<pin id="855" dir="0" index="0" bw="16" slack="0"/>
<pin id="856" dir="0" index="1" bw="16" slack="0"/>
<pin id="857" dir="1" index="2" bw="16" slack="1"/>
</pin_list>
<bind>
<opcode="read(1150) " fcode="read"/>
<opset="psum_115_load_reload_read/1 "/>
</bind>
</comp>

<comp id="860" class="1004" name="psum_107_load_reload_read_read_fu_860">
<pin_list>
<pin id="861" dir="0" index="0" bw="16" slack="0"/>
<pin id="862" dir="0" index="1" bw="16" slack="0"/>
<pin id="863" dir="1" index="2" bw="16" slack="1"/>
</pin_list>
<bind>
<opcode="read(1150) " fcode="read"/>
<opset="psum_107_load_reload_read/1 "/>
</bind>
</comp>

<comp id="866" class="1004" name="psum_99_load_reload_read_read_fu_866">
<pin_list>
<pin id="867" dir="0" index="0" bw="16" slack="0"/>
<pin id="868" dir="0" index="1" bw="16" slack="0"/>
<pin id="869" dir="1" index="2" bw="16" slack="1"/>
</pin_list>
<bind>
<opcode="read(1150) " fcode="read"/>
<opset="psum_99_load_reload_read/1 "/>
</bind>
</comp>

<comp id="872" class="1004" name="psum_91_load_reload_read_read_fu_872">
<pin_list>
<pin id="873" dir="0" index="0" bw="16" slack="0"/>
<pin id="874" dir="0" index="1" bw="16" slack="0"/>
<pin id="875" dir="1" index="2" bw="16" slack="1"/>
</pin_list>
<bind>
<opcode="read(1150) " fcode="read"/>
<opset="psum_91_load_reload_read/1 "/>
</bind>
</comp>

<comp id="878" class="1004" name="psum_83_load_reload_read_read_fu_878">
<pin_list>
<pin id="879" dir="0" index="0" bw="16" slack="0"/>
<pin id="880" dir="0" index="1" bw="16" slack="0"/>
<pin id="881" dir="1" index="2" bw="16" slack="1"/>
</pin_list>
<bind>
<opcode="read(1150) " fcode="read"/>
<opset="psum_83_load_reload_read/1 "/>
</bind>
</comp>

<comp id="884" class="1004" name="psum_75_load_reload_read_read_fu_884">
<pin_list>
<pin id="885" dir="0" index="0" bw="16" slack="0"/>
<pin id="886" dir="0" index="1" bw="16" slack="0"/>
<pin id="887" dir="1" index="2" bw="16" slack="1"/>
</pin_list>
<bind>
<opcode="read(1150) " fcode="read"/>
<opset="psum_75_load_reload_read/1 "/>
</bind>
</comp>

<comp id="890" class="1004" name="psum_67_load_reload_read_read_fu_890">
<pin_list>
<pin id="891" dir="0" index="0" bw="16" slack="0"/>
<pin id="892" dir="0" index="1" bw="16" slack="0"/>
<pin id="893" dir="1" index="2" bw="16" slack="1"/>
</pin_list>
<bind>
<opcode="read(1150) " fcode="read"/>
<opset="psum_67_load_reload_read/1 "/>
</bind>
</comp>

<comp id="896" class="1004" name="psum_59_load_reload_read_read_fu_896">
<pin_list>
<pin id="897" dir="0" index="0" bw="16" slack="0"/>
<pin id="898" dir="0" index="1" bw="16" slack="0"/>
<pin id="899" dir="1" index="2" bw="16" slack="1"/>
</pin_list>
<bind>
<opcode="read(1150) " fcode="read"/>
<opset="psum_59_load_reload_read/1 "/>
</bind>
</comp>

<comp id="902" class="1004" name="psum_51_load_reload_read_read_fu_902">
<pin_list>
<pin id="903" dir="0" index="0" bw="16" slack="0"/>
<pin id="904" dir="0" index="1" bw="16" slack="0"/>
<pin id="905" dir="1" index="2" bw="16" slack="1"/>
</pin_list>
<bind>
<opcode="read(1150) " fcode="read"/>
<opset="psum_51_load_reload_read/1 "/>
</bind>
</comp>

<comp id="908" class="1004" name="psum_43_load_reload_read_read_fu_908">
<pin_list>
<pin id="909" dir="0" index="0" bw="16" slack="0"/>
<pin id="910" dir="0" index="1" bw="16" slack="0"/>
<pin id="911" dir="1" index="2" bw="16" slack="1"/>
</pin_list>
<bind>
<opcode="read(1150) " fcode="read"/>
<opset="psum_43_load_reload_read/1 "/>
</bind>
</comp>

<comp id="914" class="1004" name="psum_35_load_reload_read_read_fu_914">
<pin_list>
<pin id="915" dir="0" index="0" bw="16" slack="0"/>
<pin id="916" dir="0" index="1" bw="16" slack="0"/>
<pin id="917" dir="1" index="2" bw="16" slack="1"/>
</pin_list>
<bind>
<opcode="read(1150) " fcode="read"/>
<opset="psum_35_load_reload_read/1 "/>
</bind>
</comp>

<comp id="920" class="1004" name="psum_27_load_reload_read_read_fu_920">
<pin_list>
<pin id="921" dir="0" index="0" bw="16" slack="0"/>
<pin id="922" dir="0" index="1" bw="16" slack="0"/>
<pin id="923" dir="1" index="2" bw="16" slack="1"/>
</pin_list>
<bind>
<opcode="read(1150) " fcode="read"/>
<opset="psum_27_load_reload_read/1 "/>
</bind>
</comp>

<comp id="926" class="1004" name="psum_19_load_reload_read_read_fu_926">
<pin_list>
<pin id="927" dir="0" index="0" bw="16" slack="0"/>
<pin id="928" dir="0" index="1" bw="16" slack="0"/>
<pin id="929" dir="1" index="2" bw="16" slack="1"/>
</pin_list>
<bind>
<opcode="read(1150) " fcode="read"/>
<opset="psum_19_load_reload_read/1 "/>
</bind>
</comp>

<comp id="932" class="1004" name="psum_11_load_reload_read_read_fu_932">
<pin_list>
<pin id="933" dir="0" index="0" bw="16" slack="0"/>
<pin id="934" dir="0" index="1" bw="16" slack="0"/>
<pin id="935" dir="1" index="2" bw="16" slack="1"/>
</pin_list>
<bind>
<opcode="read(1150) " fcode="read"/>
<opset="psum_11_load_reload_read/1 "/>
</bind>
</comp>

<comp id="938" class="1004" name="psum_3_load_reload_read_read_fu_938">
<pin_list>
<pin id="939" dir="0" index="0" bw="16" slack="0"/>
<pin id="940" dir="0" index="1" bw="16" slack="0"/>
<pin id="941" dir="1" index="2" bw="16" slack="1"/>
</pin_list>
<bind>
<opcode="read(1150) " fcode="read"/>
<opset="psum_3_load_reload_read/1 "/>
</bind>
</comp>

<comp id="944" class="1004" name="psum_122_load_reload_read_read_fu_944">
<pin_list>
<pin id="945" dir="0" index="0" bw="16" slack="0"/>
<pin id="946" dir="0" index="1" bw="16" slack="0"/>
<pin id="947" dir="1" index="2" bw="16" slack="1"/>
</pin_list>
<bind>
<opcode="read(1150) " fcode="read"/>
<opset="psum_122_load_reload_read/1 "/>
</bind>
</comp>

<comp id="950" class="1004" name="psum_114_load_reload_read_read_fu_950">
<pin_list>
<pin id="951" dir="0" index="0" bw="16" slack="0"/>
<pin id="952" dir="0" index="1" bw="16" slack="0"/>
<pin id="953" dir="1" index="2" bw="16" slack="1"/>
</pin_list>
<bind>
<opcode="read(1150) " fcode="read"/>
<opset="psum_114_load_reload_read/1 "/>
</bind>
</comp>

<comp id="956" class="1004" name="psum_106_load_reload_read_read_fu_956">
<pin_list>
<pin id="957" dir="0" index="0" bw="16" slack="0"/>
<pin id="958" dir="0" index="1" bw="16" slack="0"/>
<pin id="959" dir="1" index="2" bw="16" slack="1"/>
</pin_list>
<bind>
<opcode="read(1150) " fcode="read"/>
<opset="psum_106_load_reload_read/1 "/>
</bind>
</comp>

<comp id="962" class="1004" name="psum_98_load_reload_read_read_fu_962">
<pin_list>
<pin id="963" dir="0" index="0" bw="16" slack="0"/>
<pin id="964" dir="0" index="1" bw="16" slack="0"/>
<pin id="965" dir="1" index="2" bw="16" slack="1"/>
</pin_list>
<bind>
<opcode="read(1150) " fcode="read"/>
<opset="psum_98_load_reload_read/1 "/>
</bind>
</comp>

<comp id="968" class="1004" name="psum_90_load_reload_read_read_fu_968">
<pin_list>
<pin id="969" dir="0" index="0" bw="16" slack="0"/>
<pin id="970" dir="0" index="1" bw="16" slack="0"/>
<pin id="971" dir="1" index="2" bw="16" slack="1"/>
</pin_list>
<bind>
<opcode="read(1150) " fcode="read"/>
<opset="psum_90_load_reload_read/1 "/>
</bind>
</comp>

<comp id="974" class="1004" name="psum_82_load_reload_read_read_fu_974">
<pin_list>
<pin id="975" dir="0" index="0" bw="16" slack="0"/>
<pin id="976" dir="0" index="1" bw="16" slack="0"/>
<pin id="977" dir="1" index="2" bw="16" slack="1"/>
</pin_list>
<bind>
<opcode="read(1150) " fcode="read"/>
<opset="psum_82_load_reload_read/1 "/>
</bind>
</comp>

<comp id="980" class="1004" name="psum_74_load_reload_read_read_fu_980">
<pin_list>
<pin id="981" dir="0" index="0" bw="16" slack="0"/>
<pin id="982" dir="0" index="1" bw="16" slack="0"/>
<pin id="983" dir="1" index="2" bw="16" slack="1"/>
</pin_list>
<bind>
<opcode="read(1150) " fcode="read"/>
<opset="psum_74_load_reload_read/1 "/>
</bind>
</comp>

<comp id="986" class="1004" name="psum_66_load_reload_read_read_fu_986">
<pin_list>
<pin id="987" dir="0" index="0" bw="16" slack="0"/>
<pin id="988" dir="0" index="1" bw="16" slack="0"/>
<pin id="989" dir="1" index="2" bw="16" slack="1"/>
</pin_list>
<bind>
<opcode="read(1150) " fcode="read"/>
<opset="psum_66_load_reload_read/1 "/>
</bind>
</comp>

<comp id="992" class="1004" name="psum_58_load_reload_read_read_fu_992">
<pin_list>
<pin id="993" dir="0" index="0" bw="16" slack="0"/>
<pin id="994" dir="0" index="1" bw="16" slack="0"/>
<pin id="995" dir="1" index="2" bw="16" slack="1"/>
</pin_list>
<bind>
<opcode="read(1150) " fcode="read"/>
<opset="psum_58_load_reload_read/1 "/>
</bind>
</comp>

<comp id="998" class="1004" name="psum_50_load_reload_read_read_fu_998">
<pin_list>
<pin id="999" dir="0" index="0" bw="16" slack="0"/>
<pin id="1000" dir="0" index="1" bw="16" slack="0"/>
<pin id="1001" dir="1" index="2" bw="16" slack="1"/>
</pin_list>
<bind>
<opcode="read(1150) " fcode="read"/>
<opset="psum_50_load_reload_read/1 "/>
</bind>
</comp>

<comp id="1004" class="1004" name="psum_42_load_reload_read_read_fu_1004">
<pin_list>
<pin id="1005" dir="0" index="0" bw="16" slack="0"/>
<pin id="1006" dir="0" index="1" bw="16" slack="0"/>
<pin id="1007" dir="1" index="2" bw="16" slack="1"/>
</pin_list>
<bind>
<opcode="read(1150) " fcode="read"/>
<opset="psum_42_load_reload_read/1 "/>
</bind>
</comp>

<comp id="1010" class="1004" name="psum_34_load_reload_read_read_fu_1010">
<pin_list>
<pin id="1011" dir="0" index="0" bw="16" slack="0"/>
<pin id="1012" dir="0" index="1" bw="16" slack="0"/>
<pin id="1013" dir="1" index="2" bw="16" slack="1"/>
</pin_list>
<bind>
<opcode="read(1150) " fcode="read"/>
<opset="psum_34_load_reload_read/1 "/>
</bind>
</comp>

<comp id="1016" class="1004" name="psum_26_load_reload_read_read_fu_1016">
<pin_list>
<pin id="1017" dir="0" index="0" bw="16" slack="0"/>
<pin id="1018" dir="0" index="1" bw="16" slack="0"/>
<pin id="1019" dir="1" index="2" bw="16" slack="1"/>
</pin_list>
<bind>
<opcode="read(1150) " fcode="read"/>
<opset="psum_26_load_reload_read/1 "/>
</bind>
</comp>

<comp id="1022" class="1004" name="psum_18_load_reload_read_read_fu_1022">
<pin_list>
<pin id="1023" dir="0" index="0" bw="16" slack="0"/>
<pin id="1024" dir="0" index="1" bw="16" slack="0"/>
<pin id="1025" dir="1" index="2" bw="16" slack="1"/>
</pin_list>
<bind>
<opcode="read(1150) " fcode="read"/>
<opset="psum_18_load_reload_read/1 "/>
</bind>
</comp>

<comp id="1028" class="1004" name="psum_10_load_reload_read_read_fu_1028">
<pin_list>
<pin id="1029" dir="0" index="0" bw="16" slack="0"/>
<pin id="1030" dir="0" index="1" bw="16" slack="0"/>
<pin id="1031" dir="1" index="2" bw="16" slack="1"/>
</pin_list>
<bind>
<opcode="read(1150) " fcode="read"/>
<opset="psum_10_load_reload_read/1 "/>
</bind>
</comp>

<comp id="1034" class="1004" name="psum_2_load_reload_read_read_fu_1034">
<pin_list>
<pin id="1035" dir="0" index="0" bw="16" slack="0"/>
<pin id="1036" dir="0" index="1" bw="16" slack="0"/>
<pin id="1037" dir="1" index="2" bw="16" slack="1"/>
</pin_list>
<bind>
<opcode="read(1150) " fcode="read"/>
<opset="psum_2_load_reload_read/1 "/>
</bind>
</comp>

<comp id="1040" class="1004" name="psum_121_load_reload_read_read_fu_1040">
<pin_list>
<pin id="1041" dir="0" index="0" bw="16" slack="0"/>
<pin id="1042" dir="0" index="1" bw="16" slack="0"/>
<pin id="1043" dir="1" index="2" bw="16" slack="1"/>
</pin_list>
<bind>
<opcode="read(1150) " fcode="read"/>
<opset="psum_121_load_reload_read/1 "/>
</bind>
</comp>

<comp id="1046" class="1004" name="psum_113_load_reload_read_read_fu_1046">
<pin_list>
<pin id="1047" dir="0" index="0" bw="16" slack="0"/>
<pin id="1048" dir="0" index="1" bw="16" slack="0"/>
<pin id="1049" dir="1" index="2" bw="16" slack="1"/>
</pin_list>
<bind>
<opcode="read(1150) " fcode="read"/>
<opset="psum_113_load_reload_read/1 "/>
</bind>
</comp>

<comp id="1052" class="1004" name="psum_105_load_reload_read_read_fu_1052">
<pin_list>
<pin id="1053" dir="0" index="0" bw="16" slack="0"/>
<pin id="1054" dir="0" index="1" bw="16" slack="0"/>
<pin id="1055" dir="1" index="2" bw="16" slack="1"/>
</pin_list>
<bind>
<opcode="read(1150) " fcode="read"/>
<opset="psum_105_load_reload_read/1 "/>
</bind>
</comp>

<comp id="1058" class="1004" name="psum_97_load_reload_read_read_fu_1058">
<pin_list>
<pin id="1059" dir="0" index="0" bw="16" slack="0"/>
<pin id="1060" dir="0" index="1" bw="16" slack="0"/>
<pin id="1061" dir="1" index="2" bw="16" slack="1"/>
</pin_list>
<bind>
<opcode="read(1150) " fcode="read"/>
<opset="psum_97_load_reload_read/1 "/>
</bind>
</comp>

<comp id="1064" class="1004" name="psum_89_load_reload_read_read_fu_1064">
<pin_list>
<pin id="1065" dir="0" index="0" bw="16" slack="0"/>
<pin id="1066" dir="0" index="1" bw="16" slack="0"/>
<pin id="1067" dir="1" index="2" bw="16" slack="1"/>
</pin_list>
<bind>
<opcode="read(1150) " fcode="read"/>
<opset="psum_89_load_reload_read/1 "/>
</bind>
</comp>

<comp id="1070" class="1004" name="psum_81_load_reload_read_read_fu_1070">
<pin_list>
<pin id="1071" dir="0" index="0" bw="16" slack="0"/>
<pin id="1072" dir="0" index="1" bw="16" slack="0"/>
<pin id="1073" dir="1" index="2" bw="16" slack="1"/>
</pin_list>
<bind>
<opcode="read(1150) " fcode="read"/>
<opset="psum_81_load_reload_read/1 "/>
</bind>
</comp>

<comp id="1076" class="1004" name="psum_73_load_reload_read_read_fu_1076">
<pin_list>
<pin id="1077" dir="0" index="0" bw="16" slack="0"/>
<pin id="1078" dir="0" index="1" bw="16" slack="0"/>
<pin id="1079" dir="1" index="2" bw="16" slack="1"/>
</pin_list>
<bind>
<opcode="read(1150) " fcode="read"/>
<opset="psum_73_load_reload_read/1 "/>
</bind>
</comp>

<comp id="1082" class="1004" name="psum_65_load_reload_read_read_fu_1082">
<pin_list>
<pin id="1083" dir="0" index="0" bw="16" slack="0"/>
<pin id="1084" dir="0" index="1" bw="16" slack="0"/>
<pin id="1085" dir="1" index="2" bw="16" slack="1"/>
</pin_list>
<bind>
<opcode="read(1150) " fcode="read"/>
<opset="psum_65_load_reload_read/1 "/>
</bind>
</comp>

<comp id="1088" class="1004" name="psum_57_load_reload_read_read_fu_1088">
<pin_list>
<pin id="1089" dir="0" index="0" bw="16" slack="0"/>
<pin id="1090" dir="0" index="1" bw="16" slack="0"/>
<pin id="1091" dir="1" index="2" bw="16" slack="1"/>
</pin_list>
<bind>
<opcode="read(1150) " fcode="read"/>
<opset="psum_57_load_reload_read/1 "/>
</bind>
</comp>

<comp id="1094" class="1004" name="psum_49_load_reload_read_read_fu_1094">
<pin_list>
<pin id="1095" dir="0" index="0" bw="16" slack="0"/>
<pin id="1096" dir="0" index="1" bw="16" slack="0"/>
<pin id="1097" dir="1" index="2" bw="16" slack="1"/>
</pin_list>
<bind>
<opcode="read(1150) " fcode="read"/>
<opset="psum_49_load_reload_read/1 "/>
</bind>
</comp>

<comp id="1100" class="1004" name="psum_41_load_reload_read_read_fu_1100">
<pin_list>
<pin id="1101" dir="0" index="0" bw="16" slack="0"/>
<pin id="1102" dir="0" index="1" bw="16" slack="0"/>
<pin id="1103" dir="1" index="2" bw="16" slack="1"/>
</pin_list>
<bind>
<opcode="read(1150) " fcode="read"/>
<opset="psum_41_load_reload_read/1 "/>
</bind>
</comp>

<comp id="1106" class="1004" name="psum_33_load_reload_read_read_fu_1106">
<pin_list>
<pin id="1107" dir="0" index="0" bw="16" slack="0"/>
<pin id="1108" dir="0" index="1" bw="16" slack="0"/>
<pin id="1109" dir="1" index="2" bw="16" slack="1"/>
</pin_list>
<bind>
<opcode="read(1150) " fcode="read"/>
<opset="psum_33_load_reload_read/1 "/>
</bind>
</comp>

<comp id="1112" class="1004" name="psum_25_load_reload_read_read_fu_1112">
<pin_list>
<pin id="1113" dir="0" index="0" bw="16" slack="0"/>
<pin id="1114" dir="0" index="1" bw="16" slack="0"/>
<pin id="1115" dir="1" index="2" bw="16" slack="1"/>
</pin_list>
<bind>
<opcode="read(1150) " fcode="read"/>
<opset="psum_25_load_reload_read/1 "/>
</bind>
</comp>

<comp id="1118" class="1004" name="psum_17_load_reload_read_read_fu_1118">
<pin_list>
<pin id="1119" dir="0" index="0" bw="16" slack="0"/>
<pin id="1120" dir="0" index="1" bw="16" slack="0"/>
<pin id="1121" dir="1" index="2" bw="16" slack="1"/>
</pin_list>
<bind>
<opcode="read(1150) " fcode="read"/>
<opset="psum_17_load_reload_read/1 "/>
</bind>
</comp>

<comp id="1124" class="1004" name="psum_9_load_reload_read_read_fu_1124">
<pin_list>
<pin id="1125" dir="0" index="0" bw="16" slack="0"/>
<pin id="1126" dir="0" index="1" bw="16" slack="0"/>
<pin id="1127" dir="1" index="2" bw="16" slack="1"/>
</pin_list>
<bind>
<opcode="read(1150) " fcode="read"/>
<opset="psum_9_load_reload_read/1 "/>
</bind>
</comp>

<comp id="1130" class="1004" name="psum_1_load_reload_read_read_fu_1130">
<pin_list>
<pin id="1131" dir="0" index="0" bw="16" slack="0"/>
<pin id="1132" dir="0" index="1" bw="16" slack="0"/>
<pin id="1133" dir="1" index="2" bw="16" slack="1"/>
</pin_list>
<bind>
<opcode="read(1150) " fcode="read"/>
<opset="psum_1_load_reload_read/1 "/>
</bind>
</comp>

<comp id="1136" class="1004" name="psum_120_load_reload_read_read_fu_1136">
<pin_list>
<pin id="1137" dir="0" index="0" bw="16" slack="0"/>
<pin id="1138" dir="0" index="1" bw="16" slack="0"/>
<pin id="1139" dir="1" index="2" bw="16" slack="1"/>
</pin_list>
<bind>
<opcode="read(1150) " fcode="read"/>
<opset="psum_120_load_reload_read/1 "/>
</bind>
</comp>

<comp id="1142" class="1004" name="psum_112_load_reload_read_read_fu_1142">
<pin_list>
<pin id="1143" dir="0" index="0" bw="16" slack="0"/>
<pin id="1144" dir="0" index="1" bw="16" slack="0"/>
<pin id="1145" dir="1" index="2" bw="16" slack="1"/>
</pin_list>
<bind>
<opcode="read(1150) " fcode="read"/>
<opset="psum_112_load_reload_read/1 "/>
</bind>
</comp>

<comp id="1148" class="1004" name="psum_104_load_reload_read_read_fu_1148">
<pin_list>
<pin id="1149" dir="0" index="0" bw="16" slack="0"/>
<pin id="1150" dir="0" index="1" bw="16" slack="0"/>
<pin id="1151" dir="1" index="2" bw="16" slack="1"/>
</pin_list>
<bind>
<opcode="read(1150) " fcode="read"/>
<opset="psum_104_load_reload_read/1 "/>
</bind>
</comp>

<comp id="1154" class="1004" name="psum_96_load_reload_read_read_fu_1154">
<pin_list>
<pin id="1155" dir="0" index="0" bw="16" slack="0"/>
<pin id="1156" dir="0" index="1" bw="16" slack="0"/>
<pin id="1157" dir="1" index="2" bw="16" slack="1"/>
</pin_list>
<bind>
<opcode="read(1150) " fcode="read"/>
<opset="psum_96_load_reload_read/1 "/>
</bind>
</comp>

<comp id="1160" class="1004" name="psum_88_load_reload_read_read_fu_1160">
<pin_list>
<pin id="1161" dir="0" index="0" bw="16" slack="0"/>
<pin id="1162" dir="0" index="1" bw="16" slack="0"/>
<pin id="1163" dir="1" index="2" bw="16" slack="1"/>
</pin_list>
<bind>
<opcode="read(1150) " fcode="read"/>
<opset="psum_88_load_reload_read/1 "/>
</bind>
</comp>

<comp id="1166" class="1004" name="psum_80_load_reload_read_read_fu_1166">
<pin_list>
<pin id="1167" dir="0" index="0" bw="16" slack="0"/>
<pin id="1168" dir="0" index="1" bw="16" slack="0"/>
<pin id="1169" dir="1" index="2" bw="16" slack="1"/>
</pin_list>
<bind>
<opcode="read(1150) " fcode="read"/>
<opset="psum_80_load_reload_read/1 "/>
</bind>
</comp>

<comp id="1172" class="1004" name="psum_72_load_reload_read_read_fu_1172">
<pin_list>
<pin id="1173" dir="0" index="0" bw="16" slack="0"/>
<pin id="1174" dir="0" index="1" bw="16" slack="0"/>
<pin id="1175" dir="1" index="2" bw="16" slack="1"/>
</pin_list>
<bind>
<opcode="read(1150) " fcode="read"/>
<opset="psum_72_load_reload_read/1 "/>
</bind>
</comp>

<comp id="1178" class="1004" name="psum_64_load_reload_read_read_fu_1178">
<pin_list>
<pin id="1179" dir="0" index="0" bw="16" slack="0"/>
<pin id="1180" dir="0" index="1" bw="16" slack="0"/>
<pin id="1181" dir="1" index="2" bw="16" slack="1"/>
</pin_list>
<bind>
<opcode="read(1150) " fcode="read"/>
<opset="psum_64_load_reload_read/1 "/>
</bind>
</comp>

<comp id="1184" class="1004" name="psum_56_load_reload_read_read_fu_1184">
<pin_list>
<pin id="1185" dir="0" index="0" bw="16" slack="0"/>
<pin id="1186" dir="0" index="1" bw="16" slack="0"/>
<pin id="1187" dir="1" index="2" bw="16" slack="1"/>
</pin_list>
<bind>
<opcode="read(1150) " fcode="read"/>
<opset="psum_56_load_reload_read/1 "/>
</bind>
</comp>

<comp id="1190" class="1004" name="psum_48_load_reload_read_read_fu_1190">
<pin_list>
<pin id="1191" dir="0" index="0" bw="16" slack="0"/>
<pin id="1192" dir="0" index="1" bw="16" slack="0"/>
<pin id="1193" dir="1" index="2" bw="16" slack="1"/>
</pin_list>
<bind>
<opcode="read(1150) " fcode="read"/>
<opset="psum_48_load_reload_read/1 "/>
</bind>
</comp>

<comp id="1196" class="1004" name="psum_40_load_reload_read_read_fu_1196">
<pin_list>
<pin id="1197" dir="0" index="0" bw="16" slack="0"/>
<pin id="1198" dir="0" index="1" bw="16" slack="0"/>
<pin id="1199" dir="1" index="2" bw="16" slack="1"/>
</pin_list>
<bind>
<opcode="read(1150) " fcode="read"/>
<opset="psum_40_load_reload_read/1 "/>
</bind>
</comp>

<comp id="1202" class="1004" name="psum_32_load_reload_read_read_fu_1202">
<pin_list>
<pin id="1203" dir="0" index="0" bw="16" slack="0"/>
<pin id="1204" dir="0" index="1" bw="16" slack="0"/>
<pin id="1205" dir="1" index="2" bw="16" slack="1"/>
</pin_list>
<bind>
<opcode="read(1150) " fcode="read"/>
<opset="psum_32_load_reload_read/1 "/>
</bind>
</comp>

<comp id="1208" class="1004" name="psum_24_load_reload_read_read_fu_1208">
<pin_list>
<pin id="1209" dir="0" index="0" bw="16" slack="0"/>
<pin id="1210" dir="0" index="1" bw="16" slack="0"/>
<pin id="1211" dir="1" index="2" bw="16" slack="1"/>
</pin_list>
<bind>
<opcode="read(1150) " fcode="read"/>
<opset="psum_24_load_reload_read/1 "/>
</bind>
</comp>

<comp id="1214" class="1004" name="psum_16_load_reload_read_read_fu_1214">
<pin_list>
<pin id="1215" dir="0" index="0" bw="16" slack="0"/>
<pin id="1216" dir="0" index="1" bw="16" slack="0"/>
<pin id="1217" dir="1" index="2" bw="16" slack="1"/>
</pin_list>
<bind>
<opcode="read(1150) " fcode="read"/>
<opset="psum_16_load_reload_read/1 "/>
</bind>
</comp>

<comp id="1220" class="1004" name="psum_8_load_reload_read_read_fu_1220">
<pin_list>
<pin id="1221" dir="0" index="0" bw="16" slack="0"/>
<pin id="1222" dir="0" index="1" bw="16" slack="0"/>
<pin id="1223" dir="1" index="2" bw="16" slack="1"/>
</pin_list>
<bind>
<opcode="read(1150) " fcode="read"/>
<opset="psum_8_load_reload_read/1 "/>
</bind>
</comp>

<comp id="1226" class="1004" name="psum_load_reload_read_read_fu_1226">
<pin_list>
<pin id="1227" dir="0" index="0" bw="16" slack="0"/>
<pin id="1228" dir="0" index="1" bw="16" slack="0"/>
<pin id="1229" dir="1" index="2" bw="16" slack="1"/>
</pin_list>
<bind>
<opcode="read(1150) " fcode="read"/>
<opset="psum_load_reload_read/1 "/>
</bind>
</comp>

<comp id="1232" class="1004" name="zext_ln201_read_read_fu_1232">
<pin_list>
<pin id="1233" dir="0" index="0" bw="6" slack="0"/>
<pin id="1234" dir="0" index="1" bw="6" slack="0"/>
<pin id="1235" dir="1" index="2" bw="6" slack="0"/>
</pin_list>
<bind>
<opcode="read(1150) " fcode="read"/>
<opset="zext_ln201_read/1 "/>
</bind>
</comp>

<comp id="1238" class="1004" name="sum_acc_read_read_fu_1238">
<pin_list>
<pin id="1239" dir="0" index="0" bw="32" slack="0"/>
<pin id="1240" dir="0" index="1" bw="32" slack="0"/>
<pin id="1241" dir="1" index="2" bw="32" slack="0"/>
</pin_list>
<bind>
<opcode="read(1150) " fcode="read"/>
<opset="sum_acc_read/23 "/>
</bind>
</comp>

<comp id="1244" class="1004" name="sum_acc_1_read_read_fu_1244">
<pin_list>
<pin id="1245" dir="0" index="0" bw="32" slack="0"/>
<pin id="1246" dir="0" index="1" bw="32" slack="0"/>
<pin id="1247" dir="1" index="2" bw="32" slack="0"/>
</pin_list>
<bind>
<opcode="read(1150) " fcode="read"/>
<opset="sum_acc_1_read/23 "/>
</bind>
</comp>

<comp id="1250" class="1004" name="sum_acc_2_read_read_fu_1250">
<pin_list>
<pin id="1251" dir="0" index="0" bw="32" slack="0"/>
<pin id="1252" dir="0" index="1" bw="32" slack="0"/>
<pin id="1253" dir="1" index="2" bw="32" slack="0"/>
</pin_list>
<bind>
<opcode="read(1150) " fcode="read"/>
<opset="sum_acc_2_read/23 "/>
</bind>
</comp>

<comp id="1256" class="1004" name="sum_acc_3_read_read_fu_1256">
<pin_list>
<pin id="1257" dir="0" index="0" bw="32" slack="0"/>
<pin id="1258" dir="0" index="1" bw="32" slack="0"/>
<pin id="1259" dir="1" index="2" bw="32" slack="0"/>
</pin_list>
<bind>
<opcode="read(1150) " fcode="read"/>
<opset="sum_acc_3_read/23 "/>
</bind>
</comp>

<comp id="1262" class="1004" name="sum_acc_4_read_read_fu_1262">
<pin_list>
<pin id="1263" dir="0" index="0" bw="32" slack="0"/>
<pin id="1264" dir="0" index="1" bw="32" slack="0"/>
<pin id="1265" dir="1" index="2" bw="32" slack="0"/>
</pin_list>
<bind>
<opcode="read(1150) " fcode="read"/>
<opset="sum_acc_4_read/23 "/>
</bind>
</comp>

<comp id="1268" class="1004" name="sum_acc_5_read_read_fu_1268">
<pin_list>
<pin id="1269" dir="0" index="0" bw="32" slack="0"/>
<pin id="1270" dir="0" index="1" bw="32" slack="0"/>
<pin id="1271" dir="1" index="2" bw="32" slack="0"/>
</pin_list>
<bind>
<opcode="read(1150) " fcode="read"/>
<opset="sum_acc_5_read/23 "/>
</bind>
</comp>

<comp id="1274" class="1004" name="sum_acc_6_read_read_fu_1274">
<pin_list>
<pin id="1275" dir="0" index="0" bw="32" slack="0"/>
<pin id="1276" dir="0" index="1" bw="32" slack="0"/>
<pin id="1277" dir="1" index="2" bw="32" slack="0"/>
</pin_list>
<bind>
<opcode="read(1150) " fcode="read"/>
<opset="sum_acc_6_read/23 "/>
</bind>
</comp>

<comp id="1280" class="1004" name="sum_acc_7_read_read_fu_1280">
<pin_list>
<pin id="1281" dir="0" index="0" bw="32" slack="0"/>
<pin id="1282" dir="0" index="1" bw="32" slack="0"/>
<pin id="1283" dir="1" index="2" bw="32" slack="0"/>
</pin_list>
<bind>
<opcode="read(1150) " fcode="read"/>
<opset="sum_acc_7_read/23 "/>
</bind>
</comp>

<comp id="1286" class="1004" name="sum_acc_8_read_read_fu_1286">
<pin_list>
<pin id="1287" dir="0" index="0" bw="32" slack="0"/>
<pin id="1288" dir="0" index="1" bw="32" slack="0"/>
<pin id="1289" dir="1" index="2" bw="32" slack="0"/>
</pin_list>
<bind>
<opcode="read(1150) " fcode="read"/>
<opset="sum_acc_8_read/23 "/>
</bind>
</comp>

<comp id="1292" class="1004" name="sum_acc_9_read_read_fu_1292">
<pin_list>
<pin id="1293" dir="0" index="0" bw="32" slack="0"/>
<pin id="1294" dir="0" index="1" bw="32" slack="0"/>
<pin id="1295" dir="1" index="2" bw="32" slack="0"/>
</pin_list>
<bind>
<opcode="read(1150) " fcode="read"/>
<opset="sum_acc_9_read/23 "/>
</bind>
</comp>

<comp id="1298" class="1004" name="sum_acc_10_read_read_fu_1298">
<pin_list>
<pin id="1299" dir="0" index="0" bw="32" slack="0"/>
<pin id="1300" dir="0" index="1" bw="32" slack="0"/>
<pin id="1301" dir="1" index="2" bw="32" slack="0"/>
</pin_list>
<bind>
<opcode="read(1150) " fcode="read"/>
<opset="sum_acc_10_read/23 "/>
</bind>
</comp>

<comp id="1304" class="1004" name="sum_acc_11_read_read_fu_1304">
<pin_list>
<pin id="1305" dir="0" index="0" bw="32" slack="0"/>
<pin id="1306" dir="0" index="1" bw="32" slack="0"/>
<pin id="1307" dir="1" index="2" bw="32" slack="0"/>
</pin_list>
<bind>
<opcode="read(1150) " fcode="read"/>
<opset="sum_acc_11_read/23 "/>
</bind>
</comp>

<comp id="1310" class="1004" name="sum_acc_12_read_read_fu_1310">
<pin_list>
<pin id="1311" dir="0" index="0" bw="32" slack="0"/>
<pin id="1312" dir="0" index="1" bw="32" slack="0"/>
<pin id="1313" dir="1" index="2" bw="32" slack="0"/>
</pin_list>
<bind>
<opcode="read(1150) " fcode="read"/>
<opset="sum_acc_12_read/23 "/>
</bind>
</comp>

<comp id="1316" class="1004" name="sum_acc_13_read_read_fu_1316">
<pin_list>
<pin id="1317" dir="0" index="0" bw="32" slack="0"/>
<pin id="1318" dir="0" index="1" bw="32" slack="0"/>
<pin id="1319" dir="1" index="2" bw="32" slack="0"/>
</pin_list>
<bind>
<opcode="read(1150) " fcode="read"/>
<opset="sum_acc_13_read/23 "/>
</bind>
</comp>

<comp id="1322" class="1004" name="sum_acc_14_read_read_fu_1322">
<pin_list>
<pin id="1323" dir="0" index="0" bw="32" slack="0"/>
<pin id="1324" dir="0" index="1" bw="32" slack="0"/>
<pin id="1325" dir="1" index="2" bw="32" slack="0"/>
</pin_list>
<bind>
<opcode="read(1150) " fcode="read"/>
<opset="sum_acc_14_read/23 "/>
</bind>
</comp>

<comp id="1328" class="1004" name="sum_acc_15_read_read_fu_1328">
<pin_list>
<pin id="1329" dir="0" index="0" bw="32" slack="0"/>
<pin id="1330" dir="0" index="1" bw="32" slack="0"/>
<pin id="1331" dir="1" index="2" bw="32" slack="0"/>
</pin_list>
<bind>
<opcode="read(1150) " fcode="read"/>
<opset="sum_acc_15_read/23 "/>
</bind>
</comp>

<comp id="1334" class="1004" name="sumsq_acc_read_read_fu_1334">
<pin_list>
<pin id="1335" dir="0" index="0" bw="32" slack="0"/>
<pin id="1336" dir="0" index="1" bw="32" slack="0"/>
<pin id="1337" dir="1" index="2" bw="32" slack="0"/>
</pin_list>
<bind>
<opcode="read(1150) " fcode="read"/>
<opset="sumsq_acc_read/29 "/>
</bind>
</comp>

<comp id="1340" class="1004" name="sumsq_acc_1_read_read_fu_1340">
<pin_list>
<pin id="1341" dir="0" index="0" bw="32" slack="0"/>
<pin id="1342" dir="0" index="1" bw="32" slack="0"/>
<pin id="1343" dir="1" index="2" bw="32" slack="0"/>
</pin_list>
<bind>
<opcode="read(1150) " fcode="read"/>
<opset="sumsq_acc_1_read/29 "/>
</bind>
</comp>

<comp id="1346" class="1004" name="sumsq_acc_2_read_read_fu_1346">
<pin_list>
<pin id="1347" dir="0" index="0" bw="32" slack="0"/>
<pin id="1348" dir="0" index="1" bw="32" slack="0"/>
<pin id="1349" dir="1" index="2" bw="32" slack="0"/>
</pin_list>
<bind>
<opcode="read(1150) " fcode="read"/>
<opset="sumsq_acc_2_read/29 "/>
</bind>
</comp>

<comp id="1352" class="1004" name="sumsq_acc_3_read_read_fu_1352">
<pin_list>
<pin id="1353" dir="0" index="0" bw="32" slack="0"/>
<pin id="1354" dir="0" index="1" bw="32" slack="0"/>
<pin id="1355" dir="1" index="2" bw="32" slack="0"/>
</pin_list>
<bind>
<opcode="read(1150) " fcode="read"/>
<opset="sumsq_acc_3_read/29 "/>
</bind>
</comp>

<comp id="1358" class="1004" name="sumsq_acc_4_read_read_fu_1358">
<pin_list>
<pin id="1359" dir="0" index="0" bw="32" slack="0"/>
<pin id="1360" dir="0" index="1" bw="32" slack="0"/>
<pin id="1361" dir="1" index="2" bw="32" slack="0"/>
</pin_list>
<bind>
<opcode="read(1150) " fcode="read"/>
<opset="sumsq_acc_4_read/29 "/>
</bind>
</comp>

<comp id="1364" class="1004" name="sumsq_acc_5_read_read_fu_1364">
<pin_list>
<pin id="1365" dir="0" index="0" bw="32" slack="0"/>
<pin id="1366" dir="0" index="1" bw="32" slack="0"/>
<pin id="1367" dir="1" index="2" bw="32" slack="0"/>
</pin_list>
<bind>
<opcode="read(1150) " fcode="read"/>
<opset="sumsq_acc_5_read/29 "/>
</bind>
</comp>

<comp id="1370" class="1004" name="sumsq_acc_6_read_read_fu_1370">
<pin_list>
<pin id="1371" dir="0" index="0" bw="32" slack="0"/>
<pin id="1372" dir="0" index="1" bw="32" slack="0"/>
<pin id="1373" dir="1" index="2" bw="32" slack="0"/>
</pin_list>
<bind>
<opcode="read(1150) " fcode="read"/>
<opset="sumsq_acc_6_read/29 "/>
</bind>
</comp>

<comp id="1376" class="1004" name="sumsq_acc_7_read_read_fu_1376">
<pin_list>
<pin id="1377" dir="0" index="0" bw="32" slack="0"/>
<pin id="1378" dir="0" index="1" bw="32" slack="0"/>
<pin id="1379" dir="1" index="2" bw="32" slack="0"/>
</pin_list>
<bind>
<opcode="read(1150) " fcode="read"/>
<opset="sumsq_acc_7_read/29 "/>
</bind>
</comp>

<comp id="1382" class="1004" name="sumsq_acc_8_read_read_fu_1382">
<pin_list>
<pin id="1383" dir="0" index="0" bw="32" slack="0"/>
<pin id="1384" dir="0" index="1" bw="32" slack="0"/>
<pin id="1385" dir="1" index="2" bw="32" slack="0"/>
</pin_list>
<bind>
<opcode="read(1150) " fcode="read"/>
<opset="sumsq_acc_8_read/29 "/>
</bind>
</comp>

<comp id="1388" class="1004" name="sumsq_acc_9_read_read_fu_1388">
<pin_list>
<pin id="1389" dir="0" index="0" bw="32" slack="0"/>
<pin id="1390" dir="0" index="1" bw="32" slack="0"/>
<pin id="1391" dir="1" index="2" bw="32" slack="0"/>
</pin_list>
<bind>
<opcode="read(1150) " fcode="read"/>
<opset="sumsq_acc_9_read/29 "/>
</bind>
</comp>

<comp id="1394" class="1004" name="sumsq_acc_10_read_read_fu_1394">
<pin_list>
<pin id="1395" dir="0" index="0" bw="32" slack="0"/>
<pin id="1396" dir="0" index="1" bw="32" slack="0"/>
<pin id="1397" dir="1" index="2" bw="32" slack="0"/>
</pin_list>
<bind>
<opcode="read(1150) " fcode="read"/>
<opset="sumsq_acc_10_read/29 "/>
</bind>
</comp>

<comp id="1400" class="1004" name="sumsq_acc_11_read_read_fu_1400">
<pin_list>
<pin id="1401" dir="0" index="0" bw="32" slack="0"/>
<pin id="1402" dir="0" index="1" bw="32" slack="0"/>
<pin id="1403" dir="1" index="2" bw="32" slack="0"/>
</pin_list>
<bind>
<opcode="read(1150) " fcode="read"/>
<opset="sumsq_acc_11_read/29 "/>
</bind>
</comp>

<comp id="1406" class="1004" name="sumsq_acc_12_read_read_fu_1406">
<pin_list>
<pin id="1407" dir="0" index="0" bw="32" slack="0"/>
<pin id="1408" dir="0" index="1" bw="32" slack="0"/>
<pin id="1409" dir="1" index="2" bw="32" slack="0"/>
</pin_list>
<bind>
<opcode="read(1150) " fcode="read"/>
<opset="sumsq_acc_12_read/29 "/>
</bind>
</comp>

<comp id="1412" class="1004" name="sumsq_acc_13_read_read_fu_1412">
<pin_list>
<pin id="1413" dir="0" index="0" bw="32" slack="0"/>
<pin id="1414" dir="0" index="1" bw="32" slack="0"/>
<pin id="1415" dir="1" index="2" bw="32" slack="0"/>
</pin_list>
<bind>
<opcode="read(1150) " fcode="read"/>
<opset="sumsq_acc_13_read/29 "/>
</bind>
</comp>

<comp id="1418" class="1004" name="sumsq_acc_14_read_read_fu_1418">
<pin_list>
<pin id="1419" dir="0" index="0" bw="32" slack="0"/>
<pin id="1420" dir="0" index="1" bw="32" slack="0"/>
<pin id="1421" dir="1" index="2" bw="32" slack="0"/>
</pin_list>
<bind>
<opcode="read(1150) " fcode="read"/>
<opset="sumsq_acc_14_read/29 "/>
</bind>
</comp>

<comp id="1424" class="1004" name="sumsq_acc_15_read_read_fu_1424">
<pin_list>
<pin id="1425" dir="0" index="0" bw="32" slack="0"/>
<pin id="1426" dir="0" index="1" bw="32" slack="0"/>
<pin id="1427" dir="1" index="2" bw="32" slack="0"/>
</pin_list>
<bind>
<opcode="read(1150) " fcode="read"/>
<opset="sumsq_acc_15_read/29 "/>
</bind>
</comp>

<comp id="1430" class="1004" name="write_ln326_write_fu_1430">
<pin_list>
<pin id="1431" dir="0" index="0" bw="0" slack="0"/>
<pin id="1432" dir="0" index="1" bw="32" slack="0"/>
<pin id="1433" dir="0" index="2" bw="32" slack="0"/>
<pin id="1434" dir="1" index="3" bw="0" slack="2147483647"/>
</pin_list>
<bind>
<opcode="write(1151) " fcode="write"/>
<opset="write_ln326/33 "/>
</bind>
</comp>

<comp id="1437" class="1004" name="write_ln326_write_fu_1437">
<pin_list>
<pin id="1438" dir="0" index="0" bw="0" slack="0"/>
<pin id="1439" dir="0" index="1" bw="32" slack="0"/>
<pin id="1440" dir="0" index="2" bw="32" slack="0"/>
<pin id="1441" dir="1" index="3" bw="0" slack="2147483647"/>
</pin_list>
<bind>
<opcode="write(1151) " fcode="write"/>
<opset="write_ln326/33 "/>
</bind>
</comp>

<comp id="1444" class="1004" name="write_ln326_write_fu_1444">
<pin_list>
<pin id="1445" dir="0" index="0" bw="0" slack="0"/>
<pin id="1446" dir="0" index="1" bw="32" slack="0"/>
<pin id="1447" dir="0" index="2" bw="32" slack="0"/>
<pin id="1448" dir="1" index="3" bw="0" slack="2147483647"/>
</pin_list>
<bind>
<opcode="write(1151) " fcode="write"/>
<opset="write_ln326/33 "/>
</bind>
</comp>

<comp id="1451" class="1004" name="write_ln326_write_fu_1451">
<pin_list>
<pin id="1452" dir="0" index="0" bw="0" slack="0"/>
<pin id="1453" dir="0" index="1" bw="32" slack="0"/>
<pin id="1454" dir="0" index="2" bw="32" slack="0"/>
<pin id="1455" dir="1" index="3" bw="0" slack="2147483647"/>
</pin_list>
<bind>
<opcode="write(1151) " fcode="write"/>
<opset="write_ln326/33 "/>
</bind>
</comp>

<comp id="1458" class="1004" name="write_ln326_write_fu_1458">
<pin_list>
<pin id="1459" dir="0" index="0" bw="0" slack="0"/>
<pin id="1460" dir="0" index="1" bw="32" slack="0"/>
<pin id="1461" dir="0" index="2" bw="32" slack="0"/>
<pin id="1462" dir="1" index="3" bw="0" slack="2147483647"/>
</pin_list>
<bind>
<opcode="write(1151) " fcode="write"/>
<opset="write_ln326/33 "/>
</bind>
</comp>

<comp id="1465" class="1004" name="write_ln326_write_fu_1465">
<pin_list>
<pin id="1466" dir="0" index="0" bw="0" slack="0"/>
<pin id="1467" dir="0" index="1" bw="32" slack="0"/>
<pin id="1468" dir="0" index="2" bw="32" slack="0"/>
<pin id="1469" dir="1" index="3" bw="0" slack="2147483647"/>
</pin_list>
<bind>
<opcode="write(1151) " fcode="write"/>
<opset="write_ln326/33 "/>
</bind>
</comp>

<comp id="1472" class="1004" name="write_ln326_write_fu_1472">
<pin_list>
<pin id="1473" dir="0" index="0" bw="0" slack="0"/>
<pin id="1474" dir="0" index="1" bw="32" slack="0"/>
<pin id="1475" dir="0" index="2" bw="32" slack="0"/>
<pin id="1476" dir="1" index="3" bw="0" slack="2147483647"/>
</pin_list>
<bind>
<opcode="write(1151) " fcode="write"/>
<opset="write_ln326/33 "/>
</bind>
</comp>

<comp id="1479" class="1004" name="write_ln326_write_fu_1479">
<pin_list>
<pin id="1480" dir="0" index="0" bw="0" slack="0"/>
<pin id="1481" dir="0" index="1" bw="32" slack="0"/>
<pin id="1482" dir="0" index="2" bw="32" slack="0"/>
<pin id="1483" dir="1" index="3" bw="0" slack="2147483647"/>
</pin_list>
<bind>
<opcode="write(1151) " fcode="write"/>
<opset="write_ln326/33 "/>
</bind>
</comp>

<comp id="1486" class="1004" name="write_ln326_write_fu_1486">
<pin_list>
<pin id="1487" dir="0" index="0" bw="0" slack="0"/>
<pin id="1488" dir="0" index="1" bw="32" slack="0"/>
<pin id="1489" dir="0" index="2" bw="32" slack="0"/>
<pin id="1490" dir="1" index="3" bw="0" slack="2147483647"/>
</pin_list>
<bind>
<opcode="write(1151) " fcode="write"/>
<opset="write_ln326/33 "/>
</bind>
</comp>

<comp id="1493" class="1004" name="write_ln326_write_fu_1493">
<pin_list>
<pin id="1494" dir="0" index="0" bw="0" slack="0"/>
<pin id="1495" dir="0" index="1" bw="32" slack="0"/>
<pin id="1496" dir="0" index="2" bw="32" slack="0"/>
<pin id="1497" dir="1" index="3" bw="0" slack="2147483647"/>
</pin_list>
<bind>
<opcode="write(1151) " fcode="write"/>
<opset="write_ln326/33 "/>
</bind>
</comp>

<comp id="1500" class="1004" name="write_ln326_write_fu_1500">
<pin_list>
<pin id="1501" dir="0" index="0" bw="0" slack="0"/>
<pin id="1502" dir="0" index="1" bw="32" slack="0"/>
<pin id="1503" dir="0" index="2" bw="32" slack="0"/>
<pin id="1504" dir="1" index="3" bw="0" slack="2147483647"/>
</pin_list>
<bind>
<opcode="write(1151) " fcode="write"/>
<opset="write_ln326/33 "/>
</bind>
</comp>

<comp id="1507" class="1004" name="write_ln326_write_fu_1507">
<pin_list>
<pin id="1508" dir="0" index="0" bw="0" slack="0"/>
<pin id="1509" dir="0" index="1" bw="32" slack="0"/>
<pin id="1510" dir="0" index="2" bw="32" slack="0"/>
<pin id="1511" dir="1" index="3" bw="0" slack="2147483647"/>
</pin_list>
<bind>
<opcode="write(1151) " fcode="write"/>
<opset="write_ln326/33 "/>
</bind>
</comp>

<comp id="1514" class="1004" name="write_ln326_write_fu_1514">
<pin_list>
<pin id="1515" dir="0" index="0" bw="0" slack="0"/>
<pin id="1516" dir="0" index="1" bw="32" slack="0"/>
<pin id="1517" dir="0" index="2" bw="32" slack="0"/>
<pin id="1518" dir="1" index="3" bw="0" slack="2147483647"/>
</pin_list>
<bind>
<opcode="write(1151) " fcode="write"/>
<opset="write_ln326/33 "/>
</bind>
</comp>

<comp id="1521" class="1004" name="write_ln326_write_fu_1521">
<pin_list>
<pin id="1522" dir="0" index="0" bw="0" slack="0"/>
<pin id="1523" dir="0" index="1" bw="32" slack="0"/>
<pin id="1524" dir="0" index="2" bw="32" slack="0"/>
<pin id="1525" dir="1" index="3" bw="0" slack="2147483647"/>
</pin_list>
<bind>
<opcode="write(1151) " fcode="write"/>
<opset="write_ln326/33 "/>
</bind>
</comp>

<comp id="1528" class="1004" name="write_ln326_write_fu_1528">
<pin_list>
<pin id="1529" dir="0" index="0" bw="0" slack="0"/>
<pin id="1530" dir="0" index="1" bw="32" slack="0"/>
<pin id="1531" dir="0" index="2" bw="32" slack="0"/>
<pin id="1532" dir="1" index="3" bw="0" slack="2147483647"/>
</pin_list>
<bind>
<opcode="write(1151) " fcode="write"/>
<opset="write_ln326/33 "/>
</bind>
</comp>

<comp id="1535" class="1004" name="write_ln326_write_fu_1535">
<pin_list>
<pin id="1536" dir="0" index="0" bw="0" slack="0"/>
<pin id="1537" dir="0" index="1" bw="32" slack="0"/>
<pin id="1538" dir="0" index="2" bw="32" slack="0"/>
<pin id="1539" dir="1" index="3" bw="0" slack="2147483647"/>
</pin_list>
<bind>
<opcode="write(1151) " fcode="write"/>
<opset="write_ln326/33 "/>
</bind>
</comp>

<comp id="1542" class="1004" name="write_ln327_write_fu_1542">
<pin_list>
<pin id="1543" dir="0" index="0" bw="0" slack="0"/>
<pin id="1544" dir="0" index="1" bw="32" slack="0"/>
<pin id="1545" dir="0" index="2" bw="32" slack="0"/>
<pin id="1546" dir="1" index="3" bw="0" slack="2147483647"/>
</pin_list>
<bind>
<opcode="write(1151) " fcode="write"/>
<opset="write_ln327/39 "/>
</bind>
</comp>

<comp id="1549" class="1004" name="write_ln327_write_fu_1549">
<pin_list>
<pin id="1550" dir="0" index="0" bw="0" slack="0"/>
<pin id="1551" dir="0" index="1" bw="32" slack="0"/>
<pin id="1552" dir="0" index="2" bw="32" slack="0"/>
<pin id="1553" dir="1" index="3" bw="0" slack="2147483647"/>
</pin_list>
<bind>
<opcode="write(1151) " fcode="write"/>
<opset="write_ln327/39 "/>
</bind>
</comp>

<comp id="1556" class="1004" name="write_ln327_write_fu_1556">
<pin_list>
<pin id="1557" dir="0" index="0" bw="0" slack="0"/>
<pin id="1558" dir="0" index="1" bw="32" slack="0"/>
<pin id="1559" dir="0" index="2" bw="32" slack="0"/>
<pin id="1560" dir="1" index="3" bw="0" slack="2147483647"/>
</pin_list>
<bind>
<opcode="write(1151) " fcode="write"/>
<opset="write_ln327/39 "/>
</bind>
</comp>

<comp id="1563" class="1004" name="write_ln327_write_fu_1563">
<pin_list>
<pin id="1564" dir="0" index="0" bw="0" slack="0"/>
<pin id="1565" dir="0" index="1" bw="32" slack="0"/>
<pin id="1566" dir="0" index="2" bw="32" slack="0"/>
<pin id="1567" dir="1" index="3" bw="0" slack="2147483647"/>
</pin_list>
<bind>
<opcode="write(1151) " fcode="write"/>
<opset="write_ln327/39 "/>
</bind>
</comp>

<comp id="1570" class="1004" name="write_ln327_write_fu_1570">
<pin_list>
<pin id="1571" dir="0" index="0" bw="0" slack="0"/>
<pin id="1572" dir="0" index="1" bw="32" slack="0"/>
<pin id="1573" dir="0" index="2" bw="32" slack="0"/>
<pin id="1574" dir="1" index="3" bw="0" slack="2147483647"/>
</pin_list>
<bind>
<opcode="write(1151) " fcode="write"/>
<opset="write_ln327/39 "/>
</bind>
</comp>

<comp id="1577" class="1004" name="write_ln327_write_fu_1577">
<pin_list>
<pin id="1578" dir="0" index="0" bw="0" slack="0"/>
<pin id="1579" dir="0" index="1" bw="32" slack="0"/>
<pin id="1580" dir="0" index="2" bw="32" slack="0"/>
<pin id="1581" dir="1" index="3" bw="0" slack="2147483647"/>
</pin_list>
<bind>
<opcode="write(1151) " fcode="write"/>
<opset="write_ln327/39 "/>
</bind>
</comp>

<comp id="1584" class="1004" name="write_ln327_write_fu_1584">
<pin_list>
<pin id="1585" dir="0" index="0" bw="0" slack="0"/>
<pin id="1586" dir="0" index="1" bw="32" slack="0"/>
<pin id="1587" dir="0" index="2" bw="32" slack="0"/>
<pin id="1588" dir="1" index="3" bw="0" slack="2147483647"/>
</pin_list>
<bind>
<opcode="write(1151) " fcode="write"/>
<opset="write_ln327/39 "/>
</bind>
</comp>

<comp id="1591" class="1004" name="write_ln327_write_fu_1591">
<pin_list>
<pin id="1592" dir="0" index="0" bw="0" slack="0"/>
<pin id="1593" dir="0" index="1" bw="32" slack="0"/>
<pin id="1594" dir="0" index="2" bw="32" slack="0"/>
<pin id="1595" dir="1" index="3" bw="0" slack="2147483647"/>
</pin_list>
<bind>
<opcode="write(1151) " fcode="write"/>
<opset="write_ln327/39 "/>
</bind>
</comp>

<comp id="1598" class="1004" name="write_ln327_write_fu_1598">
<pin_list>
<pin id="1599" dir="0" index="0" bw="0" slack="0"/>
<pin id="1600" dir="0" index="1" bw="32" slack="0"/>
<pin id="1601" dir="0" index="2" bw="32" slack="0"/>
<pin id="1602" dir="1" index="3" bw="0" slack="2147483647"/>
</pin_list>
<bind>
<opcode="write(1151) " fcode="write"/>
<opset="write_ln327/39 "/>
</bind>
</comp>

<comp id="1605" class="1004" name="write_ln327_write_fu_1605">
<pin_list>
<pin id="1606" dir="0" index="0" bw="0" slack="0"/>
<pin id="1607" dir="0" index="1" bw="32" slack="0"/>
<pin id="1608" dir="0" index="2" bw="32" slack="0"/>
<pin id="1609" dir="1" index="3" bw="0" slack="2147483647"/>
</pin_list>
<bind>
<opcode="write(1151) " fcode="write"/>
<opset="write_ln327/39 "/>
</bind>
</comp>

<comp id="1612" class="1004" name="write_ln327_write_fu_1612">
<pin_list>
<pin id="1613" dir="0" index="0" bw="0" slack="0"/>
<pin id="1614" dir="0" index="1" bw="32" slack="0"/>
<pin id="1615" dir="0" index="2" bw="32" slack="0"/>
<pin id="1616" dir="1" index="3" bw="0" slack="2147483647"/>
</pin_list>
<bind>
<opcode="write(1151) " fcode="write"/>
<opset="write_ln327/39 "/>
</bind>
</comp>

<comp id="1619" class="1004" name="write_ln327_write_fu_1619">
<pin_list>
<pin id="1620" dir="0" index="0" bw="0" slack="0"/>
<pin id="1621" dir="0" index="1" bw="32" slack="0"/>
<pin id="1622" dir="0" index="2" bw="32" slack="0"/>
<pin id="1623" dir="1" index="3" bw="0" slack="2147483647"/>
</pin_list>
<bind>
<opcode="write(1151) " fcode="write"/>
<opset="write_ln327/39 "/>
</bind>
</comp>

<comp id="1626" class="1004" name="write_ln327_write_fu_1626">
<pin_list>
<pin id="1627" dir="0" index="0" bw="0" slack="0"/>
<pin id="1628" dir="0" index="1" bw="32" slack="0"/>
<pin id="1629" dir="0" index="2" bw="32" slack="0"/>
<pin id="1630" dir="1" index="3" bw="0" slack="2147483647"/>
</pin_list>
<bind>
<opcode="write(1151) " fcode="write"/>
<opset="write_ln327/39 "/>
</bind>
</comp>

<comp id="1633" class="1004" name="write_ln327_write_fu_1633">
<pin_list>
<pin id="1634" dir="0" index="0" bw="0" slack="0"/>
<pin id="1635" dir="0" index="1" bw="32" slack="0"/>
<pin id="1636" dir="0" index="2" bw="32" slack="0"/>
<pin id="1637" dir="1" index="3" bw="0" slack="2147483647"/>
</pin_list>
<bind>
<opcode="write(1151) " fcode="write"/>
<opset="write_ln327/39 "/>
</bind>
</comp>

<comp id="1640" class="1004" name="write_ln327_write_fu_1640">
<pin_list>
<pin id="1641" dir="0" index="0" bw="0" slack="0"/>
<pin id="1642" dir="0" index="1" bw="32" slack="0"/>
<pin id="1643" dir="0" index="2" bw="32" slack="0"/>
<pin id="1644" dir="1" index="3" bw="0" slack="2147483647"/>
</pin_list>
<bind>
<opcode="write(1151) " fcode="write"/>
<opset="write_ln327/39 "/>
</bind>
</comp>

<comp id="1647" class="1004" name="write_ln327_write_fu_1647">
<pin_list>
<pin id="1648" dir="0" index="0" bw="0" slack="0"/>
<pin id="1649" dir="0" index="1" bw="32" slack="0"/>
<pin id="1650" dir="0" index="2" bw="32" slack="0"/>
<pin id="1651" dir="1" index="3" bw="0" slack="2147483647"/>
</pin_list>
<bind>
<opcode="write(1151) " fcode="write"/>
<opset="write_ln327/39 "/>
</bind>
</comp>

<comp id="1654" class="1004" name="y_cache_16_0_addr_gep_fu_1654">
<pin_list>
<pin id="1655" dir="0" index="0" bw="16" slack="0"/>
<pin id="1656" dir="0" index="1" bw="1" slack="0"/>
<pin id="1657" dir="0" index="2" bw="10" slack="0"/>
<pin id="1658" dir="1" index="3" bw="10" slack="0"/>
</pin_list>
<bind>
<opcode="getelementptr(29) " fcode="getelementptr"/>
<opset="y_cache_16_0_addr/22 "/>
</bind>
</comp>

<comp id="1661" class="1004" name="y_cache_16_1_addr_gep_fu_1661">
<pin_list>
<pin id="1662" dir="0" index="0" bw="16" slack="0"/>
<pin id="1663" dir="0" index="1" bw="1" slack="0"/>
<pin id="1664" dir="0" index="2" bw="10" slack="0"/>
<pin id="1665" dir="1" index="3" bw="10" slack="0"/>
</pin_list>
<bind>
<opcode="getelementptr(29) " fcode="getelementptr"/>
<opset="y_cache_16_1_addr/22 "/>
</bind>
</comp>

<comp id="1668" class="1004" name="y_cache_16_2_addr_gep_fu_1668">
<pin_list>
<pin id="1669" dir="0" index="0" bw="16" slack="0"/>
<pin id="1670" dir="0" index="1" bw="1" slack="0"/>
<pin id="1671" dir="0" index="2" bw="10" slack="0"/>
<pin id="1672" dir="1" index="3" bw="10" slack="0"/>
</pin_list>
<bind>
<opcode="getelementptr(29) " fcode="getelementptr"/>
<opset="y_cache_16_2_addr/22 "/>
</bind>
</comp>

<comp id="1675" class="1004" name="y_cache_16_3_addr_gep_fu_1675">
<pin_list>
<pin id="1676" dir="0" index="0" bw="16" slack="0"/>
<pin id="1677" dir="0" index="1" bw="1" slack="0"/>
<pin id="1678" dir="0" index="2" bw="10" slack="0"/>
<pin id="1679" dir="1" index="3" bw="10" slack="0"/>
</pin_list>
<bind>
<opcode="getelementptr(29) " fcode="getelementptr"/>
<opset="y_cache_16_3_addr/22 "/>
</bind>
</comp>

<comp id="1682" class="1004" name="y_cache_16_4_addr_gep_fu_1682">
<pin_list>
<pin id="1683" dir="0" index="0" bw="16" slack="0"/>
<pin id="1684" dir="0" index="1" bw="1" slack="0"/>
<pin id="1685" dir="0" index="2" bw="10" slack="0"/>
<pin id="1686" dir="1" index="3" bw="10" slack="0"/>
</pin_list>
<bind>
<opcode="getelementptr(29) " fcode="getelementptr"/>
<opset="y_cache_16_4_addr/22 "/>
</bind>
</comp>

<comp id="1689" class="1004" name="y_cache_16_5_addr_gep_fu_1689">
<pin_list>
<pin id="1690" dir="0" index="0" bw="16" slack="0"/>
<pin id="1691" dir="0" index="1" bw="1" slack="0"/>
<pin id="1692" dir="0" index="2" bw="10" slack="0"/>
<pin id="1693" dir="1" index="3" bw="10" slack="0"/>
</pin_list>
<bind>
<opcode="getelementptr(29) " fcode="getelementptr"/>
<opset="y_cache_16_5_addr/22 "/>
</bind>
</comp>

<comp id="1696" class="1004" name="y_cache_16_6_addr_gep_fu_1696">
<pin_list>
<pin id="1697" dir="0" index="0" bw="16" slack="0"/>
<pin id="1698" dir="0" index="1" bw="1" slack="0"/>
<pin id="1699" dir="0" index="2" bw="10" slack="0"/>
<pin id="1700" dir="1" index="3" bw="10" slack="0"/>
</pin_list>
<bind>
<opcode="getelementptr(29) " fcode="getelementptr"/>
<opset="y_cache_16_6_addr/22 "/>
</bind>
</comp>

<comp id="1703" class="1004" name="y_cache_16_7_addr_gep_fu_1703">
<pin_list>
<pin id="1704" dir="0" index="0" bw="16" slack="0"/>
<pin id="1705" dir="0" index="1" bw="1" slack="0"/>
<pin id="1706" dir="0" index="2" bw="10" slack="0"/>
<pin id="1707" dir="1" index="3" bw="10" slack="0"/>
</pin_list>
<bind>
<opcode="getelementptr(29) " fcode="getelementptr"/>
<opset="y_cache_16_7_addr/22 "/>
</bind>
</comp>

<comp id="1710" class="1004" name="y_cache_16_8_addr_gep_fu_1710">
<pin_list>
<pin id="1711" dir="0" index="0" bw="16" slack="0"/>
<pin id="1712" dir="0" index="1" bw="1" slack="0"/>
<pin id="1713" dir="0" index="2" bw="10" slack="0"/>
<pin id="1714" dir="1" index="3" bw="10" slack="0"/>
</pin_list>
<bind>
<opcode="getelementptr(29) " fcode="getelementptr"/>
<opset="y_cache_16_8_addr/22 "/>
</bind>
</comp>

<comp id="1717" class="1004" name="y_cache_16_9_addr_gep_fu_1717">
<pin_list>
<pin id="1718" dir="0" index="0" bw="16" slack="0"/>
<pin id="1719" dir="0" index="1" bw="1" slack="0"/>
<pin id="1720" dir="0" index="2" bw="10" slack="0"/>
<pin id="1721" dir="1" index="3" bw="10" slack="0"/>
</pin_list>
<bind>
<opcode="getelementptr(29) " fcode="getelementptr"/>
<opset="y_cache_16_9_addr/22 "/>
</bind>
</comp>

<comp id="1724" class="1004" name="y_cache_16_10_addr_gep_fu_1724">
<pin_list>
<pin id="1725" dir="0" index="0" bw="16" slack="0"/>
<pin id="1726" dir="0" index="1" bw="1" slack="0"/>
<pin id="1727" dir="0" index="2" bw="10" slack="0"/>
<pin id="1728" dir="1" index="3" bw="10" slack="0"/>
</pin_list>
<bind>
<opcode="getelementptr(29) " fcode="getelementptr"/>
<opset="y_cache_16_10_addr/22 "/>
</bind>
</comp>

<comp id="1731" class="1004" name="y_cache_16_11_addr_gep_fu_1731">
<pin_list>
<pin id="1732" dir="0" index="0" bw="16" slack="0"/>
<pin id="1733" dir="0" index="1" bw="1" slack="0"/>
<pin id="1734" dir="0" index="2" bw="10" slack="0"/>
<pin id="1735" dir="1" index="3" bw="10" slack="0"/>
</pin_list>
<bind>
<opcode="getelementptr(29) " fcode="getelementptr"/>
<opset="y_cache_16_11_addr/22 "/>
</bind>
</comp>

<comp id="1738" class="1004" name="y_cache_16_12_addr_gep_fu_1738">
<pin_list>
<pin id="1739" dir="0" index="0" bw="16" slack="0"/>
<pin id="1740" dir="0" index="1" bw="1" slack="0"/>
<pin id="1741" dir="0" index="2" bw="10" slack="0"/>
<pin id="1742" dir="1" index="3" bw="10" slack="0"/>
</pin_list>
<bind>
<opcode="getelementptr(29) " fcode="getelementptr"/>
<opset="y_cache_16_12_addr/22 "/>
</bind>
</comp>

<comp id="1745" class="1004" name="y_cache_16_13_addr_gep_fu_1745">
<pin_list>
<pin id="1746" dir="0" index="0" bw="16" slack="0"/>
<pin id="1747" dir="0" index="1" bw="1" slack="0"/>
<pin id="1748" dir="0" index="2" bw="10" slack="0"/>
<pin id="1749" dir="1" index="3" bw="10" slack="0"/>
</pin_list>
<bind>
<opcode="getelementptr(29) " fcode="getelementptr"/>
<opset="y_cache_16_13_addr/22 "/>
</bind>
</comp>

<comp id="1752" class="1004" name="y_cache_16_14_addr_gep_fu_1752">
<pin_list>
<pin id="1753" dir="0" index="0" bw="16" slack="0"/>
<pin id="1754" dir="0" index="1" bw="1" slack="0"/>
<pin id="1755" dir="0" index="2" bw="10" slack="0"/>
<pin id="1756" dir="1" index="3" bw="10" slack="0"/>
</pin_list>
<bind>
<opcode="getelementptr(29) " fcode="getelementptr"/>
<opset="y_cache_16_14_addr/22 "/>
</bind>
</comp>

<comp id="1759" class="1004" name="y_cache_16_15_addr_gep_fu_1759">
<pin_list>
<pin id="1760" dir="0" index="0" bw="16" slack="0"/>
<pin id="1761" dir="0" index="1" bw="1" slack="0"/>
<pin id="1762" dir="0" index="2" bw="10" slack="0"/>
<pin id="1763" dir="1" index="3" bw="10" slack="0"/>
</pin_list>
<bind>
<opcode="getelementptr(29) " fcode="getelementptr"/>
<opset="y_cache_16_15_addr/22 "/>
</bind>
</comp>

<comp id="1766" class="1004" name="store_ln323_access_fu_1766">
<pin_list>
<pin id="1767" dir="0" index="0" bw="10" slack="2147483647"/>
<pin id="1768" dir="0" index="1" bw="16" slack="2147483647"/>
<pin id="1769" dir="0" index="2" bw="0" slack="0"/>
<pin id="1771" dir="0" index="4" bw="10" slack="1"/>
<pin id="1772" dir="0" index="5" bw="16" slack="2147483647"/>
<pin id="1773" dir="0" index="6" bw="0" slack="2147483647"/>
<pin id="1770" dir="1" index="3" bw="16" slack="2147483647"/>
<pin id="1774" dir="1" index="7" bw="16" slack="2147483647"/>
</pin_list>
<bind>
<opcode="store(28) " fcode="store"/>
<opset="store_ln323/22 "/>
</bind>
</comp>

<comp id="1776" class="1004" name="store_ln323_access_fu_1776">
<pin_list>
<pin id="1777" dir="0" index="0" bw="10" slack="2147483647"/>
<pin id="1778" dir="0" index="1" bw="16" slack="2147483647"/>
<pin id="1779" dir="0" index="2" bw="0" slack="0"/>
<pin id="1781" dir="0" index="4" bw="10" slack="1"/>
<pin id="1782" dir="0" index="5" bw="16" slack="2147483647"/>
<pin id="1783" dir="0" index="6" bw="0" slack="2147483647"/>
<pin id="1780" dir="1" index="3" bw="16" slack="2147483647"/>
<pin id="1784" dir="1" index="7" bw="16" slack="2147483647"/>
</pin_list>
<bind>
<opcode="store(28) " fcode="store"/>
<opset="store_ln323/22 "/>
</bind>
</comp>

<comp id="1786" class="1004" name="store_ln323_access_fu_1786">
<pin_list>
<pin id="1787" dir="0" index="0" bw="10" slack="2147483647"/>
<pin id="1788" dir="0" index="1" bw="16" slack="2147483647"/>
<pin id="1789" dir="0" index="2" bw="0" slack="0"/>
<pin id="1791" dir="0" index="4" bw="10" slack="1"/>
<pin id="1792" dir="0" index="5" bw="16" slack="2147483647"/>
<pin id="1793" dir="0" index="6" bw="0" slack="2147483647"/>
<pin id="1790" dir="1" index="3" bw="16" slack="2147483647"/>
<pin id="1794" dir="1" index="7" bw="16" slack="2147483647"/>
</pin_list>
<bind>
<opcode="store(28) " fcode="store"/>
<opset="store_ln323/22 "/>
</bind>
</comp>

<comp id="1796" class="1004" name="store_ln323_access_fu_1796">
<pin_list>
<pin id="1797" dir="0" index="0" bw="10" slack="2147483647"/>
<pin id="1798" dir="0" index="1" bw="16" slack="2147483647"/>
<pin id="1799" dir="0" index="2" bw="0" slack="0"/>
<pin id="1801" dir="0" index="4" bw="10" slack="1"/>
<pin id="1802" dir="0" index="5" bw="16" slack="2147483647"/>
<pin id="1803" dir="0" index="6" bw="0" slack="2147483647"/>
<pin id="1800" dir="1" index="3" bw="16" slack="2147483647"/>
<pin id="1804" dir="1" index="7" bw="16" slack="2147483647"/>
</pin_list>
<bind>
<opcode="store(28) " fcode="store"/>
<opset="store_ln323/22 "/>
</bind>
</comp>

<comp id="1806" class="1004" name="store_ln323_access_fu_1806">
<pin_list>
<pin id="1807" dir="0" index="0" bw="10" slack="2147483647"/>
<pin id="1808" dir="0" index="1" bw="16" slack="2147483647"/>
<pin id="1809" dir="0" index="2" bw="0" slack="0"/>
<pin id="1811" dir="0" index="4" bw="10" slack="1"/>
<pin id="1812" dir="0" index="5" bw="16" slack="2147483647"/>
<pin id="1813" dir="0" index="6" bw="0" slack="2147483647"/>
<pin id="1810" dir="1" index="3" bw="16" slack="2147483647"/>
<pin id="1814" dir="1" index="7" bw="16" slack="2147483647"/>
</pin_list>
<bind>
<opcode="store(28) " fcode="store"/>
<opset="store_ln323/22 "/>
</bind>
</comp>

<comp id="1816" class="1004" name="store_ln323_access_fu_1816">
<pin_list>
<pin id="1817" dir="0" index="0" bw="10" slack="2147483647"/>
<pin id="1818" dir="0" index="1" bw="16" slack="2147483647"/>
<pin id="1819" dir="0" index="2" bw="0" slack="0"/>
<pin id="1821" dir="0" index="4" bw="10" slack="1"/>
<pin id="1822" dir="0" index="5" bw="16" slack="2147483647"/>
<pin id="1823" dir="0" index="6" bw="0" slack="2147483647"/>
<pin id="1820" dir="1" index="3" bw="16" slack="2147483647"/>
<pin id="1824" dir="1" index="7" bw="16" slack="2147483647"/>
</pin_list>
<bind>
<opcode="store(28) " fcode="store"/>
<opset="store_ln323/22 "/>
</bind>
</comp>

<comp id="1826" class="1004" name="store_ln323_access_fu_1826">
<pin_list>
<pin id="1827" dir="0" index="0" bw="10" slack="2147483647"/>
<pin id="1828" dir="0" index="1" bw="16" slack="2147483647"/>
<pin id="1829" dir="0" index="2" bw="0" slack="0"/>
<pin id="1831" dir="0" index="4" bw="10" slack="1"/>
<pin id="1832" dir="0" index="5" bw="16" slack="2147483647"/>
<pin id="1833" dir="0" index="6" bw="0" slack="2147483647"/>
<pin id="1830" dir="1" index="3" bw="16" slack="2147483647"/>
<pin id="1834" dir="1" index="7" bw="16" slack="2147483647"/>
</pin_list>
<bind>
<opcode="store(28) " fcode="store"/>
<opset="store_ln323/22 "/>
</bind>
</comp>

<comp id="1836" class="1004" name="store_ln323_access_fu_1836">
<pin_list>
<pin id="1837" dir="0" index="0" bw="10" slack="2147483647"/>
<pin id="1838" dir="0" index="1" bw="16" slack="2147483647"/>
<pin id="1839" dir="0" index="2" bw="0" slack="0"/>
<pin id="1841" dir="0" index="4" bw="10" slack="1"/>
<pin id="1842" dir="0" index="5" bw="16" slack="2147483647"/>
<pin id="1843" dir="0" index="6" bw="0" slack="2147483647"/>
<pin id="1840" dir="1" index="3" bw="16" slack="2147483647"/>
<pin id="1844" dir="1" index="7" bw="16" slack="2147483647"/>
</pin_list>
<bind>
<opcode="store(28) " fcode="store"/>
<opset="store_ln323/22 "/>
</bind>
</comp>

<comp id="1846" class="1004" name="store_ln323_access_fu_1846">
<pin_list>
<pin id="1847" dir="0" index="0" bw="10" slack="2147483647"/>
<pin id="1848" dir="0" index="1" bw="16" slack="2147483647"/>
<pin id="1849" dir="0" index="2" bw="0" slack="0"/>
<pin id="1851" dir="0" index="4" bw="10" slack="1"/>
<pin id="1852" dir="0" index="5" bw="16" slack="2147483647"/>
<pin id="1853" dir="0" index="6" bw="0" slack="2147483647"/>
<pin id="1850" dir="1" index="3" bw="16" slack="2147483647"/>
<pin id="1854" dir="1" index="7" bw="16" slack="2147483647"/>
</pin_list>
<bind>
<opcode="store(28) " fcode="store"/>
<opset="store_ln323/22 "/>
</bind>
</comp>

<comp id="1856" class="1004" name="store_ln323_access_fu_1856">
<pin_list>
<pin id="1857" dir="0" index="0" bw="10" slack="2147483647"/>
<pin id="1858" dir="0" index="1" bw="16" slack="2147483647"/>
<pin id="1859" dir="0" index="2" bw="0" slack="0"/>
<pin id="1861" dir="0" index="4" bw="10" slack="1"/>
<pin id="1862" dir="0" index="5" bw="16" slack="2147483647"/>
<pin id="1863" dir="0" index="6" bw="0" slack="2147483647"/>
<pin id="1860" dir="1" index="3" bw="16" slack="2147483647"/>
<pin id="1864" dir="1" index="7" bw="16" slack="2147483647"/>
</pin_list>
<bind>
<opcode="store(28) " fcode="store"/>
<opset="store_ln323/22 "/>
</bind>
</comp>

<comp id="1866" class="1004" name="store_ln323_access_fu_1866">
<pin_list>
<pin id="1867" dir="0" index="0" bw="10" slack="2147483647"/>
<pin id="1868" dir="0" index="1" bw="16" slack="2147483647"/>
<pin id="1869" dir="0" index="2" bw="0" slack="0"/>
<pin id="1871" dir="0" index="4" bw="10" slack="1"/>
<pin id="1872" dir="0" index="5" bw="16" slack="2147483647"/>
<pin id="1873" dir="0" index="6" bw="0" slack="2147483647"/>
<pin id="1870" dir="1" index="3" bw="16" slack="2147483647"/>
<pin id="1874" dir="1" index="7" bw="16" slack="2147483647"/>
</pin_list>
<bind>
<opcode="store(28) " fcode="store"/>
<opset="store_ln323/22 "/>
</bind>
</comp>

<comp id="1876" class="1004" name="store_ln323_access_fu_1876">
<pin_list>
<pin id="1877" dir="0" index="0" bw="10" slack="2147483647"/>
<pin id="1878" dir="0" index="1" bw="16" slack="2147483647"/>
<pin id="1879" dir="0" index="2" bw="0" slack="0"/>
<pin id="1881" dir="0" index="4" bw="10" slack="1"/>
<pin id="1882" dir="0" index="5" bw="16" slack="2147483647"/>
<pin id="1883" dir="0" index="6" bw="0" slack="2147483647"/>
<pin id="1880" dir="1" index="3" bw="16" slack="2147483647"/>
<pin id="1884" dir="1" index="7" bw="16" slack="2147483647"/>
</pin_list>
<bind>
<opcode="store(28) " fcode="store"/>
<opset="store_ln323/22 "/>
</bind>
</comp>

<comp id="1886" class="1004" name="store_ln323_access_fu_1886">
<pin_list>
<pin id="1887" dir="0" index="0" bw="10" slack="2147483647"/>
<pin id="1888" dir="0" index="1" bw="16" slack="2147483647"/>
<pin id="1889" dir="0" index="2" bw="0" slack="0"/>
<pin id="1891" dir="0" index="4" bw="10" slack="1"/>
<pin id="1892" dir="0" index="5" bw="16" slack="2147483647"/>
<pin id="1893" dir="0" index="6" bw="0" slack="2147483647"/>
<pin id="1890" dir="1" index="3" bw="16" slack="2147483647"/>
<pin id="1894" dir="1" index="7" bw="16" slack="2147483647"/>
</pin_list>
<bind>
<opcode="store(28) " fcode="store"/>
<opset="store_ln323/22 "/>
</bind>
</comp>

<comp id="1896" class="1004" name="store_ln323_access_fu_1896">
<pin_list>
<pin id="1897" dir="0" index="0" bw="10" slack="2147483647"/>
<pin id="1898" dir="0" index="1" bw="16" slack="2147483647"/>
<pin id="1899" dir="0" index="2" bw="0" slack="0"/>
<pin id="1901" dir="0" index="4" bw="10" slack="1"/>
<pin id="1902" dir="0" index="5" bw="16" slack="2147483647"/>
<pin id="1903" dir="0" index="6" bw="0" slack="2147483647"/>
<pin id="1900" dir="1" index="3" bw="16" slack="2147483647"/>
<pin id="1904" dir="1" index="7" bw="16" slack="2147483647"/>
</pin_list>
<bind>
<opcode="store(28) " fcode="store"/>
<opset="store_ln323/22 "/>
</bind>
</comp>

<comp id="1906" class="1004" name="store_ln323_access_fu_1906">
<pin_list>
<pin id="1907" dir="0" index="0" bw="10" slack="2147483647"/>
<pin id="1908" dir="0" index="1" bw="16" slack="2147483647"/>
<pin id="1909" dir="0" index="2" bw="0" slack="0"/>
<pin id="1911" dir="0" index="4" bw="10" slack="1"/>
<pin id="1912" dir="0" index="5" bw="16" slack="2147483647"/>
<pin id="1913" dir="0" index="6" bw="0" slack="2147483647"/>
<pin id="1910" dir="1" index="3" bw="16" slack="2147483647"/>
<pin id="1914" dir="1" index="7" bw="16" slack="2147483647"/>
</pin_list>
<bind>
<opcode="store(28) " fcode="store"/>
<opset="store_ln323/22 "/>
</bind>
</comp>

<comp id="1916" class="1004" name="store_ln323_access_fu_1916">
<pin_list>
<pin id="1917" dir="0" index="0" bw="10" slack="2147483647"/>
<pin id="1918" dir="0" index="1" bw="16" slack="2147483647"/>
<pin id="1919" dir="0" index="2" bw="0" slack="0"/>
<pin id="1921" dir="0" index="4" bw="10" slack="1"/>
<pin id="1922" dir="0" index="5" bw="16" slack="2147483647"/>
<pin id="1923" dir="0" index="6" bw="0" slack="2147483647"/>
<pin id="1920" dir="1" index="3" bw="16" slack="2147483647"/>
<pin id="1924" dir="1" index="7" bw="16" slack="2147483647"/>
</pin_list>
<bind>
<opcode="store(28) " fcode="store"/>
<opset="store_ln323/22 "/>
</bind>
</comp>

<comp id="1926" class="1004" name="grp_fu_1926">
<pin_list>
<pin id="1927" dir="0" index="0" bw="32" slack="1"/>
<pin id="1928" dir="0" index="1" bw="32" slack="1"/>
<pin id="1929" dir="1" index="2" bw="32" slack="0"/>
</pin_list>
<bind>
<opcode="fadd(9) " fcode="fadd"/>
<opset="sum_acc_16/24 "/>
</bind>
</comp>

<comp id="1946" class="1004" name="grp_fu_1946">
<pin_list>
<pin id="1947" dir="0" index="0" bw="32" slack="1"/>
<pin id="1948" dir="0" index="1" bw="32" slack="1"/>
<pin id="1949" dir="1" index="2" bw="32" slack="0"/>
</pin_list>
<bind>
<opcode="fadd(9) " fcode="fadd"/>
<opset="sumsq_acc_16/30 "/>
</bind>
</comp>

<comp id="1966" class="1004" name="grp_fu_1966">
<pin_list>
<pin id="1967" dir="0" index="0" bw="32" slack="1"/>
<pin id="1968" dir="0" index="1" bw="32" slack="1"/>
<pin id="1969" dir="1" index="2" bw="32" slack="1"/>
</pin_list>
<bind>
<opcode="fmul(13) " fcode="fmul"/>
<opset="mul16/24 "/>
</bind>
</comp>

<comp id="1970" class="1004" name="grp_fu_1970">
<pin_list>
<pin id="1971" dir="0" index="0" bw="16" slack="1"/>
<pin id="1972" dir="1" index="1" bw="32" slack="1"/>
</pin_list>
<bind>
<opcode="hptosp(533) " fcode="hptosp"/>
<opset="ff/22 "/>
</bind>
</comp>

<comp id="1973" class="1004" name="grp_fu_1973">
<pin_list>
<pin id="1974" dir="0" index="0" bw="16" slack="0"/>
<pin id="1975" dir="0" index="1" bw="16" slack="0"/>
<pin id="1976" dir="1" index="2" bw="16" slack="1"/>
</pin_list>
<bind>
<opcode="hadd(534) " fcode="hadd"/>
<opset="add/2 "/>
</bind>
</comp>

<comp id="1977" class="1004" name="grp_fu_1977">
<pin_list>
<pin id="1978" dir="0" index="0" bw="16" slack="0"/>
<pin id="1979" dir="0" index="1" bw="16" slack="0"/>
<pin id="1980" dir="1" index="2" bw="16" slack="1"/>
</pin_list>
<bind>
<opcode="hadd(534) " fcode="hadd"/>
<opset="add14/2 "/>
</bind>
</comp>

<comp id="1981" class="1004" name="grp_fu_1981">
<pin_list>
<pin id="1982" dir="0" index="0" bw="16" slack="0"/>
<pin id="1983" dir="0" index="1" bw="16" slack="0"/>
<pin id="1984" dir="1" index="2" bw="16" slack="1"/>
</pin_list>
<bind>
<opcode="hadd(534) " fcode="hadd"/>
<opset="add16/2 "/>
</bind>
</comp>

<comp id="1985" class="1004" name="grp_fu_1985">
<pin_list>
<pin id="1986" dir="0" index="0" bw="16" slack="0"/>
<pin id="1987" dir="0" index="1" bw="16" slack="0"/>
<pin id="1988" dir="1" index="2" bw="16" slack="1"/>
</pin_list>
<bind>
<opcode="hadd(534) " fcode="hadd"/>
<opset="add17/2 "/>
</bind>
</comp>

<comp id="1989" class="1004" name="grp_fu_1989">
<pin_list>
<pin id="1990" dir="0" index="0" bw="16" slack="1"/>
<pin id="1991" dir="0" index="1" bw="16" slack="1"/>
<pin id="1992" dir="1" index="2" bw="16" slack="1"/>
</pin_list>
<bind>
<opcode="hadd(534) " fcode="hadd"/>
<opset="add15/7 "/>
</bind>
</comp>

<comp id="1993" class="1004" name="grp_fu_1993">
<pin_list>
<pin id="1994" dir="0" index="0" bw="16" slack="1"/>
<pin id="1995" dir="0" index="1" bw="16" slack="1"/>
<pin id="1996" dir="1" index="2" bw="16" slack="1"/>
</pin_list>
<bind>
<opcode="hadd(534) " fcode="hadd"/>
<opset="add18/7 "/>
</bind>
</comp>

<comp id="1997" class="1004" name="grp_fu_1997">
<pin_list>
<pin id="1998" dir="0" index="0" bw="16" slack="1"/>
<pin id="1999" dir="0" index="1" bw="16" slack="1"/>
<pin id="2000" dir="1" index="2" bw="16" slack="1"/>
</pin_list>
<bind>
<opcode="hadd(534) " fcode="hadd"/>
<opset="total/12 "/>
</bind>
</comp>

<comp id="2001" class="1004" name="grp_fu_2001">
<pin_list>
<pin id="2002" dir="0" index="0" bw="16" slack="1"/>
<pin id="2003" dir="0" index="1" bw="16" slack="16"/>
<pin id="2004" dir="1" index="2" bw="16" slack="1"/>
</pin_list>
<bind>
<opcode="hadd(534) " fcode="hadd"/>
<opset="fout/17 "/>
</bind>
</comp>

<comp id="2005" class="1004" name="zext_ln201_cast_fu_2005">
<pin_list>
<pin id="2006" dir="0" index="0" bw="6" slack="0"/>
<pin id="2007" dir="1" index="1" bw="10" slack="21"/>
</pin_list>
<bind>
<opcode="zext(34) " fcode="zext"/>
<opset="zext_ln201_cast/1 "/>
</bind>
</comp>

<comp id="2009" class="1004" name="store_ln315_store_fu_2009">
<pin_list>
<pin id="2010" dir="0" index="0" bw="1" slack="0"/>
<pin id="2011" dir="0" index="1" bw="5" slack="0"/>
<pin id="2012" dir="1" index="2" bw="0" slack="2147483647"/>
</pin_list>
<bind>
<opcode="store(28) " fcode="store"/>
<opset="store_ln315/1 "/>
</bind>
</comp>

<comp id="2014" class="1004" name="pe_1_load_fu_2014">
<pin_list>
<pin id="2015" dir="0" index="0" bw="5" slack="0"/>
<pin id="2016" dir="1" index="1" bw="5" slack="0"/>
</pin_list>
<bind>
<opcode="load(27) " fcode="load"/>
<opset="pe_1/1 "/>
</bind>
</comp>

<comp id="2017" class="1004" name="icmp_ln315_fu_2017">
<pin_list>
<pin id="2018" dir="0" index="0" bw="5" slack="0"/>
<pin id="2019" dir="0" index="1" bw="5" slack="0"/>
<pin id="2020" dir="1" index="2" bw="1" slack="37"/>
</pin_list>
<bind>
<opcode="icmp(45) " fcode="icmp"/>
<opset="icmp_ln315/1 "/>
</bind>
</comp>

<comp id="2023" class="1004" name="add_ln315_fu_2023">
<pin_list>
<pin id="2024" dir="0" index="0" bw="5" slack="0"/>
<pin id="2025" dir="0" index="1" bw="1" slack="0"/>
<pin id="2026" dir="1" index="2" bw="5" slack="0"/>
</pin_list>
<bind>
<opcode="add(8) " fcode="add"/>
<opset="add_ln315/1 "/>
</bind>
</comp>

<comp id="2029" class="1004" name="store_ln315_store_fu_2029">
<pin_list>
<pin id="2030" dir="0" index="0" bw="5" slack="0"/>
<pin id="2031" dir="0" index="1" bw="5" slack="0"/>
<pin id="2032" dir="1" index="2" bw="0" slack="2147483647"/>
</pin_list>
<bind>
<opcode="store(28) " fcode="store"/>
<opset="store_ln315/1 "/>
</bind>
</comp>

<comp id="2034" class="1004" name="trunc_ln323_fu_2034">
<pin_list>
<pin id="2035" dir="0" index="0" bw="5" slack="1"/>
<pin id="2036" dir="1" index="1" bw="4" slack="0"/>
</pin_list>
<bind>
<opcode="trunc(33) " fcode="trunc"/>
<opset="trunc_ln323/2 "/>
</bind>
</comp>

<comp id="2037" class="1004" name="tmp_31_fu_2037">
<pin_list>
<pin id="2038" dir="0" index="0" bw="16" slack="0"/>
<pin id="2039" dir="0" index="1" bw="4" slack="0"/>
<pin id="2040" dir="0" index="2" bw="16" slack="1"/>
<pin id="2041" dir="0" index="3" bw="4" slack="0"/>
<pin id="2042" dir="0" index="4" bw="16" slack="1"/>
<pin id="2043" dir="0" index="5" bw="4" slack="0"/>
<pin id="2044" dir="0" index="6" bw="16" slack="1"/>
<pin id="2045" dir="0" index="7" bw="4" slack="0"/>
<pin id="2046" dir="0" index="8" bw="16" slack="1"/>
<pin id="2047" dir="0" index="9" bw="4" slack="0"/>
<pin id="2048" dir="0" index="10" bw="16" slack="1"/>
<pin id="2049" dir="0" index="11" bw="4" slack="0"/>
<pin id="2050" dir="0" index="12" bw="16" slack="1"/>
<pin id="2051" dir="0" index="13" bw="4" slack="0"/>
<pin id="2052" dir="0" index="14" bw="16" slack="1"/>
<pin id="2053" dir="0" index="15" bw="4" slack="0"/>
<pin id="2054" dir="0" index="16" bw="16" slack="1"/>
<pin id="2055" dir="0" index="17" bw="4" slack="0"/>
<pin id="2056" dir="0" index="18" bw="16" slack="1"/>
<pin id="2057" dir="0" index="19" bw="4" slack="0"/>
<pin id="2058" dir="0" index="20" bw="16" slack="1"/>
<pin id="2059" dir="0" index="21" bw="4" slack="0"/>
<pin id="2060" dir="0" index="22" bw="16" slack="1"/>
<pin id="2061" dir="0" index="23" bw="4" slack="0"/>
<pin id="2062" dir="0" index="24" bw="16" slack="1"/>
<pin id="2063" dir="0" index="25" bw="4" slack="0"/>
<pin id="2064" dir="0" index="26" bw="16" slack="1"/>
<pin id="2065" dir="0" index="27" bw="4" slack="0"/>
<pin id="2066" dir="0" index="28" bw="16" slack="1"/>
<pin id="2067" dir="0" index="29" bw="4" slack="0"/>
<pin id="2068" dir="0" index="30" bw="16" slack="1"/>
<pin id="2069" dir="0" index="31" bw="4" slack="0"/>
<pin id="2070" dir="0" index="32" bw="16" slack="1"/>
<pin id="2071" dir="0" index="33" bw="16" slack="0"/>
<pin id="2072" dir="0" index="34" bw="4" slack="0"/>
<pin id="2073" dir="1" index="35" bw="16" slack="0"/>
</pin_list>
<bind>
<opcode="sparsemux(1197) " fcode="sparsemux"/>
<opset="tmp_31/2 "/>
</bind>
</comp>

<comp id="2094" class="1004" name="tmp_32_fu_2094">
<pin_list>
<pin id="2095" dir="0" index="0" bw="16" slack="0"/>
<pin id="2096" dir="0" index="1" bw="4" slack="0"/>
<pin id="2097" dir="0" index="2" bw="16" slack="1"/>
<pin id="2098" dir="0" index="3" bw="4" slack="0"/>
<pin id="2099" dir="0" index="4" bw="16" slack="1"/>
<pin id="2100" dir="0" index="5" bw="4" slack="0"/>
<pin id="2101" dir="0" index="6" bw="16" slack="1"/>
<pin id="2102" dir="0" index="7" bw="4" slack="0"/>
<pin id="2103" dir="0" index="8" bw="16" slack="1"/>
<pin id="2104" dir="0" index="9" bw="4" slack="0"/>
<pin id="2105" dir="0" index="10" bw="16" slack="1"/>
<pin id="2106" dir="0" index="11" bw="4" slack="0"/>
<pin id="2107" dir="0" index="12" bw="16" slack="1"/>
<pin id="2108" dir="0" index="13" bw="4" slack="0"/>
<pin id="2109" dir="0" index="14" bw="16" slack="1"/>
<pin id="2110" dir="0" index="15" bw="4" slack="0"/>
<pin id="2111" dir="0" index="16" bw="16" slack="1"/>
<pin id="2112" dir="0" index="17" bw="4" slack="0"/>
<pin id="2113" dir="0" index="18" bw="16" slack="1"/>
<pin id="2114" dir="0" index="19" bw="4" slack="0"/>
<pin id="2115" dir="0" index="20" bw="16" slack="1"/>
<pin id="2116" dir="0" index="21" bw="4" slack="0"/>
<pin id="2117" dir="0" index="22" bw="16" slack="1"/>
<pin id="2118" dir="0" index="23" bw="4" slack="0"/>
<pin id="2119" dir="0" index="24" bw="16" slack="1"/>
<pin id="2120" dir="0" index="25" bw="4" slack="0"/>
<pin id="2121" dir="0" index="26" bw="16" slack="1"/>
<pin id="2122" dir="0" index="27" bw="4" slack="0"/>
<pin id="2123" dir="0" index="28" bw="16" slack="1"/>
<pin id="2124" dir="0" index="29" bw="4" slack="0"/>
<pin id="2125" dir="0" index="30" bw="16" slack="1"/>
<pin id="2126" dir="0" index="31" bw="4" slack="0"/>
<pin id="2127" dir="0" index="32" bw="16" slack="1"/>
<pin id="2128" dir="0" index="33" bw="16" slack="0"/>
<pin id="2129" dir="0" index="34" bw="4" slack="0"/>
<pin id="2130" dir="1" index="35" bw="16" slack="0"/>
</pin_list>
<bind>
<opcode="sparsemux(1197) " fcode="sparsemux"/>
<opset="tmp_32/2 "/>
</bind>
</comp>

<comp id="2151" class="1004" name="tmp_s_fu_2151">
<pin_list>
<pin id="2152" dir="0" index="0" bw="16" slack="0"/>
<pin id="2153" dir="0" index="1" bw="4" slack="0"/>
<pin id="2154" dir="0" index="2" bw="16" slack="1"/>
<pin id="2155" dir="0" index="3" bw="4" slack="0"/>
<pin id="2156" dir="0" index="4" bw="16" slack="1"/>
<pin id="2157" dir="0" index="5" bw="4" slack="0"/>
<pin id="2158" dir="0" index="6" bw="16" slack="1"/>
<pin id="2159" dir="0" index="7" bw="4" slack="0"/>
<pin id="2160" dir="0" index="8" bw="16" slack="1"/>
<pin id="2161" dir="0" index="9" bw="4" slack="0"/>
<pin id="2162" dir="0" index="10" bw="16" slack="1"/>
<pin id="2163" dir="0" index="11" bw="4" slack="0"/>
<pin id="2164" dir="0" index="12" bw="16" slack="1"/>
<pin id="2165" dir="0" index="13" bw="4" slack="0"/>
<pin id="2166" dir="0" index="14" bw="16" slack="1"/>
<pin id="2167" dir="0" index="15" bw="4" slack="0"/>
<pin id="2168" dir="0" index="16" bw="16" slack="1"/>
<pin id="2169" dir="0" index="17" bw="4" slack="0"/>
<pin id="2170" dir="0" index="18" bw="16" slack="1"/>
<pin id="2171" dir="0" index="19" bw="4" slack="0"/>
<pin id="2172" dir="0" index="20" bw="16" slack="1"/>
<pin id="2173" dir="0" index="21" bw="4" slack="0"/>
<pin id="2174" dir="0" index="22" bw="16" slack="1"/>
<pin id="2175" dir="0" index="23" bw="4" slack="0"/>
<pin id="2176" dir="0" index="24" bw="16" slack="1"/>
<pin id="2177" dir="0" index="25" bw="4" slack="0"/>
<pin id="2178" dir="0" index="26" bw="16" slack="1"/>
<pin id="2179" dir="0" index="27" bw="4" slack="0"/>
<pin id="2180" dir="0" index="28" bw="16" slack="1"/>
<pin id="2181" dir="0" index="29" bw="4" slack="0"/>
<pin id="2182" dir="0" index="30" bw="16" slack="1"/>
<pin id="2183" dir="0" index="31" bw="4" slack="0"/>
<pin id="2184" dir="0" index="32" bw="16" slack="1"/>
<pin id="2185" dir="0" index="33" bw="16" slack="0"/>
<pin id="2186" dir="0" index="34" bw="4" slack="0"/>
<pin id="2187" dir="1" index="35" bw="16" slack="0"/>
</pin_list>
<bind>
<opcode="sparsemux(1197) " fcode="sparsemux"/>
<opset="tmp_s/2 "/>
</bind>
</comp>

<comp id="2208" class="1004" name="tmp_33_fu_2208">
<pin_list>
<pin id="2209" dir="0" index="0" bw="16" slack="0"/>
<pin id="2210" dir="0" index="1" bw="4" slack="0"/>
<pin id="2211" dir="0" index="2" bw="16" slack="1"/>
<pin id="2212" dir="0" index="3" bw="4" slack="0"/>
<pin id="2213" dir="0" index="4" bw="16" slack="1"/>
<pin id="2214" dir="0" index="5" bw="4" slack="0"/>
<pin id="2215" dir="0" index="6" bw="16" slack="1"/>
<pin id="2216" dir="0" index="7" bw="4" slack="0"/>
<pin id="2217" dir="0" index="8" bw="16" slack="1"/>
<pin id="2218" dir="0" index="9" bw="4" slack="0"/>
<pin id="2219" dir="0" index="10" bw="16" slack="1"/>
<pin id="2220" dir="0" index="11" bw="4" slack="0"/>
<pin id="2221" dir="0" index="12" bw="16" slack="1"/>
<pin id="2222" dir="0" index="13" bw="4" slack="0"/>
<pin id="2223" dir="0" index="14" bw="16" slack="1"/>
<pin id="2224" dir="0" index="15" bw="4" slack="0"/>
<pin id="2225" dir="0" index="16" bw="16" slack="1"/>
<pin id="2226" dir="0" index="17" bw="4" slack="0"/>
<pin id="2227" dir="0" index="18" bw="16" slack="1"/>
<pin id="2228" dir="0" index="19" bw="4" slack="0"/>
<pin id="2229" dir="0" index="20" bw="16" slack="1"/>
<pin id="2230" dir="0" index="21" bw="4" slack="0"/>
<pin id="2231" dir="0" index="22" bw="16" slack="1"/>
<pin id="2232" dir="0" index="23" bw="4" slack="0"/>
<pin id="2233" dir="0" index="24" bw="16" slack="1"/>
<pin id="2234" dir="0" index="25" bw="4" slack="0"/>
<pin id="2235" dir="0" index="26" bw="16" slack="1"/>
<pin id="2236" dir="0" index="27" bw="4" slack="0"/>
<pin id="2237" dir="0" index="28" bw="16" slack="1"/>
<pin id="2238" dir="0" index="29" bw="4" slack="0"/>
<pin id="2239" dir="0" index="30" bw="16" slack="1"/>
<pin id="2240" dir="0" index="31" bw="4" slack="0"/>
<pin id="2241" dir="0" index="32" bw="16" slack="1"/>
<pin id="2242" dir="0" index="33" bw="16" slack="0"/>
<pin id="2243" dir="0" index="34" bw="4" slack="0"/>
<pin id="2244" dir="1" index="35" bw="16" slack="0"/>
</pin_list>
<bind>
<opcode="sparsemux(1197) " fcode="sparsemux"/>
<opset="tmp_33/2 "/>
</bind>
</comp>

<comp id="2265" class="1004" name="tmp_34_fu_2265">
<pin_list>
<pin id="2266" dir="0" index="0" bw="16" slack="0"/>
<pin id="2267" dir="0" index="1" bw="4" slack="0"/>
<pin id="2268" dir="0" index="2" bw="16" slack="1"/>
<pin id="2269" dir="0" index="3" bw="4" slack="0"/>
<pin id="2270" dir="0" index="4" bw="16" slack="1"/>
<pin id="2271" dir="0" index="5" bw="4" slack="0"/>
<pin id="2272" dir="0" index="6" bw="16" slack="1"/>
<pin id="2273" dir="0" index="7" bw="4" slack="0"/>
<pin id="2274" dir="0" index="8" bw="16" slack="1"/>
<pin id="2275" dir="0" index="9" bw="4" slack="0"/>
<pin id="2276" dir="0" index="10" bw="16" slack="1"/>
<pin id="2277" dir="0" index="11" bw="4" slack="0"/>
<pin id="2278" dir="0" index="12" bw="16" slack="1"/>
<pin id="2279" dir="0" index="13" bw="4" slack="0"/>
<pin id="2280" dir="0" index="14" bw="16" slack="1"/>
<pin id="2281" dir="0" index="15" bw="4" slack="0"/>
<pin id="2282" dir="0" index="16" bw="16" slack="1"/>
<pin id="2283" dir="0" index="17" bw="4" slack="0"/>
<pin id="2284" dir="0" index="18" bw="16" slack="1"/>
<pin id="2285" dir="0" index="19" bw="4" slack="0"/>
<pin id="2286" dir="0" index="20" bw="16" slack="1"/>
<pin id="2287" dir="0" index="21" bw="4" slack="0"/>
<pin id="2288" dir="0" index="22" bw="16" slack="1"/>
<pin id="2289" dir="0" index="23" bw="4" slack="0"/>
<pin id="2290" dir="0" index="24" bw="16" slack="1"/>
<pin id="2291" dir="0" index="25" bw="4" slack="0"/>
<pin id="2292" dir="0" index="26" bw="16" slack="1"/>
<pin id="2293" dir="0" index="27" bw="4" slack="0"/>
<pin id="2294" dir="0" index="28" bw="16" slack="1"/>
<pin id="2295" dir="0" index="29" bw="4" slack="0"/>
<pin id="2296" dir="0" index="30" bw="16" slack="1"/>
<pin id="2297" dir="0" index="31" bw="4" slack="0"/>
<pin id="2298" dir="0" index="32" bw="16" slack="1"/>
<pin id="2299" dir="0" index="33" bw="16" slack="0"/>
<pin id="2300" dir="0" index="34" bw="4" slack="0"/>
<pin id="2301" dir="1" index="35" bw="16" slack="0"/>
</pin_list>
<bind>
<opcode="sparsemux(1197) " fcode="sparsemux"/>
<opset="tmp_34/2 "/>
</bind>
</comp>

<comp id="2322" class="1004" name="tmp_35_fu_2322">
<pin_list>
<pin id="2323" dir="0" index="0" bw="16" slack="0"/>
<pin id="2324" dir="0" index="1" bw="4" slack="0"/>
<pin id="2325" dir="0" index="2" bw="16" slack="1"/>
<pin id="2326" dir="0" index="3" bw="4" slack="0"/>
<pin id="2327" dir="0" index="4" bw="16" slack="1"/>
<pin id="2328" dir="0" index="5" bw="4" slack="0"/>
<pin id="2329" dir="0" index="6" bw="16" slack="1"/>
<pin id="2330" dir="0" index="7" bw="4" slack="0"/>
<pin id="2331" dir="0" index="8" bw="16" slack="1"/>
<pin id="2332" dir="0" index="9" bw="4" slack="0"/>
<pin id="2333" dir="0" index="10" bw="16" slack="1"/>
<pin id="2334" dir="0" index="11" bw="4" slack="0"/>
<pin id="2335" dir="0" index="12" bw="16" slack="1"/>
<pin id="2336" dir="0" index="13" bw="4" slack="0"/>
<pin id="2337" dir="0" index="14" bw="16" slack="1"/>
<pin id="2338" dir="0" index="15" bw="4" slack="0"/>
<pin id="2339" dir="0" index="16" bw="16" slack="1"/>
<pin id="2340" dir="0" index="17" bw="4" slack="0"/>
<pin id="2341" dir="0" index="18" bw="16" slack="1"/>
<pin id="2342" dir="0" index="19" bw="4" slack="0"/>
<pin id="2343" dir="0" index="20" bw="16" slack="1"/>
<pin id="2344" dir="0" index="21" bw="4" slack="0"/>
<pin id="2345" dir="0" index="22" bw="16" slack="1"/>
<pin id="2346" dir="0" index="23" bw="4" slack="0"/>
<pin id="2347" dir="0" index="24" bw="16" slack="1"/>
<pin id="2348" dir="0" index="25" bw="4" slack="0"/>
<pin id="2349" dir="0" index="26" bw="16" slack="1"/>
<pin id="2350" dir="0" index="27" bw="4" slack="0"/>
<pin id="2351" dir="0" index="28" bw="16" slack="1"/>
<pin id="2352" dir="0" index="29" bw="4" slack="0"/>
<pin id="2353" dir="0" index="30" bw="16" slack="1"/>
<pin id="2354" dir="0" index="31" bw="4" slack="0"/>
<pin id="2355" dir="0" index="32" bw="16" slack="1"/>
<pin id="2356" dir="0" index="33" bw="16" slack="0"/>
<pin id="2357" dir="0" index="34" bw="4" slack="0"/>
<pin id="2358" dir="1" index="35" bw="16" slack="0"/>
</pin_list>
<bind>
<opcode="sparsemux(1197) " fcode="sparsemux"/>
<opset="tmp_35/2 "/>
</bind>
</comp>

<comp id="2379" class="1004" name="tmp_36_fu_2379">
<pin_list>
<pin id="2380" dir="0" index="0" bw="16" slack="0"/>
<pin id="2381" dir="0" index="1" bw="4" slack="0"/>
<pin id="2382" dir="0" index="2" bw="16" slack="1"/>
<pin id="2383" dir="0" index="3" bw="4" slack="0"/>
<pin id="2384" dir="0" index="4" bw="16" slack="1"/>
<pin id="2385" dir="0" index="5" bw="4" slack="0"/>
<pin id="2386" dir="0" index="6" bw="16" slack="1"/>
<pin id="2387" dir="0" index="7" bw="4" slack="0"/>
<pin id="2388" dir="0" index="8" bw="16" slack="1"/>
<pin id="2389" dir="0" index="9" bw="4" slack="0"/>
<pin id="2390" dir="0" index="10" bw="16" slack="1"/>
<pin id="2391" dir="0" index="11" bw="4" slack="0"/>
<pin id="2392" dir="0" index="12" bw="16" slack="1"/>
<pin id="2393" dir="0" index="13" bw="4" slack="0"/>
<pin id="2394" dir="0" index="14" bw="16" slack="1"/>
<pin id="2395" dir="0" index="15" bw="4" slack="0"/>
<pin id="2396" dir="0" index="16" bw="16" slack="1"/>
<pin id="2397" dir="0" index="17" bw="4" slack="0"/>
<pin id="2398" dir="0" index="18" bw="16" slack="1"/>
<pin id="2399" dir="0" index="19" bw="4" slack="0"/>
<pin id="2400" dir="0" index="20" bw="16" slack="1"/>
<pin id="2401" dir="0" index="21" bw="4" slack="0"/>
<pin id="2402" dir="0" index="22" bw="16" slack="1"/>
<pin id="2403" dir="0" index="23" bw="4" slack="0"/>
<pin id="2404" dir="0" index="24" bw="16" slack="1"/>
<pin id="2405" dir="0" index="25" bw="4" slack="0"/>
<pin id="2406" dir="0" index="26" bw="16" slack="1"/>
<pin id="2407" dir="0" index="27" bw="4" slack="0"/>
<pin id="2408" dir="0" index="28" bw="16" slack="1"/>
<pin id="2409" dir="0" index="29" bw="4" slack="0"/>
<pin id="2410" dir="0" index="30" bw="16" slack="1"/>
<pin id="2411" dir="0" index="31" bw="4" slack="0"/>
<pin id="2412" dir="0" index="32" bw="16" slack="1"/>
<pin id="2413" dir="0" index="33" bw="16" slack="0"/>
<pin id="2414" dir="0" index="34" bw="4" slack="0"/>
<pin id="2415" dir="1" index="35" bw="16" slack="0"/>
</pin_list>
<bind>
<opcode="sparsemux(1197) " fcode="sparsemux"/>
<opset="tmp_36/2 "/>
</bind>
</comp>

<comp id="2436" class="1004" name="tmp_37_fu_2436">
<pin_list>
<pin id="2437" dir="0" index="0" bw="16" slack="0"/>
<pin id="2438" dir="0" index="1" bw="4" slack="0"/>
<pin id="2439" dir="0" index="2" bw="16" slack="1"/>
<pin id="2440" dir="0" index="3" bw="4" slack="0"/>
<pin id="2441" dir="0" index="4" bw="16" slack="1"/>
<pin id="2442" dir="0" index="5" bw="4" slack="0"/>
<pin id="2443" dir="0" index="6" bw="16" slack="1"/>
<pin id="2444" dir="0" index="7" bw="4" slack="0"/>
<pin id="2445" dir="0" index="8" bw="16" slack="1"/>
<pin id="2446" dir="0" index="9" bw="4" slack="0"/>
<pin id="2447" dir="0" index="10" bw="16" slack="1"/>
<pin id="2448" dir="0" index="11" bw="4" slack="0"/>
<pin id="2449" dir="0" index="12" bw="16" slack="1"/>
<pin id="2450" dir="0" index="13" bw="4" slack="0"/>
<pin id="2451" dir="0" index="14" bw="16" slack="1"/>
<pin id="2452" dir="0" index="15" bw="4" slack="0"/>
<pin id="2453" dir="0" index="16" bw="16" slack="1"/>
<pin id="2454" dir="0" index="17" bw="4" slack="0"/>
<pin id="2455" dir="0" index="18" bw="16" slack="1"/>
<pin id="2456" dir="0" index="19" bw="4" slack="0"/>
<pin id="2457" dir="0" index="20" bw="16" slack="1"/>
<pin id="2458" dir="0" index="21" bw="4" slack="0"/>
<pin id="2459" dir="0" index="22" bw="16" slack="1"/>
<pin id="2460" dir="0" index="23" bw="4" slack="0"/>
<pin id="2461" dir="0" index="24" bw="16" slack="1"/>
<pin id="2462" dir="0" index="25" bw="4" slack="0"/>
<pin id="2463" dir="0" index="26" bw="16" slack="1"/>
<pin id="2464" dir="0" index="27" bw="4" slack="0"/>
<pin id="2465" dir="0" index="28" bw="16" slack="1"/>
<pin id="2466" dir="0" index="29" bw="4" slack="0"/>
<pin id="2467" dir="0" index="30" bw="16" slack="1"/>
<pin id="2468" dir="0" index="31" bw="4" slack="0"/>
<pin id="2469" dir="0" index="32" bw="16" slack="1"/>
<pin id="2470" dir="0" index="33" bw="16" slack="0"/>
<pin id="2471" dir="0" index="34" bw="4" slack="0"/>
<pin id="2472" dir="1" index="35" bw="16" slack="0"/>
</pin_list>
<bind>
<opcode="sparsemux(1197) " fcode="sparsemux"/>
<opset="tmp_37/2 "/>
</bind>
</comp>

<comp id="2493" class="1004" name="p_shl_fu_2493">
<pin_list>
<pin id="2494" dir="0" index="0" bw="10" slack="0"/>
<pin id="2495" dir="0" index="1" bw="4" slack="20"/>
<pin id="2496" dir="0" index="2" bw="1" slack="0"/>
<pin id="2497" dir="1" index="3" bw="10" slack="0"/>
</pin_list>
<bind>
<opcode="bitconcatenate(1004) " fcode="bitconcatenate"/>
<opset="p_shl/22 "/>
</bind>
</comp>

<comp id="2500" class="1004" name="tmp_fu_2500">
<pin_list>
<pin id="2501" dir="0" index="0" bw="7" slack="0"/>
<pin id="2502" dir="0" index="1" bw="5" slack="21"/>
<pin id="2503" dir="0" index="2" bw="1" slack="0"/>
<pin id="2504" dir="1" index="3" bw="7" slack="0"/>
</pin_list>
<bind>
<opcode="bitconcatenate(1004) " fcode="bitconcatenate"/>
<opset="tmp/22 "/>
</bind>
</comp>

<comp id="2507" class="1004" name="zext_ln323_fu_2507">
<pin_list>
<pin id="2508" dir="0" index="0" bw="7" slack="0"/>
<pin id="2509" dir="1" index="1" bw="10" slack="0"/>
</pin_list>
<bind>
<opcode="zext(34) " fcode="zext"/>
<opset="zext_ln323/22 "/>
</bind>
</comp>

<comp id="2511" class="1004" name="sub_ln323_fu_2511">
<pin_list>
<pin id="2512" dir="0" index="0" bw="10" slack="0"/>
<pin id="2513" dir="0" index="1" bw="7" slack="0"/>
<pin id="2514" dir="1" index="2" bw="10" slack="0"/>
</pin_list>
<bind>
<opcode="sub(10) " fcode="sub"/>
<opset="sub_ln323/22 "/>
</bind>
</comp>

<comp id="2517" class="1004" name="add_ln323_fu_2517">
<pin_list>
<pin id="2518" dir="0" index="0" bw="10" slack="0"/>
<pin id="2519" dir="0" index="1" bw="6" slack="21"/>
<pin id="2520" dir="1" index="2" bw="10" slack="0"/>
</pin_list>
<bind>
<opcode="add(8) " fcode="add"/>
<opset="add_ln323/22 "/>
</bind>
</comp>

<comp id="2522" class="1004" name="zext_ln323_1_fu_2522">
<pin_list>
<pin id="2523" dir="0" index="0" bw="10" slack="0"/>
<pin id="2524" dir="1" index="1" bw="64" slack="0"/>
</pin_list>
<bind>
<opcode="zext(34) " fcode="zext"/>
<opset="zext_ln323_1/22 "/>
</bind>
</comp>

<comp id="2542" class="1004" name="tmp_38_fu_2542">
<pin_list>
<pin id="2543" dir="0" index="0" bw="32" slack="0"/>
<pin id="2544" dir="0" index="1" bw="4" slack="0"/>
<pin id="2545" dir="0" index="2" bw="32" slack="0"/>
<pin id="2546" dir="0" index="3" bw="4" slack="0"/>
<pin id="2547" dir="0" index="4" bw="32" slack="0"/>
<pin id="2548" dir="0" index="5" bw="4" slack="0"/>
<pin id="2549" dir="0" index="6" bw="32" slack="0"/>
<pin id="2550" dir="0" index="7" bw="4" slack="0"/>
<pin id="2551" dir="0" index="8" bw="32" slack="0"/>
<pin id="2552" dir="0" index="9" bw="4" slack="0"/>
<pin id="2553" dir="0" index="10" bw="32" slack="0"/>
<pin id="2554" dir="0" index="11" bw="4" slack="0"/>
<pin id="2555" dir="0" index="12" bw="32" slack="0"/>
<pin id="2556" dir="0" index="13" bw="4" slack="0"/>
<pin id="2557" dir="0" index="14" bw="32" slack="0"/>
<pin id="2558" dir="0" index="15" bw="4" slack="0"/>
<pin id="2559" dir="0" index="16" bw="32" slack="0"/>
<pin id="2560" dir="0" index="17" bw="4" slack="0"/>
<pin id="2561" dir="0" index="18" bw="32" slack="0"/>
<pin id="2562" dir="0" index="19" bw="4" slack="0"/>
<pin id="2563" dir="0" index="20" bw="32" slack="0"/>
<pin id="2564" dir="0" index="21" bw="4" slack="0"/>
<pin id="2565" dir="0" index="22" bw="32" slack="0"/>
<pin id="2566" dir="0" index="23" bw="4" slack="0"/>
<pin id="2567" dir="0" index="24" bw="32" slack="0"/>
<pin id="2568" dir="0" index="25" bw="4" slack="0"/>
<pin id="2569" dir="0" index="26" bw="32" slack="0"/>
<pin id="2570" dir="0" index="27" bw="4" slack="0"/>
<pin id="2571" dir="0" index="28" bw="32" slack="0"/>
<pin id="2572" dir="0" index="29" bw="4" slack="0"/>
<pin id="2573" dir="0" index="30" bw="32" slack="0"/>
<pin id="2574" dir="0" index="31" bw="4" slack="0"/>
<pin id="2575" dir="0" index="32" bw="32" slack="0"/>
<pin id="2576" dir="0" index="33" bw="32" slack="0"/>
<pin id="2577" dir="0" index="34" bw="4" slack="21"/>
<pin id="2578" dir="1" index="35" bw="32" slack="1"/>
</pin_list>
<bind>
<opcode="sparsemux(1197) " fcode="sparsemux"/>
<opset="tmp_38/23 "/>
</bind>
</comp>

<comp id="2613" class="1004" name="tmp_39_fu_2613">
<pin_list>
<pin id="2614" dir="0" index="0" bw="32" slack="0"/>
<pin id="2615" dir="0" index="1" bw="4" slack="0"/>
<pin id="2616" dir="0" index="2" bw="32" slack="0"/>
<pin id="2617" dir="0" index="3" bw="4" slack="0"/>
<pin id="2618" dir="0" index="4" bw="32" slack="0"/>
<pin id="2619" dir="0" index="5" bw="4" slack="0"/>
<pin id="2620" dir="0" index="6" bw="32" slack="0"/>
<pin id="2621" dir="0" index="7" bw="4" slack="0"/>
<pin id="2622" dir="0" index="8" bw="32" slack="0"/>
<pin id="2623" dir="0" index="9" bw="4" slack="0"/>
<pin id="2624" dir="0" index="10" bw="32" slack="0"/>
<pin id="2625" dir="0" index="11" bw="4" slack="0"/>
<pin id="2626" dir="0" index="12" bw="32" slack="0"/>
<pin id="2627" dir="0" index="13" bw="4" slack="0"/>
<pin id="2628" dir="0" index="14" bw="32" slack="0"/>
<pin id="2629" dir="0" index="15" bw="4" slack="0"/>
<pin id="2630" dir="0" index="16" bw="32" slack="0"/>
<pin id="2631" dir="0" index="17" bw="4" slack="0"/>
<pin id="2632" dir="0" index="18" bw="32" slack="0"/>
<pin id="2633" dir="0" index="19" bw="4" slack="0"/>
<pin id="2634" dir="0" index="20" bw="32" slack="0"/>
<pin id="2635" dir="0" index="21" bw="4" slack="0"/>
<pin id="2636" dir="0" index="22" bw="32" slack="0"/>
<pin id="2637" dir="0" index="23" bw="4" slack="0"/>
<pin id="2638" dir="0" index="24" bw="32" slack="0"/>
<pin id="2639" dir="0" index="25" bw="4" slack="0"/>
<pin id="2640" dir="0" index="26" bw="32" slack="0"/>
<pin id="2641" dir="0" index="27" bw="4" slack="0"/>
<pin id="2642" dir="0" index="28" bw="32" slack="0"/>
<pin id="2643" dir="0" index="29" bw="4" slack="0"/>
<pin id="2644" dir="0" index="30" bw="32" slack="0"/>
<pin id="2645" dir="0" index="31" bw="4" slack="0"/>
<pin id="2646" dir="0" index="32" bw="32" slack="0"/>
<pin id="2647" dir="0" index="33" bw="32" slack="0"/>
<pin id="2648" dir="0" index="34" bw="4" slack="27"/>
<pin id="2649" dir="1" index="35" bw="32" slack="1"/>
</pin_list>
<bind>
<opcode="sparsemux(1197) " fcode="sparsemux"/>
<opset="tmp_39/29 "/>
</bind>
</comp>

<comp id="2684" class="1005" name="pe_reg_2684">
<pin_list>
<pin id="2685" dir="0" index="0" bw="5" slack="0"/>
<pin id="2686" dir="1" index="1" bw="5" slack="0"/>
</pin_list>
<bind>
<opset="pe "/>
</bind>
</comp>

<comp id="2691" class="1005" name="co_read_reg_2691">
<pin_list>
<pin id="2692" dir="0" index="0" bw="4" slack="20"/>
<pin id="2693" dir="1" index="1" bw="4" slack="2147483647"/>
</pin_list>
<bind>
<opset="co_read "/>
</bind>
</comp>

<comp id="2695" class="1005" name="bias_read_reg_2695">
<pin_list>
<pin id="2696" dir="0" index="0" bw="16" slack="16"/>
<pin id="2697" dir="1" index="1" bw="16" slack="16"/>
</pin_list>
<bind>
<opset="bias_read "/>
</bind>
</comp>

<comp id="2700" class="1005" name="psum_127_load_reload_read_reg_2700">
<pin_list>
<pin id="2701" dir="0" index="0" bw="16" slack="1"/>
<pin id="2702" dir="1" index="1" bw="16" slack="1"/>
</pin_list>
<bind>
<opset="psum_127_load_reload_read "/>
</bind>
</comp>

<comp id="2705" class="1005" name="psum_119_load_reload_read_reg_2705">
<pin_list>
<pin id="2706" dir="0" index="0" bw="16" slack="1"/>
<pin id="2707" dir="1" index="1" bw="16" slack="1"/>
</pin_list>
<bind>
<opset="psum_119_load_reload_read "/>
</bind>
</comp>

<comp id="2710" class="1005" name="psum_111_load_reload_read_reg_2710">
<pin_list>
<pin id="2711" dir="0" index="0" bw="16" slack="1"/>
<pin id="2712" dir="1" index="1" bw="16" slack="1"/>
</pin_list>
<bind>
<opset="psum_111_load_reload_read "/>
</bind>
</comp>

<comp id="2715" class="1005" name="psum_103_load_reload_read_reg_2715">
<pin_list>
<pin id="2716" dir="0" index="0" bw="16" slack="1"/>
<pin id="2717" dir="1" index="1" bw="16" slack="1"/>
</pin_list>
<bind>
<opset="psum_103_load_reload_read "/>
</bind>
</comp>

<comp id="2720" class="1005" name="psum_95_load_reload_read_reg_2720">
<pin_list>
<pin id="2721" dir="0" index="0" bw="16" slack="1"/>
<pin id="2722" dir="1" index="1" bw="16" slack="1"/>
</pin_list>
<bind>
<opset="psum_95_load_reload_read "/>
</bind>
</comp>

<comp id="2725" class="1005" name="psum_87_load_reload_read_reg_2725">
<pin_list>
<pin id="2726" dir="0" index="0" bw="16" slack="1"/>
<pin id="2727" dir="1" index="1" bw="16" slack="1"/>
</pin_list>
<bind>
<opset="psum_87_load_reload_read "/>
</bind>
</comp>

<comp id="2730" class="1005" name="psum_79_load_reload_read_reg_2730">
<pin_list>
<pin id="2731" dir="0" index="0" bw="16" slack="1"/>
<pin id="2732" dir="1" index="1" bw="16" slack="1"/>
</pin_list>
<bind>
<opset="psum_79_load_reload_read "/>
</bind>
</comp>

<comp id="2735" class="1005" name="psum_71_load_reload_read_reg_2735">
<pin_list>
<pin id="2736" dir="0" index="0" bw="16" slack="1"/>
<pin id="2737" dir="1" index="1" bw="16" slack="1"/>
</pin_list>
<bind>
<opset="psum_71_load_reload_read "/>
</bind>
</comp>

<comp id="2740" class="1005" name="psum_63_load_reload_read_reg_2740">
<pin_list>
<pin id="2741" dir="0" index="0" bw="16" slack="1"/>
<pin id="2742" dir="1" index="1" bw="16" slack="1"/>
</pin_list>
<bind>
<opset="psum_63_load_reload_read "/>
</bind>
</comp>

<comp id="2745" class="1005" name="psum_55_load_reload_read_reg_2745">
<pin_list>
<pin id="2746" dir="0" index="0" bw="16" slack="1"/>
<pin id="2747" dir="1" index="1" bw="16" slack="1"/>
</pin_list>
<bind>
<opset="psum_55_load_reload_read "/>
</bind>
</comp>

<comp id="2750" class="1005" name="psum_47_load_reload_read_reg_2750">
<pin_list>
<pin id="2751" dir="0" index="0" bw="16" slack="1"/>
<pin id="2752" dir="1" index="1" bw="16" slack="1"/>
</pin_list>
<bind>
<opset="psum_47_load_reload_read "/>
</bind>
</comp>

<comp id="2755" class="1005" name="psum_39_load_reload_read_reg_2755">
<pin_list>
<pin id="2756" dir="0" index="0" bw="16" slack="1"/>
<pin id="2757" dir="1" index="1" bw="16" slack="1"/>
</pin_list>
<bind>
<opset="psum_39_load_reload_read "/>
</bind>
</comp>

<comp id="2760" class="1005" name="psum_31_load_reload_read_reg_2760">
<pin_list>
<pin id="2761" dir="0" index="0" bw="16" slack="1"/>
<pin id="2762" dir="1" index="1" bw="16" slack="1"/>
</pin_list>
<bind>
<opset="psum_31_load_reload_read "/>
</bind>
</comp>

<comp id="2765" class="1005" name="psum_23_load_reload_read_reg_2765">
<pin_list>
<pin id="2766" dir="0" index="0" bw="16" slack="1"/>
<pin id="2767" dir="1" index="1" bw="16" slack="1"/>
</pin_list>
<bind>
<opset="psum_23_load_reload_read "/>
</bind>
</comp>

<comp id="2770" class="1005" name="psum_15_load_reload_read_reg_2770">
<pin_list>
<pin id="2771" dir="0" index="0" bw="16" slack="1"/>
<pin id="2772" dir="1" index="1" bw="16" slack="1"/>
</pin_list>
<bind>
<opset="psum_15_load_reload_read "/>
</bind>
</comp>

<comp id="2775" class="1005" name="psum_7_load_reload_read_reg_2775">
<pin_list>
<pin id="2776" dir="0" index="0" bw="16" slack="1"/>
<pin id="2777" dir="1" index="1" bw="16" slack="1"/>
</pin_list>
<bind>
<opset="psum_7_load_reload_read "/>
</bind>
</comp>

<comp id="2780" class="1005" name="psum_126_load_reload_read_reg_2780">
<pin_list>
<pin id="2781" dir="0" index="0" bw="16" slack="1"/>
<pin id="2782" dir="1" index="1" bw="16" slack="1"/>
</pin_list>
<bind>
<opset="psum_126_load_reload_read "/>
</bind>
</comp>

<comp id="2785" class="1005" name="psum_118_load_reload_read_reg_2785">
<pin_list>
<pin id="2786" dir="0" index="0" bw="16" slack="1"/>
<pin id="2787" dir="1" index="1" bw="16" slack="1"/>
</pin_list>
<bind>
<opset="psum_118_load_reload_read "/>
</bind>
</comp>

<comp id="2790" class="1005" name="psum_110_load_reload_read_reg_2790">
<pin_list>
<pin id="2791" dir="0" index="0" bw="16" slack="1"/>
<pin id="2792" dir="1" index="1" bw="16" slack="1"/>
</pin_list>
<bind>
<opset="psum_110_load_reload_read "/>
</bind>
</comp>

<comp id="2795" class="1005" name="psum_102_load_reload_read_reg_2795">
<pin_list>
<pin id="2796" dir="0" index="0" bw="16" slack="1"/>
<pin id="2797" dir="1" index="1" bw="16" slack="1"/>
</pin_list>
<bind>
<opset="psum_102_load_reload_read "/>
</bind>
</comp>

<comp id="2800" class="1005" name="psum_94_load_reload_read_reg_2800">
<pin_list>
<pin id="2801" dir="0" index="0" bw="16" slack="1"/>
<pin id="2802" dir="1" index="1" bw="16" slack="1"/>
</pin_list>
<bind>
<opset="psum_94_load_reload_read "/>
</bind>
</comp>

<comp id="2805" class="1005" name="psum_86_load_reload_read_reg_2805">
<pin_list>
<pin id="2806" dir="0" index="0" bw="16" slack="1"/>
<pin id="2807" dir="1" index="1" bw="16" slack="1"/>
</pin_list>
<bind>
<opset="psum_86_load_reload_read "/>
</bind>
</comp>

<comp id="2810" class="1005" name="psum_78_load_reload_read_reg_2810">
<pin_list>
<pin id="2811" dir="0" index="0" bw="16" slack="1"/>
<pin id="2812" dir="1" index="1" bw="16" slack="1"/>
</pin_list>
<bind>
<opset="psum_78_load_reload_read "/>
</bind>
</comp>

<comp id="2815" class="1005" name="psum_70_load_reload_read_reg_2815">
<pin_list>
<pin id="2816" dir="0" index="0" bw="16" slack="1"/>
<pin id="2817" dir="1" index="1" bw="16" slack="1"/>
</pin_list>
<bind>
<opset="psum_70_load_reload_read "/>
</bind>
</comp>

<comp id="2820" class="1005" name="psum_62_load_reload_read_reg_2820">
<pin_list>
<pin id="2821" dir="0" index="0" bw="16" slack="1"/>
<pin id="2822" dir="1" index="1" bw="16" slack="1"/>
</pin_list>
<bind>
<opset="psum_62_load_reload_read "/>
</bind>
</comp>

<comp id="2825" class="1005" name="psum_54_load_reload_read_reg_2825">
<pin_list>
<pin id="2826" dir="0" index="0" bw="16" slack="1"/>
<pin id="2827" dir="1" index="1" bw="16" slack="1"/>
</pin_list>
<bind>
<opset="psum_54_load_reload_read "/>
</bind>
</comp>

<comp id="2830" class="1005" name="psum_46_load_reload_read_reg_2830">
<pin_list>
<pin id="2831" dir="0" index="0" bw="16" slack="1"/>
<pin id="2832" dir="1" index="1" bw="16" slack="1"/>
</pin_list>
<bind>
<opset="psum_46_load_reload_read "/>
</bind>
</comp>

<comp id="2835" class="1005" name="psum_38_load_reload_read_reg_2835">
<pin_list>
<pin id="2836" dir="0" index="0" bw="16" slack="1"/>
<pin id="2837" dir="1" index="1" bw="16" slack="1"/>
</pin_list>
<bind>
<opset="psum_38_load_reload_read "/>
</bind>
</comp>

<comp id="2840" class="1005" name="psum_30_load_reload_read_reg_2840">
<pin_list>
<pin id="2841" dir="0" index="0" bw="16" slack="1"/>
<pin id="2842" dir="1" index="1" bw="16" slack="1"/>
</pin_list>
<bind>
<opset="psum_30_load_reload_read "/>
</bind>
</comp>

<comp id="2845" class="1005" name="psum_22_load_reload_read_reg_2845">
<pin_list>
<pin id="2846" dir="0" index="0" bw="16" slack="1"/>
<pin id="2847" dir="1" index="1" bw="16" slack="1"/>
</pin_list>
<bind>
<opset="psum_22_load_reload_read "/>
</bind>
</comp>

<comp id="2850" class="1005" name="psum_14_load_reload_read_reg_2850">
<pin_list>
<pin id="2851" dir="0" index="0" bw="16" slack="1"/>
<pin id="2852" dir="1" index="1" bw="16" slack="1"/>
</pin_list>
<bind>
<opset="psum_14_load_reload_read "/>
</bind>
</comp>

<comp id="2855" class="1005" name="psum_6_load_reload_read_reg_2855">
<pin_list>
<pin id="2856" dir="0" index="0" bw="16" slack="1"/>
<pin id="2857" dir="1" index="1" bw="16" slack="1"/>
</pin_list>
<bind>
<opset="psum_6_load_reload_read "/>
</bind>
</comp>

<comp id="2860" class="1005" name="psum_125_load_reload_read_reg_2860">
<pin_list>
<pin id="2861" dir="0" index="0" bw="16" slack="1"/>
<pin id="2862" dir="1" index="1" bw="16" slack="1"/>
</pin_list>
<bind>
<opset="psum_125_load_reload_read "/>
</bind>
</comp>

<comp id="2865" class="1005" name="psum_117_load_reload_read_reg_2865">
<pin_list>
<pin id="2866" dir="0" index="0" bw="16" slack="1"/>
<pin id="2867" dir="1" index="1" bw="16" slack="1"/>
</pin_list>
<bind>
<opset="psum_117_load_reload_read "/>
</bind>
</comp>

<comp id="2870" class="1005" name="psum_109_load_reload_read_reg_2870">
<pin_list>
<pin id="2871" dir="0" index="0" bw="16" slack="1"/>
<pin id="2872" dir="1" index="1" bw="16" slack="1"/>
</pin_list>
<bind>
<opset="psum_109_load_reload_read "/>
</bind>
</comp>

<comp id="2875" class="1005" name="psum_101_load_reload_read_reg_2875">
<pin_list>
<pin id="2876" dir="0" index="0" bw="16" slack="1"/>
<pin id="2877" dir="1" index="1" bw="16" slack="1"/>
</pin_list>
<bind>
<opset="psum_101_load_reload_read "/>
</bind>
</comp>

<comp id="2880" class="1005" name="psum_93_load_reload_read_reg_2880">
<pin_list>
<pin id="2881" dir="0" index="0" bw="16" slack="1"/>
<pin id="2882" dir="1" index="1" bw="16" slack="1"/>
</pin_list>
<bind>
<opset="psum_93_load_reload_read "/>
</bind>
</comp>

<comp id="2885" class="1005" name="psum_85_load_reload_read_reg_2885">
<pin_list>
<pin id="2886" dir="0" index="0" bw="16" slack="1"/>
<pin id="2887" dir="1" index="1" bw="16" slack="1"/>
</pin_list>
<bind>
<opset="psum_85_load_reload_read "/>
</bind>
</comp>

<comp id="2890" class="1005" name="psum_77_load_reload_read_reg_2890">
<pin_list>
<pin id="2891" dir="0" index="0" bw="16" slack="1"/>
<pin id="2892" dir="1" index="1" bw="16" slack="1"/>
</pin_list>
<bind>
<opset="psum_77_load_reload_read "/>
</bind>
</comp>

<comp id="2895" class="1005" name="psum_69_load_reload_read_reg_2895">
<pin_list>
<pin id="2896" dir="0" index="0" bw="16" slack="1"/>
<pin id="2897" dir="1" index="1" bw="16" slack="1"/>
</pin_list>
<bind>
<opset="psum_69_load_reload_read "/>
</bind>
</comp>

<comp id="2900" class="1005" name="psum_61_load_reload_read_reg_2900">
<pin_list>
<pin id="2901" dir="0" index="0" bw="16" slack="1"/>
<pin id="2902" dir="1" index="1" bw="16" slack="1"/>
</pin_list>
<bind>
<opset="psum_61_load_reload_read "/>
</bind>
</comp>

<comp id="2905" class="1005" name="psum_53_load_reload_read_reg_2905">
<pin_list>
<pin id="2906" dir="0" index="0" bw="16" slack="1"/>
<pin id="2907" dir="1" index="1" bw="16" slack="1"/>
</pin_list>
<bind>
<opset="psum_53_load_reload_read "/>
</bind>
</comp>

<comp id="2910" class="1005" name="psum_45_load_reload_read_reg_2910">
<pin_list>
<pin id="2911" dir="0" index="0" bw="16" slack="1"/>
<pin id="2912" dir="1" index="1" bw="16" slack="1"/>
</pin_list>
<bind>
<opset="psum_45_load_reload_read "/>
</bind>
</comp>

<comp id="2915" class="1005" name="psum_37_load_reload_read_reg_2915">
<pin_list>
<pin id="2916" dir="0" index="0" bw="16" slack="1"/>
<pin id="2917" dir="1" index="1" bw="16" slack="1"/>
</pin_list>
<bind>
<opset="psum_37_load_reload_read "/>
</bind>
</comp>

<comp id="2920" class="1005" name="psum_29_load_reload_read_reg_2920">
<pin_list>
<pin id="2921" dir="0" index="0" bw="16" slack="1"/>
<pin id="2922" dir="1" index="1" bw="16" slack="1"/>
</pin_list>
<bind>
<opset="psum_29_load_reload_read "/>
</bind>
</comp>

<comp id="2925" class="1005" name="psum_21_load_reload_read_reg_2925">
<pin_list>
<pin id="2926" dir="0" index="0" bw="16" slack="1"/>
<pin id="2927" dir="1" index="1" bw="16" slack="1"/>
</pin_list>
<bind>
<opset="psum_21_load_reload_read "/>
</bind>
</comp>

<comp id="2930" class="1005" name="psum_13_load_reload_read_reg_2930">
<pin_list>
<pin id="2931" dir="0" index="0" bw="16" slack="1"/>
<pin id="2932" dir="1" index="1" bw="16" slack="1"/>
</pin_list>
<bind>
<opset="psum_13_load_reload_read "/>
</bind>
</comp>

<comp id="2935" class="1005" name="psum_5_load_reload_read_reg_2935">
<pin_list>
<pin id="2936" dir="0" index="0" bw="16" slack="1"/>
<pin id="2937" dir="1" index="1" bw="16" slack="1"/>
</pin_list>
<bind>
<opset="psum_5_load_reload_read "/>
</bind>
</comp>

<comp id="2940" class="1005" name="psum_124_load_reload_read_reg_2940">
<pin_list>
<pin id="2941" dir="0" index="0" bw="16" slack="1"/>
<pin id="2942" dir="1" index="1" bw="16" slack="1"/>
</pin_list>
<bind>
<opset="psum_124_load_reload_read "/>
</bind>
</comp>

<comp id="2945" class="1005" name="psum_116_load_reload_read_reg_2945">
<pin_list>
<pin id="2946" dir="0" index="0" bw="16" slack="1"/>
<pin id="2947" dir="1" index="1" bw="16" slack="1"/>
</pin_list>
<bind>
<opset="psum_116_load_reload_read "/>
</bind>
</comp>

<comp id="2950" class="1005" name="psum_108_load_reload_read_reg_2950">
<pin_list>
<pin id="2951" dir="0" index="0" bw="16" slack="1"/>
<pin id="2952" dir="1" index="1" bw="16" slack="1"/>
</pin_list>
<bind>
<opset="psum_108_load_reload_read "/>
</bind>
</comp>

<comp id="2955" class="1005" name="psum_100_load_reload_read_reg_2955">
<pin_list>
<pin id="2956" dir="0" index="0" bw="16" slack="1"/>
<pin id="2957" dir="1" index="1" bw="16" slack="1"/>
</pin_list>
<bind>
<opset="psum_100_load_reload_read "/>
</bind>
</comp>

<comp id="2960" class="1005" name="psum_92_load_reload_read_reg_2960">
<pin_list>
<pin id="2961" dir="0" index="0" bw="16" slack="1"/>
<pin id="2962" dir="1" index="1" bw="16" slack="1"/>
</pin_list>
<bind>
<opset="psum_92_load_reload_read "/>
</bind>
</comp>

<comp id="2965" class="1005" name="psum_84_load_reload_read_reg_2965">
<pin_list>
<pin id="2966" dir="0" index="0" bw="16" slack="1"/>
<pin id="2967" dir="1" index="1" bw="16" slack="1"/>
</pin_list>
<bind>
<opset="psum_84_load_reload_read "/>
</bind>
</comp>

<comp id="2970" class="1005" name="psum_76_load_reload_read_reg_2970">
<pin_list>
<pin id="2971" dir="0" index="0" bw="16" slack="1"/>
<pin id="2972" dir="1" index="1" bw="16" slack="1"/>
</pin_list>
<bind>
<opset="psum_76_load_reload_read "/>
</bind>
</comp>

<comp id="2975" class="1005" name="psum_68_load_reload_read_reg_2975">
<pin_list>
<pin id="2976" dir="0" index="0" bw="16" slack="1"/>
<pin id="2977" dir="1" index="1" bw="16" slack="1"/>
</pin_list>
<bind>
<opset="psum_68_load_reload_read "/>
</bind>
</comp>

<comp id="2980" class="1005" name="psum_60_load_reload_read_reg_2980">
<pin_list>
<pin id="2981" dir="0" index="0" bw="16" slack="1"/>
<pin id="2982" dir="1" index="1" bw="16" slack="1"/>
</pin_list>
<bind>
<opset="psum_60_load_reload_read "/>
</bind>
</comp>

<comp id="2985" class="1005" name="psum_52_load_reload_read_reg_2985">
<pin_list>
<pin id="2986" dir="0" index="0" bw="16" slack="1"/>
<pin id="2987" dir="1" index="1" bw="16" slack="1"/>
</pin_list>
<bind>
<opset="psum_52_load_reload_read "/>
</bind>
</comp>

<comp id="2990" class="1005" name="psum_44_load_reload_read_reg_2990">
<pin_list>
<pin id="2991" dir="0" index="0" bw="16" slack="1"/>
<pin id="2992" dir="1" index="1" bw="16" slack="1"/>
</pin_list>
<bind>
<opset="psum_44_load_reload_read "/>
</bind>
</comp>

<comp id="2995" class="1005" name="psum_36_load_reload_read_reg_2995">
<pin_list>
<pin id="2996" dir="0" index="0" bw="16" slack="1"/>
<pin id="2997" dir="1" index="1" bw="16" slack="1"/>
</pin_list>
<bind>
<opset="psum_36_load_reload_read "/>
</bind>
</comp>

<comp id="3000" class="1005" name="psum_28_load_reload_read_reg_3000">
<pin_list>
<pin id="3001" dir="0" index="0" bw="16" slack="1"/>
<pin id="3002" dir="1" index="1" bw="16" slack="1"/>
</pin_list>
<bind>
<opset="psum_28_load_reload_read "/>
</bind>
</comp>

<comp id="3005" class="1005" name="psum_20_load_reload_read_reg_3005">
<pin_list>
<pin id="3006" dir="0" index="0" bw="16" slack="1"/>
<pin id="3007" dir="1" index="1" bw="16" slack="1"/>
</pin_list>
<bind>
<opset="psum_20_load_reload_read "/>
</bind>
</comp>

<comp id="3010" class="1005" name="psum_12_load_reload_read_reg_3010">
<pin_list>
<pin id="3011" dir="0" index="0" bw="16" slack="1"/>
<pin id="3012" dir="1" index="1" bw="16" slack="1"/>
</pin_list>
<bind>
<opset="psum_12_load_reload_read "/>
</bind>
</comp>

<comp id="3015" class="1005" name="psum_4_load_reload_read_reg_3015">
<pin_list>
<pin id="3016" dir="0" index="0" bw="16" slack="1"/>
<pin id="3017" dir="1" index="1" bw="16" slack="1"/>
</pin_list>
<bind>
<opset="psum_4_load_reload_read "/>
</bind>
</comp>

<comp id="3020" class="1005" name="psum_123_load_reload_read_reg_3020">
<pin_list>
<pin id="3021" dir="0" index="0" bw="16" slack="1"/>
<pin id="3022" dir="1" index="1" bw="16" slack="1"/>
</pin_list>
<bind>
<opset="psum_123_load_reload_read "/>
</bind>
</comp>

<comp id="3025" class="1005" name="psum_115_load_reload_read_reg_3025">
<pin_list>
<pin id="3026" dir="0" index="0" bw="16" slack="1"/>
<pin id="3027" dir="1" index="1" bw="16" slack="1"/>
</pin_list>
<bind>
<opset="psum_115_load_reload_read "/>
</bind>
</comp>

<comp id="3030" class="1005" name="psum_107_load_reload_read_reg_3030">
<pin_list>
<pin id="3031" dir="0" index="0" bw="16" slack="1"/>
<pin id="3032" dir="1" index="1" bw="16" slack="1"/>
</pin_list>
<bind>
<opset="psum_107_load_reload_read "/>
</bind>
</comp>

<comp id="3035" class="1005" name="psum_99_load_reload_read_reg_3035">
<pin_list>
<pin id="3036" dir="0" index="0" bw="16" slack="1"/>
<pin id="3037" dir="1" index="1" bw="16" slack="1"/>
</pin_list>
<bind>
<opset="psum_99_load_reload_read "/>
</bind>
</comp>

<comp id="3040" class="1005" name="psum_91_load_reload_read_reg_3040">
<pin_list>
<pin id="3041" dir="0" index="0" bw="16" slack="1"/>
<pin id="3042" dir="1" index="1" bw="16" slack="1"/>
</pin_list>
<bind>
<opset="psum_91_load_reload_read "/>
</bind>
</comp>

<comp id="3045" class="1005" name="psum_83_load_reload_read_reg_3045">
<pin_list>
<pin id="3046" dir="0" index="0" bw="16" slack="1"/>
<pin id="3047" dir="1" index="1" bw="16" slack="1"/>
</pin_list>
<bind>
<opset="psum_83_load_reload_read "/>
</bind>
</comp>

<comp id="3050" class="1005" name="psum_75_load_reload_read_reg_3050">
<pin_list>
<pin id="3051" dir="0" index="0" bw="16" slack="1"/>
<pin id="3052" dir="1" index="1" bw="16" slack="1"/>
</pin_list>
<bind>
<opset="psum_75_load_reload_read "/>
</bind>
</comp>

<comp id="3055" class="1005" name="psum_67_load_reload_read_reg_3055">
<pin_list>
<pin id="3056" dir="0" index="0" bw="16" slack="1"/>
<pin id="3057" dir="1" index="1" bw="16" slack="1"/>
</pin_list>
<bind>
<opset="psum_67_load_reload_read "/>
</bind>
</comp>

<comp id="3060" class="1005" name="psum_59_load_reload_read_reg_3060">
<pin_list>
<pin id="3061" dir="0" index="0" bw="16" slack="1"/>
<pin id="3062" dir="1" index="1" bw="16" slack="1"/>
</pin_list>
<bind>
<opset="psum_59_load_reload_read "/>
</bind>
</comp>

<comp id="3065" class="1005" name="psum_51_load_reload_read_reg_3065">
<pin_list>
<pin id="3066" dir="0" index="0" bw="16" slack="1"/>
<pin id="3067" dir="1" index="1" bw="16" slack="1"/>
</pin_list>
<bind>
<opset="psum_51_load_reload_read "/>
</bind>
</comp>

<comp id="3070" class="1005" name="psum_43_load_reload_read_reg_3070">
<pin_list>
<pin id="3071" dir="0" index="0" bw="16" slack="1"/>
<pin id="3072" dir="1" index="1" bw="16" slack="1"/>
</pin_list>
<bind>
<opset="psum_43_load_reload_read "/>
</bind>
</comp>

<comp id="3075" class="1005" name="psum_35_load_reload_read_reg_3075">
<pin_list>
<pin id="3076" dir="0" index="0" bw="16" slack="1"/>
<pin id="3077" dir="1" index="1" bw="16" slack="1"/>
</pin_list>
<bind>
<opset="psum_35_load_reload_read "/>
</bind>
</comp>

<comp id="3080" class="1005" name="psum_27_load_reload_read_reg_3080">
<pin_list>
<pin id="3081" dir="0" index="0" bw="16" slack="1"/>
<pin id="3082" dir="1" index="1" bw="16" slack="1"/>
</pin_list>
<bind>
<opset="psum_27_load_reload_read "/>
</bind>
</comp>

<comp id="3085" class="1005" name="psum_19_load_reload_read_reg_3085">
<pin_list>
<pin id="3086" dir="0" index="0" bw="16" slack="1"/>
<pin id="3087" dir="1" index="1" bw="16" slack="1"/>
</pin_list>
<bind>
<opset="psum_19_load_reload_read "/>
</bind>
</comp>

<comp id="3090" class="1005" name="psum_11_load_reload_read_reg_3090">
<pin_list>
<pin id="3091" dir="0" index="0" bw="16" slack="1"/>
<pin id="3092" dir="1" index="1" bw="16" slack="1"/>
</pin_list>
<bind>
<opset="psum_11_load_reload_read "/>
</bind>
</comp>

<comp id="3095" class="1005" name="psum_3_load_reload_read_reg_3095">
<pin_list>
<pin id="3096" dir="0" index="0" bw="16" slack="1"/>
<pin id="3097" dir="1" index="1" bw="16" slack="1"/>
</pin_list>
<bind>
<opset="psum_3_load_reload_read "/>
</bind>
</comp>

<comp id="3100" class="1005" name="psum_122_load_reload_read_reg_3100">
<pin_list>
<pin id="3101" dir="0" index="0" bw="16" slack="1"/>
<pin id="3102" dir="1" index="1" bw="16" slack="1"/>
</pin_list>
<bind>
<opset="psum_122_load_reload_read "/>
</bind>
</comp>

<comp id="3105" class="1005" name="psum_114_load_reload_read_reg_3105">
<pin_list>
<pin id="3106" dir="0" index="0" bw="16" slack="1"/>
<pin id="3107" dir="1" index="1" bw="16" slack="1"/>
</pin_list>
<bind>
<opset="psum_114_load_reload_read "/>
</bind>
</comp>

<comp id="3110" class="1005" name="psum_106_load_reload_read_reg_3110">
<pin_list>
<pin id="3111" dir="0" index="0" bw="16" slack="1"/>
<pin id="3112" dir="1" index="1" bw="16" slack="1"/>
</pin_list>
<bind>
<opset="psum_106_load_reload_read "/>
</bind>
</comp>

<comp id="3115" class="1005" name="psum_98_load_reload_read_reg_3115">
<pin_list>
<pin id="3116" dir="0" index="0" bw="16" slack="1"/>
<pin id="3117" dir="1" index="1" bw="16" slack="1"/>
</pin_list>
<bind>
<opset="psum_98_load_reload_read "/>
</bind>
</comp>

<comp id="3120" class="1005" name="psum_90_load_reload_read_reg_3120">
<pin_list>
<pin id="3121" dir="0" index="0" bw="16" slack="1"/>
<pin id="3122" dir="1" index="1" bw="16" slack="1"/>
</pin_list>
<bind>
<opset="psum_90_load_reload_read "/>
</bind>
</comp>

<comp id="3125" class="1005" name="psum_82_load_reload_read_reg_3125">
<pin_list>
<pin id="3126" dir="0" index="0" bw="16" slack="1"/>
<pin id="3127" dir="1" index="1" bw="16" slack="1"/>
</pin_list>
<bind>
<opset="psum_82_load_reload_read "/>
</bind>
</comp>

<comp id="3130" class="1005" name="psum_74_load_reload_read_reg_3130">
<pin_list>
<pin id="3131" dir="0" index="0" bw="16" slack="1"/>
<pin id="3132" dir="1" index="1" bw="16" slack="1"/>
</pin_list>
<bind>
<opset="psum_74_load_reload_read "/>
</bind>
</comp>

<comp id="3135" class="1005" name="psum_66_load_reload_read_reg_3135">
<pin_list>
<pin id="3136" dir="0" index="0" bw="16" slack="1"/>
<pin id="3137" dir="1" index="1" bw="16" slack="1"/>
</pin_list>
<bind>
<opset="psum_66_load_reload_read "/>
</bind>
</comp>

<comp id="3140" class="1005" name="psum_58_load_reload_read_reg_3140">
<pin_list>
<pin id="3141" dir="0" index="0" bw="16" slack="1"/>
<pin id="3142" dir="1" index="1" bw="16" slack="1"/>
</pin_list>
<bind>
<opset="psum_58_load_reload_read "/>
</bind>
</comp>

<comp id="3145" class="1005" name="psum_50_load_reload_read_reg_3145">
<pin_list>
<pin id="3146" dir="0" index="0" bw="16" slack="1"/>
<pin id="3147" dir="1" index="1" bw="16" slack="1"/>
</pin_list>
<bind>
<opset="psum_50_load_reload_read "/>
</bind>
</comp>

<comp id="3150" class="1005" name="psum_42_load_reload_read_reg_3150">
<pin_list>
<pin id="3151" dir="0" index="0" bw="16" slack="1"/>
<pin id="3152" dir="1" index="1" bw="16" slack="1"/>
</pin_list>
<bind>
<opset="psum_42_load_reload_read "/>
</bind>
</comp>

<comp id="3155" class="1005" name="psum_34_load_reload_read_reg_3155">
<pin_list>
<pin id="3156" dir="0" index="0" bw="16" slack="1"/>
<pin id="3157" dir="1" index="1" bw="16" slack="1"/>
</pin_list>
<bind>
<opset="psum_34_load_reload_read "/>
</bind>
</comp>

<comp id="3160" class="1005" name="psum_26_load_reload_read_reg_3160">
<pin_list>
<pin id="3161" dir="0" index="0" bw="16" slack="1"/>
<pin id="3162" dir="1" index="1" bw="16" slack="1"/>
</pin_list>
<bind>
<opset="psum_26_load_reload_read "/>
</bind>
</comp>

<comp id="3165" class="1005" name="psum_18_load_reload_read_reg_3165">
<pin_list>
<pin id="3166" dir="0" index="0" bw="16" slack="1"/>
<pin id="3167" dir="1" index="1" bw="16" slack="1"/>
</pin_list>
<bind>
<opset="psum_18_load_reload_read "/>
</bind>
</comp>

<comp id="3170" class="1005" name="psum_10_load_reload_read_reg_3170">
<pin_list>
<pin id="3171" dir="0" index="0" bw="16" slack="1"/>
<pin id="3172" dir="1" index="1" bw="16" slack="1"/>
</pin_list>
<bind>
<opset="psum_10_load_reload_read "/>
</bind>
</comp>

<comp id="3175" class="1005" name="psum_2_load_reload_read_reg_3175">
<pin_list>
<pin id="3176" dir="0" index="0" bw="16" slack="1"/>
<pin id="3177" dir="1" index="1" bw="16" slack="1"/>
</pin_list>
<bind>
<opset="psum_2_load_reload_read "/>
</bind>
</comp>

<comp id="3180" class="1005" name="psum_121_load_reload_read_reg_3180">
<pin_list>
<pin id="3181" dir="0" index="0" bw="16" slack="1"/>
<pin id="3182" dir="1" index="1" bw="16" slack="1"/>
</pin_list>
<bind>
<opset="psum_121_load_reload_read "/>
</bind>
</comp>

<comp id="3185" class="1005" name="psum_113_load_reload_read_reg_3185">
<pin_list>
<pin id="3186" dir="0" index="0" bw="16" slack="1"/>
<pin id="3187" dir="1" index="1" bw="16" slack="1"/>
</pin_list>
<bind>
<opset="psum_113_load_reload_read "/>
</bind>
</comp>

<comp id="3190" class="1005" name="psum_105_load_reload_read_reg_3190">
<pin_list>
<pin id="3191" dir="0" index="0" bw="16" slack="1"/>
<pin id="3192" dir="1" index="1" bw="16" slack="1"/>
</pin_list>
<bind>
<opset="psum_105_load_reload_read "/>
</bind>
</comp>

<comp id="3195" class="1005" name="psum_97_load_reload_read_reg_3195">
<pin_list>
<pin id="3196" dir="0" index="0" bw="16" slack="1"/>
<pin id="3197" dir="1" index="1" bw="16" slack="1"/>
</pin_list>
<bind>
<opset="psum_97_load_reload_read "/>
</bind>
</comp>

<comp id="3200" class="1005" name="psum_89_load_reload_read_reg_3200">
<pin_list>
<pin id="3201" dir="0" index="0" bw="16" slack="1"/>
<pin id="3202" dir="1" index="1" bw="16" slack="1"/>
</pin_list>
<bind>
<opset="psum_89_load_reload_read "/>
</bind>
</comp>

<comp id="3205" class="1005" name="psum_81_load_reload_read_reg_3205">
<pin_list>
<pin id="3206" dir="0" index="0" bw="16" slack="1"/>
<pin id="3207" dir="1" index="1" bw="16" slack="1"/>
</pin_list>
<bind>
<opset="psum_81_load_reload_read "/>
</bind>
</comp>

<comp id="3210" class="1005" name="psum_73_load_reload_read_reg_3210">
<pin_list>
<pin id="3211" dir="0" index="0" bw="16" slack="1"/>
<pin id="3212" dir="1" index="1" bw="16" slack="1"/>
</pin_list>
<bind>
<opset="psum_73_load_reload_read "/>
</bind>
</comp>

<comp id="3215" class="1005" name="psum_65_load_reload_read_reg_3215">
<pin_list>
<pin id="3216" dir="0" index="0" bw="16" slack="1"/>
<pin id="3217" dir="1" index="1" bw="16" slack="1"/>
</pin_list>
<bind>
<opset="psum_65_load_reload_read "/>
</bind>
</comp>

<comp id="3220" class="1005" name="psum_57_load_reload_read_reg_3220">
<pin_list>
<pin id="3221" dir="0" index="0" bw="16" slack="1"/>
<pin id="3222" dir="1" index="1" bw="16" slack="1"/>
</pin_list>
<bind>
<opset="psum_57_load_reload_read "/>
</bind>
</comp>

<comp id="3225" class="1005" name="psum_49_load_reload_read_reg_3225">
<pin_list>
<pin id="3226" dir="0" index="0" bw="16" slack="1"/>
<pin id="3227" dir="1" index="1" bw="16" slack="1"/>
</pin_list>
<bind>
<opset="psum_49_load_reload_read "/>
</bind>
</comp>

<comp id="3230" class="1005" name="psum_41_load_reload_read_reg_3230">
<pin_list>
<pin id="3231" dir="0" index="0" bw="16" slack="1"/>
<pin id="3232" dir="1" index="1" bw="16" slack="1"/>
</pin_list>
<bind>
<opset="psum_41_load_reload_read "/>
</bind>
</comp>

<comp id="3235" class="1005" name="psum_33_load_reload_read_reg_3235">
<pin_list>
<pin id="3236" dir="0" index="0" bw="16" slack="1"/>
<pin id="3237" dir="1" index="1" bw="16" slack="1"/>
</pin_list>
<bind>
<opset="psum_33_load_reload_read "/>
</bind>
</comp>

<comp id="3240" class="1005" name="psum_25_load_reload_read_reg_3240">
<pin_list>
<pin id="3241" dir="0" index="0" bw="16" slack="1"/>
<pin id="3242" dir="1" index="1" bw="16" slack="1"/>
</pin_list>
<bind>
<opset="psum_25_load_reload_read "/>
</bind>
</comp>

<comp id="3245" class="1005" name="psum_17_load_reload_read_reg_3245">
<pin_list>
<pin id="3246" dir="0" index="0" bw="16" slack="1"/>
<pin id="3247" dir="1" index="1" bw="16" slack="1"/>
</pin_list>
<bind>
<opset="psum_17_load_reload_read "/>
</bind>
</comp>

<comp id="3250" class="1005" name="psum_9_load_reload_read_reg_3250">
<pin_list>
<pin id="3251" dir="0" index="0" bw="16" slack="1"/>
<pin id="3252" dir="1" index="1" bw="16" slack="1"/>
</pin_list>
<bind>
<opset="psum_9_load_reload_read "/>
</bind>
</comp>

<comp id="3255" class="1005" name="psum_1_load_reload_read_reg_3255">
<pin_list>
<pin id="3256" dir="0" index="0" bw="16" slack="1"/>
<pin id="3257" dir="1" index="1" bw="16" slack="1"/>
</pin_list>
<bind>
<opset="psum_1_load_reload_read "/>
</bind>
</comp>

<comp id="3260" class="1005" name="psum_120_load_reload_read_reg_3260">
<pin_list>
<pin id="3261" dir="0" index="0" bw="16" slack="1"/>
<pin id="3262" dir="1" index="1" bw="16" slack="1"/>
</pin_list>
<bind>
<opset="psum_120_load_reload_read "/>
</bind>
</comp>

<comp id="3265" class="1005" name="psum_112_load_reload_read_reg_3265">
<pin_list>
<pin id="3266" dir="0" index="0" bw="16" slack="1"/>
<pin id="3267" dir="1" index="1" bw="16" slack="1"/>
</pin_list>
<bind>
<opset="psum_112_load_reload_read "/>
</bind>
</comp>

<comp id="3270" class="1005" name="psum_104_load_reload_read_reg_3270">
<pin_list>
<pin id="3271" dir="0" index="0" bw="16" slack="1"/>
<pin id="3272" dir="1" index="1" bw="16" slack="1"/>
</pin_list>
<bind>
<opset="psum_104_load_reload_read "/>
</bind>
</comp>

<comp id="3275" class="1005" name="psum_96_load_reload_read_reg_3275">
<pin_list>
<pin id="3276" dir="0" index="0" bw="16" slack="1"/>
<pin id="3277" dir="1" index="1" bw="16" slack="1"/>
</pin_list>
<bind>
<opset="psum_96_load_reload_read "/>
</bind>
</comp>

<comp id="3280" class="1005" name="psum_88_load_reload_read_reg_3280">
<pin_list>
<pin id="3281" dir="0" index="0" bw="16" slack="1"/>
<pin id="3282" dir="1" index="1" bw="16" slack="1"/>
</pin_list>
<bind>
<opset="psum_88_load_reload_read "/>
</bind>
</comp>

<comp id="3285" class="1005" name="psum_80_load_reload_read_reg_3285">
<pin_list>
<pin id="3286" dir="0" index="0" bw="16" slack="1"/>
<pin id="3287" dir="1" index="1" bw="16" slack="1"/>
</pin_list>
<bind>
<opset="psum_80_load_reload_read "/>
</bind>
</comp>

<comp id="3290" class="1005" name="psum_72_load_reload_read_reg_3290">
<pin_list>
<pin id="3291" dir="0" index="0" bw="16" slack="1"/>
<pin id="3292" dir="1" index="1" bw="16" slack="1"/>
</pin_list>
<bind>
<opset="psum_72_load_reload_read "/>
</bind>
</comp>

<comp id="3295" class="1005" name="psum_64_load_reload_read_reg_3295">
<pin_list>
<pin id="3296" dir="0" index="0" bw="16" slack="1"/>
<pin id="3297" dir="1" index="1" bw="16" slack="1"/>
</pin_list>
<bind>
<opset="psum_64_load_reload_read "/>
</bind>
</comp>

<comp id="3300" class="1005" name="psum_56_load_reload_read_reg_3300">
<pin_list>
<pin id="3301" dir="0" index="0" bw="16" slack="1"/>
<pin id="3302" dir="1" index="1" bw="16" slack="1"/>
</pin_list>
<bind>
<opset="psum_56_load_reload_read "/>
</bind>
</comp>

<comp id="3305" class="1005" name="psum_48_load_reload_read_reg_3305">
<pin_list>
<pin id="3306" dir="0" index="0" bw="16" slack="1"/>
<pin id="3307" dir="1" index="1" bw="16" slack="1"/>
</pin_list>
<bind>
<opset="psum_48_load_reload_read "/>
</bind>
</comp>

<comp id="3310" class="1005" name="psum_40_load_reload_read_reg_3310">
<pin_list>
<pin id="3311" dir="0" index="0" bw="16" slack="1"/>
<pin id="3312" dir="1" index="1" bw="16" slack="1"/>
</pin_list>
<bind>
<opset="psum_40_load_reload_read "/>
</bind>
</comp>

<comp id="3315" class="1005" name="psum_32_load_reload_read_reg_3315">
<pin_list>
<pin id="3316" dir="0" index="0" bw="16" slack="1"/>
<pin id="3317" dir="1" index="1" bw="16" slack="1"/>
</pin_list>
<bind>
<opset="psum_32_load_reload_read "/>
</bind>
</comp>

<comp id="3320" class="1005" name="psum_24_load_reload_read_reg_3320">
<pin_list>
<pin id="3321" dir="0" index="0" bw="16" slack="1"/>
<pin id="3322" dir="1" index="1" bw="16" slack="1"/>
</pin_list>
<bind>
<opset="psum_24_load_reload_read "/>
</bind>
</comp>

<comp id="3325" class="1005" name="psum_16_load_reload_read_reg_3325">
<pin_list>
<pin id="3326" dir="0" index="0" bw="16" slack="1"/>
<pin id="3327" dir="1" index="1" bw="16" slack="1"/>
</pin_list>
<bind>
<opset="psum_16_load_reload_read "/>
</bind>
</comp>

<comp id="3330" class="1005" name="psum_8_load_reload_read_reg_3330">
<pin_list>
<pin id="3331" dir="0" index="0" bw="16" slack="1"/>
<pin id="3332" dir="1" index="1" bw="16" slack="1"/>
</pin_list>
<bind>
<opset="psum_8_load_reload_read "/>
</bind>
</comp>

<comp id="3335" class="1005" name="psum_load_reload_read_reg_3335">
<pin_list>
<pin id="3336" dir="0" index="0" bw="16" slack="1"/>
<pin id="3337" dir="1" index="1" bw="16" slack="1"/>
</pin_list>
<bind>
<opset="psum_load_reload_read "/>
</bind>
</comp>

<comp id="3340" class="1005" name="zext_ln201_cast_reg_3340">
<pin_list>
<pin id="3341" dir="0" index="0" bw="10" slack="21"/>
<pin id="3342" dir="1" index="1" bw="10" slack="21"/>
</pin_list>
<bind>
<opset="zext_ln201_cast "/>
</bind>
</comp>

<comp id="3345" class="1005" name="pe_1_reg_3345">
<pin_list>
<pin id="3346" dir="0" index="0" bw="5" slack="1"/>
<pin id="3347" dir="1" index="1" bw="5" slack="1"/>
</pin_list>
<bind>
<opset="pe_1 "/>
</bind>
</comp>

<comp id="3351" class="1005" name="icmp_ln315_reg_3351">
<pin_list>
<pin id="3352" dir="0" index="0" bw="1" slack="37"/>
<pin id="3353" dir="1" index="1" bw="1" slack="2147483647"/>
</pin_list>
<bind>
<opset="icmp_ln315 "/>
</bind>
</comp>

<comp id="3355" class="1005" name="trunc_ln323_reg_3355">
<pin_list>
<pin id="3356" dir="0" index="0" bw="4" slack="20"/>
<pin id="3357" dir="1" index="1" bw="4" slack="20"/>
</pin_list>
<bind>
<opset="trunc_ln323 "/>
</bind>
</comp>

<comp id="3362" class="1005" name="tmp_31_reg_3362">
<pin_list>
<pin id="3363" dir="0" index="0" bw="16" slack="1"/>
<pin id="3364" dir="1" index="1" bw="16" slack="1"/>
</pin_list>
<bind>
<opset="tmp_31 "/>
</bind>
</comp>

<comp id="3367" class="1005" name="tmp_32_reg_3367">
<pin_list>
<pin id="3368" dir="0" index="0" bw="16" slack="1"/>
<pin id="3369" dir="1" index="1" bw="16" slack="1"/>
</pin_list>
<bind>
<opset="tmp_32 "/>
</bind>
</comp>

<comp id="3372" class="1005" name="tmp_s_reg_3372">
<pin_list>
<pin id="3373" dir="0" index="0" bw="16" slack="1"/>
<pin id="3374" dir="1" index="1" bw="16" slack="1"/>
</pin_list>
<bind>
<opset="tmp_s "/>
</bind>
</comp>

<comp id="3377" class="1005" name="tmp_33_reg_3377">
<pin_list>
<pin id="3378" dir="0" index="0" bw="16" slack="1"/>
<pin id="3379" dir="1" index="1" bw="16" slack="1"/>
</pin_list>
<bind>
<opset="tmp_33 "/>
</bind>
</comp>

<comp id="3382" class="1005" name="tmp_34_reg_3382">
<pin_list>
<pin id="3383" dir="0" index="0" bw="16" slack="1"/>
<pin id="3384" dir="1" index="1" bw="16" slack="1"/>
</pin_list>
<bind>
<opset="tmp_34 "/>
</bind>
</comp>

<comp id="3387" class="1005" name="tmp_35_reg_3387">
<pin_list>
<pin id="3388" dir="0" index="0" bw="16" slack="1"/>
<pin id="3389" dir="1" index="1" bw="16" slack="1"/>
</pin_list>
<bind>
<opset="tmp_35 "/>
</bind>
</comp>

<comp id="3392" class="1005" name="tmp_36_reg_3392">
<pin_list>
<pin id="3393" dir="0" index="0" bw="16" slack="1"/>
<pin id="3394" dir="1" index="1" bw="16" slack="1"/>
</pin_list>
<bind>
<opset="tmp_36 "/>
</bind>
</comp>

<comp id="3397" class="1005" name="tmp_37_reg_3397">
<pin_list>
<pin id="3398" dir="0" index="0" bw="16" slack="1"/>
<pin id="3399" dir="1" index="1" bw="16" slack="1"/>
</pin_list>
<bind>
<opset="tmp_37 "/>
</bind>
</comp>

<comp id="3402" class="1005" name="add_reg_3402">
<pin_list>
<pin id="3403" dir="0" index="0" bw="16" slack="1"/>
<pin id="3404" dir="1" index="1" bw="16" slack="1"/>
</pin_list>
<bind>
<opset="add "/>
</bind>
</comp>

<comp id="3407" class="1005" name="add14_reg_3407">
<pin_list>
<pin id="3408" dir="0" index="0" bw="16" slack="1"/>
<pin id="3409" dir="1" index="1" bw="16" slack="1"/>
</pin_list>
<bind>
<opset="add14 "/>
</bind>
</comp>

<comp id="3412" class="1005" name="add16_reg_3412">
<pin_list>
<pin id="3413" dir="0" index="0" bw="16" slack="1"/>
<pin id="3414" dir="1" index="1" bw="16" slack="1"/>
</pin_list>
<bind>
<opset="add16 "/>
</bind>
</comp>

<comp id="3417" class="1005" name="add17_reg_3417">
<pin_list>
<pin id="3418" dir="0" index="0" bw="16" slack="1"/>
<pin id="3419" dir="1" index="1" bw="16" slack="1"/>
</pin_list>
<bind>
<opset="add17 "/>
</bind>
</comp>

<comp id="3422" class="1005" name="add15_reg_3422">
<pin_list>
<pin id="3423" dir="0" index="0" bw="16" slack="1"/>
<pin id="3424" dir="1" index="1" bw="16" slack="1"/>
</pin_list>
<bind>
<opset="add15 "/>
</bind>
</comp>

<comp id="3427" class="1005" name="add18_reg_3427">
<pin_list>
<pin id="3428" dir="0" index="0" bw="16" slack="1"/>
<pin id="3429" dir="1" index="1" bw="16" slack="1"/>
</pin_list>
<bind>
<opset="add18 "/>
</bind>
</comp>

<comp id="3432" class="1005" name="total_reg_3432">
<pin_list>
<pin id="3433" dir="0" index="0" bw="16" slack="1"/>
<pin id="3434" dir="1" index="1" bw="16" slack="1"/>
</pin_list>
<bind>
<opset="total "/>
</bind>
</comp>

<comp id="3437" class="1005" name="fout_reg_3437">
<pin_list>
<pin id="3438" dir="0" index="0" bw="16" slack="1"/>
<pin id="3439" dir="1" index="1" bw="16" slack="1"/>
</pin_list>
<bind>
<opset="fout "/>
</bind>
</comp>

<comp id="3458" class="1005" name="ff_reg_3458">
<pin_list>
<pin id="3459" dir="0" index="0" bw="32" slack="1"/>
<pin id="3460" dir="1" index="1" bw="32" slack="1"/>
</pin_list>
<bind>
<opset="ff "/>
</bind>
</comp>

<comp id="3465" class="1005" name="tmp_38_reg_3465">
<pin_list>
<pin id="3466" dir="0" index="0" bw="32" slack="1"/>
<pin id="3467" dir="1" index="1" bw="32" slack="1"/>
</pin_list>
<bind>
<opset="tmp_38 "/>
</bind>
</comp>

<comp id="3470" class="1005" name="mul16_reg_3470">
<pin_list>
<pin id="3471" dir="0" index="0" bw="32" slack="1"/>
<pin id="3472" dir="1" index="1" bw="32" slack="1"/>
</pin_list>
<bind>
<opset="mul16 "/>
</bind>
</comp>

<comp id="3475" class="1005" name="tmp_39_reg_3475">
<pin_list>
<pin id="3476" dir="0" index="0" bw="32" slack="1"/>
<pin id="3477" dir="1" index="1" bw="32" slack="1"/>
</pin_list>
<bind>
<opset="tmp_39 "/>
</bind>
</comp>

</comp_list>

<net_list>
<net id="451"><net_src comp="358" pin="0"/><net_sink comp="448" pin=0"/></net>

<net id="456"><net_src comp="360" pin="0"/><net_sink comp="452" pin=0"/></net>

<net id="457"><net_src comp="356" pin="0"/><net_sink comp="452" pin=1"/></net>

<net id="462"><net_src comp="362" pin="0"/><net_sink comp="458" pin=0"/></net>

<net id="463"><net_src comp="354" pin="0"/><net_sink comp="458" pin=1"/></net>

<net id="468"><net_src comp="362" pin="0"/><net_sink comp="464" pin=0"/></net>

<net id="469"><net_src comp="352" pin="0"/><net_sink comp="464" pin=1"/></net>

<net id="474"><net_src comp="362" pin="0"/><net_sink comp="470" pin=0"/></net>

<net id="475"><net_src comp="350" pin="0"/><net_sink comp="470" pin=1"/></net>

<net id="480"><net_src comp="362" pin="0"/><net_sink comp="476" pin=0"/></net>

<net id="481"><net_src comp="348" pin="0"/><net_sink comp="476" pin=1"/></net>

<net id="486"><net_src comp="362" pin="0"/><net_sink comp="482" pin=0"/></net>

<net id="487"><net_src comp="346" pin="0"/><net_sink comp="482" pin=1"/></net>

<net id="492"><net_src comp="362" pin="0"/><net_sink comp="488" pin=0"/></net>

<net id="493"><net_src comp="344" pin="0"/><net_sink comp="488" pin=1"/></net>

<net id="498"><net_src comp="362" pin="0"/><net_sink comp="494" pin=0"/></net>

<net id="499"><net_src comp="342" pin="0"/><net_sink comp="494" pin=1"/></net>

<net id="504"><net_src comp="362" pin="0"/><net_sink comp="500" pin=0"/></net>

<net id="505"><net_src comp="340" pin="0"/><net_sink comp="500" pin=1"/></net>

<net id="510"><net_src comp="362" pin="0"/><net_sink comp="506" pin=0"/></net>

<net id="511"><net_src comp="338" pin="0"/><net_sink comp="506" pin=1"/></net>

<net id="516"><net_src comp="362" pin="0"/><net_sink comp="512" pin=0"/></net>

<net id="517"><net_src comp="336" pin="0"/><net_sink comp="512" pin=1"/></net>

<net id="522"><net_src comp="362" pin="0"/><net_sink comp="518" pin=0"/></net>

<net id="523"><net_src comp="334" pin="0"/><net_sink comp="518" pin=1"/></net>

<net id="528"><net_src comp="362" pin="0"/><net_sink comp="524" pin=0"/></net>

<net id="529"><net_src comp="332" pin="0"/><net_sink comp="524" pin=1"/></net>

<net id="534"><net_src comp="362" pin="0"/><net_sink comp="530" pin=0"/></net>

<net id="535"><net_src comp="330" pin="0"/><net_sink comp="530" pin=1"/></net>

<net id="540"><net_src comp="362" pin="0"/><net_sink comp="536" pin=0"/></net>

<net id="541"><net_src comp="328" pin="0"/><net_sink comp="536" pin=1"/></net>

<net id="546"><net_src comp="362" pin="0"/><net_sink comp="542" pin=0"/></net>

<net id="547"><net_src comp="326" pin="0"/><net_sink comp="542" pin=1"/></net>

<net id="552"><net_src comp="362" pin="0"/><net_sink comp="548" pin=0"/></net>

<net id="553"><net_src comp="324" pin="0"/><net_sink comp="548" pin=1"/></net>

<net id="558"><net_src comp="362" pin="0"/><net_sink comp="554" pin=0"/></net>

<net id="559"><net_src comp="322" pin="0"/><net_sink comp="554" pin=1"/></net>

<net id="564"><net_src comp="362" pin="0"/><net_sink comp="560" pin=0"/></net>

<net id="565"><net_src comp="320" pin="0"/><net_sink comp="560" pin=1"/></net>

<net id="570"><net_src comp="362" pin="0"/><net_sink comp="566" pin=0"/></net>

<net id="571"><net_src comp="318" pin="0"/><net_sink comp="566" pin=1"/></net>

<net id="576"><net_src comp="362" pin="0"/><net_sink comp="572" pin=0"/></net>

<net id="577"><net_src comp="316" pin="0"/><net_sink comp="572" pin=1"/></net>

<net id="582"><net_src comp="362" pin="0"/><net_sink comp="578" pin=0"/></net>

<net id="583"><net_src comp="314" pin="0"/><net_sink comp="578" pin=1"/></net>

<net id="588"><net_src comp="362" pin="0"/><net_sink comp="584" pin=0"/></net>

<net id="589"><net_src comp="312" pin="0"/><net_sink comp="584" pin=1"/></net>

<net id="594"><net_src comp="362" pin="0"/><net_sink comp="590" pin=0"/></net>

<net id="595"><net_src comp="310" pin="0"/><net_sink comp="590" pin=1"/></net>

<net id="600"><net_src comp="362" pin="0"/><net_sink comp="596" pin=0"/></net>

<net id="601"><net_src comp="308" pin="0"/><net_sink comp="596" pin=1"/></net>

<net id="606"><net_src comp="362" pin="0"/><net_sink comp="602" pin=0"/></net>

<net id="607"><net_src comp="306" pin="0"/><net_sink comp="602" pin=1"/></net>

<net id="612"><net_src comp="362" pin="0"/><net_sink comp="608" pin=0"/></net>

<net id="613"><net_src comp="304" pin="0"/><net_sink comp="608" pin=1"/></net>

<net id="618"><net_src comp="362" pin="0"/><net_sink comp="614" pin=0"/></net>

<net id="619"><net_src comp="302" pin="0"/><net_sink comp="614" pin=1"/></net>

<net id="624"><net_src comp="362" pin="0"/><net_sink comp="620" pin=0"/></net>

<net id="625"><net_src comp="300" pin="0"/><net_sink comp="620" pin=1"/></net>

<net id="630"><net_src comp="362" pin="0"/><net_sink comp="626" pin=0"/></net>

<net id="631"><net_src comp="298" pin="0"/><net_sink comp="626" pin=1"/></net>

<net id="636"><net_src comp="362" pin="0"/><net_sink comp="632" pin=0"/></net>

<net id="637"><net_src comp="296" pin="0"/><net_sink comp="632" pin=1"/></net>

<net id="642"><net_src comp="362" pin="0"/><net_sink comp="638" pin=0"/></net>

<net id="643"><net_src comp="294" pin="0"/><net_sink comp="638" pin=1"/></net>

<net id="648"><net_src comp="362" pin="0"/><net_sink comp="644" pin=0"/></net>

<net id="649"><net_src comp="292" pin="0"/><net_sink comp="644" pin=1"/></net>

<net id="654"><net_src comp="362" pin="0"/><net_sink comp="650" pin=0"/></net>

<net id="655"><net_src comp="290" pin="0"/><net_sink comp="650" pin=1"/></net>

<net id="660"><net_src comp="362" pin="0"/><net_sink comp="656" pin=0"/></net>

<net id="661"><net_src comp="288" pin="0"/><net_sink comp="656" pin=1"/></net>

<net id="666"><net_src comp="362" pin="0"/><net_sink comp="662" pin=0"/></net>

<net id="667"><net_src comp="286" pin="0"/><net_sink comp="662" pin=1"/></net>

<net id="672"><net_src comp="362" pin="0"/><net_sink comp="668" pin=0"/></net>

<net id="673"><net_src comp="284" pin="0"/><net_sink comp="668" pin=1"/></net>

<net id="678"><net_src comp="362" pin="0"/><net_sink comp="674" pin=0"/></net>

<net id="679"><net_src comp="282" pin="0"/><net_sink comp="674" pin=1"/></net>

<net id="684"><net_src comp="362" pin="0"/><net_sink comp="680" pin=0"/></net>

<net id="685"><net_src comp="280" pin="0"/><net_sink comp="680" pin=1"/></net>

<net id="690"><net_src comp="362" pin="0"/><net_sink comp="686" pin=0"/></net>

<net id="691"><net_src comp="278" pin="0"/><net_sink comp="686" pin=1"/></net>

<net id="696"><net_src comp="362" pin="0"/><net_sink comp="692" pin=0"/></net>

<net id="697"><net_src comp="276" pin="0"/><net_sink comp="692" pin=1"/></net>

<net id="702"><net_src comp="362" pin="0"/><net_sink comp="698" pin=0"/></net>

<net id="703"><net_src comp="274" pin="0"/><net_sink comp="698" pin=1"/></net>

<net id="708"><net_src comp="362" pin="0"/><net_sink comp="704" pin=0"/></net>

<net id="709"><net_src comp="272" pin="0"/><net_sink comp="704" pin=1"/></net>

<net id="714"><net_src comp="362" pin="0"/><net_sink comp="710" pin=0"/></net>

<net id="715"><net_src comp="270" pin="0"/><net_sink comp="710" pin=1"/></net>

<net id="720"><net_src comp="362" pin="0"/><net_sink comp="716" pin=0"/></net>

<net id="721"><net_src comp="268" pin="0"/><net_sink comp="716" pin=1"/></net>

<net id="726"><net_src comp="362" pin="0"/><net_sink comp="722" pin=0"/></net>

<net id="727"><net_src comp="266" pin="0"/><net_sink comp="722" pin=1"/></net>

<net id="732"><net_src comp="362" pin="0"/><net_sink comp="728" pin=0"/></net>

<net id="733"><net_src comp="264" pin="0"/><net_sink comp="728" pin=1"/></net>

<net id="738"><net_src comp="362" pin="0"/><net_sink comp="734" pin=0"/></net>

<net id="739"><net_src comp="262" pin="0"/><net_sink comp="734" pin=1"/></net>

<net id="744"><net_src comp="362" pin="0"/><net_sink comp="740" pin=0"/></net>

<net id="745"><net_src comp="260" pin="0"/><net_sink comp="740" pin=1"/></net>

<net id="750"><net_src comp="362" pin="0"/><net_sink comp="746" pin=0"/></net>

<net id="751"><net_src comp="258" pin="0"/><net_sink comp="746" pin=1"/></net>

<net id="756"><net_src comp="362" pin="0"/><net_sink comp="752" pin=0"/></net>

<net id="757"><net_src comp="256" pin="0"/><net_sink comp="752" pin=1"/></net>

<net id="762"><net_src comp="362" pin="0"/><net_sink comp="758" pin=0"/></net>

<net id="763"><net_src comp="254" pin="0"/><net_sink comp="758" pin=1"/></net>

<net id="768"><net_src comp="362" pin="0"/><net_sink comp="764" pin=0"/></net>

<net id="769"><net_src comp="252" pin="0"/><net_sink comp="764" pin=1"/></net>

<net id="774"><net_src comp="362" pin="0"/><net_sink comp="770" pin=0"/></net>

<net id="775"><net_src comp="250" pin="0"/><net_sink comp="770" pin=1"/></net>

<net id="780"><net_src comp="362" pin="0"/><net_sink comp="776" pin=0"/></net>

<net id="781"><net_src comp="248" pin="0"/><net_sink comp="776" pin=1"/></net>

<net id="786"><net_src comp="362" pin="0"/><net_sink comp="782" pin=0"/></net>

<net id="787"><net_src comp="246" pin="0"/><net_sink comp="782" pin=1"/></net>

<net id="792"><net_src comp="362" pin="0"/><net_sink comp="788" pin=0"/></net>

<net id="793"><net_src comp="244" pin="0"/><net_sink comp="788" pin=1"/></net>

<net id="798"><net_src comp="362" pin="0"/><net_sink comp="794" pin=0"/></net>

<net id="799"><net_src comp="242" pin="0"/><net_sink comp="794" pin=1"/></net>

<net id="804"><net_src comp="362" pin="0"/><net_sink comp="800" pin=0"/></net>

<net id="805"><net_src comp="240" pin="0"/><net_sink comp="800" pin=1"/></net>

<net id="810"><net_src comp="362" pin="0"/><net_sink comp="806" pin=0"/></net>

<net id="811"><net_src comp="238" pin="0"/><net_sink comp="806" pin=1"/></net>

<net id="816"><net_src comp="362" pin="0"/><net_sink comp="812" pin=0"/></net>

<net id="817"><net_src comp="236" pin="0"/><net_sink comp="812" pin=1"/></net>

<net id="822"><net_src comp="362" pin="0"/><net_sink comp="818" pin=0"/></net>

<net id="823"><net_src comp="234" pin="0"/><net_sink comp="818" pin=1"/></net>

<net id="828"><net_src comp="362" pin="0"/><net_sink comp="824" pin=0"/></net>

<net id="829"><net_src comp="232" pin="0"/><net_sink comp="824" pin=1"/></net>

<net id="834"><net_src comp="362" pin="0"/><net_sink comp="830" pin=0"/></net>

<net id="835"><net_src comp="230" pin="0"/><net_sink comp="830" pin=1"/></net>

<net id="840"><net_src comp="362" pin="0"/><net_sink comp="836" pin=0"/></net>

<net id="841"><net_src comp="228" pin="0"/><net_sink comp="836" pin=1"/></net>

<net id="846"><net_src comp="362" pin="0"/><net_sink comp="842" pin=0"/></net>

<net id="847"><net_src comp="226" pin="0"/><net_sink comp="842" pin=1"/></net>

<net id="852"><net_src comp="362" pin="0"/><net_sink comp="848" pin=0"/></net>

<net id="853"><net_src comp="224" pin="0"/><net_sink comp="848" pin=1"/></net>

<net id="858"><net_src comp="362" pin="0"/><net_sink comp="854" pin=0"/></net>

<net id="859"><net_src comp="222" pin="0"/><net_sink comp="854" pin=1"/></net>

<net id="864"><net_src comp="362" pin="0"/><net_sink comp="860" pin=0"/></net>

<net id="865"><net_src comp="220" pin="0"/><net_sink comp="860" pin=1"/></net>

<net id="870"><net_src comp="362" pin="0"/><net_sink comp="866" pin=0"/></net>

<net id="871"><net_src comp="218" pin="0"/><net_sink comp="866" pin=1"/></net>

<net id="876"><net_src comp="362" pin="0"/><net_sink comp="872" pin=0"/></net>

<net id="877"><net_src comp="216" pin="0"/><net_sink comp="872" pin=1"/></net>

<net id="882"><net_src comp="362" pin="0"/><net_sink comp="878" pin=0"/></net>

<net id="883"><net_src comp="214" pin="0"/><net_sink comp="878" pin=1"/></net>

<net id="888"><net_src comp="362" pin="0"/><net_sink comp="884" pin=0"/></net>

<net id="889"><net_src comp="212" pin="0"/><net_sink comp="884" pin=1"/></net>

<net id="894"><net_src comp="362" pin="0"/><net_sink comp="890" pin=0"/></net>

<net id="895"><net_src comp="210" pin="0"/><net_sink comp="890" pin=1"/></net>

<net id="900"><net_src comp="362" pin="0"/><net_sink comp="896" pin=0"/></net>

<net id="901"><net_src comp="208" pin="0"/><net_sink comp="896" pin=1"/></net>

<net id="906"><net_src comp="362" pin="0"/><net_sink comp="902" pin=0"/></net>

<net id="907"><net_src comp="206" pin="0"/><net_sink comp="902" pin=1"/></net>

<net id="912"><net_src comp="362" pin="0"/><net_sink comp="908" pin=0"/></net>

<net id="913"><net_src comp="204" pin="0"/><net_sink comp="908" pin=1"/></net>

<net id="918"><net_src comp="362" pin="0"/><net_sink comp="914" pin=0"/></net>

<net id="919"><net_src comp="202" pin="0"/><net_sink comp="914" pin=1"/></net>

<net id="924"><net_src comp="362" pin="0"/><net_sink comp="920" pin=0"/></net>

<net id="925"><net_src comp="200" pin="0"/><net_sink comp="920" pin=1"/></net>

<net id="930"><net_src comp="362" pin="0"/><net_sink comp="926" pin=0"/></net>

<net id="931"><net_src comp="198" pin="0"/><net_sink comp="926" pin=1"/></net>

<net id="936"><net_src comp="362" pin="0"/><net_sink comp="932" pin=0"/></net>

<net id="937"><net_src comp="196" pin="0"/><net_sink comp="932" pin=1"/></net>

<net id="942"><net_src comp="362" pin="0"/><net_sink comp="938" pin=0"/></net>

<net id="943"><net_src comp="194" pin="0"/><net_sink comp="938" pin=1"/></net>

<net id="948"><net_src comp="362" pin="0"/><net_sink comp="944" pin=0"/></net>

<net id="949"><net_src comp="192" pin="0"/><net_sink comp="944" pin=1"/></net>

<net id="954"><net_src comp="362" pin="0"/><net_sink comp="950" pin=0"/></net>

<net id="955"><net_src comp="190" pin="0"/><net_sink comp="950" pin=1"/></net>

<net id="960"><net_src comp="362" pin="0"/><net_sink comp="956" pin=0"/></net>

<net id="961"><net_src comp="188" pin="0"/><net_sink comp="956" pin=1"/></net>

<net id="966"><net_src comp="362" pin="0"/><net_sink comp="962" pin=0"/></net>

<net id="967"><net_src comp="186" pin="0"/><net_sink comp="962" pin=1"/></net>

<net id="972"><net_src comp="362" pin="0"/><net_sink comp="968" pin=0"/></net>

<net id="973"><net_src comp="184" pin="0"/><net_sink comp="968" pin=1"/></net>

<net id="978"><net_src comp="362" pin="0"/><net_sink comp="974" pin=0"/></net>

<net id="979"><net_src comp="182" pin="0"/><net_sink comp="974" pin=1"/></net>

<net id="984"><net_src comp="362" pin="0"/><net_sink comp="980" pin=0"/></net>

<net id="985"><net_src comp="180" pin="0"/><net_sink comp="980" pin=1"/></net>

<net id="990"><net_src comp="362" pin="0"/><net_sink comp="986" pin=0"/></net>

<net id="991"><net_src comp="178" pin="0"/><net_sink comp="986" pin=1"/></net>

<net id="996"><net_src comp="362" pin="0"/><net_sink comp="992" pin=0"/></net>

<net id="997"><net_src comp="176" pin="0"/><net_sink comp="992" pin=1"/></net>

<net id="1002"><net_src comp="362" pin="0"/><net_sink comp="998" pin=0"/></net>

<net id="1003"><net_src comp="174" pin="0"/><net_sink comp="998" pin=1"/></net>

<net id="1008"><net_src comp="362" pin="0"/><net_sink comp="1004" pin=0"/></net>

<net id="1009"><net_src comp="172" pin="0"/><net_sink comp="1004" pin=1"/></net>

<net id="1014"><net_src comp="362" pin="0"/><net_sink comp="1010" pin=0"/></net>

<net id="1015"><net_src comp="170" pin="0"/><net_sink comp="1010" pin=1"/></net>

<net id="1020"><net_src comp="362" pin="0"/><net_sink comp="1016" pin=0"/></net>

<net id="1021"><net_src comp="168" pin="0"/><net_sink comp="1016" pin=1"/></net>

<net id="1026"><net_src comp="362" pin="0"/><net_sink comp="1022" pin=0"/></net>

<net id="1027"><net_src comp="166" pin="0"/><net_sink comp="1022" pin=1"/></net>

<net id="1032"><net_src comp="362" pin="0"/><net_sink comp="1028" pin=0"/></net>

<net id="1033"><net_src comp="164" pin="0"/><net_sink comp="1028" pin=1"/></net>

<net id="1038"><net_src comp="362" pin="0"/><net_sink comp="1034" pin=0"/></net>

<net id="1039"><net_src comp="162" pin="0"/><net_sink comp="1034" pin=1"/></net>

<net id="1044"><net_src comp="362" pin="0"/><net_sink comp="1040" pin=0"/></net>

<net id="1045"><net_src comp="160" pin="0"/><net_sink comp="1040" pin=1"/></net>

<net id="1050"><net_src comp="362" pin="0"/><net_sink comp="1046" pin=0"/></net>

<net id="1051"><net_src comp="158" pin="0"/><net_sink comp="1046" pin=1"/></net>

<net id="1056"><net_src comp="362" pin="0"/><net_sink comp="1052" pin=0"/></net>

<net id="1057"><net_src comp="156" pin="0"/><net_sink comp="1052" pin=1"/></net>

<net id="1062"><net_src comp="362" pin="0"/><net_sink comp="1058" pin=0"/></net>

<net id="1063"><net_src comp="154" pin="0"/><net_sink comp="1058" pin=1"/></net>

<net id="1068"><net_src comp="362" pin="0"/><net_sink comp="1064" pin=0"/></net>

<net id="1069"><net_src comp="152" pin="0"/><net_sink comp="1064" pin=1"/></net>

<net id="1074"><net_src comp="362" pin="0"/><net_sink comp="1070" pin=0"/></net>

<net id="1075"><net_src comp="150" pin="0"/><net_sink comp="1070" pin=1"/></net>

<net id="1080"><net_src comp="362" pin="0"/><net_sink comp="1076" pin=0"/></net>

<net id="1081"><net_src comp="148" pin="0"/><net_sink comp="1076" pin=1"/></net>

<net id="1086"><net_src comp="362" pin="0"/><net_sink comp="1082" pin=0"/></net>

<net id="1087"><net_src comp="146" pin="0"/><net_sink comp="1082" pin=1"/></net>

<net id="1092"><net_src comp="362" pin="0"/><net_sink comp="1088" pin=0"/></net>

<net id="1093"><net_src comp="144" pin="0"/><net_sink comp="1088" pin=1"/></net>

<net id="1098"><net_src comp="362" pin="0"/><net_sink comp="1094" pin=0"/></net>

<net id="1099"><net_src comp="142" pin="0"/><net_sink comp="1094" pin=1"/></net>

<net id="1104"><net_src comp="362" pin="0"/><net_sink comp="1100" pin=0"/></net>

<net id="1105"><net_src comp="140" pin="0"/><net_sink comp="1100" pin=1"/></net>

<net id="1110"><net_src comp="362" pin="0"/><net_sink comp="1106" pin=0"/></net>

<net id="1111"><net_src comp="138" pin="0"/><net_sink comp="1106" pin=1"/></net>

<net id="1116"><net_src comp="362" pin="0"/><net_sink comp="1112" pin=0"/></net>

<net id="1117"><net_src comp="136" pin="0"/><net_sink comp="1112" pin=1"/></net>

<net id="1122"><net_src comp="362" pin="0"/><net_sink comp="1118" pin=0"/></net>

<net id="1123"><net_src comp="134" pin="0"/><net_sink comp="1118" pin=1"/></net>

<net id="1128"><net_src comp="362" pin="0"/><net_sink comp="1124" pin=0"/></net>

<net id="1129"><net_src comp="132" pin="0"/><net_sink comp="1124" pin=1"/></net>

<net id="1134"><net_src comp="362" pin="0"/><net_sink comp="1130" pin=0"/></net>

<net id="1135"><net_src comp="130" pin="0"/><net_sink comp="1130" pin=1"/></net>

<net id="1140"><net_src comp="362" pin="0"/><net_sink comp="1136" pin=0"/></net>

<net id="1141"><net_src comp="128" pin="0"/><net_sink comp="1136" pin=1"/></net>

<net id="1146"><net_src comp="362" pin="0"/><net_sink comp="1142" pin=0"/></net>

<net id="1147"><net_src comp="126" pin="0"/><net_sink comp="1142" pin=1"/></net>

<net id="1152"><net_src comp="362" pin="0"/><net_sink comp="1148" pin=0"/></net>

<net id="1153"><net_src comp="124" pin="0"/><net_sink comp="1148" pin=1"/></net>

<net id="1158"><net_src comp="362" pin="0"/><net_sink comp="1154" pin=0"/></net>

<net id="1159"><net_src comp="122" pin="0"/><net_sink comp="1154" pin=1"/></net>

<net id="1164"><net_src comp="362" pin="0"/><net_sink comp="1160" pin=0"/></net>

<net id="1165"><net_src comp="120" pin="0"/><net_sink comp="1160" pin=1"/></net>

<net id="1170"><net_src comp="362" pin="0"/><net_sink comp="1166" pin=0"/></net>

<net id="1171"><net_src comp="118" pin="0"/><net_sink comp="1166" pin=1"/></net>

<net id="1176"><net_src comp="362" pin="0"/><net_sink comp="1172" pin=0"/></net>

<net id="1177"><net_src comp="116" pin="0"/><net_sink comp="1172" pin=1"/></net>

<net id="1182"><net_src comp="362" pin="0"/><net_sink comp="1178" pin=0"/></net>

<net id="1183"><net_src comp="114" pin="0"/><net_sink comp="1178" pin=1"/></net>

<net id="1188"><net_src comp="362" pin="0"/><net_sink comp="1184" pin=0"/></net>

<net id="1189"><net_src comp="112" pin="0"/><net_sink comp="1184" pin=1"/></net>

<net id="1194"><net_src comp="362" pin="0"/><net_sink comp="1190" pin=0"/></net>

<net id="1195"><net_src comp="110" pin="0"/><net_sink comp="1190" pin=1"/></net>

<net id="1200"><net_src comp="362" pin="0"/><net_sink comp="1196" pin=0"/></net>

<net id="1201"><net_src comp="108" pin="0"/><net_sink comp="1196" pin=1"/></net>

<net id="1206"><net_src comp="362" pin="0"/><net_sink comp="1202" pin=0"/></net>

<net id="1207"><net_src comp="106" pin="0"/><net_sink comp="1202" pin=1"/></net>

<net id="1212"><net_src comp="362" pin="0"/><net_sink comp="1208" pin=0"/></net>

<net id="1213"><net_src comp="104" pin="0"/><net_sink comp="1208" pin=1"/></net>

<net id="1218"><net_src comp="362" pin="0"/><net_sink comp="1214" pin=0"/></net>

<net id="1219"><net_src comp="102" pin="0"/><net_sink comp="1214" pin=1"/></net>

<net id="1224"><net_src comp="362" pin="0"/><net_sink comp="1220" pin=0"/></net>

<net id="1225"><net_src comp="100" pin="0"/><net_sink comp="1220" pin=1"/></net>

<net id="1230"><net_src comp="362" pin="0"/><net_sink comp="1226" pin=0"/></net>

<net id="1231"><net_src comp="98" pin="0"/><net_sink comp="1226" pin=1"/></net>

<net id="1236"><net_src comp="364" pin="0"/><net_sink comp="1232" pin=0"/></net>

<net id="1237"><net_src comp="64" pin="0"/><net_sink comp="1232" pin=1"/></net>

<net id="1242"><net_src comp="440" pin="0"/><net_sink comp="1238" pin=0"/></net>

<net id="1243"><net_src comp="0" pin="0"/><net_sink comp="1238" pin=1"/></net>

<net id="1248"><net_src comp="440" pin="0"/><net_sink comp="1244" pin=0"/></net>

<net id="1249"><net_src comp="4" pin="0"/><net_sink comp="1244" pin=1"/></net>

<net id="1254"><net_src comp="440" pin="0"/><net_sink comp="1250" pin=0"/></net>

<net id="1255"><net_src comp="6" pin="0"/><net_sink comp="1250" pin=1"/></net>

<net id="1260"><net_src comp="440" pin="0"/><net_sink comp="1256" pin=0"/></net>

<net id="1261"><net_src comp="8" pin="0"/><net_sink comp="1256" pin=1"/></net>

<net id="1266"><net_src comp="440" pin="0"/><net_sink comp="1262" pin=0"/></net>

<net id="1267"><net_src comp="10" pin="0"/><net_sink comp="1262" pin=1"/></net>

<net id="1272"><net_src comp="440" pin="0"/><net_sink comp="1268" pin=0"/></net>

<net id="1273"><net_src comp="12" pin="0"/><net_sink comp="1268" pin=1"/></net>

<net id="1278"><net_src comp="440" pin="0"/><net_sink comp="1274" pin=0"/></net>

<net id="1279"><net_src comp="14" pin="0"/><net_sink comp="1274" pin=1"/></net>

<net id="1284"><net_src comp="440" pin="0"/><net_sink comp="1280" pin=0"/></net>

<net id="1285"><net_src comp="16" pin="0"/><net_sink comp="1280" pin=1"/></net>

<net id="1290"><net_src comp="440" pin="0"/><net_sink comp="1286" pin=0"/></net>

<net id="1291"><net_src comp="18" pin="0"/><net_sink comp="1286" pin=1"/></net>

<net id="1296"><net_src comp="440" pin="0"/><net_sink comp="1292" pin=0"/></net>

<net id="1297"><net_src comp="20" pin="0"/><net_sink comp="1292" pin=1"/></net>

<net id="1302"><net_src comp="440" pin="0"/><net_sink comp="1298" pin=0"/></net>

<net id="1303"><net_src comp="22" pin="0"/><net_sink comp="1298" pin=1"/></net>

<net id="1308"><net_src comp="440" pin="0"/><net_sink comp="1304" pin=0"/></net>

<net id="1309"><net_src comp="24" pin="0"/><net_sink comp="1304" pin=1"/></net>

<net id="1314"><net_src comp="440" pin="0"/><net_sink comp="1310" pin=0"/></net>

<net id="1315"><net_src comp="26" pin="0"/><net_sink comp="1310" pin=1"/></net>

<net id="1320"><net_src comp="440" pin="0"/><net_sink comp="1316" pin=0"/></net>

<net id="1321"><net_src comp="28" pin="0"/><net_sink comp="1316" pin=1"/></net>

<net id="1326"><net_src comp="440" pin="0"/><net_sink comp="1322" pin=0"/></net>

<net id="1327"><net_src comp="30" pin="0"/><net_sink comp="1322" pin=1"/></net>

<net id="1332"><net_src comp="440" pin="0"/><net_sink comp="1328" pin=0"/></net>

<net id="1333"><net_src comp="32" pin="0"/><net_sink comp="1328" pin=1"/></net>

<net id="1338"><net_src comp="440" pin="0"/><net_sink comp="1334" pin=0"/></net>

<net id="1339"><net_src comp="2" pin="0"/><net_sink comp="1334" pin=1"/></net>

<net id="1344"><net_src comp="440" pin="0"/><net_sink comp="1340" pin=0"/></net>

<net id="1345"><net_src comp="34" pin="0"/><net_sink comp="1340" pin=1"/></net>

<net id="1350"><net_src comp="440" pin="0"/><net_sink comp="1346" pin=0"/></net>

<net id="1351"><net_src comp="36" pin="0"/><net_sink comp="1346" pin=1"/></net>

<net id="1356"><net_src comp="440" pin="0"/><net_sink comp="1352" pin=0"/></net>

<net id="1357"><net_src comp="38" pin="0"/><net_sink comp="1352" pin=1"/></net>

<net id="1362"><net_src comp="440" pin="0"/><net_sink comp="1358" pin=0"/></net>

<net id="1363"><net_src comp="40" pin="0"/><net_sink comp="1358" pin=1"/></net>

<net id="1368"><net_src comp="440" pin="0"/><net_sink comp="1364" pin=0"/></net>

<net id="1369"><net_src comp="42" pin="0"/><net_sink comp="1364" pin=1"/></net>

<net id="1374"><net_src comp="440" pin="0"/><net_sink comp="1370" pin=0"/></net>

<net id="1375"><net_src comp="44" pin="0"/><net_sink comp="1370" pin=1"/></net>

<net id="1380"><net_src comp="440" pin="0"/><net_sink comp="1376" pin=0"/></net>

<net id="1381"><net_src comp="46" pin="0"/><net_sink comp="1376" pin=1"/></net>

<net id="1386"><net_src comp="440" pin="0"/><net_sink comp="1382" pin=0"/></net>

<net id="1387"><net_src comp="48" pin="0"/><net_sink comp="1382" pin=1"/></net>

<net id="1392"><net_src comp="440" pin="0"/><net_sink comp="1388" pin=0"/></net>

<net id="1393"><net_src comp="50" pin="0"/><net_sink comp="1388" pin=1"/></net>

<net id="1398"><net_src comp="440" pin="0"/><net_sink comp="1394" pin=0"/></net>

<net id="1399"><net_src comp="52" pin="0"/><net_sink comp="1394" pin=1"/></net>

<net id="1404"><net_src comp="440" pin="0"/><net_sink comp="1400" pin=0"/></net>

<net id="1405"><net_src comp="54" pin="0"/><net_sink comp="1400" pin=1"/></net>

<net id="1410"><net_src comp="440" pin="0"/><net_sink comp="1406" pin=0"/></net>

<net id="1411"><net_src comp="56" pin="0"/><net_sink comp="1406" pin=1"/></net>

<net id="1416"><net_src comp="440" pin="0"/><net_sink comp="1412" pin=0"/></net>

<net id="1417"><net_src comp="58" pin="0"/><net_sink comp="1412" pin=1"/></net>

<net id="1422"><net_src comp="440" pin="0"/><net_sink comp="1418" pin=0"/></net>

<net id="1423"><net_src comp="60" pin="0"/><net_sink comp="1418" pin=1"/></net>

<net id="1428"><net_src comp="440" pin="0"/><net_sink comp="1424" pin=0"/></net>

<net id="1429"><net_src comp="62" pin="0"/><net_sink comp="1424" pin=1"/></net>

<net id="1435"><net_src comp="446" pin="0"/><net_sink comp="1430" pin=0"/></net>

<net id="1436"><net_src comp="30" pin="0"/><net_sink comp="1430" pin=1"/></net>

<net id="1442"><net_src comp="446" pin="0"/><net_sink comp="1437" pin=0"/></net>

<net id="1443"><net_src comp="28" pin="0"/><net_sink comp="1437" pin=1"/></net>

<net id="1449"><net_src comp="446" pin="0"/><net_sink comp="1444" pin=0"/></net>

<net id="1450"><net_src comp="26" pin="0"/><net_sink comp="1444" pin=1"/></net>

<net id="1456"><net_src comp="446" pin="0"/><net_sink comp="1451" pin=0"/></net>

<net id="1457"><net_src comp="24" pin="0"/><net_sink comp="1451" pin=1"/></net>

<net id="1463"><net_src comp="446" pin="0"/><net_sink comp="1458" pin=0"/></net>

<net id="1464"><net_src comp="22" pin="0"/><net_sink comp="1458" pin=1"/></net>

<net id="1470"><net_src comp="446" pin="0"/><net_sink comp="1465" pin=0"/></net>

<net id="1471"><net_src comp="20" pin="0"/><net_sink comp="1465" pin=1"/></net>

<net id="1477"><net_src comp="446" pin="0"/><net_sink comp="1472" pin=0"/></net>

<net id="1478"><net_src comp="18" pin="0"/><net_sink comp="1472" pin=1"/></net>

<net id="1484"><net_src comp="446" pin="0"/><net_sink comp="1479" pin=0"/></net>

<net id="1485"><net_src comp="16" pin="0"/><net_sink comp="1479" pin=1"/></net>

<net id="1491"><net_src comp="446" pin="0"/><net_sink comp="1486" pin=0"/></net>

<net id="1492"><net_src comp="14" pin="0"/><net_sink comp="1486" pin=1"/></net>

<net id="1498"><net_src comp="446" pin="0"/><net_sink comp="1493" pin=0"/></net>

<net id="1499"><net_src comp="12" pin="0"/><net_sink comp="1493" pin=1"/></net>

<net id="1505"><net_src comp="446" pin="0"/><net_sink comp="1500" pin=0"/></net>

<net id="1506"><net_src comp="10" pin="0"/><net_sink comp="1500" pin=1"/></net>

<net id="1512"><net_src comp="446" pin="0"/><net_sink comp="1507" pin=0"/></net>

<net id="1513"><net_src comp="8" pin="0"/><net_sink comp="1507" pin=1"/></net>

<net id="1519"><net_src comp="446" pin="0"/><net_sink comp="1514" pin=0"/></net>

<net id="1520"><net_src comp="6" pin="0"/><net_sink comp="1514" pin=1"/></net>

<net id="1526"><net_src comp="446" pin="0"/><net_sink comp="1521" pin=0"/></net>

<net id="1527"><net_src comp="4" pin="0"/><net_sink comp="1521" pin=1"/></net>

<net id="1533"><net_src comp="446" pin="0"/><net_sink comp="1528" pin=0"/></net>

<net id="1534"><net_src comp="0" pin="0"/><net_sink comp="1528" pin=1"/></net>

<net id="1540"><net_src comp="446" pin="0"/><net_sink comp="1535" pin=0"/></net>

<net id="1541"><net_src comp="32" pin="0"/><net_sink comp="1535" pin=1"/></net>

<net id="1547"><net_src comp="446" pin="0"/><net_sink comp="1542" pin=0"/></net>

<net id="1548"><net_src comp="60" pin="0"/><net_sink comp="1542" pin=1"/></net>

<net id="1554"><net_src comp="446" pin="0"/><net_sink comp="1549" pin=0"/></net>

<net id="1555"><net_src comp="58" pin="0"/><net_sink comp="1549" pin=1"/></net>

<net id="1561"><net_src comp="446" pin="0"/><net_sink comp="1556" pin=0"/></net>

<net id="1562"><net_src comp="56" pin="0"/><net_sink comp="1556" pin=1"/></net>

<net id="1568"><net_src comp="446" pin="0"/><net_sink comp="1563" pin=0"/></net>

<net id="1569"><net_src comp="54" pin="0"/><net_sink comp="1563" pin=1"/></net>

<net id="1575"><net_src comp="446" pin="0"/><net_sink comp="1570" pin=0"/></net>

<net id="1576"><net_src comp="52" pin="0"/><net_sink comp="1570" pin=1"/></net>

<net id="1582"><net_src comp="446" pin="0"/><net_sink comp="1577" pin=0"/></net>

<net id="1583"><net_src comp="50" pin="0"/><net_sink comp="1577" pin=1"/></net>

<net id="1589"><net_src comp="446" pin="0"/><net_sink comp="1584" pin=0"/></net>

<net id="1590"><net_src comp="48" pin="0"/><net_sink comp="1584" pin=1"/></net>

<net id="1596"><net_src comp="446" pin="0"/><net_sink comp="1591" pin=0"/></net>

<net id="1597"><net_src comp="46" pin="0"/><net_sink comp="1591" pin=1"/></net>

<net id="1603"><net_src comp="446" pin="0"/><net_sink comp="1598" pin=0"/></net>

<net id="1604"><net_src comp="44" pin="0"/><net_sink comp="1598" pin=1"/></net>

<net id="1610"><net_src comp="446" pin="0"/><net_sink comp="1605" pin=0"/></net>

<net id="1611"><net_src comp="42" pin="0"/><net_sink comp="1605" pin=1"/></net>

<net id="1617"><net_src comp="446" pin="0"/><net_sink comp="1612" pin=0"/></net>

<net id="1618"><net_src comp="40" pin="0"/><net_sink comp="1612" pin=1"/></net>

<net id="1624"><net_src comp="446" pin="0"/><net_sink comp="1619" pin=0"/></net>

<net id="1625"><net_src comp="38" pin="0"/><net_sink comp="1619" pin=1"/></net>

<net id="1631"><net_src comp="446" pin="0"/><net_sink comp="1626" pin=0"/></net>

<net id="1632"><net_src comp="36" pin="0"/><net_sink comp="1626" pin=1"/></net>

<net id="1638"><net_src comp="446" pin="0"/><net_sink comp="1633" pin=0"/></net>

<net id="1639"><net_src comp="34" pin="0"/><net_sink comp="1633" pin=1"/></net>

<net id="1645"><net_src comp="446" pin="0"/><net_sink comp="1640" pin=0"/></net>

<net id="1646"><net_src comp="2" pin="0"/><net_sink comp="1640" pin=1"/></net>

<net id="1652"><net_src comp="446" pin="0"/><net_sink comp="1647" pin=0"/></net>

<net id="1653"><net_src comp="62" pin="0"/><net_sink comp="1647" pin=1"/></net>

<net id="1659"><net_src comp="66" pin="0"/><net_sink comp="1654" pin=0"/></net>

<net id="1660"><net_src comp="424" pin="0"/><net_sink comp="1654" pin=1"/></net>

<net id="1666"><net_src comp="68" pin="0"/><net_sink comp="1661" pin=0"/></net>

<net id="1667"><net_src comp="424" pin="0"/><net_sink comp="1661" pin=1"/></net>

<net id="1673"><net_src comp="70" pin="0"/><net_sink comp="1668" pin=0"/></net>

<net id="1674"><net_src comp="424" pin="0"/><net_sink comp="1668" pin=1"/></net>

<net id="1680"><net_src comp="72" pin="0"/><net_sink comp="1675" pin=0"/></net>

<net id="1681"><net_src comp="424" pin="0"/><net_sink comp="1675" pin=1"/></net>

<net id="1687"><net_src comp="74" pin="0"/><net_sink comp="1682" pin=0"/></net>

<net id="1688"><net_src comp="424" pin="0"/><net_sink comp="1682" pin=1"/></net>

<net id="1694"><net_src comp="76" pin="0"/><net_sink comp="1689" pin=0"/></net>

<net id="1695"><net_src comp="424" pin="0"/><net_sink comp="1689" pin=1"/></net>

<net id="1701"><net_src comp="78" pin="0"/><net_sink comp="1696" pin=0"/></net>

<net id="1702"><net_src comp="424" pin="0"/><net_sink comp="1696" pin=1"/></net>

<net id="1708"><net_src comp="80" pin="0"/><net_sink comp="1703" pin=0"/></net>

<net id="1709"><net_src comp="424" pin="0"/><net_sink comp="1703" pin=1"/></net>

<net id="1715"><net_src comp="82" pin="0"/><net_sink comp="1710" pin=0"/></net>

<net id="1716"><net_src comp="424" pin="0"/><net_sink comp="1710" pin=1"/></net>

<net id="1722"><net_src comp="84" pin="0"/><net_sink comp="1717" pin=0"/></net>

<net id="1723"><net_src comp="424" pin="0"/><net_sink comp="1717" pin=1"/></net>

<net id="1729"><net_src comp="86" pin="0"/><net_sink comp="1724" pin=0"/></net>

<net id="1730"><net_src comp="424" pin="0"/><net_sink comp="1724" pin=1"/></net>

<net id="1736"><net_src comp="88" pin="0"/><net_sink comp="1731" pin=0"/></net>

<net id="1737"><net_src comp="424" pin="0"/><net_sink comp="1731" pin=1"/></net>

<net id="1743"><net_src comp="90" pin="0"/><net_sink comp="1738" pin=0"/></net>

<net id="1744"><net_src comp="424" pin="0"/><net_sink comp="1738" pin=1"/></net>

<net id="1750"><net_src comp="92" pin="0"/><net_sink comp="1745" pin=0"/></net>

<net id="1751"><net_src comp="424" pin="0"/><net_sink comp="1745" pin=1"/></net>

<net id="1757"><net_src comp="94" pin="0"/><net_sink comp="1752" pin=0"/></net>

<net id="1758"><net_src comp="424" pin="0"/><net_sink comp="1752" pin=1"/></net>

<net id="1764"><net_src comp="96" pin="0"/><net_sink comp="1759" pin=0"/></net>

<net id="1765"><net_src comp="424" pin="0"/><net_sink comp="1759" pin=1"/></net>

<net id="1775"><net_src comp="1752" pin="3"/><net_sink comp="1766" pin=2"/></net>

<net id="1785"><net_src comp="1745" pin="3"/><net_sink comp="1776" pin=2"/></net>

<net id="1795"><net_src comp="1738" pin="3"/><net_sink comp="1786" pin=2"/></net>

<net id="1805"><net_src comp="1731" pin="3"/><net_sink comp="1796" pin=2"/></net>

<net id="1815"><net_src comp="1724" pin="3"/><net_sink comp="1806" pin=2"/></net>

<net id="1825"><net_src comp="1717" pin="3"/><net_sink comp="1816" pin=2"/></net>

<net id="1835"><net_src comp="1710" pin="3"/><net_sink comp="1826" pin=2"/></net>

<net id="1845"><net_src comp="1703" pin="3"/><net_sink comp="1836" pin=2"/></net>

<net id="1855"><net_src comp="1696" pin="3"/><net_sink comp="1846" pin=2"/></net>

<net id="1865"><net_src comp="1689" pin="3"/><net_sink comp="1856" pin=2"/></net>

<net id="1875"><net_src comp="1682" pin="3"/><net_sink comp="1866" pin=2"/></net>

<net id="1885"><net_src comp="1675" pin="3"/><net_sink comp="1876" pin=2"/></net>

<net id="1895"><net_src comp="1668" pin="3"/><net_sink comp="1886" pin=2"/></net>

<net id="1905"><net_src comp="1661" pin="3"/><net_sink comp="1896" pin=2"/></net>

<net id="1915"><net_src comp="1654" pin="3"/><net_sink comp="1906" pin=2"/></net>

<net id="1925"><net_src comp="1759" pin="3"/><net_sink comp="1916" pin=2"/></net>

<net id="1930"><net_src comp="1926" pin="2"/><net_sink comp="1430" pin=2"/></net>

<net id="1931"><net_src comp="1926" pin="2"/><net_sink comp="1437" pin=2"/></net>

<net id="1932"><net_src comp="1926" pin="2"/><net_sink comp="1444" pin=2"/></net>

<net id="1933"><net_src comp="1926" pin="2"/><net_sink comp="1451" pin=2"/></net>

<net id="1934"><net_src comp="1926" pin="2"/><net_sink comp="1458" pin=2"/></net>

<net id="1935"><net_src comp="1926" pin="2"/><net_sink comp="1465" pin=2"/></net>

<net id="1936"><net_src comp="1926" pin="2"/><net_sink comp="1472" pin=2"/></net>

<net id="1937"><net_src comp="1926" pin="2"/><net_sink comp="1479" pin=2"/></net>

<net id="1938"><net_src comp="1926" pin="2"/><net_sink comp="1486" pin=2"/></net>

<net id="1939"><net_src comp="1926" pin="2"/><net_sink comp="1493" pin=2"/></net>

<net id="1940"><net_src comp="1926" pin="2"/><net_sink comp="1500" pin=2"/></net>

<net id="1941"><net_src comp="1926" pin="2"/><net_sink comp="1507" pin=2"/></net>

<net id="1942"><net_src comp="1926" pin="2"/><net_sink comp="1514" pin=2"/></net>

<net id="1943"><net_src comp="1926" pin="2"/><net_sink comp="1521" pin=2"/></net>

<net id="1944"><net_src comp="1926" pin="2"/><net_sink comp="1528" pin=2"/></net>

<net id="1945"><net_src comp="1926" pin="2"/><net_sink comp="1535" pin=2"/></net>

<net id="1950"><net_src comp="1946" pin="2"/><net_sink comp="1542" pin=2"/></net>

<net id="1951"><net_src comp="1946" pin="2"/><net_sink comp="1549" pin=2"/></net>

<net id="1952"><net_src comp="1946" pin="2"/><net_sink comp="1556" pin=2"/></net>

<net id="1953"><net_src comp="1946" pin="2"/><net_sink comp="1563" pin=2"/></net>

<net id="1954"><net_src comp="1946" pin="2"/><net_sink comp="1570" pin=2"/></net>

<net id="1955"><net_src comp="1946" pin="2"/><net_sink comp="1577" pin=2"/></net>

<net id="1956"><net_src comp="1946" pin="2"/><net_sink comp="1584" pin=2"/></net>

<net id="1957"><net_src comp="1946" pin="2"/><net_sink comp="1591" pin=2"/></net>

<net id="1958"><net_src comp="1946" pin="2"/><net_sink comp="1598" pin=2"/></net>

<net id="1959"><net_src comp="1946" pin="2"/><net_sink comp="1605" pin=2"/></net>

<net id="1960"><net_src comp="1946" pin="2"/><net_sink comp="1612" pin=2"/></net>

<net id="1961"><net_src comp="1946" pin="2"/><net_sink comp="1619" pin=2"/></net>

<net id="1962"><net_src comp="1946" pin="2"/><net_sink comp="1626" pin=2"/></net>

<net id="1963"><net_src comp="1946" pin="2"/><net_sink comp="1633" pin=2"/></net>

<net id="1964"><net_src comp="1946" pin="2"/><net_sink comp="1640" pin=2"/></net>

<net id="1965"><net_src comp="1946" pin="2"/><net_sink comp="1647" pin=2"/></net>

<net id="2008"><net_src comp="1232" pin="2"/><net_sink comp="2005" pin=0"/></net>

<net id="2013"><net_src comp="374" pin="0"/><net_sink comp="2009" pin=0"/></net>

<net id="2021"><net_src comp="2014" pin="1"/><net_sink comp="2017" pin=0"/></net>

<net id="2022"><net_src comp="376" pin="0"/><net_sink comp="2017" pin=1"/></net>

<net id="2027"><net_src comp="2014" pin="1"/><net_sink comp="2023" pin=0"/></net>

<net id="2028"><net_src comp="378" pin="0"/><net_sink comp="2023" pin=1"/></net>

<net id="2033"><net_src comp="2023" pin="2"/><net_sink comp="2029" pin=0"/></net>

<net id="2074"><net_src comp="410" pin="0"/><net_sink comp="2037" pin=0"/></net>

<net id="2075"><net_src comp="380" pin="0"/><net_sink comp="2037" pin=1"/></net>

<net id="2076"><net_src comp="382" pin="0"/><net_sink comp="2037" pin=3"/></net>

<net id="2077"><net_src comp="384" pin="0"/><net_sink comp="2037" pin=5"/></net>

<net id="2078"><net_src comp="386" pin="0"/><net_sink comp="2037" pin=7"/></net>

<net id="2079"><net_src comp="388" pin="0"/><net_sink comp="2037" pin=9"/></net>

<net id="2080"><net_src comp="390" pin="0"/><net_sink comp="2037" pin=11"/></net>

<net id="2081"><net_src comp="392" pin="0"/><net_sink comp="2037" pin=13"/></net>

<net id="2082"><net_src comp="394" pin="0"/><net_sink comp="2037" pin=15"/></net>

<net id="2083"><net_src comp="396" pin="0"/><net_sink comp="2037" pin=17"/></net>

<net id="2084"><net_src comp="398" pin="0"/><net_sink comp="2037" pin=19"/></net>

<net id="2085"><net_src comp="400" pin="0"/><net_sink comp="2037" pin=21"/></net>

<net id="2086"><net_src comp="402" pin="0"/><net_sink comp="2037" pin=23"/></net>

<net id="2087"><net_src comp="404" pin="0"/><net_sink comp="2037" pin=25"/></net>

<net id="2088"><net_src comp="406" pin="0"/><net_sink comp="2037" pin=27"/></net>

<net id="2089"><net_src comp="408" pin="0"/><net_sink comp="2037" pin=29"/></net>

<net id="2090"><net_src comp="412" pin="0"/><net_sink comp="2037" pin=31"/></net>

<net id="2091"><net_src comp="414" pin="0"/><net_sink comp="2037" pin=33"/></net>

<net id="2092"><net_src comp="2034" pin="1"/><net_sink comp="2037" pin=34"/></net>

<net id="2093"><net_src comp="2037" pin="35"/><net_sink comp="1973" pin=0"/></net>

<net id="2131"><net_src comp="410" pin="0"/><net_sink comp="2094" pin=0"/></net>

<net id="2132"><net_src comp="380" pin="0"/><net_sink comp="2094" pin=1"/></net>

<net id="2133"><net_src comp="382" pin="0"/><net_sink comp="2094" pin=3"/></net>

<net id="2134"><net_src comp="384" pin="0"/><net_sink comp="2094" pin=5"/></net>

<net id="2135"><net_src comp="386" pin="0"/><net_sink comp="2094" pin=7"/></net>

<net id="2136"><net_src comp="388" pin="0"/><net_sink comp="2094" pin=9"/></net>

<net id="2137"><net_src comp="390" pin="0"/><net_sink comp="2094" pin=11"/></net>

<net id="2138"><net_src comp="392" pin="0"/><net_sink comp="2094" pin=13"/></net>

<net id="2139"><net_src comp="394" pin="0"/><net_sink comp="2094" pin=15"/></net>

<net id="2140"><net_src comp="396" pin="0"/><net_sink comp="2094" pin=17"/></net>

<net id="2141"><net_src comp="398" pin="0"/><net_sink comp="2094" pin=19"/></net>

<net id="2142"><net_src comp="400" pin="0"/><net_sink comp="2094" pin=21"/></net>

<net id="2143"><net_src comp="402" pin="0"/><net_sink comp="2094" pin=23"/></net>

<net id="2144"><net_src comp="404" pin="0"/><net_sink comp="2094" pin=25"/></net>

<net id="2145"><net_src comp="406" pin="0"/><net_sink comp="2094" pin=27"/></net>

<net id="2146"><net_src comp="408" pin="0"/><net_sink comp="2094" pin=29"/></net>

<net id="2147"><net_src comp="412" pin="0"/><net_sink comp="2094" pin=31"/></net>

<net id="2148"><net_src comp="414" pin="0"/><net_sink comp="2094" pin=33"/></net>

<net id="2149"><net_src comp="2034" pin="1"/><net_sink comp="2094" pin=34"/></net>

<net id="2150"><net_src comp="2094" pin="35"/><net_sink comp="1973" pin=1"/></net>

<net id="2188"><net_src comp="410" pin="0"/><net_sink comp="2151" pin=0"/></net>

<net id="2189"><net_src comp="380" pin="0"/><net_sink comp="2151" pin=1"/></net>

<net id="2190"><net_src comp="382" pin="0"/><net_sink comp="2151" pin=3"/></net>

<net id="2191"><net_src comp="384" pin="0"/><net_sink comp="2151" pin=5"/></net>

<net id="2192"><net_src comp="386" pin="0"/><net_sink comp="2151" pin=7"/></net>

<net id="2193"><net_src comp="388" pin="0"/><net_sink comp="2151" pin=9"/></net>

<net id="2194"><net_src comp="390" pin="0"/><net_sink comp="2151" pin=11"/></net>

<net id="2195"><net_src comp="392" pin="0"/><net_sink comp="2151" pin=13"/></net>

<net id="2196"><net_src comp="394" pin="0"/><net_sink comp="2151" pin=15"/></net>

<net id="2197"><net_src comp="396" pin="0"/><net_sink comp="2151" pin=17"/></net>

<net id="2198"><net_src comp="398" pin="0"/><net_sink comp="2151" pin=19"/></net>

<net id="2199"><net_src comp="400" pin="0"/><net_sink comp="2151" pin=21"/></net>

<net id="2200"><net_src comp="402" pin="0"/><net_sink comp="2151" pin=23"/></net>

<net id="2201"><net_src comp="404" pin="0"/><net_sink comp="2151" pin=25"/></net>

<net id="2202"><net_src comp="406" pin="0"/><net_sink comp="2151" pin=27"/></net>

<net id="2203"><net_src comp="408" pin="0"/><net_sink comp="2151" pin=29"/></net>

<net id="2204"><net_src comp="412" pin="0"/><net_sink comp="2151" pin=31"/></net>

<net id="2205"><net_src comp="414" pin="0"/><net_sink comp="2151" pin=33"/></net>

<net id="2206"><net_src comp="2034" pin="1"/><net_sink comp="2151" pin=34"/></net>

<net id="2207"><net_src comp="2151" pin="35"/><net_sink comp="1977" pin=0"/></net>

<net id="2245"><net_src comp="410" pin="0"/><net_sink comp="2208" pin=0"/></net>

<net id="2246"><net_src comp="380" pin="0"/><net_sink comp="2208" pin=1"/></net>

<net id="2247"><net_src comp="382" pin="0"/><net_sink comp="2208" pin=3"/></net>

<net id="2248"><net_src comp="384" pin="0"/><net_sink comp="2208" pin=5"/></net>

<net id="2249"><net_src comp="386" pin="0"/><net_sink comp="2208" pin=7"/></net>

<net id="2250"><net_src comp="388" pin="0"/><net_sink comp="2208" pin=9"/></net>

<net id="2251"><net_src comp="390" pin="0"/><net_sink comp="2208" pin=11"/></net>

<net id="2252"><net_src comp="392" pin="0"/><net_sink comp="2208" pin=13"/></net>

<net id="2253"><net_src comp="394" pin="0"/><net_sink comp="2208" pin=15"/></net>

<net id="2254"><net_src comp="396" pin="0"/><net_sink comp="2208" pin=17"/></net>

<net id="2255"><net_src comp="398" pin="0"/><net_sink comp="2208" pin=19"/></net>

<net id="2256"><net_src comp="400" pin="0"/><net_sink comp="2208" pin=21"/></net>

<net id="2257"><net_src comp="402" pin="0"/><net_sink comp="2208" pin=23"/></net>

<net id="2258"><net_src comp="404" pin="0"/><net_sink comp="2208" pin=25"/></net>

<net id="2259"><net_src comp="406" pin="0"/><net_sink comp="2208" pin=27"/></net>

<net id="2260"><net_src comp="408" pin="0"/><net_sink comp="2208" pin=29"/></net>

<net id="2261"><net_src comp="412" pin="0"/><net_sink comp="2208" pin=31"/></net>

<net id="2262"><net_src comp="414" pin="0"/><net_sink comp="2208" pin=33"/></net>

<net id="2263"><net_src comp="2034" pin="1"/><net_sink comp="2208" pin=34"/></net>

<net id="2264"><net_src comp="2208" pin="35"/><net_sink comp="1977" pin=1"/></net>

<net id="2302"><net_src comp="410" pin="0"/><net_sink comp="2265" pin=0"/></net>

<net id="2303"><net_src comp="380" pin="0"/><net_sink comp="2265" pin=1"/></net>

<net id="2304"><net_src comp="382" pin="0"/><net_sink comp="2265" pin=3"/></net>

<net id="2305"><net_src comp="384" pin="0"/><net_sink comp="2265" pin=5"/></net>

<net id="2306"><net_src comp="386" pin="0"/><net_sink comp="2265" pin=7"/></net>

<net id="2307"><net_src comp="388" pin="0"/><net_sink comp="2265" pin=9"/></net>

<net id="2308"><net_src comp="390" pin="0"/><net_sink comp="2265" pin=11"/></net>

<net id="2309"><net_src comp="392" pin="0"/><net_sink comp="2265" pin=13"/></net>

<net id="2310"><net_src comp="394" pin="0"/><net_sink comp="2265" pin=15"/></net>

<net id="2311"><net_src comp="396" pin="0"/><net_sink comp="2265" pin=17"/></net>

<net id="2312"><net_src comp="398" pin="0"/><net_sink comp="2265" pin=19"/></net>

<net id="2313"><net_src comp="400" pin="0"/><net_sink comp="2265" pin=21"/></net>

<net id="2314"><net_src comp="402" pin="0"/><net_sink comp="2265" pin=23"/></net>

<net id="2315"><net_src comp="404" pin="0"/><net_sink comp="2265" pin=25"/></net>

<net id="2316"><net_src comp="406" pin="0"/><net_sink comp="2265" pin=27"/></net>

<net id="2317"><net_src comp="408" pin="0"/><net_sink comp="2265" pin=29"/></net>

<net id="2318"><net_src comp="412" pin="0"/><net_sink comp="2265" pin=31"/></net>

<net id="2319"><net_src comp="414" pin="0"/><net_sink comp="2265" pin=33"/></net>

<net id="2320"><net_src comp="2034" pin="1"/><net_sink comp="2265" pin=34"/></net>

<net id="2321"><net_src comp="2265" pin="35"/><net_sink comp="1981" pin=0"/></net>

<net id="2359"><net_src comp="410" pin="0"/><net_sink comp="2322" pin=0"/></net>

<net id="2360"><net_src comp="380" pin="0"/><net_sink comp="2322" pin=1"/></net>

<net id="2361"><net_src comp="382" pin="0"/><net_sink comp="2322" pin=3"/></net>

<net id="2362"><net_src comp="384" pin="0"/><net_sink comp="2322" pin=5"/></net>

<net id="2363"><net_src comp="386" pin="0"/><net_sink comp="2322" pin=7"/></net>

<net id="2364"><net_src comp="388" pin="0"/><net_sink comp="2322" pin=9"/></net>

<net id="2365"><net_src comp="390" pin="0"/><net_sink comp="2322" pin=11"/></net>

<net id="2366"><net_src comp="392" pin="0"/><net_sink comp="2322" pin=13"/></net>

<net id="2367"><net_src comp="394" pin="0"/><net_sink comp="2322" pin=15"/></net>

<net id="2368"><net_src comp="396" pin="0"/><net_sink comp="2322" pin=17"/></net>

<net id="2369"><net_src comp="398" pin="0"/><net_sink comp="2322" pin=19"/></net>

<net id="2370"><net_src comp="400" pin="0"/><net_sink comp="2322" pin=21"/></net>

<net id="2371"><net_src comp="402" pin="0"/><net_sink comp="2322" pin=23"/></net>

<net id="2372"><net_src comp="404" pin="0"/><net_sink comp="2322" pin=25"/></net>

<net id="2373"><net_src comp="406" pin="0"/><net_sink comp="2322" pin=27"/></net>

<net id="2374"><net_src comp="408" pin="0"/><net_sink comp="2322" pin=29"/></net>

<net id="2375"><net_src comp="412" pin="0"/><net_sink comp="2322" pin=31"/></net>

<net id="2376"><net_src comp="414" pin="0"/><net_sink comp="2322" pin=33"/></net>

<net id="2377"><net_src comp="2034" pin="1"/><net_sink comp="2322" pin=34"/></net>

<net id="2378"><net_src comp="2322" pin="35"/><net_sink comp="1981" pin=1"/></net>

<net id="2416"><net_src comp="410" pin="0"/><net_sink comp="2379" pin=0"/></net>

<net id="2417"><net_src comp="380" pin="0"/><net_sink comp="2379" pin=1"/></net>

<net id="2418"><net_src comp="382" pin="0"/><net_sink comp="2379" pin=3"/></net>

<net id="2419"><net_src comp="384" pin="0"/><net_sink comp="2379" pin=5"/></net>

<net id="2420"><net_src comp="386" pin="0"/><net_sink comp="2379" pin=7"/></net>

<net id="2421"><net_src comp="388" pin="0"/><net_sink comp="2379" pin=9"/></net>

<net id="2422"><net_src comp="390" pin="0"/><net_sink comp="2379" pin=11"/></net>

<net id="2423"><net_src comp="392" pin="0"/><net_sink comp="2379" pin=13"/></net>

<net id="2424"><net_src comp="394" pin="0"/><net_sink comp="2379" pin=15"/></net>

<net id="2425"><net_src comp="396" pin="0"/><net_sink comp="2379" pin=17"/></net>

<net id="2426"><net_src comp="398" pin="0"/><net_sink comp="2379" pin=19"/></net>

<net id="2427"><net_src comp="400" pin="0"/><net_sink comp="2379" pin=21"/></net>

<net id="2428"><net_src comp="402" pin="0"/><net_sink comp="2379" pin=23"/></net>

<net id="2429"><net_src comp="404" pin="0"/><net_sink comp="2379" pin=25"/></net>

<net id="2430"><net_src comp="406" pin="0"/><net_sink comp="2379" pin=27"/></net>

<net id="2431"><net_src comp="408" pin="0"/><net_sink comp="2379" pin=29"/></net>

<net id="2432"><net_src comp="412" pin="0"/><net_sink comp="2379" pin=31"/></net>

<net id="2433"><net_src comp="414" pin="0"/><net_sink comp="2379" pin=33"/></net>

<net id="2434"><net_src comp="2034" pin="1"/><net_sink comp="2379" pin=34"/></net>

<net id="2435"><net_src comp="2379" pin="35"/><net_sink comp="1985" pin=0"/></net>

<net id="2473"><net_src comp="410" pin="0"/><net_sink comp="2436" pin=0"/></net>

<net id="2474"><net_src comp="380" pin="0"/><net_sink comp="2436" pin=1"/></net>

<net id="2475"><net_src comp="382" pin="0"/><net_sink comp="2436" pin=3"/></net>

<net id="2476"><net_src comp="384" pin="0"/><net_sink comp="2436" pin=5"/></net>

<net id="2477"><net_src comp="386" pin="0"/><net_sink comp="2436" pin=7"/></net>

<net id="2478"><net_src comp="388" pin="0"/><net_sink comp="2436" pin=9"/></net>

<net id="2479"><net_src comp="390" pin="0"/><net_sink comp="2436" pin=11"/></net>

<net id="2480"><net_src comp="392" pin="0"/><net_sink comp="2436" pin=13"/></net>

<net id="2481"><net_src comp="394" pin="0"/><net_sink comp="2436" pin=15"/></net>

<net id="2482"><net_src comp="396" pin="0"/><net_sink comp="2436" pin=17"/></net>

<net id="2483"><net_src comp="398" pin="0"/><net_sink comp="2436" pin=19"/></net>

<net id="2484"><net_src comp="400" pin="0"/><net_sink comp="2436" pin=21"/></net>

<net id="2485"><net_src comp="402" pin="0"/><net_sink comp="2436" pin=23"/></net>

<net id="2486"><net_src comp="404" pin="0"/><net_sink comp="2436" pin=25"/></net>

<net id="2487"><net_src comp="406" pin="0"/><net_sink comp="2436" pin=27"/></net>

<net id="2488"><net_src comp="408" pin="0"/><net_sink comp="2436" pin=29"/></net>

<net id="2489"><net_src comp="412" pin="0"/><net_sink comp="2436" pin=31"/></net>

<net id="2490"><net_src comp="414" pin="0"/><net_sink comp="2436" pin=33"/></net>

<net id="2491"><net_src comp="2034" pin="1"/><net_sink comp="2436" pin=34"/></net>

<net id="2492"><net_src comp="2436" pin="35"/><net_sink comp="1985" pin=1"/></net>

<net id="2498"><net_src comp="416" pin="0"/><net_sink comp="2493" pin=0"/></net>

<net id="2499"><net_src comp="418" pin="0"/><net_sink comp="2493" pin=2"/></net>

<net id="2505"><net_src comp="420" pin="0"/><net_sink comp="2500" pin=0"/></net>

<net id="2506"><net_src comp="422" pin="0"/><net_sink comp="2500" pin=2"/></net>

<net id="2510"><net_src comp="2500" pin="3"/><net_sink comp="2507" pin=0"/></net>

<net id="2515"><net_src comp="2493" pin="3"/><net_sink comp="2511" pin=0"/></net>

<net id="2516"><net_src comp="2507" pin="1"/><net_sink comp="2511" pin=1"/></net>

<net id="2521"><net_src comp="2511" pin="2"/><net_sink comp="2517" pin=0"/></net>

<net id="2525"><net_src comp="2517" pin="2"/><net_sink comp="2522" pin=0"/></net>

<net id="2526"><net_src comp="2522" pin="1"/><net_sink comp="1654" pin=2"/></net>

<net id="2527"><net_src comp="2522" pin="1"/><net_sink comp="1661" pin=2"/></net>

<net id="2528"><net_src comp="2522" pin="1"/><net_sink comp="1668" pin=2"/></net>

<net id="2529"><net_src comp="2522" pin="1"/><net_sink comp="1675" pin=2"/></net>

<net id="2530"><net_src comp="2522" pin="1"/><net_sink comp="1682" pin=2"/></net>

<net id="2531"><net_src comp="2522" pin="1"/><net_sink comp="1689" pin=2"/></net>

<net id="2532"><net_src comp="2522" pin="1"/><net_sink comp="1696" pin=2"/></net>

<net id="2533"><net_src comp="2522" pin="1"/><net_sink comp="1703" pin=2"/></net>

<net id="2534"><net_src comp="2522" pin="1"/><net_sink comp="1710" pin=2"/></net>

<net id="2535"><net_src comp="2522" pin="1"/><net_sink comp="1717" pin=2"/></net>

<net id="2536"><net_src comp="2522" pin="1"/><net_sink comp="1724" pin=2"/></net>

<net id="2537"><net_src comp="2522" pin="1"/><net_sink comp="1731" pin=2"/></net>

<net id="2538"><net_src comp="2522" pin="1"/><net_sink comp="1738" pin=2"/></net>

<net id="2539"><net_src comp="2522" pin="1"/><net_sink comp="1745" pin=2"/></net>

<net id="2540"><net_src comp="2522" pin="1"/><net_sink comp="1752" pin=2"/></net>

<net id="2541"><net_src comp="2522" pin="1"/><net_sink comp="1759" pin=2"/></net>

<net id="2579"><net_src comp="442" pin="0"/><net_sink comp="2542" pin=0"/></net>

<net id="2580"><net_src comp="380" pin="0"/><net_sink comp="2542" pin=1"/></net>

<net id="2581"><net_src comp="1238" pin="2"/><net_sink comp="2542" pin=2"/></net>

<net id="2582"><net_src comp="382" pin="0"/><net_sink comp="2542" pin=3"/></net>

<net id="2583"><net_src comp="1244" pin="2"/><net_sink comp="2542" pin=4"/></net>

<net id="2584"><net_src comp="384" pin="0"/><net_sink comp="2542" pin=5"/></net>

<net id="2585"><net_src comp="1250" pin="2"/><net_sink comp="2542" pin=6"/></net>

<net id="2586"><net_src comp="386" pin="0"/><net_sink comp="2542" pin=7"/></net>

<net id="2587"><net_src comp="1256" pin="2"/><net_sink comp="2542" pin=8"/></net>

<net id="2588"><net_src comp="388" pin="0"/><net_sink comp="2542" pin=9"/></net>

<net id="2589"><net_src comp="1262" pin="2"/><net_sink comp="2542" pin=10"/></net>

<net id="2590"><net_src comp="390" pin="0"/><net_sink comp="2542" pin=11"/></net>

<net id="2591"><net_src comp="1268" pin="2"/><net_sink comp="2542" pin=12"/></net>

<net id="2592"><net_src comp="392" pin="0"/><net_sink comp="2542" pin=13"/></net>

<net id="2593"><net_src comp="1274" pin="2"/><net_sink comp="2542" pin=14"/></net>

<net id="2594"><net_src comp="394" pin="0"/><net_sink comp="2542" pin=15"/></net>

<net id="2595"><net_src comp="1280" pin="2"/><net_sink comp="2542" pin=16"/></net>

<net id="2596"><net_src comp="396" pin="0"/><net_sink comp="2542" pin=17"/></net>

<net id="2597"><net_src comp="1286" pin="2"/><net_sink comp="2542" pin=18"/></net>

<net id="2598"><net_src comp="398" pin="0"/><net_sink comp="2542" pin=19"/></net>

<net id="2599"><net_src comp="1292" pin="2"/><net_sink comp="2542" pin=20"/></net>

<net id="2600"><net_src comp="400" pin="0"/><net_sink comp="2542" pin=21"/></net>

<net id="2601"><net_src comp="1298" pin="2"/><net_sink comp="2542" pin=22"/></net>

<net id="2602"><net_src comp="402" pin="0"/><net_sink comp="2542" pin=23"/></net>

<net id="2603"><net_src comp="1304" pin="2"/><net_sink comp="2542" pin=24"/></net>

<net id="2604"><net_src comp="404" pin="0"/><net_sink comp="2542" pin=25"/></net>

<net id="2605"><net_src comp="1310" pin="2"/><net_sink comp="2542" pin=26"/></net>

<net id="2606"><net_src comp="406" pin="0"/><net_sink comp="2542" pin=27"/></net>

<net id="2607"><net_src comp="1316" pin="2"/><net_sink comp="2542" pin=28"/></net>

<net id="2608"><net_src comp="408" pin="0"/><net_sink comp="2542" pin=29"/></net>

<net id="2609"><net_src comp="1322" pin="2"/><net_sink comp="2542" pin=30"/></net>

<net id="2610"><net_src comp="412" pin="0"/><net_sink comp="2542" pin=31"/></net>

<net id="2611"><net_src comp="1328" pin="2"/><net_sink comp="2542" pin=32"/></net>

<net id="2612"><net_src comp="444" pin="0"/><net_sink comp="2542" pin=33"/></net>

<net id="2650"><net_src comp="442" pin="0"/><net_sink comp="2613" pin=0"/></net>

<net id="2651"><net_src comp="380" pin="0"/><net_sink comp="2613" pin=1"/></net>

<net id="2652"><net_src comp="1334" pin="2"/><net_sink comp="2613" pin=2"/></net>

<net id="2653"><net_src comp="382" pin="0"/><net_sink comp="2613" pin=3"/></net>

<net id="2654"><net_src comp="1340" pin="2"/><net_sink comp="2613" pin=4"/></net>

<net id="2655"><net_src comp="384" pin="0"/><net_sink comp="2613" pin=5"/></net>

<net id="2656"><net_src comp="1346" pin="2"/><net_sink comp="2613" pin=6"/></net>

<net id="2657"><net_src comp="386" pin="0"/><net_sink comp="2613" pin=7"/></net>

<net id="2658"><net_src comp="1352" pin="2"/><net_sink comp="2613" pin=8"/></net>

<net id="2659"><net_src comp="388" pin="0"/><net_sink comp="2613" pin=9"/></net>

<net id="2660"><net_src comp="1358" pin="2"/><net_sink comp="2613" pin=10"/></net>

<net id="2661"><net_src comp="390" pin="0"/><net_sink comp="2613" pin=11"/></net>

<net id="2662"><net_src comp="1364" pin="2"/><net_sink comp="2613" pin=12"/></net>

<net id="2663"><net_src comp="392" pin="0"/><net_sink comp="2613" pin=13"/></net>

<net id="2664"><net_src comp="1370" pin="2"/><net_sink comp="2613" pin=14"/></net>

<net id="2665"><net_src comp="394" pin="0"/><net_sink comp="2613" pin=15"/></net>

<net id="2666"><net_src comp="1376" pin="2"/><net_sink comp="2613" pin=16"/></net>

<net id="2667"><net_src comp="396" pin="0"/><net_sink comp="2613" pin=17"/></net>

<net id="2668"><net_src comp="1382" pin="2"/><net_sink comp="2613" pin=18"/></net>

<net id="2669"><net_src comp="398" pin="0"/><net_sink comp="2613" pin=19"/></net>

<net id="2670"><net_src comp="1388" pin="2"/><net_sink comp="2613" pin=20"/></net>

<net id="2671"><net_src comp="400" pin="0"/><net_sink comp="2613" pin=21"/></net>

<net id="2672"><net_src comp="1394" pin="2"/><net_sink comp="2613" pin=22"/></net>

<net id="2673"><net_src comp="402" pin="0"/><net_sink comp="2613" pin=23"/></net>

<net id="2674"><net_src comp="1400" pin="2"/><net_sink comp="2613" pin=24"/></net>

<net id="2675"><net_src comp="404" pin="0"/><net_sink comp="2613" pin=25"/></net>

<net id="2676"><net_src comp="1406" pin="2"/><net_sink comp="2613" pin=26"/></net>

<net id="2677"><net_src comp="406" pin="0"/><net_sink comp="2613" pin=27"/></net>

<net id="2678"><net_src comp="1412" pin="2"/><net_sink comp="2613" pin=28"/></net>

<net id="2679"><net_src comp="408" pin="0"/><net_sink comp="2613" pin=29"/></net>

<net id="2680"><net_src comp="1418" pin="2"/><net_sink comp="2613" pin=30"/></net>

<net id="2681"><net_src comp="412" pin="0"/><net_sink comp="2613" pin=31"/></net>

<net id="2682"><net_src comp="1424" pin="2"/><net_sink comp="2613" pin=32"/></net>

<net id="2683"><net_src comp="444" pin="0"/><net_sink comp="2613" pin=33"/></net>

<net id="2687"><net_src comp="448" pin="1"/><net_sink comp="2684" pin=0"/></net>

<net id="2688"><net_src comp="2684" pin="1"/><net_sink comp="2009" pin=1"/></net>

<net id="2689"><net_src comp="2684" pin="1"/><net_sink comp="2014" pin=0"/></net>

<net id="2690"><net_src comp="2684" pin="1"/><net_sink comp="2029" pin=1"/></net>

<net id="2694"><net_src comp="452" pin="2"/><net_sink comp="2691" pin=0"/></net>

<net id="2698"><net_src comp="458" pin="2"/><net_sink comp="2695" pin=0"/></net>

<net id="2699"><net_src comp="2695" pin="1"/><net_sink comp="2001" pin=1"/></net>

<net id="2703"><net_src comp="464" pin="2"/><net_sink comp="2700" pin=0"/></net>

<net id="2704"><net_src comp="2700" pin="1"/><net_sink comp="2436" pin=32"/></net>

<net id="2708"><net_src comp="470" pin="2"/><net_sink comp="2705" pin=0"/></net>

<net id="2709"><net_src comp="2705" pin="1"/><net_sink comp="2436" pin=30"/></net>

<net id="2713"><net_src comp="476" pin="2"/><net_sink comp="2710" pin=0"/></net>

<net id="2714"><net_src comp="2710" pin="1"/><net_sink comp="2436" pin=28"/></net>

<net id="2718"><net_src comp="482" pin="2"/><net_sink comp="2715" pin=0"/></net>

<net id="2719"><net_src comp="2715" pin="1"/><net_sink comp="2436" pin=26"/></net>

<net id="2723"><net_src comp="488" pin="2"/><net_sink comp="2720" pin=0"/></net>

<net id="2724"><net_src comp="2720" pin="1"/><net_sink comp="2436" pin=24"/></net>

<net id="2728"><net_src comp="494" pin="2"/><net_sink comp="2725" pin=0"/></net>

<net id="2729"><net_src comp="2725" pin="1"/><net_sink comp="2436" pin=22"/></net>

<net id="2733"><net_src comp="500" pin="2"/><net_sink comp="2730" pin=0"/></net>

<net id="2734"><net_src comp="2730" pin="1"/><net_sink comp="2436" pin=20"/></net>

<net id="2738"><net_src comp="506" pin="2"/><net_sink comp="2735" pin=0"/></net>

<net id="2739"><net_src comp="2735" pin="1"/><net_sink comp="2436" pin=18"/></net>

<net id="2743"><net_src comp="512" pin="2"/><net_sink comp="2740" pin=0"/></net>

<net id="2744"><net_src comp="2740" pin="1"/><net_sink comp="2436" pin=16"/></net>

<net id="2748"><net_src comp="518" pin="2"/><net_sink comp="2745" pin=0"/></net>

<net id="2749"><net_src comp="2745" pin="1"/><net_sink comp="2436" pin=14"/></net>

<net id="2753"><net_src comp="524" pin="2"/><net_sink comp="2750" pin=0"/></net>

<net id="2754"><net_src comp="2750" pin="1"/><net_sink comp="2436" pin=12"/></net>

<net id="2758"><net_src comp="530" pin="2"/><net_sink comp="2755" pin=0"/></net>

<net id="2759"><net_src comp="2755" pin="1"/><net_sink comp="2436" pin=10"/></net>

<net id="2763"><net_src comp="536" pin="2"/><net_sink comp="2760" pin=0"/></net>

<net id="2764"><net_src comp="2760" pin="1"/><net_sink comp="2436" pin=8"/></net>

<net id="2768"><net_src comp="542" pin="2"/><net_sink comp="2765" pin=0"/></net>

<net id="2769"><net_src comp="2765" pin="1"/><net_sink comp="2436" pin=6"/></net>

<net id="2773"><net_src comp="548" pin="2"/><net_sink comp="2770" pin=0"/></net>

<net id="2774"><net_src comp="2770" pin="1"/><net_sink comp="2436" pin=4"/></net>

<net id="2778"><net_src comp="554" pin="2"/><net_sink comp="2775" pin=0"/></net>

<net id="2779"><net_src comp="2775" pin="1"/><net_sink comp="2436" pin=2"/></net>

<net id="2783"><net_src comp="560" pin="2"/><net_sink comp="2780" pin=0"/></net>

<net id="2784"><net_src comp="2780" pin="1"/><net_sink comp="2379" pin=32"/></net>

<net id="2788"><net_src comp="566" pin="2"/><net_sink comp="2785" pin=0"/></net>

<net id="2789"><net_src comp="2785" pin="1"/><net_sink comp="2379" pin=30"/></net>

<net id="2793"><net_src comp="572" pin="2"/><net_sink comp="2790" pin=0"/></net>

<net id="2794"><net_src comp="2790" pin="1"/><net_sink comp="2379" pin=28"/></net>

<net id="2798"><net_src comp="578" pin="2"/><net_sink comp="2795" pin=0"/></net>

<net id="2799"><net_src comp="2795" pin="1"/><net_sink comp="2379" pin=26"/></net>

<net id="2803"><net_src comp="584" pin="2"/><net_sink comp="2800" pin=0"/></net>

<net id="2804"><net_src comp="2800" pin="1"/><net_sink comp="2379" pin=24"/></net>

<net id="2808"><net_src comp="590" pin="2"/><net_sink comp="2805" pin=0"/></net>

<net id="2809"><net_src comp="2805" pin="1"/><net_sink comp="2379" pin=22"/></net>

<net id="2813"><net_src comp="596" pin="2"/><net_sink comp="2810" pin=0"/></net>

<net id="2814"><net_src comp="2810" pin="1"/><net_sink comp="2379" pin=20"/></net>

<net id="2818"><net_src comp="602" pin="2"/><net_sink comp="2815" pin=0"/></net>

<net id="2819"><net_src comp="2815" pin="1"/><net_sink comp="2379" pin=18"/></net>

<net id="2823"><net_src comp="608" pin="2"/><net_sink comp="2820" pin=0"/></net>

<net id="2824"><net_src comp="2820" pin="1"/><net_sink comp="2379" pin=16"/></net>

<net id="2828"><net_src comp="614" pin="2"/><net_sink comp="2825" pin=0"/></net>

<net id="2829"><net_src comp="2825" pin="1"/><net_sink comp="2379" pin=14"/></net>

<net id="2833"><net_src comp="620" pin="2"/><net_sink comp="2830" pin=0"/></net>

<net id="2834"><net_src comp="2830" pin="1"/><net_sink comp="2379" pin=12"/></net>

<net id="2838"><net_src comp="626" pin="2"/><net_sink comp="2835" pin=0"/></net>

<net id="2839"><net_src comp="2835" pin="1"/><net_sink comp="2379" pin=10"/></net>

<net id="2843"><net_src comp="632" pin="2"/><net_sink comp="2840" pin=0"/></net>

<net id="2844"><net_src comp="2840" pin="1"/><net_sink comp="2379" pin=8"/></net>

<net id="2848"><net_src comp="638" pin="2"/><net_sink comp="2845" pin=0"/></net>

<net id="2849"><net_src comp="2845" pin="1"/><net_sink comp="2379" pin=6"/></net>

<net id="2853"><net_src comp="644" pin="2"/><net_sink comp="2850" pin=0"/></net>

<net id="2854"><net_src comp="2850" pin="1"/><net_sink comp="2379" pin=4"/></net>

<net id="2858"><net_src comp="650" pin="2"/><net_sink comp="2855" pin=0"/></net>

<net id="2859"><net_src comp="2855" pin="1"/><net_sink comp="2379" pin=2"/></net>

<net id="2863"><net_src comp="656" pin="2"/><net_sink comp="2860" pin=0"/></net>

<net id="2864"><net_src comp="2860" pin="1"/><net_sink comp="2322" pin=32"/></net>

<net id="2868"><net_src comp="662" pin="2"/><net_sink comp="2865" pin=0"/></net>

<net id="2869"><net_src comp="2865" pin="1"/><net_sink comp="2322" pin=30"/></net>

<net id="2873"><net_src comp="668" pin="2"/><net_sink comp="2870" pin=0"/></net>

<net id="2874"><net_src comp="2870" pin="1"/><net_sink comp="2322" pin=28"/></net>

<net id="2878"><net_src comp="674" pin="2"/><net_sink comp="2875" pin=0"/></net>

<net id="2879"><net_src comp="2875" pin="1"/><net_sink comp="2322" pin=26"/></net>

<net id="2883"><net_src comp="680" pin="2"/><net_sink comp="2880" pin=0"/></net>

<net id="2884"><net_src comp="2880" pin="1"/><net_sink comp="2322" pin=24"/></net>

<net id="2888"><net_src comp="686" pin="2"/><net_sink comp="2885" pin=0"/></net>

<net id="2889"><net_src comp="2885" pin="1"/><net_sink comp="2322" pin=22"/></net>

<net id="2893"><net_src comp="692" pin="2"/><net_sink comp="2890" pin=0"/></net>

<net id="2894"><net_src comp="2890" pin="1"/><net_sink comp="2322" pin=20"/></net>

<net id="2898"><net_src comp="698" pin="2"/><net_sink comp="2895" pin=0"/></net>

<net id="2899"><net_src comp="2895" pin="1"/><net_sink comp="2322" pin=18"/></net>

<net id="2903"><net_src comp="704" pin="2"/><net_sink comp="2900" pin=0"/></net>

<net id="2904"><net_src comp="2900" pin="1"/><net_sink comp="2322" pin=16"/></net>

<net id="2908"><net_src comp="710" pin="2"/><net_sink comp="2905" pin=0"/></net>

<net id="2909"><net_src comp="2905" pin="1"/><net_sink comp="2322" pin=14"/></net>

<net id="2913"><net_src comp="716" pin="2"/><net_sink comp="2910" pin=0"/></net>

<net id="2914"><net_src comp="2910" pin="1"/><net_sink comp="2322" pin=12"/></net>

<net id="2918"><net_src comp="722" pin="2"/><net_sink comp="2915" pin=0"/></net>

<net id="2919"><net_src comp="2915" pin="1"/><net_sink comp="2322" pin=10"/></net>

<net id="2923"><net_src comp="728" pin="2"/><net_sink comp="2920" pin=0"/></net>

<net id="2924"><net_src comp="2920" pin="1"/><net_sink comp="2322" pin=8"/></net>

<net id="2928"><net_src comp="734" pin="2"/><net_sink comp="2925" pin=0"/></net>

<net id="2929"><net_src comp="2925" pin="1"/><net_sink comp="2322" pin=6"/></net>

<net id="2933"><net_src comp="740" pin="2"/><net_sink comp="2930" pin=0"/></net>

<net id="2934"><net_src comp="2930" pin="1"/><net_sink comp="2322" pin=4"/></net>

<net id="2938"><net_src comp="746" pin="2"/><net_sink comp="2935" pin=0"/></net>

<net id="2939"><net_src comp="2935" pin="1"/><net_sink comp="2322" pin=2"/></net>

<net id="2943"><net_src comp="752" pin="2"/><net_sink comp="2940" pin=0"/></net>

<net id="2944"><net_src comp="2940" pin="1"/><net_sink comp="2265" pin=32"/></net>

<net id="2948"><net_src comp="758" pin="2"/><net_sink comp="2945" pin=0"/></net>

<net id="2949"><net_src comp="2945" pin="1"/><net_sink comp="2265" pin=30"/></net>

<net id="2953"><net_src comp="764" pin="2"/><net_sink comp="2950" pin=0"/></net>

<net id="2954"><net_src comp="2950" pin="1"/><net_sink comp="2265" pin=28"/></net>

<net id="2958"><net_src comp="770" pin="2"/><net_sink comp="2955" pin=0"/></net>

<net id="2959"><net_src comp="2955" pin="1"/><net_sink comp="2265" pin=26"/></net>

<net id="2963"><net_src comp="776" pin="2"/><net_sink comp="2960" pin=0"/></net>

<net id="2964"><net_src comp="2960" pin="1"/><net_sink comp="2265" pin=24"/></net>

<net id="2968"><net_src comp="782" pin="2"/><net_sink comp="2965" pin=0"/></net>

<net id="2969"><net_src comp="2965" pin="1"/><net_sink comp="2265" pin=22"/></net>

<net id="2973"><net_src comp="788" pin="2"/><net_sink comp="2970" pin=0"/></net>

<net id="2974"><net_src comp="2970" pin="1"/><net_sink comp="2265" pin=20"/></net>

<net id="2978"><net_src comp="794" pin="2"/><net_sink comp="2975" pin=0"/></net>

<net id="2979"><net_src comp="2975" pin="1"/><net_sink comp="2265" pin=18"/></net>

<net id="2983"><net_src comp="800" pin="2"/><net_sink comp="2980" pin=0"/></net>

<net id="2984"><net_src comp="2980" pin="1"/><net_sink comp="2265" pin=16"/></net>

<net id="2988"><net_src comp="806" pin="2"/><net_sink comp="2985" pin=0"/></net>

<net id="2989"><net_src comp="2985" pin="1"/><net_sink comp="2265" pin=14"/></net>

<net id="2993"><net_src comp="812" pin="2"/><net_sink comp="2990" pin=0"/></net>

<net id="2994"><net_src comp="2990" pin="1"/><net_sink comp="2265" pin=12"/></net>

<net id="2998"><net_src comp="818" pin="2"/><net_sink comp="2995" pin=0"/></net>

<net id="2999"><net_src comp="2995" pin="1"/><net_sink comp="2265" pin=10"/></net>

<net id="3003"><net_src comp="824" pin="2"/><net_sink comp="3000" pin=0"/></net>

<net id="3004"><net_src comp="3000" pin="1"/><net_sink comp="2265" pin=8"/></net>

<net id="3008"><net_src comp="830" pin="2"/><net_sink comp="3005" pin=0"/></net>

<net id="3009"><net_src comp="3005" pin="1"/><net_sink comp="2265" pin=6"/></net>

<net id="3013"><net_src comp="836" pin="2"/><net_sink comp="3010" pin=0"/></net>

<net id="3014"><net_src comp="3010" pin="1"/><net_sink comp="2265" pin=4"/></net>

<net id="3018"><net_src comp="842" pin="2"/><net_sink comp="3015" pin=0"/></net>

<net id="3019"><net_src comp="3015" pin="1"/><net_sink comp="2265" pin=2"/></net>

<net id="3023"><net_src comp="848" pin="2"/><net_sink comp="3020" pin=0"/></net>

<net id="3024"><net_src comp="3020" pin="1"/><net_sink comp="2208" pin=32"/></net>

<net id="3028"><net_src comp="854" pin="2"/><net_sink comp="3025" pin=0"/></net>

<net id="3029"><net_src comp="3025" pin="1"/><net_sink comp="2208" pin=30"/></net>

<net id="3033"><net_src comp="860" pin="2"/><net_sink comp="3030" pin=0"/></net>

<net id="3034"><net_src comp="3030" pin="1"/><net_sink comp="2208" pin=28"/></net>

<net id="3038"><net_src comp="866" pin="2"/><net_sink comp="3035" pin=0"/></net>

<net id="3039"><net_src comp="3035" pin="1"/><net_sink comp="2208" pin=26"/></net>

<net id="3043"><net_src comp="872" pin="2"/><net_sink comp="3040" pin=0"/></net>

<net id="3044"><net_src comp="3040" pin="1"/><net_sink comp="2208" pin=24"/></net>

<net id="3048"><net_src comp="878" pin="2"/><net_sink comp="3045" pin=0"/></net>

<net id="3049"><net_src comp="3045" pin="1"/><net_sink comp="2208" pin=22"/></net>

<net id="3053"><net_src comp="884" pin="2"/><net_sink comp="3050" pin=0"/></net>

<net id="3054"><net_src comp="3050" pin="1"/><net_sink comp="2208" pin=20"/></net>

<net id="3058"><net_src comp="890" pin="2"/><net_sink comp="3055" pin=0"/></net>

<net id="3059"><net_src comp="3055" pin="1"/><net_sink comp="2208" pin=18"/></net>

<net id="3063"><net_src comp="896" pin="2"/><net_sink comp="3060" pin=0"/></net>

<net id="3064"><net_src comp="3060" pin="1"/><net_sink comp="2208" pin=16"/></net>

<net id="3068"><net_src comp="902" pin="2"/><net_sink comp="3065" pin=0"/></net>

<net id="3069"><net_src comp="3065" pin="1"/><net_sink comp="2208" pin=14"/></net>

<net id="3073"><net_src comp="908" pin="2"/><net_sink comp="3070" pin=0"/></net>

<net id="3074"><net_src comp="3070" pin="1"/><net_sink comp="2208" pin=12"/></net>

<net id="3078"><net_src comp="914" pin="2"/><net_sink comp="3075" pin=0"/></net>

<net id="3079"><net_src comp="3075" pin="1"/><net_sink comp="2208" pin=10"/></net>

<net id="3083"><net_src comp="920" pin="2"/><net_sink comp="3080" pin=0"/></net>

<net id="3084"><net_src comp="3080" pin="1"/><net_sink comp="2208" pin=8"/></net>

<net id="3088"><net_src comp="926" pin="2"/><net_sink comp="3085" pin=0"/></net>

<net id="3089"><net_src comp="3085" pin="1"/><net_sink comp="2208" pin=6"/></net>

<net id="3093"><net_src comp="932" pin="2"/><net_sink comp="3090" pin=0"/></net>

<net id="3094"><net_src comp="3090" pin="1"/><net_sink comp="2208" pin=4"/></net>

<net id="3098"><net_src comp="938" pin="2"/><net_sink comp="3095" pin=0"/></net>

<net id="3099"><net_src comp="3095" pin="1"/><net_sink comp="2208" pin=2"/></net>

<net id="3103"><net_src comp="944" pin="2"/><net_sink comp="3100" pin=0"/></net>

<net id="3104"><net_src comp="3100" pin="1"/><net_sink comp="2151" pin=32"/></net>

<net id="3108"><net_src comp="950" pin="2"/><net_sink comp="3105" pin=0"/></net>

<net id="3109"><net_src comp="3105" pin="1"/><net_sink comp="2151" pin=30"/></net>

<net id="3113"><net_src comp="956" pin="2"/><net_sink comp="3110" pin=0"/></net>

<net id="3114"><net_src comp="3110" pin="1"/><net_sink comp="2151" pin=28"/></net>

<net id="3118"><net_src comp="962" pin="2"/><net_sink comp="3115" pin=0"/></net>

<net id="3119"><net_src comp="3115" pin="1"/><net_sink comp="2151" pin=26"/></net>

<net id="3123"><net_src comp="968" pin="2"/><net_sink comp="3120" pin=0"/></net>

<net id="3124"><net_src comp="3120" pin="1"/><net_sink comp="2151" pin=24"/></net>

<net id="3128"><net_src comp="974" pin="2"/><net_sink comp="3125" pin=0"/></net>

<net id="3129"><net_src comp="3125" pin="1"/><net_sink comp="2151" pin=22"/></net>

<net id="3133"><net_src comp="980" pin="2"/><net_sink comp="3130" pin=0"/></net>

<net id="3134"><net_src comp="3130" pin="1"/><net_sink comp="2151" pin=20"/></net>

<net id="3138"><net_src comp="986" pin="2"/><net_sink comp="3135" pin=0"/></net>

<net id="3139"><net_src comp="3135" pin="1"/><net_sink comp="2151" pin=18"/></net>

<net id="3143"><net_src comp="992" pin="2"/><net_sink comp="3140" pin=0"/></net>

<net id="3144"><net_src comp="3140" pin="1"/><net_sink comp="2151" pin=16"/></net>

<net id="3148"><net_src comp="998" pin="2"/><net_sink comp="3145" pin=0"/></net>

<net id="3149"><net_src comp="3145" pin="1"/><net_sink comp="2151" pin=14"/></net>

<net id="3153"><net_src comp="1004" pin="2"/><net_sink comp="3150" pin=0"/></net>

<net id="3154"><net_src comp="3150" pin="1"/><net_sink comp="2151" pin=12"/></net>

<net id="3158"><net_src comp="1010" pin="2"/><net_sink comp="3155" pin=0"/></net>

<net id="3159"><net_src comp="3155" pin="1"/><net_sink comp="2151" pin=10"/></net>

<net id="3163"><net_src comp="1016" pin="2"/><net_sink comp="3160" pin=0"/></net>

<net id="3164"><net_src comp="3160" pin="1"/><net_sink comp="2151" pin=8"/></net>

<net id="3168"><net_src comp="1022" pin="2"/><net_sink comp="3165" pin=0"/></net>

<net id="3169"><net_src comp="3165" pin="1"/><net_sink comp="2151" pin=6"/></net>

<net id="3173"><net_src comp="1028" pin="2"/><net_sink comp="3170" pin=0"/></net>

<net id="3174"><net_src comp="3170" pin="1"/><net_sink comp="2151" pin=4"/></net>

<net id="3178"><net_src comp="1034" pin="2"/><net_sink comp="3175" pin=0"/></net>

<net id="3179"><net_src comp="3175" pin="1"/><net_sink comp="2151" pin=2"/></net>

<net id="3183"><net_src comp="1040" pin="2"/><net_sink comp="3180" pin=0"/></net>

<net id="3184"><net_src comp="3180" pin="1"/><net_sink comp="2094" pin=32"/></net>

<net id="3188"><net_src comp="1046" pin="2"/><net_sink comp="3185" pin=0"/></net>

<net id="3189"><net_src comp="3185" pin="1"/><net_sink comp="2094" pin=30"/></net>

<net id="3193"><net_src comp="1052" pin="2"/><net_sink comp="3190" pin=0"/></net>

<net id="3194"><net_src comp="3190" pin="1"/><net_sink comp="2094" pin=28"/></net>

<net id="3198"><net_src comp="1058" pin="2"/><net_sink comp="3195" pin=0"/></net>

<net id="3199"><net_src comp="3195" pin="1"/><net_sink comp="2094" pin=26"/></net>

<net id="3203"><net_src comp="1064" pin="2"/><net_sink comp="3200" pin=0"/></net>

<net id="3204"><net_src comp="3200" pin="1"/><net_sink comp="2094" pin=24"/></net>

<net id="3208"><net_src comp="1070" pin="2"/><net_sink comp="3205" pin=0"/></net>

<net id="3209"><net_src comp="3205" pin="1"/><net_sink comp="2094" pin=22"/></net>

<net id="3213"><net_src comp="1076" pin="2"/><net_sink comp="3210" pin=0"/></net>

<net id="3214"><net_src comp="3210" pin="1"/><net_sink comp="2094" pin=20"/></net>

<net id="3218"><net_src comp="1082" pin="2"/><net_sink comp="3215" pin=0"/></net>

<net id="3219"><net_src comp="3215" pin="1"/><net_sink comp="2094" pin=18"/></net>

<net id="3223"><net_src comp="1088" pin="2"/><net_sink comp="3220" pin=0"/></net>

<net id="3224"><net_src comp="3220" pin="1"/><net_sink comp="2094" pin=16"/></net>

<net id="3228"><net_src comp="1094" pin="2"/><net_sink comp="3225" pin=0"/></net>

<net id="3229"><net_src comp="3225" pin="1"/><net_sink comp="2094" pin=14"/></net>

<net id="3233"><net_src comp="1100" pin="2"/><net_sink comp="3230" pin=0"/></net>

<net id="3234"><net_src comp="3230" pin="1"/><net_sink comp="2094" pin=12"/></net>

<net id="3238"><net_src comp="1106" pin="2"/><net_sink comp="3235" pin=0"/></net>

<net id="3239"><net_src comp="3235" pin="1"/><net_sink comp="2094" pin=10"/></net>

<net id="3243"><net_src comp="1112" pin="2"/><net_sink comp="3240" pin=0"/></net>

<net id="3244"><net_src comp="3240" pin="1"/><net_sink comp="2094" pin=8"/></net>

<net id="3248"><net_src comp="1118" pin="2"/><net_sink comp="3245" pin=0"/></net>

<net id="3249"><net_src comp="3245" pin="1"/><net_sink comp="2094" pin=6"/></net>

<net id="3253"><net_src comp="1124" pin="2"/><net_sink comp="3250" pin=0"/></net>

<net id="3254"><net_src comp="3250" pin="1"/><net_sink comp="2094" pin=4"/></net>

<net id="3258"><net_src comp="1130" pin="2"/><net_sink comp="3255" pin=0"/></net>

<net id="3259"><net_src comp="3255" pin="1"/><net_sink comp="2094" pin=2"/></net>

<net id="3263"><net_src comp="1136" pin="2"/><net_sink comp="3260" pin=0"/></net>

<net id="3264"><net_src comp="3260" pin="1"/><net_sink comp="2037" pin=32"/></net>

<net id="3268"><net_src comp="1142" pin="2"/><net_sink comp="3265" pin=0"/></net>

<net id="3269"><net_src comp="3265" pin="1"/><net_sink comp="2037" pin=30"/></net>

<net id="3273"><net_src comp="1148" pin="2"/><net_sink comp="3270" pin=0"/></net>

<net id="3274"><net_src comp="3270" pin="1"/><net_sink comp="2037" pin=28"/></net>

<net id="3278"><net_src comp="1154" pin="2"/><net_sink comp="3275" pin=0"/></net>

<net id="3279"><net_src comp="3275" pin="1"/><net_sink comp="2037" pin=26"/></net>

<net id="3283"><net_src comp="1160" pin="2"/><net_sink comp="3280" pin=0"/></net>

<net id="3284"><net_src comp="3280" pin="1"/><net_sink comp="2037" pin=24"/></net>

<net id="3288"><net_src comp="1166" pin="2"/><net_sink comp="3285" pin=0"/></net>

<net id="3289"><net_src comp="3285" pin="1"/><net_sink comp="2037" pin=22"/></net>

<net id="3293"><net_src comp="1172" pin="2"/><net_sink comp="3290" pin=0"/></net>

<net id="3294"><net_src comp="3290" pin="1"/><net_sink comp="2037" pin=20"/></net>

<net id="3298"><net_src comp="1178" pin="2"/><net_sink comp="3295" pin=0"/></net>

<net id="3299"><net_src comp="3295" pin="1"/><net_sink comp="2037" pin=18"/></net>

<net id="3303"><net_src comp="1184" pin="2"/><net_sink comp="3300" pin=0"/></net>

<net id="3304"><net_src comp="3300" pin="1"/><net_sink comp="2037" pin=16"/></net>

<net id="3308"><net_src comp="1190" pin="2"/><net_sink comp="3305" pin=0"/></net>

<net id="3309"><net_src comp="3305" pin="1"/><net_sink comp="2037" pin=14"/></net>

<net id="3313"><net_src comp="1196" pin="2"/><net_sink comp="3310" pin=0"/></net>

<net id="3314"><net_src comp="3310" pin="1"/><net_sink comp="2037" pin=12"/></net>

<net id="3318"><net_src comp="1202" pin="2"/><net_sink comp="3315" pin=0"/></net>

<net id="3319"><net_src comp="3315" pin="1"/><net_sink comp="2037" pin=10"/></net>

<net id="3323"><net_src comp="1208" pin="2"/><net_sink comp="3320" pin=0"/></net>

<net id="3324"><net_src comp="3320" pin="1"/><net_sink comp="2037" pin=8"/></net>

<net id="3328"><net_src comp="1214" pin="2"/><net_sink comp="3325" pin=0"/></net>

<net id="3329"><net_src comp="3325" pin="1"/><net_sink comp="2037" pin=6"/></net>

<net id="3333"><net_src comp="1220" pin="2"/><net_sink comp="3330" pin=0"/></net>

<net id="3334"><net_src comp="3330" pin="1"/><net_sink comp="2037" pin=4"/></net>

<net id="3338"><net_src comp="1226" pin="2"/><net_sink comp="3335" pin=0"/></net>

<net id="3339"><net_src comp="3335" pin="1"/><net_sink comp="2037" pin=2"/></net>

<net id="3343"><net_src comp="2005" pin="1"/><net_sink comp="3340" pin=0"/></net>

<net id="3344"><net_src comp="3340" pin="1"/><net_sink comp="2517" pin=1"/></net>

<net id="3348"><net_src comp="2014" pin="1"/><net_sink comp="3345" pin=0"/></net>

<net id="3349"><net_src comp="3345" pin="1"/><net_sink comp="2034" pin=0"/></net>

<net id="3350"><net_src comp="3345" pin="1"/><net_sink comp="2500" pin=1"/></net>

<net id="3354"><net_src comp="2017" pin="2"/><net_sink comp="3351" pin=0"/></net>

<net id="3358"><net_src comp="2034" pin="1"/><net_sink comp="3355" pin=0"/></net>

<net id="3359"><net_src comp="3355" pin="1"/><net_sink comp="2493" pin=1"/></net>

<net id="3360"><net_src comp="3355" pin="1"/><net_sink comp="2542" pin=34"/></net>

<net id="3361"><net_src comp="3355" pin="1"/><net_sink comp="2613" pin=34"/></net>

<net id="3365"><net_src comp="2037" pin="35"/><net_sink comp="3362" pin=0"/></net>

<net id="3366"><net_src comp="3362" pin="1"/><net_sink comp="1973" pin=0"/></net>

<net id="3370"><net_src comp="2094" pin="35"/><net_sink comp="3367" pin=0"/></net>

<net id="3371"><net_src comp="3367" pin="1"/><net_sink comp="1973" pin=1"/></net>

<net id="3375"><net_src comp="2151" pin="35"/><net_sink comp="3372" pin=0"/></net>

<net id="3376"><net_src comp="3372" pin="1"/><net_sink comp="1977" pin=0"/></net>

<net id="3380"><net_src comp="2208" pin="35"/><net_sink comp="3377" pin=0"/></net>

<net id="3381"><net_src comp="3377" pin="1"/><net_sink comp="1977" pin=1"/></net>

<net id="3385"><net_src comp="2265" pin="35"/><net_sink comp="3382" pin=0"/></net>

<net id="3386"><net_src comp="3382" pin="1"/><net_sink comp="1981" pin=0"/></net>

<net id="3390"><net_src comp="2322" pin="35"/><net_sink comp="3387" pin=0"/></net>

<net id="3391"><net_src comp="3387" pin="1"/><net_sink comp="1981" pin=1"/></net>

<net id="3395"><net_src comp="2379" pin="35"/><net_sink comp="3392" pin=0"/></net>

<net id="3396"><net_src comp="3392" pin="1"/><net_sink comp="1985" pin=0"/></net>

<net id="3400"><net_src comp="2436" pin="35"/><net_sink comp="3397" pin=0"/></net>

<net id="3401"><net_src comp="3397" pin="1"/><net_sink comp="1985" pin=1"/></net>

<net id="3405"><net_src comp="1973" pin="2"/><net_sink comp="3402" pin=0"/></net>

<net id="3406"><net_src comp="3402" pin="1"/><net_sink comp="1989" pin=0"/></net>

<net id="3410"><net_src comp="1977" pin="2"/><net_sink comp="3407" pin=0"/></net>

<net id="3411"><net_src comp="3407" pin="1"/><net_sink comp="1989" pin=1"/></net>

<net id="3415"><net_src comp="1981" pin="2"/><net_sink comp="3412" pin=0"/></net>

<net id="3416"><net_src comp="3412" pin="1"/><net_sink comp="1993" pin=0"/></net>

<net id="3420"><net_src comp="1985" pin="2"/><net_sink comp="3417" pin=0"/></net>

<net id="3421"><net_src comp="3417" pin="1"/><net_sink comp="1993" pin=1"/></net>

<net id="3425"><net_src comp="1989" pin="2"/><net_sink comp="3422" pin=0"/></net>

<net id="3426"><net_src comp="3422" pin="1"/><net_sink comp="1997" pin=0"/></net>

<net id="3430"><net_src comp="1993" pin="2"/><net_sink comp="3427" pin=0"/></net>

<net id="3431"><net_src comp="3427" pin="1"/><net_sink comp="1997" pin=1"/></net>

<net id="3435"><net_src comp="1997" pin="2"/><net_sink comp="3432" pin=0"/></net>

<net id="3436"><net_src comp="3432" pin="1"/><net_sink comp="2001" pin=0"/></net>

<net id="3440"><net_src comp="2001" pin="2"/><net_sink comp="3437" pin=0"/></net>

<net id="3441"><net_src comp="3437" pin="1"/><net_sink comp="1766" pin=4"/></net>

<net id="3442"><net_src comp="3437" pin="1"/><net_sink comp="1776" pin=4"/></net>

<net id="3443"><net_src comp="3437" pin="1"/><net_sink comp="1786" pin=4"/></net>

<net id="3444"><net_src comp="3437" pin="1"/><net_sink comp="1796" pin=4"/></net>

<net id="3445"><net_src comp="3437" pin="1"/><net_sink comp="1806" pin=4"/></net>

<net id="3446"><net_src comp="3437" pin="1"/><net_sink comp="1816" pin=4"/></net>

<net id="3447"><net_src comp="3437" pin="1"/><net_sink comp="1826" pin=4"/></net>

<net id="3448"><net_src comp="3437" pin="1"/><net_sink comp="1836" pin=4"/></net>

<net id="3449"><net_src comp="3437" pin="1"/><net_sink comp="1846" pin=4"/></net>

<net id="3450"><net_src comp="3437" pin="1"/><net_sink comp="1856" pin=4"/></net>

<net id="3451"><net_src comp="3437" pin="1"/><net_sink comp="1866" pin=4"/></net>

<net id="3452"><net_src comp="3437" pin="1"/><net_sink comp="1876" pin=4"/></net>

<net id="3453"><net_src comp="3437" pin="1"/><net_sink comp="1886" pin=4"/></net>

<net id="3454"><net_src comp="3437" pin="1"/><net_sink comp="1896" pin=4"/></net>

<net id="3455"><net_src comp="3437" pin="1"/><net_sink comp="1906" pin=4"/></net>

<net id="3456"><net_src comp="3437" pin="1"/><net_sink comp="1916" pin=4"/></net>

<net id="3457"><net_src comp="3437" pin="1"/><net_sink comp="1970" pin=0"/></net>

<net id="3461"><net_src comp="1970" pin="1"/><net_sink comp="3458" pin=0"/></net>

<net id="3462"><net_src comp="3458" pin="1"/><net_sink comp="1966" pin=0"/></net>

<net id="3463"><net_src comp="3458" pin="1"/><net_sink comp="1966" pin=1"/></net>

<net id="3464"><net_src comp="3458" pin="1"/><net_sink comp="1926" pin=1"/></net>

<net id="3468"><net_src comp="2542" pin="35"/><net_sink comp="3465" pin=0"/></net>

<net id="3469"><net_src comp="3465" pin="1"/><net_sink comp="1926" pin=0"/></net>

<net id="3473"><net_src comp="1966" pin="2"/><net_sink comp="3470" pin=0"/></net>

<net id="3474"><net_src comp="3470" pin="1"/><net_sink comp="1946" pin=1"/></net>

<net id="3478"><net_src comp="2613" pin="35"/><net_sink comp="3475" pin=0"/></net>

<net id="3479"><net_src comp="3475" pin="1"/><net_sink comp="1946" pin=0"/></net>

</net_list>

</model> 
---------------- Datapath Model END ------------------

* FSMD analyzer results:
  - Output states:
	Port: sum_acc | {33 }
	Port: sumsq_acc | {39 }
	Port: sum_acc_1 | {33 }
	Port: sum_acc_2 | {33 }
	Port: sum_acc_3 | {33 }
	Port: sum_acc_4 | {33 }
	Port: sum_acc_5 | {33 }
	Port: sum_acc_6 | {33 }
	Port: sum_acc_7 | {33 }
	Port: sum_acc_8 | {33 }
	Port: sum_acc_9 | {33 }
	Port: sum_acc_10 | {33 }
	Port: sum_acc_11 | {33 }
	Port: sum_acc_12 | {33 }
	Port: sum_acc_13 | {33 }
	Port: sum_acc_14 | {33 }
	Port: sum_acc_15 | {33 }
	Port: sumsq_acc_1 | {39 }
	Port: sumsq_acc_2 | {39 }
	Port: sumsq_acc_3 | {39 }
	Port: sumsq_acc_4 | {39 }
	Port: sumsq_acc_5 | {39 }
	Port: sumsq_acc_6 | {39 }
	Port: sumsq_acc_7 | {39 }
	Port: sumsq_acc_8 | {39 }
	Port: sumsq_acc_9 | {39 }
	Port: sumsq_acc_10 | {39 }
	Port: sumsq_acc_11 | {39 }
	Port: sumsq_acc_12 | {39 }
	Port: sumsq_acc_13 | {39 }
	Port: sumsq_acc_14 | {39 }
	Port: sumsq_acc_15 | {39 }
	Port: y_cache_16_0 | {22 }
	Port: y_cache_16_1 | {22 }
	Port: y_cache_16_2 | {22 }
	Port: y_cache_16_3 | {22 }
	Port: y_cache_16_4 | {22 }
	Port: y_cache_16_5 | {22 }
	Port: y_cache_16_6 | {22 }
	Port: y_cache_16_7 | {22 }
	Port: y_cache_16_8 | {22 }
	Port: y_cache_16_9 | {22 }
	Port: y_cache_16_10 | {22 }
	Port: y_cache_16_11 | {22 }
	Port: y_cache_16_12 | {22 }
	Port: y_cache_16_13 | {22 }
	Port: y_cache_16_14 | {22 }
	Port: y_cache_16_15 | {22 }
 - Input state : 
	Port: Fused_Conv_CNorm_Act<16, 960, 960, half>_Pipeline_FINAL_ACCUMULATION : sum_acc | {23 }
	Port: Fused_Conv_CNorm_Act<16, 960, 960, half>_Pipeline_FINAL_ACCUMULATION : sumsq_acc | {29 }
	Port: Fused_Conv_CNorm_Act<16, 960, 960, half>_Pipeline_FINAL_ACCUMULATION : sum_acc_1 | {23 }
	Port: Fused_Conv_CNorm_Act<16, 960, 960, half>_Pipeline_FINAL_ACCUMULATION : sum_acc_2 | {23 }
	Port: Fused_Conv_CNorm_Act<16, 960, 960, half>_Pipeline_FINAL_ACCUMULATION : sum_acc_3 | {23 }
	Port: Fused_Conv_CNorm_Act<16, 960, 960, half>_Pipeline_FINAL_ACCUMULATION : sum_acc_4 | {23 }
	Port: Fused_Conv_CNorm_Act<16, 960, 960, half>_Pipeline_FINAL_ACCUMULATION : sum_acc_5 | {23 }
	Port: Fused_Conv_CNorm_Act<16, 960, 960, half>_Pipeline_FINAL_ACCUMULATION : sum_acc_6 | {23 }
	Port: Fused_Conv_CNorm_Act<16, 960, 960, half>_Pipeline_FINAL_ACCUMULATION : sum_acc_7 | {23 }
	Port: Fused_Conv_CNorm_Act<16, 960, 960, half>_Pipeline_FINAL_ACCUMULATION : sum_acc_8 | {23 }
	Port: Fused_Conv_CNorm_Act<16, 960, 960, half>_Pipeline_FINAL_ACCUMULATION : sum_acc_9 | {23 }
	Port: Fused_Conv_CNorm_Act<16, 960, 960, half>_Pipeline_FINAL_ACCUMULATION : sum_acc_10 | {23 }
	Port: Fused_Conv_CNorm_Act<16, 960, 960, half>_Pipeline_FINAL_ACCUMULATION : sum_acc_11 | {23 }
	Port: Fused_Conv_CNorm_Act<16, 960, 960, half>_Pipeline_FINAL_ACCUMULATION : sum_acc_12 | {23 }
	Port: Fused_Conv_CNorm_Act<16, 960, 960, half>_Pipeline_FINAL_ACCUMULATION : sum_acc_13 | {23 }
	Port: Fused_Conv_CNorm_Act<16, 960, 960, half>_Pipeline_FINAL_ACCUMULATION : sum_acc_14 | {23 }
	Port: Fused_Conv_CNorm_Act<16, 960, 960, half>_Pipeline_FINAL_ACCUMULATION : sum_acc_15 | {23 }
	Port: Fused_Conv_CNorm_Act<16, 960, 960, half>_Pipeline_FINAL_ACCUMULATION : sumsq_acc_1 | {29 }
	Port: Fused_Conv_CNorm_Act<16, 960, 960, half>_Pipeline_FINAL_ACCUMULATION : sumsq_acc_2 | {29 }
	Port: Fused_Conv_CNorm_Act<16, 960, 960, half>_Pipeline_FINAL_ACCUMULATION : sumsq_acc_3 | {29 }
	Port: Fused_Conv_CNorm_Act<16, 960, 960, half>_Pipeline_FINAL_ACCUMULATION : sumsq_acc_4 | {29 }
	Port: Fused_Conv_CNorm_Act<16, 960, 960, half>_Pipeline_FINAL_ACCUMULATION : sumsq_acc_5 | {29 }
	Port: Fused_Conv_CNorm_Act<16, 960, 960, half>_Pipeline_FINAL_ACCUMULATION : sumsq_acc_6 | {29 }
	Port: Fused_Conv_CNorm_Act<16, 960, 960, half>_Pipeline_FINAL_ACCUMULATION : sumsq_acc_7 | {29 }
	Port: Fused_Conv_CNorm_Act<16, 960, 960, half>_Pipeline_FINAL_ACCUMULATION : sumsq_acc_8 | {29 }
	Port: Fused_Conv_CNorm_Act<16, 960, 960, half>_Pipeline_FINAL_ACCUMULATION : sumsq_acc_9 | {29 }
	Port: Fused_Conv_CNorm_Act<16, 960, 960, half>_Pipeline_FINAL_ACCUMULATION : sumsq_acc_10 | {29 }
	Port: Fused_Conv_CNorm_Act<16, 960, 960, half>_Pipeline_FINAL_ACCUMULATION : sumsq_acc_11 | {29 }
	Port: Fused_Conv_CNorm_Act<16, 960, 960, half>_Pipeline_FINAL_ACCUMULATION : sumsq_acc_12 | {29 }
	Port: Fused_Conv_CNorm_Act<16, 960, 960, half>_Pipeline_FINAL_ACCUMULATION : sumsq_acc_13 | {29 }
	Port: Fused_Conv_CNorm_Act<16, 960, 960, half>_Pipeline_FINAL_ACCUMULATION : sumsq_acc_14 | {29 }
	Port: Fused_Conv_CNorm_Act<16, 960, 960, half>_Pipeline_FINAL_ACCUMULATION : sumsq_acc_15 | {29 }
	Port: Fused_Conv_CNorm_Act<16, 960, 960, half>_Pipeline_FINAL_ACCUMULATION : zext_ln201 | {1 }
	Port: Fused_Conv_CNorm_Act<16, 960, 960, half>_Pipeline_FINAL_ACCUMULATION : y_cache_16_0 | {}
	Port: Fused_Conv_CNorm_Act<16, 960, 960, half>_Pipeline_FINAL_ACCUMULATION : y_cache_16_1 | {}
	Port: Fused_Conv_CNorm_Act<16, 960, 960, half>_Pipeline_FINAL_ACCUMULATION : y_cache_16_2 | {}
	Port: Fused_Conv_CNorm_Act<16, 960, 960, half>_Pipeline_FINAL_ACCUMULATION : y_cache_16_3 | {}
	Port: Fused_Conv_CNorm_Act<16, 960, 960, half>_Pipeline_FINAL_ACCUMULATION : y_cache_16_4 | {}
	Port: Fused_Conv_CNorm_Act<16, 960, 960, half>_Pipeline_FINAL_ACCUMULATION : y_cache_16_5 | {}
	Port: Fused_Conv_CNorm_Act<16, 960, 960, half>_Pipeline_FINAL_ACCUMULATION : y_cache_16_6 | {}
	Port: Fused_Conv_CNorm_Act<16, 960, 960, half>_Pipeline_FINAL_ACCUMULATION : y_cache_16_7 | {}
	Port: Fused_Conv_CNorm_Act<16, 960, 960, half>_Pipeline_FINAL_ACCUMULATION : y_cache_16_8 | {}
	Port: Fused_Conv_CNorm_Act<16, 960, 960, half>_Pipeline_FINAL_ACCUMULATION : y_cache_16_9 | {}
	Port: Fused_Conv_CNorm_Act<16, 960, 960, half>_Pipeline_FINAL_ACCUMULATION : y_cache_16_10 | {}
	Port: Fused_Conv_CNorm_Act<16, 960, 960, half>_Pipeline_FINAL_ACCUMULATION : y_cache_16_11 | {}
	Port: Fused_Conv_CNorm_Act<16, 960, 960, half>_Pipeline_FINAL_ACCUMULATION : y_cache_16_12 | {}
	Port: Fused_Conv_CNorm_Act<16, 960, 960, half>_Pipeline_FINAL_ACCUMULATION : y_cache_16_13 | {}
	Port: Fused_Conv_CNorm_Act<16, 960, 960, half>_Pipeline_FINAL_ACCUMULATION : y_cache_16_14 | {}
	Port: Fused_Conv_CNorm_Act<16, 960, 960, half>_Pipeline_FINAL_ACCUMULATION : y_cache_16_15 | {}
	Port: Fused_Conv_CNorm_Act<16, 960, 960, half>_Pipeline_FINAL_ACCUMULATION : psum_load_reload | {1 }
	Port: Fused_Conv_CNorm_Act<16, 960, 960, half>_Pipeline_FINAL_ACCUMULATION : psum_8_load_reload | {1 }
	Port: Fused_Conv_CNorm_Act<16, 960, 960, half>_Pipeline_FINAL_ACCUMULATION : psum_16_load_reload | {1 }
	Port: Fused_Conv_CNorm_Act<16, 960, 960, half>_Pipeline_FINAL_ACCUMULATION : psum_24_load_reload | {1 }
	Port: Fused_Conv_CNorm_Act<16, 960, 960, half>_Pipeline_FINAL_ACCUMULATION : psum_32_load_reload | {1 }
	Port: Fused_Conv_CNorm_Act<16, 960, 960, half>_Pipeline_FINAL_ACCUMULATION : psum_40_load_reload | {1 }
	Port: Fused_Conv_CNorm_Act<16, 960, 960, half>_Pipeline_FINAL_ACCUMULATION : psum_48_load_reload | {1 }
	Port: Fused_Conv_CNorm_Act<16, 960, 960, half>_Pipeline_FINAL_ACCUMULATION : psum_56_load_reload | {1 }
	Port: Fused_Conv_CNorm_Act<16, 960, 960, half>_Pipeline_FINAL_ACCUMULATION : psum_64_load_reload | {1 }
	Port: Fused_Conv_CNorm_Act<16, 960, 960, half>_Pipeline_FINAL_ACCUMULATION : psum_72_load_reload | {1 }
	Port: Fused_Conv_CNorm_Act<16, 960, 960, half>_Pipeline_FINAL_ACCUMULATION : psum_80_load_reload | {1 }
	Port: Fused_Conv_CNorm_Act<16, 960, 960, half>_Pipeline_FINAL_ACCUMULATION : psum_88_load_reload | {1 }
	Port: Fused_Conv_CNorm_Act<16, 960, 960, half>_Pipeline_FINAL_ACCUMULATION : psum_96_load_reload | {1 }
	Port: Fused_Conv_CNorm_Act<16, 960, 960, half>_Pipeline_FINAL_ACCUMULATION : psum_104_load_reload | {1 }
	Port: Fused_Conv_CNorm_Act<16, 960, 960, half>_Pipeline_FINAL_ACCUMULATION : psum_112_load_reload | {1 }
	Port: Fused_Conv_CNorm_Act<16, 960, 960, half>_Pipeline_FINAL_ACCUMULATION : psum_120_load_reload | {1 }
	Port: Fused_Conv_CNorm_Act<16, 960, 960, half>_Pipeline_FINAL_ACCUMULATION : psum_1_load_reload | {1 }
	Port: Fused_Conv_CNorm_Act<16, 960, 960, half>_Pipeline_FINAL_ACCUMULATION : psum_9_load_reload | {1 }
	Port: Fused_Conv_CNorm_Act<16, 960, 960, half>_Pipeline_FINAL_ACCUMULATION : psum_17_load_reload | {1 }
	Port: Fused_Conv_CNorm_Act<16, 960, 960, half>_Pipeline_FINAL_ACCUMULATION : psum_25_load_reload | {1 }
	Port: Fused_Conv_CNorm_Act<16, 960, 960, half>_Pipeline_FINAL_ACCUMULATION : psum_33_load_reload | {1 }
	Port: Fused_Conv_CNorm_Act<16, 960, 960, half>_Pipeline_FINAL_ACCUMULATION : psum_41_load_reload | {1 }
	Port: Fused_Conv_CNorm_Act<16, 960, 960, half>_Pipeline_FINAL_ACCUMULATION : psum_49_load_reload | {1 }
	Port: Fused_Conv_CNorm_Act<16, 960, 960, half>_Pipeline_FINAL_ACCUMULATION : psum_57_load_reload | {1 }
	Port: Fused_Conv_CNorm_Act<16, 960, 960, half>_Pipeline_FINAL_ACCUMULATION : psum_65_load_reload | {1 }
	Port: Fused_Conv_CNorm_Act<16, 960, 960, half>_Pipeline_FINAL_ACCUMULATION : psum_73_load_reload | {1 }
	Port: Fused_Conv_CNorm_Act<16, 960, 960, half>_Pipeline_FINAL_ACCUMULATION : psum_81_load_reload | {1 }
	Port: Fused_Conv_CNorm_Act<16, 960, 960, half>_Pipeline_FINAL_ACCUMULATION : psum_89_load_reload | {1 }
	Port: Fused_Conv_CNorm_Act<16, 960, 960, half>_Pipeline_FINAL_ACCUMULATION : psum_97_load_reload | {1 }
	Port: Fused_Conv_CNorm_Act<16, 960, 960, half>_Pipeline_FINAL_ACCUMULATION : psum_105_load_reload | {1 }
	Port: Fused_Conv_CNorm_Act<16, 960, 960, half>_Pipeline_FINAL_ACCUMULATION : psum_113_load_reload | {1 }
	Port: Fused_Conv_CNorm_Act<16, 960, 960, half>_Pipeline_FINAL_ACCUMULATION : psum_121_load_reload | {1 }
	Port: Fused_Conv_CNorm_Act<16, 960, 960, half>_Pipeline_FINAL_ACCUMULATION : psum_2_load_reload | {1 }
	Port: Fused_Conv_CNorm_Act<16, 960, 960, half>_Pipeline_FINAL_ACCUMULATION : psum_10_load_reload | {1 }
	Port: Fused_Conv_CNorm_Act<16, 960, 960, half>_Pipeline_FINAL_ACCUMULATION : psum_18_load_reload | {1 }
	Port: Fused_Conv_CNorm_Act<16, 960, 960, half>_Pipeline_FINAL_ACCUMULATION : psum_26_load_reload | {1 }
	Port: Fused_Conv_CNorm_Act<16, 960, 960, half>_Pipeline_FINAL_ACCUMULATION : psum_34_load_reload | {1 }
	Port: Fused_Conv_CNorm_Act<16, 960, 960, half>_Pipeline_FINAL_ACCUMULATION : psum_42_load_reload | {1 }
	Port: Fused_Conv_CNorm_Act<16, 960, 960, half>_Pipeline_FINAL_ACCUMULATION : psum_50_load_reload | {1 }
	Port: Fused_Conv_CNorm_Act<16, 960, 960, half>_Pipeline_FINAL_ACCUMULATION : psum_58_load_reload | {1 }
	Port: Fused_Conv_CNorm_Act<16, 960, 960, half>_Pipeline_FINAL_ACCUMULATION : psum_66_load_reload | {1 }
	Port: Fused_Conv_CNorm_Act<16, 960, 960, half>_Pipeline_FINAL_ACCUMULATION : psum_74_load_reload | {1 }
	Port: Fused_Conv_CNorm_Act<16, 960, 960, half>_Pipeline_FINAL_ACCUMULATION : psum_82_load_reload | {1 }
	Port: Fused_Conv_CNorm_Act<16, 960, 960, half>_Pipeline_FINAL_ACCUMULATION : psum_90_load_reload | {1 }
	Port: Fused_Conv_CNorm_Act<16, 960, 960, half>_Pipeline_FINAL_ACCUMULATION : psum_98_load_reload | {1 }
	Port: Fused_Conv_CNorm_Act<16, 960, 960, half>_Pipeline_FINAL_ACCUMULATION : psum_106_load_reload | {1 }
	Port: Fused_Conv_CNorm_Act<16, 960, 960, half>_Pipeline_FINAL_ACCUMULATION : psum_114_load_reload | {1 }
	Port: Fused_Conv_CNorm_Act<16, 960, 960, half>_Pipeline_FINAL_ACCUMULATION : psum_122_load_reload | {1 }
	Port: Fused_Conv_CNorm_Act<16, 960, 960, half>_Pipeline_FINAL_ACCUMULATION : psum_3_load_reload | {1 }
	Port: Fused_Conv_CNorm_Act<16, 960, 960, half>_Pipeline_FINAL_ACCUMULATION : psum_11_load_reload | {1 }
	Port: Fused_Conv_CNorm_Act<16, 960, 960, half>_Pipeline_FINAL_ACCUMULATION : psum_19_load_reload | {1 }
	Port: Fused_Conv_CNorm_Act<16, 960, 960, half>_Pipeline_FINAL_ACCUMULATION : psum_27_load_reload | {1 }
	Port: Fused_Conv_CNorm_Act<16, 960, 960, half>_Pipeline_FINAL_ACCUMULATION : psum_35_load_reload | {1 }
	Port: Fused_Conv_CNorm_Act<16, 960, 960, half>_Pipeline_FINAL_ACCUMULATION : psum_43_load_reload | {1 }
	Port: Fused_Conv_CNorm_Act<16, 960, 960, half>_Pipeline_FINAL_ACCUMULATION : psum_51_load_reload | {1 }
	Port: Fused_Conv_CNorm_Act<16, 960, 960, half>_Pipeline_FINAL_ACCUMULATION : psum_59_load_reload | {1 }
	Port: Fused_Conv_CNorm_Act<16, 960, 960, half>_Pipeline_FINAL_ACCUMULATION : psum_67_load_reload | {1 }
	Port: Fused_Conv_CNorm_Act<16, 960, 960, half>_Pipeline_FINAL_ACCUMULATION : psum_75_load_reload | {1 }
	Port: Fused_Conv_CNorm_Act<16, 960, 960, half>_Pipeline_FINAL_ACCUMULATION : psum_83_load_reload | {1 }
	Port: Fused_Conv_CNorm_Act<16, 960, 960, half>_Pipeline_FINAL_ACCUMULATION : psum_91_load_reload | {1 }
	Port: Fused_Conv_CNorm_Act<16, 960, 960, half>_Pipeline_FINAL_ACCUMULATION : psum_99_load_reload | {1 }
	Port: Fused_Conv_CNorm_Act<16, 960, 960, half>_Pipeline_FINAL_ACCUMULATION : psum_107_load_reload | {1 }
	Port: Fused_Conv_CNorm_Act<16, 960, 960, half>_Pipeline_FINAL_ACCUMULATION : psum_115_load_reload | {1 }
	Port: Fused_Conv_CNorm_Act<16, 960, 960, half>_Pipeline_FINAL_ACCUMULATION : psum_123_load_reload | {1 }
	Port: Fused_Conv_CNorm_Act<16, 960, 960, half>_Pipeline_FINAL_ACCUMULATION : psum_4_load_reload | {1 }
	Port: Fused_Conv_CNorm_Act<16, 960, 960, half>_Pipeline_FINAL_ACCUMULATION : psum_12_load_reload | {1 }
	Port: Fused_Conv_CNorm_Act<16, 960, 960, half>_Pipeline_FINAL_ACCUMULATION : psum_20_load_reload | {1 }
	Port: Fused_Conv_CNorm_Act<16, 960, 960, half>_Pipeline_FINAL_ACCUMULATION : psum_28_load_reload | {1 }
	Port: Fused_Conv_CNorm_Act<16, 960, 960, half>_Pipeline_FINAL_ACCUMULATION : psum_36_load_reload | {1 }
	Port: Fused_Conv_CNorm_Act<16, 960, 960, half>_Pipeline_FINAL_ACCUMULATION : psum_44_load_reload | {1 }
	Port: Fused_Conv_CNorm_Act<16, 960, 960, half>_Pipeline_FINAL_ACCUMULATION : psum_52_load_reload | {1 }
	Port: Fused_Conv_CNorm_Act<16, 960, 960, half>_Pipeline_FINAL_ACCUMULATION : psum_60_load_reload | {1 }
	Port: Fused_Conv_CNorm_Act<16, 960, 960, half>_Pipeline_FINAL_ACCUMULATION : psum_68_load_reload | {1 }
	Port: Fused_Conv_CNorm_Act<16, 960, 960, half>_Pipeline_FINAL_ACCUMULATION : psum_76_load_reload | {1 }
	Port: Fused_Conv_CNorm_Act<16, 960, 960, half>_Pipeline_FINAL_ACCUMULATION : psum_84_load_reload | {1 }
	Port: Fused_Conv_CNorm_Act<16, 960, 960, half>_Pipeline_FINAL_ACCUMULATION : psum_92_load_reload | {1 }
	Port: Fused_Conv_CNorm_Act<16, 960, 960, half>_Pipeline_FINAL_ACCUMULATION : psum_100_load_reload | {1 }
	Port: Fused_Conv_CNorm_Act<16, 960, 960, half>_Pipeline_FINAL_ACCUMULATION : psum_108_load_reload | {1 }
	Port: Fused_Conv_CNorm_Act<16, 960, 960, half>_Pipeline_FINAL_ACCUMULATION : psum_116_load_reload | {1 }
	Port: Fused_Conv_CNorm_Act<16, 960, 960, half>_Pipeline_FINAL_ACCUMULATION : psum_124_load_reload | {1 }
	Port: Fused_Conv_CNorm_Act<16, 960, 960, half>_Pipeline_FINAL_ACCUMULATION : psum_5_load_reload | {1 }
	Port: Fused_Conv_CNorm_Act<16, 960, 960, half>_Pipeline_FINAL_ACCUMULATION : psum_13_load_reload | {1 }
	Port: Fused_Conv_CNorm_Act<16, 960, 960, half>_Pipeline_FINAL_ACCUMULATION : psum_21_load_reload | {1 }
	Port: Fused_Conv_CNorm_Act<16, 960, 960, half>_Pipeline_FINAL_ACCUMULATION : psum_29_load_reload | {1 }
	Port: Fused_Conv_CNorm_Act<16, 960, 960, half>_Pipeline_FINAL_ACCUMULATION : psum_37_load_reload | {1 }
	Port: Fused_Conv_CNorm_Act<16, 960, 960, half>_Pipeline_FINAL_ACCUMULATION : psum_45_load_reload | {1 }
	Port: Fused_Conv_CNorm_Act<16, 960, 960, half>_Pipeline_FINAL_ACCUMULATION : psum_53_load_reload | {1 }
	Port: Fused_Conv_CNorm_Act<16, 960, 960, half>_Pipeline_FINAL_ACCUMULATION : psum_61_load_reload | {1 }
	Port: Fused_Conv_CNorm_Act<16, 960, 960, half>_Pipeline_FINAL_ACCUMULATION : psum_69_load_reload | {1 }
	Port: Fused_Conv_CNorm_Act<16, 960, 960, half>_Pipeline_FINAL_ACCUMULATION : psum_77_load_reload | {1 }
	Port: Fused_Conv_CNorm_Act<16, 960, 960, half>_Pipeline_FINAL_ACCUMULATION : psum_85_load_reload | {1 }
	Port: Fused_Conv_CNorm_Act<16, 960, 960, half>_Pipeline_FINAL_ACCUMULATION : psum_93_load_reload | {1 }
	Port: Fused_Conv_CNorm_Act<16, 960, 960, half>_Pipeline_FINAL_ACCUMULATION : psum_101_load_reload | {1 }
	Port: Fused_Conv_CNorm_Act<16, 960, 960, half>_Pipeline_FINAL_ACCUMULATION : psum_109_load_reload | {1 }
	Port: Fused_Conv_CNorm_Act<16, 960, 960, half>_Pipeline_FINAL_ACCUMULATION : psum_117_load_reload | {1 }
	Port: Fused_Conv_CNorm_Act<16, 960, 960, half>_Pipeline_FINAL_ACCUMULATION : psum_125_load_reload | {1 }
	Port: Fused_Conv_CNorm_Act<16, 960, 960, half>_Pipeline_FINAL_ACCUMULATION : psum_6_load_reload | {1 }
	Port: Fused_Conv_CNorm_Act<16, 960, 960, half>_Pipeline_FINAL_ACCUMULATION : psum_14_load_reload | {1 }
	Port: Fused_Conv_CNorm_Act<16, 960, 960, half>_Pipeline_FINAL_ACCUMULATION : psum_22_load_reload | {1 }
	Port: Fused_Conv_CNorm_Act<16, 960, 960, half>_Pipeline_FINAL_ACCUMULATION : psum_30_load_reload | {1 }
	Port: Fused_Conv_CNorm_Act<16, 960, 960, half>_Pipeline_FINAL_ACCUMULATION : psum_38_load_reload | {1 }
	Port: Fused_Conv_CNorm_Act<16, 960, 960, half>_Pipeline_FINAL_ACCUMULATION : psum_46_load_reload | {1 }
	Port: Fused_Conv_CNorm_Act<16, 960, 960, half>_Pipeline_FINAL_ACCUMULATION : psum_54_load_reload | {1 }
	Port: Fused_Conv_CNorm_Act<16, 960, 960, half>_Pipeline_FINAL_ACCUMULATION : psum_62_load_reload | {1 }
	Port: Fused_Conv_CNorm_Act<16, 960, 960, half>_Pipeline_FINAL_ACCUMULATION : psum_70_load_reload | {1 }
	Port: Fused_Conv_CNorm_Act<16, 960, 960, half>_Pipeline_FINAL_ACCUMULATION : psum_78_load_reload | {1 }
	Port: Fused_Conv_CNorm_Act<16, 960, 960, half>_Pipeline_FINAL_ACCUMULATION : psum_86_load_reload | {1 }
	Port: Fused_Conv_CNorm_Act<16, 960, 960, half>_Pipeline_FINAL_ACCUMULATION : psum_94_load_reload | {1 }
	Port: Fused_Conv_CNorm_Act<16, 960, 960, half>_Pipeline_FINAL_ACCUMULATION : psum_102_load_reload | {1 }
	Port: Fused_Conv_CNorm_Act<16, 960, 960, half>_Pipeline_FINAL_ACCUMULATION : psum_110_load_reload | {1 }
	Port: Fused_Conv_CNorm_Act<16, 960, 960, half>_Pipeline_FINAL_ACCUMULATION : psum_118_load_reload | {1 }
	Port: Fused_Conv_CNorm_Act<16, 960, 960, half>_Pipeline_FINAL_ACCUMULATION : psum_126_load_reload | {1 }
	Port: Fused_Conv_CNorm_Act<16, 960, 960, half>_Pipeline_FINAL_ACCUMULATION : psum_7_load_reload | {1 }
	Port: Fused_Conv_CNorm_Act<16, 960, 960, half>_Pipeline_FINAL_ACCUMULATION : psum_15_load_reload | {1 }
	Port: Fused_Conv_CNorm_Act<16, 960, 960, half>_Pipeline_FINAL_ACCUMULATION : psum_23_load_reload | {1 }
	Port: Fused_Conv_CNorm_Act<16, 960, 960, half>_Pipeline_FINAL_ACCUMULATION : psum_31_load_reload | {1 }
	Port: Fused_Conv_CNorm_Act<16, 960, 960, half>_Pipeline_FINAL_ACCUMULATION : psum_39_load_reload | {1 }
	Port: Fused_Conv_CNorm_Act<16, 960, 960, half>_Pipeline_FINAL_ACCUMULATION : psum_47_load_reload | {1 }
	Port: Fused_Conv_CNorm_Act<16, 960, 960, half>_Pipeline_FINAL_ACCUMULATION : psum_55_load_reload | {1 }
	Port: Fused_Conv_CNorm_Act<16, 960, 960, half>_Pipeline_FINAL_ACCUMULATION : psum_63_load_reload | {1 }
	Port: Fused_Conv_CNorm_Act<16, 960, 960, half>_Pipeline_FINAL_ACCUMULATION : psum_71_load_reload | {1 }
	Port: Fused_Conv_CNorm_Act<16, 960, 960, half>_Pipeline_FINAL_ACCUMULATION : psum_79_load_reload | {1 }
	Port: Fused_Conv_CNorm_Act<16, 960, 960, half>_Pipeline_FINAL_ACCUMULATION : psum_87_load_reload | {1 }
	Port: Fused_Conv_CNorm_Act<16, 960, 960, half>_Pipeline_FINAL_ACCUMULATION : psum_95_load_reload | {1 }
	Port: Fused_Conv_CNorm_Act<16, 960, 960, half>_Pipeline_FINAL_ACCUMULATION : psum_103_load_reload | {1 }
	Port: Fused_Conv_CNorm_Act<16, 960, 960, half>_Pipeline_FINAL_ACCUMULATION : psum_111_load_reload | {1 }
	Port: Fused_Conv_CNorm_Act<16, 960, 960, half>_Pipeline_FINAL_ACCUMULATION : psum_119_load_reload | {1 }
	Port: Fused_Conv_CNorm_Act<16, 960, 960, half>_Pipeline_FINAL_ACCUMULATION : psum_127_load_reload | {1 }
	Port: Fused_Conv_CNorm_Act<16, 960, 960, half>_Pipeline_FINAL_ACCUMULATION : bias | {1 }
	Port: Fused_Conv_CNorm_Act<16, 960, 960, half>_Pipeline_FINAL_ACCUMULATION : co | {1 }
  - Chain level:
	State 1
		store_ln315 : 1
		pe_1 : 1
		icmp_ln315 : 2
		add_ln315 : 2
		br_ln315 : 3
		store_ln315 : 3
	State 2
		tmp_31 : 1
		tmp_32 : 1
		add : 2
		tmp_s : 1
		tmp_33 : 1
		add14 : 2
		tmp_34 : 1
		tmp_35 : 1
		add16 : 2
		tmp_36 : 1
		tmp_37 : 1
		add17 : 2
	State 3
	State 4
	State 5
	State 6
	State 7
	State 8
	State 9
	State 10
	State 11
	State 12
	State 13
	State 14
	State 15
	State 16
	State 17
	State 18
	State 19
	State 20
	State 21
	State 22
		zext_ln323 : 1
		sub_ln323 : 2
		add_ln323 : 3
		zext_ln323_1 : 4
		y_cache_16_0_addr : 5
		y_cache_16_1_addr : 5
		y_cache_16_2_addr : 5
		y_cache_16_3_addr : 5
		y_cache_16_4_addr : 5
		y_cache_16_5_addr : 5
		y_cache_16_6_addr : 5
		y_cache_16_7_addr : 5
		y_cache_16_8_addr : 5
		y_cache_16_9_addr : 5
		y_cache_16_10_addr : 5
		y_cache_16_11_addr : 5
		y_cache_16_12_addr : 5
		y_cache_16_13_addr : 5
		y_cache_16_14_addr : 5
		y_cache_16_15_addr : 5
		store_ln323 : 6
		store_ln323 : 6
		store_ln323 : 6
		store_ln323 : 6
		store_ln323 : 6
		store_ln323 : 6
		store_ln323 : 6
		store_ln323 : 6
		store_ln323 : 6
		store_ln323 : 6
		store_ln323 : 6
		store_ln323 : 6
		store_ln323 : 6
		store_ln323 : 6
		store_ln323 : 6
		store_ln323 : 6
	State 23
	State 24
	State 25
	State 26
	State 27
	State 28
	State 29
	State 30
	State 31
	State 32
	State 33
		write_ln326 : 1
		write_ln326 : 1
		write_ln326 : 1
		write_ln326 : 1
		write_ln326 : 1
		write_ln326 : 1
		write_ln326 : 1
		write_ln326 : 1
		write_ln326 : 1
		write_ln326 : 1
		write_ln326 : 1
		write_ln326 : 1
		write_ln326 : 1
		write_ln326 : 1
		write_ln326 : 1
		write_ln326 : 1
	State 34
	State 35
	State 36
	State 37
	State 38
	State 39
		write_ln327 : 1
		write_ln327 : 1
		write_ln327 : 1
		write_ln327 : 1
		write_ln327 : 1
		write_ln327 : 1
		write_ln327 : 1
		write_ln327 : 1
		write_ln327 : 1
		write_ln327 : 1
		write_ln327 : 1
		write_ln327 : 1
		write_ln327 : 1
		write_ln327 : 1
		write_ln327 : 1
		write_ln327 : 1


============================================================
+ Verbose Summary: Datapath Resource usage 
============================================================

* Functional unit list:
|----------|----------------------------------------|---------|---------|---------|
| Operation|             Functional Unit            |   DSP   |    FF   |   LUT   |
|----------|----------------------------------------|---------|---------|---------|
|          |               grp_fu_1973              |    2    |   109   |   113   |
|          |               grp_fu_1977              |    2    |   109   |   113   |
|          |               grp_fu_1981              |    2    |   109   |   113   |
|   hadd   |               grp_fu_1985              |    2    |   109   |   113   |
|          |               grp_fu_1989              |    2    |   109   |   113   |
|          |               grp_fu_1993              |    2    |   109   |   113   |
|          |               grp_fu_1997              |    2    |   109   |   113   |
|          |               grp_fu_2001              |    2    |   109   |   113   |
|----------|----------------------------------------|---------|---------|---------|
|   fadd   |               grp_fu_1926              |    2    |   365   |   238   |
|          |               grp_fu_1946              |    2    |   365   |   238   |
|----------|----------------------------------------|---------|---------|---------|
|          |             tmp_31_fu_2037             |    0    |    0    |    65   |
|          |             tmp_32_fu_2094             |    0    |    0    |    65   |
|          |              tmp_s_fu_2151             |    0    |    0    |    65   |
|          |             tmp_33_fu_2208             |    0    |    0    |    65   |
| sparsemux|             tmp_34_fu_2265             |    0    |    0    |    65   |
|          |             tmp_35_fu_2322             |    0    |    0    |    65   |
|          |             tmp_36_fu_2379             |    0    |    0    |    65   |
|          |             tmp_37_fu_2436             |    0    |    0    |    65   |
|          |             tmp_38_fu_2542             |    0    |    0    |    65   |
|          |             tmp_39_fu_2613             |    0    |    0    |    65   |
|----------|----------------------------------------|---------|---------|---------|
|   fmul   |               grp_fu_1966              |    3    |   165   |   146   |
|----------|----------------------------------------|---------|---------|---------|
|    add   |            add_ln315_fu_2023           |    0    |    0    |    12   |
|          |            add_ln323_fu_2517           |    0    |    0    |    18   |
|----------|----------------------------------------|---------|---------|---------|
|    sub   |            sub_ln323_fu_2511           |    0    |    0    |    18   |
|----------|----------------------------------------|---------|---------|---------|
|   icmp   |           icmp_ln315_fu_2017           |    0    |    0    |    12   |
|----------|----------------------------------------|---------|---------|---------|
|          |           co_read_read_fu_452          |    0    |    0    |    0    |
|          |          bias_read_read_fu_458         |    0    |    0    |    0    |
|          |  psum_127_load_reload_read_read_fu_464 |    0    |    0    |    0    |
|          |  psum_119_load_reload_read_read_fu_470 |    0    |    0    |    0    |
|          |  psum_111_load_reload_read_read_fu_476 |    0    |    0    |    0    |
|          |  psum_103_load_reload_read_read_fu_482 |    0    |    0    |    0    |
|          |  psum_95_load_reload_read_read_fu_488  |    0    |    0    |    0    |
|          |  psum_87_load_reload_read_read_fu_494  |    0    |    0    |    0    |
|          |  psum_79_load_reload_read_read_fu_500  |    0    |    0    |    0    |
|          |  psum_71_load_reload_read_read_fu_506  |    0    |    0    |    0    |
|          |  psum_63_load_reload_read_read_fu_512  |    0    |    0    |    0    |
|          |  psum_55_load_reload_read_read_fu_518  |    0    |    0    |    0    |
|          |  psum_47_load_reload_read_read_fu_524  |    0    |    0    |    0    |
|          |  psum_39_load_reload_read_read_fu_530  |    0    |    0    |    0    |
|          |  psum_31_load_reload_read_read_fu_536  |    0    |    0    |    0    |
|          |  psum_23_load_reload_read_read_fu_542  |    0    |    0    |    0    |
|          |  psum_15_load_reload_read_read_fu_548  |    0    |    0    |    0    |
|          |   psum_7_load_reload_read_read_fu_554  |    0    |    0    |    0    |
|          |  psum_126_load_reload_read_read_fu_560 |    0    |    0    |    0    |
|          |  psum_118_load_reload_read_read_fu_566 |    0    |    0    |    0    |
|          |  psum_110_load_reload_read_read_fu_572 |    0    |    0    |    0    |
|          |  psum_102_load_reload_read_read_fu_578 |    0    |    0    |    0    |
|          |  psum_94_load_reload_read_read_fu_584  |    0    |    0    |    0    |
|          |  psum_86_load_reload_read_read_fu_590  |    0    |    0    |    0    |
|          |  psum_78_load_reload_read_read_fu_596  |    0    |    0    |    0    |
|          |  psum_70_load_reload_read_read_fu_602  |    0    |    0    |    0    |
|          |  psum_62_load_reload_read_read_fu_608  |    0    |    0    |    0    |
|          |  psum_54_load_reload_read_read_fu_614  |    0    |    0    |    0    |
|          |  psum_46_load_reload_read_read_fu_620  |    0    |    0    |    0    |
|          |  psum_38_load_reload_read_read_fu_626  |    0    |    0    |    0    |
|          |  psum_30_load_reload_read_read_fu_632  |    0    |    0    |    0    |
|          |  psum_22_load_reload_read_read_fu_638  |    0    |    0    |    0    |
|          |  psum_14_load_reload_read_read_fu_644  |    0    |    0    |    0    |
|          |   psum_6_load_reload_read_read_fu_650  |    0    |    0    |    0    |
|          |  psum_125_load_reload_read_read_fu_656 |    0    |    0    |    0    |
|          |  psum_117_load_reload_read_read_fu_662 |    0    |    0    |    0    |
|          |  psum_109_load_reload_read_read_fu_668 |    0    |    0    |    0    |
|          |  psum_101_load_reload_read_read_fu_674 |    0    |    0    |    0    |
|          |  psum_93_load_reload_read_read_fu_680  |    0    |    0    |    0    |
|          |  psum_85_load_reload_read_read_fu_686  |    0    |    0    |    0    |
|          |  psum_77_load_reload_read_read_fu_692  |    0    |    0    |    0    |
|          |  psum_69_load_reload_read_read_fu_698  |    0    |    0    |    0    |
|          |  psum_61_load_reload_read_read_fu_704  |    0    |    0    |    0    |
|          |  psum_53_load_reload_read_read_fu_710  |    0    |    0    |    0    |
|          |  psum_45_load_reload_read_read_fu_716  |    0    |    0    |    0    |
|          |  psum_37_load_reload_read_read_fu_722  |    0    |    0    |    0    |
|          |  psum_29_load_reload_read_read_fu_728  |    0    |    0    |    0    |
|          |  psum_21_load_reload_read_read_fu_734  |    0    |    0    |    0    |
|          |  psum_13_load_reload_read_read_fu_740  |    0    |    0    |    0    |
|          |   psum_5_load_reload_read_read_fu_746  |    0    |    0    |    0    |
|          |  psum_124_load_reload_read_read_fu_752 |    0    |    0    |    0    |
|          |  psum_116_load_reload_read_read_fu_758 |    0    |    0    |    0    |
|          |  psum_108_load_reload_read_read_fu_764 |    0    |    0    |    0    |
|          |  psum_100_load_reload_read_read_fu_770 |    0    |    0    |    0    |
|          |  psum_92_load_reload_read_read_fu_776  |    0    |    0    |    0    |
|          |  psum_84_load_reload_read_read_fu_782  |    0    |    0    |    0    |
|          |  psum_76_load_reload_read_read_fu_788  |    0    |    0    |    0    |
|          |  psum_68_load_reload_read_read_fu_794  |    0    |    0    |    0    |
|          |  psum_60_load_reload_read_read_fu_800  |    0    |    0    |    0    |
|          |  psum_52_load_reload_read_read_fu_806  |    0    |    0    |    0    |
|          |  psum_44_load_reload_read_read_fu_812  |    0    |    0    |    0    |
|          |  psum_36_load_reload_read_read_fu_818  |    0    |    0    |    0    |
|          |  psum_28_load_reload_read_read_fu_824  |    0    |    0    |    0    |
|          |  psum_20_load_reload_read_read_fu_830  |    0    |    0    |    0    |
|          |  psum_12_load_reload_read_read_fu_836  |    0    |    0    |    0    |
|          |   psum_4_load_reload_read_read_fu_842  |    0    |    0    |    0    |
|          |  psum_123_load_reload_read_read_fu_848 |    0    |    0    |    0    |
|          |  psum_115_load_reload_read_read_fu_854 |    0    |    0    |    0    |
|          |  psum_107_load_reload_read_read_fu_860 |    0    |    0    |    0    |
|          |  psum_99_load_reload_read_read_fu_866  |    0    |    0    |    0    |
|          |  psum_91_load_reload_read_read_fu_872  |    0    |    0    |    0    |
|          |  psum_83_load_reload_read_read_fu_878  |    0    |    0    |    0    |
|          |  psum_75_load_reload_read_read_fu_884  |    0    |    0    |    0    |
|          |  psum_67_load_reload_read_read_fu_890  |    0    |    0    |    0    |
|          |  psum_59_load_reload_read_read_fu_896  |    0    |    0    |    0    |
|          |  psum_51_load_reload_read_read_fu_902  |    0    |    0    |    0    |
|          |  psum_43_load_reload_read_read_fu_908  |    0    |    0    |    0    |
|          |  psum_35_load_reload_read_read_fu_914  |    0    |    0    |    0    |
|          |  psum_27_load_reload_read_read_fu_920  |    0    |    0    |    0    |
|          |  psum_19_load_reload_read_read_fu_926  |    0    |    0    |    0    |
|          |  psum_11_load_reload_read_read_fu_932  |    0    |    0    |    0    |
|   read   |   psum_3_load_reload_read_read_fu_938  |    0    |    0    |    0    |
|          |  psum_122_load_reload_read_read_fu_944 |    0    |    0    |    0    |
|          |  psum_114_load_reload_read_read_fu_950 |    0    |    0    |    0    |
|          |  psum_106_load_reload_read_read_fu_956 |    0    |    0    |    0    |
|          |  psum_98_load_reload_read_read_fu_962  |    0    |    0    |    0    |
|          |  psum_90_load_reload_read_read_fu_968  |    0    |    0    |    0    |
|          |  psum_82_load_reload_read_read_fu_974  |    0    |    0    |    0    |
|          |  psum_74_load_reload_read_read_fu_980  |    0    |    0    |    0    |
|          |  psum_66_load_reload_read_read_fu_986  |    0    |    0    |    0    |
|          |  psum_58_load_reload_read_read_fu_992  |    0    |    0    |    0    |
|          |  psum_50_load_reload_read_read_fu_998  |    0    |    0    |    0    |
|          |  psum_42_load_reload_read_read_fu_1004 |    0    |    0    |    0    |
|          |  psum_34_load_reload_read_read_fu_1010 |    0    |    0    |    0    |
|          |  psum_26_load_reload_read_read_fu_1016 |    0    |    0    |    0    |
|          |  psum_18_load_reload_read_read_fu_1022 |    0    |    0    |    0    |
|          |  psum_10_load_reload_read_read_fu_1028 |    0    |    0    |    0    |
|          |  psum_2_load_reload_read_read_fu_1034  |    0    |    0    |    0    |
|          | psum_121_load_reload_read_read_fu_1040 |    0    |    0    |    0    |
|          | psum_113_load_reload_read_read_fu_1046 |    0    |    0    |    0    |
|          | psum_105_load_reload_read_read_fu_1052 |    0    |    0    |    0    |
|          |  psum_97_load_reload_read_read_fu_1058 |    0    |    0    |    0    |
|          |  psum_89_load_reload_read_read_fu_1064 |    0    |    0    |    0    |
|          |  psum_81_load_reload_read_read_fu_1070 |    0    |    0    |    0    |
|          |  psum_73_load_reload_read_read_fu_1076 |    0    |    0    |    0    |
|          |  psum_65_load_reload_read_read_fu_1082 |    0    |    0    |    0    |
|          |  psum_57_load_reload_read_read_fu_1088 |    0    |    0    |    0    |
|          |  psum_49_load_reload_read_read_fu_1094 |    0    |    0    |    0    |
|          |  psum_41_load_reload_read_read_fu_1100 |    0    |    0    |    0    |
|          |  psum_33_load_reload_read_read_fu_1106 |    0    |    0    |    0    |
|          |  psum_25_load_reload_read_read_fu_1112 |    0    |    0    |    0    |
|          |  psum_17_load_reload_read_read_fu_1118 |    0    |    0    |    0    |
|          |  psum_9_load_reload_read_read_fu_1124  |    0    |    0    |    0    |
|          |  psum_1_load_reload_read_read_fu_1130  |    0    |    0    |    0    |
|          | psum_120_load_reload_read_read_fu_1136 |    0    |    0    |    0    |
|          | psum_112_load_reload_read_read_fu_1142 |    0    |    0    |    0    |
|          | psum_104_load_reload_read_read_fu_1148 |    0    |    0    |    0    |
|          |  psum_96_load_reload_read_read_fu_1154 |    0    |    0    |    0    |
|          |  psum_88_load_reload_read_read_fu_1160 |    0    |    0    |    0    |
|          |  psum_80_load_reload_read_read_fu_1166 |    0    |    0    |    0    |
|          |  psum_72_load_reload_read_read_fu_1172 |    0    |    0    |    0    |
|          |  psum_64_load_reload_read_read_fu_1178 |    0    |    0    |    0    |
|          |  psum_56_load_reload_read_read_fu_1184 |    0    |    0    |    0    |
|          |  psum_48_load_reload_read_read_fu_1190 |    0    |    0    |    0    |
|          |  psum_40_load_reload_read_read_fu_1196 |    0    |    0    |    0    |
|          |  psum_32_load_reload_read_read_fu_1202 |    0    |    0    |    0    |
|          |  psum_24_load_reload_read_read_fu_1208 |    0    |    0    |    0    |
|          |  psum_16_load_reload_read_read_fu_1214 |    0    |    0    |    0    |
|          |  psum_8_load_reload_read_read_fu_1220  |    0    |    0    |    0    |
|          |   psum_load_reload_read_read_fu_1226   |    0    |    0    |    0    |
|          |      zext_ln201_read_read_fu_1232      |    0    |    0    |    0    |
|          |        sum_acc_read_read_fu_1238       |    0    |    0    |    0    |
|          |       sum_acc_1_read_read_fu_1244      |    0    |    0    |    0    |
|          |       sum_acc_2_read_read_fu_1250      |    0    |    0    |    0    |
|          |       sum_acc_3_read_read_fu_1256      |    0    |    0    |    0    |
|          |       sum_acc_4_read_read_fu_1262      |    0    |    0    |    0    |
|          |       sum_acc_5_read_read_fu_1268      |    0    |    0    |    0    |
|          |       sum_acc_6_read_read_fu_1274      |    0    |    0    |    0    |
|          |       sum_acc_7_read_read_fu_1280      |    0    |    0    |    0    |
|          |       sum_acc_8_read_read_fu_1286      |    0    |    0    |    0    |
|          |       sum_acc_9_read_read_fu_1292      |    0    |    0    |    0    |
|          |      sum_acc_10_read_read_fu_1298      |    0    |    0    |    0    |
|          |      sum_acc_11_read_read_fu_1304      |    0    |    0    |    0    |
|          |      sum_acc_12_read_read_fu_1310      |    0    |    0    |    0    |
|          |      sum_acc_13_read_read_fu_1316      |    0    |    0    |    0    |
|          |      sum_acc_14_read_read_fu_1322      |    0    |    0    |    0    |
|          |      sum_acc_15_read_read_fu_1328      |    0    |    0    |    0    |
|          |       sumsq_acc_read_read_fu_1334      |    0    |    0    |    0    |
|          |      sumsq_acc_1_read_read_fu_1340     |    0    |    0    |    0    |
|          |      sumsq_acc_2_read_read_fu_1346     |    0    |    0    |    0    |
|          |      sumsq_acc_3_read_read_fu_1352     |    0    |    0    |    0    |
|          |      sumsq_acc_4_read_read_fu_1358     |    0    |    0    |    0    |
|          |      sumsq_acc_5_read_read_fu_1364     |    0    |    0    |    0    |
|          |      sumsq_acc_6_read_read_fu_1370     |    0    |    0    |    0    |
|          |      sumsq_acc_7_read_read_fu_1376     |    0    |    0    |    0    |
|          |      sumsq_acc_8_read_read_fu_1382     |    0    |    0    |    0    |
|          |      sumsq_acc_9_read_read_fu_1388     |    0    |    0    |    0    |
|          |     sumsq_acc_10_read_read_fu_1394     |    0    |    0    |    0    |
|          |     sumsq_acc_11_read_read_fu_1400     |    0    |    0    |    0    |
|          |     sumsq_acc_12_read_read_fu_1406     |    0    |    0    |    0    |
|          |     sumsq_acc_13_read_read_fu_1412     |    0    |    0    |    0    |
|          |     sumsq_acc_14_read_read_fu_1418     |    0    |    0    |    0    |
|          |     sumsq_acc_15_read_read_fu_1424     |    0    |    0    |    0    |
|----------|----------------------------------------|---------|---------|---------|
|          |        write_ln326_write_fu_1430       |    0    |    0    |    0    |
|          |        write_ln326_write_fu_1437       |    0    |    0    |    0    |
|          |        write_ln326_write_fu_1444       |    0    |    0    |    0    |
|          |        write_ln326_write_fu_1451       |    0    |    0    |    0    |
|          |        write_ln326_write_fu_1458       |    0    |    0    |    0    |
|          |        write_ln326_write_fu_1465       |    0    |    0    |    0    |
|          |        write_ln326_write_fu_1472       |    0    |    0    |    0    |
|          |        write_ln326_write_fu_1479       |    0    |    0    |    0    |
|          |        write_ln326_write_fu_1486       |    0    |    0    |    0    |
|          |        write_ln326_write_fu_1493       |    0    |    0    |    0    |
|          |        write_ln326_write_fu_1500       |    0    |    0    |    0    |
|          |        write_ln326_write_fu_1507       |    0    |    0    |    0    |
|          |        write_ln326_write_fu_1514       |    0    |    0    |    0    |
|          |        write_ln326_write_fu_1521       |    0    |    0    |    0    |
|          |        write_ln326_write_fu_1528       |    0    |    0    |    0    |
|   write  |        write_ln326_write_fu_1535       |    0    |    0    |    0    |
|          |        write_ln327_write_fu_1542       |    0    |    0    |    0    |
|          |        write_ln327_write_fu_1549       |    0    |    0    |    0    |
|          |        write_ln327_write_fu_1556       |    0    |    0    |    0    |
|          |        write_ln327_write_fu_1563       |    0    |    0    |    0    |
|          |        write_ln327_write_fu_1570       |    0    |    0    |    0    |
|          |        write_ln327_write_fu_1577       |    0    |    0    |    0    |
|          |        write_ln327_write_fu_1584       |    0    |    0    |    0    |
|          |        write_ln327_write_fu_1591       |    0    |    0    |    0    |
|          |        write_ln327_write_fu_1598       |    0    |    0    |    0    |
|          |        write_ln327_write_fu_1605       |    0    |    0    |    0    |
|          |        write_ln327_write_fu_1612       |    0    |    0    |    0    |
|          |        write_ln327_write_fu_1619       |    0    |    0    |    0    |
|          |        write_ln327_write_fu_1626       |    0    |    0    |    0    |
|          |        write_ln327_write_fu_1633       |    0    |    0    |    0    |
|          |        write_ln327_write_fu_1640       |    0    |    0    |    0    |
|          |        write_ln327_write_fu_1647       |    0    |    0    |    0    |
|----------|----------------------------------------|---------|---------|---------|
|  hptosp  |               grp_fu_1970              |    0    |    0    |    0    |
|----------|----------------------------------------|---------|---------|---------|
|          |         zext_ln201_cast_fu_2005        |    0    |    0    |    0    |
|   zext   |           zext_ln323_fu_2507           |    0    |    0    |    0    |
|          |          zext_ln323_1_fu_2522          |    0    |    0    |    0    |
|----------|----------------------------------------|---------|---------|---------|
|   trunc  |           trunc_ln323_fu_2034          |    0    |    0    |    0    |
|----------|----------------------------------------|---------|---------|---------|
|bitconcatenate|              p_shl_fu_2493             |    0    |    0    |    0    |
|          |               tmp_fu_2500              |    0    |    0    |    0    |
|----------|----------------------------------------|---------|---------|---------|
|   Total  |                                        |    23   |   1767  |   2236  |
|----------|----------------------------------------|---------|---------|---------|

Memories:
N/A

* Register list:
+----------------------------------+--------+
|                                  |   FF   |
+----------------------------------+--------+
|          add14_reg_3407          |   16   |
|          add15_reg_3422          |   16   |
|          add16_reg_3412          |   16   |
|          add17_reg_3417          |   16   |
|          add18_reg_3427          |   16   |
|           add_reg_3402           |   16   |
|        bias_read_reg_2695        |   16   |
|         co_read_reg_2691         |    4   |
|            ff_reg_3458           |   32   |
|           fout_reg_3437          |   16   |
|        icmp_ln315_reg_3351       |    1   |
|          mul16_reg_3470          |   32   |
|           pe_1_reg_3345          |    5   |
|            pe_reg_2684           |    5   |
|psum_100_load_reload_read_reg_2955|   16   |
|psum_101_load_reload_read_reg_2875|   16   |
|psum_102_load_reload_read_reg_2795|   16   |
|psum_103_load_reload_read_reg_2715|   16   |
|psum_104_load_reload_read_reg_3270|   16   |
|psum_105_load_reload_read_reg_3190|   16   |
|psum_106_load_reload_read_reg_3110|   16   |
|psum_107_load_reload_read_reg_3030|   16   |
|psum_108_load_reload_read_reg_2950|   16   |
|psum_109_load_reload_read_reg_2870|   16   |
| psum_10_load_reload_read_reg_3170|   16   |
|psum_110_load_reload_read_reg_2790|   16   |
|psum_111_load_reload_read_reg_2710|   16   |
|psum_112_load_reload_read_reg_3265|   16   |
|psum_113_load_reload_read_reg_3185|   16   |
|psum_114_load_reload_read_reg_3105|   16   |
|psum_115_load_reload_read_reg_3025|   16   |
|psum_116_load_reload_read_reg_2945|   16   |
|psum_117_load_reload_read_reg_2865|   16   |
|psum_118_load_reload_read_reg_2785|   16   |
|psum_119_load_reload_read_reg_2705|   16   |
| psum_11_load_reload_read_reg_3090|   16   |
|psum_120_load_reload_read_reg_3260|   16   |
|psum_121_load_reload_read_reg_3180|   16   |
|psum_122_load_reload_read_reg_3100|   16   |
|psum_123_load_reload_read_reg_3020|   16   |
|psum_124_load_reload_read_reg_2940|   16   |
|psum_125_load_reload_read_reg_2860|   16   |
|psum_126_load_reload_read_reg_2780|   16   |
|psum_127_load_reload_read_reg_2700|   16   |
| psum_12_load_reload_read_reg_3010|   16   |
| psum_13_load_reload_read_reg_2930|   16   |
| psum_14_load_reload_read_reg_2850|   16   |
| psum_15_load_reload_read_reg_2770|   16   |
| psum_16_load_reload_read_reg_3325|   16   |
| psum_17_load_reload_read_reg_3245|   16   |
| psum_18_load_reload_read_reg_3165|   16   |
| psum_19_load_reload_read_reg_3085|   16   |
| psum_1_load_reload_read_reg_3255 |   16   |
| psum_20_load_reload_read_reg_3005|   16   |
| psum_21_load_reload_read_reg_2925|   16   |
| psum_22_load_reload_read_reg_2845|   16   |
| psum_23_load_reload_read_reg_2765|   16   |
| psum_24_load_reload_read_reg_3320|   16   |
| psum_25_load_reload_read_reg_3240|   16   |
| psum_26_load_reload_read_reg_3160|   16   |
| psum_27_load_reload_read_reg_3080|   16   |
| psum_28_load_reload_read_reg_3000|   16   |
| psum_29_load_reload_read_reg_2920|   16   |
| psum_2_load_reload_read_reg_3175 |   16   |
| psum_30_load_reload_read_reg_2840|   16   |
| psum_31_load_reload_read_reg_2760|   16   |
| psum_32_load_reload_read_reg_3315|   16   |
| psum_33_load_reload_read_reg_3235|   16   |
| psum_34_load_reload_read_reg_3155|   16   |
| psum_35_load_reload_read_reg_3075|   16   |
| psum_36_load_reload_read_reg_2995|   16   |
| psum_37_load_reload_read_reg_2915|   16   |
| psum_38_load_reload_read_reg_2835|   16   |
| psum_39_load_reload_read_reg_2755|   16   |
| psum_3_load_reload_read_reg_3095 |   16   |
| psum_40_load_reload_read_reg_3310|   16   |
| psum_41_load_reload_read_reg_3230|   16   |
| psum_42_load_reload_read_reg_3150|   16   |
| psum_43_load_reload_read_reg_3070|   16   |
| psum_44_load_reload_read_reg_2990|   16   |
| psum_45_load_reload_read_reg_2910|   16   |
| psum_46_load_reload_read_reg_2830|   16   |
| psum_47_load_reload_read_reg_2750|   16   |
| psum_48_load_reload_read_reg_3305|   16   |
| psum_49_load_reload_read_reg_3225|   16   |
| psum_4_load_reload_read_reg_3015 |   16   |
| psum_50_load_reload_read_reg_3145|   16   |
| psum_51_load_reload_read_reg_3065|   16   |
| psum_52_load_reload_read_reg_2985|   16   |
| psum_53_load_reload_read_reg_2905|   16   |
| psum_54_load_reload_read_reg_2825|   16   |
| psum_55_load_reload_read_reg_2745|   16   |
| psum_56_load_reload_read_reg_3300|   16   |
| psum_57_load_reload_read_reg_3220|   16   |
| psum_58_load_reload_read_reg_3140|   16   |
| psum_59_load_reload_read_reg_3060|   16   |
| psum_5_load_reload_read_reg_2935 |   16   |
| psum_60_load_reload_read_reg_2980|   16   |
| psum_61_load_reload_read_reg_2900|   16   |
| psum_62_load_reload_read_reg_2820|   16   |
| psum_63_load_reload_read_reg_2740|   16   |
| psum_64_load_reload_read_reg_3295|   16   |
| psum_65_load_reload_read_reg_3215|   16   |
| psum_66_load_reload_read_reg_3135|   16   |
| psum_67_load_reload_read_reg_3055|   16   |
| psum_68_load_reload_read_reg_2975|   16   |
| psum_69_load_reload_read_reg_2895|   16   |
| psum_6_load_reload_read_reg_2855 |   16   |
| psum_70_load_reload_read_reg_2815|   16   |
| psum_71_load_reload_read_reg_2735|   16   |
| psum_72_load_reload_read_reg_3290|   16   |
| psum_73_load_reload_read_reg_3210|   16   |
| psum_74_load_reload_read_reg_3130|   16   |
| psum_75_load_reload_read_reg_3050|   16   |
| psum_76_load_reload_read_reg_2970|   16   |
| psum_77_load_reload_read_reg_2890|   16   |
| psum_78_load_reload_read_reg_2810|   16   |
| psum_79_load_reload_read_reg_2730|   16   |
| psum_7_load_reload_read_reg_2775 |   16   |
| psum_80_load_reload_read_reg_3285|   16   |
| psum_81_load_reload_read_reg_3205|   16   |
| psum_82_load_reload_read_reg_3125|   16   |
| psum_83_load_reload_read_reg_3045|   16   |
| psum_84_load_reload_read_reg_2965|   16   |
| psum_85_load_reload_read_reg_2885|   16   |
| psum_86_load_reload_read_reg_2805|   16   |
| psum_87_load_reload_read_reg_2725|   16   |
| psum_88_load_reload_read_reg_3280|   16   |
| psum_89_load_reload_read_reg_3200|   16   |
| psum_8_load_reload_read_reg_3330 |   16   |
| psum_90_load_reload_read_reg_3120|   16   |
| psum_91_load_reload_read_reg_3040|   16   |
| psum_92_load_reload_read_reg_2960|   16   |
| psum_93_load_reload_read_reg_2880|   16   |
| psum_94_load_reload_read_reg_2800|   16   |
| psum_95_load_reload_read_reg_2720|   16   |
| psum_96_load_reload_read_reg_3275|   16   |
| psum_97_load_reload_read_reg_3195|   16   |
| psum_98_load_reload_read_reg_3115|   16   |
| psum_99_load_reload_read_reg_3035|   16   |
| psum_9_load_reload_read_reg_3250 |   16   |
|  psum_load_reload_read_reg_3335  |   16   |
|          tmp_31_reg_3362         |   16   |
|          tmp_32_reg_3367         |   16   |
|          tmp_33_reg_3377         |   16   |
|          tmp_34_reg_3382         |   16   |
|          tmp_35_reg_3387         |   16   |
|          tmp_36_reg_3392         |   16   |
|          tmp_37_reg_3397         |   16   |
|          tmp_38_reg_3465         |   32   |
|          tmp_39_reg_3475         |   32   |
|          tmp_s_reg_3372          |   16   |
|          total_reg_3432          |   16   |
|       trunc_ln323_reg_3355       |    4   |
|     zext_ln201_cast_reg_3340     |   10   |
+----------------------------------+--------+
|               Total              |  2477  |
+----------------------------------+--------+

* Multiplexer (MUX) list: 
|-------------|------|------|------|--------||---------||---------||---------|
|     Comp    |  Pin | Size |  BW  | S x BW ||  Delay  ||    FF   ||   LUT   |
|-------------|------|------|------|--------||---------||---------||---------|
| grp_fu_1973 |  p0  |   2  |  16  |   32   ||    0    ||    9    |
| grp_fu_1973 |  p1  |   2  |  16  |   32   ||    0    ||    9    |
| grp_fu_1977 |  p0  |   2  |  16  |   32   ||    0    ||    9    |
| grp_fu_1977 |  p1  |   2  |  16  |   32   ||    0    ||    9    |
| grp_fu_1981 |  p0  |   2  |  16  |   32   ||    0    ||    9    |
| grp_fu_1981 |  p1  |   2  |  16  |   32   ||    0    ||    9    |
| grp_fu_1985 |  p0  |   2  |  16  |   32   ||    0    ||    9    |
| grp_fu_1985 |  p1  |   2  |  16  |   32   ||    0    ||    9    |
|-------------|------|------|------|--------||---------||---------||---------|
|    Total    |      |      |      |   256  ||  3.416  ||    0    ||    72   |
|-------------|------|------|------|--------||---------||---------||---------|



* Summary:
+-----------+--------+--------+--------+--------+
|           |   DSP  |  Delay |   FF   |   LUT  |
+-----------+--------+--------+--------+--------+
|  Function |   23   |    -   |  1767  |  2236  |
|   Memory  |    -   |    -   |    -   |    -   |
|Multiplexer|    -   |    3   |    0   |   72   |
|  Register |    -   |    -   |  2477  |    -   |
+-----------+--------+--------+--------+--------+
|   Total   |   23   |    3   |  4244  |  2308  |
+-----------+--------+--------+--------+--------+
