

================================================================
== Vitis HLS Report for 'init_rows_16_960_false_half_s'
================================================================
* Date:           Thu Apr 30 22:13:33 2026

* Version:        2024.2 (Build 5238294 on Nov  8 2024)
* Project:        resblock_top
* Solution:       hls (Vivado IP Flow Target)
* Product family: zynquplus
* Target device:  xczu7ev-ffvc1156-2-e


================================================================
== Performance Estimates
================================================================
+ Timing: 
    * Summary: 
    +--------+---------+----------+------------+
    |  Clock |  Target | Estimated| Uncertainty|
    +--------+---------+----------+------------+
    |ap_clk  |  4.00 ns|  2.920 ns|     1.08 ns|
    +--------+---------+----------+------------+

+ Latency: 
    * Summary: 
    +---------+---------+-----------+-----------+------+------+------------------------------------------------+
    |  Latency (cycles) |   Latency (absolute)  |   Interval  |                    Pipeline                    |
    |   min   |   max   |    min    |    max    |  min |  max |                      Type                      |
    +---------+---------+-----------+-----------+------+------+------------------------------------------------+
    |     2895|     2895|  11.580 us|  11.580 us|  2881|  2881|  loop auto-rewind stp (delay=0 clock cycles(s))|
    +---------+---------+-----------+-----------+------+------+------------------------------------------------+

    + Detail: 
        * Instance: 
        N/A

        * Loop: 
        +--------------------------------------+---------+---------+----------+-----------+-----------+------+----------+
        |                                      |  Latency (cycles) | Iteration|  Initiation Interval  | Trip |          |
        |               Loop Name              |   min   |   max   |  Latency |  achieved |   target  | Count| Pipelined|
        +--------------------------------------+---------+---------+----------+-----------+-----------+------+----------+
        |- INIT_3_INPUT_ROWS_LOAD_1_INPUT_ROW  |     2893|     2893|        15|          1|          1|  2880|       yes|
        +--------------------------------------+---------+---------+----------+-----------+-----------+------+----------+



================================================================
== Utilization Estimates
================================================================
* Summary: 
+-----------------+---------+------+--------+--------+-----+
|       Name      | BRAM_18K|  DSP |   FF   |   LUT  | URAM|
+-----------------+---------+------+--------+--------+-----+
|DSP              |        -|     -|       -|       -|    -|
|Expression       |        -|     -|       0|     321|    -|
|FIFO             |        -|     -|       -|       -|    -|
|Instance         |        -|     1|     282|     199|    -|
|Memory           |        -|     -|       -|       -|    -|
|Multiplexer      |        -|     -|       0|      81|    -|
|Register         |        -|     -|     657|     128|    -|
+-----------------+---------+------+--------+--------+-----+
|Total            |        0|     1|     939|     729|    0|
+-----------------+---------+------+--------+--------+-----+
|Available        |      624|  1728|  460800|  230400|   96|
+-----------------+---------+------+--------+--------+-----+
|Utilization (%)  |        0|    ~0|      ~0|      ~0|    0|
+-----------------+---------+------+--------+--------+-----+

+ Detail: 
    * Instance: 
    +----------------------------+----------------------+---------+----+-----+-----+-----+
    |          Instance          |        Module        | BRAM_18K| DSP|  FF | LUT | URAM|
    +----------------------------+----------------------+---------+----+-----+-----+-----+
    |mul_10ns_12ns_21_1_1_U1429  |mul_10ns_12ns_21_1_1  |        0|   1|    0|    5|    0|
    |urem_10ns_7ns_8_14_1_U1428  |urem_10ns_7ns_8_14_1  |        0|   0|  282|  194|    0|
    +----------------------------+----------------------+---------+----+-----+-----+-----+
    |Total                       |                      |        0|   1|  282|  199|    0|
    +----------------------------+----------------------+---------+----+-----+-----+-----+

    * DSP: 
    N/A

    * Memory: 
    N/A

    * FIFO: 
    N/A

    * Expression: 
    +---------------------------+----------+----+---+----+------------+------------+
    |       Variable Name       | Operation| DSP| FF| LUT| Bitwidth P0| Bitwidth P1|
    +---------------------------+----------+----+---+----+------------+------------+
    |add_ln122_fu_502_p2        |         +|   0|  0|  19|          12|           1|
    |add_ln123_fu_569_p2        |         +|   0|  0|   9|           2|           2|
    |add_ln129_2_fu_537_p2      |         +|   0|  0|  17|          10|           1|
    |add_ln129_fu_704_p2        |         +|   0|  0|  71|          64|          64|
    |add_ln131_fu_757_p2        |         +|   0|  0|  19|           8|           8|
    |row_init_fu_556_p2         |         +|   0|  0|   9|           2|           1|
    |p_neg_fu_654_p2            |         -|   0|  0|  23|           1|          16|
    |p_neg_t_fu_669_p2          |         -|   0|  0|  19|           1|          12|
    |sub_ln125_fu_583_p2        |         -|   0|  0|   9|           1|           2|
    |sub_ln131_fu_747_p2        |         -|   0|  0|  19|           8|           8|
    |sub_ln53_fu_617_p2         |         -|   0|  0|  23|          16|          16|
    |ap_block_state4_io_grp1    |       and|   0|  0|   2|           1|           1|
    |first_iter_0_fu_525_p2     |      icmp|   0|  0|  17|          10|           1|
    |icmp_ln122_fu_496_p2       |      icmp|   0|  0|  19|          12|          12|
    |icmp_ln129_fu_511_p2       |      icmp|   0|  0|  17|          10|           8|
    |ap_block_pp0_stage0_11001  |        or|   0|  0|   2|           1|           1|
    |empty_56_fu_684_p3         |    select|   0|  0|  11|           1|          12|
    |select_ln122_1_fu_562_p3   |    select|   0|  0|   2|           1|           2|
    |select_ln122_fu_517_p3     |    select|   0|  0|  10|           1|           1|
    |select_ln125_fu_589_p3     |    select|   0|  0|   2|           1|           2|
    |ap_enable_pp0              |       xor|   0|  0|   2|           1|           2|
    +---------------------------+----------+----+---+----+------------+------------+
    |Total                      |          |   0|  0| 321|         164|         173|
    +---------------------------+----------+----+---+----+------------+------------+

    * Multiplexer: 
    +--------------------------------------+----+-----------+-----+-----------+
    |                 Name                 | LUT| Input Size| Bits| Total Bits|
    +--------------------------------------+----+-----------+-----+-----------+
    |ap_done_int                           |   9|          2|    1|          2|
    |ap_enable_reg_pp0_iter1               |   9|          2|    1|          2|
    |ap_sig_allocacmp_i_load               |   9|          2|   10|         20|
    |ap_sig_allocacmp_indvar_flatten_load  |   9|          2|   12|         24|
    |gmem_inout_blk_n_AR                   |   9|          2|    1|          2|
    |gmem_inout_blk_n_R                    |   9|          2|    1|          2|
    |i_fu_176                              |   9|          2|   10|         20|
    |indvar_flatten_fu_184                 |   9|          2|   12|         24|
    |slot_fu_180                           |   9|          2|    2|          4|
    +--------------------------------------+----+-----------+-----+-----------+
    |Total                                 |  81|         18|   50|        100|
    +--------------------------------------+----+-----------+-----+-----------+

    * Register: 
    +-------------------------------------------+-----+----+-----+-----------+
    |                    Name                   |  FF | LUT| Bits| Const Bits|
    +-------------------------------------------+-----+----+-----+-----------+
    |add_ln131_reg_875                          |    8|   0|    8|          0|
    |ap_CS_fsm                                  |    1|   0|    1|          0|
    |ap_block_pp0_stage0_subdone_grp0_done_reg  |    1|   0|    1|          0|
    |ap_done_reg                                |    1|   0|    1|          0|
    |ap_enable_reg_pp0_iter1                    |    1|   0|    1|          0|
    |ap_enable_reg_pp0_iter10                   |    1|   0|    1|          0|
    |ap_enable_reg_pp0_iter11                   |    1|   0|    1|          0|
    |ap_enable_reg_pp0_iter12                   |    1|   0|    1|          0|
    |ap_enable_reg_pp0_iter13                   |    1|   0|    1|          0|
    |ap_enable_reg_pp0_iter14                   |    1|   0|    1|          0|
    |ap_enable_reg_pp0_iter2                    |    1|   0|    1|          0|
    |ap_enable_reg_pp0_iter3                    |    1|   0|    1|          0|
    |ap_enable_reg_pp0_iter4                    |    1|   0|    1|          0|
    |ap_enable_reg_pp0_iter5                    |    1|   0|    1|          0|
    |ap_enable_reg_pp0_iter6                    |    1|   0|    1|          0|
    |ap_enable_reg_pp0_iter7                    |    1|   0|    1|          0|
    |ap_enable_reg_pp0_iter8                    |    1|   0|    1|          0|
    |ap_enable_reg_pp0_iter9                    |    1|   0|    1|          0|
    |ap_loop_exit_ready_pp0_iter10_reg          |    1|   0|    1|          0|
    |ap_loop_exit_ready_pp0_iter11_reg          |    1|   0|    1|          0|
    |ap_loop_exit_ready_pp0_iter12_reg          |    1|   0|    1|          0|
    |ap_loop_exit_ready_pp0_iter13_reg          |    1|   0|    1|          0|
    |ap_loop_exit_ready_pp0_iter1_reg           |    1|   0|    1|          0|
    |ap_loop_exit_ready_pp0_iter2_reg           |    1|   0|    1|          0|
    |ap_loop_exit_ready_pp0_iter3_reg           |    1|   0|    1|          0|
    |ap_loop_exit_ready_pp0_iter4_reg           |    1|   0|    1|          0|
    |ap_loop_exit_ready_pp0_iter5_reg           |    1|   0|    1|          0|
    |ap_loop_exit_ready_pp0_iter6_reg           |    1|   0|    1|          0|
    |ap_loop_exit_ready_pp0_iter7_reg           |    1|   0|    1|          0|
    |ap_loop_exit_ready_pp0_iter8_reg           |    1|   0|    1|          0|
    |ap_loop_exit_ready_pp0_iter9_reg           |    1|   0|    1|          0|
    |first_iter_0_reg_823                       |    1|   0|    1|          0|
    |gmem_inout_addr_read_reg_855               |  256|   0|  256|          0|
    |i_fu_176                                   |   10|   0|   10|          0|
    |icmp_ln129_reg_812                         |    1|   0|    1|          0|
    |indvar_flatten_fu_184                      |   12|   0|   12|          0|
    |select_ln122_1_reg_827                     |    2|   0|    2|          0|
    |select_ln122_reg_817                       |   10|   0|   10|          0|
    |slot_fu_180                                |    2|   0|    2|          0|
    |sub_ln53_reg_833                           |    6|   0|   16|         10|
    |trunc_ln131_2_reg_840                      |    4|   0|    4|          0|
    |trunc_ln_reg_844                           |   59|   0|   59|          0|
    |first_iter_0_reg_823                       |   64|  32|    1|          0|
    |gmem_inout_addr_read_reg_855               |   64|  32|  256|          0|
    |select_ln122_1_reg_827                     |   64|  32|    2|          0|
    |trunc_ln131_2_reg_840                      |   64|  32|    4|          0|
    +-------------------------------------------+-----+----+-----+-----------+
    |Total                                      |  657| 128|  674|         10|
    +-------------------------------------------+-----+----+-----+-----------+



================================================================
== Interface
================================================================
* Summary: 
+-----------------------------+-----+-----+------------+---------------------------------+--------------+
|          RTL Ports          | Dir | Bits|  Protocol  |          Source Object          |    C Type    |
+-----------------------------+-----+-----+------------+---------------------------------+--------------+
|ap_clk                       |   in|    1|  ap_ctrl_hs|  init_rows<16, 960, false, half>|  return value|
|ap_rst                       |   in|    1|  ap_ctrl_hs|  init_rows<16, 960, false, half>|  return value|
|ap_start                     |   in|    1|  ap_ctrl_hs|  init_rows<16, 960, false, half>|  return value|
|ap_done                      |  out|    1|  ap_ctrl_hs|  init_rows<16, 960, false, half>|  return value|
|ap_idle                      |  out|    1|  ap_ctrl_hs|  init_rows<16, 960, false, half>|  return value|
|ap_ready                     |  out|    1|  ap_ctrl_hs|  init_rows<16, 960, false, half>|  return value|
|m_axi_gmem_inout_0_AWVALID   |  out|    1|       m_axi|                       gmem_inout|       pointer|
|m_axi_gmem_inout_0_AWREADY   |   in|    1|       m_axi|                       gmem_inout|       pointer|
|m_axi_gmem_inout_0_AWADDR    |  out|   64|       m_axi|                       gmem_inout|       pointer|
|m_axi_gmem_inout_0_AWID      |  out|    1|       m_axi|                       gmem_inout|       pointer|
|m_axi_gmem_inout_0_AWLEN     |  out|   32|       m_axi|                       gmem_inout|       pointer|
|m_axi_gmem_inout_0_AWSIZE    |  out|    3|       m_axi|                       gmem_inout|       pointer|
|m_axi_gmem_inout_0_AWBURST   |  out|    2|       m_axi|                       gmem_inout|       pointer|
|m_axi_gmem_inout_0_AWLOCK    |  out|    2|       m_axi|                       gmem_inout|       pointer|
|m_axi_gmem_inout_0_AWCACHE   |  out|    4|       m_axi|                       gmem_inout|       pointer|
|m_axi_gmem_inout_0_AWPROT    |  out|    3|       m_axi|                       gmem_inout|       pointer|
|m_axi_gmem_inout_0_AWQOS     |  out|    4|       m_axi|                       gmem_inout|       pointer|
|m_axi_gmem_inout_0_AWREGION  |  out|    4|       m_axi|                       gmem_inout|       pointer|
|m_axi_gmem_inout_0_AWUSER    |  out|    1|       m_axi|                       gmem_inout|       pointer|
|m_axi_gmem_inout_0_WVALID    |  out|    1|       m_axi|                       gmem_inout|       pointer|
|m_axi_gmem_inout_0_WREADY    |   in|    1|       m_axi|                       gmem_inout|       pointer|
|m_axi_gmem_inout_0_WDATA     |  out|  256|       m_axi|                       gmem_inout|       pointer|
|m_axi_gmem_inout_0_WSTRB     |  out|   32|       m_axi|                       gmem_inout|       pointer|
|m_axi_gmem_inout_0_WLAST     |  out|    1|       m_axi|                       gmem_inout|       pointer|
|m_axi_gmem_inout_0_WID       |  out|    1|       m_axi|                       gmem_inout|       pointer|
|m_axi_gmem_inout_0_WUSER     |  out|    1|       m_axi|                       gmem_inout|       pointer|
|m_axi_gmem_inout_0_ARVALID   |  out|    1|       m_axi|                       gmem_inout|       pointer|
|m_axi_gmem_inout_0_ARREADY   |   in|    1|       m_axi|                       gmem_inout|       pointer|
|m_axi_gmem_inout_0_ARADDR    |  out|   64|       m_axi|                       gmem_inout|       pointer|
|m_axi_gmem_inout_0_ARID      |  out|    1|       m_axi|                       gmem_inout|       pointer|
|m_axi_gmem_inout_0_ARLEN     |  out|   32|       m_axi|                       gmem_inout|       pointer|
|m_axi_gmem_inout_0_ARSIZE    |  out|    3|       m_axi|                       gmem_inout|       pointer|
|m_axi_gmem_inout_0_ARBURST   |  out|    2|       m_axi|                       gmem_inout|       pointer|
|m_axi_gmem_inout_0_ARLOCK    |  out|    2|       m_axi|                       gmem_inout|       pointer|
|m_axi_gmem_inout_0_ARCACHE   |  out|    4|       m_axi|                       gmem_inout|       pointer|
|m_axi_gmem_inout_0_ARPROT    |  out|    3|       m_axi|                       gmem_inout|       pointer|
|m_axi_gmem_inout_0_ARQOS     |  out|    4|       m_axi|                       gmem_inout|       pointer|
|m_axi_gmem_inout_0_ARREGION  |  out|    4|       m_axi|                       gmem_inout|       pointer|
|m_axi_gmem_inout_0_ARUSER    |  out|    1|       m_axi|                       gmem_inout|       pointer|
|m_axi_gmem_inout_0_RVALID    |   in|    1|       m_axi|                       gmem_inout|       pointer|
|m_axi_gmem_inout_0_RREADY    |  out|    1|       m_axi|                       gmem_inout|       pointer|
|m_axi_gmem_inout_0_RDATA     |   in|  256|       m_axi|                       gmem_inout|       pointer|
|m_axi_gmem_inout_0_RLAST     |   in|    1|       m_axi|                       gmem_inout|       pointer|
|m_axi_gmem_inout_0_RID       |   in|    1|       m_axi|                       gmem_inout|       pointer|
|m_axi_gmem_inout_0_RFIFONUM  |   in|   11|       m_axi|                       gmem_inout|       pointer|
|m_axi_gmem_inout_0_RUSER     |   in|    1|       m_axi|                       gmem_inout|       pointer|
|m_axi_gmem_inout_0_RRESP     |   in|    2|       m_axi|                       gmem_inout|       pointer|
|m_axi_gmem_inout_0_BVALID    |   in|    1|       m_axi|                       gmem_inout|       pointer|
|m_axi_gmem_inout_0_BREADY    |  out|    1|       m_axi|                       gmem_inout|       pointer|
|m_axi_gmem_inout_0_BRESP     |   in|    2|       m_axi|                       gmem_inout|       pointer|
|m_axi_gmem_inout_0_BID       |   in|    1|       m_axi|                       gmem_inout|       pointer|
|m_axi_gmem_inout_0_BUSER     |   in|    1|       m_axi|                       gmem_inout|       pointer|
|X_ptr                        |   in|   64|     ap_none|                            X_ptr|        scalar|
|x_buf_256_0_address1         |  out|    8|   ap_memory|                      x_buf_256_0|         array|
|x_buf_256_0_ce1              |  out|    1|   ap_memory|                      x_buf_256_0|         array|
|x_buf_256_0_we1              |  out|    1|   ap_memory|                      x_buf_256_0|         array|
|x_buf_256_0_d1               |  out|  256|   ap_memory|                      x_buf_256_0|         array|
|x_buf_256_1_address1         |  out|    8|   ap_memory|                      x_buf_256_1|         array|
|x_buf_256_1_ce1              |  out|    1|   ap_memory|                      x_buf_256_1|         array|
|x_buf_256_1_we1              |  out|    1|   ap_memory|                      x_buf_256_1|         array|
|x_buf_256_1_d1               |  out|  256|   ap_memory|                      x_buf_256_1|         array|
|x_buf_256_2_address1         |  out|    8|   ap_memory|                      x_buf_256_2|         array|
|x_buf_256_2_ce1              |  out|    1|   ap_memory|                      x_buf_256_2|         array|
|x_buf_256_2_we1              |  out|    1|   ap_memory|                      x_buf_256_2|         array|
|x_buf_256_2_d1               |  out|  256|   ap_memory|                      x_buf_256_2|         array|
|x_buf_256_3_address1         |  out|    8|   ap_memory|                      x_buf_256_3|         array|
|x_buf_256_3_ce1              |  out|    1|   ap_memory|                      x_buf_256_3|         array|
|x_buf_256_3_we1              |  out|    1|   ap_memory|                      x_buf_256_3|         array|
|x_buf_256_3_d1               |  out|  256|   ap_memory|                      x_buf_256_3|         array|
|x_buf_256_4_address1         |  out|    8|   ap_memory|                      x_buf_256_4|         array|
|x_buf_256_4_ce1              |  out|    1|   ap_memory|                      x_buf_256_4|         array|
|x_buf_256_4_we1              |  out|    1|   ap_memory|                      x_buf_256_4|         array|
|x_buf_256_4_d1               |  out|  256|   ap_memory|                      x_buf_256_4|         array|
|x_buf_256_5_address1         |  out|    8|   ap_memory|                      x_buf_256_5|         array|
|x_buf_256_5_ce1              |  out|    1|   ap_memory|                      x_buf_256_5|         array|
|x_buf_256_5_we1              |  out|    1|   ap_memory|                      x_buf_256_5|         array|
|x_buf_256_5_d1               |  out|  256|   ap_memory|                      x_buf_256_5|         array|
|x_buf_256_6_address1         |  out|    8|   ap_memory|                      x_buf_256_6|         array|
|x_buf_256_6_ce1              |  out|    1|   ap_memory|                      x_buf_256_6|         array|
|x_buf_256_6_we1              |  out|    1|   ap_memory|                      x_buf_256_6|         array|
|x_buf_256_6_d1               |  out|  256|   ap_memory|                      x_buf_256_6|         array|
|x_buf_256_7_address1         |  out|    8|   ap_memory|                      x_buf_256_7|         array|
|x_buf_256_7_ce1              |  out|    1|   ap_memory|                      x_buf_256_7|         array|
|x_buf_256_7_we1              |  out|    1|   ap_memory|                      x_buf_256_7|         array|
|x_buf_256_7_d1               |  out|  256|   ap_memory|                      x_buf_256_7|         array|
|x_buf_256_8_address1         |  out|    8|   ap_memory|                      x_buf_256_8|         array|
|x_buf_256_8_ce1              |  out|    1|   ap_memory|                      x_buf_256_8|         array|
|x_buf_256_8_we1              |  out|    1|   ap_memory|                      x_buf_256_8|         array|
|x_buf_256_8_d1               |  out|  256|   ap_memory|                      x_buf_256_8|         array|
|x_buf_256_9_address1         |  out|    8|   ap_memory|                      x_buf_256_9|         array|
|x_buf_256_9_ce1              |  out|    1|   ap_memory|                      x_buf_256_9|         array|
|x_buf_256_9_we1              |  out|    1|   ap_memory|                      x_buf_256_9|         array|
|x_buf_256_9_d1               |  out|  256|   ap_memory|                      x_buf_256_9|         array|
|x_buf_256_10_address1        |  out|    8|   ap_memory|                     x_buf_256_10|         array|
|x_buf_256_10_ce1             |  out|    1|   ap_memory|                     x_buf_256_10|         array|
|x_buf_256_10_we1             |  out|    1|   ap_memory|                     x_buf_256_10|         array|
|x_buf_256_10_d1              |  out|  256|   ap_memory|                     x_buf_256_10|         array|
|x_buf_256_11_address1        |  out|    8|   ap_memory|                     x_buf_256_11|         array|
|x_buf_256_11_ce1             |  out|    1|   ap_memory|                     x_buf_256_11|         array|
|x_buf_256_11_we1             |  out|    1|   ap_memory|                     x_buf_256_11|         array|
|x_buf_256_11_d1              |  out|  256|   ap_memory|                     x_buf_256_11|         array|
|x_buf_256_12_address1        |  out|    8|   ap_memory|                     x_buf_256_12|         array|
|x_buf_256_12_ce1             |  out|    1|   ap_memory|                     x_buf_256_12|         array|
|x_buf_256_12_we1             |  out|    1|   ap_memory|                     x_buf_256_12|         array|
|x_buf_256_12_d1              |  out|  256|   ap_memory|                     x_buf_256_12|         array|
|x_buf_256_13_address1        |  out|    8|   ap_memory|                     x_buf_256_13|         array|
|x_buf_256_13_ce1             |  out|    1|   ap_memory|                     x_buf_256_13|         array|
|x_buf_256_13_we1             |  out|    1|   ap_memory|                     x_buf_256_13|         array|
|x_buf_256_13_d1              |  out|  256|   ap_memory|                     x_buf_256_13|         array|
|x_buf_256_14_address1        |  out|    8|   ap_memory|                     x_buf_256_14|         array|
|x_buf_256_14_ce1             |  out|    1|   ap_memory|                     x_buf_256_14|         array|
|x_buf_256_14_we1             |  out|    1|   ap_memory|                     x_buf_256_14|         array|
|x_buf_256_14_d1              |  out|  256|   ap_memory|                     x_buf_256_14|         array|
|x_buf_256_15_address1        |  out|    8|   ap_memory|                     x_buf_256_15|         array|
|x_buf_256_15_ce1             |  out|    1|   ap_memory|                     x_buf_256_15|         array|
|x_buf_256_15_we1             |  out|    1|   ap_memory|                     x_buf_256_15|         array|
|x_buf_256_15_d1              |  out|  256|   ap_memory|                     x_buf_256_15|         array|
+-----------------------------+-----+-----+------------+---------------------------------+--------------+

============================================================
+ Verbose Summary: Synthesis Manager
============================================================
InlineROM: 1
ExposeGlobal: 0
============================================================
+ Verbose Summary: CDFG Model
============================================================
IsTopModel: 0
ResetActiveHigh: 1
IsCombinational: 2
IsDatapathOnly: 2
HasWiredReturn: 1
HasMFsm: 2
HasVarLatency: 1
IsPipeline: 0
IsRtlPipelined: 0
IsInstanceOverlapped: 0
IsDontTouch: 0
HasImplIP: 0
IsGatedGlobalClock: 0

+ Individual pipeline summary: 
  * Pipeline-0: initiation interval (II) = 1, depth = 15


============================================================
+ Verbose Summary: Schedule
============================================================
* Number of FSM states : 15
* Pipeline : 1
  Pipeline-0 : II = 1, D = 15, States = { 1 2 3 4 5 6 7 8 9 10 11 12 13 14 15 }
* Dataflow Pipeline: 0

* FSM state transitions: 
1 --> 2 
2 --> 3 
3 --> 4 
4 --> 5 
5 --> 6 
6 --> 7 
7 --> 8 
8 --> 9 
9 --> 10 
10 --> 11 
11 --> 12 
12 --> 13 
13 --> 14 
14 --> 15 
15 --> 

* FSM state operations: 

State 1 <SV = 0> <Delay = 2.83>
ST_1 : Operation 18 [1/1] (0.00ns)   --->   "%i = alloca i32 1" [/home/hoinguyen/Downloads/GAN_HLS_ver2/GAN_HLS/gen/Hls_Layers.tpp:129]   --->   Operation 18 'alloca' 'i' <Predicate = true> <Delay = 0.00>
ST_1 : Operation 19 [1/1] (0.00ns)   --->   "%slot = alloca i32 1" [/home/hoinguyen/Downloads/GAN_HLS_ver2/GAN_HLS/gen/Hls_Layers.tpp:126]   --->   Operation 19 'alloca' 'slot' <Predicate = true> <Delay = 0.00>
ST_1 : Operation 20 [1/1] (0.00ns)   --->   "%indvar_flatten = alloca i32 1"   --->   Operation 20 'alloca' 'indvar_flatten' <Predicate = true> <Delay = 0.00>
ST_1 : Operation 21 [1/1] (0.00ns)   --->   "%specmemcore_ln0 = specmemcore void @_ssdm_op_SpecMemCore, i256 %x_buf_256_0, i64 666, i64 22, i64 18446744073709551615"   --->   Operation 21 'specmemcore' 'specmemcore_ln0' <Predicate = true> <Delay = 0.00>
ST_1 : Operation 22 [1/1] (0.00ns)   --->   "%specmemcore_ln0 = specmemcore void @_ssdm_op_SpecMemCore, i256 %x_buf_256_1, i64 666, i64 22, i64 18446744073709551615"   --->   Operation 22 'specmemcore' 'specmemcore_ln0' <Predicate = true> <Delay = 0.00>
ST_1 : Operation 23 [1/1] (0.00ns)   --->   "%specmemcore_ln0 = specmemcore void @_ssdm_op_SpecMemCore, i256 %x_buf_256_2, i64 666, i64 22, i64 18446744073709551615"   --->   Operation 23 'specmemcore' 'specmemcore_ln0' <Predicate = true> <Delay = 0.00>
ST_1 : Operation 24 [1/1] (0.00ns)   --->   "%specmemcore_ln0 = specmemcore void @_ssdm_op_SpecMemCore, i256 %x_buf_256_3, i64 666, i64 22, i64 18446744073709551615"   --->   Operation 24 'specmemcore' 'specmemcore_ln0' <Predicate = true> <Delay = 0.00>
ST_1 : Operation 25 [1/1] (0.00ns)   --->   "%specmemcore_ln0 = specmemcore void @_ssdm_op_SpecMemCore, i256 %x_buf_256_4, i64 666, i64 22, i64 18446744073709551615"   --->   Operation 25 'specmemcore' 'specmemcore_ln0' <Predicate = true> <Delay = 0.00>
ST_1 : Operation 26 [1/1] (0.00ns)   --->   "%specmemcore_ln0 = specmemcore void @_ssdm_op_SpecMemCore, i256 %x_buf_256_5, i64 666, i64 22, i64 18446744073709551615"   --->   Operation 26 'specmemcore' 'specmemcore_ln0' <Predicate = true> <Delay = 0.00>
ST_1 : Operation 27 [1/1] (0.00ns)   --->   "%specmemcore_ln0 = specmemcore void @_ssdm_op_SpecMemCore, i256 %x_buf_256_6, i64 666, i64 22, i64 18446744073709551615"   --->   Operation 27 'specmemcore' 'specmemcore_ln0' <Predicate = true> <Delay = 0.00>
ST_1 : Operation 28 [1/1] (0.00ns)   --->   "%specmemcore_ln0 = specmemcore void @_ssdm_op_SpecMemCore, i256 %x_buf_256_7, i64 666, i64 22, i64 18446744073709551615"   --->   Operation 28 'specmemcore' 'specmemcore_ln0' <Predicate = true> <Delay = 0.00>
ST_1 : Operation 29 [1/1] (0.00ns)   --->   "%specmemcore_ln0 = specmemcore void @_ssdm_op_SpecMemCore, i256 %x_buf_256_8, i64 666, i64 22, i64 18446744073709551615"   --->   Operation 29 'specmemcore' 'specmemcore_ln0' <Predicate = true> <Delay = 0.00>
ST_1 : Operation 30 [1/1] (0.00ns)   --->   "%specmemcore_ln0 = specmemcore void @_ssdm_op_SpecMemCore, i256 %x_buf_256_9, i64 666, i64 22, i64 18446744073709551615"   --->   Operation 30 'specmemcore' 'specmemcore_ln0' <Predicate = true> <Delay = 0.00>
ST_1 : Operation 31 [1/1] (0.00ns)   --->   "%specmemcore_ln0 = specmemcore void @_ssdm_op_SpecMemCore, i256 %x_buf_256_10, i64 666, i64 22, i64 18446744073709551615"   --->   Operation 31 'specmemcore' 'specmemcore_ln0' <Predicate = true> <Delay = 0.00>
ST_1 : Operation 32 [1/1] (0.00ns)   --->   "%specmemcore_ln0 = specmemcore void @_ssdm_op_SpecMemCore, i256 %x_buf_256_11, i64 666, i64 22, i64 18446744073709551615"   --->   Operation 32 'specmemcore' 'specmemcore_ln0' <Predicate = true> <Delay = 0.00>
ST_1 : Operation 33 [1/1] (0.00ns)   --->   "%specmemcore_ln0 = specmemcore void @_ssdm_op_SpecMemCore, i256 %x_buf_256_12, i64 666, i64 22, i64 18446744073709551615"   --->   Operation 33 'specmemcore' 'specmemcore_ln0' <Predicate = true> <Delay = 0.00>
ST_1 : Operation 34 [1/1] (0.00ns)   --->   "%specmemcore_ln0 = specmemcore void @_ssdm_op_SpecMemCore, i256 %x_buf_256_13, i64 666, i64 22, i64 18446744073709551615"   --->   Operation 34 'specmemcore' 'specmemcore_ln0' <Predicate = true> <Delay = 0.00>
ST_1 : Operation 35 [1/1] (0.00ns)   --->   "%specmemcore_ln0 = specmemcore void @_ssdm_op_SpecMemCore, i256 %x_buf_256_14, i64 666, i64 22, i64 18446744073709551615"   --->   Operation 35 'specmemcore' 'specmemcore_ln0' <Predicate = true> <Delay = 0.00>
ST_1 : Operation 36 [1/1] (0.00ns)   --->   "%specmemcore_ln0 = specmemcore void @_ssdm_op_SpecMemCore, i256 %x_buf_256_15, i64 666, i64 22, i64 18446744073709551615"   --->   Operation 36 'specmemcore' 'specmemcore_ln0' <Predicate = true> <Delay = 0.00>
ST_1 : Operation 37 [1/1] (0.00ns)   --->   "%specinterface_ln0 = specinterface void @_ssdm_op_SpecInterface, i256 %gmem_inout, void @empty_15, i32 0, i32 0, void @empty_13, i32 0, i32 15360, void @empty, void @empty_0, void @empty_13, i32 4, i32 4, i32 256, i32 256, void @empty_13, void @empty_13, i32 4294967295, i32 0, i32 0"   --->   Operation 37 'specinterface' 'specinterface_ln0' <Predicate = true> <Delay = 0.00>
ST_1 : Operation 38 [1/1] (0.00ns)   --->   "%X_ptr_read = read i64 @_ssdm_op_Read.ap_auto.i64, i64 %X_ptr" [/home/hoinguyen/Downloads/GAN_HLS_ver2/GAN_HLS/gen/Hls_Layers.tpp:111]   --->   Operation 38 'read' 'X_ptr_read' <Predicate = true> <Delay = 0.00>
ST_1 : Operation 39 [1/1] (0.42ns)   --->   "%store_ln0 = store i12 0, i12 %indvar_flatten"   --->   Operation 39 'store' 'store_ln0' <Predicate = true> <Delay = 0.42>
ST_1 : Operation 40 [1/1] (0.42ns)   --->   "%store_ln126 = store i2 0, i2 %slot" [/home/hoinguyen/Downloads/GAN_HLS_ver2/GAN_HLS/gen/Hls_Layers.tpp:126]   --->   Operation 40 'store' 'store_ln126' <Predicate = true> <Delay = 0.42>
ST_1 : Operation 41 [1/1] (0.42ns)   --->   "%store_ln129 = store i10 0, i10 %i" [/home/hoinguyen/Downloads/GAN_HLS_ver2/GAN_HLS/gen/Hls_Layers.tpp:129]   --->   Operation 41 'store' 'store_ln129' <Predicate = true> <Delay = 0.42>
ST_1 : Operation 42 [1/1] (0.00ns)   --->   "%br_ln122 = br void %for.inc" [/home/hoinguyen/Downloads/GAN_HLS_ver2/GAN_HLS/gen/Hls_Layers.tpp:122]   --->   Operation 42 'br' 'br_ln122' <Predicate = true> <Delay = 0.00>
ST_1 : Operation 43 [1/1] (0.00ns)   --->   "%indvar_flatten_load = load i12 %indvar_flatten" [/home/hoinguyen/Downloads/GAN_HLS_ver2/GAN_HLS/gen/Hls_Layers.tpp:122]   --->   Operation 43 'load' 'indvar_flatten_load' <Predicate = true> <Delay = 0.00>
ST_1 : Operation 44 [1/1] (0.80ns)   --->   "%icmp_ln122 = icmp_eq  i12 %indvar_flatten_load, i12 2880" [/home/hoinguyen/Downloads/GAN_HLS_ver2/GAN_HLS/gen/Hls_Layers.tpp:122]   --->   Operation 44 'icmp' 'icmp_ln122' <Predicate = true> <Delay = 0.80> <CoreInst = "Cmp">   --->   Core 9 'Cmp' <Latency = 0> <II = 1> <Delay = 0.80> <FuncUnit> <Opcode : 'seteq' 'setne' 'setle' 'setge' 'setlt' 'setgt'> <InPorts = 2> <OutPorts = 1>
ST_1 : Operation 45 [1/1] (0.80ns)   --->   "%add_ln122 = add i12 %indvar_flatten_load, i12 1" [/home/hoinguyen/Downloads/GAN_HLS_ver2/GAN_HLS/gen/Hls_Layers.tpp:122]   --->   Operation 45 'add' 'add_ln122' <Predicate = true> <Delay = 0.80> <CoreInst = "Adder">   --->   Core 1 'Adder' <Latency = 0> <II = 1> <Delay = 0.80> <FuncUnit> <Opcode : 'add' 'sub'> <InPorts = 2> <OutPorts = 1>
ST_1 : Operation 46 [1/1] (0.00ns)   --->   "%br_ln122 = br i1 %icmp_ln122, void %for.inc44, void %for.end46" [/home/hoinguyen/Downloads/GAN_HLS_ver2/GAN_HLS/gen/Hls_Layers.tpp:122]   --->   Operation 46 'br' 'br_ln122' <Predicate = true> <Delay = 0.00>
ST_1 : Operation 47 [1/1] (0.00ns)   --->   "%i_load = load i10 %i" [/home/hoinguyen/Downloads/GAN_HLS_ver2/GAN_HLS/gen/Hls_Layers.tpp:129]   --->   Operation 47 'load' 'i_load' <Predicate = (!icmp_ln122)> <Delay = 0.00>
ST_1 : Operation 48 [1/1] (0.78ns)   --->   "%icmp_ln129 = icmp_eq  i10 %i_load, i10 960" [/home/hoinguyen/Downloads/GAN_HLS_ver2/GAN_HLS/gen/Hls_Layers.tpp:129]   --->   Operation 48 'icmp' 'icmp_ln129' <Predicate = (!icmp_ln122)> <Delay = 0.78> <CoreInst = "Cmp">   --->   Core 9 'Cmp' <Latency = 0> <II = 1> <Delay = 0.78> <FuncUnit> <Opcode : 'seteq' 'setne' 'setle' 'setge' 'setlt' 'setgt'> <InPorts = 2> <OutPorts = 1>
ST_1 : Operation 49 [1/1] (0.40ns)   --->   "%select_ln122 = select i1 %icmp_ln129, i10 0, i10 %i_load" [/home/hoinguyen/Downloads/GAN_HLS_ver2/GAN_HLS/gen/Hls_Layers.tpp:122]   --->   Operation 49 'select' 'select_ln122' <Predicate = (!icmp_ln122)> <Delay = 0.40> <CoreInst = "Sel">   --->   Core 73 'Sel' <Latency = 0> <II = 1> <Delay = 0.40> <FuncUnit> <Opcode : 'select'> <InPorts = 3> <OutPorts = 1>
ST_1 : Operation 50 [1/1] (0.78ns)   --->   "%first_iter_0 = icmp_eq  i10 %select_ln122, i10 0" [/home/hoinguyen/Downloads/GAN_HLS_ver2/GAN_HLS/gen/Hls_Layers.tpp:122]   --->   Operation 50 'icmp' 'first_iter_0' <Predicate = (!icmp_ln122)> <Delay = 0.78> <CoreInst = "Cmp">   --->   Core 9 'Cmp' <Latency = 0> <II = 1> <Delay = 0.78> <FuncUnit> <Opcode : 'seteq' 'setne' 'setle' 'setge' 'setlt' 'setgt'> <InPorts = 2> <OutPorts = 1>
ST_1 : Operation 51 [1/1] (0.00ns)   --->   "%br_ln129 = br i1 %first_iter_0, void %for.inc.split, void %for.first.iter.for.inc" [/home/hoinguyen/Downloads/GAN_HLS_ver2/GAN_HLS/gen/Hls_Layers.tpp:129]   --->   Operation 51 'br' 'br_ln129' <Predicate = (!icmp_ln122)> <Delay = 0.00>
ST_1 : Operation 52 [14/14] (1.17ns)   --->   "%urem_ln131 = urem i10 %select_ln122, i10 60" [/home/hoinguyen/Downloads/GAN_HLS_ver2/GAN_HLS/gen/Hls_Layers.tpp:131]   --->   Operation 52 'urem' 'urem_ln131' <Predicate = (!icmp_ln122)> <Delay = 1.17> <CoreInst = "Divider">   --->   Core 6 'Divider' <Latency = 13> <II = 1> <Delay = 1.17> <FuncUnit> <Opcode : 'udiv' 'sdiv' 'urem' 'srem'> <InPorts = 2> <OutPorts = 1>
ST_1 : Operation 53 [1/1] (0.78ns)   --->   "%add_ln129_2 = add i10 %select_ln122, i10 1" [/home/hoinguyen/Downloads/GAN_HLS_ver2/GAN_HLS/gen/Hls_Layers.tpp:129]   --->   Operation 53 'add' 'add_ln129_2' <Predicate = (!icmp_ln122)> <Delay = 0.78> <CoreInst = "Adder">   --->   Core 1 'Adder' <Latency = 0> <II = 1> <Delay = 0.78> <FuncUnit> <Opcode : 'add' 'sub'> <InPorts = 2> <OutPorts = 1>
ST_1 : Operation 54 [1/1] (0.42ns)   --->   "%store_ln122 = store i12 %add_ln122, i12 %indvar_flatten" [/home/hoinguyen/Downloads/GAN_HLS_ver2/GAN_HLS/gen/Hls_Layers.tpp:122]   --->   Operation 54 'store' 'store_ln122' <Predicate = (!icmp_ln122)> <Delay = 0.42>
ST_1 : Operation 55 [1/1] (0.42ns)   --->   "%store_ln129 = store i10 %add_ln129_2, i10 %i" [/home/hoinguyen/Downloads/GAN_HLS_ver2/GAN_HLS/gen/Hls_Layers.tpp:129]   --->   Operation 55 'store' 'store_ln129' <Predicate = (!icmp_ln122)> <Delay = 0.42>

State 2 <SV = 1> <Delay = 2.30>
ST_2 : Operation 56 [1/1] (0.00ns)   --->   "%slot_load = load i2 %slot" [/home/hoinguyen/Downloads/GAN_HLS_ver2/GAN_HLS/gen/Hls_Layers.tpp:122]   --->   Operation 56 'load' 'slot_load' <Predicate = true> <Delay = 0.00>
ST_2 : Operation 57 [1/1] (0.54ns)   --->   "%row_init = add i2 %slot_load, i2 1" [/home/hoinguyen/Downloads/GAN_HLS_ver2/GAN_HLS/gen/Hls_Layers.tpp:122]   --->   Operation 57 'add' 'row_init' <Predicate = (icmp_ln129)> <Delay = 0.54> <CoreInst = "Adder">   --->   Core 1 'Adder' <Latency = 0> <II = 1> <Delay = 0.54> <FuncUnit> <Opcode : 'add' 'sub'> <InPorts = 2> <OutPorts = 1>
ST_2 : Operation 58 [1/1] (0.17ns)   --->   "%select_ln122_1 = select i1 %icmp_ln129, i2 %row_init, i2 %slot_load" [/home/hoinguyen/Downloads/GAN_HLS_ver2/GAN_HLS/gen/Hls_Layers.tpp:122]   --->   Operation 58 'select' 'select_ln122_1' <Predicate = true> <Delay = 0.17> <CoreInst = "Sel">   --->   Core 73 'Sel' <Latency = 0> <II = 1> <Delay = 0.17> <FuncUnit> <Opcode : 'select'> <InPorts = 3> <OutPorts = 1>
ST_2 : Operation 59 [1/1] (0.54ns)   --->   "%add_ln123 = add i2 %select_ln122_1, i2 3" [/home/hoinguyen/Downloads/GAN_HLS_ver2/GAN_HLS/gen/Hls_Layers.tpp:123]   --->   Operation 59 'add' 'add_ln123' <Predicate = true> <Delay = 0.54> <CoreInst = "Adder">   --->   Core 1 'Adder' <Latency = 0> <II = 1> <Delay = 0.54> <FuncUnit> <Opcode : 'add' 'sub'> <InPorts = 2> <OutPorts = 1>
ST_2 : Operation 60 [1/1] (0.00ns)   --->   "%tmp_6 = bitselect i1 @_ssdm_op_BitSelect.i1.i2.i32, i2 %add_ln123, i32 1" [/home/hoinguyen/Downloads/GAN_HLS_ver2/GAN_HLS/gen/Hls_Layers.tpp:125]   --->   Operation 60 'bitselect' 'tmp_6' <Predicate = true> <Delay = 0.00>
ST_2 : Operation 61 [1/1] (0.54ns)   --->   "%sub_ln125 = sub i2 1, i2 %select_ln122_1" [/home/hoinguyen/Downloads/GAN_HLS_ver2/GAN_HLS/gen/Hls_Layers.tpp:125]   --->   Operation 61 'sub' 'sub_ln125' <Predicate = true> <Delay = 0.54> <CoreInst = "Adder">   --->   Core 1 'Adder' <Latency = 0> <II = 1> <Delay = 0.54> <FuncUnit> <Opcode : 'add' 'sub'> <InPorts = 2> <OutPorts = 1>
ST_2 : Operation 62 [1/1] (0.17ns)   --->   "%select_ln125 = select i1 %tmp_6, i2 %sub_ln125, i2 %add_ln123" [/home/hoinguyen/Downloads/GAN_HLS_ver2/GAN_HLS/gen/Hls_Layers.tpp:125]   --->   Operation 62 'select' 'select_ln125' <Predicate = true> <Delay = 0.17> <CoreInst = "Sel">   --->   Core 73 'Sel' <Latency = 0> <II = 1> <Delay = 0.17> <FuncUnit> <Opcode : 'select'> <InPorts = 3> <OutPorts = 1>
ST_2 : Operation 63 [1/1] (0.00ns)   --->   "%p_shl = bitconcatenate i16 @_ssdm_op_BitConcatenate.i16.i2.i14, i2 %select_ln125, i14 0" [/home/hoinguyen/Downloads/GAN_HLS_ver2/GAN_HLS/gen/Hls_Layers.tpp:53->/home/hoinguyen/Downloads/GAN_HLS_ver2/GAN_HLS/gen/Hls_Layers.tpp:127]   --->   Operation 63 'bitconcatenate' 'p_shl' <Predicate = true> <Delay = 0.00>
ST_2 : Operation 64 [1/1] (0.00ns)   --->   "%tmp_7 = bitconcatenate i12 @_ssdm_op_BitConcatenate.i12.i2.i10, i2 %select_ln125, i10 0" [/home/hoinguyen/Downloads/GAN_HLS_ver2/GAN_HLS/gen/Hls_Layers.tpp:53->/home/hoinguyen/Downloads/GAN_HLS_ver2/GAN_HLS/gen/Hls_Layers.tpp:127]   --->   Operation 64 'bitconcatenate' 'tmp_7' <Predicate = true> <Delay = 0.00>
ST_2 : Operation 65 [1/1] (0.00ns)   --->   "%sext_ln53 = sext i12 %tmp_7" [/home/hoinguyen/Downloads/GAN_HLS_ver2/GAN_HLS/gen/Hls_Layers.tpp:53->/home/hoinguyen/Downloads/GAN_HLS_ver2/GAN_HLS/gen/Hls_Layers.tpp:127]   --->   Operation 65 'sext' 'sext_ln53' <Predicate = true> <Delay = 0.00>
ST_2 : Operation 66 [1/1] (0.85ns)   --->   "%sub_ln53 = sub i16 %p_shl, i16 %sext_ln53" [/home/hoinguyen/Downloads/GAN_HLS_ver2/GAN_HLS/gen/Hls_Layers.tpp:53->/home/hoinguyen/Downloads/GAN_HLS_ver2/GAN_HLS/gen/Hls_Layers.tpp:127]   --->   Operation 66 'sub' 'sub_ln53' <Predicate = true> <Delay = 0.85> <CoreInst = "Adder">   --->   Core 1 'Adder' <Latency = 0> <II = 1> <Delay = 0.85> <FuncUnit> <Opcode : 'add' 'sub'> <InPorts = 2> <OutPorts = 1>
ST_2 : Operation 67 [1/1] (0.00ns)   --->   "%zext_ln131_1 = zext i10 %select_ln122" [/home/hoinguyen/Downloads/GAN_HLS_ver2/GAN_HLS/gen/Hls_Layers.tpp:131]   --->   Operation 67 'zext' 'zext_ln131_1' <Predicate = true> <Delay = 0.00>
ST_2 : Operation 68 [1/1] (2.18ns)   --->   "%mul_ln131 = mul i21 %zext_ln131_1, i21 1093" [/home/hoinguyen/Downloads/GAN_HLS_ver2/GAN_HLS/gen/Hls_Layers.tpp:131]   --->   Operation 68 'mul' 'mul_ln131' <Predicate = true> <Delay = 2.18> <CoreInst = "Multiplier">   --->   Core 3 'Multiplier' <Latency = 0> <II = 1> <Delay = 2.18> <FuncUnit> <Opcode : 'mul'> <InPorts = 2> <OutPorts = 1>
ST_2 : Operation 69 [1/1] (0.00ns)   --->   "%trunc_ln131_2 = partselect i4 @_ssdm_op_PartSelect.i4.i21.i32.i32, i21 %mul_ln131, i32 16, i32 19" [/home/hoinguyen/Downloads/GAN_HLS_ver2/GAN_HLS/gen/Hls_Layers.tpp:131]   --->   Operation 69 'partselect' 'trunc_ln131_2' <Predicate = true> <Delay = 0.00>
ST_2 : Operation 70 [13/14] (1.17ns)   --->   "%urem_ln131 = urem i10 %select_ln122, i10 60" [/home/hoinguyen/Downloads/GAN_HLS_ver2/GAN_HLS/gen/Hls_Layers.tpp:131]   --->   Operation 70 'urem' 'urem_ln131' <Predicate = true> <Delay = 1.17> <CoreInst = "Divider">   --->   Core 6 'Divider' <Latency = 13> <II = 1> <Delay = 1.17> <FuncUnit> <Opcode : 'udiv' 'sdiv' 'urem' 'srem'> <InPorts = 2> <OutPorts = 1>
ST_2 : Operation 71 [1/1] (0.42ns)   --->   "%store_ln126 = store i2 %select_ln122_1, i2 %slot" [/home/hoinguyen/Downloads/GAN_HLS_ver2/GAN_HLS/gen/Hls_Layers.tpp:126]   --->   Operation 71 'store' 'store_ln126' <Predicate = true> <Delay = 0.42>
ST_2 : Operation 72 [1/1] (0.00ns)   --->   "%br_ln129 = br void %for.inc" [/home/hoinguyen/Downloads/GAN_HLS_ver2/GAN_HLS/gen/Hls_Layers.tpp:129]   --->   Operation 72 'br' 'br_ln129' <Predicate = true> <Delay = 0.00>

State 3 <SV = 2> <Delay = 2.74>
ST_3 : Operation 73 [1/1] (0.00ns) (grouped into LUT with out node add_ln129)   --->   "%tmp_8 = bitselect i1 @_ssdm_op_BitSelect.i1.i16.i32, i16 %sub_ln53, i32 15" [/home/hoinguyen/Downloads/GAN_HLS_ver2/GAN_HLS/gen/Hls_Layers.tpp:53->/home/hoinguyen/Downloads/GAN_HLS_ver2/GAN_HLS/gen/Hls_Layers.tpp:127]   --->   Operation 73 'bitselect' 'tmp_8' <Predicate = true> <Delay = 0.00>
ST_3 : Operation 74 [1/1] (0.85ns)   --->   "%p_neg = sub i16 0, i16 %sub_ln53" [/home/hoinguyen/Downloads/GAN_HLS_ver2/GAN_HLS/gen/Hls_Layers.tpp:53->/home/hoinguyen/Downloads/GAN_HLS_ver2/GAN_HLS/gen/Hls_Layers.tpp:127]   --->   Operation 74 'sub' 'p_neg' <Predicate = true> <Delay = 0.85> <CoreInst = "Adder">   --->   Core 1 'Adder' <Latency = 0> <II = 1> <Delay = 0.85> <FuncUnit> <Opcode : 'add' 'sub'> <InPorts = 2> <OutPorts = 1>
ST_3 : Operation 75 [1/1] (0.00ns)   --->   "%tmp = partselect i12 @_ssdm_op_PartSelect.i12.i16.i32.i32, i16 %p_neg, i32 4, i32 15" [/home/hoinguyen/Downloads/GAN_HLS_ver2/GAN_HLS/gen/Hls_Layers.tpp:53->/home/hoinguyen/Downloads/GAN_HLS_ver2/GAN_HLS/gen/Hls_Layers.tpp:127]   --->   Operation 75 'partselect' 'tmp' <Predicate = true> <Delay = 0.00>
ST_3 : Operation 76 [1/1] (0.80ns)   --->   "%p_neg_t = sub i12 0, i12 %tmp" [/home/hoinguyen/Downloads/GAN_HLS_ver2/GAN_HLS/gen/Hls_Layers.tpp:53->/home/hoinguyen/Downloads/GAN_HLS_ver2/GAN_HLS/gen/Hls_Layers.tpp:127]   --->   Operation 76 'sub' 'p_neg_t' <Predicate = true> <Delay = 0.80> <CoreInst = "Adder">   --->   Core 1 'Adder' <Latency = 0> <II = 1> <Delay = 0.80> <FuncUnit> <Opcode : 'add' 'sub'> <InPorts = 2> <OutPorts = 1>
ST_3 : Operation 77 [1/1] (0.00ns) (grouped into LUT with out node add_ln129)   --->   "%tmp_3 = partselect i12 @_ssdm_op_PartSelect.i12.i16.i32.i32, i16 %sub_ln53, i32 4, i32 15" [/home/hoinguyen/Downloads/GAN_HLS_ver2/GAN_HLS/gen/Hls_Layers.tpp:129]   --->   Operation 77 'partselect' 'tmp_3' <Predicate = true> <Delay = 0.00>
ST_3 : Operation 78 [1/1] (0.00ns) (grouped into LUT with out node add_ln129)   --->   "%empty_56 = select i1 %tmp_8, i12 %p_neg_t, i12 %tmp_3" [/home/hoinguyen/Downloads/GAN_HLS_ver2/GAN_HLS/gen/Hls_Layers.tpp:53->/home/hoinguyen/Downloads/GAN_HLS_ver2/GAN_HLS/gen/Hls_Layers.tpp:127]   --->   Operation 78 'select' 'empty_56' <Predicate = true> <Delay = 0.00> <CoreInst = "Sel">   --->   Core 73 'Sel' <Latency = 0> <II = 1> <Delay = 0.37> <FuncUnit> <Opcode : 'select'> <InPorts = 3> <OutPorts = 1>
ST_3 : Operation 79 [1/1] (0.00ns) (grouped into LUT with out node add_ln129)   --->   "%shl_ln = bitconcatenate i17 @_ssdm_op_BitConcatenate.i17.i12.i5, i12 %empty_56, i5 0" [/home/hoinguyen/Downloads/GAN_HLS_ver2/GAN_HLS/gen/Hls_Layers.tpp:129]   --->   Operation 79 'bitconcatenate' 'shl_ln' <Predicate = true> <Delay = 0.00>
ST_3 : Operation 80 [1/1] (0.00ns) (grouped into LUT with out node add_ln129)   --->   "%sext_ln129 = sext i17 %shl_ln" [/home/hoinguyen/Downloads/GAN_HLS_ver2/GAN_HLS/gen/Hls_Layers.tpp:129]   --->   Operation 80 'sext' 'sext_ln129' <Predicate = true> <Delay = 0.00>
ST_3 : Operation 81 [1/1] (1.08ns) (out node of the LUT)   --->   "%add_ln129 = add i64 %sext_ln129, i64 %X_ptr_read" [/home/hoinguyen/Downloads/GAN_HLS_ver2/GAN_HLS/gen/Hls_Layers.tpp:129]   --->   Operation 81 'add' 'add_ln129' <Predicate = true> <Delay = 1.08> <CoreInst = "Adder">   --->   Core 1 'Adder' <Latency = 0> <II = 1> <Delay = 1.08> <FuncUnit> <Opcode : 'add' 'sub'> <InPorts = 2> <OutPorts = 1>
ST_3 : Operation 82 [1/1] (0.00ns)   --->   "%trunc_ln = partselect i59 @_ssdm_op_PartSelect.i59.i64.i32.i32, i64 %add_ln129, i32 5, i32 63" [/home/hoinguyen/Downloads/GAN_HLS_ver2/GAN_HLS/gen/Hls_Layers.tpp:129]   --->   Operation 82 'partselect' 'trunc_ln' <Predicate = true> <Delay = 0.00>
ST_3 : Operation 83 [12/14] (1.17ns)   --->   "%urem_ln131 = urem i10 %select_ln122, i10 60" [/home/hoinguyen/Downloads/GAN_HLS_ver2/GAN_HLS/gen/Hls_Layers.tpp:131]   --->   Operation 83 'urem' 'urem_ln131' <Predicate = true> <Delay = 1.17> <CoreInst = "Divider">   --->   Core 6 'Divider' <Latency = 13> <II = 1> <Delay = 1.17> <FuncUnit> <Opcode : 'udiv' 'sdiv' 'urem' 'srem'> <InPorts = 2> <OutPorts = 1>
ST_3 : Operation 84 [1/1] (0.79ns)   --->   "%switch_ln131 = switch i4 %trunc_ln131_2, void %arrayidx2122.case.15, i4 0, void %arrayidx2122.case.0, i4 1, void %arrayidx2122.case.1, i4 2, void %arrayidx2122.case.2, i4 3, void %arrayidx2122.case.3, i4 4, void %arrayidx2122.case.4, i4 5, void %arrayidx2122.case.5, i4 6, void %arrayidx2122.case.6, i4 7, void %arrayidx2122.case.7, i4 8, void %arrayidx2122.case.8, i4 9, void %arrayidx2122.case.9, i4 10, void %arrayidx2122.case.10, i4 11, void %arrayidx2122.case.11, i4 12, void %arrayidx2122.case.12, i4 13, void %arrayidx2122.case.13, i4 14, void %arrayidx2122.case.14" [/home/hoinguyen/Downloads/GAN_HLS_ver2/GAN_HLS/gen/Hls_Layers.tpp:131]   --->   Operation 84 'switch' 'switch_ln131' <Predicate = true> <Delay = 0.79>

State 4 <SV = 3> <Delay = 2.92>
ST_4 : Operation 85 [1/1] (0.00ns)   --->   "%specloopname_ln0 = specloopname void @_ssdm_op_SpecLoopName, void @INIT_3_INPUT_ROWS_LOAD_1_INPUT_ROW_str"   --->   Operation 85 'specloopname' 'specloopname_ln0' <Predicate = true> <Delay = 0.00>
ST_4 : Operation 86 [1/1] (0.00ns)   --->   "%speclooptripcount_ln0 = speclooptripcount void @_ssdm_op_SpecLoopTripCount, i64 2880, i64 2880, i64 2880"   --->   Operation 86 'speclooptripcount' 'speclooptripcount_ln0' <Predicate = true> <Delay = 0.00>
ST_4 : Operation 87 [1/1] (0.00ns)   --->   "%sext_ln129_2 = sext i59 %trunc_ln" [/home/hoinguyen/Downloads/GAN_HLS_ver2/GAN_HLS/gen/Hls_Layers.tpp:129]   --->   Operation 87 'sext' 'sext_ln129_2' <Predicate = true> <Delay = 0.00>
ST_4 : Operation 88 [1/1] (0.00ns)   --->   "%gmem_inout_addr = getelementptr i256 %gmem_inout, i64 %sext_ln129_2" [/home/hoinguyen/Downloads/GAN_HLS_ver2/GAN_HLS/gen/Hls_Layers.tpp:129]   --->   Operation 88 'getelementptr' 'gmem_inout_addr' <Predicate = true> <Delay = 0.00>
ST_4 : Operation 89 [8/8] (2.92ns)   --->   "%empty = readreq i1 @_ssdm_op_ReadReq.m_axi.p1i256, i64 %gmem_inout_addr, i64 960" [/home/hoinguyen/Downloads/GAN_HLS_ver2/GAN_HLS/gen/Hls_Layers.tpp:129]   --->   Operation 89 'readreq' 'empty' <Predicate = (first_iter_0)> <Delay = 2.92> <CoreInst = "m_axi">   --->   Core 119 'm_axi' <Latency = 6> <II = 1> <Delay = 1.00> <Adapter> <Opcode : 'read' 'write' 'readreq' 'writereq' 'writeresp'>
ST_4 : Operation 90 [11/14] (1.17ns)   --->   "%urem_ln131 = urem i10 %select_ln122, i10 60" [/home/hoinguyen/Downloads/GAN_HLS_ver2/GAN_HLS/gen/Hls_Layers.tpp:131]   --->   Operation 90 'urem' 'urem_ln131' <Predicate = true> <Delay = 1.17> <CoreInst = "Divider">   --->   Core 6 'Divider' <Latency = 13> <II = 1> <Delay = 1.17> <FuncUnit> <Opcode : 'udiv' 'sdiv' 'urem' 'srem'> <InPorts = 2> <OutPorts = 1>

State 5 <SV = 4> <Delay = 2.92>
ST_5 : Operation 91 [7/8] (2.92ns)   --->   "%empty = readreq i1 @_ssdm_op_ReadReq.m_axi.p1i256, i64 %gmem_inout_addr, i64 960" [/home/hoinguyen/Downloads/GAN_HLS_ver2/GAN_HLS/gen/Hls_Layers.tpp:129]   --->   Operation 91 'readreq' 'empty' <Predicate = (first_iter_0)> <Delay = 2.92> <CoreInst = "m_axi">   --->   Core 119 'm_axi' <Latency = 6> <II = 1> <Delay = 1.00> <Adapter> <Opcode : 'read' 'write' 'readreq' 'writereq' 'writeresp'>
ST_5 : Operation 92 [10/14] (1.17ns)   --->   "%urem_ln131 = urem i10 %select_ln122, i10 60" [/home/hoinguyen/Downloads/GAN_HLS_ver2/GAN_HLS/gen/Hls_Layers.tpp:131]   --->   Operation 92 'urem' 'urem_ln131' <Predicate = true> <Delay = 1.17> <CoreInst = "Divider">   --->   Core 6 'Divider' <Latency = 13> <II = 1> <Delay = 1.17> <FuncUnit> <Opcode : 'udiv' 'sdiv' 'urem' 'srem'> <InPorts = 2> <OutPorts = 1>

State 6 <SV = 5> <Delay = 2.92>
ST_6 : Operation 93 [6/8] (2.92ns)   --->   "%empty = readreq i1 @_ssdm_op_ReadReq.m_axi.p1i256, i64 %gmem_inout_addr, i64 960" [/home/hoinguyen/Downloads/GAN_HLS_ver2/GAN_HLS/gen/Hls_Layers.tpp:129]   --->   Operation 93 'readreq' 'empty' <Predicate = (first_iter_0)> <Delay = 2.92> <CoreInst = "m_axi">   --->   Core 119 'm_axi' <Latency = 6> <II = 1> <Delay = 1.00> <Adapter> <Opcode : 'read' 'write' 'readreq' 'writereq' 'writeresp'>
ST_6 : Operation 94 [9/14] (1.17ns)   --->   "%urem_ln131 = urem i10 %select_ln122, i10 60" [/home/hoinguyen/Downloads/GAN_HLS_ver2/GAN_HLS/gen/Hls_Layers.tpp:131]   --->   Operation 94 'urem' 'urem_ln131' <Predicate = true> <Delay = 1.17> <CoreInst = "Divider">   --->   Core 6 'Divider' <Latency = 13> <II = 1> <Delay = 1.17> <FuncUnit> <Opcode : 'udiv' 'sdiv' 'urem' 'srem'> <InPorts = 2> <OutPorts = 1>

State 7 <SV = 6> <Delay = 2.92>
ST_7 : Operation 95 [5/8] (2.92ns)   --->   "%empty = readreq i1 @_ssdm_op_ReadReq.m_axi.p1i256, i64 %gmem_inout_addr, i64 960" [/home/hoinguyen/Downloads/GAN_HLS_ver2/GAN_HLS/gen/Hls_Layers.tpp:129]   --->   Operation 95 'readreq' 'empty' <Predicate = (first_iter_0)> <Delay = 2.92> <CoreInst = "m_axi">   --->   Core 119 'm_axi' <Latency = 6> <II = 1> <Delay = 1.00> <Adapter> <Opcode : 'read' 'write' 'readreq' 'writereq' 'writeresp'>
ST_7 : Operation 96 [8/14] (1.17ns)   --->   "%urem_ln131 = urem i10 %select_ln122, i10 60" [/home/hoinguyen/Downloads/GAN_HLS_ver2/GAN_HLS/gen/Hls_Layers.tpp:131]   --->   Operation 96 'urem' 'urem_ln131' <Predicate = true> <Delay = 1.17> <CoreInst = "Divider">   --->   Core 6 'Divider' <Latency = 13> <II = 1> <Delay = 1.17> <FuncUnit> <Opcode : 'udiv' 'sdiv' 'urem' 'srem'> <InPorts = 2> <OutPorts = 1>

State 8 <SV = 7> <Delay = 2.92>
ST_8 : Operation 97 [4/8] (2.92ns)   --->   "%empty = readreq i1 @_ssdm_op_ReadReq.m_axi.p1i256, i64 %gmem_inout_addr, i64 960" [/home/hoinguyen/Downloads/GAN_HLS_ver2/GAN_HLS/gen/Hls_Layers.tpp:129]   --->   Operation 97 'readreq' 'empty' <Predicate = (first_iter_0)> <Delay = 2.92> <CoreInst = "m_axi">   --->   Core 119 'm_axi' <Latency = 6> <II = 1> <Delay = 1.00> <Adapter> <Opcode : 'read' 'write' 'readreq' 'writereq' 'writeresp'>
ST_8 : Operation 98 [7/14] (1.17ns)   --->   "%urem_ln131 = urem i10 %select_ln122, i10 60" [/home/hoinguyen/Downloads/GAN_HLS_ver2/GAN_HLS/gen/Hls_Layers.tpp:131]   --->   Operation 98 'urem' 'urem_ln131' <Predicate = true> <Delay = 1.17> <CoreInst = "Divider">   --->   Core 6 'Divider' <Latency = 13> <II = 1> <Delay = 1.17> <FuncUnit> <Opcode : 'udiv' 'sdiv' 'urem' 'srem'> <InPorts = 2> <OutPorts = 1>

State 9 <SV = 8> <Delay = 2.92>
ST_9 : Operation 99 [3/8] (2.92ns)   --->   "%empty = readreq i1 @_ssdm_op_ReadReq.m_axi.p1i256, i64 %gmem_inout_addr, i64 960" [/home/hoinguyen/Downloads/GAN_HLS_ver2/GAN_HLS/gen/Hls_Layers.tpp:129]   --->   Operation 99 'readreq' 'empty' <Predicate = (first_iter_0)> <Delay = 2.92> <CoreInst = "m_axi">   --->   Core 119 'm_axi' <Latency = 6> <II = 1> <Delay = 1.00> <Adapter> <Opcode : 'read' 'write' 'readreq' 'writereq' 'writeresp'>
ST_9 : Operation 100 [6/14] (1.17ns)   --->   "%urem_ln131 = urem i10 %select_ln122, i10 60" [/home/hoinguyen/Downloads/GAN_HLS_ver2/GAN_HLS/gen/Hls_Layers.tpp:131]   --->   Operation 100 'urem' 'urem_ln131' <Predicate = true> <Delay = 1.17> <CoreInst = "Divider">   --->   Core 6 'Divider' <Latency = 13> <II = 1> <Delay = 1.17> <FuncUnit> <Opcode : 'udiv' 'sdiv' 'urem' 'srem'> <InPorts = 2> <OutPorts = 1>

State 10 <SV = 9> <Delay = 2.92>
ST_10 : Operation 101 [2/8] (2.92ns)   --->   "%empty = readreq i1 @_ssdm_op_ReadReq.m_axi.p1i256, i64 %gmem_inout_addr, i64 960" [/home/hoinguyen/Downloads/GAN_HLS_ver2/GAN_HLS/gen/Hls_Layers.tpp:129]   --->   Operation 101 'readreq' 'empty' <Predicate = (first_iter_0)> <Delay = 2.92> <CoreInst = "m_axi">   --->   Core 119 'm_axi' <Latency = 6> <II = 1> <Delay = 1.00> <Adapter> <Opcode : 'read' 'write' 'readreq' 'writereq' 'writeresp'>
ST_10 : Operation 102 [5/14] (1.17ns)   --->   "%urem_ln131 = urem i10 %select_ln122, i10 60" [/home/hoinguyen/Downloads/GAN_HLS_ver2/GAN_HLS/gen/Hls_Layers.tpp:131]   --->   Operation 102 'urem' 'urem_ln131' <Predicate = true> <Delay = 1.17> <CoreInst = "Divider">   --->   Core 6 'Divider' <Latency = 13> <II = 1> <Delay = 1.17> <FuncUnit> <Opcode : 'udiv' 'sdiv' 'urem' 'srem'> <InPorts = 2> <OutPorts = 1>

State 11 <SV = 10> <Delay = 2.92>
ST_11 : Operation 103 [1/8] (2.92ns)   --->   "%empty = readreq i1 @_ssdm_op_ReadReq.m_axi.p1i256, i64 %gmem_inout_addr, i64 960" [/home/hoinguyen/Downloads/GAN_HLS_ver2/GAN_HLS/gen/Hls_Layers.tpp:129]   --->   Operation 103 'readreq' 'empty' <Predicate = (first_iter_0)> <Delay = 2.92> <CoreInst = "m_axi">   --->   Core 119 'm_axi' <Latency = 6> <II = 1> <Delay = 1.00> <Adapter> <Opcode : 'read' 'write' 'readreq' 'writereq' 'writeresp'>
ST_11 : Operation 104 [1/1] (0.00ns)   --->   "%br_ln129 = br void %for.inc.split" [/home/hoinguyen/Downloads/GAN_HLS_ver2/GAN_HLS/gen/Hls_Layers.tpp:129]   --->   Operation 104 'br' 'br_ln129' <Predicate = (first_iter_0)> <Delay = 0.00>
ST_11 : Operation 105 [4/14] (1.17ns)   --->   "%urem_ln131 = urem i10 %select_ln122, i10 60" [/home/hoinguyen/Downloads/GAN_HLS_ver2/GAN_HLS/gen/Hls_Layers.tpp:131]   --->   Operation 105 'urem' 'urem_ln131' <Predicate = true> <Delay = 1.17> <CoreInst = "Divider">   --->   Core 6 'Divider' <Latency = 13> <II = 1> <Delay = 1.17> <FuncUnit> <Opcode : 'udiv' 'sdiv' 'urem' 'srem'> <InPorts = 2> <OutPorts = 1>

State 12 <SV = 11> <Delay = 2.92>
ST_12 : Operation 106 [3/14] (1.17ns)   --->   "%urem_ln131 = urem i10 %select_ln122, i10 60" [/home/hoinguyen/Downloads/GAN_HLS_ver2/GAN_HLS/gen/Hls_Layers.tpp:131]   --->   Operation 106 'urem' 'urem_ln131' <Predicate = true> <Delay = 1.17> <CoreInst = "Divider">   --->   Core 6 'Divider' <Latency = 13> <II = 1> <Delay = 1.17> <FuncUnit> <Opcode : 'udiv' 'sdiv' 'urem' 'srem'> <InPorts = 2> <OutPorts = 1>
ST_12 : Operation 107 [1/1] (2.92ns)   --->   "%gmem_inout_addr_read = read i256 @_ssdm_op_Read.m_axi.p1i256, i64 %gmem_inout_addr" [/home/hoinguyen/Downloads/GAN_HLS_ver2/GAN_HLS/gen/Hls_Layers.tpp:131]   --->   Operation 107 'read' 'gmem_inout_addr_read' <Predicate = true> <Delay = 2.92> <CoreInst = "m_axi">   --->   Core 119 'm_axi' <Latency = 3> <II = 1> <Delay = 1.00> <Adapter> <Opcode : 'read' 'write' 'readreq' 'writereq' 'writeresp'>

State 13 <SV = 12> <Delay = 1.17>
ST_13 : Operation 108 [2/14] (1.17ns)   --->   "%urem_ln131 = urem i10 %select_ln122, i10 60" [/home/hoinguyen/Downloads/GAN_HLS_ver2/GAN_HLS/gen/Hls_Layers.tpp:131]   --->   Operation 108 'urem' 'urem_ln131' <Predicate = true> <Delay = 1.17> <CoreInst = "Divider">   --->   Core 6 'Divider' <Latency = 13> <II = 1> <Delay = 1.17> <FuncUnit> <Opcode : 'udiv' 'sdiv' 'urem' 'srem'> <InPorts = 2> <OutPorts = 1>

State 14 <SV = 13> <Delay = 2.22>
ST_14 : Operation 109 [1/1] (0.00ns)   --->   "%p_shl1 = bitconcatenate i8 @_ssdm_op_BitConcatenate.i8.i2.i6, i2 %select_ln122_1, i6 0" [/home/hoinguyen/Downloads/GAN_HLS_ver2/GAN_HLS/gen/Hls_Layers.tpp:131]   --->   Operation 109 'bitconcatenate' 'p_shl1' <Predicate = true> <Delay = 0.00>
ST_14 : Operation 110 [1/1] (0.00ns)   --->   "%tmp_9 = bitconcatenate i4 @_ssdm_op_BitConcatenate.i4.i2.i2, i2 %select_ln122_1, i2 0" [/home/hoinguyen/Downloads/GAN_HLS_ver2/GAN_HLS/gen/Hls_Layers.tpp:131]   --->   Operation 110 'bitconcatenate' 'tmp_9' <Predicate = true> <Delay = 0.00>
ST_14 : Operation 111 [1/1] (0.00ns)   --->   "%zext_ln131 = zext i4 %tmp_9" [/home/hoinguyen/Downloads/GAN_HLS_ver2/GAN_HLS/gen/Hls_Layers.tpp:131]   --->   Operation 111 'zext' 'zext_ln131' <Predicate = true> <Delay = 0.00>
ST_14 : Operation 112 [1/1] (0.00ns) (grouped into TernaryAdder)   --->   "%sub_ln131 = sub i8 %p_shl1, i8 %zext_ln131" [/home/hoinguyen/Downloads/GAN_HLS_ver2/GAN_HLS/gen/Hls_Layers.tpp:131]   --->   Operation 112 'sub' 'sub_ln131' <Predicate = true> <Delay = 0.00> <CoreInst = "TAddSub">   --->   Core 10 'TAddSub' <Latency = 0> <II = 1> <Delay = 0.52> <IPBlock> <Opcode : '' 'add' 'sub'> <InPorts = 3> <OutPorts = 1> <Sync> <CReg>
ST_14 : Operation 113 [1/14] (1.17ns)   --->   "%urem_ln131 = urem i10 %select_ln122, i10 60" [/home/hoinguyen/Downloads/GAN_HLS_ver2/GAN_HLS/gen/Hls_Layers.tpp:131]   --->   Operation 113 'urem' 'urem_ln131' <Predicate = true> <Delay = 1.17> <CoreInst = "Divider">   --->   Core 6 'Divider' <Latency = 13> <II = 1> <Delay = 1.17> <FuncUnit> <Opcode : 'udiv' 'sdiv' 'urem' 'srem'> <InPorts = 2> <OutPorts = 1>
ST_14 : Operation 114 [1/1] (0.00ns)   --->   "%trunc_ln131 = trunc i8 %urem_ln131" [/home/hoinguyen/Downloads/GAN_HLS_ver2/GAN_HLS/gen/Hls_Layers.tpp:131]   --->   Operation 114 'trunc' 'trunc_ln131' <Predicate = true> <Delay = 0.00>
ST_14 : Operation 115 [1/1] (1.05ns) (root node of TernaryAdder)   --->   "%add_ln131 = add i8 %sub_ln131, i8 %trunc_ln131" [/home/hoinguyen/Downloads/GAN_HLS_ver2/GAN_HLS/gen/Hls_Layers.tpp:131]   --->   Operation 115 'add' 'add_ln131' <Predicate = true> <Delay = 1.05> <CoreInst = "TAddSub">   --->   Core 10 'TAddSub' <Latency = 0> <II = 1> <Delay = 0.52> <IPBlock> <Opcode : '' 'add' 'sub'> <InPorts = 3> <OutPorts = 1> <Sync> <CReg>
ST_14 : Operation 166 [1/1] (0.42ns)   --->   "%ret_ln142 = ret" [/home/hoinguyen/Downloads/GAN_HLS_ver2/GAN_HLS/gen/Hls_Layers.tpp:142]   --->   Operation 166 'ret' 'ret_ln142' <Predicate = (icmp_ln122)> <Delay = 0.42>

State 15 <SV = 14> <Delay = 1.23>
ST_15 : Operation 116 [1/1] (0.00ns)   --->   "%specpipeline_ln130 = specpipeline void @_ssdm_op_SpecPipeline, i32 1, i32 0, i32 0, i32 0, void @empty_13" [/home/hoinguyen/Downloads/GAN_HLS_ver2/GAN_HLS/gen/Hls_Layers.tpp:130]   --->   Operation 116 'specpipeline' 'specpipeline_ln130' <Predicate = true> <Delay = 0.00>
ST_15 : Operation 117 [1/1] (0.00ns)   --->   "%zext_ln131_2 = zext i8 %add_ln131" [/home/hoinguyen/Downloads/GAN_HLS_ver2/GAN_HLS/gen/Hls_Layers.tpp:131]   --->   Operation 117 'zext' 'zext_ln131_2' <Predicate = true> <Delay = 0.00>
ST_15 : Operation 118 [1/1] (0.00ns)   --->   "%x_buf_256_0_addr = getelementptr i256 %x_buf_256_0, i64 0, i64 %zext_ln131_2" [/home/hoinguyen/Downloads/GAN_HLS_ver2/GAN_HLS/gen/Hls_Layers.tpp:131]   --->   Operation 118 'getelementptr' 'x_buf_256_0_addr' <Predicate = true> <Delay = 0.00>
ST_15 : Operation 119 [1/1] (0.00ns)   --->   "%x_buf_256_1_addr = getelementptr i256 %x_buf_256_1, i64 0, i64 %zext_ln131_2" [/home/hoinguyen/Downloads/GAN_HLS_ver2/GAN_HLS/gen/Hls_Layers.tpp:131]   --->   Operation 119 'getelementptr' 'x_buf_256_1_addr' <Predicate = true> <Delay = 0.00>
ST_15 : Operation 120 [1/1] (0.00ns)   --->   "%x_buf_256_2_addr = getelementptr i256 %x_buf_256_2, i64 0, i64 %zext_ln131_2" [/home/hoinguyen/Downloads/GAN_HLS_ver2/GAN_HLS/gen/Hls_Layers.tpp:131]   --->   Operation 120 'getelementptr' 'x_buf_256_2_addr' <Predicate = true> <Delay = 0.00>
ST_15 : Operation 121 [1/1] (0.00ns)   --->   "%x_buf_256_3_addr = getelementptr i256 %x_buf_256_3, i64 0, i64 %zext_ln131_2" [/home/hoinguyen/Downloads/GAN_HLS_ver2/GAN_HLS/gen/Hls_Layers.tpp:131]   --->   Operation 121 'getelementptr' 'x_buf_256_3_addr' <Predicate = true> <Delay = 0.00>
ST_15 : Operation 122 [1/1] (0.00ns)   --->   "%x_buf_256_4_addr = getelementptr i256 %x_buf_256_4, i64 0, i64 %zext_ln131_2" [/home/hoinguyen/Downloads/GAN_HLS_ver2/GAN_HLS/gen/Hls_Layers.tpp:131]   --->   Operation 122 'getelementptr' 'x_buf_256_4_addr' <Predicate = true> <Delay = 0.00>
ST_15 : Operation 123 [1/1] (0.00ns)   --->   "%x_buf_256_5_addr = getelementptr i256 %x_buf_256_5, i64 0, i64 %zext_ln131_2" [/home/hoinguyen/Downloads/GAN_HLS_ver2/GAN_HLS/gen/Hls_Layers.tpp:131]   --->   Operation 123 'getelementptr' 'x_buf_256_5_addr' <Predicate = true> <Delay = 0.00>
ST_15 : Operation 124 [1/1] (0.00ns)   --->   "%x_buf_256_6_addr = getelementptr i256 %x_buf_256_6, i64 0, i64 %zext_ln131_2" [/home/hoinguyen/Downloads/GAN_HLS_ver2/GAN_HLS/gen/Hls_Layers.tpp:131]   --->   Operation 124 'getelementptr' 'x_buf_256_6_addr' <Predicate = true> <Delay = 0.00>
ST_15 : Operation 125 [1/1] (0.00ns)   --->   "%x_buf_256_7_addr = getelementptr i256 %x_buf_256_7, i64 0, i64 %zext_ln131_2" [/home/hoinguyen/Downloads/GAN_HLS_ver2/GAN_HLS/gen/Hls_Layers.tpp:131]   --->   Operation 125 'getelementptr' 'x_buf_256_7_addr' <Predicate = true> <Delay = 0.00>
ST_15 : Operation 126 [1/1] (0.00ns)   --->   "%x_buf_256_8_addr = getelementptr i256 %x_buf_256_8, i64 0, i64 %zext_ln131_2" [/home/hoinguyen/Downloads/GAN_HLS_ver2/GAN_HLS/gen/Hls_Layers.tpp:131]   --->   Operation 126 'getelementptr' 'x_buf_256_8_addr' <Predicate = true> <Delay = 0.00>
ST_15 : Operation 127 [1/1] (0.00ns)   --->   "%x_buf_256_9_addr = getelementptr i256 %x_buf_256_9, i64 0, i64 %zext_ln131_2" [/home/hoinguyen/Downloads/GAN_HLS_ver2/GAN_HLS/gen/Hls_Layers.tpp:131]   --->   Operation 127 'getelementptr' 'x_buf_256_9_addr' <Predicate = true> <Delay = 0.00>
ST_15 : Operation 128 [1/1] (0.00ns)   --->   "%x_buf_256_10_addr = getelementptr i256 %x_buf_256_10, i64 0, i64 %zext_ln131_2" [/home/hoinguyen/Downloads/GAN_HLS_ver2/GAN_HLS/gen/Hls_Layers.tpp:131]   --->   Operation 128 'getelementptr' 'x_buf_256_10_addr' <Predicate = true> <Delay = 0.00>
ST_15 : Operation 129 [1/1] (0.00ns)   --->   "%x_buf_256_11_addr = getelementptr i256 %x_buf_256_11, i64 0, i64 %zext_ln131_2" [/home/hoinguyen/Downloads/GAN_HLS_ver2/GAN_HLS/gen/Hls_Layers.tpp:131]   --->   Operation 129 'getelementptr' 'x_buf_256_11_addr' <Predicate = true> <Delay = 0.00>
ST_15 : Operation 130 [1/1] (0.00ns)   --->   "%x_buf_256_12_addr = getelementptr i256 %x_buf_256_12, i64 0, i64 %zext_ln131_2" [/home/hoinguyen/Downloads/GAN_HLS_ver2/GAN_HLS/gen/Hls_Layers.tpp:131]   --->   Operation 130 'getelementptr' 'x_buf_256_12_addr' <Predicate = true> <Delay = 0.00>
ST_15 : Operation 131 [1/1] (0.00ns)   --->   "%x_buf_256_13_addr = getelementptr i256 %x_buf_256_13, i64 0, i64 %zext_ln131_2" [/home/hoinguyen/Downloads/GAN_HLS_ver2/GAN_HLS/gen/Hls_Layers.tpp:131]   --->   Operation 131 'getelementptr' 'x_buf_256_13_addr' <Predicate = true> <Delay = 0.00>
ST_15 : Operation 132 [1/1] (0.00ns)   --->   "%x_buf_256_14_addr = getelementptr i256 %x_buf_256_14, i64 0, i64 %zext_ln131_2" [/home/hoinguyen/Downloads/GAN_HLS_ver2/GAN_HLS/gen/Hls_Layers.tpp:131]   --->   Operation 132 'getelementptr' 'x_buf_256_14_addr' <Predicate = true> <Delay = 0.00>
ST_15 : Operation 133 [1/1] (0.00ns)   --->   "%x_buf_256_15_addr = getelementptr i256 %x_buf_256_15, i64 0, i64 %zext_ln131_2" [/home/hoinguyen/Downloads/GAN_HLS_ver2/GAN_HLS/gen/Hls_Layers.tpp:131]   --->   Operation 133 'getelementptr' 'x_buf_256_15_addr' <Predicate = true> <Delay = 0.00>
ST_15 : Operation 134 [1/1] ( I:1.23ns O:1.23ns )   --->   "%store_ln131 = store i256 %gmem_inout_addr_read, i8 %x_buf_256_14_addr" [/home/hoinguyen/Downloads/GAN_HLS_ver2/GAN_HLS/gen/Hls_Layers.tpp:131]   --->   Operation 134 'store' 'store_ln131' <Predicate = (trunc_ln131_2 == 14)> <Delay = 1.23> <CoreInst = "RAM_2P_BRAM">   --->   Core 93 'RAM_2P_BRAM' <Latency = 1> <II = 1> <Delay = 1.23> <Storage> <Opcode : 'load' 'store'> <Ports = 2> <Width = 256> <Depth = 240> <RAM>
ST_15 : Operation 135 [1/1] (0.00ns)   --->   "%br_ln131 = br void %arrayidx2122.exit" [/home/hoinguyen/Downloads/GAN_HLS_ver2/GAN_HLS/gen/Hls_Layers.tpp:131]   --->   Operation 135 'br' 'br_ln131' <Predicate = (trunc_ln131_2 == 14)> <Delay = 0.00>
ST_15 : Operation 136 [1/1] ( I:1.23ns O:1.23ns )   --->   "%store_ln131 = store i256 %gmem_inout_addr_read, i8 %x_buf_256_13_addr" [/home/hoinguyen/Downloads/GAN_HLS_ver2/GAN_HLS/gen/Hls_Layers.tpp:131]   --->   Operation 136 'store' 'store_ln131' <Predicate = (trunc_ln131_2 == 13)> <Delay = 1.23> <CoreInst = "RAM_2P_BRAM">   --->   Core 93 'RAM_2P_BRAM' <Latency = 1> <II = 1> <Delay = 1.23> <Storage> <Opcode : 'load' 'store'> <Ports = 2> <Width = 256> <Depth = 240> <RAM>
ST_15 : Operation 137 [1/1] (0.00ns)   --->   "%br_ln131 = br void %arrayidx2122.exit" [/home/hoinguyen/Downloads/GAN_HLS_ver2/GAN_HLS/gen/Hls_Layers.tpp:131]   --->   Operation 137 'br' 'br_ln131' <Predicate = (trunc_ln131_2 == 13)> <Delay = 0.00>
ST_15 : Operation 138 [1/1] ( I:1.23ns O:1.23ns )   --->   "%store_ln131 = store i256 %gmem_inout_addr_read, i8 %x_buf_256_12_addr" [/home/hoinguyen/Downloads/GAN_HLS_ver2/GAN_HLS/gen/Hls_Layers.tpp:131]   --->   Operation 138 'store' 'store_ln131' <Predicate = (trunc_ln131_2 == 12)> <Delay = 1.23> <CoreInst = "RAM_2P_BRAM">   --->   Core 93 'RAM_2P_BRAM' <Latency = 1> <II = 1> <Delay = 1.23> <Storage> <Opcode : 'load' 'store'> <Ports = 2> <Width = 256> <Depth = 240> <RAM>
ST_15 : Operation 139 [1/1] (0.00ns)   --->   "%br_ln131 = br void %arrayidx2122.exit" [/home/hoinguyen/Downloads/GAN_HLS_ver2/GAN_HLS/gen/Hls_Layers.tpp:131]   --->   Operation 139 'br' 'br_ln131' <Predicate = (trunc_ln131_2 == 12)> <Delay = 0.00>
ST_15 : Operation 140 [1/1] ( I:1.23ns O:1.23ns )   --->   "%store_ln131 = store i256 %gmem_inout_addr_read, i8 %x_buf_256_11_addr" [/home/hoinguyen/Downloads/GAN_HLS_ver2/GAN_HLS/gen/Hls_Layers.tpp:131]   --->   Operation 140 'store' 'store_ln131' <Predicate = (trunc_ln131_2 == 11)> <Delay = 1.23> <CoreInst = "RAM_2P_BRAM">   --->   Core 93 'RAM_2P_BRAM' <Latency = 1> <II = 1> <Delay = 1.23> <Storage> <Opcode : 'load' 'store'> <Ports = 2> <Width = 256> <Depth = 240> <RAM>
ST_15 : Operation 141 [1/1] (0.00ns)   --->   "%br_ln131 = br void %arrayidx2122.exit" [/home/hoinguyen/Downloads/GAN_HLS_ver2/GAN_HLS/gen/Hls_Layers.tpp:131]   --->   Operation 141 'br' 'br_ln131' <Predicate = (trunc_ln131_2 == 11)> <Delay = 0.00>
ST_15 : Operation 142 [1/1] ( I:1.23ns O:1.23ns )   --->   "%store_ln131 = store i256 %gmem_inout_addr_read, i8 %x_buf_256_10_addr" [/home/hoinguyen/Downloads/GAN_HLS_ver2/GAN_HLS/gen/Hls_Layers.tpp:131]   --->   Operation 142 'store' 'store_ln131' <Predicate = (trunc_ln131_2 == 10)> <Delay = 1.23> <CoreInst = "RAM_2P_BRAM">   --->   Core 93 'RAM_2P_BRAM' <Latency = 1> <II = 1> <Delay = 1.23> <Storage> <Opcode : 'load' 'store'> <Ports = 2> <Width = 256> <Depth = 240> <RAM>
ST_15 : Operation 143 [1/1] (0.00ns)   --->   "%br_ln131 = br void %arrayidx2122.exit" [/home/hoinguyen/Downloads/GAN_HLS_ver2/GAN_HLS/gen/Hls_Layers.tpp:131]   --->   Operation 143 'br' 'br_ln131' <Predicate = (trunc_ln131_2 == 10)> <Delay = 0.00>
ST_15 : Operation 144 [1/1] ( I:1.23ns O:1.23ns )   --->   "%store_ln131 = store i256 %gmem_inout_addr_read, i8 %x_buf_256_9_addr" [/home/hoinguyen/Downloads/GAN_HLS_ver2/GAN_HLS/gen/Hls_Layers.tpp:131]   --->   Operation 144 'store' 'store_ln131' <Predicate = (trunc_ln131_2 == 9)> <Delay = 1.23> <CoreInst = "RAM_2P_BRAM">   --->   Core 93 'RAM_2P_BRAM' <Latency = 1> <II = 1> <Delay = 1.23> <Storage> <Opcode : 'load' 'store'> <Ports = 2> <Width = 256> <Depth = 240> <RAM>
ST_15 : Operation 145 [1/1] (0.00ns)   --->   "%br_ln131 = br void %arrayidx2122.exit" [/home/hoinguyen/Downloads/GAN_HLS_ver2/GAN_HLS/gen/Hls_Layers.tpp:131]   --->   Operation 145 'br' 'br_ln131' <Predicate = (trunc_ln131_2 == 9)> <Delay = 0.00>
ST_15 : Operation 146 [1/1] ( I:1.23ns O:1.23ns )   --->   "%store_ln131 = store i256 %gmem_inout_addr_read, i8 %x_buf_256_8_addr" [/home/hoinguyen/Downloads/GAN_HLS_ver2/GAN_HLS/gen/Hls_Layers.tpp:131]   --->   Operation 146 'store' 'store_ln131' <Predicate = (trunc_ln131_2 == 8)> <Delay = 1.23> <CoreInst = "RAM_2P_BRAM">   --->   Core 93 'RAM_2P_BRAM' <Latency = 1> <II = 1> <Delay = 1.23> <Storage> <Opcode : 'load' 'store'> <Ports = 2> <Width = 256> <Depth = 240> <RAM>
ST_15 : Operation 147 [1/1] (0.00ns)   --->   "%br_ln131 = br void %arrayidx2122.exit" [/home/hoinguyen/Downloads/GAN_HLS_ver2/GAN_HLS/gen/Hls_Layers.tpp:131]   --->   Operation 147 'br' 'br_ln131' <Predicate = (trunc_ln131_2 == 8)> <Delay = 0.00>
ST_15 : Operation 148 [1/1] ( I:1.23ns O:1.23ns )   --->   "%store_ln131 = store i256 %gmem_inout_addr_read, i8 %x_buf_256_7_addr" [/home/hoinguyen/Downloads/GAN_HLS_ver2/GAN_HLS/gen/Hls_Layers.tpp:131]   --->   Operation 148 'store' 'store_ln131' <Predicate = (trunc_ln131_2 == 7)> <Delay = 1.23> <CoreInst = "RAM_2P_BRAM">   --->   Core 93 'RAM_2P_BRAM' <Latency = 1> <II = 1> <Delay = 1.23> <Storage> <Opcode : 'load' 'store'> <Ports = 2> <Width = 256> <Depth = 240> <RAM>
ST_15 : Operation 149 [1/1] (0.00ns)   --->   "%br_ln131 = br void %arrayidx2122.exit" [/home/hoinguyen/Downloads/GAN_HLS_ver2/GAN_HLS/gen/Hls_Layers.tpp:131]   --->   Operation 149 'br' 'br_ln131' <Predicate = (trunc_ln131_2 == 7)> <Delay = 0.00>
ST_15 : Operation 150 [1/1] ( I:1.23ns O:1.23ns )   --->   "%store_ln131 = store i256 %gmem_inout_addr_read, i8 %x_buf_256_6_addr" [/home/hoinguyen/Downloads/GAN_HLS_ver2/GAN_HLS/gen/Hls_Layers.tpp:131]   --->   Operation 150 'store' 'store_ln131' <Predicate = (trunc_ln131_2 == 6)> <Delay = 1.23> <CoreInst = "RAM_2P_BRAM">   --->   Core 93 'RAM_2P_BRAM' <Latency = 1> <II = 1> <Delay = 1.23> <Storage> <Opcode : 'load' 'store'> <Ports = 2> <Width = 256> <Depth = 240> <RAM>
ST_15 : Operation 151 [1/1] (0.00ns)   --->   "%br_ln131 = br void %arrayidx2122.exit" [/home/hoinguyen/Downloads/GAN_HLS_ver2/GAN_HLS/gen/Hls_Layers.tpp:131]   --->   Operation 151 'br' 'br_ln131' <Predicate = (trunc_ln131_2 == 6)> <Delay = 0.00>
ST_15 : Operation 152 [1/1] ( I:1.23ns O:1.23ns )   --->   "%store_ln131 = store i256 %gmem_inout_addr_read, i8 %x_buf_256_5_addr" [/home/hoinguyen/Downloads/GAN_HLS_ver2/GAN_HLS/gen/Hls_Layers.tpp:131]   --->   Operation 152 'store' 'store_ln131' <Predicate = (trunc_ln131_2 == 5)> <Delay = 1.23> <CoreInst = "RAM_2P_BRAM">   --->   Core 93 'RAM_2P_BRAM' <Latency = 1> <II = 1> <Delay = 1.23> <Storage> <Opcode : 'load' 'store'> <Ports = 2> <Width = 256> <Depth = 240> <RAM>
ST_15 : Operation 153 [1/1] (0.00ns)   --->   "%br_ln131 = br void %arrayidx2122.exit" [/home/hoinguyen/Downloads/GAN_HLS_ver2/GAN_HLS/gen/Hls_Layers.tpp:131]   --->   Operation 153 'br' 'br_ln131' <Predicate = (trunc_ln131_2 == 5)> <Delay = 0.00>
ST_15 : Operation 154 [1/1] ( I:1.23ns O:1.23ns )   --->   "%store_ln131 = store i256 %gmem_inout_addr_read, i8 %x_buf_256_4_addr" [/home/hoinguyen/Downloads/GAN_HLS_ver2/GAN_HLS/gen/Hls_Layers.tpp:131]   --->   Operation 154 'store' 'store_ln131' <Predicate = (trunc_ln131_2 == 4)> <Delay = 1.23> <CoreInst = "RAM_2P_BRAM">   --->   Core 93 'RAM_2P_BRAM' <Latency = 1> <II = 1> <Delay = 1.23> <Storage> <Opcode : 'load' 'store'> <Ports = 2> <Width = 256> <Depth = 240> <RAM>
ST_15 : Operation 155 [1/1] (0.00ns)   --->   "%br_ln131 = br void %arrayidx2122.exit" [/home/hoinguyen/Downloads/GAN_HLS_ver2/GAN_HLS/gen/Hls_Layers.tpp:131]   --->   Operation 155 'br' 'br_ln131' <Predicate = (trunc_ln131_2 == 4)> <Delay = 0.00>
ST_15 : Operation 156 [1/1] ( I:1.23ns O:1.23ns )   --->   "%store_ln131 = store i256 %gmem_inout_addr_read, i8 %x_buf_256_3_addr" [/home/hoinguyen/Downloads/GAN_HLS_ver2/GAN_HLS/gen/Hls_Layers.tpp:131]   --->   Operation 156 'store' 'store_ln131' <Predicate = (trunc_ln131_2 == 3)> <Delay = 1.23> <CoreInst = "RAM_2P_BRAM">   --->   Core 93 'RAM_2P_BRAM' <Latency = 1> <II = 1> <Delay = 1.23> <Storage> <Opcode : 'load' 'store'> <Ports = 2> <Width = 256> <Depth = 240> <RAM>
ST_15 : Operation 157 [1/1] (0.00ns)   --->   "%br_ln131 = br void %arrayidx2122.exit" [/home/hoinguyen/Downloads/GAN_HLS_ver2/GAN_HLS/gen/Hls_Layers.tpp:131]   --->   Operation 157 'br' 'br_ln131' <Predicate = (trunc_ln131_2 == 3)> <Delay = 0.00>
ST_15 : Operation 158 [1/1] ( I:1.23ns O:1.23ns )   --->   "%store_ln131 = store i256 %gmem_inout_addr_read, i8 %x_buf_256_2_addr" [/home/hoinguyen/Downloads/GAN_HLS_ver2/GAN_HLS/gen/Hls_Layers.tpp:131]   --->   Operation 158 'store' 'store_ln131' <Predicate = (trunc_ln131_2 == 2)> <Delay = 1.23> <CoreInst = "RAM_2P_BRAM">   --->   Core 93 'RAM_2P_BRAM' <Latency = 1> <II = 1> <Delay = 1.23> <Storage> <Opcode : 'load' 'store'> <Ports = 2> <Width = 256> <Depth = 240> <RAM>
ST_15 : Operation 159 [1/1] (0.00ns)   --->   "%br_ln131 = br void %arrayidx2122.exit" [/home/hoinguyen/Downloads/GAN_HLS_ver2/GAN_HLS/gen/Hls_Layers.tpp:131]   --->   Operation 159 'br' 'br_ln131' <Predicate = (trunc_ln131_2 == 2)> <Delay = 0.00>
ST_15 : Operation 160 [1/1] ( I:1.23ns O:1.23ns )   --->   "%store_ln131 = store i256 %gmem_inout_addr_read, i8 %x_buf_256_1_addr" [/home/hoinguyen/Downloads/GAN_HLS_ver2/GAN_HLS/gen/Hls_Layers.tpp:131]   --->   Operation 160 'store' 'store_ln131' <Predicate = (trunc_ln131_2 == 1)> <Delay = 1.23> <CoreInst = "RAM_2P_BRAM">   --->   Core 93 'RAM_2P_BRAM' <Latency = 1> <II = 1> <Delay = 1.23> <Storage> <Opcode : 'load' 'store'> <Ports = 2> <Width = 256> <Depth = 240> <RAM>
ST_15 : Operation 161 [1/1] (0.00ns)   --->   "%br_ln131 = br void %arrayidx2122.exit" [/home/hoinguyen/Downloads/GAN_HLS_ver2/GAN_HLS/gen/Hls_Layers.tpp:131]   --->   Operation 161 'br' 'br_ln131' <Predicate = (trunc_ln131_2 == 1)> <Delay = 0.00>
ST_15 : Operation 162 [1/1] ( I:1.23ns O:1.23ns )   --->   "%store_ln131 = store i256 %gmem_inout_addr_read, i8 %x_buf_256_0_addr" [/home/hoinguyen/Downloads/GAN_HLS_ver2/GAN_HLS/gen/Hls_Layers.tpp:131]   --->   Operation 162 'store' 'store_ln131' <Predicate = (trunc_ln131_2 == 0)> <Delay = 1.23> <CoreInst = "RAM_2P_BRAM">   --->   Core 93 'RAM_2P_BRAM' <Latency = 1> <II = 1> <Delay = 1.23> <Storage> <Opcode : 'load' 'store'> <Ports = 2> <Width = 256> <Depth = 240> <RAM>
ST_15 : Operation 163 [1/1] (0.00ns)   --->   "%br_ln131 = br void %arrayidx2122.exit" [/home/hoinguyen/Downloads/GAN_HLS_ver2/GAN_HLS/gen/Hls_Layers.tpp:131]   --->   Operation 163 'br' 'br_ln131' <Predicate = (trunc_ln131_2 == 0)> <Delay = 0.00>
ST_15 : Operation 164 [1/1] ( I:1.23ns O:1.23ns )   --->   "%store_ln131 = store i256 %gmem_inout_addr_read, i8 %x_buf_256_15_addr" [/home/hoinguyen/Downloads/GAN_HLS_ver2/GAN_HLS/gen/Hls_Layers.tpp:131]   --->   Operation 164 'store' 'store_ln131' <Predicate = (trunc_ln131_2 == 15)> <Delay = 1.23> <CoreInst = "RAM_2P_BRAM">   --->   Core 93 'RAM_2P_BRAM' <Latency = 1> <II = 1> <Delay = 1.23> <Storage> <Opcode : 'load' 'store'> <Ports = 2> <Width = 256> <Depth = 240> <RAM>
ST_15 : Operation 165 [1/1] (0.00ns)   --->   "%br_ln131 = br void %arrayidx2122.exit" [/home/hoinguyen/Downloads/GAN_HLS_ver2/GAN_HLS/gen/Hls_Layers.tpp:131]   --->   Operation 165 'br' 'br_ln131' <Predicate = (trunc_ln131_2 == 15)> <Delay = 0.00>


============================================================
+ Verbose Summary: Binding
============================================================
STG Binding: 
---------------- STG Properties BEGIN ----------------
- Is combinational: 0
- Is one-state seq: 0
- Is datapath-only: 0
- Is pipelined: 0
- Is top level: 0
Port [ Return ] is wired: 1; IO mode=ap_ctrl_hs:ce=0
Port [ gmem_inout]:  wired=1; compound=1; hidden=0; nouse=0; global=0; static=0; extern=0; dir=0; type=4; pingpong=0; private_global=0; IO mode=m_axi:ce=0
Port [ X_ptr]:  wired=1; compound=0; hidden=0; nouse=0; global=0; static=0; extern=0; dir=0; type=0; pingpong=0; private_global=0; IO mode=ap_none:ce=0
Port [ x_buf_256_0]:  wired=1; compound=1; hidden=0; nouse=0; global=0; static=0; extern=0; dir=1; type=1; pingpong=0; private_global=0; MemPort=[30]; IO mode=ap_memory:ce=0
Port [ x_buf_256_1]:  wired=1; compound=1; hidden=0; nouse=0; global=0; static=0; extern=0; dir=1; type=1; pingpong=0; private_global=0; MemPort=[30]; IO mode=ap_memory:ce=0
Port [ x_buf_256_2]:  wired=1; compound=1; hidden=0; nouse=0; global=0; static=0; extern=0; dir=1; type=1; pingpong=0; private_global=0; MemPort=[30]; IO mode=ap_memory:ce=0
Port [ x_buf_256_3]:  wired=1; compound=1; hidden=0; nouse=0; global=0; static=0; extern=0; dir=1; type=1; pingpong=0; private_global=0; MemPort=[30]; IO mode=ap_memory:ce=0
Port [ x_buf_256_4]:  wired=1; compound=1; hidden=0; nouse=0; global=0; static=0; extern=0; dir=1; type=1; pingpong=0; private_global=0; MemPort=[30]; IO mode=ap_memory:ce=0
Port [ x_buf_256_5]:  wired=1; compound=1; hidden=0; nouse=0; global=0; static=0; extern=0; dir=1; type=1; pingpong=0; private_global=0; MemPort=[30]; IO mode=ap_memory:ce=0
Port [ x_buf_256_6]:  wired=1; compound=1; hidden=0; nouse=0; global=0; static=0; extern=0; dir=1; type=1; pingpong=0; private_global=0; MemPort=[30]; IO mode=ap_memory:ce=0
Port [ x_buf_256_7]:  wired=1; compound=1; hidden=0; nouse=0; global=0; static=0; extern=0; dir=1; type=1; pingpong=0; private_global=0; MemPort=[30]; IO mode=ap_memory:ce=0
Port [ x_buf_256_8]:  wired=1; compound=1; hidden=0; nouse=0; global=0; static=0; extern=0; dir=1; type=1; pingpong=0; private_global=0; MemPort=[30]; IO mode=ap_memory:ce=0
Port [ x_buf_256_9]:  wired=1; compound=1; hidden=0; nouse=0; global=0; static=0; extern=0; dir=1; type=1; pingpong=0; private_global=0; MemPort=[30]; IO mode=ap_memory:ce=0
Port [ x_buf_256_10]:  wired=1; compound=1; hidden=0; nouse=0; global=0; static=0; extern=0; dir=1; type=1; pingpong=0; private_global=0; MemPort=[30]; IO mode=ap_memory:ce=0
Port [ x_buf_256_11]:  wired=1; compound=1; hidden=0; nouse=0; global=0; static=0; extern=0; dir=1; type=1; pingpong=0; private_global=0; MemPort=[30]; IO mode=ap_memory:ce=0
Port [ x_buf_256_12]:  wired=1; compound=1; hidden=0; nouse=0; global=0; static=0; extern=0; dir=1; type=1; pingpong=0; private_global=0; MemPort=[30]; IO mode=ap_memory:ce=0
Port [ x_buf_256_13]:  wired=1; compound=1; hidden=0; nouse=0; global=0; static=0; extern=0; dir=1; type=1; pingpong=0; private_global=0; MemPort=[30]; IO mode=ap_memory:ce=0
Port [ x_buf_256_14]:  wired=1; compound=1; hidden=0; nouse=0; global=0; static=0; extern=0; dir=1; type=1; pingpong=0; private_global=0; MemPort=[30]; IO mode=ap_memory:ce=0
Port [ x_buf_256_15]:  wired=1; compound=1; hidden=0; nouse=0; global=0; static=0; extern=0; dir=1; type=1; pingpong=0; private_global=0; MemPort=[30]; IO mode=ap_memory:ce=0
---------------- STG Properties END ------------------

---------------- Datapath Model BEGIN ----------------

<LifeTime>
<method=bitvector/>
i                     (alloca           ) [ 0100000000000000]
slot                  (alloca           ) [ 0110000000000000]
indvar_flatten        (alloca           ) [ 0100000000000000]
specmemcore_ln0       (specmemcore      ) [ 0000000000000000]
specmemcore_ln0       (specmemcore      ) [ 0000000000000000]
specmemcore_ln0       (specmemcore      ) [ 0000000000000000]
specmemcore_ln0       (specmemcore      ) [ 0000000000000000]
specmemcore_ln0       (specmemcore      ) [ 0000000000000000]
specmemcore_ln0       (specmemcore      ) [ 0000000000000000]
specmemcore_ln0       (specmemcore      ) [ 0000000000000000]
specmemcore_ln0       (specmemcore      ) [ 0000000000000000]
specmemcore_ln0       (specmemcore      ) [ 0000000000000000]
specmemcore_ln0       (specmemcore      ) [ 0000000000000000]
specmemcore_ln0       (specmemcore      ) [ 0000000000000000]
specmemcore_ln0       (specmemcore      ) [ 0000000000000000]
specmemcore_ln0       (specmemcore      ) [ 0000000000000000]
specmemcore_ln0       (specmemcore      ) [ 0000000000000000]
specmemcore_ln0       (specmemcore      ) [ 0000000000000000]
specmemcore_ln0       (specmemcore      ) [ 0000000000000000]
specinterface_ln0     (specinterface    ) [ 0000000000000000]
X_ptr_read            (read             ) [ 0111000000000000]
store_ln0             (store            ) [ 0000000000000000]
store_ln126           (store            ) [ 0000000000000000]
store_ln129           (store            ) [ 0000000000000000]
br_ln122              (br               ) [ 0000000000000000]
indvar_flatten_load   (load             ) [ 0000000000000000]
icmp_ln122            (icmp             ) [ 0111111111111110]
add_ln122             (add              ) [ 0000000000000000]
br_ln122              (br               ) [ 0000000000000000]
i_load                (load             ) [ 0000000000000000]
icmp_ln129            (icmp             ) [ 0110000000000000]
select_ln122          (select           ) [ 0111111111111110]
first_iter_0          (icmp             ) [ 0111111111110000]
br_ln129              (br               ) [ 0000000000000000]
add_ln129_2           (add              ) [ 0000000000000000]
store_ln122           (store            ) [ 0000000000000000]
store_ln129           (store            ) [ 0000000000000000]
slot_load             (load             ) [ 0000000000000000]
row_init              (add              ) [ 0000000000000000]
select_ln122_1        (select           ) [ 0101111111111110]
add_ln123             (add              ) [ 0000000000000000]
tmp_6                 (bitselect        ) [ 0000000000000000]
sub_ln125             (sub              ) [ 0000000000000000]
select_ln125          (select           ) [ 0000000000000000]
p_shl                 (bitconcatenate   ) [ 0000000000000000]
tmp_7                 (bitconcatenate   ) [ 0000000000000000]
sext_ln53             (sext             ) [ 0000000000000000]
sub_ln53              (sub              ) [ 0101000000000000]
zext_ln131_1          (zext             ) [ 0000000000000000]
mul_ln131             (mul              ) [ 0000000000000000]
trunc_ln131_2         (partselect       ) [ 0101111111111111]
store_ln126           (store            ) [ 0000000000000000]
br_ln129              (br               ) [ 0000000000000000]
tmp_8                 (bitselect        ) [ 0000000000000000]
p_neg                 (sub              ) [ 0000000000000000]
tmp                   (partselect       ) [ 0000000000000000]
p_neg_t               (sub              ) [ 0000000000000000]
tmp_3                 (partselect       ) [ 0000000000000000]
empty_56              (select           ) [ 0000000000000000]
shl_ln                (bitconcatenate   ) [ 0000000000000000]
sext_ln129            (sext             ) [ 0000000000000000]
add_ln129             (add              ) [ 0000000000000000]
trunc_ln              (partselect       ) [ 0100100000000000]
switch_ln131          (switch           ) [ 0000000000000000]
specloopname_ln0      (specloopname     ) [ 0000000000000000]
speclooptripcount_ln0 (speclooptripcount) [ 0000000000000000]
sext_ln129_2          (sext             ) [ 0000000000000000]
gmem_inout_addr       (getelementptr    ) [ 0100011111111000]
empty                 (readreq          ) [ 0000000000000000]
br_ln129              (br               ) [ 0000000000000000]
gmem_inout_addr_read  (read             ) [ 0100000000000111]
p_shl1                (bitconcatenate   ) [ 0000000000000000]
tmp_9                 (bitconcatenate   ) [ 0000000000000000]
zext_ln131            (zext             ) [ 0000000000000000]
sub_ln131             (sub              ) [ 0000000000000000]
urem_ln131            (urem             ) [ 0000000000000000]
trunc_ln131           (trunc            ) [ 0000000000000000]
add_ln131             (add              ) [ 0100000000000001]
specpipeline_ln130    (specpipeline     ) [ 0000000000000000]
zext_ln131_2          (zext             ) [ 0000000000000000]
x_buf_256_0_addr      (getelementptr    ) [ 0000000000000000]
x_buf_256_1_addr      (getelementptr    ) [ 0000000000000000]
x_buf_256_2_addr      (getelementptr    ) [ 0000000000000000]
x_buf_256_3_addr      (getelementptr    ) [ 0000000000000000]
x_buf_256_4_addr      (getelementptr    ) [ 0000000000000000]
x_buf_256_5_addr      (getelementptr    ) [ 0000000000000000]
x_buf_256_6_addr      (getelementptr    ) [ 0000000000000000]
x_buf_256_7_addr      (getelementptr    ) [ 0000000000000000]
x_buf_256_8_addr      (getelementptr    ) [ 0000000000000000]
x_buf_256_9_addr      (getelementptr    ) [ 0000000000000000]
x_buf_256_10_addr     (getelementptr    ) [ 0000000000000000]
x_buf_256_11_addr     (getelementptr    ) [ 0000000000000000]
x_buf_256_12_addr     (getelementptr    ) [ 0000000000000000]
x_buf_256_13_addr     (getelementptr    ) [ 0000000000000000]
x_buf_256_14_addr     (getelementptr    ) [ 0000000000000000]
x_buf_256_15_addr     (getelementptr    ) [ 0000000000000000]
store_ln131           (store            ) [ 0000000000000000]
br_ln131              (br               ) [ 0000000000000000]
store_ln131           (store            ) [ 0000000000000000]
br_ln131              (br               ) [ 0000000000000000]
store_ln131           (store            ) [ 0000000000000000]
br_ln131              (br               ) [ 0000000000000000]
store_ln131           (store            ) [ 0000000000000000]
br_ln131              (br               ) [ 0000000000000000]
store_ln131           (store            ) [ 0000000000000000]
br_ln131              (br               ) [ 0000000000000000]
store_ln131           (store            ) [ 0000000000000000]
br_ln131              (br               ) [ 0000000000000000]
store_ln131           (store            ) [ 0000000000000000]
br_ln131              (br               ) [ 0000000000000000]
store_ln131           (store            ) [ 0000000000000000]
br_ln131              (br               ) [ 0000000000000000]
store_ln131           (store            ) [ 0000000000000000]
br_ln131              (br               ) [ 0000000000000000]
store_ln131           (store            ) [ 0000000000000000]
br_ln131              (br               ) [ 0000000000000000]
store_ln131           (store            ) [ 0000000000000000]
br_ln131              (br               ) [ 0000000000000000]
store_ln131           (store            ) [ 0000000000000000]
br_ln131              (br               ) [ 0000000000000000]
store_ln131           (store            ) [ 0000000000000000]
br_ln131              (br               ) [ 0000000000000000]
store_ln131           (store            ) [ 0000000000000000]
br_ln131              (br               ) [ 0000000000000000]
store_ln131           (store            ) [ 0000000000000000]
br_ln131              (br               ) [ 0000000000000000]
store_ln131           (store            ) [ 0000000000000000]
br_ln131              (br               ) [ 0000000000000000]
ret_ln142             (ret              ) [ 0000000000000000]
</LifeTime>

<model>

<comp_list>
<comp id="0" class="1000" name="gmem_inout">
<pin_list>
<pin id="1" dir="1" index="0" bw="1" slack="0"/>
</pin_list>
<bind>
<StgValue><ssdm name="gmem_inout"/><MemPortTyVec>0 </MemPortTyVec>
</StgValue>
</bind>
</comp>

<comp id="2" class="1000" name="X_ptr">
<pin_list>
<pin id="3" dir="1" index="0" bw="1" slack="0"/>
</pin_list>
<bind>
<StgValue><ssdm name="X_ptr"/></StgValue>
</bind>
</comp>

<comp id="4" class="1000" name="x_buf_256_0">
<pin_list>
<pin id="5" dir="1" index="0" bw="1" slack="0"/>
</pin_list>
<bind>
<StgValue><ssdm name="x_buf_256_0"/><MemPortTyVec>3 0 </MemPortTyVec>
</StgValue>
</bind>
</comp>

<comp id="6" class="1000" name="x_buf_256_1">
<pin_list>
<pin id="7" dir="1" index="0" bw="1" slack="0"/>
</pin_list>
<bind>
<StgValue><ssdm name="x_buf_256_1"/><MemPortTyVec>3 0 </MemPortTyVec>
</StgValue>
</bind>
</comp>

<comp id="8" class="1000" name="x_buf_256_2">
<pin_list>
<pin id="9" dir="1" index="0" bw="1" slack="0"/>
</pin_list>
<bind>
<StgValue><ssdm name="x_buf_256_2"/><MemPortTyVec>3 0 </MemPortTyVec>
</StgValue>
</bind>
</comp>

<comp id="10" class="1000" name="x_buf_256_3">
<pin_list>
<pin id="11" dir="1" index="0" bw="1" slack="0"/>
</pin_list>
<bind>
<StgValue><ssdm name="x_buf_256_3"/><MemPortTyVec>3 0 </MemPortTyVec>
</StgValue>
</bind>
</comp>

<comp id="12" class="1000" name="x_buf_256_4">
<pin_list>
<pin id="13" dir="1" index="0" bw="1" slack="0"/>
</pin_list>
<bind>
<StgValue><ssdm name="x_buf_256_4"/><MemPortTyVec>3 0 </MemPortTyVec>
</StgValue>
</bind>
</comp>

<comp id="14" class="1000" name="x_buf_256_5">
<pin_list>
<pin id="15" dir="1" index="0" bw="1" slack="0"/>
</pin_list>
<bind>
<StgValue><ssdm name="x_buf_256_5"/><MemPortTyVec>3 0 </MemPortTyVec>
</StgValue>
</bind>
</comp>

<comp id="16" class="1000" name="x_buf_256_6">
<pin_list>
<pin id="17" dir="1" index="0" bw="1" slack="0"/>
</pin_list>
<bind>
<StgValue><ssdm name="x_buf_256_6"/><MemPortTyVec>3 0 </MemPortTyVec>
</StgValue>
</bind>
</comp>

<comp id="18" class="1000" name="x_buf_256_7">
<pin_list>
<pin id="19" dir="1" index="0" bw="1" slack="0"/>
</pin_list>
<bind>
<StgValue><ssdm name="x_buf_256_7"/><MemPortTyVec>3 0 </MemPortTyVec>
</StgValue>
</bind>
</comp>

<comp id="20" class="1000" name="x_buf_256_8">
<pin_list>
<pin id="21" dir="1" index="0" bw="1" slack="0"/>
</pin_list>
<bind>
<StgValue><ssdm name="x_buf_256_8"/><MemPortTyVec>3 0 </MemPortTyVec>
</StgValue>
</bind>
</comp>

<comp id="22" class="1000" name="x_buf_256_9">
<pin_list>
<pin id="23" dir="1" index="0" bw="1" slack="0"/>
</pin_list>
<bind>
<StgValue><ssdm name="x_buf_256_9"/><MemPortTyVec>3 0 </MemPortTyVec>
</StgValue>
</bind>
</comp>

<comp id="24" class="1000" name="x_buf_256_10">
<pin_list>
<pin id="25" dir="1" index="0" bw="1" slack="0"/>
</pin_list>
<bind>
<StgValue><ssdm name="x_buf_256_10"/><MemPortTyVec>3 0 </MemPortTyVec>
</StgValue>
</bind>
</comp>

<comp id="26" class="1000" name="x_buf_256_11">
<pin_list>
<pin id="27" dir="1" index="0" bw="1" slack="0"/>
</pin_list>
<bind>
<StgValue><ssdm name="x_buf_256_11"/><MemPortTyVec>3 0 </MemPortTyVec>
</StgValue>
</bind>
</comp>

<comp id="28" class="1000" name="x_buf_256_12">
<pin_list>
<pin id="29" dir="1" index="0" bw="1" slack="0"/>
</pin_list>
<bind>
<StgValue><ssdm name="x_buf_256_12"/><MemPortTyVec>3 0 </MemPortTyVec>
</StgValue>
</bind>
</comp>

<comp id="30" class="1000" name="x_buf_256_13">
<pin_list>
<pin id="31" dir="1" index="0" bw="1" slack="0"/>
</pin_list>
<bind>
<StgValue><ssdm name="x_buf_256_13"/><MemPortTyVec>3 0 </MemPortTyVec>
</StgValue>
</bind>
</comp>

<comp id="32" class="1000" name="x_buf_256_14">
<pin_list>
<pin id="33" dir="1" index="0" bw="1" slack="0"/>
</pin_list>
<bind>
<StgValue><ssdm name="x_buf_256_14"/><MemPortTyVec>3 0 </MemPortTyVec>
</StgValue>
</bind>
</comp>

<comp id="34" class="1000" name="x_buf_256_15">
<pin_list>
<pin id="35" dir="1" index="0" bw="1" slack="0"/>
</pin_list>
<bind>
<StgValue><ssdm name="x_buf_256_15"/><MemPortTyVec>3 0 </MemPortTyVec>
</StgValue>
</bind>
</comp>

<comp id="36" class="1001" name="const_36">
<pin_list>
<pin id="37" dir="1" index="0" bw="1" slack="0"/>
</pin_list>
<bind>
<StgValue><ssdm name=""/></StgValue>
</bind>
</comp>

<comp id="38" class="1001" name="const_38">
<pin_list>
<pin id="39" dir="1" index="0" bw="1" slack="2147483647"/>
</pin_list>
<bind>
<StgValue><ssdm name="_ssdm_op_SpecMemCore"/></StgValue>
</bind>
</comp>

<comp id="40" class="1001" name="const_40">
<pin_list>
<pin id="41" dir="1" index="0" bw="1" slack="2147483647"/>
</pin_list>
<bind>
<StgValue><ssdm name=""/></StgValue>
</bind>
</comp>

<comp id="42" class="1001" name="const_42">
<pin_list>
<pin id="43" dir="1" index="0" bw="1" slack="2147483647"/>
</pin_list>
<bind>
<StgValue><ssdm name=""/></StgValue>
</bind>
</comp>

<comp id="44" class="1001" name="const_44">
<pin_list>
<pin id="45" dir="1" index="0" bw="1" slack="2147483647"/>
</pin_list>
<bind>
<StgValue><ssdm name=""/></StgValue>
</bind>
</comp>

<comp id="46" class="1001" name="const_46">
<pin_list>
<pin id="47" dir="1" index="0" bw="1" slack="2147483647"/>
</pin_list>
<bind>
<StgValue><ssdm name="_ssdm_op_SpecInterface"/></StgValue>
</bind>
</comp>

<comp id="48" class="1001" name="const_48">
<pin_list>
<pin id="49" dir="1" index="0" bw="1" slack="2147483647"/>
</pin_list>
<bind>
<StgValue><ssdm name="empty_15"/></StgValue>
</bind>
</comp>

<comp id="50" class="1001" name="const_50">
<pin_list>
<pin id="51" dir="1" index="0" bw="1" slack="2147483647"/>
</pin_list>
<bind>
<StgValue><ssdm name=""/></StgValue>
</bind>
</comp>

<comp id="52" class="1001" name="const_52">
<pin_list>
<pin id="53" dir="1" index="0" bw="1" slack="2147483647"/>
</pin_list>
<bind>
<StgValue><ssdm name="empty_13"/></StgValue>
</bind>
</comp>

<comp id="54" class="1001" name="const_54">
<pin_list>
<pin id="55" dir="1" index="0" bw="1" slack="2147483647"/>
</pin_list>
<bind>
<StgValue><ssdm name=""/></StgValue>
</bind>
</comp>

<comp id="56" class="1001" name="const_56">
<pin_list>
<pin id="57" dir="1" index="0" bw="1" slack="2147483647"/>
</pin_list>
<bind>
<StgValue><ssdm name="empty"/></StgValue>
</bind>
</comp>

<comp id="58" class="1001" name="const_58">
<pin_list>
<pin id="59" dir="1" index="0" bw="1" slack="2147483647"/>
</pin_list>
<bind>
<StgValue><ssdm name="empty_0"/></StgValue>
</bind>
</comp>

<comp id="60" class="1001" name="const_60">
<pin_list>
<pin id="61" dir="1" index="0" bw="1" slack="0"/>
</pin_list>
<bind>
<StgValue><ssdm name=""/></StgValue>
</bind>
</comp>

<comp id="62" class="1001" name="const_62">
<pin_list>
<pin id="63" dir="1" index="0" bw="1" slack="2147483647"/>
</pin_list>
<bind>
<StgValue><ssdm name=""/></StgValue>
</bind>
</comp>

<comp id="64" class="1001" name="const_64">
<pin_list>
<pin id="65" dir="1" index="0" bw="1" slack="2147483647"/>
</pin_list>
<bind>
<StgValue><ssdm name=""/></StgValue>
</bind>
</comp>

<comp id="66" class="1001" name="const_66">
<pin_list>
<pin id="67" dir="1" index="0" bw="1" slack="0"/>
</pin_list>
<bind>
<StgValue><ssdm name="_ssdm_op_Read.ap_auto.i64"/></StgValue>
</bind>
</comp>

<comp id="68" class="1001" name="const_68">
<pin_list>
<pin id="69" dir="1" index="0" bw="1" slack="0"/>
</pin_list>
<bind>
<StgValue><ssdm name=""/></StgValue>
</bind>
</comp>

<comp id="70" class="1001" name="const_70">
<pin_list>
<pin id="71" dir="1" index="0" bw="1" slack="0"/>
</pin_list>
<bind>
<StgValue><ssdm name=""/></StgValue>
</bind>
</comp>

<comp id="72" class="1001" name="const_72">
<pin_list>
<pin id="73" dir="1" index="0" bw="1" slack="0"/>
</pin_list>
<bind>
<StgValue><ssdm name=""/></StgValue>
</bind>
</comp>

<comp id="74" class="1001" name="const_74">
<pin_list>
<pin id="75" dir="1" index="0" bw="1" slack="0"/>
</pin_list>
<bind>
<StgValue><ssdm name=""/></StgValue>
</bind>
</comp>

<comp id="76" class="1001" name="const_76">
<pin_list>
<pin id="77" dir="1" index="0" bw="1" slack="0"/>
</pin_list>
<bind>
<StgValue><ssdm name=""/></StgValue>
</bind>
</comp>

<comp id="78" class="1001" name="const_78">
<pin_list>
<pin id="79" dir="1" index="0" bw="1" slack="0"/>
</pin_list>
<bind>
<StgValue><ssdm name=""/></StgValue>
</bind>
</comp>

<comp id="80" class="1001" name="const_80">
<pin_list>
<pin id="81" dir="1" index="0" bw="1" slack="0"/>
</pin_list>
<bind>
<StgValue><ssdm name=""/></StgValue>
</bind>
</comp>

<comp id="82" class="1001" name="const_82">
<pin_list>
<pin id="83" dir="1" index="0" bw="1" slack="0"/>
</pin_list>
<bind>
<StgValue><ssdm name=""/></StgValue>
</bind>
</comp>

<comp id="84" class="1001" name="const_84">
<pin_list>
<pin id="85" dir="1" index="0" bw="1" slack="0"/>
</pin_list>
<bind>
<StgValue><ssdm name=""/></StgValue>
</bind>
</comp>

<comp id="86" class="1001" name="const_86">
<pin_list>
<pin id="87" dir="1" index="0" bw="1" slack="0"/>
</pin_list>
<bind>
<StgValue><ssdm name=""/></StgValue>
</bind>
</comp>

<comp id="88" class="1001" name="const_88">
<pin_list>
<pin id="89" dir="1" index="0" bw="1" slack="0"/>
</pin_list>
<bind>
<StgValue><ssdm name="_ssdm_op_BitSelect.i1.i2.i32"/></StgValue>
</bind>
</comp>

<comp id="90" class="1001" name="const_90">
<pin_list>
<pin id="91" dir="1" index="0" bw="1" slack="0"/>
</pin_list>
<bind>
<StgValue><ssdm name="_ssdm_op_BitConcatenate.i16.i2.i14"/></StgValue>
</bind>
</comp>

<comp id="92" class="1001" name="const_92">
<pin_list>
<pin id="93" dir="1" index="0" bw="1" slack="0"/>
</pin_list>
<bind>
<StgValue><ssdm name=""/></StgValue>
</bind>
</comp>

<comp id="94" class="1001" name="const_94">
<pin_list>
<pin id="95" dir="1" index="0" bw="1" slack="0"/>
</pin_list>
<bind>
<StgValue><ssdm name="_ssdm_op_BitConcatenate.i12.i2.i10"/></StgValue>
</bind>
</comp>

<comp id="96" class="1001" name="const_96">
<pin_list>
<pin id="97" dir="1" index="0" bw="1" slack="0"/>
</pin_list>
<bind>
<StgValue><ssdm name=""/></StgValue>
</bind>
</comp>

<comp id="98" class="1001" name="const_98">
<pin_list>
<pin id="99" dir="1" index="0" bw="1" slack="0"/>
</pin_list>
<bind>
<StgValue><ssdm name="_ssdm_op_PartSelect.i4.i21.i32.i32"/></StgValue>
</bind>
</comp>

<comp id="100" class="1001" name="const_100">
<pin_list>
<pin id="101" dir="1" index="0" bw="1" slack="0"/>
</pin_list>
<bind>
<StgValue><ssdm name=""/></StgValue>
</bind>
</comp>

<comp id="102" class="1001" name="const_102">
<pin_list>
<pin id="103" dir="1" index="0" bw="1" slack="0"/>
</pin_list>
<bind>
<StgValue><ssdm name=""/></StgValue>
</bind>
</comp>

<comp id="104" class="1001" name="const_104">
<pin_list>
<pin id="105" dir="1" index="0" bw="1" slack="0"/>
</pin_list>
<bind>
<StgValue><ssdm name="_ssdm_op_BitSelect.i1.i16.i32"/></StgValue>
</bind>
</comp>

<comp id="106" class="1001" name="const_106">
<pin_list>
<pin id="107" dir="1" index="0" bw="1" slack="0"/>
</pin_list>
<bind>
<StgValue><ssdm name=""/></StgValue>
</bind>
</comp>

<comp id="108" class="1001" name="const_108">
<pin_list>
<pin id="109" dir="1" index="0" bw="1" slack="0"/>
</pin_list>
<bind>
<StgValue><ssdm name=""/></StgValue>
</bind>
</comp>

<comp id="110" class="1001" name="const_110">
<pin_list>
<pin id="111" dir="1" index="0" bw="1" slack="0"/>
</pin_list>
<bind>
<StgValue><ssdm name="_ssdm_op_PartSelect.i12.i16.i32.i32"/></StgValue>
</bind>
</comp>

<comp id="112" class="1001" name="const_112">
<pin_list>
<pin id="113" dir="1" index="0" bw="1" slack="0"/>
</pin_list>
<bind>
<StgValue><ssdm name="_ssdm_op_BitConcatenate.i17.i12.i5"/></StgValue>
</bind>
</comp>

<comp id="114" class="1001" name="const_114">
<pin_list>
<pin id="115" dir="1" index="0" bw="1" slack="0"/>
</pin_list>
<bind>
<StgValue><ssdm name=""/></StgValue>
</bind>
</comp>

<comp id="116" class="1001" name="const_116">
<pin_list>
<pin id="117" dir="1" index="0" bw="1" slack="0"/>
</pin_list>
<bind>
<StgValue><ssdm name="_ssdm_op_PartSelect.i59.i64.i32.i32"/></StgValue>
</bind>
</comp>

<comp id="118" class="1001" name="const_118">
<pin_list>
<pin id="119" dir="1" index="0" bw="1" slack="0"/>
</pin_list>
<bind>
<StgValue><ssdm name=""/></StgValue>
</bind>
</comp>

<comp id="120" class="1001" name="const_120">
<pin_list>
<pin id="121" dir="1" index="0" bw="1" slack="0"/>
</pin_list>
<bind>
<StgValue><ssdm name=""/></StgValue>
</bind>
</comp>

<comp id="122" class="1001" name="const_122">
<pin_list>
<pin id="123" dir="1" index="0" bw="1" slack="2147483647"/>
</pin_list>
<bind>
<StgValue><ssdm name=""/></StgValue>
</bind>
</comp>

<comp id="124" class="1001" name="const_124">
<pin_list>
<pin id="125" dir="1" index="0" bw="1" slack="2147483647"/>
</pin_list>
<bind>
<StgValue><ssdm name=""/></StgValue>
</bind>
</comp>

<comp id="126" class="1001" name="const_126">
<pin_list>
<pin id="127" dir="1" index="0" bw="1" slack="2147483647"/>
</pin_list>
<bind>
<StgValue><ssdm name=""/></StgValue>
</bind>
</comp>

<comp id="128" class="1001" name="const_128">
<pin_list>
<pin id="129" dir="1" index="0" bw="1" slack="2147483647"/>
</pin_list>
<bind>
<StgValue><ssdm name=""/></StgValue>
</bind>
</comp>

<comp id="130" class="1001" name="const_130">
<pin_list>
<pin id="131" dir="1" index="0" bw="1" slack="2147483647"/>
</pin_list>
<bind>
<StgValue><ssdm name=""/></StgValue>
</bind>
</comp>

<comp id="132" class="1001" name="const_132">
<pin_list>
<pin id="133" dir="1" index="0" bw="1" slack="2147483647"/>
</pin_list>
<bind>
<StgValue><ssdm name=""/></StgValue>
</bind>
</comp>

<comp id="134" class="1001" name="const_134">
<pin_list>
<pin id="135" dir="1" index="0" bw="1" slack="2147483647"/>
</pin_list>
<bind>
<StgValue><ssdm name=""/></StgValue>
</bind>
</comp>

<comp id="136" class="1001" name="const_136">
<pin_list>
<pin id="137" dir="1" index="0" bw="1" slack="2147483647"/>
</pin_list>
<bind>
<StgValue><ssdm name=""/></StgValue>
</bind>
</comp>

<comp id="138" class="1001" name="const_138">
<pin_list>
<pin id="139" dir="1" index="0" bw="1" slack="2147483647"/>
</pin_list>
<bind>
<StgValue><ssdm name=""/></StgValue>
</bind>
</comp>

<comp id="140" class="1001" name="const_140">
<pin_list>
<pin id="141" dir="1" index="0" bw="1" slack="2147483647"/>
</pin_list>
<bind>
<StgValue><ssdm name=""/></StgValue>
</bind>
</comp>

<comp id="142" class="1001" name="const_142">
<pin_list>
<pin id="143" dir="1" index="0" bw="1" slack="2147483647"/>
</pin_list>
<bind>
<StgValue><ssdm name=""/></StgValue>
</bind>
</comp>

<comp id="144" class="1001" name="const_144">
<pin_list>
<pin id="145" dir="1" index="0" bw="1" slack="2147483647"/>
</pin_list>
<bind>
<StgValue><ssdm name=""/></StgValue>
</bind>
</comp>

<comp id="146" class="1001" name="const_146">
<pin_list>
<pin id="147" dir="1" index="0" bw="1" slack="2147483647"/>
</pin_list>
<bind>
<StgValue><ssdm name=""/></StgValue>
</bind>
</comp>

<comp id="148" class="1001" name="const_148">
<pin_list>
<pin id="149" dir="1" index="0" bw="1" slack="2147483647"/>
</pin_list>
<bind>
<StgValue><ssdm name=""/></StgValue>
</bind>
</comp>

<comp id="150" class="1001" name="const_150">
<pin_list>
<pin id="151" dir="1" index="0" bw="1" slack="2147483647"/>
</pin_list>
<bind>
<StgValue><ssdm name=""/></StgValue>
</bind>
</comp>

<comp id="152" class="1001" name="const_152">
<pin_list>
<pin id="153" dir="1" index="0" bw="1" slack="2147483647"/>
</pin_list>
<bind>
<StgValue><ssdm name="_ssdm_op_SpecLoopName"/></StgValue>
</bind>
</comp>

<comp id="154" class="1001" name="const_154">
<pin_list>
<pin id="155" dir="1" index="0" bw="1" slack="2147483647"/>
</pin_list>
<bind>
<StgValue><ssdm name="INIT_3_INPUT_ROWS_LOAD_1_INPUT_ROW_str"/></StgValue>
</bind>
</comp>

<comp id="156" class="1001" name="const_156">
<pin_list>
<pin id="157" dir="1" index="0" bw="1" slack="2147483647"/>
</pin_list>
<bind>
<StgValue><ssdm name="_ssdm_op_SpecLoopTripCount"/></StgValue>
</bind>
</comp>

<comp id="158" class="1001" name="const_158">
<pin_list>
<pin id="159" dir="1" index="0" bw="1" slack="2147483647"/>
</pin_list>
<bind>
<StgValue><ssdm name=""/></StgValue>
</bind>
</comp>

<comp id="160" class="1001" name="const_160">
<pin_list>
<pin id="161" dir="1" index="0" bw="1" slack="0"/>
</pin_list>
<bind>
<StgValue><ssdm name="_ssdm_op_ReadReq.m_axi.p1i256"/></StgValue>
</bind>
</comp>

<comp id="162" class="1001" name="const_162">
<pin_list>
<pin id="163" dir="1" index="0" bw="1" slack="0"/>
</pin_list>
<bind>
<StgValue><ssdm name=""/></StgValue>
</bind>
</comp>

<comp id="164" class="1001" name="const_164">
<pin_list>
<pin id="165" dir="1" index="0" bw="1" slack="0"/>
</pin_list>
<bind>
<StgValue><ssdm name="_ssdm_op_Read.m_axi.p1i256"/></StgValue>
</bind>
</comp>

<comp id="166" class="1001" name="const_166">
<pin_list>
<pin id="167" dir="1" index="0" bw="1" slack="0"/>
</pin_list>
<bind>
<StgValue><ssdm name="_ssdm_op_BitConcatenate.i8.i2.i6"/></StgValue>
</bind>
</comp>

<comp id="168" class="1001" name="const_168">
<pin_list>
<pin id="169" dir="1" index="0" bw="1" slack="0"/>
</pin_list>
<bind>
<StgValue><ssdm name=""/></StgValue>
</bind>
</comp>

<comp id="170" class="1001" name="const_170">
<pin_list>
<pin id="171" dir="1" index="0" bw="1" slack="0"/>
</pin_list>
<bind>
<StgValue><ssdm name="_ssdm_op_BitConcatenate.i4.i2.i2"/></StgValue>
</bind>
</comp>

<comp id="172" class="1001" name="const_172">
<pin_list>
<pin id="173" dir="1" index="0" bw="1" slack="2147483647"/>
</pin_list>
<bind>
<StgValue><ssdm name="_ssdm_op_SpecPipeline"/></StgValue>
</bind>
</comp>

<comp id="174" class="1001" name="const_174">
<pin_list>
<pin id="175" dir="1" index="0" bw="1" slack="0"/>
</pin_list>
<bind>
<StgValue><ssdm name=""/></StgValue>
</bind>
</comp>

<comp id="176" class="1004" name="i_fu_176">
<pin_list>
<pin id="177" dir="0" index="0" bw="1" slack="0"/>
<pin id="178" dir="1" index="1" bw="10" slack="0"/>
</pin_list>
<bind>
<opcode="alloca(26) " fcode="alloca"/>
<opset="i/1 "/>
</bind>
</comp>

<comp id="180" class="1004" name="slot_fu_180">
<pin_list>
<pin id="181" dir="0" index="0" bw="1" slack="0"/>
<pin id="182" dir="1" index="1" bw="2" slack="0"/>
</pin_list>
<bind>
<opcode="alloca(26) " fcode="alloca"/>
<opset="slot/1 "/>
</bind>
</comp>

<comp id="184" class="1004" name="indvar_flatten_fu_184">
<pin_list>
<pin id="185" dir="0" index="0" bw="1" slack="0"/>
<pin id="186" dir="1" index="1" bw="12" slack="0"/>
</pin_list>
<bind>
<opcode="alloca(26) " fcode="alloca"/>
<opset="indvar_flatten/1 "/>
</bind>
</comp>

<comp id="188" class="1004" name="X_ptr_read_read_fu_188">
<pin_list>
<pin id="189" dir="0" index="0" bw="64" slack="0"/>
<pin id="190" dir="0" index="1" bw="64" slack="0"/>
<pin id="191" dir="1" index="2" bw="64" slack="2"/>
</pin_list>
<bind>
<opcode="read(1150) " fcode="read"/>
<opset="X_ptr_read/1 "/>
</bind>
</comp>

<comp id="194" class="1004" name="grp_readreq_fu_194">
<pin_list>
<pin id="195" dir="0" index="0" bw="1" slack="0"/>
<pin id="196" dir="0" index="1" bw="256" slack="0"/>
<pin id="197" dir="0" index="2" bw="11" slack="0"/>
<pin id="198" dir="1" index="3" bw="1" slack="2147483647"/>
</pin_list>
<bind>
<opcode="readreq(1154) " fcode="readreq"/>
<opset="empty/4 "/>
</bind>
</comp>

<comp id="201" class="1004" name="gmem_inout_addr_read_read_fu_201">
<pin_list>
<pin id="202" dir="0" index="0" bw="256" slack="0"/>
<pin id="203" dir="0" index="1" bw="256" slack="8"/>
<pin id="204" dir="1" index="2" bw="256" slack="3"/>
</pin_list>
<bind>
<opcode="read(1150) " fcode="read"/>
<opset="gmem_inout_addr_read/12 "/>
</bind>
</comp>

<comp id="206" class="1004" name="x_buf_256_0_addr_gep_fu_206">
<pin_list>
<pin id="207" dir="0" index="0" bw="256" slack="0"/>
<pin id="208" dir="0" index="1" bw="1" slack="0"/>
<pin id="209" dir="0" index="2" bw="8" slack="0"/>
<pin id="210" dir="1" index="3" bw="8" slack="0"/>
</pin_list>
<bind>
<opcode="getelementptr(29) " fcode="getelementptr"/>
<opset="x_buf_256_0_addr/15 "/>
</bind>
</comp>

<comp id="213" class="1004" name="x_buf_256_1_addr_gep_fu_213">
<pin_list>
<pin id="214" dir="0" index="0" bw="256" slack="0"/>
<pin id="215" dir="0" index="1" bw="1" slack="0"/>
<pin id="216" dir="0" index="2" bw="8" slack="0"/>
<pin id="217" dir="1" index="3" bw="8" slack="0"/>
</pin_list>
<bind>
<opcode="getelementptr(29) " fcode="getelementptr"/>
<opset="x_buf_256_1_addr/15 "/>
</bind>
</comp>

<comp id="220" class="1004" name="x_buf_256_2_addr_gep_fu_220">
<pin_list>
<pin id="221" dir="0" index="0" bw="256" slack="0"/>
<pin id="222" dir="0" index="1" bw="1" slack="0"/>
<pin id="223" dir="0" index="2" bw="8" slack="0"/>
<pin id="224" dir="1" index="3" bw="8" slack="0"/>
</pin_list>
<bind>
<opcode="getelementptr(29) " fcode="getelementptr"/>
<opset="x_buf_256_2_addr/15 "/>
</bind>
</comp>

<comp id="227" class="1004" name="x_buf_256_3_addr_gep_fu_227">
<pin_list>
<pin id="228" dir="0" index="0" bw="256" slack="0"/>
<pin id="229" dir="0" index="1" bw="1" slack="0"/>
<pin id="230" dir="0" index="2" bw="8" slack="0"/>
<pin id="231" dir="1" index="3" bw="8" slack="0"/>
</pin_list>
<bind>
<opcode="getelementptr(29) " fcode="getelementptr"/>
<opset="x_buf_256_3_addr/15 "/>
</bind>
</comp>

<comp id="234" class="1004" name="x_buf_256_4_addr_gep_fu_234">
<pin_list>
<pin id="235" dir="0" index="0" bw="256" slack="0"/>
<pin id="236" dir="0" index="1" bw="1" slack="0"/>
<pin id="237" dir="0" index="2" bw="8" slack="0"/>
<pin id="238" dir="1" index="3" bw="8" slack="0"/>
</pin_list>
<bind>
<opcode="getelementptr(29) " fcode="getelementptr"/>
<opset="x_buf_256_4_addr/15 "/>
</bind>
</comp>

<comp id="241" class="1004" name="x_buf_256_5_addr_gep_fu_241">
<pin_list>
<pin id="242" dir="0" index="0" bw="256" slack="0"/>
<pin id="243" dir="0" index="1" bw="1" slack="0"/>
<pin id="244" dir="0" index="2" bw="8" slack="0"/>
<pin id="245" dir="1" index="3" bw="8" slack="0"/>
</pin_list>
<bind>
<opcode="getelementptr(29) " fcode="getelementptr"/>
<opset="x_buf_256_5_addr/15 "/>
</bind>
</comp>

<comp id="248" class="1004" name="x_buf_256_6_addr_gep_fu_248">
<pin_list>
<pin id="249" dir="0" index="0" bw="256" slack="0"/>
<pin id="250" dir="0" index="1" bw="1" slack="0"/>
<pin id="251" dir="0" index="2" bw="8" slack="0"/>
<pin id="252" dir="1" index="3" bw="8" slack="0"/>
</pin_list>
<bind>
<opcode="getelementptr(29) " fcode="getelementptr"/>
<opset="x_buf_256_6_addr/15 "/>
</bind>
</comp>

<comp id="255" class="1004" name="x_buf_256_7_addr_gep_fu_255">
<pin_list>
<pin id="256" dir="0" index="0" bw="256" slack="0"/>
<pin id="257" dir="0" index="1" bw="1" slack="0"/>
<pin id="258" dir="0" index="2" bw="8" slack="0"/>
<pin id="259" dir="1" index="3" bw="8" slack="0"/>
</pin_list>
<bind>
<opcode="getelementptr(29) " fcode="getelementptr"/>
<opset="x_buf_256_7_addr/15 "/>
</bind>
</comp>

<comp id="262" class="1004" name="x_buf_256_8_addr_gep_fu_262">
<pin_list>
<pin id="263" dir="0" index="0" bw="256" slack="0"/>
<pin id="264" dir="0" index="1" bw="1" slack="0"/>
<pin id="265" dir="0" index="2" bw="8" slack="0"/>
<pin id="266" dir="1" index="3" bw="8" slack="0"/>
</pin_list>
<bind>
<opcode="getelementptr(29) " fcode="getelementptr"/>
<opset="x_buf_256_8_addr/15 "/>
</bind>
</comp>

<comp id="269" class="1004" name="x_buf_256_9_addr_gep_fu_269">
<pin_list>
<pin id="270" dir="0" index="0" bw="256" slack="0"/>
<pin id="271" dir="0" index="1" bw="1" slack="0"/>
<pin id="272" dir="0" index="2" bw="8" slack="0"/>
<pin id="273" dir="1" index="3" bw="8" slack="0"/>
</pin_list>
<bind>
<opcode="getelementptr(29) " fcode="getelementptr"/>
<opset="x_buf_256_9_addr/15 "/>
</bind>
</comp>

<comp id="276" class="1004" name="x_buf_256_10_addr_gep_fu_276">
<pin_list>
<pin id="277" dir="0" index="0" bw="256" slack="0"/>
<pin id="278" dir="0" index="1" bw="1" slack="0"/>
<pin id="279" dir="0" index="2" bw="8" slack="0"/>
<pin id="280" dir="1" index="3" bw="8" slack="0"/>
</pin_list>
<bind>
<opcode="getelementptr(29) " fcode="getelementptr"/>
<opset="x_buf_256_10_addr/15 "/>
</bind>
</comp>

<comp id="283" class="1004" name="x_buf_256_11_addr_gep_fu_283">
<pin_list>
<pin id="284" dir="0" index="0" bw="256" slack="0"/>
<pin id="285" dir="0" index="1" bw="1" slack="0"/>
<pin id="286" dir="0" index="2" bw="8" slack="0"/>
<pin id="287" dir="1" index="3" bw="8" slack="0"/>
</pin_list>
<bind>
<opcode="getelementptr(29) " fcode="getelementptr"/>
<opset="x_buf_256_11_addr/15 "/>
</bind>
</comp>

<comp id="290" class="1004" name="x_buf_256_12_addr_gep_fu_290">
<pin_list>
<pin id="291" dir="0" index="0" bw="256" slack="0"/>
<pin id="292" dir="0" index="1" bw="1" slack="0"/>
<pin id="293" dir="0" index="2" bw="8" slack="0"/>
<pin id="294" dir="1" index="3" bw="8" slack="0"/>
</pin_list>
<bind>
<opcode="getelementptr(29) " fcode="getelementptr"/>
<opset="x_buf_256_12_addr/15 "/>
</bind>
</comp>

<comp id="297" class="1004" name="x_buf_256_13_addr_gep_fu_297">
<pin_list>
<pin id="298" dir="0" index="0" bw="256" slack="0"/>
<pin id="299" dir="0" index="1" bw="1" slack="0"/>
<pin id="300" dir="0" index="2" bw="8" slack="0"/>
<pin id="301" dir="1" index="3" bw="8" slack="0"/>
</pin_list>
<bind>
<opcode="getelementptr(29) " fcode="getelementptr"/>
<opset="x_buf_256_13_addr/15 "/>
</bind>
</comp>

<comp id="304" class="1004" name="x_buf_256_14_addr_gep_fu_304">
<pin_list>
<pin id="305" dir="0" index="0" bw="256" slack="0"/>
<pin id="306" dir="0" index="1" bw="1" slack="0"/>
<pin id="307" dir="0" index="2" bw="8" slack="0"/>
<pin id="308" dir="1" index="3" bw="8" slack="0"/>
</pin_list>
<bind>
<opcode="getelementptr(29) " fcode="getelementptr"/>
<opset="x_buf_256_14_addr/15 "/>
</bind>
</comp>

<comp id="311" class="1004" name="x_buf_256_15_addr_gep_fu_311">
<pin_list>
<pin id="312" dir="0" index="0" bw="256" slack="0"/>
<pin id="313" dir="0" index="1" bw="1" slack="0"/>
<pin id="314" dir="0" index="2" bw="8" slack="0"/>
<pin id="315" dir="1" index="3" bw="8" slack="0"/>
</pin_list>
<bind>
<opcode="getelementptr(29) " fcode="getelementptr"/>
<opset="x_buf_256_15_addr/15 "/>
</bind>
</comp>

<comp id="318" class="1004" name="store_ln131_access_fu_318">
<pin_list>
<pin id="319" dir="0" index="0" bw="8" slack="2147483647"/>
<pin id="320" dir="0" index="1" bw="256" slack="2147483647"/>
<pin id="321" dir="0" index="2" bw="0" slack="0"/>
<pin id="323" dir="0" index="4" bw="8" slack="3"/>
<pin id="324" dir="0" index="5" bw="256" slack="2147483647"/>
<pin id="325" dir="0" index="6" bw="0" slack="2147483647"/>
<pin id="322" dir="1" index="3" bw="256" slack="2147483647"/>
<pin id="326" dir="1" index="7" bw="256" slack="2147483647"/>
</pin_list>
<bind>
<opcode="store(28) " fcode="store"/>
<opset="store_ln131/15 "/>
</bind>
</comp>

<comp id="328" class="1004" name="store_ln131_access_fu_328">
<pin_list>
<pin id="329" dir="0" index="0" bw="8" slack="2147483647"/>
<pin id="330" dir="0" index="1" bw="256" slack="2147483647"/>
<pin id="331" dir="0" index="2" bw="0" slack="0"/>
<pin id="333" dir="0" index="4" bw="8" slack="3"/>
<pin id="334" dir="0" index="5" bw="256" slack="2147483647"/>
<pin id="335" dir="0" index="6" bw="0" slack="2147483647"/>
<pin id="332" dir="1" index="3" bw="256" slack="2147483647"/>
<pin id="336" dir="1" index="7" bw="256" slack="2147483647"/>
</pin_list>
<bind>
<opcode="store(28) " fcode="store"/>
<opset="store_ln131/15 "/>
</bind>
</comp>

<comp id="338" class="1004" name="store_ln131_access_fu_338">
<pin_list>
<pin id="339" dir="0" index="0" bw="8" slack="2147483647"/>
<pin id="340" dir="0" index="1" bw="256" slack="2147483647"/>
<pin id="341" dir="0" index="2" bw="0" slack="0"/>
<pin id="343" dir="0" index="4" bw="8" slack="3"/>
<pin id="344" dir="0" index="5" bw="256" slack="2147483647"/>
<pin id="345" dir="0" index="6" bw="0" slack="2147483647"/>
<pin id="342" dir="1" index="3" bw="256" slack="2147483647"/>
<pin id="346" dir="1" index="7" bw="256" slack="2147483647"/>
</pin_list>
<bind>
<opcode="store(28) " fcode="store"/>
<opset="store_ln131/15 "/>
</bind>
</comp>

<comp id="348" class="1004" name="store_ln131_access_fu_348">
<pin_list>
<pin id="349" dir="0" index="0" bw="8" slack="2147483647"/>
<pin id="350" dir="0" index="1" bw="256" slack="2147483647"/>
<pin id="351" dir="0" index="2" bw="0" slack="0"/>
<pin id="353" dir="0" index="4" bw="8" slack="3"/>
<pin id="354" dir="0" index="5" bw="256" slack="2147483647"/>
<pin id="355" dir="0" index="6" bw="0" slack="2147483647"/>
<pin id="352" dir="1" index="3" bw="256" slack="2147483647"/>
<pin id="356" dir="1" index="7" bw="256" slack="2147483647"/>
</pin_list>
<bind>
<opcode="store(28) " fcode="store"/>
<opset="store_ln131/15 "/>
</bind>
</comp>

<comp id="358" class="1004" name="store_ln131_access_fu_358">
<pin_list>
<pin id="359" dir="0" index="0" bw="8" slack="2147483647"/>
<pin id="360" dir="0" index="1" bw="256" slack="2147483647"/>
<pin id="361" dir="0" index="2" bw="0" slack="0"/>
<pin id="363" dir="0" index="4" bw="8" slack="3"/>
<pin id="364" dir="0" index="5" bw="256" slack="2147483647"/>
<pin id="365" dir="0" index="6" bw="0" slack="2147483647"/>
<pin id="362" dir="1" index="3" bw="256" slack="2147483647"/>
<pin id="366" dir="1" index="7" bw="256" slack="2147483647"/>
</pin_list>
<bind>
<opcode="store(28) " fcode="store"/>
<opset="store_ln131/15 "/>
</bind>
</comp>

<comp id="368" class="1004" name="store_ln131_access_fu_368">
<pin_list>
<pin id="369" dir="0" index="0" bw="8" slack="2147483647"/>
<pin id="370" dir="0" index="1" bw="256" slack="2147483647"/>
<pin id="371" dir="0" index="2" bw="0" slack="0"/>
<pin id="373" dir="0" index="4" bw="8" slack="3"/>
<pin id="374" dir="0" index="5" bw="256" slack="2147483647"/>
<pin id="375" dir="0" index="6" bw="0" slack="2147483647"/>
<pin id="372" dir="1" index="3" bw="256" slack="2147483647"/>
<pin id="376" dir="1" index="7" bw="256" slack="2147483647"/>
</pin_list>
<bind>
<opcode="store(28) " fcode="store"/>
<opset="store_ln131/15 "/>
</bind>
</comp>

<comp id="378" class="1004" name="store_ln131_access_fu_378">
<pin_list>
<pin id="379" dir="0" index="0" bw="8" slack="2147483647"/>
<pin id="380" dir="0" index="1" bw="256" slack="2147483647"/>
<pin id="381" dir="0" index="2" bw="0" slack="0"/>
<pin id="383" dir="0" index="4" bw="8" slack="3"/>
<pin id="384" dir="0" index="5" bw="256" slack="2147483647"/>
<pin id="385" dir="0" index="6" bw="0" slack="2147483647"/>
<pin id="382" dir="1" index="3" bw="256" slack="2147483647"/>
<pin id="386" dir="1" index="7" bw="256" slack="2147483647"/>
</pin_list>
<bind>
<opcode="store(28) " fcode="store"/>
<opset="store_ln131/15 "/>
</bind>
</comp>

<comp id="388" class="1004" name="store_ln131_access_fu_388">
<pin_list>
<pin id="389" dir="0" index="0" bw="8" slack="2147483647"/>
<pin id="390" dir="0" index="1" bw="256" slack="2147483647"/>
<pin id="391" dir="0" index="2" bw="0" slack="0"/>
<pin id="393" dir="0" index="4" bw="8" slack="3"/>
<pin id="394" dir="0" index="5" bw="256" slack="2147483647"/>
<pin id="395" dir="0" index="6" bw="0" slack="2147483647"/>
<pin id="392" dir="1" index="3" bw="256" slack="2147483647"/>
<pin id="396" dir="1" index="7" bw="256" slack="2147483647"/>
</pin_list>
<bind>
<opcode="store(28) " fcode="store"/>
<opset="store_ln131/15 "/>
</bind>
</comp>

<comp id="398" class="1004" name="store_ln131_access_fu_398">
<pin_list>
<pin id="399" dir="0" index="0" bw="8" slack="2147483647"/>
<pin id="400" dir="0" index="1" bw="256" slack="2147483647"/>
<pin id="401" dir="0" index="2" bw="0" slack="0"/>
<pin id="403" dir="0" index="4" bw="8" slack="3"/>
<pin id="404" dir="0" index="5" bw="256" slack="2147483647"/>
<pin id="405" dir="0" index="6" bw="0" slack="2147483647"/>
<pin id="402" dir="1" index="3" bw="256" slack="2147483647"/>
<pin id="406" dir="1" index="7" bw="256" slack="2147483647"/>
</pin_list>
<bind>
<opcode="store(28) " fcode="store"/>
<opset="store_ln131/15 "/>
</bind>
</comp>

<comp id="408" class="1004" name="store_ln131_access_fu_408">
<pin_list>
<pin id="409" dir="0" index="0" bw="8" slack="2147483647"/>
<pin id="410" dir="0" index="1" bw="256" slack="2147483647"/>
<pin id="411" dir="0" index="2" bw="0" slack="0"/>
<pin id="413" dir="0" index="4" bw="8" slack="3"/>
<pin id="414" dir="0" index="5" bw="256" slack="2147483647"/>
<pin id="415" dir="0" index="6" bw="0" slack="2147483647"/>
<pin id="412" dir="1" index="3" bw="256" slack="2147483647"/>
<pin id="416" dir="1" index="7" bw="256" slack="2147483647"/>
</pin_list>
<bind>
<opcode="store(28) " fcode="store"/>
<opset="store_ln131/15 "/>
</bind>
</comp>

<comp id="418" class="1004" name="store_ln131_access_fu_418">
<pin_list>
<pin id="419" dir="0" index="0" bw="8" slack="2147483647"/>
<pin id="420" dir="0" index="1" bw="256" slack="2147483647"/>
<pin id="421" dir="0" index="2" bw="0" slack="0"/>
<pin id="423" dir="0" index="4" bw="8" slack="3"/>
<pin id="424" dir="0" index="5" bw="256" slack="2147483647"/>
<pin id="425" dir="0" index="6" bw="0" slack="2147483647"/>
<pin id="422" dir="1" index="3" bw="256" slack="2147483647"/>
<pin id="426" dir="1" index="7" bw="256" slack="2147483647"/>
</pin_list>
<bind>
<opcode="store(28) " fcode="store"/>
<opset="store_ln131/15 "/>
</bind>
</comp>

<comp id="428" class="1004" name="store_ln131_access_fu_428">
<pin_list>
<pin id="429" dir="0" index="0" bw="8" slack="2147483647"/>
<pin id="430" dir="0" index="1" bw="256" slack="2147483647"/>
<pin id="431" dir="0" index="2" bw="0" slack="0"/>
<pin id="433" dir="0" index="4" bw="8" slack="3"/>
<pin id="434" dir="0" index="5" bw="256" slack="2147483647"/>
<pin id="435" dir="0" index="6" bw="0" slack="2147483647"/>
<pin id="432" dir="1" index="3" bw="256" slack="2147483647"/>
<pin id="436" dir="1" index="7" bw="256" slack="2147483647"/>
</pin_list>
<bind>
<opcode="store(28) " fcode="store"/>
<opset="store_ln131/15 "/>
</bind>
</comp>

<comp id="438" class="1004" name="store_ln131_access_fu_438">
<pin_list>
<pin id="439" dir="0" index="0" bw="8" slack="2147483647"/>
<pin id="440" dir="0" index="1" bw="256" slack="2147483647"/>
<pin id="441" dir="0" index="2" bw="0" slack="0"/>
<pin id="443" dir="0" index="4" bw="8" slack="3"/>
<pin id="444" dir="0" index="5" bw="256" slack="2147483647"/>
<pin id="445" dir="0" index="6" bw="0" slack="2147483647"/>
<pin id="442" dir="1" index="3" bw="256" slack="2147483647"/>
<pin id="446" dir="1" index="7" bw="256" slack="2147483647"/>
</pin_list>
<bind>
<opcode="store(28) " fcode="store"/>
<opset="store_ln131/15 "/>
</bind>
</comp>

<comp id="448" class="1004" name="store_ln131_access_fu_448">
<pin_list>
<pin id="449" dir="0" index="0" bw="8" slack="2147483647"/>
<pin id="450" dir="0" index="1" bw="256" slack="2147483647"/>
<pin id="451" dir="0" index="2" bw="0" slack="0"/>
<pin id="453" dir="0" index="4" bw="8" slack="3"/>
<pin id="454" dir="0" index="5" bw="256" slack="2147483647"/>
<pin id="455" dir="0" index="6" bw="0" slack="2147483647"/>
<pin id="452" dir="1" index="3" bw="256" slack="2147483647"/>
<pin id="456" dir="1" index="7" bw="256" slack="2147483647"/>
</pin_list>
<bind>
<opcode="store(28) " fcode="store"/>
<opset="store_ln131/15 "/>
</bind>
</comp>

<comp id="458" class="1004" name="store_ln131_access_fu_458">
<pin_list>
<pin id="459" dir="0" index="0" bw="8" slack="2147483647"/>
<pin id="460" dir="0" index="1" bw="256" slack="2147483647"/>
<pin id="461" dir="0" index="2" bw="0" slack="0"/>
<pin id="463" dir="0" index="4" bw="8" slack="3"/>
<pin id="464" dir="0" index="5" bw="256" slack="2147483647"/>
<pin id="465" dir="0" index="6" bw="0" slack="2147483647"/>
<pin id="462" dir="1" index="3" bw="256" slack="2147483647"/>
<pin id="466" dir="1" index="7" bw="256" slack="2147483647"/>
</pin_list>
<bind>
<opcode="store(28) " fcode="store"/>
<opset="store_ln131/15 "/>
</bind>
</comp>

<comp id="468" class="1004" name="store_ln131_access_fu_468">
<pin_list>
<pin id="469" dir="0" index="0" bw="8" slack="2147483647"/>
<pin id="470" dir="0" index="1" bw="256" slack="2147483647"/>
<pin id="471" dir="0" index="2" bw="0" slack="0"/>
<pin id="473" dir="0" index="4" bw="8" slack="3"/>
<pin id="474" dir="0" index="5" bw="256" slack="2147483647"/>
<pin id="475" dir="0" index="6" bw="0" slack="2147483647"/>
<pin id="472" dir="1" index="3" bw="256" slack="2147483647"/>
<pin id="476" dir="1" index="7" bw="256" slack="2147483647"/>
</pin_list>
<bind>
<opcode="store(28) " fcode="store"/>
<opset="store_ln131/15 "/>
</bind>
</comp>

<comp id="478" class="1004" name="store_ln0_store_fu_478">
<pin_list>
<pin id="479" dir="0" index="0" bw="1" slack="0"/>
<pin id="480" dir="0" index="1" bw="12" slack="0"/>
<pin id="481" dir="1" index="2" bw="0" slack="2147483647"/>
</pin_list>
<bind>
<opcode="store(28) " fcode="store"/>
<opset="store_ln0/1 "/>
</bind>
</comp>

<comp id="483" class="1004" name="store_ln126_store_fu_483">
<pin_list>
<pin id="484" dir="0" index="0" bw="1" slack="0"/>
<pin id="485" dir="0" index="1" bw="2" slack="0"/>
<pin id="486" dir="1" index="2" bw="0" slack="2147483647"/>
</pin_list>
<bind>
<opcode="store(28) " fcode="store"/>
<opset="store_ln126/1 "/>
</bind>
</comp>

<comp id="488" class="1004" name="store_ln129_store_fu_488">
<pin_list>
<pin id="489" dir="0" index="0" bw="1" slack="0"/>
<pin id="490" dir="0" index="1" bw="10" slack="0"/>
<pin id="491" dir="1" index="2" bw="0" slack="2147483647"/>
</pin_list>
<bind>
<opcode="store(28) " fcode="store"/>
<opset="store_ln129/1 "/>
</bind>
</comp>

<comp id="493" class="1004" name="indvar_flatten_load_load_fu_493">
<pin_list>
<pin id="494" dir="0" index="0" bw="12" slack="0"/>
<pin id="495" dir="1" index="1" bw="12" slack="0"/>
</pin_list>
<bind>
<opcode="load(27) " fcode="load"/>
<opset="indvar_flatten_load/1 "/>
</bind>
</comp>

<comp id="496" class="1004" name="icmp_ln122_fu_496">
<pin_list>
<pin id="497" dir="0" index="0" bw="12" slack="0"/>
<pin id="498" dir="0" index="1" bw="12" slack="0"/>
<pin id="499" dir="1" index="2" bw="1" slack="13"/>
</pin_list>
<bind>
<opcode="icmp(45) " fcode="icmp"/>
<opset="icmp_ln122/1 "/>
</bind>
</comp>

<comp id="502" class="1004" name="add_ln122_fu_502">
<pin_list>
<pin id="503" dir="0" index="0" bw="12" slack="0"/>
<pin id="504" dir="0" index="1" bw="1" slack="0"/>
<pin id="505" dir="1" index="2" bw="12" slack="0"/>
</pin_list>
<bind>
<opcode="add(8) " fcode="add"/>
<opset="add_ln122/1 "/>
</bind>
</comp>

<comp id="508" class="1004" name="i_load_load_fu_508">
<pin_list>
<pin id="509" dir="0" index="0" bw="10" slack="0"/>
<pin id="510" dir="1" index="1" bw="10" slack="0"/>
</pin_list>
<bind>
<opcode="load(27) " fcode="load"/>
<opset="i_load/1 "/>
</bind>
</comp>

<comp id="511" class="1004" name="icmp_ln129_fu_511">
<pin_list>
<pin id="512" dir="0" index="0" bw="10" slack="0"/>
<pin id="513" dir="0" index="1" bw="10" slack="0"/>
<pin id="514" dir="1" index="2" bw="1" slack="0"/>
</pin_list>
<bind>
<opcode="icmp(45) " fcode="icmp"/>
<opset="icmp_ln129/1 "/>
</bind>
</comp>

<comp id="517" class="1004" name="select_ln122_fu_517">
<pin_list>
<pin id="518" dir="0" index="0" bw="1" slack="0"/>
<pin id="519" dir="0" index="1" bw="10" slack="0"/>
<pin id="520" dir="0" index="2" bw="10" slack="0"/>
<pin id="521" dir="1" index="3" bw="10" slack="0"/>
</pin_list>
<bind>
<opcode="select(49) " fcode="select"/>
<opset="select_ln122/1 "/>
</bind>
</comp>

<comp id="525" class="1004" name="first_iter_0_fu_525">
<pin_list>
<pin id="526" dir="0" index="0" bw="10" slack="0"/>
<pin id="527" dir="0" index="1" bw="10" slack="0"/>
<pin id="528" dir="1" index="2" bw="1" slack="3"/>
</pin_list>
<bind>
<opcode="icmp(45) " fcode="icmp"/>
<opset="first_iter_0/1 "/>
</bind>
</comp>

<comp id="531" class="1004" name="grp_fu_531">
<pin_list>
<pin id="532" dir="0" index="0" bw="10" slack="0"/>
<pin id="533" dir="0" index="1" bw="7" slack="0"/>
<pin id="534" dir="1" index="2" bw="8" slack="0"/>
</pin_list>
<bind>
<opcode="urem(17) " fcode="urem"/>
<opset="urem_ln131/1 "/>
</bind>
</comp>

<comp id="537" class="1004" name="add_ln129_2_fu_537">
<pin_list>
<pin id="538" dir="0" index="0" bw="10" slack="0"/>
<pin id="539" dir="0" index="1" bw="1" slack="0"/>
<pin id="540" dir="1" index="2" bw="10" slack="0"/>
</pin_list>
<bind>
<opcode="add(8) " fcode="add"/>
<opset="add_ln129_2/1 "/>
</bind>
</comp>

<comp id="543" class="1004" name="store_ln122_store_fu_543">
<pin_list>
<pin id="544" dir="0" index="0" bw="12" slack="0"/>
<pin id="545" dir="0" index="1" bw="12" slack="0"/>
<pin id="546" dir="1" index="2" bw="0" slack="2147483647"/>
</pin_list>
<bind>
<opcode="store(28) " fcode="store"/>
<opset="store_ln122/1 "/>
</bind>
</comp>

<comp id="548" class="1004" name="store_ln129_store_fu_548">
<pin_list>
<pin id="549" dir="0" index="0" bw="10" slack="0"/>
<pin id="550" dir="0" index="1" bw="10" slack="0"/>
<pin id="551" dir="1" index="2" bw="0" slack="2147483647"/>
</pin_list>
<bind>
<opcode="store(28) " fcode="store"/>
<opset="store_ln129/1 "/>
</bind>
</comp>

<comp id="553" class="1004" name="slot_load_load_fu_553">
<pin_list>
<pin id="554" dir="0" index="0" bw="2" slack="1"/>
<pin id="555" dir="1" index="1" bw="2" slack="0"/>
</pin_list>
<bind>
<opcode="load(27) " fcode="load"/>
<opset="slot_load/2 "/>
</bind>
</comp>

<comp id="556" class="1004" name="row_init_fu_556">
<pin_list>
<pin id="557" dir="0" index="0" bw="2" slack="0"/>
<pin id="558" dir="0" index="1" bw="1" slack="0"/>
<pin id="559" dir="1" index="2" bw="2" slack="0"/>
</pin_list>
<bind>
<opcode="add(8) " fcode="add"/>
<opset="row_init/2 "/>
</bind>
</comp>

<comp id="562" class="1004" name="select_ln122_1_fu_562">
<pin_list>
<pin id="563" dir="0" index="0" bw="1" slack="1"/>
<pin id="564" dir="0" index="1" bw="2" slack="0"/>
<pin id="565" dir="0" index="2" bw="2" slack="0"/>
<pin id="566" dir="1" index="3" bw="2" slack="0"/>
</pin_list>
<bind>
<opcode="select(49) " fcode="select"/>
<opset="select_ln122_1/2 "/>
</bind>
</comp>

<comp id="569" class="1004" name="add_ln123_fu_569">
<pin_list>
<pin id="570" dir="0" index="0" bw="2" slack="0"/>
<pin id="571" dir="0" index="1" bw="1" slack="0"/>
<pin id="572" dir="1" index="2" bw="2" slack="0"/>
</pin_list>
<bind>
<opcode="add(8) " fcode="add"/>
<opset="add_ln123/2 "/>
</bind>
</comp>

<comp id="575" class="1004" name="tmp_6_fu_575">
<pin_list>
<pin id="576" dir="0" index="0" bw="1" slack="0"/>
<pin id="577" dir="0" index="1" bw="2" slack="0"/>
<pin id="578" dir="0" index="2" bw="1" slack="0"/>
<pin id="579" dir="1" index="3" bw="1" slack="0"/>
</pin_list>
<bind>
<opcode="bitselect(1000) " fcode="bitselect"/>
<opset="tmp_6/2 "/>
</bind>
</comp>

<comp id="583" class="1004" name="sub_ln125_fu_583">
<pin_list>
<pin id="584" dir="0" index="0" bw="1" slack="0"/>
<pin id="585" dir="0" index="1" bw="2" slack="0"/>
<pin id="586" dir="1" index="2" bw="2" slack="0"/>
</pin_list>
<bind>
<opcode="sub(10) " fcode="sub"/>
<opset="sub_ln125/2 "/>
</bind>
</comp>

<comp id="589" class="1004" name="select_ln125_fu_589">
<pin_list>
<pin id="590" dir="0" index="0" bw="1" slack="0"/>
<pin id="591" dir="0" index="1" bw="2" slack="0"/>
<pin id="592" dir="0" index="2" bw="2" slack="0"/>
<pin id="593" dir="1" index="3" bw="2" slack="0"/>
</pin_list>
<bind>
<opcode="select(49) " fcode="select"/>
<opset="select_ln125/2 "/>
</bind>
</comp>

<comp id="597" class="1004" name="p_shl_fu_597">
<pin_list>
<pin id="598" dir="0" index="0" bw="16" slack="0"/>
<pin id="599" dir="0" index="1" bw="2" slack="0"/>
<pin id="600" dir="0" index="2" bw="1" slack="0"/>
<pin id="601" dir="1" index="3" bw="16" slack="0"/>
</pin_list>
<bind>
<opcode="bitconcatenate(1004) " fcode="bitconcatenate"/>
<opset="p_shl/2 "/>
</bind>
</comp>

<comp id="605" class="1004" name="tmp_7_fu_605">
<pin_list>
<pin id="606" dir="0" index="0" bw="12" slack="0"/>
<pin id="607" dir="0" index="1" bw="2" slack="0"/>
<pin id="608" dir="0" index="2" bw="1" slack="0"/>
<pin id="609" dir="1" index="3" bw="12" slack="0"/>
</pin_list>
<bind>
<opcode="bitconcatenate(1004) " fcode="bitconcatenate"/>
<opset="tmp_7/2 "/>
</bind>
</comp>

<comp id="613" class="1004" name="sext_ln53_fu_613">
<pin_list>
<pin id="614" dir="0" index="0" bw="12" slack="0"/>
<pin id="615" dir="1" index="1" bw="16" slack="0"/>
</pin_list>
<bind>
<opcode="sext(35) " fcode="sext"/>
<opset="sext_ln53/2 "/>
</bind>
</comp>

<comp id="617" class="1004" name="sub_ln53_fu_617">
<pin_list>
<pin id="618" dir="0" index="0" bw="16" slack="0"/>
<pin id="619" dir="0" index="1" bw="12" slack="0"/>
<pin id="620" dir="1" index="2" bw="16" slack="1"/>
</pin_list>
<bind>
<opcode="sub(10) " fcode="sub"/>
<opset="sub_ln53/2 "/>
</bind>
</comp>

<comp id="623" class="1004" name="zext_ln131_1_fu_623">
<pin_list>
<pin id="624" dir="0" index="0" bw="10" slack="1"/>
<pin id="625" dir="1" index="1" bw="21" slack="0"/>
</pin_list>
<bind>
<opcode="zext(34) " fcode="zext"/>
<opset="zext_ln131_1/2 "/>
</bind>
</comp>

<comp id="626" class="1004" name="mul_ln131_fu_626">
<pin_list>
<pin id="627" dir="0" index="0" bw="10" slack="0"/>
<pin id="628" dir="0" index="1" bw="12" slack="0"/>
<pin id="629" dir="1" index="2" bw="21" slack="0"/>
</pin_list>
<bind>
<opcode="mul(12) " fcode="mul"/>
<opset="mul_ln131/2 "/>
</bind>
</comp>

<comp id="632" class="1004" name="trunc_ln131_2_fu_632">
<pin_list>
<pin id="633" dir="0" index="0" bw="4" slack="0"/>
<pin id="634" dir="0" index="1" bw="21" slack="0"/>
<pin id="635" dir="0" index="2" bw="6" slack="0"/>
<pin id="636" dir="0" index="3" bw="6" slack="0"/>
<pin id="637" dir="1" index="4" bw="4" slack="1"/>
</pin_list>
<bind>
<opcode="partselect(1002) " fcode="partselect"/>
<opset="trunc_ln131_2/2 "/>
</bind>
</comp>

<comp id="642" class="1004" name="store_ln126_store_fu_642">
<pin_list>
<pin id="643" dir="0" index="0" bw="2" slack="0"/>
<pin id="644" dir="0" index="1" bw="2" slack="1"/>
<pin id="645" dir="1" index="2" bw="0" slack="2147483647"/>
</pin_list>
<bind>
<opcode="store(28) " fcode="store"/>
<opset="store_ln126/2 "/>
</bind>
</comp>

<comp id="647" class="1004" name="tmp_8_fu_647">
<pin_list>
<pin id="648" dir="0" index="0" bw="1" slack="0"/>
<pin id="649" dir="0" index="1" bw="16" slack="1"/>
<pin id="650" dir="0" index="2" bw="5" slack="0"/>
<pin id="651" dir="1" index="3" bw="1" slack="0"/>
</pin_list>
<bind>
<opcode="bitselect(1000) " fcode="bitselect"/>
<opset="tmp_8/3 "/>
</bind>
</comp>

<comp id="654" class="1004" name="p_neg_fu_654">
<pin_list>
<pin id="655" dir="0" index="0" bw="1" slack="0"/>
<pin id="656" dir="0" index="1" bw="16" slack="1"/>
<pin id="657" dir="1" index="2" bw="16" slack="0"/>
</pin_list>
<bind>
<opcode="sub(10) " fcode="sub"/>
<opset="p_neg/3 "/>
</bind>
</comp>

<comp id="659" class="1004" name="tmp_fu_659">
<pin_list>
<pin id="660" dir="0" index="0" bw="12" slack="0"/>
<pin id="661" dir="0" index="1" bw="16" slack="0"/>
<pin id="662" dir="0" index="2" bw="4" slack="0"/>
<pin id="663" dir="0" index="3" bw="5" slack="0"/>
<pin id="664" dir="1" index="4" bw="12" slack="0"/>
</pin_list>
<bind>
<opcode="partselect(1002) " fcode="partselect"/>
<opset="tmp/3 "/>
</bind>
</comp>

<comp id="669" class="1004" name="p_neg_t_fu_669">
<pin_list>
<pin id="670" dir="0" index="0" bw="1" slack="0"/>
<pin id="671" dir="0" index="1" bw="12" slack="0"/>
<pin id="672" dir="1" index="2" bw="12" slack="0"/>
</pin_list>
<bind>
<opcode="sub(10) " fcode="sub"/>
<opset="p_neg_t/3 "/>
</bind>
</comp>

<comp id="675" class="1004" name="tmp_3_fu_675">
<pin_list>
<pin id="676" dir="0" index="0" bw="12" slack="0"/>
<pin id="677" dir="0" index="1" bw="16" slack="1"/>
<pin id="678" dir="0" index="2" bw="4" slack="0"/>
<pin id="679" dir="0" index="3" bw="5" slack="0"/>
<pin id="680" dir="1" index="4" bw="12" slack="0"/>
</pin_list>
<bind>
<opcode="partselect(1002) " fcode="partselect"/>
<opset="tmp_3/3 "/>
</bind>
</comp>

<comp id="684" class="1004" name="empty_56_fu_684">
<pin_list>
<pin id="685" dir="0" index="0" bw="1" slack="0"/>
<pin id="686" dir="0" index="1" bw="12" slack="0"/>
<pin id="687" dir="0" index="2" bw="12" slack="0"/>
<pin id="688" dir="1" index="3" bw="12" slack="0"/>
</pin_list>
<bind>
<opcode="select(49) " fcode="select"/>
<opset="empty_56/3 "/>
</bind>
</comp>

<comp id="692" class="1004" name="shl_ln_fu_692">
<pin_list>
<pin id="693" dir="0" index="0" bw="17" slack="0"/>
<pin id="694" dir="0" index="1" bw="12" slack="0"/>
<pin id="695" dir="0" index="2" bw="1" slack="0"/>
<pin id="696" dir="1" index="3" bw="17" slack="0"/>
</pin_list>
<bind>
<opcode="bitconcatenate(1004) " fcode="bitconcatenate"/>
<opset="shl_ln/3 "/>
</bind>
</comp>

<comp id="700" class="1004" name="sext_ln129_fu_700">
<pin_list>
<pin id="701" dir="0" index="0" bw="17" slack="0"/>
<pin id="702" dir="1" index="1" bw="64" slack="0"/>
</pin_list>
<bind>
<opcode="sext(35) " fcode="sext"/>
<opset="sext_ln129/3 "/>
</bind>
</comp>

<comp id="704" class="1004" name="add_ln129_fu_704">
<pin_list>
<pin id="705" dir="0" index="0" bw="17" slack="0"/>
<pin id="706" dir="0" index="1" bw="64" slack="2"/>
<pin id="707" dir="1" index="2" bw="64" slack="0"/>
</pin_list>
<bind>
<opcode="add(8) " fcode="add"/>
<opset="add_ln129/3 "/>
</bind>
</comp>

<comp id="709" class="1004" name="trunc_ln_fu_709">
<pin_list>
<pin id="710" dir="0" index="0" bw="59" slack="0"/>
<pin id="711" dir="0" index="1" bw="64" slack="0"/>
<pin id="712" dir="0" index="2" bw="4" slack="0"/>
<pin id="713" dir="0" index="3" bw="7" slack="0"/>
<pin id="714" dir="1" index="4" bw="59" slack="1"/>
</pin_list>
<bind>
<opcode="partselect(1002) " fcode="partselect"/>
<opset="trunc_ln/3 "/>
</bind>
</comp>

<comp id="719" class="1004" name="sext_ln129_2_fu_719">
<pin_list>
<pin id="720" dir="0" index="0" bw="59" slack="1"/>
<pin id="721" dir="1" index="1" bw="64" slack="0"/>
</pin_list>
<bind>
<opcode="sext(35) " fcode="sext"/>
<opset="sext_ln129_2/4 "/>
</bind>
</comp>

<comp id="722" class="1004" name="gmem_inout_addr_fu_722">
<pin_list>
<pin id="723" dir="0" index="0" bw="64" slack="0"/>
<pin id="724" dir="0" index="1" bw="64" slack="0"/>
<pin id="725" dir="1" index="2" bw="64" slack="0"/>
</pin_list>
<bind>
<opcode="getelementptr(29) " fcode="getelementptr"/>
<opset="gmem_inout_addr/4 "/>
</bind>
</comp>

<comp id="729" class="1004" name="p_shl1_fu_729">
<pin_list>
<pin id="730" dir="0" index="0" bw="8" slack="0"/>
<pin id="731" dir="0" index="1" bw="2" slack="12"/>
<pin id="732" dir="0" index="2" bw="1" slack="0"/>
<pin id="733" dir="1" index="3" bw="8" slack="0"/>
</pin_list>
<bind>
<opcode="bitconcatenate(1004) " fcode="bitconcatenate"/>
<opset="p_shl1/14 "/>
</bind>
</comp>

<comp id="736" class="1004" name="tmp_9_fu_736">
<pin_list>
<pin id="737" dir="0" index="0" bw="4" slack="0"/>
<pin id="738" dir="0" index="1" bw="2" slack="12"/>
<pin id="739" dir="0" index="2" bw="1" slack="0"/>
<pin id="740" dir="1" index="3" bw="4" slack="0"/>
</pin_list>
<bind>
<opcode="bitconcatenate(1004) " fcode="bitconcatenate"/>
<opset="tmp_9/14 "/>
</bind>
</comp>

<comp id="743" class="1004" name="zext_ln131_fu_743">
<pin_list>
<pin id="744" dir="0" index="0" bw="4" slack="0"/>
<pin id="745" dir="1" index="1" bw="8" slack="0"/>
</pin_list>
<bind>
<opcode="zext(34) " fcode="zext"/>
<opset="zext_ln131/14 "/>
</bind>
</comp>

<comp id="747" class="1004" name="sub_ln131_fu_747">
<pin_list>
<pin id="748" dir="0" index="0" bw="8" slack="0"/>
<pin id="749" dir="0" index="1" bw="4" slack="0"/>
<pin id="750" dir="1" index="2" bw="8" slack="0"/>
</pin_list>
<bind>
<opcode="sub(10) " fcode="sub"/>
<opset="sub_ln131/14 "/>
</bind>
</comp>

<comp id="753" class="1004" name="trunc_ln131_fu_753">
<pin_list>
<pin id="754" dir="0" index="0" bw="7" slack="0"/>
<pin id="755" dir="1" index="1" bw="8" slack="0"/>
</pin_list>
<bind>
<opcode="trunc(33) " fcode="trunc"/>
<opset="trunc_ln131/14 "/>
</bind>
</comp>

<comp id="757" class="1004" name="add_ln131_fu_757">
<pin_list>
<pin id="758" dir="0" index="0" bw="8" slack="0"/>
<pin id="759" dir="0" index="1" bw="8" slack="0"/>
<pin id="760" dir="1" index="2" bw="8" slack="1"/>
</pin_list>
<bind>
<opcode="add(8) " fcode="add"/>
<opset="add_ln131/14 "/>
</bind>
</comp>

<comp id="763" class="1004" name="zext_ln131_2_fu_763">
<pin_list>
<pin id="764" dir="0" index="0" bw="8" slack="1"/>
<pin id="765" dir="1" index="1" bw="64" slack="0"/>
</pin_list>
<bind>
<opcode="zext(34) " fcode="zext"/>
<opset="zext_ln131_2/15 "/>
</bind>
</comp>

<comp id="782" class="1005" name="i_reg_782">
<pin_list>
<pin id="783" dir="0" index="0" bw="10" slack="0"/>
<pin id="784" dir="1" index="1" bw="10" slack="0"/>
</pin_list>
<bind>
<opset="i "/>
</bind>
</comp>

<comp id="789" class="1005" name="slot_reg_789">
<pin_list>
<pin id="790" dir="0" index="0" bw="2" slack="0"/>
<pin id="791" dir="1" index="1" bw="2" slack="0"/>
</pin_list>
<bind>
<opset="slot "/>
</bind>
</comp>

<comp id="796" class="1005" name="indvar_flatten_reg_796">
<pin_list>
<pin id="797" dir="0" index="0" bw="12" slack="0"/>
<pin id="798" dir="1" index="1" bw="12" slack="0"/>
</pin_list>
<bind>
<opset="indvar_flatten "/>
</bind>
</comp>

<comp id="803" class="1005" name="X_ptr_read_reg_803">
<pin_list>
<pin id="804" dir="0" index="0" bw="64" slack="2"/>
<pin id="805" dir="1" index="1" bw="64" slack="2"/>
</pin_list>
<bind>
<opset="X_ptr_read "/>
</bind>
</comp>

<comp id="808" class="1005" name="icmp_ln122_reg_808">
<pin_list>
<pin id="809" dir="0" index="0" bw="1" slack="13"/>
<pin id="810" dir="1" index="1" bw="1" slack="2147483647"/>
</pin_list>
<bind>
<opset="icmp_ln122 "/>
</bind>
</comp>

<comp id="812" class="1005" name="icmp_ln129_reg_812">
<pin_list>
<pin id="813" dir="0" index="0" bw="1" slack="1"/>
<pin id="814" dir="1" index="1" bw="1" slack="1"/>
</pin_list>
<bind>
<opset="icmp_ln129 "/>
</bind>
</comp>

<comp id="817" class="1005" name="select_ln122_reg_817">
<pin_list>
<pin id="818" dir="0" index="0" bw="10" slack="1"/>
<pin id="819" dir="1" index="1" bw="10" slack="1"/>
</pin_list>
<bind>
<opset="select_ln122 "/>
</bind>
</comp>

<comp id="823" class="1005" name="first_iter_0_reg_823">
<pin_list>
<pin id="824" dir="0" index="0" bw="1" slack="3"/>
<pin id="825" dir="1" index="1" bw="1" slack="2147483647"/>
</pin_list>
<bind>
<opset="first_iter_0 "/>
</bind>
</comp>

<comp id="827" class="1005" name="select_ln122_1_reg_827">
<pin_list>
<pin id="828" dir="0" index="0" bw="2" slack="12"/>
<pin id="829" dir="1" index="1" bw="2" slack="12"/>
</pin_list>
<bind>
<opset="select_ln122_1 "/>
</bind>
</comp>

<comp id="833" class="1005" name="sub_ln53_reg_833">
<pin_list>
<pin id="834" dir="0" index="0" bw="16" slack="1"/>
<pin id="835" dir="1" index="1" bw="16" slack="1"/>
</pin_list>
<bind>
<opset="sub_ln53 "/>
</bind>
</comp>

<comp id="840" class="1005" name="trunc_ln131_2_reg_840">
<pin_list>
<pin id="841" dir="0" index="0" bw="4" slack="1"/>
<pin id="842" dir="1" index="1" bw="4" slack="2147483647"/>
</pin_list>
<bind>
<opset="trunc_ln131_2 "/>
</bind>
</comp>

<comp id="844" class="1005" name="trunc_ln_reg_844">
<pin_list>
<pin id="845" dir="0" index="0" bw="59" slack="1"/>
<pin id="846" dir="1" index="1" bw="59" slack="1"/>
</pin_list>
<bind>
<opset="trunc_ln "/>
</bind>
</comp>

<comp id="849" class="1005" name="gmem_inout_addr_reg_849">
<pin_list>
<pin id="850" dir="0" index="0" bw="256" slack="1"/>
<pin id="851" dir="1" index="1" bw="256" slack="1"/>
</pin_list>
<bind>
<opset="gmem_inout_addr "/>
</bind>
</comp>

<comp id="855" class="1005" name="gmem_inout_addr_read_reg_855">
<pin_list>
<pin id="856" dir="0" index="0" bw="256" slack="3"/>
<pin id="857" dir="1" index="1" bw="256" slack="3"/>
</pin_list>
<bind>
<opset="gmem_inout_addr_read "/>
</bind>
</comp>

<comp id="875" class="1005" name="add_ln131_reg_875">
<pin_list>
<pin id="876" dir="0" index="0" bw="8" slack="1"/>
<pin id="877" dir="1" index="1" bw="8" slack="1"/>
</pin_list>
<bind>
<opset="add_ln131 "/>
</bind>
</comp>

</comp_list>

<net_list>
<net id="179"><net_src comp="36" pin="0"/><net_sink comp="176" pin=0"/></net>

<net id="183"><net_src comp="36" pin="0"/><net_sink comp="180" pin=0"/></net>

<net id="187"><net_src comp="36" pin="0"/><net_sink comp="184" pin=0"/></net>

<net id="192"><net_src comp="66" pin="0"/><net_sink comp="188" pin=0"/></net>

<net id="193"><net_src comp="2" pin="0"/><net_sink comp="188" pin=1"/></net>

<net id="199"><net_src comp="160" pin="0"/><net_sink comp="194" pin=0"/></net>

<net id="200"><net_src comp="162" pin="0"/><net_sink comp="194" pin=2"/></net>

<net id="205"><net_src comp="164" pin="0"/><net_sink comp="201" pin=0"/></net>

<net id="211"><net_src comp="4" pin="0"/><net_sink comp="206" pin=0"/></net>

<net id="212"><net_src comp="174" pin="0"/><net_sink comp="206" pin=1"/></net>

<net id="218"><net_src comp="6" pin="0"/><net_sink comp="213" pin=0"/></net>

<net id="219"><net_src comp="174" pin="0"/><net_sink comp="213" pin=1"/></net>

<net id="225"><net_src comp="8" pin="0"/><net_sink comp="220" pin=0"/></net>

<net id="226"><net_src comp="174" pin="0"/><net_sink comp="220" pin=1"/></net>

<net id="232"><net_src comp="10" pin="0"/><net_sink comp="227" pin=0"/></net>

<net id="233"><net_src comp="174" pin="0"/><net_sink comp="227" pin=1"/></net>

<net id="239"><net_src comp="12" pin="0"/><net_sink comp="234" pin=0"/></net>

<net id="240"><net_src comp="174" pin="0"/><net_sink comp="234" pin=1"/></net>

<net id="246"><net_src comp="14" pin="0"/><net_sink comp="241" pin=0"/></net>

<net id="247"><net_src comp="174" pin="0"/><net_sink comp="241" pin=1"/></net>

<net id="253"><net_src comp="16" pin="0"/><net_sink comp="248" pin=0"/></net>

<net id="254"><net_src comp="174" pin="0"/><net_sink comp="248" pin=1"/></net>

<net id="260"><net_src comp="18" pin="0"/><net_sink comp="255" pin=0"/></net>

<net id="261"><net_src comp="174" pin="0"/><net_sink comp="255" pin=1"/></net>

<net id="267"><net_src comp="20" pin="0"/><net_sink comp="262" pin=0"/></net>

<net id="268"><net_src comp="174" pin="0"/><net_sink comp="262" pin=1"/></net>

<net id="274"><net_src comp="22" pin="0"/><net_sink comp="269" pin=0"/></net>

<net id="275"><net_src comp="174" pin="0"/><net_sink comp="269" pin=1"/></net>

<net id="281"><net_src comp="24" pin="0"/><net_sink comp="276" pin=0"/></net>

<net id="282"><net_src comp="174" pin="0"/><net_sink comp="276" pin=1"/></net>

<net id="288"><net_src comp="26" pin="0"/><net_sink comp="283" pin=0"/></net>

<net id="289"><net_src comp="174" pin="0"/><net_sink comp="283" pin=1"/></net>

<net id="295"><net_src comp="28" pin="0"/><net_sink comp="290" pin=0"/></net>

<net id="296"><net_src comp="174" pin="0"/><net_sink comp="290" pin=1"/></net>

<net id="302"><net_src comp="30" pin="0"/><net_sink comp="297" pin=0"/></net>

<net id="303"><net_src comp="174" pin="0"/><net_sink comp="297" pin=1"/></net>

<net id="309"><net_src comp="32" pin="0"/><net_sink comp="304" pin=0"/></net>

<net id="310"><net_src comp="174" pin="0"/><net_sink comp="304" pin=1"/></net>

<net id="316"><net_src comp="34" pin="0"/><net_sink comp="311" pin=0"/></net>

<net id="317"><net_src comp="174" pin="0"/><net_sink comp="311" pin=1"/></net>

<net id="327"><net_src comp="304" pin="3"/><net_sink comp="318" pin=2"/></net>

<net id="337"><net_src comp="297" pin="3"/><net_sink comp="328" pin=2"/></net>

<net id="347"><net_src comp="290" pin="3"/><net_sink comp="338" pin=2"/></net>

<net id="357"><net_src comp="283" pin="3"/><net_sink comp="348" pin=2"/></net>

<net id="367"><net_src comp="276" pin="3"/><net_sink comp="358" pin=2"/></net>

<net id="377"><net_src comp="269" pin="3"/><net_sink comp="368" pin=2"/></net>

<net id="387"><net_src comp="262" pin="3"/><net_sink comp="378" pin=2"/></net>

<net id="397"><net_src comp="255" pin="3"/><net_sink comp="388" pin=2"/></net>

<net id="407"><net_src comp="248" pin="3"/><net_sink comp="398" pin=2"/></net>

<net id="417"><net_src comp="241" pin="3"/><net_sink comp="408" pin=2"/></net>

<net id="427"><net_src comp="234" pin="3"/><net_sink comp="418" pin=2"/></net>

<net id="437"><net_src comp="227" pin="3"/><net_sink comp="428" pin=2"/></net>

<net id="447"><net_src comp="220" pin="3"/><net_sink comp="438" pin=2"/></net>

<net id="457"><net_src comp="213" pin="3"/><net_sink comp="448" pin=2"/></net>

<net id="467"><net_src comp="206" pin="3"/><net_sink comp="458" pin=2"/></net>

<net id="477"><net_src comp="311" pin="3"/><net_sink comp="468" pin=2"/></net>

<net id="482"><net_src comp="68" pin="0"/><net_sink comp="478" pin=0"/></net>

<net id="487"><net_src comp="70" pin="0"/><net_sink comp="483" pin=0"/></net>

<net id="492"><net_src comp="72" pin="0"/><net_sink comp="488" pin=0"/></net>

<net id="500"><net_src comp="493" pin="1"/><net_sink comp="496" pin=0"/></net>

<net id="501"><net_src comp="74" pin="0"/><net_sink comp="496" pin=1"/></net>

<net id="506"><net_src comp="493" pin="1"/><net_sink comp="502" pin=0"/></net>

<net id="507"><net_src comp="76" pin="0"/><net_sink comp="502" pin=1"/></net>

<net id="515"><net_src comp="508" pin="1"/><net_sink comp="511" pin=0"/></net>

<net id="516"><net_src comp="78" pin="0"/><net_sink comp="511" pin=1"/></net>

<net id="522"><net_src comp="511" pin="2"/><net_sink comp="517" pin=0"/></net>

<net id="523"><net_src comp="72" pin="0"/><net_sink comp="517" pin=1"/></net>

<net id="524"><net_src comp="508" pin="1"/><net_sink comp="517" pin=2"/></net>

<net id="529"><net_src comp="517" pin="3"/><net_sink comp="525" pin=0"/></net>

<net id="530"><net_src comp="72" pin="0"/><net_sink comp="525" pin=1"/></net>

<net id="535"><net_src comp="517" pin="3"/><net_sink comp="531" pin=0"/></net>

<net id="536"><net_src comp="80" pin="0"/><net_sink comp="531" pin=1"/></net>

<net id="541"><net_src comp="517" pin="3"/><net_sink comp="537" pin=0"/></net>

<net id="542"><net_src comp="82" pin="0"/><net_sink comp="537" pin=1"/></net>

<net id="547"><net_src comp="502" pin="2"/><net_sink comp="543" pin=0"/></net>

<net id="552"><net_src comp="537" pin="2"/><net_sink comp="548" pin=0"/></net>

<net id="560"><net_src comp="553" pin="1"/><net_sink comp="556" pin=0"/></net>

<net id="561"><net_src comp="84" pin="0"/><net_sink comp="556" pin=1"/></net>

<net id="567"><net_src comp="556" pin="2"/><net_sink comp="562" pin=1"/></net>

<net id="568"><net_src comp="553" pin="1"/><net_sink comp="562" pin=2"/></net>

<net id="573"><net_src comp="562" pin="3"/><net_sink comp="569" pin=0"/></net>

<net id="574"><net_src comp="86" pin="0"/><net_sink comp="569" pin=1"/></net>

<net id="580"><net_src comp="88" pin="0"/><net_sink comp="575" pin=0"/></net>

<net id="581"><net_src comp="569" pin="2"/><net_sink comp="575" pin=1"/></net>

<net id="582"><net_src comp="36" pin="0"/><net_sink comp="575" pin=2"/></net>

<net id="587"><net_src comp="84" pin="0"/><net_sink comp="583" pin=0"/></net>

<net id="588"><net_src comp="562" pin="3"/><net_sink comp="583" pin=1"/></net>

<net id="594"><net_src comp="575" pin="3"/><net_sink comp="589" pin=0"/></net>

<net id="595"><net_src comp="583" pin="2"/><net_sink comp="589" pin=1"/></net>

<net id="596"><net_src comp="569" pin="2"/><net_sink comp="589" pin=2"/></net>

<net id="602"><net_src comp="90" pin="0"/><net_sink comp="597" pin=0"/></net>

<net id="603"><net_src comp="589" pin="3"/><net_sink comp="597" pin=1"/></net>

<net id="604"><net_src comp="92" pin="0"/><net_sink comp="597" pin=2"/></net>

<net id="610"><net_src comp="94" pin="0"/><net_sink comp="605" pin=0"/></net>

<net id="611"><net_src comp="589" pin="3"/><net_sink comp="605" pin=1"/></net>

<net id="612"><net_src comp="72" pin="0"/><net_sink comp="605" pin=2"/></net>

<net id="616"><net_src comp="605" pin="3"/><net_sink comp="613" pin=0"/></net>

<net id="621"><net_src comp="597" pin="3"/><net_sink comp="617" pin=0"/></net>

<net id="622"><net_src comp="613" pin="1"/><net_sink comp="617" pin=1"/></net>

<net id="630"><net_src comp="623" pin="1"/><net_sink comp="626" pin=0"/></net>

<net id="631"><net_src comp="96" pin="0"/><net_sink comp="626" pin=1"/></net>

<net id="638"><net_src comp="98" pin="0"/><net_sink comp="632" pin=0"/></net>

<net id="639"><net_src comp="626" pin="2"/><net_sink comp="632" pin=1"/></net>

<net id="640"><net_src comp="100" pin="0"/><net_sink comp="632" pin=2"/></net>

<net id="641"><net_src comp="102" pin="0"/><net_sink comp="632" pin=3"/></net>

<net id="646"><net_src comp="562" pin="3"/><net_sink comp="642" pin=0"/></net>

<net id="652"><net_src comp="104" pin="0"/><net_sink comp="647" pin=0"/></net>

<net id="653"><net_src comp="106" pin="0"/><net_sink comp="647" pin=2"/></net>

<net id="658"><net_src comp="108" pin="0"/><net_sink comp="654" pin=0"/></net>

<net id="665"><net_src comp="110" pin="0"/><net_sink comp="659" pin=0"/></net>

<net id="666"><net_src comp="654" pin="2"/><net_sink comp="659" pin=1"/></net>

<net id="667"><net_src comp="60" pin="0"/><net_sink comp="659" pin=2"/></net>

<net id="668"><net_src comp="106" pin="0"/><net_sink comp="659" pin=3"/></net>

<net id="673"><net_src comp="68" pin="0"/><net_sink comp="669" pin=0"/></net>

<net id="674"><net_src comp="659" pin="4"/><net_sink comp="669" pin=1"/></net>

<net id="681"><net_src comp="110" pin="0"/><net_sink comp="675" pin=0"/></net>

<net id="682"><net_src comp="60" pin="0"/><net_sink comp="675" pin=2"/></net>

<net id="683"><net_src comp="106" pin="0"/><net_sink comp="675" pin=3"/></net>

<net id="689"><net_src comp="647" pin="3"/><net_sink comp="684" pin=0"/></net>

<net id="690"><net_src comp="669" pin="2"/><net_sink comp="684" pin=1"/></net>

<net id="691"><net_src comp="675" pin="4"/><net_sink comp="684" pin=2"/></net>

<net id="697"><net_src comp="112" pin="0"/><net_sink comp="692" pin=0"/></net>

<net id="698"><net_src comp="684" pin="3"/><net_sink comp="692" pin=1"/></net>

<net id="699"><net_src comp="114" pin="0"/><net_sink comp="692" pin=2"/></net>

<net id="703"><net_src comp="692" pin="3"/><net_sink comp="700" pin=0"/></net>

<net id="708"><net_src comp="700" pin="1"/><net_sink comp="704" pin=0"/></net>

<net id="715"><net_src comp="116" pin="0"/><net_sink comp="709" pin=0"/></net>

<net id="716"><net_src comp="704" pin="2"/><net_sink comp="709" pin=1"/></net>

<net id="717"><net_src comp="118" pin="0"/><net_sink comp="709" pin=2"/></net>

<net id="718"><net_src comp="120" pin="0"/><net_sink comp="709" pin=3"/></net>

<net id="726"><net_src comp="0" pin="0"/><net_sink comp="722" pin=0"/></net>

<net id="727"><net_src comp="719" pin="1"/><net_sink comp="722" pin=1"/></net>

<net id="728"><net_src comp="722" pin="2"/><net_sink comp="194" pin=1"/></net>

<net id="734"><net_src comp="166" pin="0"/><net_sink comp="729" pin=0"/></net>

<net id="735"><net_src comp="168" pin="0"/><net_sink comp="729" pin=2"/></net>

<net id="741"><net_src comp="170" pin="0"/><net_sink comp="736" pin=0"/></net>

<net id="742"><net_src comp="70" pin="0"/><net_sink comp="736" pin=2"/></net>

<net id="746"><net_src comp="736" pin="3"/><net_sink comp="743" pin=0"/></net>

<net id="751"><net_src comp="729" pin="3"/><net_sink comp="747" pin=0"/></net>

<net id="752"><net_src comp="743" pin="1"/><net_sink comp="747" pin=1"/></net>

<net id="756"><net_src comp="531" pin="2"/><net_sink comp="753" pin=0"/></net>

<net id="761"><net_src comp="747" pin="2"/><net_sink comp="757" pin=0"/></net>

<net id="762"><net_src comp="753" pin="1"/><net_sink comp="757" pin=1"/></net>

<net id="766"><net_src comp="763" pin="1"/><net_sink comp="206" pin=2"/></net>

<net id="767"><net_src comp="763" pin="1"/><net_sink comp="213" pin=2"/></net>

<net id="768"><net_src comp="763" pin="1"/><net_sink comp="220" pin=2"/></net>

<net id="769"><net_src comp="763" pin="1"/><net_sink comp="227" pin=2"/></net>

<net id="770"><net_src comp="763" pin="1"/><net_sink comp="234" pin=2"/></net>

<net id="771"><net_src comp="763" pin="1"/><net_sink comp="241" pin=2"/></net>

<net id="772"><net_src comp="763" pin="1"/><net_sink comp="248" pin=2"/></net>

<net id="773"><net_src comp="763" pin="1"/><net_sink comp="255" pin=2"/></net>

<net id="774"><net_src comp="763" pin="1"/><net_sink comp="262" pin=2"/></net>

<net id="775"><net_src comp="763" pin="1"/><net_sink comp="269" pin=2"/></net>

<net id="776"><net_src comp="763" pin="1"/><net_sink comp="276" pin=2"/></net>

<net id="777"><net_src comp="763" pin="1"/><net_sink comp="283" pin=2"/></net>

<net id="778"><net_src comp="763" pin="1"/><net_sink comp="290" pin=2"/></net>

<net id="779"><net_src comp="763" pin="1"/><net_sink comp="297" pin=2"/></net>

<net id="780"><net_src comp="763" pin="1"/><net_sink comp="304" pin=2"/></net>

<net id="781"><net_src comp="763" pin="1"/><net_sink comp="311" pin=2"/></net>

<net id="785"><net_src comp="176" pin="1"/><net_sink comp="782" pin=0"/></net>

<net id="786"><net_src comp="782" pin="1"/><net_sink comp="488" pin=1"/></net>

<net id="787"><net_src comp="782" pin="1"/><net_sink comp="508" pin=0"/></net>

<net id="788"><net_src comp="782" pin="1"/><net_sink comp="548" pin=1"/></net>

<net id="792"><net_src comp="180" pin="1"/><net_sink comp="789" pin=0"/></net>

<net id="793"><net_src comp="789" pin="1"/><net_sink comp="483" pin=1"/></net>

<net id="794"><net_src comp="789" pin="1"/><net_sink comp="553" pin=0"/></net>

<net id="795"><net_src comp="789" pin="1"/><net_sink comp="642" pin=1"/></net>

<net id="799"><net_src comp="184" pin="1"/><net_sink comp="796" pin=0"/></net>

<net id="800"><net_src comp="796" pin="1"/><net_sink comp="478" pin=1"/></net>

<net id="801"><net_src comp="796" pin="1"/><net_sink comp="493" pin=0"/></net>

<net id="802"><net_src comp="796" pin="1"/><net_sink comp="543" pin=1"/></net>

<net id="806"><net_src comp="188" pin="2"/><net_sink comp="803" pin=0"/></net>

<net id="807"><net_src comp="803" pin="1"/><net_sink comp="704" pin=1"/></net>

<net id="811"><net_src comp="496" pin="2"/><net_sink comp="808" pin=0"/></net>

<net id="815"><net_src comp="511" pin="2"/><net_sink comp="812" pin=0"/></net>

<net id="816"><net_src comp="812" pin="1"/><net_sink comp="562" pin=0"/></net>

<net id="820"><net_src comp="517" pin="3"/><net_sink comp="817" pin=0"/></net>

<net id="821"><net_src comp="817" pin="1"/><net_sink comp="623" pin=0"/></net>

<net id="822"><net_src comp="817" pin="1"/><net_sink comp="531" pin=0"/></net>

<net id="826"><net_src comp="525" pin="2"/><net_sink comp="823" pin=0"/></net>

<net id="830"><net_src comp="562" pin="3"/><net_sink comp="827" pin=0"/></net>

<net id="831"><net_src comp="827" pin="1"/><net_sink comp="729" pin=1"/></net>

<net id="832"><net_src comp="827" pin="1"/><net_sink comp="736" pin=1"/></net>

<net id="836"><net_src comp="617" pin="2"/><net_sink comp="833" pin=0"/></net>

<net id="837"><net_src comp="833" pin="1"/><net_sink comp="647" pin=1"/></net>

<net id="838"><net_src comp="833" pin="1"/><net_sink comp="654" pin=1"/></net>

<net id="839"><net_src comp="833" pin="1"/><net_sink comp="675" pin=1"/></net>

<net id="843"><net_src comp="632" pin="4"/><net_sink comp="840" pin=0"/></net>

<net id="847"><net_src comp="709" pin="4"/><net_sink comp="844" pin=0"/></net>

<net id="848"><net_src comp="844" pin="1"/><net_sink comp="719" pin=0"/></net>

<net id="852"><net_src comp="722" pin="2"/><net_sink comp="849" pin=0"/></net>

<net id="853"><net_src comp="849" pin="1"/><net_sink comp="194" pin=1"/></net>

<net id="854"><net_src comp="849" pin="1"/><net_sink comp="201" pin=1"/></net>

<net id="858"><net_src comp="201" pin="2"/><net_sink comp="855" pin=0"/></net>

<net id="859"><net_src comp="855" pin="1"/><net_sink comp="318" pin=4"/></net>

<net id="860"><net_src comp="855" pin="1"/><net_sink comp="328" pin=4"/></net>

<net id="861"><net_src comp="855" pin="1"/><net_sink comp="338" pin=4"/></net>

<net id="862"><net_src comp="855" pin="1"/><net_sink comp="348" pin=4"/></net>

<net id="863"><net_src comp="855" pin="1"/><net_sink comp="358" pin=4"/></net>

<net id="864"><net_src comp="855" pin="1"/><net_sink comp="368" pin=4"/></net>

<net id="865"><net_src comp="855" pin="1"/><net_sink comp="378" pin=4"/></net>

<net id="866"><net_src comp="855" pin="1"/><net_sink comp="388" pin=4"/></net>

<net id="867"><net_src comp="855" pin="1"/><net_sink comp="398" pin=4"/></net>

<net id="868"><net_src comp="855" pin="1"/><net_sink comp="408" pin=4"/></net>

<net id="869"><net_src comp="855" pin="1"/><net_sink comp="418" pin=4"/></net>

<net id="870"><net_src comp="855" pin="1"/><net_sink comp="428" pin=4"/></net>

<net id="871"><net_src comp="855" pin="1"/><net_sink comp="438" pin=4"/></net>

<net id="872"><net_src comp="855" pin="1"/><net_sink comp="448" pin=4"/></net>

<net id="873"><net_src comp="855" pin="1"/><net_sink comp="458" pin=4"/></net>

<net id="874"><net_src comp="855" pin="1"/><net_sink comp="468" pin=4"/></net>

<net id="878"><net_src comp="757" pin="2"/><net_sink comp="875" pin=0"/></net>

<net id="879"><net_src comp="875" pin="1"/><net_sink comp="763" pin=0"/></net>

</net_list>

</model> 
---------------- Datapath Model END ------------------

* FSMD analyzer results:
  - Output states:
	Port: gmem_inout | {}
	Port: x_buf_256_0 | {15 }
	Port: x_buf_256_1 | {15 }
	Port: x_buf_256_2 | {15 }
	Port: x_buf_256_3 | {15 }
	Port: x_buf_256_4 | {15 }
	Port: x_buf_256_5 | {15 }
	Port: x_buf_256_6 | {15 }
	Port: x_buf_256_7 | {15 }
	Port: x_buf_256_8 | {15 }
	Port: x_buf_256_9 | {15 }
	Port: x_buf_256_10 | {15 }
	Port: x_buf_256_11 | {15 }
	Port: x_buf_256_12 | {15 }
	Port: x_buf_256_13 | {15 }
	Port: x_buf_256_14 | {15 }
	Port: x_buf_256_15 | {15 }
 - Input state : 
	Port: init_rows<16, 960, false, half> : gmem_inout | {4 5 6 7 8 9 10 11 12 }
	Port: init_rows<16, 960, false, half> : X_ptr | {1 }
  - Chain level:
	State 1
		store_ln0 : 1
		store_ln126 : 1
		store_ln129 : 1
		indvar_flatten_load : 1
		icmp_ln122 : 2
		add_ln122 : 2
		br_ln122 : 3
		i_load : 1
		icmp_ln129 : 2
		select_ln122 : 3
		first_iter_0 : 4
		br_ln129 : 5
		urem_ln131 : 4
		add_ln129_2 : 4
		store_ln122 : 3
		store_ln129 : 5
	State 2
		row_init : 1
		select_ln122_1 : 2
		add_ln123 : 3
		tmp_6 : 4
		sub_ln125 : 3
		select_ln125 : 5
		p_shl : 6
		tmp_7 : 6
		sext_ln53 : 7
		sub_ln53 : 8
		mul_ln131 : 1
		trunc_ln131_2 : 2
		store_ln126 : 3
	State 3
		tmp : 1
		p_neg_t : 2
		empty_56 : 3
		shl_ln : 4
		sext_ln129 : 5
		add_ln129 : 6
		trunc_ln : 7
	State 4
		gmem_inout_addr : 1
		empty : 2
	State 5
	State 6
	State 7
	State 8
	State 9
	State 10
	State 11
	State 12
	State 13
	State 14
		zext_ln131 : 1
		sub_ln131 : 2
		trunc_ln131 : 1
		add_ln131 : 3
	State 15
		x_buf_256_0_addr : 1
		x_buf_256_1_addr : 1
		x_buf_256_2_addr : 1
		x_buf_256_3_addr : 1
		x_buf_256_4_addr : 1
		x_buf_256_5_addr : 1
		x_buf_256_6_addr : 1
		x_buf_256_7_addr : 1
		x_buf_256_8_addr : 1
		x_buf_256_9_addr : 1
		x_buf_256_10_addr : 1
		x_buf_256_11_addr : 1
		x_buf_256_12_addr : 1
		x_buf_256_13_addr : 1
		x_buf_256_14_addr : 1
		x_buf_256_15_addr : 1
		store_ln131 : 2
		store_ln131 : 2
		store_ln131 : 2
		store_ln131 : 2
		store_ln131 : 2
		store_ln131 : 2
		store_ln131 : 2
		store_ln131 : 2
		store_ln131 : 2
		store_ln131 : 2
		store_ln131 : 2
		store_ln131 : 2
		store_ln131 : 2
		store_ln131 : 2
		store_ln131 : 2
		store_ln131 : 2


============================================================
+ Verbose Summary: Datapath Resource usage 
============================================================

* Functional unit list:
|----------|----------------------------------|---------|---------|---------|
| Operation|          Functional Unit         |   DSP   |    FF   |   LUT   |
|----------|----------------------------------|---------|---------|---------|
|   urem   |            grp_fu_531            |    0    |   282   |   194   |
|----------|----------------------------------|---------|---------|---------|
|          |         add_ln122_fu_502         |    0    |    0    |    19   |
|          |        add_ln129_2_fu_537        |    0    |    0    |    17   |
|    add   |          row_init_fu_556         |    0    |    0    |    9    |
|          |         add_ln123_fu_569         |    0    |    0    |    9    |
|          |         add_ln129_fu_704         |    0    |    0    |    71   |
|          |         add_ln131_fu_757         |    0    |    0    |    19   |
|----------|----------------------------------|---------|---------|---------|
|          |         sub_ln125_fu_583         |    0    |    0    |    9    |
|          |          sub_ln53_fu_617         |    0    |    0    |    23   |
|    sub   |           p_neg_fu_654           |    0    |    0    |    23   |
|          |          p_neg_t_fu_669          |    0    |    0    |    19   |
|          |         sub_ln131_fu_747         |    0    |    0    |    19   |
|----------|----------------------------------|---------|---------|---------|
|          |         icmp_ln122_fu_496        |    0    |    0    |    19   |
|   icmp   |         icmp_ln129_fu_511        |    0    |    0    |    17   |
|          |        first_iter_0_fu_525       |    0    |    0    |    17   |
|----------|----------------------------------|---------|---------|---------|
|          |        select_ln122_fu_517       |    0    |    0    |    10   |
|  select  |       select_ln122_1_fu_562      |    0    |    0    |    2    |
|          |        select_ln125_fu_589       |    0    |    0    |    2    |
|          |          empty_56_fu_684         |    0    |    0    |    11   |
|----------|----------------------------------|---------|---------|---------|
|    mul   |         mul_ln131_fu_626         |    1    |    0    |    5    |
|----------|----------------------------------|---------|---------|---------|
|   read   |      X_ptr_read_read_fu_188      |    0    |    0    |    0    |
|          | gmem_inout_addr_read_read_fu_201 |    0    |    0    |    0    |
|----------|----------------------------------|---------|---------|---------|
|  readreq |        grp_readreq_fu_194        |    0    |    0    |    0    |
|----------|----------------------------------|---------|---------|---------|
| bitselect|           tmp_6_fu_575           |    0    |    0    |    0    |
|          |           tmp_8_fu_647           |    0    |    0    |    0    |
|----------|----------------------------------|---------|---------|---------|
|          |           p_shl_fu_597           |    0    |    0    |    0    |
|          |           tmp_7_fu_605           |    0    |    0    |    0    |
|bitconcatenate|           shl_ln_fu_692          |    0    |    0    |    0    |
|          |           p_shl1_fu_729          |    0    |    0    |    0    |
|          |           tmp_9_fu_736           |    0    |    0    |    0    |
|----------|----------------------------------|---------|---------|---------|
|          |         sext_ln53_fu_613         |    0    |    0    |    0    |
|   sext   |         sext_ln129_fu_700        |    0    |    0    |    0    |
|          |        sext_ln129_2_fu_719       |    0    |    0    |    0    |
|----------|----------------------------------|---------|---------|---------|
|          |        zext_ln131_1_fu_623       |    0    |    0    |    0    |
|   zext   |         zext_ln131_fu_743        |    0    |    0    |    0    |
|          |        zext_ln131_2_fu_763       |    0    |    0    |    0    |
|----------|----------------------------------|---------|---------|---------|
|          |       trunc_ln131_2_fu_632       |    0    |    0    |    0    |
|partselect|            tmp_fu_659            |    0    |    0    |    0    |
|          |           tmp_3_fu_675           |    0    |    0    |    0    |
|          |          trunc_ln_fu_709         |    0    |    0    |    0    |
|----------|----------------------------------|---------|---------|---------|
|   trunc  |        trunc_ln131_fu_753        |    0    |    0    |    0    |
|----------|----------------------------------|---------|---------|---------|
|   Total  |                                  |    1    |   282   |   514   |
|----------|----------------------------------|---------|---------|---------|

Memories:
N/A

* Register list:
+----------------------------+--------+
|                            |   FF   |
+----------------------------+--------+
|     X_ptr_read_reg_803     |   64   |
|      add_ln131_reg_875     |    8   |
|    first_iter_0_reg_823    |    1   |
|gmem_inout_addr_read_reg_855|   256  |
|   gmem_inout_addr_reg_849  |   256  |
|          i_reg_782         |   10   |
|     icmp_ln122_reg_808     |    1   |
|     icmp_ln129_reg_812     |    1   |
|   indvar_flatten_reg_796   |   12   |
|   select_ln122_1_reg_827   |    2   |
|    select_ln122_reg_817    |   10   |
|        slot_reg_789        |    2   |
|      sub_ln53_reg_833      |   16   |
|    trunc_ln131_2_reg_840   |    4   |
|      trunc_ln_reg_844      |   59   |
+----------------------------+--------+
|            Total           |   702  |
+----------------------------+--------+

* Multiplexer (MUX) list: 
|--------------------|------|------|------|--------||---------||---------||---------|
|        Comp        |  Pin | Size |  BW  | S x BW ||  Delay  ||    FF   ||   LUT   |
|--------------------|------|------|------|--------||---------||---------||---------|
| grp_readreq_fu_194 |  p1  |   2  |  256 |   512  ||    0    ||    9    |
|     grp_fu_531     |  p0  |   2  |  10  |   20   ||    0    ||    9    |
|--------------------|------|------|------|--------||---------||---------||---------|
|        Total       |      |      |      |   532  ||  0.854  ||    0    ||    18   |
|--------------------|------|------|------|--------||---------||---------||---------|



* Summary:
+-----------+--------+--------+--------+--------+
|           |   DSP  |  Delay |   FF   |   LUT  |
+-----------+--------+--------+--------+--------+
|  Function |    1   |    -   |   282  |   514  |
|   Memory  |    -   |    -   |    -   |    -   |
|Multiplexer|    -   |    0   |    0   |   18   |
|  Register |    -   |    -   |   702  |    -   |
+-----------+--------+--------+--------+--------+
|   Total   |    1   |    0   |   984  |   532  |
+-----------+--------+--------+--------+--------+
