

================================================================
== Vitis HLS Report for 'fp8_mac_producer_16_16_Pipeline_PASS_A_FLAT'
================================================================
* Date:           Tue Jun 16 10:02:41 2026

* Version:        2024.2 (Build 5238294 on Nov  8 2024)
* Project:        prj_fp8_16
* Solution:       solution1 (Vitis Kernel Flow Target)
* Product family: zynquplus
* Target device:  xczu7ev-ffvc1156-2-e


================================================================
== Performance Estimates
================================================================
+ Timing: 
    * Summary: 
    +--------+---------+----------+------------+
    |  Clock |  Target | Estimated| Uncertainty|
    +--------+---------+----------+------------+
    |ap_clk  |  3.33 ns|  2.433 ns|     0.90 ns|
    +--------+---------+----------+------------+

+ Latency: 
    * Summary: 
    +---------+---------+----------+----------+--------+--------+------------------------------------------------+
    |  Latency (cycles) |  Latency (absolute) |     Interval    |                    Pipeline                    |
    |   min   |   max   |    min   |    max   |   min  |   max  |                      Type                      |
    +---------+---------+----------+----------+--------+--------+------------------------------------------------+
    |   518544|   518544|  1.728 ms|  1.728 ms|  518401|  518401|  loop auto-rewind stp (delay=0 clock cycles(s))|
    +---------+---------+----------+----------+--------+--------+------------------------------------------------+

    + Detail: 
        * Instance: 
        N/A

        * Loop: 
        +---------------+---------+---------+----------+-----------+-----------+--------+----------+
        |               |  Latency (cycles) | Iteration|  Initiation Interval  |  Trip  |          |
        |   Loop Name   |   min   |   max   |  Latency |  achieved |   target  |  Count | Pipelined|
        +---------------+---------+---------+----------+-----------+-----------+--------+----------+
        |- PASS_A_FLAT  |   518542|   518542|       144|          1|          1|  518400|       yes|
        +---------------+---------+---------+----------+-----------+-----------+--------+----------+



================================================================
== Utilization Estimates
================================================================
* Summary: 
+-----------------+---------+------+--------+--------+-----+
|       Name      | BRAM_18K|  DSP |   FF   |   LUT  | URAM|
+-----------------+---------+------+--------+--------+-----+
|DSP              |        -|     -|       -|       -|    -|
|Expression       |        -|     -|       0|   26582|    -|
|FIFO             |        -|     -|       -|       -|    -|
|Instance         |        -|   488|   31072|   34875|    -|
|Memory           |        4|     -|       0|       0|    0|
|Multiplexer      |        -|     -|       0|      90|    -|
|Register         |        -|     -|   72652|   26176|    -|
+-----------------+---------+------+--------+--------+-----+
|Total            |        4|   488|  103724|   87723|    0|
+-----------------+---------+------+--------+--------+-----+
|Available        |      624|  1728|  460800|  230400|   96|
+-----------------+---------+------+--------+--------+-----+
|Utilization (%)  |       ~0|    28|      22|      38|    0|
+-----------------+---------+------+--------+--------+-----+

+ Detail: 
    * Instance: 
    +-------------------------------------+--------------------------------+---------+----+------+------+-----+
    |               Instance              |             Module             | BRAM_18K| DSP|  FF  |  LUT | URAM|
    +-------------------------------------+--------------------------------+---------+----+------+------+-----+
    |hadd_16ns_16ns_16_5_full_dsp_1_U48   |hadd_16ns_16ns_16_5_full_dsp_1  |        0|   2|   109|   113|    0|
    |hadd_16ns_16ns_16_5_full_dsp_1_U49   |hadd_16ns_16ns_16_5_full_dsp_1  |        0|   2|   109|   113|    0|
    |hadd_16ns_16ns_16_5_full_dsp_1_U50   |hadd_16ns_16ns_16_5_full_dsp_1  |        0|   2|   109|   113|    0|
    |hadd_16ns_16ns_16_5_full_dsp_1_U51   |hadd_16ns_16ns_16_5_full_dsp_1  |        0|   2|   109|   113|    0|
    |hadd_16ns_16ns_16_5_full_dsp_1_U52   |hadd_16ns_16ns_16_5_full_dsp_1  |        0|   2|   109|   113|    0|
    |hadd_16ns_16ns_16_5_full_dsp_1_U53   |hadd_16ns_16ns_16_5_full_dsp_1  |        0|   2|   109|   113|    0|
    |hadd_16ns_16ns_16_5_full_dsp_1_U54   |hadd_16ns_16ns_16_5_full_dsp_1  |        0|   2|   109|   113|    0|
    |hadd_16ns_16ns_16_5_full_dsp_1_U55   |hadd_16ns_16ns_16_5_full_dsp_1  |        0|   2|   109|   113|    0|
    |hadd_16ns_16ns_16_5_full_dsp_1_U56   |hadd_16ns_16ns_16_5_full_dsp_1  |        0|   2|   109|   113|    0|
    |hadd_16ns_16ns_16_5_full_dsp_1_U57   |hadd_16ns_16ns_16_5_full_dsp_1  |        0|   2|   109|   113|    0|
    |hadd_16ns_16ns_16_5_full_dsp_1_U58   |hadd_16ns_16ns_16_5_full_dsp_1  |        0|   2|   109|   113|    0|
    |hadd_16ns_16ns_16_5_full_dsp_1_U59   |hadd_16ns_16ns_16_5_full_dsp_1  |        0|   2|   109|   113|    0|
    |hadd_16ns_16ns_16_5_full_dsp_1_U60   |hadd_16ns_16ns_16_5_full_dsp_1  |        0|   2|   109|   113|    0|
    |hadd_16ns_16ns_16_5_full_dsp_1_U61   |hadd_16ns_16ns_16_5_full_dsp_1  |        0|   2|   109|   113|    0|
    |hadd_16ns_16ns_16_5_full_dsp_1_U62   |hadd_16ns_16ns_16_5_full_dsp_1  |        0|   2|   109|   113|    0|
    |hadd_16ns_16ns_16_5_full_dsp_1_U63   |hadd_16ns_16ns_16_5_full_dsp_1  |        0|   2|   109|   113|    0|
    |hadd_16ns_16ns_16_5_full_dsp_1_U64   |hadd_16ns_16ns_16_5_full_dsp_1  |        0|   2|   109|   113|    0|
    |hadd_16ns_16ns_16_5_full_dsp_1_U65   |hadd_16ns_16ns_16_5_full_dsp_1  |        0|   2|   109|   113|    0|
    |hadd_16ns_16ns_16_5_full_dsp_1_U66   |hadd_16ns_16ns_16_5_full_dsp_1  |        0|   2|   109|   113|    0|
    |hadd_16ns_16ns_16_5_full_dsp_1_U67   |hadd_16ns_16ns_16_5_full_dsp_1  |        0|   2|   109|   113|    0|
    |hadd_16ns_16ns_16_5_full_dsp_1_U68   |hadd_16ns_16ns_16_5_full_dsp_1  |        0|   2|   109|   113|    0|
    |hadd_16ns_16ns_16_5_full_dsp_1_U69   |hadd_16ns_16ns_16_5_full_dsp_1  |        0|   2|   109|   113|    0|
    |hadd_16ns_16ns_16_5_full_dsp_1_U70   |hadd_16ns_16ns_16_5_full_dsp_1  |        0|   2|   109|   113|    0|
    |hadd_16ns_16ns_16_5_full_dsp_1_U71   |hadd_16ns_16ns_16_5_full_dsp_1  |        0|   2|   109|   113|    0|
    |hadd_16ns_16ns_16_5_full_dsp_1_U72   |hadd_16ns_16ns_16_5_full_dsp_1  |        0|   2|   109|   113|    0|
    |hadd_16ns_16ns_16_5_full_dsp_1_U73   |hadd_16ns_16ns_16_5_full_dsp_1  |        0|   2|   109|   113|    0|
    |hadd_16ns_16ns_16_5_full_dsp_1_U74   |hadd_16ns_16ns_16_5_full_dsp_1  |        0|   2|   109|   113|    0|
    |hadd_16ns_16ns_16_5_full_dsp_1_U75   |hadd_16ns_16ns_16_5_full_dsp_1  |        0|   2|   109|   113|    0|
    |hadd_16ns_16ns_16_5_full_dsp_1_U76   |hadd_16ns_16ns_16_5_full_dsp_1  |        0|   2|   109|   113|    0|
    |hadd_16ns_16ns_16_5_full_dsp_1_U77   |hadd_16ns_16ns_16_5_full_dsp_1  |        0|   2|   109|   113|    0|
    |hadd_16ns_16ns_16_5_full_dsp_1_U78   |hadd_16ns_16ns_16_5_full_dsp_1  |        0|   2|   109|   113|    0|
    |hadd_16ns_16ns_16_5_full_dsp_1_U79   |hadd_16ns_16ns_16_5_full_dsp_1  |        0|   2|   109|   113|    0|
    |hadd_16ns_16ns_16_5_full_dsp_1_U80   |hadd_16ns_16ns_16_5_full_dsp_1  |        0|   2|   109|   113|    0|
    |hadd_16ns_16ns_16_5_full_dsp_1_U81   |hadd_16ns_16ns_16_5_full_dsp_1  |        0|   2|   109|   113|    0|
    |hadd_16ns_16ns_16_5_full_dsp_1_U82   |hadd_16ns_16ns_16_5_full_dsp_1  |        0|   2|   109|   113|    0|
    |hadd_16ns_16ns_16_5_full_dsp_1_U83   |hadd_16ns_16ns_16_5_full_dsp_1  |        0|   2|   109|   113|    0|
    |hadd_16ns_16ns_16_5_full_dsp_1_U84   |hadd_16ns_16ns_16_5_full_dsp_1  |        0|   2|   109|   113|    0|
    |hadd_16ns_16ns_16_5_full_dsp_1_U85   |hadd_16ns_16ns_16_5_full_dsp_1  |        0|   2|   109|   113|    0|
    |hadd_16ns_16ns_16_5_full_dsp_1_U86   |hadd_16ns_16ns_16_5_full_dsp_1  |        0|   2|   109|   113|    0|
    |hadd_16ns_16ns_16_5_full_dsp_1_U87   |hadd_16ns_16ns_16_5_full_dsp_1  |        0|   2|   109|   113|    0|
    |hadd_16ns_16ns_16_5_full_dsp_1_U88   |hadd_16ns_16ns_16_5_full_dsp_1  |        0|   2|   109|   113|    0|
    |hadd_16ns_16ns_16_5_full_dsp_1_U89   |hadd_16ns_16ns_16_5_full_dsp_1  |        0|   2|   109|   113|    0|
    |hadd_16ns_16ns_16_5_full_dsp_1_U90   |hadd_16ns_16ns_16_5_full_dsp_1  |        0|   2|   109|   113|    0|
    |hadd_16ns_16ns_16_5_full_dsp_1_U91   |hadd_16ns_16ns_16_5_full_dsp_1  |        0|   2|   109|   113|    0|
    |hadd_16ns_16ns_16_5_full_dsp_1_U92   |hadd_16ns_16ns_16_5_full_dsp_1  |        0|   2|   109|   113|    0|
    |hadd_16ns_16ns_16_5_full_dsp_1_U93   |hadd_16ns_16ns_16_5_full_dsp_1  |        0|   2|   109|   113|    0|
    |hadd_16ns_16ns_16_5_full_dsp_1_U94   |hadd_16ns_16ns_16_5_full_dsp_1  |        0|   2|   109|   113|    0|
    |hadd_16ns_16ns_16_5_full_dsp_1_U95   |hadd_16ns_16ns_16_5_full_dsp_1  |        0|   2|   109|   113|    0|
    |hadd_16ns_16ns_16_5_full_dsp_1_U96   |hadd_16ns_16ns_16_5_full_dsp_1  |        0|   2|   109|   113|    0|
    |hadd_16ns_16ns_16_5_full_dsp_1_U97   |hadd_16ns_16ns_16_5_full_dsp_1  |        0|   2|   109|   113|    0|
    |hadd_16ns_16ns_16_5_full_dsp_1_U98   |hadd_16ns_16ns_16_5_full_dsp_1  |        0|   2|   109|   113|    0|
    |hadd_16ns_16ns_16_5_full_dsp_1_U99   |hadd_16ns_16ns_16_5_full_dsp_1  |        0|   2|   109|   113|    0|
    |hadd_16ns_16ns_16_5_full_dsp_1_U100  |hadd_16ns_16ns_16_5_full_dsp_1  |        0|   2|   109|   113|    0|
    |hadd_16ns_16ns_16_5_full_dsp_1_U101  |hadd_16ns_16ns_16_5_full_dsp_1  |        0|   2|   109|   113|    0|
    |hadd_16ns_16ns_16_5_full_dsp_1_U102  |hadd_16ns_16ns_16_5_full_dsp_1  |        0|   2|   109|   113|    0|
    |hadd_16ns_16ns_16_5_full_dsp_1_U103  |hadd_16ns_16ns_16_5_full_dsp_1  |        0|   2|   109|   113|    0|
    |hadd_16ns_16ns_16_5_full_dsp_1_U104  |hadd_16ns_16ns_16_5_full_dsp_1  |        0|   2|   109|   113|    0|
    |hadd_16ns_16ns_16_5_full_dsp_1_U105  |hadd_16ns_16ns_16_5_full_dsp_1  |        0|   2|   109|   113|    0|
    |hadd_16ns_16ns_16_5_full_dsp_1_U106  |hadd_16ns_16ns_16_5_full_dsp_1  |        0|   2|   109|   113|    0|
    |hadd_16ns_16ns_16_5_full_dsp_1_U107  |hadd_16ns_16ns_16_5_full_dsp_1  |        0|   2|   109|   113|    0|
    |hadd_16ns_16ns_16_5_full_dsp_1_U108  |hadd_16ns_16ns_16_5_full_dsp_1  |        0|   2|   109|   113|    0|
    |hadd_16ns_16ns_16_5_full_dsp_1_U109  |hadd_16ns_16ns_16_5_full_dsp_1  |        0|   2|   109|   113|    0|
    |hadd_16ns_16ns_16_5_full_dsp_1_U110  |hadd_16ns_16ns_16_5_full_dsp_1  |        0|   2|   109|   113|    0|
    |hadd_16ns_16ns_16_5_full_dsp_1_U111  |hadd_16ns_16ns_16_5_full_dsp_1  |        0|   2|   109|   113|    0|
    |hadd_16ns_16ns_16_5_full_dsp_1_U112  |hadd_16ns_16ns_16_5_full_dsp_1  |        0|   2|   109|   113|    0|
    |hadd_16ns_16ns_16_5_full_dsp_1_U113  |hadd_16ns_16ns_16_5_full_dsp_1  |        0|   2|   109|   113|    0|
    |hadd_16ns_16ns_16_5_full_dsp_1_U114  |hadd_16ns_16ns_16_5_full_dsp_1  |        0|   2|   109|   113|    0|
    |hadd_16ns_16ns_16_5_full_dsp_1_U115  |hadd_16ns_16ns_16_5_full_dsp_1  |        0|   2|   109|   113|    0|
    |hadd_16ns_16ns_16_5_full_dsp_1_U116  |hadd_16ns_16ns_16_5_full_dsp_1  |        0|   2|   109|   113|    0|
    |hadd_16ns_16ns_16_5_full_dsp_1_U117  |hadd_16ns_16ns_16_5_full_dsp_1  |        0|   2|   109|   113|    0|
    |hadd_16ns_16ns_16_5_full_dsp_1_U118  |hadd_16ns_16ns_16_5_full_dsp_1  |        0|   2|   109|   113|    0|
    |hadd_16ns_16ns_16_5_full_dsp_1_U119  |hadd_16ns_16ns_16_5_full_dsp_1  |        0|   2|   109|   113|    0|
    |hadd_16ns_16ns_16_5_full_dsp_1_U120  |hadd_16ns_16ns_16_5_full_dsp_1  |        0|   2|   109|   113|    0|
    |hadd_16ns_16ns_16_5_full_dsp_1_U121  |hadd_16ns_16ns_16_5_full_dsp_1  |        0|   2|   109|   113|    0|
    |hadd_16ns_16ns_16_5_full_dsp_1_U122  |hadd_16ns_16ns_16_5_full_dsp_1  |        0|   2|   109|   113|    0|
    |hadd_16ns_16ns_16_5_full_dsp_1_U123  |hadd_16ns_16ns_16_5_full_dsp_1  |        0|   2|   109|   113|    0|
    |hadd_16ns_16ns_16_5_full_dsp_1_U124  |hadd_16ns_16ns_16_5_full_dsp_1  |        0|   2|   109|   113|    0|
    |hadd_16ns_16ns_16_5_full_dsp_1_U125  |hadd_16ns_16ns_16_5_full_dsp_1  |        0|   2|   109|   113|    0|
    |hadd_16ns_16ns_16_5_full_dsp_1_U126  |hadd_16ns_16ns_16_5_full_dsp_1  |        0|   2|   109|   113|    0|
    |hadd_16ns_16ns_16_5_full_dsp_1_U127  |hadd_16ns_16ns_16_5_full_dsp_1  |        0|   2|   109|   113|    0|
    |hadd_16ns_16ns_16_5_full_dsp_1_U128  |hadd_16ns_16ns_16_5_full_dsp_1  |        0|   2|   109|   113|    0|
    |hadd_16ns_16ns_16_5_full_dsp_1_U129  |hadd_16ns_16ns_16_5_full_dsp_1  |        0|   2|   109|   113|    0|
    |hadd_16ns_16ns_16_5_full_dsp_1_U130  |hadd_16ns_16ns_16_5_full_dsp_1  |        0|   2|   109|   113|    0|
    |hadd_16ns_16ns_16_5_full_dsp_1_U131  |hadd_16ns_16ns_16_5_full_dsp_1  |        0|   2|   109|   113|    0|
    |hadd_16ns_16ns_16_5_full_dsp_1_U132  |hadd_16ns_16ns_16_5_full_dsp_1  |        0|   2|   109|   113|    0|
    |hadd_16ns_16ns_16_5_full_dsp_1_U133  |hadd_16ns_16ns_16_5_full_dsp_1  |        0|   2|   109|   113|    0|
    |hadd_16ns_16ns_16_5_full_dsp_1_U134  |hadd_16ns_16ns_16_5_full_dsp_1  |        0|   2|   109|   113|    0|
    |hadd_16ns_16ns_16_5_full_dsp_1_U135  |hadd_16ns_16ns_16_5_full_dsp_1  |        0|   2|   109|   113|    0|
    |hadd_16ns_16ns_16_5_full_dsp_1_U136  |hadd_16ns_16ns_16_5_full_dsp_1  |        0|   2|   109|   113|    0|
    |hadd_16ns_16ns_16_5_full_dsp_1_U137  |hadd_16ns_16ns_16_5_full_dsp_1  |        0|   2|   109|   113|    0|
    |hadd_16ns_16ns_16_5_full_dsp_1_U138  |hadd_16ns_16ns_16_5_full_dsp_1  |        0|   2|   109|   113|    0|
    |hadd_16ns_16ns_16_5_full_dsp_1_U139  |hadd_16ns_16ns_16_5_full_dsp_1  |        0|   2|   109|   113|    0|
    |hadd_16ns_16ns_16_5_full_dsp_1_U140  |hadd_16ns_16ns_16_5_full_dsp_1  |        0|   2|   109|   113|    0|
    |hadd_16ns_16ns_16_5_full_dsp_1_U141  |hadd_16ns_16ns_16_5_full_dsp_1  |        0|   2|   109|   113|    0|
    |hadd_16ns_16ns_16_5_full_dsp_1_U142  |hadd_16ns_16ns_16_5_full_dsp_1  |        0|   2|   109|   113|    0|
    |hadd_16ns_16ns_16_5_full_dsp_1_U143  |hadd_16ns_16ns_16_5_full_dsp_1  |        0|   2|   109|   113|    0|
    |hadd_16ns_16ns_16_5_full_dsp_1_U144  |hadd_16ns_16ns_16_5_full_dsp_1  |        0|   2|   109|   113|    0|
    |hadd_16ns_16ns_16_5_full_dsp_1_U145  |hadd_16ns_16ns_16_5_full_dsp_1  |        0|   2|   109|   113|    0|
    |hadd_16ns_16ns_16_5_full_dsp_1_U146  |hadd_16ns_16ns_16_5_full_dsp_1  |        0|   2|   109|   113|    0|
    |hadd_16ns_16ns_16_5_full_dsp_1_U147  |hadd_16ns_16ns_16_5_full_dsp_1  |        0|   2|   109|   113|    0|
    |hadd_16ns_16ns_16_5_full_dsp_1_U148  |hadd_16ns_16ns_16_5_full_dsp_1  |        0|   2|   109|   113|    0|
    |hadd_16ns_16ns_16_5_full_dsp_1_U149  |hadd_16ns_16ns_16_5_full_dsp_1  |        0|   2|   109|   113|    0|
    |hadd_16ns_16ns_16_5_full_dsp_1_U150  |hadd_16ns_16ns_16_5_full_dsp_1  |        0|   2|   109|   113|    0|
    |hadd_16ns_16ns_16_5_full_dsp_1_U151  |hadd_16ns_16ns_16_5_full_dsp_1  |        0|   2|   109|   113|    0|
    |hadd_16ns_16ns_16_5_full_dsp_1_U152  |hadd_16ns_16ns_16_5_full_dsp_1  |        0|   2|   109|   113|    0|
    |hadd_16ns_16ns_16_5_full_dsp_1_U153  |hadd_16ns_16ns_16_5_full_dsp_1  |        0|   2|   109|   113|    0|
    |hadd_16ns_16ns_16_5_full_dsp_1_U154  |hadd_16ns_16ns_16_5_full_dsp_1  |        0|   2|   109|   113|    0|
    |hadd_16ns_16ns_16_5_full_dsp_1_U155  |hadd_16ns_16ns_16_5_full_dsp_1  |        0|   2|   109|   113|    0|
    |hadd_16ns_16ns_16_5_full_dsp_1_U156  |hadd_16ns_16ns_16_5_full_dsp_1  |        0|   2|   109|   113|    0|
    |hadd_16ns_16ns_16_5_full_dsp_1_U157  |hadd_16ns_16ns_16_5_full_dsp_1  |        0|   2|   109|   113|    0|
    |hadd_16ns_16ns_16_5_full_dsp_1_U158  |hadd_16ns_16ns_16_5_full_dsp_1  |        0|   2|   109|   113|    0|
    |hadd_16ns_16ns_16_5_full_dsp_1_U159  |hadd_16ns_16ns_16_5_full_dsp_1  |        0|   2|   109|   113|    0|
    |hadd_16ns_16ns_16_5_full_dsp_1_U160  |hadd_16ns_16ns_16_5_full_dsp_1  |        0|   2|   109|   113|    0|
    |hadd_16ns_16ns_16_5_full_dsp_1_U161  |hadd_16ns_16ns_16_5_full_dsp_1  |        0|   2|   109|   113|    0|
    |hadd_16ns_16ns_16_5_full_dsp_1_U162  |hadd_16ns_16ns_16_5_full_dsp_1  |        0|   2|   109|   113|    0|
    |hadd_16ns_16ns_16_5_full_dsp_1_U163  |hadd_16ns_16ns_16_5_full_dsp_1  |        0|   2|   109|   113|    0|
    |hadd_16ns_16ns_16_5_full_dsp_1_U164  |hadd_16ns_16ns_16_5_full_dsp_1  |        0|   2|   109|   113|    0|
    |hadd_16ns_16ns_16_5_full_dsp_1_U165  |hadd_16ns_16ns_16_5_full_dsp_1  |        0|   2|   109|   113|    0|
    |hadd_16ns_16ns_16_5_full_dsp_1_U166  |hadd_16ns_16ns_16_5_full_dsp_1  |        0|   2|   109|   113|    0|
    |hadd_16ns_16ns_16_5_full_dsp_1_U167  |hadd_16ns_16ns_16_5_full_dsp_1  |        0|   2|   109|   113|    0|
    |hadd_16ns_16ns_16_5_full_dsp_1_U168  |hadd_16ns_16ns_16_5_full_dsp_1  |        0|   2|   109|   113|    0|
    |hadd_16ns_16ns_16_5_full_dsp_1_U169  |hadd_16ns_16ns_16_5_full_dsp_1  |        0|   2|   109|   113|    0|
    |hadd_16ns_16ns_16_5_full_dsp_1_U170  |hadd_16ns_16ns_16_5_full_dsp_1  |        0|   2|   109|   113|    0|
    |hadd_16ns_16ns_16_5_full_dsp_1_U171  |hadd_16ns_16ns_16_5_full_dsp_1  |        0|   2|   109|   113|    0|
    |hadd_16ns_16ns_16_5_full_dsp_1_U172  |hadd_16ns_16ns_16_5_full_dsp_1  |        0|   2|   109|   113|    0|
    |hadd_16ns_16ns_16_5_full_dsp_1_U173  |hadd_16ns_16ns_16_5_full_dsp_1  |        0|   2|   109|   113|    0|
    |hadd_16ns_16ns_16_5_full_dsp_1_U174  |hadd_16ns_16ns_16_5_full_dsp_1  |        0|   2|   109|   113|    0|
    |hadd_16ns_16ns_16_5_full_dsp_1_U175  |hadd_16ns_16ns_16_5_full_dsp_1  |        0|   2|   109|   113|    0|
    |hadd_16ns_16ns_16_5_full_dsp_1_U176  |hadd_16ns_16ns_16_5_full_dsp_1  |        0|   2|   109|   113|    0|
    |hadd_16ns_16ns_16_5_full_dsp_1_U177  |hadd_16ns_16ns_16_5_full_dsp_1  |        0|   2|   109|   113|    0|
    |hadd_16ns_16ns_16_5_full_dsp_1_U178  |hadd_16ns_16ns_16_5_full_dsp_1  |        0|   2|   109|   113|    0|
    |hadd_16ns_16ns_16_5_full_dsp_1_U179  |hadd_16ns_16ns_16_5_full_dsp_1  |        0|   2|   109|   113|    0|
    |hadd_16ns_16ns_16_5_full_dsp_1_U180  |hadd_16ns_16ns_16_5_full_dsp_1  |        0|   2|   109|   113|    0|
    |hadd_16ns_16ns_16_5_full_dsp_1_U181  |hadd_16ns_16ns_16_5_full_dsp_1  |        0|   2|   109|   113|    0|
    |hadd_16ns_16ns_16_5_full_dsp_1_U182  |hadd_16ns_16ns_16_5_full_dsp_1  |        0|   2|   109|   113|    0|
    |hadd_16ns_16ns_16_5_full_dsp_1_U183  |hadd_16ns_16ns_16_5_full_dsp_1  |        0|   2|   109|   113|    0|
    |hadd_16ns_16ns_16_5_full_dsp_1_U184  |hadd_16ns_16ns_16_5_full_dsp_1  |        0|   2|   109|   113|    0|
    |hadd_16ns_16ns_16_5_full_dsp_1_U185  |hadd_16ns_16ns_16_5_full_dsp_1  |        0|   2|   109|   113|    0|
    |hadd_16ns_16ns_16_5_full_dsp_1_U186  |hadd_16ns_16ns_16_5_full_dsp_1  |        0|   2|   109|   113|    0|
    |hadd_16ns_16ns_16_5_full_dsp_1_U187  |hadd_16ns_16ns_16_5_full_dsp_1  |        0|   2|   109|   113|    0|
    |hadd_16ns_16ns_16_5_full_dsp_1_U188  |hadd_16ns_16ns_16_5_full_dsp_1  |        0|   2|   109|   113|    0|
    |hadd_16ns_16ns_16_5_full_dsp_1_U189  |hadd_16ns_16ns_16_5_full_dsp_1  |        0|   2|   109|   113|    0|
    |hadd_16ns_16ns_16_5_full_dsp_1_U190  |hadd_16ns_16ns_16_5_full_dsp_1  |        0|   2|   109|   113|    0|
    |hadd_16ns_16ns_16_5_full_dsp_1_U191  |hadd_16ns_16ns_16_5_full_dsp_1  |        0|   2|   109|   113|    0|
    |hadd_16ns_16ns_16_5_full_dsp_1_U192  |hadd_16ns_16ns_16_5_full_dsp_1  |        0|   2|   109|   113|    0|
    |hadd_16ns_16ns_16_5_full_dsp_1_U193  |hadd_16ns_16ns_16_5_full_dsp_1  |        0|   2|   109|   113|    0|
    |hadd_16ns_16ns_16_5_full_dsp_1_U194  |hadd_16ns_16ns_16_5_full_dsp_1  |        0|   2|   109|   113|    0|
    |hadd_16ns_16ns_16_5_full_dsp_1_U195  |hadd_16ns_16ns_16_5_full_dsp_1  |        0|   2|   109|   113|    0|
    |hadd_16ns_16ns_16_5_full_dsp_1_U196  |hadd_16ns_16ns_16_5_full_dsp_1  |        0|   2|   109|   113|    0|
    |hadd_16ns_16ns_16_5_full_dsp_1_U197  |hadd_16ns_16ns_16_5_full_dsp_1  |        0|   2|   109|   113|    0|
    |hadd_16ns_16ns_16_5_full_dsp_1_U198  |hadd_16ns_16ns_16_5_full_dsp_1  |        0|   2|   109|   113|    0|
    |hadd_16ns_16ns_16_5_full_dsp_1_U199  |hadd_16ns_16ns_16_5_full_dsp_1  |        0|   2|   109|   113|    0|
    |hadd_16ns_16ns_16_5_full_dsp_1_U200  |hadd_16ns_16ns_16_5_full_dsp_1  |        0|   2|   109|   113|    0|
    |hadd_16ns_16ns_16_5_full_dsp_1_U201  |hadd_16ns_16ns_16_5_full_dsp_1  |        0|   2|   109|   113|    0|
    |hadd_16ns_16ns_16_5_full_dsp_1_U202  |hadd_16ns_16ns_16_5_full_dsp_1  |        0|   2|   109|   113|    0|
    |hadd_16ns_16ns_16_5_full_dsp_1_U203  |hadd_16ns_16ns_16_5_full_dsp_1  |        0|   2|   109|   113|    0|
    |hadd_16ns_16ns_16_5_full_dsp_1_U204  |hadd_16ns_16ns_16_5_full_dsp_1  |        0|   2|   109|   113|    0|
    |hadd_16ns_16ns_16_5_full_dsp_1_U205  |hadd_16ns_16ns_16_5_full_dsp_1  |        0|   2|   109|   113|    0|
    |hadd_16ns_16ns_16_5_full_dsp_1_U206  |hadd_16ns_16ns_16_5_full_dsp_1  |        0|   2|   109|   113|    0|
    |hadd_16ns_16ns_16_5_full_dsp_1_U207  |hadd_16ns_16ns_16_5_full_dsp_1  |        0|   2|   109|   113|    0|
    |hadd_16ns_16ns_16_5_full_dsp_1_U208  |hadd_16ns_16ns_16_5_full_dsp_1  |        0|   2|   109|   113|    0|
    |hadd_16ns_16ns_16_5_full_dsp_1_U209  |hadd_16ns_16ns_16_5_full_dsp_1  |        0|   2|   109|   113|    0|
    |hadd_16ns_16ns_16_5_full_dsp_1_U210  |hadd_16ns_16ns_16_5_full_dsp_1  |        0|   2|   109|   113|    0|
    |hadd_16ns_16ns_16_5_full_dsp_1_U211  |hadd_16ns_16ns_16_5_full_dsp_1  |        0|   2|   109|   113|    0|
    |hadd_16ns_16ns_16_5_full_dsp_1_U212  |hadd_16ns_16ns_16_5_full_dsp_1  |        0|   2|   109|   113|    0|
    |hadd_16ns_16ns_16_5_full_dsp_1_U213  |hadd_16ns_16ns_16_5_full_dsp_1  |        0|   2|   109|   113|    0|
    |hadd_16ns_16ns_16_5_full_dsp_1_U214  |hadd_16ns_16ns_16_5_full_dsp_1  |        0|   2|   109|   113|    0|
    |hadd_16ns_16ns_16_5_full_dsp_1_U215  |hadd_16ns_16ns_16_5_full_dsp_1  |        0|   2|   109|   113|    0|
    |hadd_16ns_16ns_16_5_full_dsp_1_U216  |hadd_16ns_16ns_16_5_full_dsp_1  |        0|   2|   109|   113|    0|
    |hadd_16ns_16ns_16_5_full_dsp_1_U217  |hadd_16ns_16ns_16_5_full_dsp_1  |        0|   2|   109|   113|    0|
    |hadd_16ns_16ns_16_5_full_dsp_1_U218  |hadd_16ns_16ns_16_5_full_dsp_1  |        0|   2|   109|   113|    0|
    |hadd_16ns_16ns_16_5_full_dsp_1_U219  |hadd_16ns_16ns_16_5_full_dsp_1  |        0|   2|   109|   113|    0|
    |hadd_16ns_16ns_16_5_full_dsp_1_U220  |hadd_16ns_16ns_16_5_full_dsp_1  |        0|   2|   109|   113|    0|
    |hadd_16ns_16ns_16_5_full_dsp_1_U221  |hadd_16ns_16ns_16_5_full_dsp_1  |        0|   2|   109|   113|    0|
    |hadd_16ns_16ns_16_5_full_dsp_1_U222  |hadd_16ns_16ns_16_5_full_dsp_1  |        0|   2|   109|   113|    0|
    |hadd_16ns_16ns_16_5_full_dsp_1_U223  |hadd_16ns_16ns_16_5_full_dsp_1  |        0|   2|   109|   113|    0|
    |hadd_16ns_16ns_16_5_full_dsp_1_U224  |hadd_16ns_16ns_16_5_full_dsp_1  |        0|   2|   109|   113|    0|
    |hadd_16ns_16ns_16_5_full_dsp_1_U225  |hadd_16ns_16ns_16_5_full_dsp_1  |        0|   2|   109|   113|    0|
    |hadd_16ns_16ns_16_5_full_dsp_1_U226  |hadd_16ns_16ns_16_5_full_dsp_1  |        0|   2|   109|   113|    0|
    |hadd_16ns_16ns_16_5_full_dsp_1_U227  |hadd_16ns_16ns_16_5_full_dsp_1  |        0|   2|   109|   113|    0|
    |hadd_16ns_16ns_16_5_full_dsp_1_U228  |hadd_16ns_16ns_16_5_full_dsp_1  |        0|   2|   109|   113|    0|
    |hadd_16ns_16ns_16_5_full_dsp_1_U229  |hadd_16ns_16ns_16_5_full_dsp_1  |        0|   2|   109|   113|    0|
    |hadd_16ns_16ns_16_5_full_dsp_1_U230  |hadd_16ns_16ns_16_5_full_dsp_1  |        0|   2|   109|   113|    0|
    |hadd_16ns_16ns_16_5_full_dsp_1_U231  |hadd_16ns_16ns_16_5_full_dsp_1  |        0|   2|   109|   113|    0|
    |hadd_16ns_16ns_16_5_full_dsp_1_U232  |hadd_16ns_16ns_16_5_full_dsp_1  |        0|   2|   109|   113|    0|
    |hadd_16ns_16ns_16_5_full_dsp_1_U233  |hadd_16ns_16ns_16_5_full_dsp_1  |        0|   2|   109|   113|    0|
    |hadd_16ns_16ns_16_5_full_dsp_1_U234  |hadd_16ns_16ns_16_5_full_dsp_1  |        0|   2|   109|   113|    0|
    |hadd_16ns_16ns_16_5_full_dsp_1_U235  |hadd_16ns_16ns_16_5_full_dsp_1  |        0|   2|   109|   113|    0|
    |hadd_16ns_16ns_16_5_full_dsp_1_U236  |hadd_16ns_16ns_16_5_full_dsp_1  |        0|   2|   109|   113|    0|
    |hadd_16ns_16ns_16_5_full_dsp_1_U237  |hadd_16ns_16ns_16_5_full_dsp_1  |        0|   2|   109|   113|    0|
    |hadd_16ns_16ns_16_5_full_dsp_1_U238  |hadd_16ns_16ns_16_5_full_dsp_1  |        0|   2|   109|   113|    0|
    |hadd_16ns_16ns_16_5_full_dsp_1_U239  |hadd_16ns_16ns_16_5_full_dsp_1  |        0|   2|   109|   113|    0|
    |hadd_16ns_16ns_16_5_full_dsp_1_U240  |hadd_16ns_16ns_16_5_full_dsp_1  |        0|   2|   109|   113|    0|
    |hadd_16ns_16ns_16_5_full_dsp_1_U241  |hadd_16ns_16ns_16_5_full_dsp_1  |        0|   2|   109|   113|    0|
    |hadd_16ns_16ns_16_5_full_dsp_1_U242  |hadd_16ns_16ns_16_5_full_dsp_1  |        0|   2|   109|   113|    0|
    |hadd_16ns_16ns_16_5_full_dsp_1_U243  |hadd_16ns_16ns_16_5_full_dsp_1  |        0|   2|   109|   113|    0|
    |hadd_16ns_16ns_16_5_full_dsp_1_U244  |hadd_16ns_16ns_16_5_full_dsp_1  |        0|   2|   109|   113|    0|
    |hadd_16ns_16ns_16_5_full_dsp_1_U245  |hadd_16ns_16ns_16_5_full_dsp_1  |        0|   2|   109|   113|    0|
    |hadd_16ns_16ns_16_5_full_dsp_1_U246  |hadd_16ns_16ns_16_5_full_dsp_1  |        0|   2|   109|   113|    0|
    |hadd_16ns_16ns_16_5_full_dsp_1_U247  |hadd_16ns_16ns_16_5_full_dsp_1  |        0|   2|   109|   113|    0|
    |hadd_16ns_16ns_16_5_full_dsp_1_U248  |hadd_16ns_16ns_16_5_full_dsp_1  |        0|   2|   109|   113|    0|
    |hadd_16ns_16ns_16_5_full_dsp_1_U249  |hadd_16ns_16ns_16_5_full_dsp_1  |        0|   2|   109|   113|    0|
    |hadd_16ns_16ns_16_5_full_dsp_1_U250  |hadd_16ns_16ns_16_5_full_dsp_1  |        0|   2|   109|   113|    0|
    |hadd_16ns_16ns_16_5_full_dsp_1_U251  |hadd_16ns_16ns_16_5_full_dsp_1  |        0|   2|   109|   113|    0|
    |hadd_16ns_16ns_16_5_full_dsp_1_U252  |hadd_16ns_16ns_16_5_full_dsp_1  |        0|   2|   109|   113|    0|
    |hadd_16ns_16ns_16_5_full_dsp_1_U253  |hadd_16ns_16ns_16_5_full_dsp_1  |        0|   2|   109|   113|    0|
    |hadd_16ns_16ns_16_5_full_dsp_1_U254  |hadd_16ns_16ns_16_5_full_dsp_1  |        0|   2|   109|   113|    0|
    |hadd_16ns_16ns_16_5_full_dsp_1_U255  |hadd_16ns_16ns_16_5_full_dsp_1  |        0|   2|   109|   113|    0|
    |hadd_16ns_16ns_16_5_full_dsp_1_U256  |hadd_16ns_16ns_16_5_full_dsp_1  |        0|   2|   109|   113|    0|
    |hadd_16ns_16ns_16_5_full_dsp_1_U257  |hadd_16ns_16ns_16_5_full_dsp_1  |        0|   2|   109|   113|    0|
    |hadd_16ns_16ns_16_5_full_dsp_1_U258  |hadd_16ns_16ns_16_5_full_dsp_1  |        0|   2|   109|   113|    0|
    |hadd_16ns_16ns_16_5_full_dsp_1_U259  |hadd_16ns_16ns_16_5_full_dsp_1  |        0|   2|   109|   113|    0|
    |hadd_16ns_16ns_16_5_full_dsp_1_U260  |hadd_16ns_16ns_16_5_full_dsp_1  |        0|   2|   109|   113|    0|
    |hadd_16ns_16ns_16_5_full_dsp_1_U261  |hadd_16ns_16ns_16_5_full_dsp_1  |        0|   2|   109|   113|    0|
    |hadd_16ns_16ns_16_5_full_dsp_1_U262  |hadd_16ns_16ns_16_5_full_dsp_1  |        0|   2|   109|   113|    0|
    |hadd_16ns_16ns_16_5_full_dsp_1_U263  |hadd_16ns_16ns_16_5_full_dsp_1  |        0|   2|   109|   113|    0|
    |hadd_16ns_16ns_16_5_full_dsp_1_U264  |hadd_16ns_16ns_16_5_full_dsp_1  |        0|   2|   109|   113|    0|
    |hadd_16ns_16ns_16_5_full_dsp_1_U265  |hadd_16ns_16ns_16_5_full_dsp_1  |        0|   2|   109|   113|    0|
    |hadd_16ns_16ns_16_5_full_dsp_1_U266  |hadd_16ns_16ns_16_5_full_dsp_1  |        0|   2|   109|   113|    0|
    |hadd_16ns_16ns_16_5_full_dsp_1_U267  |hadd_16ns_16ns_16_5_full_dsp_1  |        0|   2|   109|   113|    0|
    |hadd_16ns_16ns_16_5_full_dsp_1_U268  |hadd_16ns_16ns_16_5_full_dsp_1  |        0|   2|   109|   113|    0|
    |hadd_16ns_16ns_16_5_full_dsp_1_U269  |hadd_16ns_16ns_16_5_full_dsp_1  |        0|   2|   109|   113|    0|
    |hadd_16ns_16ns_16_5_full_dsp_1_U270  |hadd_16ns_16ns_16_5_full_dsp_1  |        0|   2|   109|   113|    0|
    |hadd_16ns_16ns_16_5_full_dsp_1_U271  |hadd_16ns_16ns_16_5_full_dsp_1  |        0|   2|   109|   113|    0|
    |hadd_16ns_16ns_16_5_full_dsp_1_U272  |hadd_16ns_16ns_16_5_full_dsp_1  |        0|   2|   109|   113|    0|
    |hadd_16ns_16ns_16_5_full_dsp_1_U273  |hadd_16ns_16ns_16_5_full_dsp_1  |        0|   2|   109|   113|    0|
    |hadd_16ns_16ns_16_5_full_dsp_1_U274  |hadd_16ns_16ns_16_5_full_dsp_1  |        0|   2|   109|   113|    0|
    |hadd_16ns_16ns_16_5_full_dsp_1_U275  |hadd_16ns_16ns_16_5_full_dsp_1  |        0|   2|   109|   113|    0|
    |hadd_16ns_16ns_16_5_full_dsp_1_U276  |hadd_16ns_16ns_16_5_full_dsp_1  |        0|   2|   109|   113|    0|
    |hadd_16ns_16ns_16_5_full_dsp_1_U277  |hadd_16ns_16ns_16_5_full_dsp_1  |        0|   2|   109|   113|    0|
    |hadd_16ns_16ns_16_5_full_dsp_1_U278  |hadd_16ns_16ns_16_5_full_dsp_1  |        0|   2|   109|   113|    0|
    |hadd_16ns_16ns_16_5_full_dsp_1_U279  |hadd_16ns_16ns_16_5_full_dsp_1  |        0|   2|   109|   113|    0|
    |hadd_16ns_16ns_16_5_full_dsp_1_U280  |hadd_16ns_16ns_16_5_full_dsp_1  |        0|   2|   109|   113|    0|
    |hadd_16ns_16ns_16_5_full_dsp_1_U281  |hadd_16ns_16ns_16_5_full_dsp_1  |        0|   2|   109|   113|    0|
    |hadd_16ns_16ns_16_5_full_dsp_1_U282  |hadd_16ns_16ns_16_5_full_dsp_1  |        0|   2|   109|   113|    0|
    |hadd_16ns_16ns_16_5_full_dsp_1_U283  |hadd_16ns_16ns_16_5_full_dsp_1  |        0|   2|   109|   113|    0|
    |hadd_16ns_16ns_16_5_full_dsp_1_U284  |hadd_16ns_16ns_16_5_full_dsp_1  |        0|   2|   109|   113|    0|
    |hadd_16ns_16ns_16_5_full_dsp_1_U285  |hadd_16ns_16ns_16_5_full_dsp_1  |        0|   2|   109|   113|    0|
    |hadd_16ns_16ns_16_5_full_dsp_1_U286  |hadd_16ns_16ns_16_5_full_dsp_1  |        0|   2|   109|   113|    0|
    |hadd_16ns_16ns_16_5_full_dsp_1_U287  |hadd_16ns_16ns_16_5_full_dsp_1  |        0|   2|   109|   113|    0|
    |mul_32s_34ns_65_2_1_U288             |mul_32s_34ns_65_2_1             |        0|   4|   173|    53|    0|
    |mul_32s_34ns_65_2_1_U289             |mul_32s_34ns_65_2_1             |        0|   4|   173|    53|    0|
    |mul_4ns_4ns_8_1_1_U309               |mul_4ns_4ns_8_1_1               |        0|   0|     0|    12|    0|
    |mul_4ns_4ns_8_1_1_U310               |mul_4ns_4ns_8_1_1               |        0|   0|     0|    12|    0|
    |mul_4ns_4ns_8_1_1_U311               |mul_4ns_4ns_8_1_1               |        0|   0|     0|    12|    0|
    |mul_4ns_4ns_8_1_1_U312               |mul_4ns_4ns_8_1_1               |        0|   0|     0|    12|    0|
    |mul_4ns_4ns_8_1_1_U313               |mul_4ns_4ns_8_1_1               |        0|   0|     0|    12|    0|
    |mul_4ns_4ns_8_1_1_U314               |mul_4ns_4ns_8_1_1               |        0|   0|     0|    12|    0|
    |mul_4ns_4ns_8_1_1_U315               |mul_4ns_4ns_8_1_1               |        0|   0|     0|    12|    0|
    |mul_4ns_4ns_8_1_1_U316               |mul_4ns_4ns_8_1_1               |        0|   0|     0|    12|    0|
    |mul_4ns_4ns_8_1_1_U317               |mul_4ns_4ns_8_1_1               |        0|   0|     0|    12|    0|
    |mul_4ns_4ns_8_1_1_U318               |mul_4ns_4ns_8_1_1               |        0|   0|     0|    12|    0|
    |mul_4ns_4ns_8_1_1_U319               |mul_4ns_4ns_8_1_1               |        0|   0|     0|    12|    0|
    |mul_4ns_4ns_8_1_1_U320               |mul_4ns_4ns_8_1_1               |        0|   0|     0|    12|    0|
    |mul_4ns_4ns_8_1_1_U321               |mul_4ns_4ns_8_1_1               |        0|   0|     0|    12|    0|
    |mul_4ns_4ns_8_1_1_U322               |mul_4ns_4ns_8_1_1               |        0|   0|     0|    12|    0|
    |mul_4ns_4ns_8_1_1_U323               |mul_4ns_4ns_8_1_1               |        0|   0|     0|    12|    0|
    |mul_4ns_4ns_8_1_1_U324               |mul_4ns_4ns_8_1_1               |        0|   0|     0|    12|    0|
    |mul_4ns_4ns_8_1_1_U325               |mul_4ns_4ns_8_1_1               |        0|   0|     0|    12|    0|
    |mul_4ns_4ns_8_1_1_U326               |mul_4ns_4ns_8_1_1               |        0|   0|     0|    12|    0|
    |mul_4ns_4ns_8_1_1_U327               |mul_4ns_4ns_8_1_1               |        0|   0|     0|    12|    0|
    |mul_4ns_4ns_8_1_1_U328               |mul_4ns_4ns_8_1_1               |        0|   0|     0|    12|    0|
    |mul_4ns_4ns_8_1_1_U329               |mul_4ns_4ns_8_1_1               |        0|   0|     0|    12|    0|
    |mul_4ns_4ns_8_1_1_U330               |mul_4ns_4ns_8_1_1               |        0|   0|     0|    12|    0|
    |mul_4ns_4ns_8_1_1_U331               |mul_4ns_4ns_8_1_1               |        0|   0|     0|    12|    0|
    |mul_4ns_4ns_8_1_1_U332               |mul_4ns_4ns_8_1_1               |        0|   0|     0|    12|    0|
    |mul_4ns_4ns_8_1_1_U333               |mul_4ns_4ns_8_1_1               |        0|   0|     0|    12|    0|
    |mul_4ns_4ns_8_1_1_U334               |mul_4ns_4ns_8_1_1               |        0|   0|     0|    12|    0|
    |mul_4ns_4ns_8_1_1_U335               |mul_4ns_4ns_8_1_1               |        0|   0|     0|    12|    0|
    |mul_4ns_4ns_8_1_1_U336               |mul_4ns_4ns_8_1_1               |        0|   0|     0|    12|    0|
    |mul_4ns_4ns_8_1_1_U337               |mul_4ns_4ns_8_1_1               |        0|   0|     0|    12|    0|
    |mul_4ns_4ns_8_1_1_U338               |mul_4ns_4ns_8_1_1               |        0|   0|     0|    12|    0|
    |mul_4ns_4ns_8_1_1_U339               |mul_4ns_4ns_8_1_1               |        0|   0|     0|    12|    0|
    |mul_4ns_4ns_8_1_1_U340               |mul_4ns_4ns_8_1_1               |        0|   0|     0|    12|    0|
    |mul_4ns_4ns_8_1_1_U341               |mul_4ns_4ns_8_1_1               |        0|   0|     0|    12|    0|
    |mul_4ns_4ns_8_1_1_U342               |mul_4ns_4ns_8_1_1               |        0|   0|     0|    12|    0|
    |mul_4ns_4ns_8_1_1_U343               |mul_4ns_4ns_8_1_1               |        0|   0|     0|    12|    0|
    |mul_4ns_4ns_8_1_1_U344               |mul_4ns_4ns_8_1_1               |        0|   0|     0|    12|    0|
    |mul_4ns_4ns_8_1_1_U345               |mul_4ns_4ns_8_1_1               |        0|   0|     0|    12|    0|
    |mul_4ns_4ns_8_1_1_U346               |mul_4ns_4ns_8_1_1               |        0|   0|     0|    12|    0|
    |mul_4ns_4ns_8_1_1_U347               |mul_4ns_4ns_8_1_1               |        0|   0|     0|    12|    0|
    |mul_4ns_4ns_8_1_1_U348               |mul_4ns_4ns_8_1_1               |        0|   0|     0|    12|    0|
    |mul_4ns_4ns_8_1_1_U349               |mul_4ns_4ns_8_1_1               |        0|   0|     0|    12|    0|
    |mul_4ns_4ns_8_1_1_U350               |mul_4ns_4ns_8_1_1               |        0|   0|     0|    12|    0|
    |mul_4ns_4ns_8_1_1_U351               |mul_4ns_4ns_8_1_1               |        0|   0|     0|    12|    0|
    |mul_4ns_4ns_8_1_1_U352               |mul_4ns_4ns_8_1_1               |        0|   0|     0|    12|    0|
    |mul_4ns_4ns_8_1_1_U353               |mul_4ns_4ns_8_1_1               |        0|   0|     0|    12|    0|
    |mul_4ns_4ns_8_1_1_U354               |mul_4ns_4ns_8_1_1               |        0|   0|     0|    12|    0|
    |mul_4ns_4ns_8_1_1_U355               |mul_4ns_4ns_8_1_1               |        0|   0|     0|    12|    0|
    |mul_4ns_4ns_8_1_1_U356               |mul_4ns_4ns_8_1_1               |        0|   0|     0|    12|    0|
    |mul_4ns_4ns_8_1_1_U357               |mul_4ns_4ns_8_1_1               |        0|   0|     0|    12|    0|
    |mul_4ns_4ns_8_1_1_U358               |mul_4ns_4ns_8_1_1               |        0|   0|     0|    12|    0|
    |mul_4ns_4ns_8_1_1_U359               |mul_4ns_4ns_8_1_1               |        0|   0|     0|    12|    0|
    |mul_4ns_4ns_8_1_1_U360               |mul_4ns_4ns_8_1_1               |        0|   0|     0|    12|    0|
    |mul_4ns_4ns_8_1_1_U361               |mul_4ns_4ns_8_1_1               |        0|   0|     0|    12|    0|
    |mul_4ns_4ns_8_1_1_U362               |mul_4ns_4ns_8_1_1               |        0|   0|     0|    12|    0|
    |mul_4ns_4ns_8_1_1_U363               |mul_4ns_4ns_8_1_1               |        0|   0|     0|    12|    0|
    |mul_4ns_4ns_8_1_1_U364               |mul_4ns_4ns_8_1_1               |        0|   0|     0|    12|    0|
    |mul_4ns_4ns_8_1_1_U365               |mul_4ns_4ns_8_1_1               |        0|   0|     0|    12|    0|
    |mul_4ns_4ns_8_1_1_U366               |mul_4ns_4ns_8_1_1               |        0|   0|     0|    12|    0|
    |mul_4ns_4ns_8_1_1_U367               |mul_4ns_4ns_8_1_1               |        0|   0|     0|    12|    0|
    |mul_4ns_4ns_8_1_1_U368               |mul_4ns_4ns_8_1_1               |        0|   0|     0|    12|    0|
    |mul_4ns_4ns_8_1_1_U369               |mul_4ns_4ns_8_1_1               |        0|   0|     0|    12|    0|
    |mul_4ns_4ns_8_1_1_U370               |mul_4ns_4ns_8_1_1               |        0|   0|     0|    12|    0|
    |mul_4ns_4ns_8_1_1_U371               |mul_4ns_4ns_8_1_1               |        0|   0|     0|    12|    0|
    |mul_4ns_4ns_8_1_1_U372               |mul_4ns_4ns_8_1_1               |        0|   0|     0|    12|    0|
    |mul_4ns_4ns_8_1_1_U373               |mul_4ns_4ns_8_1_1               |        0|   0|     0|    12|    0|
    |mul_4ns_4ns_8_1_1_U374               |mul_4ns_4ns_8_1_1               |        0|   0|     0|    12|    0|
    |mul_4ns_4ns_8_1_1_U375               |mul_4ns_4ns_8_1_1               |        0|   0|     0|    12|    0|
    |mul_4ns_4ns_8_1_1_U376               |mul_4ns_4ns_8_1_1               |        0|   0|     0|    12|    0|
    |mul_4ns_4ns_8_1_1_U377               |mul_4ns_4ns_8_1_1               |        0|   0|     0|    12|    0|
    |mul_4ns_4ns_8_1_1_U378               |mul_4ns_4ns_8_1_1               |        0|   0|     0|    12|    0|
    |mul_4ns_4ns_8_1_1_U379               |mul_4ns_4ns_8_1_1               |        0|   0|     0|    12|    0|
    |mul_4ns_4ns_8_1_1_U380               |mul_4ns_4ns_8_1_1               |        0|   0|     0|    12|    0|
    |mul_4ns_4ns_8_1_1_U381               |mul_4ns_4ns_8_1_1               |        0|   0|     0|    12|    0|
    |mul_4ns_4ns_8_1_1_U382               |mul_4ns_4ns_8_1_1               |        0|   0|     0|    12|    0|
    |mul_4ns_4ns_8_1_1_U383               |mul_4ns_4ns_8_1_1               |        0|   0|     0|    12|    0|
    |mul_4ns_4ns_8_1_1_U384               |mul_4ns_4ns_8_1_1               |        0|   0|     0|    12|    0|
    |mul_4ns_4ns_8_1_1_U385               |mul_4ns_4ns_8_1_1               |        0|   0|     0|    12|    0|
    |mul_4ns_4ns_8_1_1_U386               |mul_4ns_4ns_8_1_1               |        0|   0|     0|    12|    0|
    |mul_4ns_4ns_8_1_1_U387               |mul_4ns_4ns_8_1_1               |        0|   0|     0|    12|    0|
    |mul_4ns_4ns_8_1_1_U388               |mul_4ns_4ns_8_1_1               |        0|   0|     0|    12|    0|
    |mul_4ns_4ns_8_1_1_U389               |mul_4ns_4ns_8_1_1               |        0|   0|     0|    12|    0|
    |mul_4ns_4ns_8_1_1_U390               |mul_4ns_4ns_8_1_1               |        0|   0|     0|    12|    0|
    |mul_4ns_4ns_8_1_1_U391               |mul_4ns_4ns_8_1_1               |        0|   0|     0|    12|    0|
    |mul_4ns_4ns_8_1_1_U392               |mul_4ns_4ns_8_1_1               |        0|   0|     0|    12|    0|
    |mul_4ns_4ns_8_1_1_U393               |mul_4ns_4ns_8_1_1               |        0|   0|     0|    12|    0|
    |mul_4ns_4ns_8_1_1_U394               |mul_4ns_4ns_8_1_1               |        0|   0|     0|    12|    0|
    |mul_4ns_4ns_8_1_1_U395               |mul_4ns_4ns_8_1_1               |        0|   0|     0|    12|    0|
    |mul_4ns_4ns_8_1_1_U396               |mul_4ns_4ns_8_1_1               |        0|   0|     0|    12|    0|
    |mul_4ns_4ns_8_1_1_U397               |mul_4ns_4ns_8_1_1               |        0|   0|     0|    12|    0|
    |mul_4ns_4ns_8_1_1_U398               |mul_4ns_4ns_8_1_1               |        0|   0|     0|    12|    0|
    |mul_4ns_4ns_8_1_1_U399               |mul_4ns_4ns_8_1_1               |        0|   0|     0|    12|    0|
    |mul_4ns_4ns_8_1_1_U400               |mul_4ns_4ns_8_1_1               |        0|   0|     0|    12|    0|
    |mul_4ns_4ns_8_1_1_U401               |mul_4ns_4ns_8_1_1               |        0|   0|     0|    12|    0|
    |mul_4ns_4ns_8_1_1_U402               |mul_4ns_4ns_8_1_1               |        0|   0|     0|    12|    0|
    |mul_4ns_4ns_8_1_1_U403               |mul_4ns_4ns_8_1_1               |        0|   0|     0|    12|    0|
    |mul_4ns_4ns_8_1_1_U404               |mul_4ns_4ns_8_1_1               |        0|   0|     0|    12|    0|
    |mul_4ns_4ns_8_1_1_U405               |mul_4ns_4ns_8_1_1               |        0|   0|     0|    12|    0|
    |mul_4ns_4ns_8_1_1_U406               |mul_4ns_4ns_8_1_1               |        0|   0|     0|    12|    0|
    |mul_4ns_4ns_8_1_1_U407               |mul_4ns_4ns_8_1_1               |        0|   0|     0|    12|    0|
    |mul_4ns_4ns_8_1_1_U408               |mul_4ns_4ns_8_1_1               |        0|   0|     0|    12|    0|
    |mul_4ns_4ns_8_1_1_U409               |mul_4ns_4ns_8_1_1               |        0|   0|     0|    12|    0|
    |mul_4ns_4ns_8_1_1_U410               |mul_4ns_4ns_8_1_1               |        0|   0|     0|    12|    0|
    |mul_4ns_4ns_8_1_1_U411               |mul_4ns_4ns_8_1_1               |        0|   0|     0|    12|    0|
    |mul_4ns_4ns_8_1_1_U412               |mul_4ns_4ns_8_1_1               |        0|   0|     0|    12|    0|
    |mul_4ns_4ns_8_1_1_U413               |mul_4ns_4ns_8_1_1               |        0|   0|     0|    12|    0|
    |mul_4ns_4ns_8_1_1_U414               |mul_4ns_4ns_8_1_1               |        0|   0|     0|    12|    0|
    |mul_4ns_4ns_8_1_1_U415               |mul_4ns_4ns_8_1_1               |        0|   0|     0|    12|    0|
    |mul_4ns_4ns_8_1_1_U416               |mul_4ns_4ns_8_1_1               |        0|   0|     0|    12|    0|
    |mul_4ns_4ns_8_1_1_U417               |mul_4ns_4ns_8_1_1               |        0|   0|     0|    12|    0|
    |mul_4ns_4ns_8_1_1_U418               |mul_4ns_4ns_8_1_1               |        0|   0|     0|    12|    0|
    |mul_4ns_4ns_8_1_1_U419               |mul_4ns_4ns_8_1_1               |        0|   0|     0|    12|    0|
    |mul_4ns_4ns_8_1_1_U420               |mul_4ns_4ns_8_1_1               |        0|   0|     0|    12|    0|
    |mul_4ns_4ns_8_1_1_U421               |mul_4ns_4ns_8_1_1               |        0|   0|     0|    12|    0|
    |mul_4ns_4ns_8_1_1_U422               |mul_4ns_4ns_8_1_1               |        0|   0|     0|    12|    0|
    |mul_4ns_4ns_8_1_1_U423               |mul_4ns_4ns_8_1_1               |        0|   0|     0|    12|    0|
    |mul_4ns_4ns_8_1_1_U424               |mul_4ns_4ns_8_1_1               |        0|   0|     0|    12|    0|
    |mul_4ns_4ns_8_1_1_U425               |mul_4ns_4ns_8_1_1               |        0|   0|     0|    12|    0|
    |mul_4ns_4ns_8_1_1_U426               |mul_4ns_4ns_8_1_1               |        0|   0|     0|    12|    0|
    |mul_4ns_4ns_8_1_1_U427               |mul_4ns_4ns_8_1_1               |        0|   0|     0|    12|    0|
    |mul_4ns_4ns_8_1_1_U428               |mul_4ns_4ns_8_1_1               |        0|   0|     0|    12|    0|
    |mul_4ns_4ns_8_1_1_U429               |mul_4ns_4ns_8_1_1               |        0|   0|     0|    12|    0|
    |mul_4ns_4ns_8_1_1_U430               |mul_4ns_4ns_8_1_1               |        0|   0|     0|    12|    0|
    |mul_4ns_4ns_8_1_1_U431               |mul_4ns_4ns_8_1_1               |        0|   0|     0|    12|    0|
    |mul_4ns_4ns_8_1_1_U432               |mul_4ns_4ns_8_1_1               |        0|   0|     0|    12|    0|
    |mul_4ns_4ns_8_1_1_U433               |mul_4ns_4ns_8_1_1               |        0|   0|     0|    12|    0|
    |mul_4ns_4ns_8_1_1_U434               |mul_4ns_4ns_8_1_1               |        0|   0|     0|    12|    0|
    |mul_4ns_4ns_8_1_1_U435               |mul_4ns_4ns_8_1_1               |        0|   0|     0|    12|    0|
    |mul_4ns_4ns_8_1_1_U436               |mul_4ns_4ns_8_1_1               |        0|   0|     0|    12|    0|
    |mul_4ns_4ns_8_1_1_U437               |mul_4ns_4ns_8_1_1               |        0|   0|     0|    12|    0|
    |mul_4ns_4ns_8_1_1_U438               |mul_4ns_4ns_8_1_1               |        0|   0|     0|    12|    0|
    |mul_4ns_4ns_8_1_1_U439               |mul_4ns_4ns_8_1_1               |        0|   0|     0|    12|    0|
    |mul_4ns_4ns_8_1_1_U440               |mul_4ns_4ns_8_1_1               |        0|   0|     0|    12|    0|
    |mul_4ns_4ns_8_1_1_U441               |mul_4ns_4ns_8_1_1               |        0|   0|     0|    12|    0|
    |mul_4ns_4ns_8_1_1_U442               |mul_4ns_4ns_8_1_1               |        0|   0|     0|    12|    0|
    |mul_4ns_4ns_8_1_1_U443               |mul_4ns_4ns_8_1_1               |        0|   0|     0|    12|    0|
    |mul_4ns_4ns_8_1_1_U444               |mul_4ns_4ns_8_1_1               |        0|   0|     0|    12|    0|
    |mul_4ns_4ns_8_1_1_U445               |mul_4ns_4ns_8_1_1               |        0|   0|     0|    12|    0|
    |mul_4ns_4ns_8_1_1_U446               |mul_4ns_4ns_8_1_1               |        0|   0|     0|    12|    0|
    |mul_4ns_4ns_8_1_1_U447               |mul_4ns_4ns_8_1_1               |        0|   0|     0|    12|    0|
    |mul_4ns_4ns_8_1_1_U448               |mul_4ns_4ns_8_1_1               |        0|   0|     0|    12|    0|
    |mul_4ns_4ns_8_1_1_U449               |mul_4ns_4ns_8_1_1               |        0|   0|     0|    12|    0|
    |mul_4ns_4ns_8_1_1_U450               |mul_4ns_4ns_8_1_1               |        0|   0|     0|    12|    0|
    |mul_4ns_4ns_8_1_1_U451               |mul_4ns_4ns_8_1_1               |        0|   0|     0|    12|    0|
    |mul_4ns_4ns_8_1_1_U452               |mul_4ns_4ns_8_1_1               |        0|   0|     0|    12|    0|
    |mul_4ns_4ns_8_1_1_U453               |mul_4ns_4ns_8_1_1               |        0|   0|     0|    12|    0|
    |mul_4ns_4ns_8_1_1_U454               |mul_4ns_4ns_8_1_1               |        0|   0|     0|    12|    0|
    |mul_4ns_4ns_8_1_1_U455               |mul_4ns_4ns_8_1_1               |        0|   0|     0|    12|    0|
    |mul_4ns_4ns_8_1_1_U456               |mul_4ns_4ns_8_1_1               |        0|   0|     0|    12|    0|
    |mul_4ns_4ns_8_1_1_U457               |mul_4ns_4ns_8_1_1               |        0|   0|     0|    12|    0|
    |mul_4ns_4ns_8_1_1_U458               |mul_4ns_4ns_8_1_1               |        0|   0|     0|    12|    0|
    |mul_4ns_4ns_8_1_1_U459               |mul_4ns_4ns_8_1_1               |        0|   0|     0|    12|    0|
    |mul_4ns_4ns_8_1_1_U460               |mul_4ns_4ns_8_1_1               |        0|   0|     0|    12|    0|
    |mul_4ns_4ns_8_1_1_U461               |mul_4ns_4ns_8_1_1               |        0|   0|     0|    12|    0|
    |mul_4ns_4ns_8_1_1_U462               |mul_4ns_4ns_8_1_1               |        0|   0|     0|    12|    0|
    |mul_4ns_4ns_8_1_1_U463               |mul_4ns_4ns_8_1_1               |        0|   0|     0|    12|    0|
    |mul_4ns_4ns_8_1_1_U464               |mul_4ns_4ns_8_1_1               |        0|   0|     0|    12|    0|
    |mul_4ns_4ns_8_1_1_U465               |mul_4ns_4ns_8_1_1               |        0|   0|     0|    12|    0|
    |mul_4ns_4ns_8_1_1_U466               |mul_4ns_4ns_8_1_1               |        0|   0|     0|    12|    0|
    |mul_4ns_4ns_8_1_1_U467               |mul_4ns_4ns_8_1_1               |        0|   0|     0|    12|    0|
    |mul_4ns_4ns_8_1_1_U468               |mul_4ns_4ns_8_1_1               |        0|   0|     0|    12|    0|
    |mul_4ns_4ns_8_1_1_U469               |mul_4ns_4ns_8_1_1               |        0|   0|     0|    12|    0|
    |mul_4ns_4ns_8_1_1_U470               |mul_4ns_4ns_8_1_1               |        0|   0|     0|    12|    0|
    |mul_4ns_4ns_8_1_1_U471               |mul_4ns_4ns_8_1_1               |        0|   0|     0|    12|    0|
    |mul_4ns_4ns_8_1_1_U472               |mul_4ns_4ns_8_1_1               |        0|   0|     0|    12|    0|
    |mul_4ns_4ns_8_1_1_U473               |mul_4ns_4ns_8_1_1               |        0|   0|     0|    12|    0|
    |mul_4ns_4ns_8_1_1_U474               |mul_4ns_4ns_8_1_1               |        0|   0|     0|    12|    0|
    |mul_4ns_4ns_8_1_1_U475               |mul_4ns_4ns_8_1_1               |        0|   0|     0|    12|    0|
    |mul_4ns_4ns_8_1_1_U476               |mul_4ns_4ns_8_1_1               |        0|   0|     0|    12|    0|
    |mul_4ns_4ns_8_1_1_U477               |mul_4ns_4ns_8_1_1               |        0|   0|     0|    12|    0|
    |mul_4ns_4ns_8_1_1_U478               |mul_4ns_4ns_8_1_1               |        0|   0|     0|    12|    0|
    |mul_4ns_4ns_8_1_1_U479               |mul_4ns_4ns_8_1_1               |        0|   0|     0|    12|    0|
    |mul_4ns_4ns_8_1_1_U480               |mul_4ns_4ns_8_1_1               |        0|   0|     0|    12|    0|
    |mul_4ns_4ns_8_1_1_U481               |mul_4ns_4ns_8_1_1               |        0|   0|     0|    12|    0|
    |mul_4ns_4ns_8_1_1_U482               |mul_4ns_4ns_8_1_1               |        0|   0|     0|    12|    0|
    |mul_4ns_4ns_8_1_1_U483               |mul_4ns_4ns_8_1_1               |        0|   0|     0|    12|    0|
    |mul_4ns_4ns_8_1_1_U484               |mul_4ns_4ns_8_1_1               |        0|   0|     0|    12|    0|
    |mul_4ns_4ns_8_1_1_U485               |mul_4ns_4ns_8_1_1               |        0|   0|     0|    12|    0|
    |mul_4ns_4ns_8_1_1_U486               |mul_4ns_4ns_8_1_1               |        0|   0|     0|    12|    0|
    |mul_4ns_4ns_8_1_1_U487               |mul_4ns_4ns_8_1_1               |        0|   0|     0|    12|    0|
    |mul_4ns_4ns_8_1_1_U488               |mul_4ns_4ns_8_1_1               |        0|   0|     0|    12|    0|
    |mul_4ns_4ns_8_1_1_U489               |mul_4ns_4ns_8_1_1               |        0|   0|     0|    12|    0|
    |mul_4ns_4ns_8_1_1_U490               |mul_4ns_4ns_8_1_1               |        0|   0|     0|    12|    0|
    |mul_4ns_4ns_8_1_1_U491               |mul_4ns_4ns_8_1_1               |        0|   0|     0|    12|    0|
    |mul_4ns_4ns_8_1_1_U492               |mul_4ns_4ns_8_1_1               |        0|   0|     0|    12|    0|
    |mul_4ns_4ns_8_1_1_U493               |mul_4ns_4ns_8_1_1               |        0|   0|     0|    12|    0|
    |mul_4ns_4ns_8_1_1_U494               |mul_4ns_4ns_8_1_1               |        0|   0|     0|    12|    0|
    |mul_4ns_4ns_8_1_1_U495               |mul_4ns_4ns_8_1_1               |        0|   0|     0|    12|    0|
    |mul_4ns_4ns_8_1_1_U496               |mul_4ns_4ns_8_1_1               |        0|   0|     0|    12|    0|
    |mul_4ns_4ns_8_1_1_U497               |mul_4ns_4ns_8_1_1               |        0|   0|     0|    12|    0|
    |mul_4ns_4ns_8_1_1_U498               |mul_4ns_4ns_8_1_1               |        0|   0|     0|    12|    0|
    |mul_4ns_4ns_8_1_1_U499               |mul_4ns_4ns_8_1_1               |        0|   0|     0|    12|    0|
    |mul_4ns_4ns_8_1_1_U500               |mul_4ns_4ns_8_1_1               |        0|   0|     0|    12|    0|
    |mul_4ns_4ns_8_1_1_U501               |mul_4ns_4ns_8_1_1               |        0|   0|     0|    12|    0|
    |mul_4ns_4ns_8_1_1_U502               |mul_4ns_4ns_8_1_1               |        0|   0|     0|    12|    0|
    |mul_4ns_4ns_8_1_1_U503               |mul_4ns_4ns_8_1_1               |        0|   0|     0|    12|    0|
    |mul_4ns_4ns_8_1_1_U504               |mul_4ns_4ns_8_1_1               |        0|   0|     0|    12|    0|
    |mul_4ns_4ns_8_1_1_U505               |mul_4ns_4ns_8_1_1               |        0|   0|     0|    12|    0|
    |mul_4ns_4ns_8_1_1_U506               |mul_4ns_4ns_8_1_1               |        0|   0|     0|    12|    0|
    |mul_4ns_4ns_8_1_1_U507               |mul_4ns_4ns_8_1_1               |        0|   0|     0|    12|    0|
    |mul_4ns_4ns_8_1_1_U508               |mul_4ns_4ns_8_1_1               |        0|   0|     0|    12|    0|
    |mul_4ns_4ns_8_1_1_U509               |mul_4ns_4ns_8_1_1               |        0|   0|     0|    12|    0|
    |mul_4ns_4ns_8_1_1_U510               |mul_4ns_4ns_8_1_1               |        0|   0|     0|    12|    0|
    |mul_4ns_4ns_8_1_1_U511               |mul_4ns_4ns_8_1_1               |        0|   0|     0|    12|    0|
    |mul_4ns_4ns_8_1_1_U512               |mul_4ns_4ns_8_1_1               |        0|   0|     0|    12|    0|
    |mul_4ns_4ns_8_1_1_U513               |mul_4ns_4ns_8_1_1               |        0|   0|     0|    12|    0|
    |mul_4ns_4ns_8_1_1_U514               |mul_4ns_4ns_8_1_1               |        0|   0|     0|    12|    0|
    |mul_4ns_4ns_8_1_1_U515               |mul_4ns_4ns_8_1_1               |        0|   0|     0|    12|    0|
    |mul_4ns_4ns_8_1_1_U516               |mul_4ns_4ns_8_1_1               |        0|   0|     0|    12|    0|
    |mul_4ns_4ns_8_1_1_U517               |mul_4ns_4ns_8_1_1               |        0|   0|     0|    12|    0|
    |mul_4ns_4ns_8_1_1_U518               |mul_4ns_4ns_8_1_1               |        0|   0|     0|    12|    0|
    |mul_4ns_4ns_8_1_1_U519               |mul_4ns_4ns_8_1_1               |        0|   0|     0|    12|    0|
    |mul_4ns_4ns_8_1_1_U520               |mul_4ns_4ns_8_1_1               |        0|   0|     0|    12|    0|
    |mul_4ns_4ns_8_1_1_U521               |mul_4ns_4ns_8_1_1               |        0|   0|     0|    12|    0|
    |mul_4ns_4ns_8_1_1_U522               |mul_4ns_4ns_8_1_1               |        0|   0|     0|    12|    0|
    |mul_4ns_4ns_8_1_1_U523               |mul_4ns_4ns_8_1_1               |        0|   0|     0|    12|    0|
    |mul_4ns_4ns_8_1_1_U524               |mul_4ns_4ns_8_1_1               |        0|   0|     0|    12|    0|
    |mul_4ns_4ns_8_1_1_U525               |mul_4ns_4ns_8_1_1               |        0|   0|     0|    12|    0|
    |mul_4ns_4ns_8_1_1_U526               |mul_4ns_4ns_8_1_1               |        0|   0|     0|    12|    0|
    |mul_4ns_4ns_8_1_1_U527               |mul_4ns_4ns_8_1_1               |        0|   0|     0|    12|    0|
    |mul_4ns_4ns_8_1_1_U528               |mul_4ns_4ns_8_1_1               |        0|   0|     0|    12|    0|
    |mul_4ns_4ns_8_1_1_U529               |mul_4ns_4ns_8_1_1               |        0|   0|     0|    12|    0|
    |mul_4ns_4ns_8_1_1_U530               |mul_4ns_4ns_8_1_1               |        0|   0|     0|    12|    0|
    |mul_4ns_4ns_8_1_1_U531               |mul_4ns_4ns_8_1_1               |        0|   0|     0|    12|    0|
    |mul_4ns_4ns_8_1_1_U532               |mul_4ns_4ns_8_1_1               |        0|   0|     0|    12|    0|
    |mul_4ns_4ns_8_1_1_U533               |mul_4ns_4ns_8_1_1               |        0|   0|     0|    12|    0|
    |mul_4ns_4ns_8_1_1_U534               |mul_4ns_4ns_8_1_1               |        0|   0|     0|    12|    0|
    |mul_4ns_4ns_8_1_1_U535               |mul_4ns_4ns_8_1_1               |        0|   0|     0|    12|    0|
    |mul_4ns_4ns_8_1_1_U536               |mul_4ns_4ns_8_1_1               |        0|   0|     0|    12|    0|
    |mul_4ns_4ns_8_1_1_U537               |mul_4ns_4ns_8_1_1               |        0|   0|     0|    12|    0|
    |mul_4ns_4ns_8_1_1_U538               |mul_4ns_4ns_8_1_1               |        0|   0|     0|    12|    0|
    |mul_4ns_4ns_8_1_1_U539               |mul_4ns_4ns_8_1_1               |        0|   0|     0|    12|    0|
    |mul_4ns_4ns_8_1_1_U540               |mul_4ns_4ns_8_1_1               |        0|   0|     0|    12|    0|
    |mul_4ns_4ns_8_1_1_U541               |mul_4ns_4ns_8_1_1               |        0|   0|     0|    12|    0|
    |mul_4ns_4ns_8_1_1_U542               |mul_4ns_4ns_8_1_1               |        0|   0|     0|    12|    0|
    |mul_4ns_4ns_8_1_1_U543               |mul_4ns_4ns_8_1_1               |        0|   0|     0|    12|    0|
    |mul_4ns_4ns_8_1_1_U544               |mul_4ns_4ns_8_1_1               |        0|   0|     0|    12|    0|
    |mul_4ns_4ns_8_1_1_U545               |mul_4ns_4ns_8_1_1               |        0|   0|     0|    12|    0|
    |mul_4ns_4ns_8_1_1_U546               |mul_4ns_4ns_8_1_1               |        0|   0|     0|    12|    0|
    |mul_4ns_4ns_8_1_1_U547               |mul_4ns_4ns_8_1_1               |        0|   0|     0|    12|    0|
    |mul_4ns_4ns_8_1_1_U548               |mul_4ns_4ns_8_1_1               |        0|   0|     0|    12|    0|
    |mul_4ns_4ns_8_1_1_U549               |mul_4ns_4ns_8_1_1               |        0|   0|     0|    12|    0|
    |mul_4ns_4ns_8_1_1_U550               |mul_4ns_4ns_8_1_1               |        0|   0|     0|    12|    0|
    |mul_4ns_4ns_8_1_1_U551               |mul_4ns_4ns_8_1_1               |        0|   0|     0|    12|    0|
    |mul_4ns_4ns_8_1_1_U552               |mul_4ns_4ns_8_1_1               |        0|   0|     0|    12|    0|
    |mul_4ns_4ns_8_1_1_U553               |mul_4ns_4ns_8_1_1               |        0|   0|     0|    12|    0|
    |mul_4ns_4ns_8_1_1_U554               |mul_4ns_4ns_8_1_1               |        0|   0|     0|    12|    0|
    |mul_4ns_4ns_8_1_1_U555               |mul_4ns_4ns_8_1_1               |        0|   0|     0|    12|    0|
    |mul_4ns_4ns_8_1_1_U556               |mul_4ns_4ns_8_1_1               |        0|   0|     0|    12|    0|
    |mul_4ns_4ns_8_1_1_U557               |mul_4ns_4ns_8_1_1               |        0|   0|     0|    12|    0|
    |mul_4ns_4ns_8_1_1_U558               |mul_4ns_4ns_8_1_1               |        0|   0|     0|    12|    0|
    |mul_4ns_4ns_8_1_1_U559               |mul_4ns_4ns_8_1_1               |        0|   0|     0|    12|    0|
    |mul_4ns_4ns_8_1_1_U560               |mul_4ns_4ns_8_1_1               |        0|   0|     0|    12|    0|
    |mul_4ns_4ns_8_1_1_U561               |mul_4ns_4ns_8_1_1               |        0|   0|     0|    12|    0|
    |mul_4ns_4ns_8_1_1_U562               |mul_4ns_4ns_8_1_1               |        0|   0|     0|    12|    0|
    |mul_4ns_4ns_8_1_1_U563               |mul_4ns_4ns_8_1_1               |        0|   0|     0|    12|    0|
    |mul_4ns_4ns_8_1_1_U564               |mul_4ns_4ns_8_1_1               |        0|   0|     0|    12|    0|
    |sparsemux_11_3_128_1_1_U295          |sparsemux_11_3_128_1_1          |        0|   0|     0|    26|    0|
    |sparsemux_11_3_128_1_1_U296          |sparsemux_11_3_128_1_1          |        0|   0|     0|    26|    0|
    |sparsemux_11_3_128_1_1_U297          |sparsemux_11_3_128_1_1          |        0|   0|     0|    26|    0|
    |sparsemux_11_3_128_1_1_U298          |sparsemux_11_3_128_1_1          |        0|   0|     0|    26|    0|
    |sparsemux_11_4_128_1_1_U299          |sparsemux_11_4_128_1_1          |        0|   0|     0|    26|    0|
    |sparsemux_11_4_128_1_1_U300          |sparsemux_11_4_128_1_1          |        0|   0|     0|    26|    0|
    |sparsemux_11_4_128_1_1_U301          |sparsemux_11_4_128_1_1          |        0|   0|     0|    26|    0|
    |sparsemux_11_4_128_1_1_U302          |sparsemux_11_4_128_1_1          |        0|   0|     0|    26|    0|
    |sparsemux_11_4_128_1_1_U303          |sparsemux_11_4_128_1_1          |        0|   0|     0|    26|    0|
    |sparsemux_11_4_128_1_1_U304          |sparsemux_11_4_128_1_1          |        0|   0|     0|    26|    0|
    |sparsemux_11_4_128_1_1_U305          |sparsemux_11_4_128_1_1          |        0|   0|     0|    26|    0|
    |sparsemux_11_4_128_1_1_U306          |sparsemux_11_4_128_1_1          |        0|   0|     0|    26|    0|
    |sparsemux_17_3_128_1_1_U294          |sparsemux_17_3_128_1_1          |        0|   0|     0|    43|    0|
    |sparsemux_17_3_16_1_1_U565           |sparsemux_17_3_16_1_1           |        0|   0|     0|    43|    0|
    |sparsemux_17_3_16_1_1_U566           |sparsemux_17_3_16_1_1           |        0|   0|     0|    43|    0|
    |sparsemux_17_3_16_1_1_U567           |sparsemux_17_3_16_1_1           |        0|   0|     0|    43|    0|
    |sparsemux_17_3_16_1_1_U568           |sparsemux_17_3_16_1_1           |        0|   0|     0|    43|    0|
    |sparsemux_17_3_16_1_1_U569           |sparsemux_17_3_16_1_1           |        0|   0|     0|    43|    0|
    |sparsemux_17_3_16_1_1_U570           |sparsemux_17_3_16_1_1           |        0|   0|     0|    43|    0|
    |sparsemux_17_3_16_1_1_U571           |sparsemux_17_3_16_1_1           |        0|   0|     0|    43|    0|
    |sparsemux_17_3_16_1_1_U572           |sparsemux_17_3_16_1_1           |        0|   0|     0|    43|    0|
    |sparsemux_17_3_16_1_1_U573           |sparsemux_17_3_16_1_1           |        0|   0|     0|    43|    0|
    |sparsemux_17_3_16_1_1_U574           |sparsemux_17_3_16_1_1           |        0|   0|     0|    43|    0|
    |sparsemux_17_3_16_1_1_U575           |sparsemux_17_3_16_1_1           |        0|   0|     0|    43|    0|
    |sparsemux_17_3_16_1_1_U576           |sparsemux_17_3_16_1_1           |        0|   0|     0|    43|    0|
    |sparsemux_17_3_16_1_1_U577           |sparsemux_17_3_16_1_1           |        0|   0|     0|    43|    0|
    |sparsemux_17_3_16_1_1_U578           |sparsemux_17_3_16_1_1           |        0|   0|     0|    43|    0|
    |sparsemux_17_3_16_1_1_U579           |sparsemux_17_3_16_1_1           |        0|   0|     0|    43|    0|
    |sparsemux_17_3_16_1_1_U580           |sparsemux_17_3_16_1_1           |        0|   0|     0|    43|    0|
    |sparsemux_7_2_128_1_1_U293           |sparsemux_7_2_128_1_1           |        0|   0|     0|     9|    0|
    |sparsemux_7_2_29_1_1_U308            |sparsemux_7_2_29_1_1            |        0|   0|     0|     9|    0|
    |sparsemux_9_2_128_1_1_U292           |sparsemux_9_2_128_1_1           |        0|   0|     0|    20|    0|
    |sparsemux_9_3_128_1_1_U307           |sparsemux_9_3_128_1_1           |        0|   0|     0|    20|    0|
    |srem_32s_3ns_32_36_1_U290            |srem_32s_3ns_32_36_1            |        0|   0|  2283|  1738|    0|
    |srem_32s_3ns_32_36_1_U291            |srem_32s_3ns_32_36_1            |        0|   0|  2283|  1738|    0|
    +-------------------------------------+--------------------------------+---------+----+------+------+-----+
    |Total                                |                                |        0| 488| 31072| 34875|    0|
    +-------------------------------------+--------------------------------+---------+----+------+------+-----+

    * DSP: 
    N/A

    * Memory: 
    +-----------------+-------------------------------------------------------------------------+---------+---+----+-----+------+-----+------+-------------+
    |      Memory     |                                  Module                                 | BRAM_18K| FF| LUT| URAM| Words| Bits| Banks| W*Bits*Banks|
    +-----------------+-------------------------------------------------------------------------+---------+---+----+-----+------+-----+------+-------------+
    |w_buf_1_local_U  |fp8_mac_producer_16_16_Pipeline_PASS_A_FLAT_w_buf_1_local_RAM_AUTO_1R1W  |        4|  0|   0|    0|    60|  128|     1|         7680|
    +-----------------+-------------------------------------------------------------------------+---------+---+----+-----+------+-----+------+-------------+
    |Total            |                                                                         |        4|  0|   0|    0|    60|  128|     1|         7680|
    +-----------------+-------------------------------------------------------------------------+---------+---+----+-----+------+-----+------+-------------+

    * FIFO: 
    N/A

    * Expression: 
    +-------------------------------------------+----------+----+---+------+------------+------------+
    |               Variable Name               | Operation| DSP| FF|  LUT | Bitwidth P0| Bitwidth P1|
    +-------------------------------------------+----------+----+---+------+------------+------------+
    |add_ln163_fu_2480_p2                       |         +|   0|  0|    19|           8|           8|
    |add_ln173_1_fu_10531_p2                    |         +|   0|  0|    71|          64|          64|
    |add_ln173_fu_10514_p2                      |         +|   0|  0|    39|          32|          32|
    |add_ln49_1_fu_2687_p2                      |         +|   0|  0|    32|          32|          32|
    |add_ln49_2_fu_2775_p2                      |         +|   0|  0|    39|          32|          14|
    |add_ln49_3_fu_2703_p2                      |         +|   0|  0|    32|          32|          32|
    |add_ln49_fu_2669_p2                        |         +|   0|  0|    32|          32|          32|
    |add_ln81_100_fu_14596_p2                   |         +|   0|  0|    12|           5|           5|
    |add_ln81_102_fu_14643_p2                   |         +|   0|  0|    12|           5|           5|
    |add_ln81_104_fu_14690_p2                   |         +|   0|  0|    12|           5|           5|
    |add_ln81_106_fu_14737_p2                   |         +|   0|  0|    12|           5|           5|
    |add_ln81_108_fu_14784_p2                   |         +|   0|  0|    12|           5|           5|
    |add_ln81_10_fu_12651_p2                    |         +|   0|  0|    12|           5|           5|
    |add_ln81_110_fu_14831_p2                   |         +|   0|  0|    12|           5|           5|
    |add_ln81_112_fu_14878_p2                   |         +|   0|  0|    12|           5|           5|
    |add_ln81_114_fu_14925_p2                   |         +|   0|  0|    12|           5|           5|
    |add_ln81_116_fu_14972_p2                   |         +|   0|  0|    12|           5|           5|
    |add_ln81_118_fu_15019_p2                   |         +|   0|  0|    12|           5|           5|
    |add_ln81_120_fu_15066_p2                   |         +|   0|  0|    12|           5|           5|
    |add_ln81_122_fu_15113_p2                   |         +|   0|  0|    12|           5|           5|
    |add_ln81_124_fu_15160_p2                   |         +|   0|  0|    12|           5|           5|
    |add_ln81_126_fu_15207_p2                   |         +|   0|  0|    12|           5|           5|
    |add_ln81_128_fu_15254_p2                   |         +|   0|  0|    12|           5|           5|
    |add_ln81_12_fu_12709_p2                    |         +|   0|  0|    12|           5|           5|
    |add_ln81_130_fu_15301_p2                   |         +|   0|  0|    12|           5|           5|
    |add_ln81_132_fu_15348_p2                   |         +|   0|  0|    12|           5|           5|
    |add_ln81_134_fu_15395_p2                   |         +|   0|  0|    12|           5|           5|
    |add_ln81_136_fu_15442_p2                   |         +|   0|  0|    12|           5|           5|
    |add_ln81_138_fu_15489_p2                   |         +|   0|  0|    12|           5|           5|
    |add_ln81_140_fu_15536_p2                   |         +|   0|  0|    12|           5|           5|
    |add_ln81_142_fu_15583_p2                   |         +|   0|  0|    12|           5|           5|
    |add_ln81_144_fu_15630_p2                   |         +|   0|  0|    12|           5|           5|
    |add_ln81_146_fu_15677_p2                   |         +|   0|  0|    12|           5|           5|
    |add_ln81_148_fu_15724_p2                   |         +|   0|  0|    12|           5|           5|
    |add_ln81_14_fu_12767_p2                    |         +|   0|  0|    12|           5|           5|
    |add_ln81_150_fu_15771_p2                   |         +|   0|  0|    12|           5|           5|
    |add_ln81_152_fu_15818_p2                   |         +|   0|  0|    12|           5|           5|
    |add_ln81_154_fu_15865_p2                   |         +|   0|  0|    12|           5|           5|
    |add_ln81_156_fu_15912_p2                   |         +|   0|  0|    12|           5|           5|
    |add_ln81_158_fu_15959_p2                   |         +|   0|  0|    12|           5|           5|
    |add_ln81_160_fu_16006_p2                   |         +|   0|  0|    12|           5|           5|
    |add_ln81_162_fu_16053_p2                   |         +|   0|  0|    12|           5|           5|
    |add_ln81_164_fu_16100_p2                   |         +|   0|  0|    12|           5|           5|
    |add_ln81_166_fu_16147_p2                   |         +|   0|  0|    12|           5|           5|
    |add_ln81_168_fu_16194_p2                   |         +|   0|  0|    12|           5|           5|
    |add_ln81_16_fu_12825_p2                    |         +|   0|  0|    12|           5|           5|
    |add_ln81_170_fu_16241_p2                   |         +|   0|  0|    12|           5|           5|
    |add_ln81_172_fu_16288_p2                   |         +|   0|  0|    12|           5|           5|
    |add_ln81_174_fu_16335_p2                   |         +|   0|  0|    12|           5|           5|
    |add_ln81_176_fu_16382_p2                   |         +|   0|  0|    12|           5|           5|
    |add_ln81_178_fu_16429_p2                   |         +|   0|  0|    12|           5|           5|
    |add_ln81_180_fu_16476_p2                   |         +|   0|  0|    12|           5|           5|
    |add_ln81_182_fu_16523_p2                   |         +|   0|  0|    12|           5|           5|
    |add_ln81_184_fu_16570_p2                   |         +|   0|  0|    12|           5|           5|
    |add_ln81_186_fu_16617_p2                   |         +|   0|  0|    12|           5|           5|
    |add_ln81_188_fu_16664_p2                   |         +|   0|  0|    12|           5|           5|
    |add_ln81_18_fu_12883_p2                    |         +|   0|  0|    12|           5|           5|
    |add_ln81_190_fu_16711_p2                   |         +|   0|  0|    12|           5|           5|
    |add_ln81_192_fu_16758_p2                   |         +|   0|  0|    12|           5|           5|
    |add_ln81_194_fu_16805_p2                   |         +|   0|  0|    12|           5|           5|
    |add_ln81_196_fu_16852_p2                   |         +|   0|  0|    12|           5|           5|
    |add_ln81_198_fu_16899_p2                   |         +|   0|  0|    12|           5|           5|
    |add_ln81_200_fu_16946_p2                   |         +|   0|  0|    12|           5|           5|
    |add_ln81_202_fu_16993_p2                   |         +|   0|  0|    12|           5|           5|
    |add_ln81_204_fu_17040_p2                   |         +|   0|  0|    12|           5|           5|
    |add_ln81_206_fu_17087_p2                   |         +|   0|  0|    12|           5|           5|
    |add_ln81_208_fu_17134_p2                   |         +|   0|  0|    12|           5|           5|
    |add_ln81_20_fu_12941_p2                    |         +|   0|  0|    12|           5|           5|
    |add_ln81_210_fu_17181_p2                   |         +|   0|  0|    12|           5|           5|
    |add_ln81_212_fu_17228_p2                   |         +|   0|  0|    12|           5|           5|
    |add_ln81_214_fu_17275_p2                   |         +|   0|  0|    12|           5|           5|
    |add_ln81_216_fu_17322_p2                   |         +|   0|  0|    12|           5|           5|
    |add_ln81_218_fu_17369_p2                   |         +|   0|  0|    12|           5|           5|
    |add_ln81_220_fu_17416_p2                   |         +|   0|  0|    12|           5|           5|
    |add_ln81_222_fu_17463_p2                   |         +|   0|  0|    12|           5|           5|
    |add_ln81_224_fu_17510_p2                   |         +|   0|  0|    12|           5|           5|
    |add_ln81_226_fu_17557_p2                   |         +|   0|  0|    12|           5|           5|
    |add_ln81_228_fu_17604_p2                   |         +|   0|  0|    12|           5|           5|
    |add_ln81_22_fu_12999_p2                    |         +|   0|  0|    12|           5|           5|
    |add_ln81_230_fu_17651_p2                   |         +|   0|  0|    12|           5|           5|
    |add_ln81_232_fu_17698_p2                   |         +|   0|  0|    12|           5|           5|
    |add_ln81_234_fu_17745_p2                   |         +|   0|  0|    12|           5|           5|
    |add_ln81_236_fu_17792_p2                   |         +|   0|  0|    12|           5|           5|
    |add_ln81_238_fu_17839_p2                   |         +|   0|  0|    12|           5|           5|
    |add_ln81_240_fu_17886_p2                   |         +|   0|  0|    12|           5|           5|
    |add_ln81_242_fu_17933_p2                   |         +|   0|  0|    12|           5|           5|
    |add_ln81_244_fu_17980_p2                   |         +|   0|  0|    12|           5|           5|
    |add_ln81_246_fu_18027_p2                   |         +|   0|  0|    12|           5|           5|
    |add_ln81_248_fu_18074_p2                   |         +|   0|  0|    12|           5|           5|
    |add_ln81_24_fu_13057_p2                    |         +|   0|  0|    12|           5|           5|
    |add_ln81_250_fu_18121_p2                   |         +|   0|  0|    12|           5|           5|
    |add_ln81_252_fu_18168_p2                   |         +|   0|  0|    12|           5|           5|
    |add_ln81_254_fu_18215_p2                   |         +|   0|  0|    12|           5|           5|
    |add_ln81_256_fu_18262_p2                   |         +|   0|  0|    12|           5|           5|
    |add_ln81_258_fu_18309_p2                   |         +|   0|  0|    12|           5|           5|
    |add_ln81_260_fu_18356_p2                   |         +|   0|  0|    12|           5|           5|
    |add_ln81_262_fu_18403_p2                   |         +|   0|  0|    12|           5|           5|
    |add_ln81_264_fu_18450_p2                   |         +|   0|  0|    12|           5|           5|
    |add_ln81_266_fu_18497_p2                   |         +|   0|  0|    12|           5|           5|
    |add_ln81_268_fu_18544_p2                   |         +|   0|  0|    12|           5|           5|
    |add_ln81_26_fu_13115_p2                    |         +|   0|  0|    12|           5|           5|
    |add_ln81_270_fu_18591_p2                   |         +|   0|  0|    12|           5|           5|
    |add_ln81_272_fu_18638_p2                   |         +|   0|  0|    12|           5|           5|
    |add_ln81_274_fu_18685_p2                   |         +|   0|  0|    12|           5|           5|
    |add_ln81_276_fu_18732_p2                   |         +|   0|  0|    12|           5|           5|
    |add_ln81_278_fu_18779_p2                   |         +|   0|  0|    12|           5|           5|
    |add_ln81_280_fu_18826_p2                   |         +|   0|  0|    12|           5|           5|
    |add_ln81_282_fu_18873_p2                   |         +|   0|  0|    12|           5|           5|
    |add_ln81_284_fu_18920_p2                   |         +|   0|  0|    12|           5|           5|
    |add_ln81_286_fu_18967_p2                   |         +|   0|  0|    12|           5|           5|
    |add_ln81_288_fu_19014_p2                   |         +|   0|  0|    12|           5|           5|
    |add_ln81_28_fu_13173_p2                    |         +|   0|  0|    12|           5|           5|
    |add_ln81_290_fu_19061_p2                   |         +|   0|  0|    12|           5|           5|
    |add_ln81_292_fu_19108_p2                   |         +|   0|  0|    12|           5|           5|
    |add_ln81_294_fu_19155_p2                   |         +|   0|  0|    12|           5|           5|
    |add_ln81_296_fu_19202_p2                   |         +|   0|  0|    12|           5|           5|
    |add_ln81_298_fu_19249_p2                   |         +|   0|  0|    12|           5|           5|
    |add_ln81_2_fu_12419_p2                     |         +|   0|  0|    12|           5|           5|
    |add_ln81_300_fu_19296_p2                   |         +|   0|  0|    12|           5|           5|
    |add_ln81_302_fu_19343_p2                   |         +|   0|  0|    12|           5|           5|
    |add_ln81_304_fu_19390_p2                   |         +|   0|  0|    12|           5|           5|
    |add_ln81_306_fu_19437_p2                   |         +|   0|  0|    12|           5|           5|
    |add_ln81_308_fu_19484_p2                   |         +|   0|  0|    12|           5|           5|
    |add_ln81_30_fu_13231_p2                    |         +|   0|  0|    12|           5|           5|
    |add_ln81_310_fu_19531_p2                   |         +|   0|  0|    12|           5|           5|
    |add_ln81_312_fu_19578_p2                   |         +|   0|  0|    12|           5|           5|
    |add_ln81_314_fu_19625_p2                   |         +|   0|  0|    12|           5|           5|
    |add_ln81_316_fu_19672_p2                   |         +|   0|  0|    12|           5|           5|
    |add_ln81_318_fu_19719_p2                   |         +|   0|  0|    12|           5|           5|
    |add_ln81_320_fu_19766_p2                   |         +|   0|  0|    12|           5|           5|
    |add_ln81_322_fu_19813_p2                   |         +|   0|  0|    12|           5|           5|
    |add_ln81_324_fu_19860_p2                   |         +|   0|  0|    12|           5|           5|
    |add_ln81_326_fu_19907_p2                   |         +|   0|  0|    12|           5|           5|
    |add_ln81_328_fu_19954_p2                   |         +|   0|  0|    12|           5|           5|
    |add_ln81_32_fu_13278_p2                    |         +|   0|  0|    12|           5|           4|
    |add_ln81_330_fu_20001_p2                   |         +|   0|  0|    12|           5|           5|
    |add_ln81_332_fu_20048_p2                   |         +|   0|  0|    12|           5|           5|
    |add_ln81_334_fu_20095_p2                   |         +|   0|  0|    12|           5|           5|
    |add_ln81_336_fu_20142_p2                   |         +|   0|  0|    12|           5|           5|
    |add_ln81_338_fu_20189_p2                   |         +|   0|  0|    12|           5|           5|
    |add_ln81_33_fu_13284_p2                    |         +|   0|  0|    12|           5|           5|
    |add_ln81_340_fu_20236_p2                   |         +|   0|  0|    12|           5|           5|
    |add_ln81_342_fu_20283_p2                   |         +|   0|  0|    12|           5|           5|
    |add_ln81_344_fu_20330_p2                   |         +|   0|  0|    12|           5|           5|
    |add_ln81_346_fu_20377_p2                   |         +|   0|  0|    12|           5|           5|
    |add_ln81_348_fu_20424_p2                   |         +|   0|  0|    12|           5|           5|
    |add_ln81_350_fu_20471_p2                   |         +|   0|  0|    12|           5|           5|
    |add_ln81_352_fu_20518_p2                   |         +|   0|  0|    12|           5|           5|
    |add_ln81_354_fu_20565_p2                   |         +|   0|  0|    12|           5|           5|
    |add_ln81_356_fu_20612_p2                   |         +|   0|  0|    12|           5|           5|
    |add_ln81_358_fu_20659_p2                   |         +|   0|  0|    12|           5|           5|
    |add_ln81_35_fu_13331_p2                    |         +|   0|  0|    12|           5|           4|
    |add_ln81_360_fu_20706_p2                   |         +|   0|  0|    12|           5|           5|
    |add_ln81_362_fu_20753_p2                   |         +|   0|  0|    12|           5|           5|
    |add_ln81_364_fu_20800_p2                   |         +|   0|  0|    12|           5|           5|
    |add_ln81_366_fu_20847_p2                   |         +|   0|  0|    12|           5|           5|
    |add_ln81_368_fu_20894_p2                   |         +|   0|  0|    12|           5|           5|
    |add_ln81_36_fu_13337_p2                    |         +|   0|  0|    12|           5|           5|
    |add_ln81_370_fu_20941_p2                   |         +|   0|  0|    12|           5|           5|
    |add_ln81_372_fu_20988_p2                   |         +|   0|  0|    12|           5|           5|
    |add_ln81_374_fu_21035_p2                   |         +|   0|  0|    12|           5|           5|
    |add_ln81_376_fu_21082_p2                   |         +|   0|  0|    12|           5|           5|
    |add_ln81_378_fu_21129_p2                   |         +|   0|  0|    12|           5|           5|
    |add_ln81_380_fu_21176_p2                   |         +|   0|  0|    12|           5|           5|
    |add_ln81_382_fu_21223_p2                   |         +|   0|  0|    12|           5|           5|
    |add_ln81_384_fu_21270_p2                   |         +|   0|  0|    12|           5|           5|
    |add_ln81_386_fu_21317_p2                   |         +|   0|  0|    12|           5|           5|
    |add_ln81_388_fu_21364_p2                   |         +|   0|  0|    12|           5|           5|
    |add_ln81_38_fu_13384_p2                    |         +|   0|  0|    12|           5|           4|
    |add_ln81_390_fu_21411_p2                   |         +|   0|  0|    12|           5|           5|
    |add_ln81_392_fu_21458_p2                   |         +|   0|  0|    12|           5|           5|
    |add_ln81_394_fu_21505_p2                   |         +|   0|  0|    12|           5|           5|
    |add_ln81_396_fu_21552_p2                   |         +|   0|  0|    12|           5|           5|
    |add_ln81_398_fu_21599_p2                   |         +|   0|  0|    12|           5|           5|
    |add_ln81_39_fu_13390_p2                    |         +|   0|  0|    12|           5|           5|
    |add_ln81_400_fu_21646_p2                   |         +|   0|  0|    12|           5|           5|
    |add_ln81_402_fu_21693_p2                   |         +|   0|  0|    12|           5|           5|
    |add_ln81_404_fu_21740_p2                   |         +|   0|  0|    12|           5|           5|
    |add_ln81_406_fu_21787_p2                   |         +|   0|  0|    12|           5|           5|
    |add_ln81_408_fu_21834_p2                   |         +|   0|  0|    12|           5|           5|
    |add_ln81_410_fu_21881_p2                   |         +|   0|  0|    12|           5|           5|
    |add_ln81_412_fu_21928_p2                   |         +|   0|  0|    12|           5|           5|
    |add_ln81_414_fu_21975_p2                   |         +|   0|  0|    12|           5|           5|
    |add_ln81_416_fu_22022_p2                   |         +|   0|  0|    12|           5|           5|
    |add_ln81_418_fu_22069_p2                   |         +|   0|  0|    12|           5|           5|
    |add_ln81_41_fu_13437_p2                    |         +|   0|  0|    12|           5|           4|
    |add_ln81_420_fu_22116_p2                   |         +|   0|  0|    12|           5|           5|
    |add_ln81_422_fu_22163_p2                   |         +|   0|  0|    12|           5|           5|
    |add_ln81_424_fu_22210_p2                   |         +|   0|  0|    12|           5|           5|
    |add_ln81_426_fu_22257_p2                   |         +|   0|  0|    12|           5|           5|
    |add_ln81_428_fu_22304_p2                   |         +|   0|  0|    12|           5|           5|
    |add_ln81_42_fu_13443_p2                    |         +|   0|  0|    12|           5|           5|
    |add_ln81_430_fu_22351_p2                   |         +|   0|  0|    12|           5|           5|
    |add_ln81_432_fu_22398_p2                   |         +|   0|  0|    12|           5|           5|
    |add_ln81_434_fu_22445_p2                   |         +|   0|  0|    12|           5|           5|
    |add_ln81_436_fu_22492_p2                   |         +|   0|  0|    12|           5|           5|
    |add_ln81_438_fu_22539_p2                   |         +|   0|  0|    12|           5|           5|
    |add_ln81_440_fu_22586_p2                   |         +|   0|  0|    12|           5|           5|
    |add_ln81_442_fu_22633_p2                   |         +|   0|  0|    12|           5|           5|
    |add_ln81_444_fu_22680_p2                   |         +|   0|  0|    12|           5|           5|
    |add_ln81_446_fu_22727_p2                   |         +|   0|  0|    12|           5|           5|
    |add_ln81_448_fu_22774_p2                   |         +|   0|  0|    12|           5|           5|
    |add_ln81_44_fu_13490_p2                    |         +|   0|  0|    12|           5|           4|
    |add_ln81_450_fu_22821_p2                   |         +|   0|  0|    12|           5|           5|
    |add_ln81_452_fu_22868_p2                   |         +|   0|  0|    12|           5|           5|
    |add_ln81_454_fu_22915_p2                   |         +|   0|  0|    12|           5|           5|
    |add_ln81_456_fu_22962_p2                   |         +|   0|  0|    12|           5|           5|
    |add_ln81_458_fu_23009_p2                   |         +|   0|  0|    12|           5|           5|
    |add_ln81_45_fu_13496_p2                    |         +|   0|  0|    12|           5|           5|
    |add_ln81_460_fu_23056_p2                   |         +|   0|  0|    12|           5|           5|
    |add_ln81_462_fu_23103_p2                   |         +|   0|  0|    12|           5|           5|
    |add_ln81_464_fu_23150_p2                   |         +|   0|  0|    12|           5|           5|
    |add_ln81_466_fu_23197_p2                   |         +|   0|  0|    12|           5|           5|
    |add_ln81_468_fu_23244_p2                   |         +|   0|  0|    12|           5|           5|
    |add_ln81_470_fu_23291_p2                   |         +|   0|  0|    12|           5|           5|
    |add_ln81_472_fu_23338_p2                   |         +|   0|  0|    12|           5|           5|
    |add_ln81_474_fu_23385_p2                   |         +|   0|  0|    12|           5|           5|
    |add_ln81_476_fu_23432_p2                   |         +|   0|  0|    12|           5|           5|
    |add_ln81_478_fu_23479_p2                   |         +|   0|  0|    12|           5|           5|
    |add_ln81_47_fu_13543_p2                    |         +|   0|  0|    12|           5|           4|
    |add_ln81_480_fu_23526_p2                   |         +|   0|  0|    12|           5|           5|
    |add_ln81_482_fu_23573_p2                   |         +|   0|  0|    12|           5|           5|
    |add_ln81_484_fu_23620_p2                   |         +|   0|  0|    12|           5|           5|
    |add_ln81_486_fu_23667_p2                   |         +|   0|  0|    12|           5|           5|
    |add_ln81_488_fu_23714_p2                   |         +|   0|  0|    12|           5|           5|
    |add_ln81_48_fu_13549_p2                    |         +|   0|  0|    12|           5|           5|
    |add_ln81_490_fu_23761_p2                   |         +|   0|  0|    12|           5|           5|
    |add_ln81_492_fu_23808_p2                   |         +|   0|  0|    12|           5|           5|
    |add_ln81_494_fu_23855_p2                   |         +|   0|  0|    12|           5|           5|
    |add_ln81_496_fu_23902_p2                   |         +|   0|  0|    12|           5|           5|
    |add_ln81_498_fu_23949_p2                   |         +|   0|  0|    12|           5|           5|
    |add_ln81_4_fu_12477_p2                     |         +|   0|  0|    12|           5|           5|
    |add_ln81_500_fu_23996_p2                   |         +|   0|  0|    12|           5|           5|
    |add_ln81_502_fu_24043_p2                   |         +|   0|  0|    12|           5|           5|
    |add_ln81_504_fu_24090_p2                   |         +|   0|  0|    12|           5|           5|
    |add_ln81_506_fu_24137_p2                   |         +|   0|  0|    12|           5|           5|
    |add_ln81_508_fu_24184_p2                   |         +|   0|  0|    12|           5|           5|
    |add_ln81_50_fu_13596_p2                    |         +|   0|  0|    12|           5|           4|
    |add_ln81_510_fu_24231_p2                   |         +|   0|  0|    12|           5|           5|
    |add_ln81_512_fu_24278_p2                   |         +|   0|  0|    12|           5|           5|
    |add_ln81_514_fu_24325_p2                   |         +|   0|  0|    12|           5|           5|
    |add_ln81_516_fu_24372_p2                   |         +|   0|  0|    12|           5|           5|
    |add_ln81_518_fu_24419_p2                   |         +|   0|  0|    12|           5|           5|
    |add_ln81_51_fu_13602_p2                    |         +|   0|  0|    12|           5|           5|
    |add_ln81_520_fu_24466_p2                   |         +|   0|  0|    12|           5|           5|
    |add_ln81_522_fu_24513_p2                   |         +|   0|  0|    12|           5|           5|
    |add_ln81_524_fu_24560_p2                   |         +|   0|  0|    12|           5|           5|
    |add_ln81_526_fu_24607_p2                   |         +|   0|  0|    12|           5|           5|
    |add_ln81_53_fu_13649_p2                    |         +|   0|  0|    12|           5|           4|
    |add_ln81_54_fu_13655_p2                    |         +|   0|  0|    12|           5|           5|
    |add_ln81_56_fu_13702_p2                    |         +|   0|  0|    12|           5|           4|
    |add_ln81_57_fu_13708_p2                    |         +|   0|  0|    12|           5|           5|
    |add_ln81_59_fu_13755_p2                    |         +|   0|  0|    12|           5|           4|
    |add_ln81_60_fu_13761_p2                    |         +|   0|  0|    12|           5|           5|
    |add_ln81_62_fu_13808_p2                    |         +|   0|  0|    12|           5|           4|
    |add_ln81_63_fu_13814_p2                    |         +|   0|  0|    12|           5|           5|
    |add_ln81_65_fu_13861_p2                    |         +|   0|  0|    12|           5|           4|
    |add_ln81_66_fu_13867_p2                    |         +|   0|  0|    12|           5|           5|
    |add_ln81_68_fu_13914_p2                    |         +|   0|  0|    12|           5|           4|
    |add_ln81_69_fu_13920_p2                    |         +|   0|  0|    12|           5|           5|
    |add_ln81_6_fu_12535_p2                     |         +|   0|  0|    12|           5|           5|
    |add_ln81_71_fu_13967_p2                    |         +|   0|  0|    12|           5|           4|
    |add_ln81_72_fu_13973_p2                    |         +|   0|  0|    12|           5|           5|
    |add_ln81_74_fu_14020_p2                    |         +|   0|  0|    12|           5|           4|
    |add_ln81_75_fu_14026_p2                    |         +|   0|  0|    12|           5|           5|
    |add_ln81_77_fu_14073_p2                    |         +|   0|  0|    12|           5|           4|
    |add_ln81_78_fu_14079_p2                    |         +|   0|  0|    12|           5|           5|
    |add_ln81_80_fu_14126_p2                    |         +|   0|  0|    12|           5|           5|
    |add_ln81_82_fu_14173_p2                    |         +|   0|  0|    12|           5|           5|
    |add_ln81_84_fu_14220_p2                    |         +|   0|  0|    12|           5|           5|
    |add_ln81_86_fu_14267_p2                    |         +|   0|  0|    12|           5|           5|
    |add_ln81_88_fu_14314_p2                    |         +|   0|  0|    12|           5|           5|
    |add_ln81_8_fu_12593_p2                     |         +|   0|  0|    12|           5|           5|
    |add_ln81_90_fu_14361_p2                    |         +|   0|  0|    12|           5|           5|
    |add_ln81_92_fu_14408_p2                    |         +|   0|  0|    12|           5|           5|
    |add_ln81_94_fu_14455_p2                    |         +|   0|  0|    12|           5|           5|
    |add_ln81_96_fu_14502_p2                    |         +|   0|  0|    12|           5|           5|
    |add_ln81_98_fu_14549_p2                    |         +|   0|  0|    12|           5|           5|
    |add_ln81_fu_12361_p2                       |         +|   0|  0|    12|           5|           5|
    |ciw_4_fu_2339_p2                           |         +|   0|  0|    39|          32|           1|
    |co_fu_2546_p2                              |         +|   0|  0|    39|          32|           1|
    |e16_100_fu_32187_p2                        |         +|   0|  0|    13|           6|           6|
    |e16_101_fu_32261_p2                        |         +|   0|  0|    13|           6|           6|
    |e16_102_fu_32335_p2                        |         +|   0|  0|    13|           6|           6|
    |e16_103_fu_32409_p2                        |         +|   0|  0|    13|           6|           6|
    |e16_104_fu_32483_p2                        |         +|   0|  0|    13|           6|           6|
    |e16_105_fu_32557_p2                        |         +|   0|  0|    13|           6|           6|
    |e16_106_fu_32631_p2                        |         +|   0|  0|    13|           6|           6|
    |e16_107_fu_32705_p2                        |         +|   0|  0|    13|           6|           6|
    |e16_108_fu_32779_p2                        |         +|   0|  0|    13|           6|           6|
    |e16_109_fu_32853_p2                        |         +|   0|  0|    13|           6|           6|
    |e16_10_fu_25444_p2                         |         +|   0|  0|    13|           6|           6|
    |e16_110_fu_32927_p2                        |         +|   0|  0|    13|           6|           6|
    |e16_111_fu_33001_p2                        |         +|   0|  0|    13|           6|           6|
    |e16_112_fu_33075_p2                        |         +|   0|  0|    13|           6|           6|
    |e16_113_fu_33149_p2                        |         +|   0|  0|    13|           6|           6|
    |e16_114_fu_33223_p2                        |         +|   0|  0|    13|           6|           6|
    |e16_115_fu_33297_p2                        |         +|   0|  0|    13|           6|           6|
    |e16_116_fu_33371_p2                        |         +|   0|  0|    13|           6|           6|
    |e16_117_fu_33445_p2                        |         +|   0|  0|    13|           6|           6|
    |e16_118_fu_33519_p2                        |         +|   0|  0|    13|           6|           6|
    |e16_119_fu_33593_p2                        |         +|   0|  0|    13|           6|           6|
    |e16_11_fu_25525_p2                         |         +|   0|  0|    13|           6|           6|
    |e16_120_fu_33667_p2                        |         +|   0|  0|    13|           6|           6|
    |e16_121_fu_33741_p2                        |         +|   0|  0|    13|           6|           6|
    |e16_122_fu_33815_p2                        |         +|   0|  0|    13|           6|           6|
    |e16_123_fu_33889_p2                        |         +|   0|  0|    13|           6|           6|
    |e16_124_fu_33963_p2                        |         +|   0|  0|    13|           6|           6|
    |e16_125_fu_34037_p2                        |         +|   0|  0|    13|           6|           6|
    |e16_126_fu_34111_p2                        |         +|   0|  0|    13|           6|           6|
    |e16_127_fu_34185_p2                        |         +|   0|  0|    13|           6|           6|
    |e16_128_fu_34259_p2                        |         +|   0|  0|    13|           6|           6|
    |e16_129_fu_34333_p2                        |         +|   0|  0|    13|           6|           6|
    |e16_12_fu_25606_p2                         |         +|   0|  0|    13|           6|           6|
    |e16_130_fu_34407_p2                        |         +|   0|  0|    13|           6|           6|
    |e16_131_fu_34481_p2                        |         +|   0|  0|    13|           6|           6|
    |e16_132_fu_34555_p2                        |         +|   0|  0|    13|           6|           6|
    |e16_133_fu_34629_p2                        |         +|   0|  0|    13|           6|           6|
    |e16_134_fu_34703_p2                        |         +|   0|  0|    13|           6|           6|
    |e16_135_fu_34777_p2                        |         +|   0|  0|    13|           6|           6|
    |e16_136_fu_34851_p2                        |         +|   0|  0|    13|           6|           6|
    |e16_137_fu_34925_p2                        |         +|   0|  0|    13|           6|           6|
    |e16_138_fu_34999_p2                        |         +|   0|  0|    13|           6|           6|
    |e16_139_fu_35073_p2                        |         +|   0|  0|    13|           6|           6|
    |e16_13_fu_25687_p2                         |         +|   0|  0|    13|           6|           6|
    |e16_140_fu_35147_p2                        |         +|   0|  0|    13|           6|           6|
    |e16_141_fu_35221_p2                        |         +|   0|  0|    13|           6|           6|
    |e16_142_fu_35295_p2                        |         +|   0|  0|    13|           6|           6|
    |e16_143_fu_35369_p2                        |         +|   0|  0|    13|           6|           6|
    |e16_144_fu_35443_p2                        |         +|   0|  0|    13|           6|           6|
    |e16_145_fu_35517_p2                        |         +|   0|  0|    13|           6|           6|
    |e16_146_fu_35591_p2                        |         +|   0|  0|    13|           6|           6|
    |e16_147_fu_35665_p2                        |         +|   0|  0|    13|           6|           6|
    |e16_148_fu_35739_p2                        |         +|   0|  0|    13|           6|           6|
    |e16_149_fu_35813_p2                        |         +|   0|  0|    13|           6|           6|
    |e16_14_fu_25768_p2                         |         +|   0|  0|    13|           6|           6|
    |e16_150_fu_35887_p2                        |         +|   0|  0|    13|           6|           6|
    |e16_151_fu_35961_p2                        |         +|   0|  0|    13|           6|           6|
    |e16_152_fu_36035_p2                        |         +|   0|  0|    13|           6|           6|
    |e16_153_fu_36109_p2                        |         +|   0|  0|    13|           6|           6|
    |e16_154_fu_36183_p2                        |         +|   0|  0|    13|           6|           6|
    |e16_155_fu_36257_p2                        |         +|   0|  0|    13|           6|           6|
    |e16_156_fu_36331_p2                        |         +|   0|  0|    13|           6|           6|
    |e16_157_fu_36405_p2                        |         +|   0|  0|    13|           6|           6|
    |e16_158_fu_36479_p2                        |         +|   0|  0|    13|           6|           6|
    |e16_159_fu_36553_p2                        |         +|   0|  0|    13|           6|           6|
    |e16_15_fu_25849_p2                         |         +|   0|  0|    13|           6|           6|
    |e16_160_fu_36627_p2                        |         +|   0|  0|    13|           6|           6|
    |e16_161_fu_36701_p2                        |         +|   0|  0|    13|           6|           6|
    |e16_162_fu_36775_p2                        |         +|   0|  0|    13|           6|           6|
    |e16_163_fu_36849_p2                        |         +|   0|  0|    13|           6|           6|
    |e16_164_fu_36923_p2                        |         +|   0|  0|    13|           6|           6|
    |e16_165_fu_36997_p2                        |         +|   0|  0|    13|           6|           6|
    |e16_166_fu_37071_p2                        |         +|   0|  0|    13|           6|           6|
    |e16_167_fu_37145_p2                        |         +|   0|  0|    13|           6|           6|
    |e16_168_fu_37219_p2                        |         +|   0|  0|    13|           6|           6|
    |e16_169_fu_37293_p2                        |         +|   0|  0|    13|           6|           6|
    |e16_16_fu_25926_p2                         |         +|   0|  0|    13|           6|           6|
    |e16_170_fu_37367_p2                        |         +|   0|  0|    13|           6|           6|
    |e16_171_fu_37441_p2                        |         +|   0|  0|    13|           6|           6|
    |e16_172_fu_37515_p2                        |         +|   0|  0|    13|           6|           6|
    |e16_173_fu_37589_p2                        |         +|   0|  0|    13|           6|           6|
    |e16_174_fu_37663_p2                        |         +|   0|  0|    13|           6|           6|
    |e16_175_fu_37737_p2                        |         +|   0|  0|    13|           6|           6|
    |e16_176_fu_37811_p2                        |         +|   0|  0|    13|           6|           6|
    |e16_177_fu_37885_p2                        |         +|   0|  0|    13|           6|           6|
    |e16_178_fu_37959_p2                        |         +|   0|  0|    13|           6|           6|
    |e16_179_fu_38033_p2                        |         +|   0|  0|    13|           6|           6|
    |e16_17_fu_26003_p2                         |         +|   0|  0|    13|           6|           6|
    |e16_180_fu_38107_p2                        |         +|   0|  0|    13|           6|           6|
    |e16_181_fu_38181_p2                        |         +|   0|  0|    13|           6|           6|
    |e16_182_fu_38255_p2                        |         +|   0|  0|    13|           6|           6|
    |e16_183_fu_38329_p2                        |         +|   0|  0|    13|           6|           6|
    |e16_184_fu_38403_p2                        |         +|   0|  0|    13|           6|           6|
    |e16_185_fu_38477_p2                        |         +|   0|  0|    13|           6|           6|
    |e16_186_fu_38551_p2                        |         +|   0|  0|    13|           6|           6|
    |e16_187_fu_38625_p2                        |         +|   0|  0|    13|           6|           6|
    |e16_188_fu_38699_p2                        |         +|   0|  0|    13|           6|           6|
    |e16_189_fu_38773_p2                        |         +|   0|  0|    13|           6|           6|
    |e16_18_fu_26080_p2                         |         +|   0|  0|    13|           6|           6|
    |e16_190_fu_38847_p2                        |         +|   0|  0|    13|           6|           6|
    |e16_191_fu_38921_p2                        |         +|   0|  0|    13|           6|           6|
    |e16_192_fu_38995_p2                        |         +|   0|  0|    13|           6|           6|
    |e16_193_fu_39069_p2                        |         +|   0|  0|    13|           6|           6|
    |e16_194_fu_39143_p2                        |         +|   0|  0|    13|           6|           6|
    |e16_195_fu_39217_p2                        |         +|   0|  0|    13|           6|           6|
    |e16_196_fu_39291_p2                        |         +|   0|  0|    13|           6|           6|
    |e16_197_fu_39365_p2                        |         +|   0|  0|    13|           6|           6|
    |e16_198_fu_39439_p2                        |         +|   0|  0|    13|           6|           6|
    |e16_199_fu_39513_p2                        |         +|   0|  0|    13|           6|           6|
    |e16_19_fu_26157_p2                         |         +|   0|  0|    13|           6|           6|
    |e16_1_fu_24715_p2                          |         +|   0|  0|    13|           6|           6|
    |e16_200_fu_39587_p2                        |         +|   0|  0|    13|           6|           6|
    |e16_201_fu_39661_p2                        |         +|   0|  0|    13|           6|           6|
    |e16_202_fu_39735_p2                        |         +|   0|  0|    13|           6|           6|
    |e16_203_fu_39809_p2                        |         +|   0|  0|    13|           6|           6|
    |e16_204_fu_39883_p2                        |         +|   0|  0|    13|           6|           6|
    |e16_205_fu_39957_p2                        |         +|   0|  0|    13|           6|           6|
    |e16_206_fu_40031_p2                        |         +|   0|  0|    13|           6|           6|
    |e16_207_fu_40105_p2                        |         +|   0|  0|    13|           6|           6|
    |e16_208_fu_40179_p2                        |         +|   0|  0|    13|           6|           6|
    |e16_209_fu_40253_p2                        |         +|   0|  0|    13|           6|           6|
    |e16_20_fu_26234_p2                         |         +|   0|  0|    13|           6|           6|
    |e16_210_fu_40327_p2                        |         +|   0|  0|    13|           6|           6|
    |e16_211_fu_40401_p2                        |         +|   0|  0|    13|           6|           6|
    |e16_212_fu_40475_p2                        |         +|   0|  0|    13|           6|           6|
    |e16_213_fu_40549_p2                        |         +|   0|  0|    13|           6|           6|
    |e16_214_fu_40623_p2                        |         +|   0|  0|    13|           6|           6|
    |e16_215_fu_40697_p2                        |         +|   0|  0|    13|           6|           6|
    |e16_216_fu_40771_p2                        |         +|   0|  0|    13|           6|           6|
    |e16_217_fu_40845_p2                        |         +|   0|  0|    13|           6|           6|
    |e16_218_fu_40919_p2                        |         +|   0|  0|    13|           6|           6|
    |e16_219_fu_40993_p2                        |         +|   0|  0|    13|           6|           6|
    |e16_21_fu_26311_p2                         |         +|   0|  0|    13|           6|           6|
    |e16_220_fu_41067_p2                        |         +|   0|  0|    13|           6|           6|
    |e16_221_fu_41141_p2                        |         +|   0|  0|    13|           6|           6|
    |e16_222_fu_41215_p2                        |         +|   0|  0|    13|           6|           6|
    |e16_223_fu_41289_p2                        |         +|   0|  0|    13|           6|           6|
    |e16_224_fu_41363_p2                        |         +|   0|  0|    13|           6|           6|
    |e16_225_fu_41437_p2                        |         +|   0|  0|    13|           6|           6|
    |e16_226_fu_41511_p2                        |         +|   0|  0|    13|           6|           6|
    |e16_227_fu_41585_p2                        |         +|   0|  0|    13|           6|           6|
    |e16_228_fu_41659_p2                        |         +|   0|  0|    13|           6|           6|
    |e16_229_fu_41733_p2                        |         +|   0|  0|    13|           6|           6|
    |e16_22_fu_26388_p2                         |         +|   0|  0|    13|           6|           6|
    |e16_230_fu_41807_p2                        |         +|   0|  0|    13|           6|           6|
    |e16_231_fu_41881_p2                        |         +|   0|  0|    13|           6|           6|
    |e16_232_fu_41955_p2                        |         +|   0|  0|    13|           6|           6|
    |e16_233_fu_42029_p2                        |         +|   0|  0|    13|           6|           6|
    |e16_234_fu_42103_p2                        |         +|   0|  0|    13|           6|           6|
    |e16_235_fu_42177_p2                        |         +|   0|  0|    13|           6|           6|
    |e16_236_fu_42251_p2                        |         +|   0|  0|    13|           6|           6|
    |e16_237_fu_42325_p2                        |         +|   0|  0|    13|           6|           6|
    |e16_238_fu_42399_p2                        |         +|   0|  0|    13|           6|           6|
    |e16_239_fu_42473_p2                        |         +|   0|  0|    13|           6|           6|
    |e16_23_fu_26465_p2                         |         +|   0|  0|    13|           6|           6|
    |e16_240_fu_42547_p2                        |         +|   0|  0|    13|           6|           6|
    |e16_241_fu_42621_p2                        |         +|   0|  0|    13|           6|           6|
    |e16_242_fu_42695_p2                        |         +|   0|  0|    13|           6|           6|
    |e16_243_fu_42769_p2                        |         +|   0|  0|    13|           6|           6|
    |e16_244_fu_42843_p2                        |         +|   0|  0|    13|           6|           6|
    |e16_245_fu_42917_p2                        |         +|   0|  0|    13|           6|           6|
    |e16_246_fu_42991_p2                        |         +|   0|  0|    13|           6|           6|
    |e16_247_fu_43065_p2                        |         +|   0|  0|    13|           6|           6|
    |e16_248_fu_43139_p2                        |         +|   0|  0|    13|           6|           6|
    |e16_249_fu_43213_p2                        |         +|   0|  0|    13|           6|           6|
    |e16_24_fu_26542_p2                         |         +|   0|  0|    13|           6|           6|
    |e16_250_fu_43287_p2                        |         +|   0|  0|    13|           6|           6|
    |e16_251_fu_43361_p2                        |         +|   0|  0|    13|           6|           6|
    |e16_252_fu_43435_p2                        |         +|   0|  0|    13|           6|           6|
    |e16_253_fu_43509_p2                        |         +|   0|  0|    13|           6|           6|
    |e16_254_fu_43583_p2                        |         +|   0|  0|    13|           6|           6|
    |e16_255_fu_43657_p2                        |         +|   0|  0|    13|           6|           6|
    |e16_25_fu_26619_p2                         |         +|   0|  0|    13|           6|           6|
    |e16_26_fu_26696_p2                         |         +|   0|  0|    13|           6|           6|
    |e16_27_fu_26773_p2                         |         +|   0|  0|    13|           6|           6|
    |e16_28_fu_26850_p2                         |         +|   0|  0|    13|           6|           6|
    |e16_29_fu_26927_p2                         |         +|   0|  0|    13|           6|           6|
    |e16_2_fu_24796_p2                          |         +|   0|  0|    13|           6|           6|
    |e16_30_fu_27004_p2                         |         +|   0|  0|    13|           6|           6|
    |e16_31_fu_27081_p2                         |         +|   0|  0|    13|           6|           6|
    |e16_32_fu_27155_p2                         |         +|   0|  0|    13|           6|           6|
    |e16_33_fu_27229_p2                         |         +|   0|  0|    13|           6|           6|
    |e16_34_fu_27303_p2                         |         +|   0|  0|    13|           6|           6|
    |e16_35_fu_27377_p2                         |         +|   0|  0|    13|           6|           6|
    |e16_36_fu_27451_p2                         |         +|   0|  0|    13|           6|           6|
    |e16_37_fu_27525_p2                         |         +|   0|  0|    13|           6|           6|
    |e16_38_fu_27599_p2                         |         +|   0|  0|    13|           6|           6|
    |e16_39_fu_27673_p2                         |         +|   0|  0|    13|           6|           6|
    |e16_3_fu_24877_p2                          |         +|   0|  0|    13|           6|           6|
    |e16_40_fu_27747_p2                         |         +|   0|  0|    13|           6|           6|
    |e16_41_fu_27821_p2                         |         +|   0|  0|    13|           6|           6|
    |e16_42_fu_27895_p2                         |         +|   0|  0|    13|           6|           6|
    |e16_43_fu_27969_p2                         |         +|   0|  0|    13|           6|           6|
    |e16_44_fu_28043_p2                         |         +|   0|  0|    13|           6|           6|
    |e16_45_fu_28117_p2                         |         +|   0|  0|    13|           6|           6|
    |e16_46_fu_28191_p2                         |         +|   0|  0|    13|           6|           6|
    |e16_47_fu_28265_p2                         |         +|   0|  0|    13|           6|           6|
    |e16_48_fu_28339_p2                         |         +|   0|  0|    13|           6|           6|
    |e16_49_fu_28413_p2                         |         +|   0|  0|    13|           6|           6|
    |e16_4_fu_24958_p2                          |         +|   0|  0|    13|           6|           6|
    |e16_50_fu_28487_p2                         |         +|   0|  0|    13|           6|           6|
    |e16_51_fu_28561_p2                         |         +|   0|  0|    13|           6|           6|
    |e16_52_fu_28635_p2                         |         +|   0|  0|    13|           6|           6|
    |e16_53_fu_28709_p2                         |         +|   0|  0|    13|           6|           6|
    |e16_54_fu_28783_p2                         |         +|   0|  0|    13|           6|           6|
    |e16_55_fu_28857_p2                         |         +|   0|  0|    13|           6|           6|
    |e16_56_fu_28931_p2                         |         +|   0|  0|    13|           6|           6|
    |e16_57_fu_29005_p2                         |         +|   0|  0|    13|           6|           6|
    |e16_58_fu_29079_p2                         |         +|   0|  0|    13|           6|           6|
    |e16_59_fu_29153_p2                         |         +|   0|  0|    13|           6|           6|
    |e16_5_fu_25039_p2                          |         +|   0|  0|    13|           6|           6|
    |e16_60_fu_29227_p2                         |         +|   0|  0|    13|           6|           6|
    |e16_61_fu_29301_p2                         |         +|   0|  0|    13|           6|           6|
    |e16_62_fu_29375_p2                         |         +|   0|  0|    13|           6|           6|
    |e16_63_fu_29449_p2                         |         +|   0|  0|    13|           6|           6|
    |e16_64_fu_29523_p2                         |         +|   0|  0|    13|           6|           6|
    |e16_65_fu_29597_p2                         |         +|   0|  0|    13|           6|           6|
    |e16_66_fu_29671_p2                         |         +|   0|  0|    13|           6|           6|
    |e16_67_fu_29745_p2                         |         +|   0|  0|    13|           6|           6|
    |e16_68_fu_29819_p2                         |         +|   0|  0|    13|           6|           6|
    |e16_69_fu_29893_p2                         |         +|   0|  0|    13|           6|           6|
    |e16_6_fu_25120_p2                          |         +|   0|  0|    13|           6|           6|
    |e16_70_fu_29967_p2                         |         +|   0|  0|    13|           6|           6|
    |e16_71_fu_30041_p2                         |         +|   0|  0|    13|           6|           6|
    |e16_72_fu_30115_p2                         |         +|   0|  0|    13|           6|           6|
    |e16_73_fu_30189_p2                         |         +|   0|  0|    13|           6|           6|
    |e16_74_fu_30263_p2                         |         +|   0|  0|    13|           6|           6|
    |e16_75_fu_30337_p2                         |         +|   0|  0|    13|           6|           6|
    |e16_76_fu_30411_p2                         |         +|   0|  0|    13|           6|           6|
    |e16_77_fu_30485_p2                         |         +|   0|  0|    13|           6|           6|
    |e16_78_fu_30559_p2                         |         +|   0|  0|    13|           6|           6|
    |e16_79_fu_30633_p2                         |         +|   0|  0|    13|           6|           6|
    |e16_7_fu_25201_p2                          |         +|   0|  0|    13|           6|           6|
    |e16_80_fu_30707_p2                         |         +|   0|  0|    13|           6|           6|
    |e16_81_fu_30781_p2                         |         +|   0|  0|    13|           6|           6|
    |e16_82_fu_30855_p2                         |         +|   0|  0|    13|           6|           6|
    |e16_83_fu_30929_p2                         |         +|   0|  0|    13|           6|           6|
    |e16_84_fu_31003_p2                         |         +|   0|  0|    13|           6|           6|
    |e16_85_fu_31077_p2                         |         +|   0|  0|    13|           6|           6|
    |e16_86_fu_31151_p2                         |         +|   0|  0|    13|           6|           6|
    |e16_87_fu_31225_p2                         |         +|   0|  0|    13|           6|           6|
    |e16_88_fu_31299_p2                         |         +|   0|  0|    13|           6|           6|
    |e16_89_fu_31373_p2                         |         +|   0|  0|    13|           6|           6|
    |e16_8_fu_25282_p2                          |         +|   0|  0|    13|           6|           6|
    |e16_90_fu_31447_p2                         |         +|   0|  0|    13|           6|           6|
    |e16_91_fu_31521_p2                         |         +|   0|  0|    13|           6|           6|
    |e16_92_fu_31595_p2                         |         +|   0|  0|    13|           6|           6|
    |e16_93_fu_31669_p2                         |         +|   0|  0|    13|           6|           6|
    |e16_94_fu_31743_p2                         |         +|   0|  0|    13|           6|           6|
    |e16_95_fu_31817_p2                         |         +|   0|  0|    13|           6|           6|
    |e16_96_fu_31891_p2                         |         +|   0|  0|    13|           6|           6|
    |e16_97_fu_31965_p2                         |         +|   0|  0|    13|           6|           6|
    |e16_98_fu_32039_p2                         |         +|   0|  0|    13|           6|           6|
    |e16_99_fu_32113_p2                         |         +|   0|  0|    13|           6|           6|
    |e16_9_fu_25363_p2                          |         +|   0|  0|    13|           6|           6|
    |e16_fu_24634_p2                            |         +|   0|  0|    13|           6|           6|
    |m_2_fu_2289_p2                             |         +|   0|  0|    26|          19|           1|
    |slot_fu_2448_p2                            |         +|   0|  0|     9|           2|           2|
    |step_4_fu_2299_p2                          |         +|   0|  0|    39|          32|           1|
    |wx_17_fu_2736_p2                           |         +|   0|  0|    12|           5|           4|
    |wx_3_fu_3792_p2                            |         +|   0|  0|    10|           3|           1|
    |wx_fu_2835_p2                              |         +|   0|  0|    10|           3|           2|
    |xw_10_fu_7601_p12                          |         +|   0|  0|    12|           4|           4|
    |xw_11_fu_8071_p12                          |         +|   0|  0|    12|           4|           4|
    |xw_12_fu_8541_p12                          |         +|   0|  0|    12|           4|           4|
    |xw_13_fu_9011_p12                          |         +|   0|  0|    12|           4|           4|
    |xw_14_fu_9481_p12                          |         +|   0|  0|    12|           4|           3|
    |xw_3_fu_4297_p12                           |         +|   0|  0|    10|           3|           2|
    |xw_4_fu_4767_p12                           |         +|   0|  0|    10|           3|           2|
    |xw_6_fu_5714_p12                           |         +|   0|  0|    10|           3|           3|
    |xw_7_fu_6184_p12                           |         +|   0|  0|    12|           4|           3|
    |xw_8_fu_6654_p12                           |         +|   0|  0|    12|           4|           3|
    |sub_ln151_1_fu_2436_p2                     |         -|   0|  0|     9|           1|           2|
    |sub_ln151_fu_2415_p2                       |         -|   0|  0|    72|           1|          65|
    |sub_ln154_1_fu_10441_p2                    |         -|   0|  0|    35|           1|          28|
    |sub_ln154_2_fu_2585_p2                     |         -|   0|  0|    72|           1|          65|
    |sub_ln154_3_fu_2620_p2                     |         -|   0|  0|    38|           1|          31|
    |sub_ln154_fu_10426_p2                      |         -|   0|  0|    39|           1|          32|
    |sub_ln155_1_fu_2807_p2                     |         -|   0|  0|    36|           1|          29|
    |sub_ln155_fu_2788_p2                       |         -|   0|  0|    39|          15|          32|
    |sub_ln163_fu_2474_p2                       |         -|   0|  0|    19|           8|           8|
    |sub_ln168_1_fu_2852_p2                     |         -|   0|  0|     9|           1|           2|
    |sub_ln168_2_fu_9946_p2                     |         -|   0|  0|    10|           1|           3|
    |sub_ln168_fu_2754_p2                       |         -|   0|  0|     9|           1|           2|
    |sub_ln49_1_fu_2681_p2                      |         -|   0|  0|    32|          32|          32|
    |sub_ln49_2_fu_2769_p2                      |         -|   0|  0|    39|          32|          32|
    |sub_ln49_3_fu_2714_p2                      |         -|   0|  0|    32|          32|          32|
    |sub_ln49_fu_2664_p2                        |         -|   0|  0|    32|          32|          32|
    |and_ln155_fu_2526_p2                       |       and|   0|  0|     2|           1|           1|
    |and_ln175_fu_2325_p2                       |       and|   0|  0|     2|           1|           1|
    |ap_block_state113_pp0_stage0_iter112_grp1  |       and|   0|  0|     2|           1|           1|
    |ap_block_state145_pp0_stage0_iter144_grp1  |       and|   0|  0|     2|           1|           1|
    |ap_block_state42_io_grp1                   |       and|   0|  0|     2|           1|           1|
    |az_100_fu_17281_p2                         |      icmp|   0|  0|    12|           4|           1|
    |az_101_fu_17328_p2                         |      icmp|   0|  0|    12|           4|           1|
    |az_102_fu_17375_p2                         |      icmp|   0|  0|    12|           4|           1|
    |az_103_fu_17422_p2                         |      icmp|   0|  0|    12|           4|           1|
    |az_104_fu_17469_p2                         |      icmp|   0|  0|    12|           4|           1|
    |az_105_fu_17516_p2                         |      icmp|   0|  0|    12|           4|           1|
    |az_106_fu_17563_p2                         |      icmp|   0|  0|    12|           4|           1|
    |az_107_fu_17610_p2                         |      icmp|   0|  0|    12|           4|           1|
    |az_108_fu_17657_p2                         |      icmp|   0|  0|    12|           4|           1|
    |az_109_fu_17704_p2                         |      icmp|   0|  0|    12|           4|           1|
    |az_10_fu_12889_p2                          |      icmp|   0|  0|    12|           4|           1|
    |az_110_fu_17751_p2                         |      icmp|   0|  0|    12|           4|           1|
    |az_111_fu_17798_p2                         |      icmp|   0|  0|    12|           4|           1|
    |az_112_fu_17845_p2                         |      icmp|   0|  0|    12|           4|           1|
    |az_113_fu_17892_p2                         |      icmp|   0|  0|    12|           4|           1|
    |az_114_fu_17939_p2                         |      icmp|   0|  0|    12|           4|           1|
    |az_115_fu_17986_p2                         |      icmp|   0|  0|    12|           4|           1|
    |az_116_fu_18033_p2                         |      icmp|   0|  0|    12|           4|           1|
    |az_117_fu_18080_p2                         |      icmp|   0|  0|    12|           4|           1|
    |az_118_fu_18127_p2                         |      icmp|   0|  0|    12|           4|           1|
    |az_119_fu_18174_p2                         |      icmp|   0|  0|    12|           4|           1|
    |az_11_fu_12947_p2                          |      icmp|   0|  0|    12|           4|           1|
    |az_120_fu_18221_p2                         |      icmp|   0|  0|    12|           4|           1|
    |az_121_fu_18268_p2                         |      icmp|   0|  0|    12|           4|           1|
    |az_122_fu_18315_p2                         |      icmp|   0|  0|    12|           4|           1|
    |az_123_fu_18362_p2                         |      icmp|   0|  0|    12|           4|           1|
    |az_124_fu_18409_p2                         |      icmp|   0|  0|    12|           4|           1|
    |az_125_fu_18456_p2                         |      icmp|   0|  0|    12|           4|           1|
    |az_126_fu_18503_p2                         |      icmp|   0|  0|    12|           4|           1|
    |az_127_fu_18550_p2                         |      icmp|   0|  0|    12|           4|           1|
    |az_128_fu_18597_p2                         |      icmp|   0|  0|    12|           4|           1|
    |az_129_fu_18644_p2                         |      icmp|   0|  0|    12|           4|           1|
    |az_12_fu_13005_p2                          |      icmp|   0|  0|    12|           4|           1|
    |az_130_fu_18691_p2                         |      icmp|   0|  0|    12|           4|           1|
    |az_131_fu_18738_p2                         |      icmp|   0|  0|    12|           4|           1|
    |az_132_fu_18785_p2                         |      icmp|   0|  0|    12|           4|           1|
    |az_133_fu_18832_p2                         |      icmp|   0|  0|    12|           4|           1|
    |az_134_fu_18879_p2                         |      icmp|   0|  0|    12|           4|           1|
    |az_135_fu_18926_p2                         |      icmp|   0|  0|    12|           4|           1|
    |az_136_fu_18973_p2                         |      icmp|   0|  0|    12|           4|           1|
    |az_137_fu_19020_p2                         |      icmp|   0|  0|    12|           4|           1|
    |az_138_fu_19067_p2                         |      icmp|   0|  0|    12|           4|           1|
    |az_139_fu_19114_p2                         |      icmp|   0|  0|    12|           4|           1|
    |az_13_fu_13063_p2                          |      icmp|   0|  0|    12|           4|           1|
    |az_140_fu_19161_p2                         |      icmp|   0|  0|    12|           4|           1|
    |az_141_fu_19208_p2                         |      icmp|   0|  0|    12|           4|           1|
    |az_142_fu_19255_p2                         |      icmp|   0|  0|    12|           4|           1|
    |az_143_fu_19302_p2                         |      icmp|   0|  0|    12|           4|           1|
    |az_144_fu_19349_p2                         |      icmp|   0|  0|    12|           4|           1|
    |az_145_fu_19396_p2                         |      icmp|   0|  0|    12|           4|           1|
    |az_146_fu_19443_p2                         |      icmp|   0|  0|    12|           4|           1|
    |az_147_fu_19490_p2                         |      icmp|   0|  0|    12|           4|           1|
    |az_148_fu_19537_p2                         |      icmp|   0|  0|    12|           4|           1|
    |az_149_fu_19584_p2                         |      icmp|   0|  0|    12|           4|           1|
    |az_14_fu_13121_p2                          |      icmp|   0|  0|    12|           4|           1|
    |az_150_fu_19631_p2                         |      icmp|   0|  0|    12|           4|           1|
    |az_151_fu_19678_p2                         |      icmp|   0|  0|    12|           4|           1|
    |az_152_fu_19725_p2                         |      icmp|   0|  0|    12|           4|           1|
    |az_153_fu_19772_p2                         |      icmp|   0|  0|    12|           4|           1|
    |az_154_fu_19819_p2                         |      icmp|   0|  0|    12|           4|           1|
    |az_155_fu_19866_p2                         |      icmp|   0|  0|    12|           4|           1|
    |az_156_fu_19913_p2                         |      icmp|   0|  0|    12|           4|           1|
    |az_157_fu_19960_p2                         |      icmp|   0|  0|    12|           4|           1|
    |az_158_fu_20007_p2                         |      icmp|   0|  0|    12|           4|           1|
    |az_159_fu_20054_p2                         |      icmp|   0|  0|    12|           4|           1|
    |az_15_fu_13179_p2                          |      icmp|   0|  0|    12|           4|           1|
    |az_160_fu_20101_p2                         |      icmp|   0|  0|    12|           4|           1|
    |az_161_fu_20148_p2                         |      icmp|   0|  0|    12|           4|           1|
    |az_162_fu_20195_p2                         |      icmp|   0|  0|    12|           4|           1|
    |az_163_fu_20242_p2                         |      icmp|   0|  0|    12|           4|           1|
    |az_164_fu_20289_p2                         |      icmp|   0|  0|    12|           4|           1|
    |az_165_fu_20336_p2                         |      icmp|   0|  0|    12|           4|           1|
    |az_166_fu_20383_p2                         |      icmp|   0|  0|    12|           4|           1|
    |az_167_fu_20430_p2                         |      icmp|   0|  0|    12|           4|           1|
    |az_168_fu_20477_p2                         |      icmp|   0|  0|    12|           4|           1|
    |az_169_fu_20524_p2                         |      icmp|   0|  0|    12|           4|           1|
    |az_16_fu_13237_p2                          |      icmp|   0|  0|    12|           4|           1|
    |az_170_fu_20571_p2                         |      icmp|   0|  0|    12|           4|           1|
    |az_171_fu_20618_p2                         |      icmp|   0|  0|    12|           4|           1|
    |az_172_fu_20665_p2                         |      icmp|   0|  0|    12|           4|           1|
    |az_173_fu_20712_p2                         |      icmp|   0|  0|    12|           4|           1|
    |az_174_fu_20759_p2                         |      icmp|   0|  0|    12|           4|           1|
    |az_175_fu_20806_p2                         |      icmp|   0|  0|    12|           4|           1|
    |az_176_fu_20853_p2                         |      icmp|   0|  0|    12|           4|           1|
    |az_177_fu_20900_p2                         |      icmp|   0|  0|    12|           4|           1|
    |az_178_fu_20947_p2                         |      icmp|   0|  0|    12|           4|           1|
    |az_179_fu_20994_p2                         |      icmp|   0|  0|    12|           4|           1|
    |az_17_fu_13290_p2                          |      icmp|   0|  0|    12|           4|           1|
    |az_180_fu_21041_p2                         |      icmp|   0|  0|    12|           4|           1|
    |az_181_fu_21088_p2                         |      icmp|   0|  0|    12|           4|           1|
    |az_182_fu_21135_p2                         |      icmp|   0|  0|    12|           4|           1|
    |az_183_fu_21182_p2                         |      icmp|   0|  0|    12|           4|           1|
    |az_184_fu_21229_p2                         |      icmp|   0|  0|    12|           4|           1|
    |az_185_fu_21276_p2                         |      icmp|   0|  0|    12|           4|           1|
    |az_186_fu_21323_p2                         |      icmp|   0|  0|    12|           4|           1|
    |az_187_fu_21370_p2                         |      icmp|   0|  0|    12|           4|           1|
    |az_188_fu_21417_p2                         |      icmp|   0|  0|    12|           4|           1|
    |az_189_fu_21464_p2                         |      icmp|   0|  0|    12|           4|           1|
    |az_18_fu_13343_p2                          |      icmp|   0|  0|    12|           4|           1|
    |az_190_fu_21511_p2                         |      icmp|   0|  0|    12|           4|           1|
    |az_191_fu_21558_p2                         |      icmp|   0|  0|    12|           4|           1|
    |az_192_fu_21605_p2                         |      icmp|   0|  0|    12|           4|           1|
    |az_193_fu_21652_p2                         |      icmp|   0|  0|    12|           4|           1|
    |az_194_fu_21699_p2                         |      icmp|   0|  0|    12|           4|           1|
    |az_195_fu_21746_p2                         |      icmp|   0|  0|    12|           4|           1|
    |az_196_fu_21793_p2                         |      icmp|   0|  0|    12|           4|           1|
    |az_197_fu_21840_p2                         |      icmp|   0|  0|    12|           4|           1|
    |az_198_fu_21887_p2                         |      icmp|   0|  0|    12|           4|           1|
    |az_199_fu_21934_p2                         |      icmp|   0|  0|    12|           4|           1|
    |az_19_fu_13396_p2                          |      icmp|   0|  0|    12|           4|           1|
    |az_1_fu_12367_p2                           |      icmp|   0|  0|    12|           4|           1|
    |az_200_fu_21981_p2                         |      icmp|   0|  0|    12|           4|           1|
    |az_201_fu_22028_p2                         |      icmp|   0|  0|    12|           4|           1|
    |az_202_fu_22075_p2                         |      icmp|   0|  0|    12|           4|           1|
    |az_203_fu_22122_p2                         |      icmp|   0|  0|    12|           4|           1|
    |az_204_fu_22169_p2                         |      icmp|   0|  0|    12|           4|           1|
    |az_205_fu_22216_p2                         |      icmp|   0|  0|    12|           4|           1|
    |az_206_fu_22263_p2                         |      icmp|   0|  0|    12|           4|           1|
    |az_207_fu_22310_p2                         |      icmp|   0|  0|    12|           4|           1|
    |az_208_fu_22357_p2                         |      icmp|   0|  0|    12|           4|           1|
    |az_209_fu_22404_p2                         |      icmp|   0|  0|    12|           4|           1|
    |az_20_fu_13449_p2                          |      icmp|   0|  0|    12|           4|           1|
    |az_210_fu_22451_p2                         |      icmp|   0|  0|    12|           4|           1|
    |az_211_fu_22498_p2                         |      icmp|   0|  0|    12|           4|           1|
    |az_212_fu_22545_p2                         |      icmp|   0|  0|    12|           4|           1|
    |az_213_fu_22592_p2                         |      icmp|   0|  0|    12|           4|           1|
    |az_214_fu_22639_p2                         |      icmp|   0|  0|    12|           4|           1|
    |az_215_fu_22686_p2                         |      icmp|   0|  0|    12|           4|           1|
    |az_216_fu_22733_p2                         |      icmp|   0|  0|    12|           4|           1|
    |az_217_fu_22780_p2                         |      icmp|   0|  0|    12|           4|           1|
    |az_218_fu_22827_p2                         |      icmp|   0|  0|    12|           4|           1|
    |az_219_fu_22874_p2                         |      icmp|   0|  0|    12|           4|           1|
    |az_21_fu_13502_p2                          |      icmp|   0|  0|    12|           4|           1|
    |az_220_fu_22921_p2                         |      icmp|   0|  0|    12|           4|           1|
    |az_221_fu_22968_p2                         |      icmp|   0|  0|    12|           4|           1|
    |az_222_fu_23015_p2                         |      icmp|   0|  0|    12|           4|           1|
    |az_223_fu_23062_p2                         |      icmp|   0|  0|    12|           4|           1|
    |az_224_fu_23109_p2                         |      icmp|   0|  0|    12|           4|           1|
    |az_225_fu_23156_p2                         |      icmp|   0|  0|    12|           4|           1|
    |az_226_fu_23203_p2                         |      icmp|   0|  0|    12|           4|           1|
    |az_227_fu_23250_p2                         |      icmp|   0|  0|    12|           4|           1|
    |az_228_fu_23297_p2                         |      icmp|   0|  0|    12|           4|           1|
    |az_229_fu_23344_p2                         |      icmp|   0|  0|    12|           4|           1|
    |az_22_fu_13555_p2                          |      icmp|   0|  0|    12|           4|           1|
    |az_230_fu_23391_p2                         |      icmp|   0|  0|    12|           4|           1|
    |az_231_fu_23438_p2                         |      icmp|   0|  0|    12|           4|           1|
    |az_232_fu_23485_p2                         |      icmp|   0|  0|    12|           4|           1|
    |az_233_fu_23532_p2                         |      icmp|   0|  0|    12|           4|           1|
    |az_234_fu_23579_p2                         |      icmp|   0|  0|    12|           4|           1|
    |az_235_fu_23626_p2                         |      icmp|   0|  0|    12|           4|           1|
    |az_236_fu_23673_p2                         |      icmp|   0|  0|    12|           4|           1|
    |az_237_fu_23720_p2                         |      icmp|   0|  0|    12|           4|           1|
    |az_238_fu_23767_p2                         |      icmp|   0|  0|    12|           4|           1|
    |az_239_fu_23814_p2                         |      icmp|   0|  0|    12|           4|           1|
    |az_23_fu_13608_p2                          |      icmp|   0|  0|    12|           4|           1|
    |az_240_fu_23861_p2                         |      icmp|   0|  0|    12|           4|           1|
    |az_241_fu_23908_p2                         |      icmp|   0|  0|    12|           4|           1|
    |az_242_fu_23955_p2                         |      icmp|   0|  0|    12|           4|           1|
    |az_243_fu_24002_p2                         |      icmp|   0|  0|    12|           4|           1|
    |az_244_fu_24049_p2                         |      icmp|   0|  0|    12|           4|           1|
    |az_245_fu_24096_p2                         |      icmp|   0|  0|    12|           4|           1|
    |az_246_fu_24143_p2                         |      icmp|   0|  0|    12|           4|           1|
    |az_247_fu_24190_p2                         |      icmp|   0|  0|    12|           4|           1|
    |az_248_fu_24237_p2                         |      icmp|   0|  0|    12|           4|           1|
    |az_249_fu_24284_p2                         |      icmp|   0|  0|    12|           4|           1|
    |az_24_fu_13661_p2                          |      icmp|   0|  0|    12|           4|           1|
    |az_250_fu_24331_p2                         |      icmp|   0|  0|    12|           4|           1|
    |az_251_fu_24378_p2                         |      icmp|   0|  0|    12|           4|           1|
    |az_252_fu_24425_p2                         |      icmp|   0|  0|    12|           4|           1|
    |az_253_fu_24472_p2                         |      icmp|   0|  0|    12|           4|           1|
    |az_254_fu_24519_p2                         |      icmp|   0|  0|    12|           4|           1|
    |az_255_fu_24566_p2                         |      icmp|   0|  0|    12|           4|           1|
    |az_25_fu_13714_p2                          |      icmp|   0|  0|    12|           4|           1|
    |az_26_fu_13767_p2                          |      icmp|   0|  0|    12|           4|           1|
    |az_27_fu_13820_p2                          |      icmp|   0|  0|    12|           4|           1|
    |az_28_fu_13873_p2                          |      icmp|   0|  0|    12|           4|           1|
    |az_29_fu_13926_p2                          |      icmp|   0|  0|    12|           4|           1|
    |az_2_fu_12425_p2                           |      icmp|   0|  0|    12|           4|           1|
    |az_30_fu_13979_p2                          |      icmp|   0|  0|    12|           4|           1|
    |az_31_fu_14032_p2                          |      icmp|   0|  0|    12|           4|           1|
    |az_32_fu_14085_p2                          |      icmp|   0|  0|    12|           4|           1|
    |az_33_fu_14132_p2                          |      icmp|   0|  0|    12|           4|           1|
    |az_34_fu_14179_p2                          |      icmp|   0|  0|    12|           4|           1|
    |az_35_fu_14226_p2                          |      icmp|   0|  0|    12|           4|           1|
    |az_36_fu_14273_p2                          |      icmp|   0|  0|    12|           4|           1|
    |az_37_fu_14320_p2                          |      icmp|   0|  0|    12|           4|           1|
    |az_38_fu_14367_p2                          |      icmp|   0|  0|    12|           4|           1|
    |az_39_fu_14414_p2                          |      icmp|   0|  0|    12|           4|           1|
    |az_3_fu_12483_p2                           |      icmp|   0|  0|    12|           4|           1|
    |az_40_fu_14461_p2                          |      icmp|   0|  0|    12|           4|           1|
    |az_41_fu_14508_p2                          |      icmp|   0|  0|    12|           4|           1|
    |az_42_fu_14555_p2                          |      icmp|   0|  0|    12|           4|           1|
    |az_43_fu_14602_p2                          |      icmp|   0|  0|    12|           4|           1|
    |az_44_fu_14649_p2                          |      icmp|   0|  0|    12|           4|           1|
    |az_45_fu_14696_p2                          |      icmp|   0|  0|    12|           4|           1|
    |az_46_fu_14743_p2                          |      icmp|   0|  0|    12|           4|           1|
    |az_47_fu_14790_p2                          |      icmp|   0|  0|    12|           4|           1|
    |az_48_fu_14837_p2                          |      icmp|   0|  0|    12|           4|           1|
    |az_49_fu_14884_p2                          |      icmp|   0|  0|    12|           4|           1|
    |az_4_fu_12541_p2                           |      icmp|   0|  0|    12|           4|           1|
    |az_50_fu_14931_p2                          |      icmp|   0|  0|    12|           4|           1|
    |az_51_fu_14978_p2                          |      icmp|   0|  0|    12|           4|           1|
    |az_52_fu_15025_p2                          |      icmp|   0|  0|    12|           4|           1|
    |az_53_fu_15072_p2                          |      icmp|   0|  0|    12|           4|           1|
    |az_54_fu_15119_p2                          |      icmp|   0|  0|    12|           4|           1|
    |az_55_fu_15166_p2                          |      icmp|   0|  0|    12|           4|           1|
    |az_56_fu_15213_p2                          |      icmp|   0|  0|    12|           4|           1|
    |az_57_fu_15260_p2                          |      icmp|   0|  0|    12|           4|           1|
    |az_58_fu_15307_p2                          |      icmp|   0|  0|    12|           4|           1|
    |az_59_fu_15354_p2                          |      icmp|   0|  0|    12|           4|           1|
    |az_5_fu_12599_p2                           |      icmp|   0|  0|    12|           4|           1|
    |az_60_fu_15401_p2                          |      icmp|   0|  0|    12|           4|           1|
    |az_61_fu_15448_p2                          |      icmp|   0|  0|    12|           4|           1|
    |az_62_fu_15495_p2                          |      icmp|   0|  0|    12|           4|           1|
    |az_63_fu_15542_p2                          |      icmp|   0|  0|    12|           4|           1|
    |az_64_fu_15589_p2                          |      icmp|   0|  0|    12|           4|           1|
    |az_65_fu_15636_p2                          |      icmp|   0|  0|    12|           4|           1|
    |az_66_fu_15683_p2                          |      icmp|   0|  0|    12|           4|           1|
    |az_67_fu_15730_p2                          |      icmp|   0|  0|    12|           4|           1|
    |az_68_fu_15777_p2                          |      icmp|   0|  0|    12|           4|           1|
    |az_69_fu_15824_p2                          |      icmp|   0|  0|    12|           4|           1|
    |az_6_fu_12657_p2                           |      icmp|   0|  0|    12|           4|           1|
    |az_70_fu_15871_p2                          |      icmp|   0|  0|    12|           4|           1|
    |az_71_fu_15918_p2                          |      icmp|   0|  0|    12|           4|           1|
    |az_72_fu_15965_p2                          |      icmp|   0|  0|    12|           4|           1|
    |az_73_fu_16012_p2                          |      icmp|   0|  0|    12|           4|           1|
    |az_74_fu_16059_p2                          |      icmp|   0|  0|    12|           4|           1|
    |az_75_fu_16106_p2                          |      icmp|   0|  0|    12|           4|           1|
    |az_76_fu_16153_p2                          |      icmp|   0|  0|    12|           4|           1|
    |az_77_fu_16200_p2                          |      icmp|   0|  0|    12|           4|           1|
    |az_78_fu_16247_p2                          |      icmp|   0|  0|    12|           4|           1|
    |az_79_fu_16294_p2                          |      icmp|   0|  0|    12|           4|           1|
    |az_7_fu_12715_p2                           |      icmp|   0|  0|    12|           4|           1|
    |az_80_fu_16341_p2                          |      icmp|   0|  0|    12|           4|           1|
    |az_81_fu_16388_p2                          |      icmp|   0|  0|    12|           4|           1|
    |az_82_fu_16435_p2                          |      icmp|   0|  0|    12|           4|           1|
    |az_83_fu_16482_p2                          |      icmp|   0|  0|    12|           4|           1|
    |az_84_fu_16529_p2                          |      icmp|   0|  0|    12|           4|           1|
    |az_85_fu_16576_p2                          |      icmp|   0|  0|    12|           4|           1|
    |az_86_fu_16623_p2                          |      icmp|   0|  0|    12|           4|           1|
    |az_87_fu_16670_p2                          |      icmp|   0|  0|    12|           4|           1|
    |az_88_fu_16717_p2                          |      icmp|   0|  0|    12|           4|           1|
    |az_89_fu_16764_p2                          |      icmp|   0|  0|    12|           4|           1|
    |az_8_fu_12773_p2                           |      icmp|   0|  0|    12|           4|           1|
    |az_90_fu_16811_p2                          |      icmp|   0|  0|    12|           4|           1|
    |az_91_fu_16858_p2                          |      icmp|   0|  0|    12|           4|           1|
    |az_92_fu_16905_p2                          |      icmp|   0|  0|    12|           4|           1|
    |az_93_fu_16952_p2                          |      icmp|   0|  0|    12|           4|           1|
    |az_94_fu_16999_p2                          |      icmp|   0|  0|    12|           4|           1|
    |az_95_fu_17046_p2                          |      icmp|   0|  0|    12|           4|           1|
    |az_96_fu_17093_p2                          |      icmp|   0|  0|    12|           4|           1|
    |az_97_fu_17140_p2                          |      icmp|   0|  0|    12|           4|           1|
    |az_98_fu_17187_p2                          |      icmp|   0|  0|    12|           4|           1|
    |az_99_fu_17234_p2                          |      icmp|   0|  0|    12|           4|           1|
    |az_9_fu_12831_p2                           |      icmp|   0|  0|    12|           4|           1|
    |az_fu_12309_p2                             |      icmp|   0|  0|    12|           4|           1|
    |bz_10_fu_12894_p2                          |      icmp|   0|  0|    12|           4|           1|
    |bz_11_fu_12952_p2                          |      icmp|   0|  0|    12|           4|           1|
    |bz_12_fu_13010_p2                          |      icmp|   0|  0|    12|           4|           1|
    |bz_13_fu_13068_p2                          |      icmp|   0|  0|    12|           4|           1|
    |bz_14_fu_13126_p2                          |      icmp|   0|  0|    12|           4|           1|
    |bz_15_fu_13184_p2                          |      icmp|   0|  0|    12|           4|           1|
    |bz_1_fu_12372_p2                           |      icmp|   0|  0|    12|           4|           1|
    |bz_2_fu_12430_p2                           |      icmp|   0|  0|    12|           4|           1|
    |bz_3_fu_12488_p2                           |      icmp|   0|  0|    12|           4|           1|
    |bz_4_fu_12546_p2                           |      icmp|   0|  0|    12|           4|           1|
    |bz_5_fu_12604_p2                           |      icmp|   0|  0|    12|           4|           1|
    |bz_6_fu_12662_p2                           |      icmp|   0|  0|    12|           4|           1|
    |bz_7_fu_12720_p2                           |      icmp|   0|  0|    12|           4|           1|
    |bz_8_fu_12778_p2                           |      icmp|   0|  0|    12|           4|           1|
    |bz_9_fu_12836_p2                           |      icmp|   0|  0|    12|           4|           1|
    |bz_fu_12314_p2                             |      icmp|   0|  0|    12|           4|           1|
    |cmp62_fu_2400_p2                           |      icmp|   0|  0|    39|          32|           1|
    |icmp_fu_10503_p2                           |      icmp|   0|  0|    36|          29|           1|
    |icmp_ln146_fu_2283_p2                      |      icmp|   0|  0|    26|          19|          14|
    |icmp_ln154_fu_2509_p2                      |      icmp|   0|  0|    39|          32|           4|
    |icmp_ln155_fu_2514_p2                      |      icmp|   0|  0|    39|          32|          10|
    |icmp_ln175_1_fu_2319_p2                    |      icmp|   0|  0|    39|          32|           6|
    |icmp_ln175_fu_2313_p2                      |      icmp|   0|  0|    39|          32|           4|
    |icmp_ln83_100_fu_32193_p2                  |      icmp|   0|  0|    13|           6|           5|
    |icmp_ln83_101_fu_32267_p2                  |      icmp|   0|  0|    13|           6|           5|
    |icmp_ln83_102_fu_32341_p2                  |      icmp|   0|  0|    13|           6|           5|
    |icmp_ln83_103_fu_32415_p2                  |      icmp|   0|  0|    13|           6|           5|
    |icmp_ln83_104_fu_32489_p2                  |      icmp|   0|  0|    13|           6|           5|
    |icmp_ln83_105_fu_32563_p2                  |      icmp|   0|  0|    13|           6|           5|
    |icmp_ln83_106_fu_32637_p2                  |      icmp|   0|  0|    13|           6|           5|
    |icmp_ln83_107_fu_32711_p2                  |      icmp|   0|  0|    13|           6|           5|
    |icmp_ln83_108_fu_32785_p2                  |      icmp|   0|  0|    13|           6|           5|
    |icmp_ln83_109_fu_32859_p2                  |      icmp|   0|  0|    13|           6|           5|
    |icmp_ln83_10_fu_25450_p2                   |      icmp|   0|  0|    13|           6|           5|
    |icmp_ln83_110_fu_32933_p2                  |      icmp|   0|  0|    13|           6|           5|
    |icmp_ln83_111_fu_33007_p2                  |      icmp|   0|  0|    13|           6|           5|
    |icmp_ln83_112_fu_33081_p2                  |      icmp|   0|  0|    13|           6|           5|
    |icmp_ln83_113_fu_33155_p2                  |      icmp|   0|  0|    13|           6|           5|
    |icmp_ln83_114_fu_33229_p2                  |      icmp|   0|  0|    13|           6|           5|
    |icmp_ln83_115_fu_33303_p2                  |      icmp|   0|  0|    13|           6|           5|
    |icmp_ln83_116_fu_33377_p2                  |      icmp|   0|  0|    13|           6|           5|
    |icmp_ln83_117_fu_33451_p2                  |      icmp|   0|  0|    13|           6|           5|
    |icmp_ln83_118_fu_33525_p2                  |      icmp|   0|  0|    13|           6|           5|
    |icmp_ln83_119_fu_33599_p2                  |      icmp|   0|  0|    13|           6|           5|
    |icmp_ln83_11_fu_25531_p2                   |      icmp|   0|  0|    13|           6|           5|
    |icmp_ln83_120_fu_33673_p2                  |      icmp|   0|  0|    13|           6|           5|
    |icmp_ln83_121_fu_33747_p2                  |      icmp|   0|  0|    13|           6|           5|
    |icmp_ln83_122_fu_33821_p2                  |      icmp|   0|  0|    13|           6|           5|
    |icmp_ln83_123_fu_33895_p2                  |      icmp|   0|  0|    13|           6|           5|
    |icmp_ln83_124_fu_33969_p2                  |      icmp|   0|  0|    13|           6|           5|
    |icmp_ln83_125_fu_34043_p2                  |      icmp|   0|  0|    13|           6|           5|
    |icmp_ln83_126_fu_34117_p2                  |      icmp|   0|  0|    13|           6|           5|
    |icmp_ln83_127_fu_34191_p2                  |      icmp|   0|  0|    13|           6|           5|
    |icmp_ln83_128_fu_34265_p2                  |      icmp|   0|  0|    13|           6|           5|
    |icmp_ln83_129_fu_34339_p2                  |      icmp|   0|  0|    13|           6|           5|
    |icmp_ln83_12_fu_25612_p2                   |      icmp|   0|  0|    13|           6|           5|
    |icmp_ln83_130_fu_34413_p2                  |      icmp|   0|  0|    13|           6|           5|
    |icmp_ln83_131_fu_34487_p2                  |      icmp|   0|  0|    13|           6|           5|
    |icmp_ln83_132_fu_34561_p2                  |      icmp|   0|  0|    13|           6|           5|
    |icmp_ln83_133_fu_34635_p2                  |      icmp|   0|  0|    13|           6|           5|
    |icmp_ln83_134_fu_34709_p2                  |      icmp|   0|  0|    13|           6|           5|
    |icmp_ln83_135_fu_34783_p2                  |      icmp|   0|  0|    13|           6|           5|
    |icmp_ln83_136_fu_34857_p2                  |      icmp|   0|  0|    13|           6|           5|
    |icmp_ln83_137_fu_34931_p2                  |      icmp|   0|  0|    13|           6|           5|
    |icmp_ln83_138_fu_35005_p2                  |      icmp|   0|  0|    13|           6|           5|
    |icmp_ln83_139_fu_35079_p2                  |      icmp|   0|  0|    13|           6|           5|
    |icmp_ln83_13_fu_25693_p2                   |      icmp|   0|  0|    13|           6|           5|
    |icmp_ln83_140_fu_35153_p2                  |      icmp|   0|  0|    13|           6|           5|
    |icmp_ln83_141_fu_35227_p2                  |      icmp|   0|  0|    13|           6|           5|
    |icmp_ln83_142_fu_35301_p2                  |      icmp|   0|  0|    13|           6|           5|
    |icmp_ln83_143_fu_35375_p2                  |      icmp|   0|  0|    13|           6|           5|
    |icmp_ln83_144_fu_35449_p2                  |      icmp|   0|  0|    13|           6|           5|
    |icmp_ln83_145_fu_35523_p2                  |      icmp|   0|  0|    13|           6|           5|
    |icmp_ln83_146_fu_35597_p2                  |      icmp|   0|  0|    13|           6|           5|
    |icmp_ln83_147_fu_35671_p2                  |      icmp|   0|  0|    13|           6|           5|
    |icmp_ln83_148_fu_35745_p2                  |      icmp|   0|  0|    13|           6|           5|
    |icmp_ln83_149_fu_35819_p2                  |      icmp|   0|  0|    13|           6|           5|
    |icmp_ln83_14_fu_25774_p2                   |      icmp|   0|  0|    13|           6|           5|
    |icmp_ln83_150_fu_35893_p2                  |      icmp|   0|  0|    13|           6|           5|
    |icmp_ln83_151_fu_35967_p2                  |      icmp|   0|  0|    13|           6|           5|
    |icmp_ln83_152_fu_36041_p2                  |      icmp|   0|  0|    13|           6|           5|
    |icmp_ln83_153_fu_36115_p2                  |      icmp|   0|  0|    13|           6|           5|
    |icmp_ln83_154_fu_36189_p2                  |      icmp|   0|  0|    13|           6|           5|
    |icmp_ln83_155_fu_36263_p2                  |      icmp|   0|  0|    13|           6|           5|
    |icmp_ln83_156_fu_36337_p2                  |      icmp|   0|  0|    13|           6|           5|
    |icmp_ln83_157_fu_36411_p2                  |      icmp|   0|  0|    13|           6|           5|
    |icmp_ln83_158_fu_36485_p2                  |      icmp|   0|  0|    13|           6|           5|
    |icmp_ln83_159_fu_36559_p2                  |      icmp|   0|  0|    13|           6|           5|
    |icmp_ln83_15_fu_25855_p2                   |      icmp|   0|  0|    13|           6|           5|
    |icmp_ln83_160_fu_36633_p2                  |      icmp|   0|  0|    13|           6|           5|
    |icmp_ln83_161_fu_36707_p2                  |      icmp|   0|  0|    13|           6|           5|
    |icmp_ln83_162_fu_36781_p2                  |      icmp|   0|  0|    13|           6|           5|
    |icmp_ln83_163_fu_36855_p2                  |      icmp|   0|  0|    13|           6|           5|
    |icmp_ln83_164_fu_36929_p2                  |      icmp|   0|  0|    13|           6|           5|
    |icmp_ln83_165_fu_37003_p2                  |      icmp|   0|  0|    13|           6|           5|
    |icmp_ln83_166_fu_37077_p2                  |      icmp|   0|  0|    13|           6|           5|
    |icmp_ln83_167_fu_37151_p2                  |      icmp|   0|  0|    13|           6|           5|
    |icmp_ln83_168_fu_37225_p2                  |      icmp|   0|  0|    13|           6|           5|
    |icmp_ln83_169_fu_37299_p2                  |      icmp|   0|  0|    13|           6|           5|
    |icmp_ln83_16_fu_25932_p2                   |      icmp|   0|  0|    13|           6|           5|
    |icmp_ln83_170_fu_37373_p2                  |      icmp|   0|  0|    13|           6|           5|
    |icmp_ln83_171_fu_37447_p2                  |      icmp|   0|  0|    13|           6|           5|
    |icmp_ln83_172_fu_37521_p2                  |      icmp|   0|  0|    13|           6|           5|
    |icmp_ln83_173_fu_37595_p2                  |      icmp|   0|  0|    13|           6|           5|
    |icmp_ln83_174_fu_37669_p2                  |      icmp|   0|  0|    13|           6|           5|
    |icmp_ln83_175_fu_37743_p2                  |      icmp|   0|  0|    13|           6|           5|
    |icmp_ln83_176_fu_37817_p2                  |      icmp|   0|  0|    13|           6|           5|
    |icmp_ln83_177_fu_37891_p2                  |      icmp|   0|  0|    13|           6|           5|
    |icmp_ln83_178_fu_37965_p2                  |      icmp|   0|  0|    13|           6|           5|
    |icmp_ln83_179_fu_38039_p2                  |      icmp|   0|  0|    13|           6|           5|
    |icmp_ln83_17_fu_26009_p2                   |      icmp|   0|  0|    13|           6|           5|
    |icmp_ln83_180_fu_38113_p2                  |      icmp|   0|  0|    13|           6|           5|
    |icmp_ln83_181_fu_38187_p2                  |      icmp|   0|  0|    13|           6|           5|
    |icmp_ln83_182_fu_38261_p2                  |      icmp|   0|  0|    13|           6|           5|
    |icmp_ln83_183_fu_38335_p2                  |      icmp|   0|  0|    13|           6|           5|
    |icmp_ln83_184_fu_38409_p2                  |      icmp|   0|  0|    13|           6|           5|
    |icmp_ln83_185_fu_38483_p2                  |      icmp|   0|  0|    13|           6|           5|
    |icmp_ln83_186_fu_38557_p2                  |      icmp|   0|  0|    13|           6|           5|
    |icmp_ln83_187_fu_38631_p2                  |      icmp|   0|  0|    13|           6|           5|
    |icmp_ln83_188_fu_38705_p2                  |      icmp|   0|  0|    13|           6|           5|
    |icmp_ln83_189_fu_38779_p2                  |      icmp|   0|  0|    13|           6|           5|
    |icmp_ln83_18_fu_26086_p2                   |      icmp|   0|  0|    13|           6|           5|
    |icmp_ln83_190_fu_38853_p2                  |      icmp|   0|  0|    13|           6|           5|
    |icmp_ln83_191_fu_38927_p2                  |      icmp|   0|  0|    13|           6|           5|
    |icmp_ln83_192_fu_39001_p2                  |      icmp|   0|  0|    13|           6|           5|
    |icmp_ln83_193_fu_39075_p2                  |      icmp|   0|  0|    13|           6|           5|
    |icmp_ln83_194_fu_39149_p2                  |      icmp|   0|  0|    13|           6|           5|
    |icmp_ln83_195_fu_39223_p2                  |      icmp|   0|  0|    13|           6|           5|
    |icmp_ln83_196_fu_39297_p2                  |      icmp|   0|  0|    13|           6|           5|
    |icmp_ln83_197_fu_39371_p2                  |      icmp|   0|  0|    13|           6|           5|
    |icmp_ln83_198_fu_39445_p2                  |      icmp|   0|  0|    13|           6|           5|
    |icmp_ln83_199_fu_39519_p2                  |      icmp|   0|  0|    13|           6|           5|
    |icmp_ln83_19_fu_26163_p2                   |      icmp|   0|  0|    13|           6|           5|
    |icmp_ln83_1_fu_24721_p2                    |      icmp|   0|  0|    13|           6|           5|
    |icmp_ln83_200_fu_39593_p2                  |      icmp|   0|  0|    13|           6|           5|
    |icmp_ln83_201_fu_39667_p2                  |      icmp|   0|  0|    13|           6|           5|
    |icmp_ln83_202_fu_39741_p2                  |      icmp|   0|  0|    13|           6|           5|
    |icmp_ln83_203_fu_39815_p2                  |      icmp|   0|  0|    13|           6|           5|
    |icmp_ln83_204_fu_39889_p2                  |      icmp|   0|  0|    13|           6|           5|
    |icmp_ln83_205_fu_39963_p2                  |      icmp|   0|  0|    13|           6|           5|
    |icmp_ln83_206_fu_40037_p2                  |      icmp|   0|  0|    13|           6|           5|
    |icmp_ln83_207_fu_40111_p2                  |      icmp|   0|  0|    13|           6|           5|
    |icmp_ln83_208_fu_40185_p2                  |      icmp|   0|  0|    13|           6|           5|
    |icmp_ln83_209_fu_40259_p2                  |      icmp|   0|  0|    13|           6|           5|
    |icmp_ln83_20_fu_26240_p2                   |      icmp|   0|  0|    13|           6|           5|
    |icmp_ln83_210_fu_40333_p2                  |      icmp|   0|  0|    13|           6|           5|
    |icmp_ln83_211_fu_40407_p2                  |      icmp|   0|  0|    13|           6|           5|
    |icmp_ln83_212_fu_40481_p2                  |      icmp|   0|  0|    13|           6|           5|
    |icmp_ln83_213_fu_40555_p2                  |      icmp|   0|  0|    13|           6|           5|
    |icmp_ln83_214_fu_40629_p2                  |      icmp|   0|  0|    13|           6|           5|
    |icmp_ln83_215_fu_40703_p2                  |      icmp|   0|  0|    13|           6|           5|
    |icmp_ln83_216_fu_40777_p2                  |      icmp|   0|  0|    13|           6|           5|
    |icmp_ln83_217_fu_40851_p2                  |      icmp|   0|  0|    13|           6|           5|
    |icmp_ln83_218_fu_40925_p2                  |      icmp|   0|  0|    13|           6|           5|
    |icmp_ln83_219_fu_40999_p2                  |      icmp|   0|  0|    13|           6|           5|
    |icmp_ln83_21_fu_26317_p2                   |      icmp|   0|  0|    13|           6|           5|
    |icmp_ln83_220_fu_41073_p2                  |      icmp|   0|  0|    13|           6|           5|
    |icmp_ln83_221_fu_41147_p2                  |      icmp|   0|  0|    13|           6|           5|
    |icmp_ln83_222_fu_41221_p2                  |      icmp|   0|  0|    13|           6|           5|
    |icmp_ln83_223_fu_41295_p2                  |      icmp|   0|  0|    13|           6|           5|
    |icmp_ln83_224_fu_41369_p2                  |      icmp|   0|  0|    13|           6|           5|
    |icmp_ln83_225_fu_41443_p2                  |      icmp|   0|  0|    13|           6|           5|
    |icmp_ln83_226_fu_41517_p2                  |      icmp|   0|  0|    13|           6|           5|
    |icmp_ln83_227_fu_41591_p2                  |      icmp|   0|  0|    13|           6|           5|
    |icmp_ln83_228_fu_41665_p2                  |      icmp|   0|  0|    13|           6|           5|
    |icmp_ln83_229_fu_41739_p2                  |      icmp|   0|  0|    13|           6|           5|
    |icmp_ln83_22_fu_26394_p2                   |      icmp|   0|  0|    13|           6|           5|
    |icmp_ln83_230_fu_41813_p2                  |      icmp|   0|  0|    13|           6|           5|
    |icmp_ln83_231_fu_41887_p2                  |      icmp|   0|  0|    13|           6|           5|
    |icmp_ln83_232_fu_41961_p2                  |      icmp|   0|  0|    13|           6|           5|
    |icmp_ln83_233_fu_42035_p2                  |      icmp|   0|  0|    13|           6|           5|
    |icmp_ln83_234_fu_42109_p2                  |      icmp|   0|  0|    13|           6|           5|
    |icmp_ln83_235_fu_42183_p2                  |      icmp|   0|  0|    13|           6|           5|
    |icmp_ln83_236_fu_42257_p2                  |      icmp|   0|  0|    13|           6|           5|
    |icmp_ln83_237_fu_42331_p2                  |      icmp|   0|  0|    13|           6|           5|
    |icmp_ln83_238_fu_42405_p2                  |      icmp|   0|  0|    13|           6|           5|
    |icmp_ln83_239_fu_42479_p2                  |      icmp|   0|  0|    13|           6|           5|
    |icmp_ln83_23_fu_26471_p2                   |      icmp|   0|  0|    13|           6|           5|
    |icmp_ln83_240_fu_42553_p2                  |      icmp|   0|  0|    13|           6|           5|
    |icmp_ln83_241_fu_42627_p2                  |      icmp|   0|  0|    13|           6|           5|
    |icmp_ln83_242_fu_42701_p2                  |      icmp|   0|  0|    13|           6|           5|
    |icmp_ln83_243_fu_42775_p2                  |      icmp|   0|  0|    13|           6|           5|
    |icmp_ln83_244_fu_42849_p2                  |      icmp|   0|  0|    13|           6|           5|
    |icmp_ln83_245_fu_42923_p2                  |      icmp|   0|  0|    13|           6|           5|
    |icmp_ln83_246_fu_42997_p2                  |      icmp|   0|  0|    13|           6|           5|
    |icmp_ln83_247_fu_43071_p2                  |      icmp|   0|  0|    13|           6|           5|
    |icmp_ln83_248_fu_43145_p2                  |      icmp|   0|  0|    13|           6|           5|
    |icmp_ln83_249_fu_43219_p2                  |      icmp|   0|  0|    13|           6|           5|
    |icmp_ln83_24_fu_26548_p2                   |      icmp|   0|  0|    13|           6|           5|
    |icmp_ln83_250_fu_43293_p2                  |      icmp|   0|  0|    13|           6|           5|
    |icmp_ln83_251_fu_43367_p2                  |      icmp|   0|  0|    13|           6|           5|
    |icmp_ln83_252_fu_43441_p2                  |      icmp|   0|  0|    13|           6|           5|
    |icmp_ln83_253_fu_43515_p2                  |      icmp|   0|  0|    13|           6|           5|
    |icmp_ln83_254_fu_43589_p2                  |      icmp|   0|  0|    13|           6|           5|
    |icmp_ln83_255_fu_43663_p2                  |      icmp|   0|  0|    13|           6|           5|
    |icmp_ln83_25_fu_26625_p2                   |      icmp|   0|  0|    13|           6|           5|
    |icmp_ln83_26_fu_26702_p2                   |      icmp|   0|  0|    13|           6|           5|
    |icmp_ln83_27_fu_26779_p2                   |      icmp|   0|  0|    13|           6|           5|
    |icmp_ln83_28_fu_26856_p2                   |      icmp|   0|  0|    13|           6|           5|
    |icmp_ln83_29_fu_26933_p2                   |      icmp|   0|  0|    13|           6|           5|
    |icmp_ln83_2_fu_24802_p2                    |      icmp|   0|  0|    13|           6|           5|
    |icmp_ln83_30_fu_27010_p2                   |      icmp|   0|  0|    13|           6|           5|
    |icmp_ln83_31_fu_27087_p2                   |      icmp|   0|  0|    13|           6|           5|
    |icmp_ln83_32_fu_27161_p2                   |      icmp|   0|  0|    13|           6|           5|
    |icmp_ln83_33_fu_27235_p2                   |      icmp|   0|  0|    13|           6|           5|
    |icmp_ln83_34_fu_27309_p2                   |      icmp|   0|  0|    13|           6|           5|
    |icmp_ln83_35_fu_27383_p2                   |      icmp|   0|  0|    13|           6|           5|
    |icmp_ln83_36_fu_27457_p2                   |      icmp|   0|  0|    13|           6|           5|
    |icmp_ln83_37_fu_27531_p2                   |      icmp|   0|  0|    13|           6|           5|
    |icmp_ln83_38_fu_27605_p2                   |      icmp|   0|  0|    13|           6|           5|
    |icmp_ln83_39_fu_27679_p2                   |      icmp|   0|  0|    13|           6|           5|
    |icmp_ln83_3_fu_24883_p2                    |      icmp|   0|  0|    13|           6|           5|
    |icmp_ln83_40_fu_27753_p2                   |      icmp|   0|  0|    13|           6|           5|
    |icmp_ln83_41_fu_27827_p2                   |      icmp|   0|  0|    13|           6|           5|
    |icmp_ln83_42_fu_27901_p2                   |      icmp|   0|  0|    13|           6|           5|
    |icmp_ln83_43_fu_27975_p2                   |      icmp|   0|  0|    13|           6|           5|
    |icmp_ln83_44_fu_28049_p2                   |      icmp|   0|  0|    13|           6|           5|
    |icmp_ln83_45_fu_28123_p2                   |      icmp|   0|  0|    13|           6|           5|
    |icmp_ln83_46_fu_28197_p2                   |      icmp|   0|  0|    13|           6|           5|
    |icmp_ln83_47_fu_28271_p2                   |      icmp|   0|  0|    13|           6|           5|
    |icmp_ln83_48_fu_28345_p2                   |      icmp|   0|  0|    13|           6|           5|
    |icmp_ln83_49_fu_28419_p2                   |      icmp|   0|  0|    13|           6|           5|
    |icmp_ln83_4_fu_24964_p2                    |      icmp|   0|  0|    13|           6|           5|
    |icmp_ln83_50_fu_28493_p2                   |      icmp|   0|  0|    13|           6|           5|
    |icmp_ln83_51_fu_28567_p2                   |      icmp|   0|  0|    13|           6|           5|
    |icmp_ln83_52_fu_28641_p2                   |      icmp|   0|  0|    13|           6|           5|
    |icmp_ln83_53_fu_28715_p2                   |      icmp|   0|  0|    13|           6|           5|
    |icmp_ln83_54_fu_28789_p2                   |      icmp|   0|  0|    13|           6|           5|
    |icmp_ln83_55_fu_28863_p2                   |      icmp|   0|  0|    13|           6|           5|
    |icmp_ln83_56_fu_28937_p2                   |      icmp|   0|  0|    13|           6|           5|
    |icmp_ln83_57_fu_29011_p2                   |      icmp|   0|  0|    13|           6|           5|
    |icmp_ln83_58_fu_29085_p2                   |      icmp|   0|  0|    13|           6|           5|
    |icmp_ln83_59_fu_29159_p2                   |      icmp|   0|  0|    13|           6|           5|
    |icmp_ln83_5_fu_25045_p2                    |      icmp|   0|  0|    13|           6|           5|
    |icmp_ln83_60_fu_29233_p2                   |      icmp|   0|  0|    13|           6|           5|
    |icmp_ln83_61_fu_29307_p2                   |      icmp|   0|  0|    13|           6|           5|
    |icmp_ln83_62_fu_29381_p2                   |      icmp|   0|  0|    13|           6|           5|
    |icmp_ln83_63_fu_29455_p2                   |      icmp|   0|  0|    13|           6|           5|
    |icmp_ln83_64_fu_29529_p2                   |      icmp|   0|  0|    13|           6|           5|
    |icmp_ln83_65_fu_29603_p2                   |      icmp|   0|  0|    13|           6|           5|
    |icmp_ln83_66_fu_29677_p2                   |      icmp|   0|  0|    13|           6|           5|
    |icmp_ln83_67_fu_29751_p2                   |      icmp|   0|  0|    13|           6|           5|
    |icmp_ln83_68_fu_29825_p2                   |      icmp|   0|  0|    13|           6|           5|
    |icmp_ln83_69_fu_29899_p2                   |      icmp|   0|  0|    13|           6|           5|
    |icmp_ln83_6_fu_25126_p2                    |      icmp|   0|  0|    13|           6|           5|
    |icmp_ln83_70_fu_29973_p2                   |      icmp|   0|  0|    13|           6|           5|
    |icmp_ln83_71_fu_30047_p2                   |      icmp|   0|  0|    13|           6|           5|
    |icmp_ln83_72_fu_30121_p2                   |      icmp|   0|  0|    13|           6|           5|
    |icmp_ln83_73_fu_30195_p2                   |      icmp|   0|  0|    13|           6|           5|
    |icmp_ln83_74_fu_30269_p2                   |      icmp|   0|  0|    13|           6|           5|
    |icmp_ln83_75_fu_30343_p2                   |      icmp|   0|  0|    13|           6|           5|
    |icmp_ln83_76_fu_30417_p2                   |      icmp|   0|  0|    13|           6|           5|
    |icmp_ln83_77_fu_30491_p2                   |      icmp|   0|  0|    13|           6|           5|
    |icmp_ln83_78_fu_30565_p2                   |      icmp|   0|  0|    13|           6|           5|
    |icmp_ln83_79_fu_30639_p2                   |      icmp|   0|  0|    13|           6|           5|
    |icmp_ln83_7_fu_25207_p2                    |      icmp|   0|  0|    13|           6|           5|
    |icmp_ln83_80_fu_30713_p2                   |      icmp|   0|  0|    13|           6|           5|
    |icmp_ln83_81_fu_30787_p2                   |      icmp|   0|  0|    13|           6|           5|
    |icmp_ln83_82_fu_30861_p2                   |      icmp|   0|  0|    13|           6|           5|
    |icmp_ln83_83_fu_30935_p2                   |      icmp|   0|  0|    13|           6|           5|
    |icmp_ln83_84_fu_31009_p2                   |      icmp|   0|  0|    13|           6|           5|
    |icmp_ln83_85_fu_31083_p2                   |      icmp|   0|  0|    13|           6|           5|
    |icmp_ln83_86_fu_31157_p2                   |      icmp|   0|  0|    13|           6|           5|
    |icmp_ln83_87_fu_31231_p2                   |      icmp|   0|  0|    13|           6|           5|
    |icmp_ln83_88_fu_31305_p2                   |      icmp|   0|  0|    13|           6|           5|
    |icmp_ln83_89_fu_31379_p2                   |      icmp|   0|  0|    13|           6|           5|
    |icmp_ln83_8_fu_25288_p2                    |      icmp|   0|  0|    13|           6|           5|
    |icmp_ln83_90_fu_31453_p2                   |      icmp|   0|  0|    13|           6|           5|
    |icmp_ln83_91_fu_31527_p2                   |      icmp|   0|  0|    13|           6|           5|
    |icmp_ln83_92_fu_31601_p2                   |      icmp|   0|  0|    13|           6|           5|
    |icmp_ln83_93_fu_31675_p2                   |      icmp|   0|  0|    13|           6|           5|
    |icmp_ln83_94_fu_31749_p2                   |      icmp|   0|  0|    13|           6|           5|
    |icmp_ln83_95_fu_31823_p2                   |      icmp|   0|  0|    13|           6|           5|
    |icmp_ln83_96_fu_31897_p2                   |      icmp|   0|  0|    13|           6|           5|
    |icmp_ln83_97_fu_31971_p2                   |      icmp|   0|  0|    13|           6|           5|
    |icmp_ln83_98_fu_32045_p2                   |      icmp|   0|  0|    13|           6|           5|
    |icmp_ln83_99_fu_32119_p2                   |      icmp|   0|  0|    13|           6|           5|
    |icmp_ln83_9_fu_25369_p2                    |      icmp|   0|  0|    13|           6|           5|
    |icmp_ln83_fu_24640_p2                      |      icmp|   0|  0|    13|           6|           5|
    |lshr_ln173_fu_10571_p2                     |      lshr|   0|  0|  2171|         512|         512|
    |ap_block_pp0_stage0_01001_grp1             |        or|   0|  0|     2|           1|           1|
    |ap_block_pp0_stage0_11001                  |        or|   0|  0|     2|           1|           1|
    |do_load_fu_2540_p2                         |        or|   0|  0|     2|           1|           1|
    |or_ln170_fu_10509_p2                       |        or|   0|  0|     2|           1|           1|
    |or_ln75_100_fu_32173_p2                    |        or|   0|  0|     2|           1|           1|
    |or_ln75_101_fu_32247_p2                    |        or|   0|  0|     2|           1|           1|
    |or_ln75_102_fu_32321_p2                    |        or|   0|  0|     2|           1|           1|
    |or_ln75_103_fu_32395_p2                    |        or|   0|  0|     2|           1|           1|
    |or_ln75_104_fu_32469_p2                    |        or|   0|  0|     2|           1|           1|
    |or_ln75_105_fu_32543_p2                    |        or|   0|  0|     2|           1|           1|
    |or_ln75_106_fu_32617_p2                    |        or|   0|  0|     2|           1|           1|
    |or_ln75_107_fu_32691_p2                    |        or|   0|  0|     2|           1|           1|
    |or_ln75_108_fu_32765_p2                    |        or|   0|  0|     2|           1|           1|
    |or_ln75_109_fu_32839_p2                    |        or|   0|  0|     2|           1|           1|
    |or_ln75_10_fu_25423_p2                     |        or|   0|  0|     2|           1|           1|
    |or_ln75_110_fu_32913_p2                    |        or|   0|  0|     2|           1|           1|
    |or_ln75_111_fu_32987_p2                    |        or|   0|  0|     2|           1|           1|
    |or_ln75_112_fu_33061_p2                    |        or|   0|  0|     2|           1|           1|
    |or_ln75_113_fu_33135_p2                    |        or|   0|  0|     2|           1|           1|
    |or_ln75_114_fu_33209_p2                    |        or|   0|  0|     2|           1|           1|
    |or_ln75_115_fu_33283_p2                    |        or|   0|  0|     2|           1|           1|
    |or_ln75_116_fu_33357_p2                    |        or|   0|  0|     2|           1|           1|
    |or_ln75_117_fu_33431_p2                    |        or|   0|  0|     2|           1|           1|
    |or_ln75_118_fu_33505_p2                    |        or|   0|  0|     2|           1|           1|
    |or_ln75_119_fu_33579_p2                    |        or|   0|  0|     2|           1|           1|
    |or_ln75_11_fu_25504_p2                     |        or|   0|  0|     2|           1|           1|
    |or_ln75_120_fu_33653_p2                    |        or|   0|  0|     2|           1|           1|
    |or_ln75_121_fu_33727_p2                    |        or|   0|  0|     2|           1|           1|
    |or_ln75_122_fu_33801_p2                    |        or|   0|  0|     2|           1|           1|
    |or_ln75_123_fu_33875_p2                    |        or|   0|  0|     2|           1|           1|
    |or_ln75_124_fu_33949_p2                    |        or|   0|  0|     2|           1|           1|
    |or_ln75_125_fu_34023_p2                    |        or|   0|  0|     2|           1|           1|
    |or_ln75_126_fu_34097_p2                    |        or|   0|  0|     2|           1|           1|
    |or_ln75_127_fu_34171_p2                    |        or|   0|  0|     2|           1|           1|
    |or_ln75_128_fu_34245_p2                    |        or|   0|  0|     2|           1|           1|
    |or_ln75_129_fu_34319_p2                    |        or|   0|  0|     2|           1|           1|
    |or_ln75_12_fu_25585_p2                     |        or|   0|  0|     2|           1|           1|
    |or_ln75_130_fu_34393_p2                    |        or|   0|  0|     2|           1|           1|
    |or_ln75_131_fu_34467_p2                    |        or|   0|  0|     2|           1|           1|
    |or_ln75_132_fu_34541_p2                    |        or|   0|  0|     2|           1|           1|
    |or_ln75_133_fu_34615_p2                    |        or|   0|  0|     2|           1|           1|
    |or_ln75_134_fu_34689_p2                    |        or|   0|  0|     2|           1|           1|
    |or_ln75_135_fu_34763_p2                    |        or|   0|  0|     2|           1|           1|
    |or_ln75_136_fu_34837_p2                    |        or|   0|  0|     2|           1|           1|
    |or_ln75_137_fu_34911_p2                    |        or|   0|  0|     2|           1|           1|
    |or_ln75_138_fu_34985_p2                    |        or|   0|  0|     2|           1|           1|
    |or_ln75_139_fu_35059_p2                    |        or|   0|  0|     2|           1|           1|
    |or_ln75_13_fu_25666_p2                     |        or|   0|  0|     2|           1|           1|
    |or_ln75_140_fu_35133_p2                    |        or|   0|  0|     2|           1|           1|
    |or_ln75_141_fu_35207_p2                    |        or|   0|  0|     2|           1|           1|
    |or_ln75_142_fu_35281_p2                    |        or|   0|  0|     2|           1|           1|
    |or_ln75_143_fu_35355_p2                    |        or|   0|  0|     2|           1|           1|
    |or_ln75_144_fu_35429_p2                    |        or|   0|  0|     2|           1|           1|
    |or_ln75_145_fu_35503_p2                    |        or|   0|  0|     2|           1|           1|
    |or_ln75_146_fu_35577_p2                    |        or|   0|  0|     2|           1|           1|
    |or_ln75_147_fu_35651_p2                    |        or|   0|  0|     2|           1|           1|
    |or_ln75_148_fu_35725_p2                    |        or|   0|  0|     2|           1|           1|
    |or_ln75_149_fu_35799_p2                    |        or|   0|  0|     2|           1|           1|
    |or_ln75_14_fu_25747_p2                     |        or|   0|  0|     2|           1|           1|
    |or_ln75_150_fu_35873_p2                    |        or|   0|  0|     2|           1|           1|
    |or_ln75_151_fu_35947_p2                    |        or|   0|  0|     2|           1|           1|
    |or_ln75_152_fu_36021_p2                    |        or|   0|  0|     2|           1|           1|
    |or_ln75_153_fu_36095_p2                    |        or|   0|  0|     2|           1|           1|
    |or_ln75_154_fu_36169_p2                    |        or|   0|  0|     2|           1|           1|
    |or_ln75_155_fu_36243_p2                    |        or|   0|  0|     2|           1|           1|
    |or_ln75_156_fu_36317_p2                    |        or|   0|  0|     2|           1|           1|
    |or_ln75_157_fu_36391_p2                    |        or|   0|  0|     2|           1|           1|
    |or_ln75_158_fu_36465_p2                    |        or|   0|  0|     2|           1|           1|
    |or_ln75_159_fu_36539_p2                    |        or|   0|  0|     2|           1|           1|
    |or_ln75_15_fu_25828_p2                     |        or|   0|  0|     2|           1|           1|
    |or_ln75_160_fu_36613_p2                    |        or|   0|  0|     2|           1|           1|
    |or_ln75_161_fu_36687_p2                    |        or|   0|  0|     2|           1|           1|
    |or_ln75_162_fu_36761_p2                    |        or|   0|  0|     2|           1|           1|
    |or_ln75_163_fu_36835_p2                    |        or|   0|  0|     2|           1|           1|
    |or_ln75_164_fu_36909_p2                    |        or|   0|  0|     2|           1|           1|
    |or_ln75_165_fu_36983_p2                    |        or|   0|  0|     2|           1|           1|
    |or_ln75_166_fu_37057_p2                    |        or|   0|  0|     2|           1|           1|
    |or_ln75_167_fu_37131_p2                    |        or|   0|  0|     2|           1|           1|
    |or_ln75_168_fu_37205_p2                    |        or|   0|  0|     2|           1|           1|
    |or_ln75_169_fu_37279_p2                    |        or|   0|  0|     2|           1|           1|
    |or_ln75_16_fu_25909_p2                     |        or|   0|  0|     2|           1|           1|
    |or_ln75_170_fu_37353_p2                    |        or|   0|  0|     2|           1|           1|
    |or_ln75_171_fu_37427_p2                    |        or|   0|  0|     2|           1|           1|
    |or_ln75_172_fu_37501_p2                    |        or|   0|  0|     2|           1|           1|
    |or_ln75_173_fu_37575_p2                    |        or|   0|  0|     2|           1|           1|
    |or_ln75_174_fu_37649_p2                    |        or|   0|  0|     2|           1|           1|
    |or_ln75_175_fu_37723_p2                    |        or|   0|  0|     2|           1|           1|
    |or_ln75_176_fu_37797_p2                    |        or|   0|  0|     2|           1|           1|
    |or_ln75_177_fu_37871_p2                    |        or|   0|  0|     2|           1|           1|
    |or_ln75_178_fu_37945_p2                    |        or|   0|  0|     2|           1|           1|
    |or_ln75_179_fu_38019_p2                    |        or|   0|  0|     2|           1|           1|
    |or_ln75_17_fu_25986_p2                     |        or|   0|  0|     2|           1|           1|
    |or_ln75_180_fu_38093_p2                    |        or|   0|  0|     2|           1|           1|
    |or_ln75_181_fu_38167_p2                    |        or|   0|  0|     2|           1|           1|
    |or_ln75_182_fu_38241_p2                    |        or|   0|  0|     2|           1|           1|
    |or_ln75_183_fu_38315_p2                    |        or|   0|  0|     2|           1|           1|
    |or_ln75_184_fu_38389_p2                    |        or|   0|  0|     2|           1|           1|
    |or_ln75_185_fu_38463_p2                    |        or|   0|  0|     2|           1|           1|
    |or_ln75_186_fu_38537_p2                    |        or|   0|  0|     2|           1|           1|
    |or_ln75_187_fu_38611_p2                    |        or|   0|  0|     2|           1|           1|
    |or_ln75_188_fu_38685_p2                    |        or|   0|  0|     2|           1|           1|
    |or_ln75_189_fu_38759_p2                    |        or|   0|  0|     2|           1|           1|
    |or_ln75_18_fu_26063_p2                     |        or|   0|  0|     2|           1|           1|
    |or_ln75_190_fu_38833_p2                    |        or|   0|  0|     2|           1|           1|
    |or_ln75_191_fu_38907_p2                    |        or|   0|  0|     2|           1|           1|
    |or_ln75_192_fu_38981_p2                    |        or|   0|  0|     2|           1|           1|
    |or_ln75_193_fu_39055_p2                    |        or|   0|  0|     2|           1|           1|
    |or_ln75_194_fu_39129_p2                    |        or|   0|  0|     2|           1|           1|
    |or_ln75_195_fu_39203_p2                    |        or|   0|  0|     2|           1|           1|
    |or_ln75_196_fu_39277_p2                    |        or|   0|  0|     2|           1|           1|
    |or_ln75_197_fu_39351_p2                    |        or|   0|  0|     2|           1|           1|
    |or_ln75_198_fu_39425_p2                    |        or|   0|  0|     2|           1|           1|
    |or_ln75_199_fu_39499_p2                    |        or|   0|  0|     2|           1|           1|
    |or_ln75_19_fu_26140_p2                     |        or|   0|  0|     2|           1|           1|
    |or_ln75_1_fu_24694_p2                      |        or|   0|  0|     2|           1|           1|
    |or_ln75_200_fu_39573_p2                    |        or|   0|  0|     2|           1|           1|
    |or_ln75_201_fu_39647_p2                    |        or|   0|  0|     2|           1|           1|
    |or_ln75_202_fu_39721_p2                    |        or|   0|  0|     2|           1|           1|
    |or_ln75_203_fu_39795_p2                    |        or|   0|  0|     2|           1|           1|
    |or_ln75_204_fu_39869_p2                    |        or|   0|  0|     2|           1|           1|
    |or_ln75_205_fu_39943_p2                    |        or|   0|  0|     2|           1|           1|
    |or_ln75_206_fu_40017_p2                    |        or|   0|  0|     2|           1|           1|
    |or_ln75_207_fu_40091_p2                    |        or|   0|  0|     2|           1|           1|
    |or_ln75_208_fu_40165_p2                    |        or|   0|  0|     2|           1|           1|
    |or_ln75_209_fu_40239_p2                    |        or|   0|  0|     2|           1|           1|
    |or_ln75_20_fu_26217_p2                     |        or|   0|  0|     2|           1|           1|
    |or_ln75_210_fu_40313_p2                    |        or|   0|  0|     2|           1|           1|
    |or_ln75_211_fu_40387_p2                    |        or|   0|  0|     2|           1|           1|
    |or_ln75_212_fu_40461_p2                    |        or|   0|  0|     2|           1|           1|
    |or_ln75_213_fu_40535_p2                    |        or|   0|  0|     2|           1|           1|
    |or_ln75_214_fu_40609_p2                    |        or|   0|  0|     2|           1|           1|
    |or_ln75_215_fu_40683_p2                    |        or|   0|  0|     2|           1|           1|
    |or_ln75_216_fu_40757_p2                    |        or|   0|  0|     2|           1|           1|
    |or_ln75_217_fu_40831_p2                    |        or|   0|  0|     2|           1|           1|
    |or_ln75_218_fu_40905_p2                    |        or|   0|  0|     2|           1|           1|
    |or_ln75_219_fu_40979_p2                    |        or|   0|  0|     2|           1|           1|
    |or_ln75_21_fu_26294_p2                     |        or|   0|  0|     2|           1|           1|
    |or_ln75_220_fu_41053_p2                    |        or|   0|  0|     2|           1|           1|
    |or_ln75_221_fu_41127_p2                    |        or|   0|  0|     2|           1|           1|
    |or_ln75_222_fu_41201_p2                    |        or|   0|  0|     2|           1|           1|
    |or_ln75_223_fu_41275_p2                    |        or|   0|  0|     2|           1|           1|
    |or_ln75_224_fu_41349_p2                    |        or|   0|  0|     2|           1|           1|
    |or_ln75_225_fu_41423_p2                    |        or|   0|  0|     2|           1|           1|
    |or_ln75_226_fu_41497_p2                    |        or|   0|  0|     2|           1|           1|
    |or_ln75_227_fu_41571_p2                    |        or|   0|  0|     2|           1|           1|
    |or_ln75_228_fu_41645_p2                    |        or|   0|  0|     2|           1|           1|
    |or_ln75_229_fu_41719_p2                    |        or|   0|  0|     2|           1|           1|
    |or_ln75_22_fu_26371_p2                     |        or|   0|  0|     2|           1|           1|
    |or_ln75_230_fu_41793_p2                    |        or|   0|  0|     2|           1|           1|
    |or_ln75_231_fu_41867_p2                    |        or|   0|  0|     2|           1|           1|
    |or_ln75_232_fu_41941_p2                    |        or|   0|  0|     2|           1|           1|
    |or_ln75_233_fu_42015_p2                    |        or|   0|  0|     2|           1|           1|
    |or_ln75_234_fu_42089_p2                    |        or|   0|  0|     2|           1|           1|
    |or_ln75_235_fu_42163_p2                    |        or|   0|  0|     2|           1|           1|
    |or_ln75_236_fu_42237_p2                    |        or|   0|  0|     2|           1|           1|
    |or_ln75_237_fu_42311_p2                    |        or|   0|  0|     2|           1|           1|
    |or_ln75_238_fu_42385_p2                    |        or|   0|  0|     2|           1|           1|
    |or_ln75_239_fu_42459_p2                    |        or|   0|  0|     2|           1|           1|
    |or_ln75_23_fu_26448_p2                     |        or|   0|  0|     2|           1|           1|
    |or_ln75_240_fu_42533_p2                    |        or|   0|  0|     2|           1|           1|
    |or_ln75_241_fu_42607_p2                    |        or|   0|  0|     2|           1|           1|
    |or_ln75_242_fu_42681_p2                    |        or|   0|  0|     2|           1|           1|
    |or_ln75_243_fu_42755_p2                    |        or|   0|  0|     2|           1|           1|
    |or_ln75_244_fu_42829_p2                    |        or|   0|  0|     2|           1|           1|
    |or_ln75_245_fu_42903_p2                    |        or|   0|  0|     2|           1|           1|
    |or_ln75_246_fu_42977_p2                    |        or|   0|  0|     2|           1|           1|
    |or_ln75_247_fu_43051_p2                    |        or|   0|  0|     2|           1|           1|
    |or_ln75_248_fu_43125_p2                    |        or|   0|  0|     2|           1|           1|
    |or_ln75_249_fu_43199_p2                    |        or|   0|  0|     2|           1|           1|
    |or_ln75_24_fu_26525_p2                     |        or|   0|  0|     2|           1|           1|
    |or_ln75_250_fu_43273_p2                    |        or|   0|  0|     2|           1|           1|
    |or_ln75_251_fu_43347_p2                    |        or|   0|  0|     2|           1|           1|
    |or_ln75_252_fu_43421_p2                    |        or|   0|  0|     2|           1|           1|
    |or_ln75_253_fu_43495_p2                    |        or|   0|  0|     2|           1|           1|
    |or_ln75_254_fu_43569_p2                    |        or|   0|  0|     2|           1|           1|
    |or_ln75_255_fu_43643_p2                    |        or|   0|  0|     2|           1|           1|
    |or_ln75_25_fu_26602_p2                     |        or|   0|  0|     2|           1|           1|
    |or_ln75_26_fu_26679_p2                     |        or|   0|  0|     2|           1|           1|
    |or_ln75_27_fu_26756_p2                     |        or|   0|  0|     2|           1|           1|
    |or_ln75_28_fu_26833_p2                     |        or|   0|  0|     2|           1|           1|
    |or_ln75_29_fu_26910_p2                     |        or|   0|  0|     2|           1|           1|
    |or_ln75_2_fu_24775_p2                      |        or|   0|  0|     2|           1|           1|
    |or_ln75_30_fu_26987_p2                     |        or|   0|  0|     2|           1|           1|
    |or_ln75_31_fu_27064_p2                     |        or|   0|  0|     2|           1|           1|
    |or_ln75_32_fu_27141_p2                     |        or|   0|  0|     2|           1|           1|
    |or_ln75_33_fu_27215_p2                     |        or|   0|  0|     2|           1|           1|
    |or_ln75_34_fu_27289_p2                     |        or|   0|  0|     2|           1|           1|
    |or_ln75_35_fu_27363_p2                     |        or|   0|  0|     2|           1|           1|
    |or_ln75_36_fu_27437_p2                     |        or|   0|  0|     2|           1|           1|
    |or_ln75_37_fu_27511_p2                     |        or|   0|  0|     2|           1|           1|
    |or_ln75_38_fu_27585_p2                     |        or|   0|  0|     2|           1|           1|
    |or_ln75_39_fu_27659_p2                     |        or|   0|  0|     2|           1|           1|
    |or_ln75_3_fu_24856_p2                      |        or|   0|  0|     2|           1|           1|
    |or_ln75_40_fu_27733_p2                     |        or|   0|  0|     2|           1|           1|
    |or_ln75_41_fu_27807_p2                     |        or|   0|  0|     2|           1|           1|
    |or_ln75_42_fu_27881_p2                     |        or|   0|  0|     2|           1|           1|
    |or_ln75_43_fu_27955_p2                     |        or|   0|  0|     2|           1|           1|
    |or_ln75_44_fu_28029_p2                     |        or|   0|  0|     2|           1|           1|
    |or_ln75_45_fu_28103_p2                     |        or|   0|  0|     2|           1|           1|
    |or_ln75_46_fu_28177_p2                     |        or|   0|  0|     2|           1|           1|
    |or_ln75_47_fu_28251_p2                     |        or|   0|  0|     2|           1|           1|
    |or_ln75_48_fu_28325_p2                     |        or|   0|  0|     2|           1|           1|
    |or_ln75_49_fu_28399_p2                     |        or|   0|  0|     2|           1|           1|
    |or_ln75_4_fu_24937_p2                      |        or|   0|  0|     2|           1|           1|
    |or_ln75_50_fu_28473_p2                     |        or|   0|  0|     2|           1|           1|
    |or_ln75_51_fu_28547_p2                     |        or|   0|  0|     2|           1|           1|
    |or_ln75_52_fu_28621_p2                     |        or|   0|  0|     2|           1|           1|
    |or_ln75_53_fu_28695_p2                     |        or|   0|  0|     2|           1|           1|
    |or_ln75_54_fu_28769_p2                     |        or|   0|  0|     2|           1|           1|
    |or_ln75_55_fu_28843_p2                     |        or|   0|  0|     2|           1|           1|
    |or_ln75_56_fu_28917_p2                     |        or|   0|  0|     2|           1|           1|
    |or_ln75_57_fu_28991_p2                     |        or|   0|  0|     2|           1|           1|
    |or_ln75_58_fu_29065_p2                     |        or|   0|  0|     2|           1|           1|
    |or_ln75_59_fu_29139_p2                     |        or|   0|  0|     2|           1|           1|
    |or_ln75_5_fu_25018_p2                      |        or|   0|  0|     2|           1|           1|
    |or_ln75_60_fu_29213_p2                     |        or|   0|  0|     2|           1|           1|
    |or_ln75_61_fu_29287_p2                     |        or|   0|  0|     2|           1|           1|
    |or_ln75_62_fu_29361_p2                     |        or|   0|  0|     2|           1|           1|
    |or_ln75_63_fu_29435_p2                     |        or|   0|  0|     2|           1|           1|
    |or_ln75_64_fu_29509_p2                     |        or|   0|  0|     2|           1|           1|
    |or_ln75_65_fu_29583_p2                     |        or|   0|  0|     2|           1|           1|
    |or_ln75_66_fu_29657_p2                     |        or|   0|  0|     2|           1|           1|
    |or_ln75_67_fu_29731_p2                     |        or|   0|  0|     2|           1|           1|
    |or_ln75_68_fu_29805_p2                     |        or|   0|  0|     2|           1|           1|
    |or_ln75_69_fu_29879_p2                     |        or|   0|  0|     2|           1|           1|
    |or_ln75_6_fu_25099_p2                      |        or|   0|  0|     2|           1|           1|
    |or_ln75_70_fu_29953_p2                     |        or|   0|  0|     2|           1|           1|
    |or_ln75_71_fu_30027_p2                     |        or|   0|  0|     2|           1|           1|
    |or_ln75_72_fu_30101_p2                     |        or|   0|  0|     2|           1|           1|
    |or_ln75_73_fu_30175_p2                     |        or|   0|  0|     2|           1|           1|
    |or_ln75_74_fu_30249_p2                     |        or|   0|  0|     2|           1|           1|
    |or_ln75_75_fu_30323_p2                     |        or|   0|  0|     2|           1|           1|
    |or_ln75_76_fu_30397_p2                     |        or|   0|  0|     2|           1|           1|
    |or_ln75_77_fu_30471_p2                     |        or|   0|  0|     2|           1|           1|
    |or_ln75_78_fu_30545_p2                     |        or|   0|  0|     2|           1|           1|
    |or_ln75_79_fu_30619_p2                     |        or|   0|  0|     2|           1|           1|
    |or_ln75_7_fu_25180_p2                      |        or|   0|  0|     2|           1|           1|
    |or_ln75_80_fu_30693_p2                     |        or|   0|  0|     2|           1|           1|
    |or_ln75_81_fu_30767_p2                     |        or|   0|  0|     2|           1|           1|
    |or_ln75_82_fu_30841_p2                     |        or|   0|  0|     2|           1|           1|
    |or_ln75_83_fu_30915_p2                     |        or|   0|  0|     2|           1|           1|
    |or_ln75_84_fu_30989_p2                     |        or|   0|  0|     2|           1|           1|
    |or_ln75_85_fu_31063_p2                     |        or|   0|  0|     2|           1|           1|
    |or_ln75_86_fu_31137_p2                     |        or|   0|  0|     2|           1|           1|
    |or_ln75_87_fu_31211_p2                     |        or|   0|  0|     2|           1|           1|
    |or_ln75_88_fu_31285_p2                     |        or|   0|  0|     2|           1|           1|
    |or_ln75_89_fu_31359_p2                     |        or|   0|  0|     2|           1|           1|
    |or_ln75_8_fu_25261_p2                      |        or|   0|  0|     2|           1|           1|
    |or_ln75_90_fu_31433_p2                     |        or|   0|  0|     2|           1|           1|
    |or_ln75_91_fu_31507_p2                     |        or|   0|  0|     2|           1|           1|
    |or_ln75_92_fu_31581_p2                     |        or|   0|  0|     2|           1|           1|
    |or_ln75_93_fu_31655_p2                     |        or|   0|  0|     2|           1|           1|
    |or_ln75_94_fu_31729_p2                     |        or|   0|  0|     2|           1|           1|
    |or_ln75_95_fu_31803_p2                     |        or|   0|  0|     2|           1|           1|
    |or_ln75_96_fu_31877_p2                     |        or|   0|  0|     2|           1|           1|
    |or_ln75_97_fu_31951_p2                     |        or|   0|  0|     2|           1|           1|
    |or_ln75_98_fu_32025_p2                     |        or|   0|  0|     2|           1|           1|
    |or_ln75_99_fu_32099_p2                     |        or|   0|  0|     2|           1|           1|
    |or_ln75_9_fu_25342_p2                      |        or|   0|  0|     2|           1|           1|
    |or_ln75_fu_24613_p2                        |        or|   0|  0|     2|           1|           1|
    |bits_100_fu_35791_p3                       |    select|   0|  0|    16|           1|          16|
    |bits_101_fu_35865_p3                       |    select|   0|  0|    16|           1|          16|
    |bits_102_fu_35939_p3                       |    select|   0|  0|    16|           1|          16|
    |bits_103_fu_36013_p3                       |    select|   0|  0|    16|           1|          16|
    |bits_104_fu_36087_p3                       |    select|   0|  0|    16|           1|          16|
    |bits_105_fu_36161_p3                       |    select|   0|  0|    16|           1|          16|
    |bits_106_fu_36235_p3                       |    select|   0|  0|    16|           1|          16|
    |bits_107_fu_36309_p3                       |    select|   0|  0|    16|           1|          16|
    |bits_108_fu_36383_p3                       |    select|   0|  0|    16|           1|          16|
    |bits_109_fu_36457_p3                       |    select|   0|  0|    16|           1|          16|
    |bits_10_fu_43339_p3                        |    select|   0|  0|    16|           1|          16|
    |bits_110_fu_36531_p3                       |    select|   0|  0|    16|           1|          16|
    |bits_111_fu_36605_p3                       |    select|   0|  0|    16|           1|          16|
    |bits_112_fu_34311_p3                       |    select|   0|  0|    16|           1|          16|
    |bits_113_fu_34385_p3                       |    select|   0|  0|    16|           1|          16|
    |bits_114_fu_34459_p3                       |    select|   0|  0|    16|           1|          16|
    |bits_115_fu_34533_p3                       |    select|   0|  0|    16|           1|          16|
    |bits_116_fu_34607_p3                       |    select|   0|  0|    16|           1|          16|
    |bits_117_fu_34681_p3                       |    select|   0|  0|    16|           1|          16|
    |bits_118_fu_34755_p3                       |    select|   0|  0|    16|           1|          16|
    |bits_119_fu_34829_p3                       |    select|   0|  0|    16|           1|          16|
    |bits_11_fu_43413_p3                        |    select|   0|  0|    16|           1|          16|
    |bits_120_fu_34903_p3                       |    select|   0|  0|    16|           1|          16|
    |bits_121_fu_34977_p3                       |    select|   0|  0|    16|           1|          16|
    |bits_122_fu_35051_p3                       |    select|   0|  0|    16|           1|          16|
    |bits_123_fu_35125_p3                       |    select|   0|  0|    16|           1|          16|
    |bits_124_fu_35199_p3                       |    select|   0|  0|    16|           1|          16|
    |bits_125_fu_35273_p3                       |    select|   0|  0|    16|           1|          16|
    |bits_126_fu_35347_p3                       |    select|   0|  0|    16|           1|          16|
    |bits_127_fu_35421_p3                       |    select|   0|  0|    16|           1|          16|
    |bits_128_fu_33127_p3                       |    select|   0|  0|    16|           1|          16|
    |bits_129_fu_33201_p3                       |    select|   0|  0|    16|           1|          16|
    |bits_12_fu_43487_p3                        |    select|   0|  0|    16|           1|          16|
    |bits_130_fu_33275_p3                       |    select|   0|  0|    16|           1|          16|
    |bits_131_fu_33349_p3                       |    select|   0|  0|    16|           1|          16|
    |bits_132_fu_33423_p3                       |    select|   0|  0|    16|           1|          16|
    |bits_133_fu_33497_p3                       |    select|   0|  0|    16|           1|          16|
    |bits_134_fu_33571_p3                       |    select|   0|  0|    16|           1|          16|
    |bits_135_fu_33645_p3                       |    select|   0|  0|    16|           1|          16|
    |bits_136_fu_33719_p3                       |    select|   0|  0|    16|           1|          16|
    |bits_137_fu_33793_p3                       |    select|   0|  0|    16|           1|          16|
    |bits_138_fu_33867_p3                       |    select|   0|  0|    16|           1|          16|
    |bits_139_fu_33941_p3                       |    select|   0|  0|    16|           1|          16|
    |bits_13_fu_43561_p3                        |    select|   0|  0|    16|           1|          16|
    |bits_140_fu_34015_p3                       |    select|   0|  0|    16|           1|          16|
    |bits_141_fu_34089_p3                       |    select|   0|  0|    16|           1|          16|
    |bits_142_fu_34163_p3                       |    select|   0|  0|    16|           1|          16|
    |bits_143_fu_34237_p3                       |    select|   0|  0|    16|           1|          16|
    |bits_144_fu_31943_p3                       |    select|   0|  0|    16|           1|          16|
    |bits_145_fu_32017_p3                       |    select|   0|  0|    16|           1|          16|
    |bits_146_fu_32091_p3                       |    select|   0|  0|    16|           1|          16|
    |bits_147_fu_32165_p3                       |    select|   0|  0|    16|           1|          16|
    |bits_148_fu_32239_p3                       |    select|   0|  0|    16|           1|          16|
    |bits_149_fu_32313_p3                       |    select|   0|  0|    16|           1|          16|
    |bits_14_fu_43635_p3                        |    select|   0|  0|    16|           1|          16|
    |bits_150_fu_32387_p3                       |    select|   0|  0|    16|           1|          16|
    |bits_151_fu_32461_p3                       |    select|   0|  0|    16|           1|          16|
    |bits_152_fu_32535_p3                       |    select|   0|  0|    16|           1|          16|
    |bits_153_fu_32609_p3                       |    select|   0|  0|    16|           1|          16|
    |bits_154_fu_32683_p3                       |    select|   0|  0|    16|           1|          16|
    |bits_155_fu_32757_p3                       |    select|   0|  0|    16|           1|          16|
    |bits_156_fu_32831_p3                       |    select|   0|  0|    16|           1|          16|
    |bits_157_fu_32905_p3                       |    select|   0|  0|    16|           1|          16|
    |bits_158_fu_32979_p3                       |    select|   0|  0|    16|           1|          16|
    |bits_159_fu_33053_p3                       |    select|   0|  0|    16|           1|          16|
    |bits_15_fu_43709_p3                        |    select|   0|  0|    16|           1|          16|
    |bits_160_fu_30759_p3                       |    select|   0|  0|    16|           1|          16|
    |bits_161_fu_30833_p3                       |    select|   0|  0|    16|           1|          16|
    |bits_162_fu_30907_p3                       |    select|   0|  0|    16|           1|          16|
    |bits_163_fu_30981_p3                       |    select|   0|  0|    16|           1|          16|
    |bits_164_fu_31055_p3                       |    select|   0|  0|    16|           1|          16|
    |bits_165_fu_31129_p3                       |    select|   0|  0|    16|           1|          16|
    |bits_166_fu_31203_p3                       |    select|   0|  0|    16|           1|          16|
    |bits_167_fu_31277_p3                       |    select|   0|  0|    16|           1|          16|
    |bits_168_fu_31351_p3                       |    select|   0|  0|    16|           1|          16|
    |bits_169_fu_31425_p3                       |    select|   0|  0|    16|           1|          16|
    |bits_16_fu_41415_p3                        |    select|   0|  0|    16|           1|          16|
    |bits_170_fu_31499_p3                       |    select|   0|  0|    16|           1|          16|
    |bits_171_fu_31573_p3                       |    select|   0|  0|    16|           1|          16|
    |bits_172_fu_31647_p3                       |    select|   0|  0|    16|           1|          16|
    |bits_173_fu_31721_p3                       |    select|   0|  0|    16|           1|          16|
    |bits_174_fu_31795_p3                       |    select|   0|  0|    16|           1|          16|
    |bits_175_fu_31869_p3                       |    select|   0|  0|    16|           1|          16|
    |bits_176_fu_29575_p3                       |    select|   0|  0|    16|           1|          16|
    |bits_177_fu_29649_p3                       |    select|   0|  0|    16|           1|          16|
    |bits_178_fu_29723_p3                       |    select|   0|  0|    16|           1|          16|
    |bits_179_fu_29797_p3                       |    select|   0|  0|    16|           1|          16|
    |bits_17_fu_41489_p3                        |    select|   0|  0|    16|           1|          16|
    |bits_180_fu_29871_p3                       |    select|   0|  0|    16|           1|          16|
    |bits_181_fu_29945_p3                       |    select|   0|  0|    16|           1|          16|
    |bits_182_fu_30019_p3                       |    select|   0|  0|    16|           1|          16|
    |bits_183_fu_30093_p3                       |    select|   0|  0|    16|           1|          16|
    |bits_184_fu_30167_p3                       |    select|   0|  0|    16|           1|          16|
    |bits_185_fu_30241_p3                       |    select|   0|  0|    16|           1|          16|
    |bits_186_fu_30315_p3                       |    select|   0|  0|    16|           1|          16|
    |bits_187_fu_30389_p3                       |    select|   0|  0|    16|           1|          16|
    |bits_188_fu_30463_p3                       |    select|   0|  0|    16|           1|          16|
    |bits_189_fu_30537_p3                       |    select|   0|  0|    16|           1|          16|
    |bits_18_fu_41563_p3                        |    select|   0|  0|    16|           1|          16|
    |bits_190_fu_30611_p3                       |    select|   0|  0|    16|           1|          16|
    |bits_191_fu_30685_p3                       |    select|   0|  0|    16|           1|          16|
    |bits_192_fu_28391_p3                       |    select|   0|  0|    16|           1|          16|
    |bits_193_fu_28465_p3                       |    select|   0|  0|    16|           1|          16|
    |bits_194_fu_28539_p3                       |    select|   0|  0|    16|           1|          16|
    |bits_195_fu_28613_p3                       |    select|   0|  0|    16|           1|          16|
    |bits_196_fu_28687_p3                       |    select|   0|  0|    16|           1|          16|
    |bits_197_fu_28761_p3                       |    select|   0|  0|    16|           1|          16|
    |bits_198_fu_28835_p3                       |    select|   0|  0|    16|           1|          16|
    |bits_199_fu_28909_p3                       |    select|   0|  0|    16|           1|          16|
    |bits_19_fu_41637_p3                        |    select|   0|  0|    16|           1|          16|
    |bits_1_fu_42673_p3                         |    select|   0|  0|    16|           1|          16|
    |bits_200_fu_28983_p3                       |    select|   0|  0|    16|           1|          16|
    |bits_201_fu_29057_p3                       |    select|   0|  0|    16|           1|          16|
    |bits_202_fu_29131_p3                       |    select|   0|  0|    16|           1|          16|
    |bits_203_fu_29205_p3                       |    select|   0|  0|    16|           1|          16|
    |bits_204_fu_29279_p3                       |    select|   0|  0|    16|           1|          16|
    |bits_205_fu_29353_p3                       |    select|   0|  0|    16|           1|          16|
    |bits_206_fu_29427_p3                       |    select|   0|  0|    16|           1|          16|
    |bits_207_fu_29501_p3                       |    select|   0|  0|    16|           1|          16|
    |bits_208_fu_27207_p3                       |    select|   0|  0|    16|           1|          16|
    |bits_209_fu_27281_p3                       |    select|   0|  0|    16|           1|          16|
    |bits_20_fu_41711_p3                        |    select|   0|  0|    16|           1|          16|
    |bits_210_fu_27355_p3                       |    select|   0|  0|    16|           1|          16|
    |bits_211_fu_27429_p3                       |    select|   0|  0|    16|           1|          16|
    |bits_212_fu_27503_p3                       |    select|   0|  0|    16|           1|          16|
    |bits_213_fu_27577_p3                       |    select|   0|  0|    16|           1|          16|
    |bits_214_fu_27651_p3                       |    select|   0|  0|    16|           1|          16|
    |bits_215_fu_27725_p3                       |    select|   0|  0|    16|           1|          16|
    |bits_216_fu_27799_p3                       |    select|   0|  0|    16|           1|          16|
    |bits_217_fu_27873_p3                       |    select|   0|  0|    16|           1|          16|
    |bits_218_fu_27947_p3                       |    select|   0|  0|    16|           1|          16|
    |bits_219_fu_28021_p3                       |    select|   0|  0|    16|           1|          16|
    |bits_21_fu_41785_p3                        |    select|   0|  0|    16|           1|          16|
    |bits_220_fu_28095_p3                       |    select|   0|  0|    16|           1|          16|
    |bits_221_fu_28169_p3                       |    select|   0|  0|    16|           1|          16|
    |bits_222_fu_28243_p3                       |    select|   0|  0|    16|           1|          16|
    |bits_223_fu_28317_p3                       |    select|   0|  0|    16|           1|          16|
    |bits_224_fu_25978_p3                       |    select|   0|  0|    16|           1|          16|
    |bits_225_fu_26055_p3                       |    select|   0|  0|    16|           1|          16|
    |bits_226_fu_26132_p3                       |    select|   0|  0|    16|           1|          16|
    |bits_227_fu_26209_p3                       |    select|   0|  0|    16|           1|          16|
    |bits_228_fu_26286_p3                       |    select|   0|  0|    16|           1|          16|
    |bits_229_fu_26363_p3                       |    select|   0|  0|    16|           1|          16|
    |bits_22_fu_41859_p3                        |    select|   0|  0|    16|           1|          16|
    |bits_230_fu_26440_p3                       |    select|   0|  0|    16|           1|          16|
    |bits_231_fu_26517_p3                       |    select|   0|  0|    16|           1|          16|
    |bits_232_fu_26594_p3                       |    select|   0|  0|    16|           1|          16|
    |bits_233_fu_26671_p3                       |    select|   0|  0|    16|           1|          16|
    |bits_234_fu_26748_p3                       |    select|   0|  0|    16|           1|          16|
    |bits_235_fu_26825_p3                       |    select|   0|  0|    16|           1|          16|
    |bits_236_fu_26902_p3                       |    select|   0|  0|    16|           1|          16|
    |bits_237_fu_26979_p3                       |    select|   0|  0|    16|           1|          16|
    |bits_238_fu_27056_p3                       |    select|   0|  0|    16|           1|          16|
    |bits_239_fu_27133_p3                       |    select|   0|  0|    16|           1|          16|
    |bits_23_fu_41933_p3                        |    select|   0|  0|    16|           1|          16|
    |bits_240_fu_24686_p3                       |    select|   0|  0|    16|           1|          16|
    |bits_241_fu_24767_p3                       |    select|   0|  0|    16|           1|          16|
    |bits_242_fu_24848_p3                       |    select|   0|  0|    16|           1|          16|
    |bits_243_fu_24929_p3                       |    select|   0|  0|    16|           1|          16|
    |bits_244_fu_25010_p3                       |    select|   0|  0|    16|           1|          16|
    |bits_245_fu_25091_p3                       |    select|   0|  0|    16|           1|          16|
    |bits_246_fu_25172_p3                       |    select|   0|  0|    16|           1|          16|
    |bits_247_fu_25253_p3                       |    select|   0|  0|    16|           1|          16|
    |bits_248_fu_25334_p3                       |    select|   0|  0|    16|           1|          16|
    |bits_249_fu_25415_p3                       |    select|   0|  0|    16|           1|          16|
    |bits_24_fu_42007_p3                        |    select|   0|  0|    16|           1|          16|
    |bits_250_fu_25496_p3                       |    select|   0|  0|    16|           1|          16|
    |bits_251_fu_25577_p3                       |    select|   0|  0|    16|           1|          16|
    |bits_252_fu_25658_p3                       |    select|   0|  0|    16|           1|          16|
    |bits_253_fu_25739_p3                       |    select|   0|  0|    16|           1|          16|
    |bits_254_fu_25820_p3                       |    select|   0|  0|    16|           1|          16|
    |bits_255_fu_25901_p3                       |    select|   0|  0|    16|           1|          16|
    |bits_25_fu_42081_p3                        |    select|   0|  0|    16|           1|          16|
    |bits_26_fu_42155_p3                        |    select|   0|  0|    16|           1|          16|
    |bits_27_fu_42229_p3                        |    select|   0|  0|    16|           1|          16|
    |bits_28_fu_42303_p3                        |    select|   0|  0|    16|           1|          16|
    |bits_29_fu_42377_p3                        |    select|   0|  0|    16|           1|          16|
    |bits_2_fu_42747_p3                         |    select|   0|  0|    16|           1|          16|
    |bits_30_fu_42451_p3                        |    select|   0|  0|    16|           1|          16|
    |bits_31_fu_42525_p3                        |    select|   0|  0|    16|           1|          16|
    |bits_32_fu_40231_p3                        |    select|   0|  0|    16|           1|          16|
    |bits_33_fu_40305_p3                        |    select|   0|  0|    16|           1|          16|
    |bits_34_fu_40379_p3                        |    select|   0|  0|    16|           1|          16|
    |bits_35_fu_40453_p3                        |    select|   0|  0|    16|           1|          16|
    |bits_36_fu_40527_p3                        |    select|   0|  0|    16|           1|          16|
    |bits_37_fu_40601_p3                        |    select|   0|  0|    16|           1|          16|
    |bits_38_fu_40675_p3                        |    select|   0|  0|    16|           1|          16|
    |bits_39_fu_40749_p3                        |    select|   0|  0|    16|           1|          16|
    |bits_3_fu_42821_p3                         |    select|   0|  0|    16|           1|          16|
    |bits_40_fu_40823_p3                        |    select|   0|  0|    16|           1|          16|
    |bits_41_fu_40897_p3                        |    select|   0|  0|    16|           1|          16|
    |bits_42_fu_40971_p3                        |    select|   0|  0|    16|           1|          16|
    |bits_43_fu_41045_p3                        |    select|   0|  0|    16|           1|          16|
    |bits_44_fu_41119_p3                        |    select|   0|  0|    16|           1|          16|
    |bits_45_fu_41193_p3                        |    select|   0|  0|    16|           1|          16|
    |bits_46_fu_41267_p3                        |    select|   0|  0|    16|           1|          16|
    |bits_47_fu_41341_p3                        |    select|   0|  0|    16|           1|          16|
    |bits_48_fu_39047_p3                        |    select|   0|  0|    16|           1|          16|
    |bits_49_fu_39121_p3                        |    select|   0|  0|    16|           1|          16|
    |bits_4_fu_42895_p3                         |    select|   0|  0|    16|           1|          16|
    |bits_50_fu_39195_p3                        |    select|   0|  0|    16|           1|          16|
    |bits_51_fu_39269_p3                        |    select|   0|  0|    16|           1|          16|
    |bits_52_fu_39343_p3                        |    select|   0|  0|    16|           1|          16|
    |bits_53_fu_39417_p3                        |    select|   0|  0|    16|           1|          16|
    |bits_54_fu_39491_p3                        |    select|   0|  0|    16|           1|          16|
    |bits_55_fu_39565_p3                        |    select|   0|  0|    16|           1|          16|
    |bits_56_fu_39639_p3                        |    select|   0|  0|    16|           1|          16|
    |bits_57_fu_39713_p3                        |    select|   0|  0|    16|           1|          16|
    |bits_58_fu_39787_p3                        |    select|   0|  0|    16|           1|          16|
    |bits_59_fu_39861_p3                        |    select|   0|  0|    16|           1|          16|
    |bits_5_fu_42969_p3                         |    select|   0|  0|    16|           1|          16|
    |bits_60_fu_39935_p3                        |    select|   0|  0|    16|           1|          16|
    |bits_61_fu_40009_p3                        |    select|   0|  0|    16|           1|          16|
    |bits_62_fu_40083_p3                        |    select|   0|  0|    16|           1|          16|
    |bits_63_fu_40157_p3                        |    select|   0|  0|    16|           1|          16|
    |bits_64_fu_37863_p3                        |    select|   0|  0|    16|           1|          16|
    |bits_65_fu_37937_p3                        |    select|   0|  0|    16|           1|          16|
    |bits_66_fu_38011_p3                        |    select|   0|  0|    16|           1|          16|
    |bits_67_fu_38085_p3                        |    select|   0|  0|    16|           1|          16|
    |bits_68_fu_38159_p3                        |    select|   0|  0|    16|           1|          16|
    |bits_69_fu_38233_p3                        |    select|   0|  0|    16|           1|          16|
    |bits_6_fu_43043_p3                         |    select|   0|  0|    16|           1|          16|
    |bits_70_fu_38307_p3                        |    select|   0|  0|    16|           1|          16|
    |bits_71_fu_38381_p3                        |    select|   0|  0|    16|           1|          16|
    |bits_72_fu_38455_p3                        |    select|   0|  0|    16|           1|          16|
    |bits_73_fu_38529_p3                        |    select|   0|  0|    16|           1|          16|
    |bits_74_fu_38603_p3                        |    select|   0|  0|    16|           1|          16|
    |bits_75_fu_38677_p3                        |    select|   0|  0|    16|           1|          16|
    |bits_76_fu_38751_p3                        |    select|   0|  0|    16|           1|          16|
    |bits_77_fu_38825_p3                        |    select|   0|  0|    16|           1|          16|
    |bits_78_fu_38899_p3                        |    select|   0|  0|    16|           1|          16|
    |bits_79_fu_38973_p3                        |    select|   0|  0|    16|           1|          16|
    |bits_7_fu_43117_p3                         |    select|   0|  0|    16|           1|          16|
    |bits_80_fu_36679_p3                        |    select|   0|  0|    16|           1|          16|
    |bits_81_fu_36753_p3                        |    select|   0|  0|    16|           1|          16|
    |bits_82_fu_36827_p3                        |    select|   0|  0|    16|           1|          16|
    |bits_83_fu_36901_p3                        |    select|   0|  0|    16|           1|          16|
    |bits_84_fu_36975_p3                        |    select|   0|  0|    16|           1|          16|
    |bits_85_fu_37049_p3                        |    select|   0|  0|    16|           1|          16|
    |bits_86_fu_37123_p3                        |    select|   0|  0|    16|           1|          16|
    |bits_87_fu_37197_p3                        |    select|   0|  0|    16|           1|          16|
    |bits_88_fu_37271_p3                        |    select|   0|  0|    16|           1|          16|
    |bits_89_fu_37345_p3                        |    select|   0|  0|    16|           1|          16|
    |bits_8_fu_43191_p3                         |    select|   0|  0|    16|           1|          16|
    |bits_90_fu_37419_p3                        |    select|   0|  0|    16|           1|          16|
    |bits_91_fu_37493_p3                        |    select|   0|  0|    16|           1|          16|
    |bits_92_fu_37567_p3                        |    select|   0|  0|    16|           1|          16|
    |bits_93_fu_37641_p3                        |    select|   0|  0|    16|           1|          16|
    |bits_94_fu_37715_p3                        |    select|   0|  0|    16|           1|          16|
    |bits_95_fu_37789_p3                        |    select|   0|  0|    16|           1|          16|
    |bits_96_fu_35495_p3                        |    select|   0|  0|    16|           1|          16|
    |bits_97_fu_35569_p3                        |    select|   0|  0|    16|           1|          16|
    |bits_98_fu_35643_p3                        |    select|   0|  0|    16|           1|          16|
    |bits_99_fu_35717_p3                        |    select|   0|  0|    16|           1|          16|
    |bits_9_fu_43265_p3                         |    select|   0|  0|    16|           1|          16|
    |bits_fu_42599_p3                           |    select|   0|  0|    16|           1|          16|
    |ciw_1_fu_2353_p3                           |    select|   0|  0|    32|           1|           1|
    |co_2_fu_2559_p3                            |    select|   0|  0|    32|           1|          32|
    |co_6_fu_2552_p3                            |    select|   0|  0|    32|           1|          32|
    |psum_128_fu_45749_p3                       |    select|   0|  0|    16|           1|          16|
    |psum_129_fu_45794_p3                       |    select|   0|  0|    16|           1|          16|
    |psum_130_fu_45839_p3                       |    select|   0|  0|    16|           1|          16|
    |psum_131_fu_45884_p3                       |    select|   0|  0|    16|           1|          16|
    |psum_132_fu_45929_p3                       |    select|   0|  0|    16|           1|          16|
    |psum_133_fu_45974_p3                       |    select|   0|  0|    16|           1|          16|
    |psum_134_fu_46019_p3                       |    select|   0|  0|    16|           1|          16|
    |psum_135_fu_46064_p3                       |    select|   0|  0|    16|           1|          16|
    |psum_136_fu_46109_p3                       |    select|   0|  0|    16|           1|          16|
    |psum_137_fu_46154_p3                       |    select|   0|  0|    16|           1|          16|
    |psum_138_fu_46199_p3                       |    select|   0|  0|    16|           1|          16|
    |psum_139_fu_46244_p3                       |    select|   0|  0|    16|           1|          16|
    |psum_140_fu_46289_p3                       |    select|   0|  0|    16|           1|          16|
    |psum_141_fu_46334_p3                       |    select|   0|  0|    16|           1|          16|
    |psum_142_fu_46379_p3                       |    select|   0|  0|    16|           1|          16|
    |psum_143_fu_46424_p3                       |    select|   0|  0|    16|           1|          16|
    |select_ln151_1_fu_2442_p3                  |    select|   0|  0|     2|           1|           2|
    |select_ln151_fu_2430_p3                    |    select|   0|  0|     2|           1|           2|
    |select_ln154_1_fu_2650_p3                  |    select|   0|  0|    31|           1|          31|
    |select_ln154_fu_2609_p3                    |    select|   0|  0|    30|           1|          30|
    |select_ln81_100_fu_17311_p3                |    select|   0|  0|     3|           1|           3|
    |select_ln81_101_fu_17358_p3                |    select|   0|  0|     3|           1|           3|
    |select_ln81_102_fu_17405_p3                |    select|   0|  0|     3|           1|           3|
    |select_ln81_103_fu_17452_p3                |    select|   0|  0|     3|           1|           3|
    |select_ln81_104_fu_17499_p3                |    select|   0|  0|     3|           1|           3|
    |select_ln81_105_fu_17546_p3                |    select|   0|  0|     3|           1|           3|
    |select_ln81_106_fu_17593_p3                |    select|   0|  0|     3|           1|           3|
    |select_ln81_107_fu_17640_p3                |    select|   0|  0|     3|           1|           3|
    |select_ln81_108_fu_17687_p3                |    select|   0|  0|     3|           1|           3|
    |select_ln81_109_fu_17734_p3                |    select|   0|  0|     3|           1|           3|
    |select_ln81_10_fu_25434_p3                 |    select|   0|  0|     2|           1|           2|
    |select_ln81_110_fu_17781_p3                |    select|   0|  0|     3|           1|           3|
    |select_ln81_111_fu_17828_p3                |    select|   0|  0|     3|           1|           3|
    |select_ln81_112_fu_17875_p3                |    select|   0|  0|     3|           1|           3|
    |select_ln81_113_fu_17922_p3                |    select|   0|  0|     3|           1|           3|
    |select_ln81_114_fu_17969_p3                |    select|   0|  0|     3|           1|           3|
    |select_ln81_115_fu_18016_p3                |    select|   0|  0|     3|           1|           3|
    |select_ln81_116_fu_18063_p3                |    select|   0|  0|     3|           1|           3|
    |select_ln81_117_fu_18110_p3                |    select|   0|  0|     3|           1|           3|
    |select_ln81_118_fu_18157_p3                |    select|   0|  0|     3|           1|           3|
    |select_ln81_119_fu_18204_p3                |    select|   0|  0|     3|           1|           3|
    |select_ln81_11_fu_25515_p3                 |    select|   0|  0|     2|           1|           2|
    |select_ln81_120_fu_18251_p3                |    select|   0|  0|     3|           1|           3|
    |select_ln81_121_fu_18298_p3                |    select|   0|  0|     3|           1|           3|
    |select_ln81_122_fu_18345_p3                |    select|   0|  0|     3|           1|           3|
    |select_ln81_123_fu_18392_p3                |    select|   0|  0|     3|           1|           3|
    |select_ln81_124_fu_18439_p3                |    select|   0|  0|     3|           1|           3|
    |select_ln81_125_fu_18486_p3                |    select|   0|  0|     3|           1|           3|
    |select_ln81_126_fu_18533_p3                |    select|   0|  0|     3|           1|           3|
    |select_ln81_127_fu_18580_p3                |    select|   0|  0|     3|           1|           3|
    |select_ln81_128_fu_18627_p3                |    select|   0|  0|     3|           1|           3|
    |select_ln81_129_fu_18674_p3                |    select|   0|  0|     3|           1|           3|
    |select_ln81_12_fu_25596_p3                 |    select|   0|  0|     2|           1|           2|
    |select_ln81_130_fu_18721_p3                |    select|   0|  0|     3|           1|           3|
    |select_ln81_131_fu_18768_p3                |    select|   0|  0|     3|           1|           3|
    |select_ln81_132_fu_18815_p3                |    select|   0|  0|     3|           1|           3|
    |select_ln81_133_fu_18862_p3                |    select|   0|  0|     3|           1|           3|
    |select_ln81_134_fu_18909_p3                |    select|   0|  0|     3|           1|           3|
    |select_ln81_135_fu_18956_p3                |    select|   0|  0|     3|           1|           3|
    |select_ln81_136_fu_19003_p3                |    select|   0|  0|     3|           1|           3|
    |select_ln81_137_fu_19050_p3                |    select|   0|  0|     3|           1|           3|
    |select_ln81_138_fu_19097_p3                |    select|   0|  0|     3|           1|           3|
    |select_ln81_139_fu_19144_p3                |    select|   0|  0|     3|           1|           3|
    |select_ln81_13_fu_25677_p3                 |    select|   0|  0|     2|           1|           2|
    |select_ln81_140_fu_19191_p3                |    select|   0|  0|     3|           1|           3|
    |select_ln81_141_fu_19238_p3                |    select|   0|  0|     3|           1|           3|
    |select_ln81_142_fu_19285_p3                |    select|   0|  0|     3|           1|           3|
    |select_ln81_143_fu_19332_p3                |    select|   0|  0|     3|           1|           3|
    |select_ln81_144_fu_19379_p3                |    select|   0|  0|     3|           1|           3|
    |select_ln81_145_fu_19426_p3                |    select|   0|  0|     3|           1|           3|
    |select_ln81_146_fu_19473_p3                |    select|   0|  0|     3|           1|           3|
    |select_ln81_147_fu_19520_p3                |    select|   0|  0|     3|           1|           3|
    |select_ln81_148_fu_19567_p3                |    select|   0|  0|     3|           1|           3|
    |select_ln81_149_fu_19614_p3                |    select|   0|  0|     3|           1|           3|
    |select_ln81_14_fu_25758_p3                 |    select|   0|  0|     2|           1|           2|
    |select_ln81_150_fu_19661_p3                |    select|   0|  0|     3|           1|           3|
    |select_ln81_151_fu_19708_p3                |    select|   0|  0|     3|           1|           3|
    |select_ln81_152_fu_19755_p3                |    select|   0|  0|     3|           1|           3|
    |select_ln81_153_fu_19802_p3                |    select|   0|  0|     3|           1|           3|
    |select_ln81_154_fu_19849_p3                |    select|   0|  0|     3|           1|           3|
    |select_ln81_155_fu_19896_p3                |    select|   0|  0|     3|           1|           3|
    |select_ln81_156_fu_19943_p3                |    select|   0|  0|     3|           1|           3|
    |select_ln81_157_fu_19990_p3                |    select|   0|  0|     3|           1|           3|
    |select_ln81_158_fu_20037_p3                |    select|   0|  0|     3|           1|           3|
    |select_ln81_159_fu_20084_p3                |    select|   0|  0|     3|           1|           3|
    |select_ln81_15_fu_25839_p3                 |    select|   0|  0|     2|           1|           2|
    |select_ln81_160_fu_20131_p3                |    select|   0|  0|     3|           1|           3|
    |select_ln81_161_fu_20178_p3                |    select|   0|  0|     3|           1|           3|
    |select_ln81_162_fu_20225_p3                |    select|   0|  0|     3|           1|           3|
    |select_ln81_163_fu_20272_p3                |    select|   0|  0|     3|           1|           3|
    |select_ln81_164_fu_20319_p3                |    select|   0|  0|     3|           1|           3|
    |select_ln81_165_fu_20366_p3                |    select|   0|  0|     3|           1|           3|
    |select_ln81_166_fu_20413_p3                |    select|   0|  0|     3|           1|           3|
    |select_ln81_167_fu_20460_p3                |    select|   0|  0|     3|           1|           3|
    |select_ln81_168_fu_20507_p3                |    select|   0|  0|     3|           1|           3|
    |select_ln81_169_fu_20554_p3                |    select|   0|  0|     3|           1|           3|
    |select_ln81_16_fu_13267_p3                 |    select|   0|  0|     3|           1|           3|
    |select_ln81_170_fu_20601_p3                |    select|   0|  0|     3|           1|           3|
    |select_ln81_171_fu_20648_p3                |    select|   0|  0|     3|           1|           3|
    |select_ln81_172_fu_20695_p3                |    select|   0|  0|     3|           1|           3|
    |select_ln81_173_fu_20742_p3                |    select|   0|  0|     3|           1|           3|
    |select_ln81_174_fu_20789_p3                |    select|   0|  0|     3|           1|           3|
    |select_ln81_175_fu_20836_p3                |    select|   0|  0|     3|           1|           3|
    |select_ln81_176_fu_20883_p3                |    select|   0|  0|     3|           1|           3|
    |select_ln81_177_fu_20930_p3                |    select|   0|  0|     3|           1|           3|
    |select_ln81_178_fu_20977_p3                |    select|   0|  0|     3|           1|           3|
    |select_ln81_179_fu_21024_p3                |    select|   0|  0|     3|           1|           3|
    |select_ln81_17_fu_13320_p3                 |    select|   0|  0|     3|           1|           3|
    |select_ln81_180_fu_21071_p3                |    select|   0|  0|     3|           1|           3|
    |select_ln81_181_fu_21118_p3                |    select|   0|  0|     3|           1|           3|
    |select_ln81_182_fu_21165_p3                |    select|   0|  0|     3|           1|           3|
    |select_ln81_183_fu_21212_p3                |    select|   0|  0|     3|           1|           3|
    |select_ln81_184_fu_21259_p3                |    select|   0|  0|     3|           1|           3|
    |select_ln81_185_fu_21306_p3                |    select|   0|  0|     3|           1|           3|
    |select_ln81_186_fu_21353_p3                |    select|   0|  0|     3|           1|           3|
    |select_ln81_187_fu_21400_p3                |    select|   0|  0|     3|           1|           3|
    |select_ln81_188_fu_21447_p3                |    select|   0|  0|     3|           1|           3|
    |select_ln81_189_fu_21494_p3                |    select|   0|  0|     3|           1|           3|
    |select_ln81_18_fu_13373_p3                 |    select|   0|  0|     3|           1|           3|
    |select_ln81_190_fu_21541_p3                |    select|   0|  0|     3|           1|           3|
    |select_ln81_191_fu_21588_p3                |    select|   0|  0|     3|           1|           3|
    |select_ln81_192_fu_21635_p3                |    select|   0|  0|     3|           1|           3|
    |select_ln81_193_fu_21682_p3                |    select|   0|  0|     3|           1|           3|
    |select_ln81_194_fu_21729_p3                |    select|   0|  0|     3|           1|           3|
    |select_ln81_195_fu_21776_p3                |    select|   0|  0|     3|           1|           3|
    |select_ln81_196_fu_21823_p3                |    select|   0|  0|     3|           1|           3|
    |select_ln81_197_fu_21870_p3                |    select|   0|  0|     3|           1|           3|
    |select_ln81_198_fu_21917_p3                |    select|   0|  0|     3|           1|           3|
    |select_ln81_199_fu_21964_p3                |    select|   0|  0|     3|           1|           3|
    |select_ln81_19_fu_13426_p3                 |    select|   0|  0|     3|           1|           3|
    |select_ln81_1_fu_24705_p3                  |    select|   0|  0|     2|           1|           2|
    |select_ln81_200_fu_22011_p3                |    select|   0|  0|     3|           1|           3|
    |select_ln81_201_fu_22058_p3                |    select|   0|  0|     3|           1|           3|
    |select_ln81_202_fu_22105_p3                |    select|   0|  0|     3|           1|           3|
    |select_ln81_203_fu_22152_p3                |    select|   0|  0|     3|           1|           3|
    |select_ln81_204_fu_22199_p3                |    select|   0|  0|     3|           1|           3|
    |select_ln81_205_fu_22246_p3                |    select|   0|  0|     3|           1|           3|
    |select_ln81_206_fu_22293_p3                |    select|   0|  0|     3|           1|           3|
    |select_ln81_207_fu_22340_p3                |    select|   0|  0|     3|           1|           3|
    |select_ln81_208_fu_22387_p3                |    select|   0|  0|     3|           1|           3|
    |select_ln81_209_fu_22434_p3                |    select|   0|  0|     3|           1|           3|
    |select_ln81_20_fu_13479_p3                 |    select|   0|  0|     3|           1|           3|
    |select_ln81_210_fu_22481_p3                |    select|   0|  0|     3|           1|           3|
    |select_ln81_211_fu_22528_p3                |    select|   0|  0|     3|           1|           3|
    |select_ln81_212_fu_22575_p3                |    select|   0|  0|     3|           1|           3|
    |select_ln81_213_fu_22622_p3                |    select|   0|  0|     3|           1|           3|
    |select_ln81_214_fu_22669_p3                |    select|   0|  0|     3|           1|           3|
    |select_ln81_215_fu_22716_p3                |    select|   0|  0|     3|           1|           3|
    |select_ln81_216_fu_22763_p3                |    select|   0|  0|     3|           1|           3|
    |select_ln81_217_fu_22810_p3                |    select|   0|  0|     3|           1|           3|
    |select_ln81_218_fu_22857_p3                |    select|   0|  0|     3|           1|           3|
    |select_ln81_219_fu_22904_p3                |    select|   0|  0|     3|           1|           3|
    |select_ln81_21_fu_13532_p3                 |    select|   0|  0|     3|           1|           3|
    |select_ln81_220_fu_22951_p3                |    select|   0|  0|     3|           1|           3|
    |select_ln81_221_fu_22998_p3                |    select|   0|  0|     3|           1|           3|
    |select_ln81_222_fu_23045_p3                |    select|   0|  0|     3|           1|           3|
    |select_ln81_223_fu_23092_p3                |    select|   0|  0|     3|           1|           3|
    |select_ln81_224_fu_23139_p3                |    select|   0|  0|     3|           1|           3|
    |select_ln81_225_fu_23186_p3                |    select|   0|  0|     3|           1|           3|
    |select_ln81_226_fu_23233_p3                |    select|   0|  0|     3|           1|           3|
    |select_ln81_227_fu_23280_p3                |    select|   0|  0|     3|           1|           3|
    |select_ln81_228_fu_23327_p3                |    select|   0|  0|     3|           1|           3|
    |select_ln81_229_fu_23374_p3                |    select|   0|  0|     3|           1|           3|
    |select_ln81_22_fu_13585_p3                 |    select|   0|  0|     3|           1|           3|
    |select_ln81_230_fu_23421_p3                |    select|   0|  0|     3|           1|           3|
    |select_ln81_231_fu_23468_p3                |    select|   0|  0|     3|           1|           3|
    |select_ln81_232_fu_23515_p3                |    select|   0|  0|     3|           1|           3|
    |select_ln81_233_fu_23562_p3                |    select|   0|  0|     3|           1|           3|
    |select_ln81_234_fu_23609_p3                |    select|   0|  0|     3|           1|           3|
    |select_ln81_235_fu_23656_p3                |    select|   0|  0|     3|           1|           3|
    |select_ln81_236_fu_23703_p3                |    select|   0|  0|     3|           1|           3|
    |select_ln81_237_fu_23750_p3                |    select|   0|  0|     3|           1|           3|
    |select_ln81_238_fu_23797_p3                |    select|   0|  0|     3|           1|           3|
    |select_ln81_239_fu_23844_p3                |    select|   0|  0|     3|           1|           3|
    |select_ln81_23_fu_13638_p3                 |    select|   0|  0|     3|           1|           3|
    |select_ln81_240_fu_23891_p3                |    select|   0|  0|     3|           1|           3|
    |select_ln81_241_fu_23938_p3                |    select|   0|  0|     3|           1|           3|
    |select_ln81_242_fu_23985_p3                |    select|   0|  0|     3|           1|           3|
    |select_ln81_243_fu_24032_p3                |    select|   0|  0|     3|           1|           3|
    |select_ln81_244_fu_24079_p3                |    select|   0|  0|     3|           1|           3|
    |select_ln81_245_fu_24126_p3                |    select|   0|  0|     3|           1|           3|
    |select_ln81_246_fu_24173_p3                |    select|   0|  0|     3|           1|           3|
    |select_ln81_247_fu_24220_p3                |    select|   0|  0|     3|           1|           3|
    |select_ln81_248_fu_24267_p3                |    select|   0|  0|     3|           1|           3|
    |select_ln81_249_fu_24314_p3                |    select|   0|  0|     3|           1|           3|
    |select_ln81_24_fu_13691_p3                 |    select|   0|  0|     3|           1|           3|
    |select_ln81_250_fu_24361_p3                |    select|   0|  0|     3|           1|           3|
    |select_ln81_251_fu_24408_p3                |    select|   0|  0|     3|           1|           3|
    |select_ln81_252_fu_24455_p3                |    select|   0|  0|     3|           1|           3|
    |select_ln81_253_fu_24502_p3                |    select|   0|  0|     3|           1|           3|
    |select_ln81_254_fu_24549_p3                |    select|   0|  0|     3|           1|           3|
    |select_ln81_255_fu_24596_p3                |    select|   0|  0|     3|           1|           3|
    |select_ln81_25_fu_13744_p3                 |    select|   0|  0|     3|           1|           3|
    |select_ln81_26_fu_13797_p3                 |    select|   0|  0|     3|           1|           3|
    |select_ln81_27_fu_13850_p3                 |    select|   0|  0|     3|           1|           3|
    |select_ln81_28_fu_13903_p3                 |    select|   0|  0|     3|           1|           3|
    |select_ln81_29_fu_13956_p3                 |    select|   0|  0|     3|           1|           3|
    |select_ln81_2_fu_24786_p3                  |    select|   0|  0|     2|           1|           2|
    |select_ln81_30_fu_14009_p3                 |    select|   0|  0|     3|           1|           3|
    |select_ln81_31_fu_14062_p3                 |    select|   0|  0|     3|           1|           3|
    |select_ln81_32_fu_14115_p3                 |    select|   0|  0|     3|           1|           3|
    |select_ln81_33_fu_14162_p3                 |    select|   0|  0|     3|           1|           3|
    |select_ln81_34_fu_14209_p3                 |    select|   0|  0|     3|           1|           3|
    |select_ln81_35_fu_14256_p3                 |    select|   0|  0|     3|           1|           3|
    |select_ln81_36_fu_14303_p3                 |    select|   0|  0|     3|           1|           3|
    |select_ln81_37_fu_14350_p3                 |    select|   0|  0|     3|           1|           3|
    |select_ln81_38_fu_14397_p3                 |    select|   0|  0|     3|           1|           3|
    |select_ln81_39_fu_14444_p3                 |    select|   0|  0|     3|           1|           3|
    |select_ln81_3_fu_24867_p3                  |    select|   0|  0|     2|           1|           2|
    |select_ln81_40_fu_14491_p3                 |    select|   0|  0|     3|           1|           3|
    |select_ln81_41_fu_14538_p3                 |    select|   0|  0|     3|           1|           3|
    |select_ln81_42_fu_14585_p3                 |    select|   0|  0|     3|           1|           3|
    |select_ln81_43_fu_14632_p3                 |    select|   0|  0|     3|           1|           3|
    |select_ln81_44_fu_14679_p3                 |    select|   0|  0|     3|           1|           3|
    |select_ln81_45_fu_14726_p3                 |    select|   0|  0|     3|           1|           3|
    |select_ln81_46_fu_14773_p3                 |    select|   0|  0|     3|           1|           3|
    |select_ln81_47_fu_14820_p3                 |    select|   0|  0|     3|           1|           3|
    |select_ln81_48_fu_14867_p3                 |    select|   0|  0|     3|           1|           3|
    |select_ln81_49_fu_14914_p3                 |    select|   0|  0|     3|           1|           3|
    |select_ln81_4_fu_24948_p3                  |    select|   0|  0|     2|           1|           2|
    |select_ln81_50_fu_14961_p3                 |    select|   0|  0|     3|           1|           3|
    |select_ln81_51_fu_15008_p3                 |    select|   0|  0|     3|           1|           3|
    |select_ln81_52_fu_15055_p3                 |    select|   0|  0|     3|           1|           3|
    |select_ln81_53_fu_15102_p3                 |    select|   0|  0|     3|           1|           3|
    |select_ln81_54_fu_15149_p3                 |    select|   0|  0|     3|           1|           3|
    |select_ln81_55_fu_15196_p3                 |    select|   0|  0|     3|           1|           3|
    |select_ln81_56_fu_15243_p3                 |    select|   0|  0|     3|           1|           3|
    |select_ln81_57_fu_15290_p3                 |    select|   0|  0|     3|           1|           3|
    |select_ln81_58_fu_15337_p3                 |    select|   0|  0|     3|           1|           3|
    |select_ln81_59_fu_15384_p3                 |    select|   0|  0|     3|           1|           3|
    |select_ln81_5_fu_25029_p3                  |    select|   0|  0|     2|           1|           2|
    |select_ln81_60_fu_15431_p3                 |    select|   0|  0|     3|           1|           3|
    |select_ln81_61_fu_15478_p3                 |    select|   0|  0|     3|           1|           3|
    |select_ln81_62_fu_15525_p3                 |    select|   0|  0|     3|           1|           3|
    |select_ln81_63_fu_15572_p3                 |    select|   0|  0|     3|           1|           3|
    |select_ln81_64_fu_15619_p3                 |    select|   0|  0|     3|           1|           3|
    |select_ln81_65_fu_15666_p3                 |    select|   0|  0|     3|           1|           3|
    |select_ln81_66_fu_15713_p3                 |    select|   0|  0|     3|           1|           3|
    |select_ln81_67_fu_15760_p3                 |    select|   0|  0|     3|           1|           3|
    |select_ln81_68_fu_15807_p3                 |    select|   0|  0|     3|           1|           3|
    |select_ln81_69_fu_15854_p3                 |    select|   0|  0|     3|           1|           3|
    |select_ln81_6_fu_25110_p3                  |    select|   0|  0|     2|           1|           2|
    |select_ln81_70_fu_15901_p3                 |    select|   0|  0|     3|           1|           3|
    |select_ln81_71_fu_15948_p3                 |    select|   0|  0|     3|           1|           3|
    |select_ln81_72_fu_15995_p3                 |    select|   0|  0|     3|           1|           3|
    |select_ln81_73_fu_16042_p3                 |    select|   0|  0|     3|           1|           3|
    |select_ln81_74_fu_16089_p3                 |    select|   0|  0|     3|           1|           3|
    |select_ln81_75_fu_16136_p3                 |    select|   0|  0|     3|           1|           3|
    |select_ln81_76_fu_16183_p3                 |    select|   0|  0|     3|           1|           3|
    |select_ln81_77_fu_16230_p3                 |    select|   0|  0|     3|           1|           3|
    |select_ln81_78_fu_16277_p3                 |    select|   0|  0|     3|           1|           3|
    |select_ln81_79_fu_16324_p3                 |    select|   0|  0|     3|           1|           3|
    |select_ln81_7_fu_25191_p3                  |    select|   0|  0|     2|           1|           2|
    |select_ln81_80_fu_16371_p3                 |    select|   0|  0|     3|           1|           3|
    |select_ln81_81_fu_16418_p3                 |    select|   0|  0|     3|           1|           3|
    |select_ln81_82_fu_16465_p3                 |    select|   0|  0|     3|           1|           3|
    |select_ln81_83_fu_16512_p3                 |    select|   0|  0|     3|           1|           3|
    |select_ln81_84_fu_16559_p3                 |    select|   0|  0|     3|           1|           3|
    |select_ln81_85_fu_16606_p3                 |    select|   0|  0|     3|           1|           3|
    |select_ln81_86_fu_16653_p3                 |    select|   0|  0|     3|           1|           3|
    |select_ln81_87_fu_16700_p3                 |    select|   0|  0|     3|           1|           3|
    |select_ln81_88_fu_16747_p3                 |    select|   0|  0|     3|           1|           3|
    |select_ln81_89_fu_16794_p3                 |    select|   0|  0|     3|           1|           3|
    |select_ln81_8_fu_25272_p3                  |    select|   0|  0|     2|           1|           2|
    |select_ln81_90_fu_16841_p3                 |    select|   0|  0|     3|           1|           3|
    |select_ln81_91_fu_16888_p3                 |    select|   0|  0|     3|           1|           3|
    |select_ln81_92_fu_16935_p3                 |    select|   0|  0|     3|           1|           3|
    |select_ln81_93_fu_16982_p3                 |    select|   0|  0|     3|           1|           3|
    |select_ln81_94_fu_17029_p3                 |    select|   0|  0|     3|           1|           3|
    |select_ln81_95_fu_17076_p3                 |    select|   0|  0|     3|           1|           3|
    |select_ln81_96_fu_17123_p3                 |    select|   0|  0|     3|           1|           3|
    |select_ln81_97_fu_17170_p3                 |    select|   0|  0|     3|           1|           3|
    |select_ln81_98_fu_17217_p3                 |    select|   0|  0|     3|           1|           3|
    |select_ln81_99_fu_17264_p3                 |    select|   0|  0|     3|           1|           3|
    |select_ln81_9_fu_25353_p3                  |    select|   0|  0|     2|           1|           2|
    |select_ln81_fu_24624_p3                    |    select|   0|  0|     2|           1|           2|
    |select_ln86_100_fu_32209_p3                |    select|   0|  0|     8|           1|           8|
    |select_ln86_101_fu_32283_p3                |    select|   0|  0|     8|           1|           8|
    |select_ln86_102_fu_32357_p3                |    select|   0|  0|     8|           1|           8|
    |select_ln86_103_fu_32431_p3                |    select|   0|  0|     8|           1|           8|
    |select_ln86_104_fu_32505_p3                |    select|   0|  0|     8|           1|           8|
    |select_ln86_105_fu_32579_p3                |    select|   0|  0|     8|           1|           8|
    |select_ln86_106_fu_32653_p3                |    select|   0|  0|     8|           1|           8|
    |select_ln86_107_fu_32727_p3                |    select|   0|  0|     8|           1|           8|
    |select_ln86_108_fu_32801_p3                |    select|   0|  0|     8|           1|           8|
    |select_ln86_109_fu_32875_p3                |    select|   0|  0|     8|           1|           8|
    |select_ln86_10_fu_25466_p3                 |    select|   0|  0|     8|           1|           8|
    |select_ln86_110_fu_32949_p3                |    select|   0|  0|     8|           1|           8|
    |select_ln86_111_fu_33023_p3                |    select|   0|  0|     8|           1|           8|
    |select_ln86_112_fu_33097_p3                |    select|   0|  0|     8|           1|           8|
    |select_ln86_113_fu_33171_p3                |    select|   0|  0|     8|           1|           8|
    |select_ln86_114_fu_33245_p3                |    select|   0|  0|     8|           1|           8|
    |select_ln86_115_fu_33319_p3                |    select|   0|  0|     8|           1|           8|
    |select_ln86_116_fu_33393_p3                |    select|   0|  0|     8|           1|           8|
    |select_ln86_117_fu_33467_p3                |    select|   0|  0|     8|           1|           8|
    |select_ln86_118_fu_33541_p3                |    select|   0|  0|     8|           1|           8|
    |select_ln86_119_fu_33615_p3                |    select|   0|  0|     8|           1|           8|
    |select_ln86_11_fu_25547_p3                 |    select|   0|  0|     8|           1|           8|
    |select_ln86_120_fu_33689_p3                |    select|   0|  0|     8|           1|           8|
    |select_ln86_121_fu_33763_p3                |    select|   0|  0|     8|           1|           8|
    |select_ln86_122_fu_33837_p3                |    select|   0|  0|     8|           1|           8|
    |select_ln86_123_fu_33911_p3                |    select|   0|  0|     8|           1|           8|
    |select_ln86_124_fu_33985_p3                |    select|   0|  0|     8|           1|           8|
    |select_ln86_125_fu_34059_p3                |    select|   0|  0|     8|           1|           8|
    |select_ln86_126_fu_34133_p3                |    select|   0|  0|     8|           1|           8|
    |select_ln86_127_fu_34207_p3                |    select|   0|  0|     8|           1|           8|
    |select_ln86_128_fu_34281_p3                |    select|   0|  0|     8|           1|           8|
    |select_ln86_129_fu_34355_p3                |    select|   0|  0|     8|           1|           8|
    |select_ln86_12_fu_25628_p3                 |    select|   0|  0|     8|           1|           8|
    |select_ln86_130_fu_34429_p3                |    select|   0|  0|     8|           1|           8|
    |select_ln86_131_fu_34503_p3                |    select|   0|  0|     8|           1|           8|
    |select_ln86_132_fu_34577_p3                |    select|   0|  0|     8|           1|           8|
    |select_ln86_133_fu_34651_p3                |    select|   0|  0|     8|           1|           8|
    |select_ln86_134_fu_34725_p3                |    select|   0|  0|     8|           1|           8|
    |select_ln86_135_fu_34799_p3                |    select|   0|  0|     8|           1|           8|
    |select_ln86_136_fu_34873_p3                |    select|   0|  0|     8|           1|           8|
    |select_ln86_137_fu_34947_p3                |    select|   0|  0|     8|           1|           8|
    |select_ln86_138_fu_35021_p3                |    select|   0|  0|     8|           1|           8|
    |select_ln86_139_fu_35095_p3                |    select|   0|  0|     8|           1|           8|
    |select_ln86_13_fu_25709_p3                 |    select|   0|  0|     8|           1|           8|
    |select_ln86_140_fu_35169_p3                |    select|   0|  0|     8|           1|           8|
    |select_ln86_141_fu_35243_p3                |    select|   0|  0|     8|           1|           8|
    |select_ln86_142_fu_35317_p3                |    select|   0|  0|     8|           1|           8|
    |select_ln86_143_fu_35391_p3                |    select|   0|  0|     8|           1|           8|
    |select_ln86_144_fu_35465_p3                |    select|   0|  0|     8|           1|           8|
    |select_ln86_145_fu_35539_p3                |    select|   0|  0|     8|           1|           8|
    |select_ln86_146_fu_35613_p3                |    select|   0|  0|     8|           1|           8|
    |select_ln86_147_fu_35687_p3                |    select|   0|  0|     8|           1|           8|
    |select_ln86_148_fu_35761_p3                |    select|   0|  0|     8|           1|           8|
    |select_ln86_149_fu_35835_p3                |    select|   0|  0|     8|           1|           8|
    |select_ln86_14_fu_25790_p3                 |    select|   0|  0|     8|           1|           8|
    |select_ln86_150_fu_35909_p3                |    select|   0|  0|     8|           1|           8|
    |select_ln86_151_fu_35983_p3                |    select|   0|  0|     8|           1|           8|
    |select_ln86_152_fu_36057_p3                |    select|   0|  0|     8|           1|           8|
    |select_ln86_153_fu_36131_p3                |    select|   0|  0|     8|           1|           8|
    |select_ln86_154_fu_36205_p3                |    select|   0|  0|     8|           1|           8|
    |select_ln86_155_fu_36279_p3                |    select|   0|  0|     8|           1|           8|
    |select_ln86_156_fu_36353_p3                |    select|   0|  0|     8|           1|           8|
    |select_ln86_157_fu_36427_p3                |    select|   0|  0|     8|           1|           8|
    |select_ln86_158_fu_36501_p3                |    select|   0|  0|     8|           1|           8|
    |select_ln86_159_fu_36575_p3                |    select|   0|  0|     8|           1|           8|
    |select_ln86_15_fu_25871_p3                 |    select|   0|  0|     8|           1|           8|
    |select_ln86_160_fu_36649_p3                |    select|   0|  0|     8|           1|           8|
    |select_ln86_161_fu_36723_p3                |    select|   0|  0|     8|           1|           8|
    |select_ln86_162_fu_36797_p3                |    select|   0|  0|     8|           1|           8|
    |select_ln86_163_fu_36871_p3                |    select|   0|  0|     8|           1|           8|
    |select_ln86_164_fu_36945_p3                |    select|   0|  0|     8|           1|           8|
    |select_ln86_165_fu_37019_p3                |    select|   0|  0|     8|           1|           8|
    |select_ln86_166_fu_37093_p3                |    select|   0|  0|     8|           1|           8|
    |select_ln86_167_fu_37167_p3                |    select|   0|  0|     8|           1|           8|
    |select_ln86_168_fu_37241_p3                |    select|   0|  0|     8|           1|           8|
    |select_ln86_169_fu_37315_p3                |    select|   0|  0|     8|           1|           8|
    |select_ln86_16_fu_25948_p3                 |    select|   0|  0|     8|           1|           8|
    |select_ln86_170_fu_37389_p3                |    select|   0|  0|     8|           1|           8|
    |select_ln86_171_fu_37463_p3                |    select|   0|  0|     8|           1|           8|
    |select_ln86_172_fu_37537_p3                |    select|   0|  0|     8|           1|           8|
    |select_ln86_173_fu_37611_p3                |    select|   0|  0|     8|           1|           8|
    |select_ln86_174_fu_37685_p3                |    select|   0|  0|     8|           1|           8|
    |select_ln86_175_fu_37759_p3                |    select|   0|  0|     8|           1|           8|
    |select_ln86_176_fu_37833_p3                |    select|   0|  0|     8|           1|           8|
    |select_ln86_177_fu_37907_p3                |    select|   0|  0|     8|           1|           8|
    |select_ln86_178_fu_37981_p3                |    select|   0|  0|     8|           1|           8|
    |select_ln86_179_fu_38055_p3                |    select|   0|  0|     8|           1|           8|
    |select_ln86_17_fu_26025_p3                 |    select|   0|  0|     8|           1|           8|
    |select_ln86_180_fu_38129_p3                |    select|   0|  0|     8|           1|           8|
    |select_ln86_181_fu_38203_p3                |    select|   0|  0|     8|           1|           8|
    |select_ln86_182_fu_38277_p3                |    select|   0|  0|     8|           1|           8|
    |select_ln86_183_fu_38351_p3                |    select|   0|  0|     8|           1|           8|
    |select_ln86_184_fu_38425_p3                |    select|   0|  0|     8|           1|           8|
    |select_ln86_185_fu_38499_p3                |    select|   0|  0|     8|           1|           8|
    |select_ln86_186_fu_38573_p3                |    select|   0|  0|     8|           1|           8|
    |select_ln86_187_fu_38647_p3                |    select|   0|  0|     8|           1|           8|
    |select_ln86_188_fu_38721_p3                |    select|   0|  0|     8|           1|           8|
    |select_ln86_189_fu_38795_p3                |    select|   0|  0|     8|           1|           8|
    |select_ln86_18_fu_26102_p3                 |    select|   0|  0|     8|           1|           8|
    |select_ln86_190_fu_38869_p3                |    select|   0|  0|     8|           1|           8|
    |select_ln86_191_fu_38943_p3                |    select|   0|  0|     8|           1|           8|
    |select_ln86_192_fu_39017_p3                |    select|   0|  0|     8|           1|           8|
    |select_ln86_193_fu_39091_p3                |    select|   0|  0|     8|           1|           8|
    |select_ln86_194_fu_39165_p3                |    select|   0|  0|     8|           1|           8|
    |select_ln86_195_fu_39239_p3                |    select|   0|  0|     8|           1|           8|
    |select_ln86_196_fu_39313_p3                |    select|   0|  0|     8|           1|           8|
    |select_ln86_197_fu_39387_p3                |    select|   0|  0|     8|           1|           8|
    |select_ln86_198_fu_39461_p3                |    select|   0|  0|     8|           1|           8|
    |select_ln86_199_fu_39535_p3                |    select|   0|  0|     8|           1|           8|
    |select_ln86_19_fu_26179_p3                 |    select|   0|  0|     8|           1|           8|
    |select_ln86_1_fu_24737_p3                  |    select|   0|  0|     8|           1|           8|
    |select_ln86_200_fu_39609_p3                |    select|   0|  0|     8|           1|           8|
    |select_ln86_201_fu_39683_p3                |    select|   0|  0|     8|           1|           8|
    |select_ln86_202_fu_39757_p3                |    select|   0|  0|     8|           1|           8|
    |select_ln86_203_fu_39831_p3                |    select|   0|  0|     8|           1|           8|
    |select_ln86_204_fu_39905_p3                |    select|   0|  0|     8|           1|           8|
    |select_ln86_205_fu_39979_p3                |    select|   0|  0|     8|           1|           8|
    |select_ln86_206_fu_40053_p3                |    select|   0|  0|     8|           1|           8|
    |select_ln86_207_fu_40127_p3                |    select|   0|  0|     8|           1|           8|
    |select_ln86_208_fu_40201_p3                |    select|   0|  0|     8|           1|           8|
    |select_ln86_209_fu_40275_p3                |    select|   0|  0|     8|           1|           8|
    |select_ln86_20_fu_26256_p3                 |    select|   0|  0|     8|           1|           8|
    |select_ln86_210_fu_40349_p3                |    select|   0|  0|     8|           1|           8|
    |select_ln86_211_fu_40423_p3                |    select|   0|  0|     8|           1|           8|
    |select_ln86_212_fu_40497_p3                |    select|   0|  0|     8|           1|           8|
    |select_ln86_213_fu_40571_p3                |    select|   0|  0|     8|           1|           8|
    |select_ln86_214_fu_40645_p3                |    select|   0|  0|     8|           1|           8|
    |select_ln86_215_fu_40719_p3                |    select|   0|  0|     8|           1|           8|
    |select_ln86_216_fu_40793_p3                |    select|   0|  0|     8|           1|           8|
    |select_ln86_217_fu_40867_p3                |    select|   0|  0|     8|           1|           8|
    |select_ln86_218_fu_40941_p3                |    select|   0|  0|     8|           1|           8|
    |select_ln86_219_fu_41015_p3                |    select|   0|  0|     8|           1|           8|
    |select_ln86_21_fu_26333_p3                 |    select|   0|  0|     8|           1|           8|
    |select_ln86_220_fu_41089_p3                |    select|   0|  0|     8|           1|           8|
    |select_ln86_221_fu_41163_p3                |    select|   0|  0|     8|           1|           8|
    |select_ln86_222_fu_41237_p3                |    select|   0|  0|     8|           1|           8|
    |select_ln86_223_fu_41311_p3                |    select|   0|  0|     8|           1|           8|
    |select_ln86_224_fu_41385_p3                |    select|   0|  0|     8|           1|           8|
    |select_ln86_225_fu_41459_p3                |    select|   0|  0|     8|           1|           8|
    |select_ln86_226_fu_41533_p3                |    select|   0|  0|     8|           1|           8|
    |select_ln86_227_fu_41607_p3                |    select|   0|  0|     8|           1|           8|
    |select_ln86_228_fu_41681_p3                |    select|   0|  0|     8|           1|           8|
    |select_ln86_229_fu_41755_p3                |    select|   0|  0|     8|           1|           8|
    |select_ln86_22_fu_26410_p3                 |    select|   0|  0|     8|           1|           8|
    |select_ln86_230_fu_41829_p3                |    select|   0|  0|     8|           1|           8|
    |select_ln86_231_fu_41903_p3                |    select|   0|  0|     8|           1|           8|
    |select_ln86_232_fu_41977_p3                |    select|   0|  0|     8|           1|           8|
    |select_ln86_233_fu_42051_p3                |    select|   0|  0|     8|           1|           8|
    |select_ln86_234_fu_42125_p3                |    select|   0|  0|     8|           1|           8|
    |select_ln86_235_fu_42199_p3                |    select|   0|  0|     8|           1|           8|
    |select_ln86_236_fu_42273_p3                |    select|   0|  0|     8|           1|           8|
    |select_ln86_237_fu_42347_p3                |    select|   0|  0|     8|           1|           8|
    |select_ln86_238_fu_42421_p3                |    select|   0|  0|     8|           1|           8|
    |select_ln86_239_fu_42495_p3                |    select|   0|  0|     8|           1|           8|
    |select_ln86_23_fu_26487_p3                 |    select|   0|  0|     8|           1|           8|
    |select_ln86_240_fu_42569_p3                |    select|   0|  0|     8|           1|           8|
    |select_ln86_241_fu_42643_p3                |    select|   0|  0|     8|           1|           8|
    |select_ln86_242_fu_42717_p3                |    select|   0|  0|     8|           1|           8|
    |select_ln86_243_fu_42791_p3                |    select|   0|  0|     8|           1|           8|
    |select_ln86_244_fu_42865_p3                |    select|   0|  0|     8|           1|           8|
    |select_ln86_245_fu_42939_p3                |    select|   0|  0|     8|           1|           8|
    |select_ln86_246_fu_43013_p3                |    select|   0|  0|     8|           1|           8|
    |select_ln86_247_fu_43087_p3                |    select|   0|  0|     8|           1|           8|
    |select_ln86_248_fu_43161_p3                |    select|   0|  0|     8|           1|           8|
    |select_ln86_249_fu_43235_p3                |    select|   0|  0|     8|           1|           8|
    |select_ln86_24_fu_26564_p3                 |    select|   0|  0|     8|           1|           8|
    |select_ln86_250_fu_43309_p3                |    select|   0|  0|     8|           1|           8|
    |select_ln86_251_fu_43383_p3                |    select|   0|  0|     8|           1|           8|
    |select_ln86_252_fu_43457_p3                |    select|   0|  0|     8|           1|           8|
    |select_ln86_253_fu_43531_p3                |    select|   0|  0|     8|           1|           8|
    |select_ln86_254_fu_43605_p3                |    select|   0|  0|     8|           1|           8|
    |select_ln86_255_fu_43679_p3                |    select|   0|  0|     8|           1|           8|
    |select_ln86_25_fu_26641_p3                 |    select|   0|  0|     8|           1|           8|
    |select_ln86_26_fu_26718_p3                 |    select|   0|  0|     8|           1|           8|
    |select_ln86_27_fu_26795_p3                 |    select|   0|  0|     8|           1|           8|
    |select_ln86_28_fu_26872_p3                 |    select|   0|  0|     8|           1|           8|
    |select_ln86_29_fu_26949_p3                 |    select|   0|  0|     8|           1|           8|
    |select_ln86_2_fu_24818_p3                  |    select|   0|  0|     8|           1|           8|
    |select_ln86_30_fu_27026_p3                 |    select|   0|  0|     8|           1|           8|
    |select_ln86_31_fu_27103_p3                 |    select|   0|  0|     8|           1|           8|
    |select_ln86_32_fu_27177_p3                 |    select|   0|  0|     8|           1|           8|
    |select_ln86_33_fu_27251_p3                 |    select|   0|  0|     8|           1|           8|
    |select_ln86_34_fu_27325_p3                 |    select|   0|  0|     8|           1|           8|
    |select_ln86_35_fu_27399_p3                 |    select|   0|  0|     8|           1|           8|
    |select_ln86_36_fu_27473_p3                 |    select|   0|  0|     8|           1|           8|
    |select_ln86_37_fu_27547_p3                 |    select|   0|  0|     8|           1|           8|
    |select_ln86_38_fu_27621_p3                 |    select|   0|  0|     8|           1|           8|
    |select_ln86_39_fu_27695_p3                 |    select|   0|  0|     8|           1|           8|
    |select_ln86_3_fu_24899_p3                  |    select|   0|  0|     8|           1|           8|
    |select_ln86_40_fu_27769_p3                 |    select|   0|  0|     8|           1|           8|
    |select_ln86_41_fu_27843_p3                 |    select|   0|  0|     8|           1|           8|
    |select_ln86_42_fu_27917_p3                 |    select|   0|  0|     8|           1|           8|
    |select_ln86_43_fu_27991_p3                 |    select|   0|  0|     8|           1|           8|
    |select_ln86_44_fu_28065_p3                 |    select|   0|  0|     8|           1|           8|
    |select_ln86_45_fu_28139_p3                 |    select|   0|  0|     8|           1|           8|
    |select_ln86_46_fu_28213_p3                 |    select|   0|  0|     8|           1|           8|
    |select_ln86_47_fu_28287_p3                 |    select|   0|  0|     8|           1|           8|
    |select_ln86_48_fu_28361_p3                 |    select|   0|  0|     8|           1|           8|
    |select_ln86_49_fu_28435_p3                 |    select|   0|  0|     8|           1|           8|
    |select_ln86_4_fu_24980_p3                  |    select|   0|  0|     8|           1|           8|
    |select_ln86_50_fu_28509_p3                 |    select|   0|  0|     8|           1|           8|
    |select_ln86_51_fu_28583_p3                 |    select|   0|  0|     8|           1|           8|
    |select_ln86_52_fu_28657_p3                 |    select|   0|  0|     8|           1|           8|
    |select_ln86_53_fu_28731_p3                 |    select|   0|  0|     8|           1|           8|
    |select_ln86_54_fu_28805_p3                 |    select|   0|  0|     8|           1|           8|
    |select_ln86_55_fu_28879_p3                 |    select|   0|  0|     8|           1|           8|
    |select_ln86_56_fu_28953_p3                 |    select|   0|  0|     8|           1|           8|
    |select_ln86_57_fu_29027_p3                 |    select|   0|  0|     8|           1|           8|
    |select_ln86_58_fu_29101_p3                 |    select|   0|  0|     8|           1|           8|
    |select_ln86_59_fu_29175_p3                 |    select|   0|  0|     8|           1|           8|
    |select_ln86_5_fu_25061_p3                  |    select|   0|  0|     8|           1|           8|
    |select_ln86_60_fu_29249_p3                 |    select|   0|  0|     8|           1|           8|
    |select_ln86_61_fu_29323_p3                 |    select|   0|  0|     8|           1|           8|
    |select_ln86_62_fu_29397_p3                 |    select|   0|  0|     8|           1|           8|
    |select_ln86_63_fu_29471_p3                 |    select|   0|  0|     8|           1|           8|
    |select_ln86_64_fu_29545_p3                 |    select|   0|  0|     8|           1|           8|
    |select_ln86_65_fu_29619_p3                 |    select|   0|  0|     8|           1|           8|
    |select_ln86_66_fu_29693_p3                 |    select|   0|  0|     8|           1|           8|
    |select_ln86_67_fu_29767_p3                 |    select|   0|  0|     8|           1|           8|
    |select_ln86_68_fu_29841_p3                 |    select|   0|  0|     8|           1|           8|
    |select_ln86_69_fu_29915_p3                 |    select|   0|  0|     8|           1|           8|
    |select_ln86_6_fu_25142_p3                  |    select|   0|  0|     8|           1|           8|
    |select_ln86_70_fu_29989_p3                 |    select|   0|  0|     8|           1|           8|
    |select_ln86_71_fu_30063_p3                 |    select|   0|  0|     8|           1|           8|
    |select_ln86_72_fu_30137_p3                 |    select|   0|  0|     8|           1|           8|
    |select_ln86_73_fu_30211_p3                 |    select|   0|  0|     8|           1|           8|
    |select_ln86_74_fu_30285_p3                 |    select|   0|  0|     8|           1|           8|
    |select_ln86_75_fu_30359_p3                 |    select|   0|  0|     8|           1|           8|
    |select_ln86_76_fu_30433_p3                 |    select|   0|  0|     8|           1|           8|
    |select_ln86_77_fu_30507_p3                 |    select|   0|  0|     8|           1|           8|
    |select_ln86_78_fu_30581_p3                 |    select|   0|  0|     8|           1|           8|
    |select_ln86_79_fu_30655_p3                 |    select|   0|  0|     8|           1|           8|
    |select_ln86_7_fu_25223_p3                  |    select|   0|  0|     8|           1|           8|
    |select_ln86_80_fu_30729_p3                 |    select|   0|  0|     8|           1|           8|
    |select_ln86_81_fu_30803_p3                 |    select|   0|  0|     8|           1|           8|
    |select_ln86_82_fu_30877_p3                 |    select|   0|  0|     8|           1|           8|
    |select_ln86_83_fu_30951_p3                 |    select|   0|  0|     8|           1|           8|
    |select_ln86_84_fu_31025_p3                 |    select|   0|  0|     8|           1|           8|
    |select_ln86_85_fu_31099_p3                 |    select|   0|  0|     8|           1|           8|
    |select_ln86_86_fu_31173_p3                 |    select|   0|  0|     8|           1|           8|
    |select_ln86_87_fu_31247_p3                 |    select|   0|  0|     8|           1|           8|
    |select_ln86_88_fu_31321_p3                 |    select|   0|  0|     8|           1|           8|
    |select_ln86_89_fu_31395_p3                 |    select|   0|  0|     8|           1|           8|
    |select_ln86_8_fu_25304_p3                  |    select|   0|  0|     8|           1|           8|
    |select_ln86_90_fu_31469_p3                 |    select|   0|  0|     8|           1|           8|
    |select_ln86_91_fu_31543_p3                 |    select|   0|  0|     8|           1|           8|
    |select_ln86_92_fu_31617_p3                 |    select|   0|  0|     8|           1|           8|
    |select_ln86_93_fu_31691_p3                 |    select|   0|  0|     8|           1|           8|
    |select_ln86_94_fu_31765_p3                 |    select|   0|  0|     8|           1|           8|
    |select_ln86_95_fu_31839_p3                 |    select|   0|  0|     8|           1|           8|
    |select_ln86_96_fu_31913_p3                 |    select|   0|  0|     8|           1|           8|
    |select_ln86_97_fu_31987_p3                 |    select|   0|  0|     8|           1|           8|
    |select_ln86_98_fu_32061_p3                 |    select|   0|  0|     8|           1|           8|
    |select_ln86_99_fu_32135_p3                 |    select|   0|  0|     8|           1|           8|
    |select_ln86_9_fu_25385_p3                  |    select|   0|  0|     8|           1|           8|
    |select_ln86_fu_24656_p3                    |    select|   0|  0|     8|           1|           8|
    |select_ln87_100_fu_32220_p3                |    select|   0|  0|     5|           1|           3|
    |select_ln87_101_fu_32294_p3                |    select|   0|  0|     5|           1|           3|
    |select_ln87_102_fu_32368_p3                |    select|   0|  0|     5|           1|           3|
    |select_ln87_103_fu_32442_p3                |    select|   0|  0|     5|           1|           3|
    |select_ln87_104_fu_32516_p3                |    select|   0|  0|     5|           1|           3|
    |select_ln87_105_fu_32590_p3                |    select|   0|  0|     5|           1|           3|
    |select_ln87_106_fu_32664_p3                |    select|   0|  0|     5|           1|           3|
    |select_ln87_107_fu_32738_p3                |    select|   0|  0|     5|           1|           3|
    |select_ln87_108_fu_32812_p3                |    select|   0|  0|     5|           1|           3|
    |select_ln87_109_fu_32886_p3                |    select|   0|  0|     5|           1|           3|
    |select_ln87_10_fu_25477_p3                 |    select|   0|  0|     5|           1|           3|
    |select_ln87_110_fu_32960_p3                |    select|   0|  0|     5|           1|           3|
    |select_ln87_111_fu_33034_p3                |    select|   0|  0|     5|           1|           3|
    |select_ln87_112_fu_33108_p3                |    select|   0|  0|     5|           1|           3|
    |select_ln87_113_fu_33182_p3                |    select|   0|  0|     5|           1|           3|
    |select_ln87_114_fu_33256_p3                |    select|   0|  0|     5|           1|           3|
    |select_ln87_115_fu_33330_p3                |    select|   0|  0|     5|           1|           3|
    |select_ln87_116_fu_33404_p3                |    select|   0|  0|     5|           1|           3|
    |select_ln87_117_fu_33478_p3                |    select|   0|  0|     5|           1|           3|
    |select_ln87_118_fu_33552_p3                |    select|   0|  0|     5|           1|           3|
    |select_ln87_119_fu_33626_p3                |    select|   0|  0|     5|           1|           3|
    |select_ln87_11_fu_25558_p3                 |    select|   0|  0|     5|           1|           3|
    |select_ln87_120_fu_33700_p3                |    select|   0|  0|     5|           1|           3|
    |select_ln87_121_fu_33774_p3                |    select|   0|  0|     5|           1|           3|
    |select_ln87_122_fu_33848_p3                |    select|   0|  0|     5|           1|           3|
    |select_ln87_123_fu_33922_p3                |    select|   0|  0|     5|           1|           3|
    |select_ln87_124_fu_33996_p3                |    select|   0|  0|     5|           1|           3|
    |select_ln87_125_fu_34070_p3                |    select|   0|  0|     5|           1|           3|
    |select_ln87_126_fu_34144_p3                |    select|   0|  0|     5|           1|           3|
    |select_ln87_127_fu_34218_p3                |    select|   0|  0|     5|           1|           3|
    |select_ln87_128_fu_34292_p3                |    select|   0|  0|     5|           1|           3|
    |select_ln87_129_fu_34366_p3                |    select|   0|  0|     5|           1|           3|
    |select_ln87_12_fu_25639_p3                 |    select|   0|  0|     5|           1|           3|
    |select_ln87_130_fu_34440_p3                |    select|   0|  0|     5|           1|           3|
    |select_ln87_131_fu_34514_p3                |    select|   0|  0|     5|           1|           3|
    |select_ln87_132_fu_34588_p3                |    select|   0|  0|     5|           1|           3|
    |select_ln87_133_fu_34662_p3                |    select|   0|  0|     5|           1|           3|
    |select_ln87_134_fu_34736_p3                |    select|   0|  0|     5|           1|           3|
    |select_ln87_135_fu_34810_p3                |    select|   0|  0|     5|           1|           3|
    |select_ln87_136_fu_34884_p3                |    select|   0|  0|     5|           1|           3|
    |select_ln87_137_fu_34958_p3                |    select|   0|  0|     5|           1|           3|
    |select_ln87_138_fu_35032_p3                |    select|   0|  0|     5|           1|           3|
    |select_ln87_139_fu_35106_p3                |    select|   0|  0|     5|           1|           3|
    |select_ln87_13_fu_25720_p3                 |    select|   0|  0|     5|           1|           3|
    |select_ln87_140_fu_35180_p3                |    select|   0|  0|     5|           1|           3|
    |select_ln87_141_fu_35254_p3                |    select|   0|  0|     5|           1|           3|
    |select_ln87_142_fu_35328_p3                |    select|   0|  0|     5|           1|           3|
    |select_ln87_143_fu_35402_p3                |    select|   0|  0|     5|           1|           3|
    |select_ln87_144_fu_35476_p3                |    select|   0|  0|     5|           1|           3|
    |select_ln87_145_fu_35550_p3                |    select|   0|  0|     5|           1|           3|
    |select_ln87_146_fu_35624_p3                |    select|   0|  0|     5|           1|           3|
    |select_ln87_147_fu_35698_p3                |    select|   0|  0|     5|           1|           3|
    |select_ln87_148_fu_35772_p3                |    select|   0|  0|     5|           1|           3|
    |select_ln87_149_fu_35846_p3                |    select|   0|  0|     5|           1|           3|
    |select_ln87_14_fu_25801_p3                 |    select|   0|  0|     5|           1|           3|
    |select_ln87_150_fu_35920_p3                |    select|   0|  0|     5|           1|           3|
    |select_ln87_151_fu_35994_p3                |    select|   0|  0|     5|           1|           3|
    |select_ln87_152_fu_36068_p3                |    select|   0|  0|     5|           1|           3|
    |select_ln87_153_fu_36142_p3                |    select|   0|  0|     5|           1|           3|
    |select_ln87_154_fu_36216_p3                |    select|   0|  0|     5|           1|           3|
    |select_ln87_155_fu_36290_p3                |    select|   0|  0|     5|           1|           3|
    |select_ln87_156_fu_36364_p3                |    select|   0|  0|     5|           1|           3|
    |select_ln87_157_fu_36438_p3                |    select|   0|  0|     5|           1|           3|
    |select_ln87_158_fu_36512_p3                |    select|   0|  0|     5|           1|           3|
    |select_ln87_159_fu_36586_p3                |    select|   0|  0|     5|           1|           3|
    |select_ln87_15_fu_25882_p3                 |    select|   0|  0|     5|           1|           3|
    |select_ln87_160_fu_36660_p3                |    select|   0|  0|     5|           1|           3|
    |select_ln87_161_fu_36734_p3                |    select|   0|  0|     5|           1|           3|
    |select_ln87_162_fu_36808_p3                |    select|   0|  0|     5|           1|           3|
    |select_ln87_163_fu_36882_p3                |    select|   0|  0|     5|           1|           3|
    |select_ln87_164_fu_36956_p3                |    select|   0|  0|     5|           1|           3|
    |select_ln87_165_fu_37030_p3                |    select|   0|  0|     5|           1|           3|
    |select_ln87_166_fu_37104_p3                |    select|   0|  0|     5|           1|           3|
    |select_ln87_167_fu_37178_p3                |    select|   0|  0|     5|           1|           3|
    |select_ln87_168_fu_37252_p3                |    select|   0|  0|     5|           1|           3|
    |select_ln87_169_fu_37326_p3                |    select|   0|  0|     5|           1|           3|
    |select_ln87_16_fu_25959_p3                 |    select|   0|  0|     5|           1|           3|
    |select_ln87_170_fu_37400_p3                |    select|   0|  0|     5|           1|           3|
    |select_ln87_171_fu_37474_p3                |    select|   0|  0|     5|           1|           3|
    |select_ln87_172_fu_37548_p3                |    select|   0|  0|     5|           1|           3|
    |select_ln87_173_fu_37622_p3                |    select|   0|  0|     5|           1|           3|
    |select_ln87_174_fu_37696_p3                |    select|   0|  0|     5|           1|           3|
    |select_ln87_175_fu_37770_p3                |    select|   0|  0|     5|           1|           3|
    |select_ln87_176_fu_37844_p3                |    select|   0|  0|     5|           1|           3|
    |select_ln87_177_fu_37918_p3                |    select|   0|  0|     5|           1|           3|
    |select_ln87_178_fu_37992_p3                |    select|   0|  0|     5|           1|           3|
    |select_ln87_179_fu_38066_p3                |    select|   0|  0|     5|           1|           3|
    |select_ln87_17_fu_26036_p3                 |    select|   0|  0|     5|           1|           3|
    |select_ln87_180_fu_38140_p3                |    select|   0|  0|     5|           1|           3|
    |select_ln87_181_fu_38214_p3                |    select|   0|  0|     5|           1|           3|
    |select_ln87_182_fu_38288_p3                |    select|   0|  0|     5|           1|           3|
    |select_ln87_183_fu_38362_p3                |    select|   0|  0|     5|           1|           3|
    |select_ln87_184_fu_38436_p3                |    select|   0|  0|     5|           1|           3|
    |select_ln87_185_fu_38510_p3                |    select|   0|  0|     5|           1|           3|
    |select_ln87_186_fu_38584_p3                |    select|   0|  0|     5|           1|           3|
    |select_ln87_187_fu_38658_p3                |    select|   0|  0|     5|           1|           3|
    |select_ln87_188_fu_38732_p3                |    select|   0|  0|     5|           1|           3|
    |select_ln87_189_fu_38806_p3                |    select|   0|  0|     5|           1|           3|
    |select_ln87_18_fu_26113_p3                 |    select|   0|  0|     5|           1|           3|
    |select_ln87_190_fu_38880_p3                |    select|   0|  0|     5|           1|           3|
    |select_ln87_191_fu_38954_p3                |    select|   0|  0|     5|           1|           3|
    |select_ln87_192_fu_39028_p3                |    select|   0|  0|     5|           1|           3|
    |select_ln87_193_fu_39102_p3                |    select|   0|  0|     5|           1|           3|
    |select_ln87_194_fu_39176_p3                |    select|   0|  0|     5|           1|           3|
    |select_ln87_195_fu_39250_p3                |    select|   0|  0|     5|           1|           3|
    |select_ln87_196_fu_39324_p3                |    select|   0|  0|     5|           1|           3|
    |select_ln87_197_fu_39398_p3                |    select|   0|  0|     5|           1|           3|
    |select_ln87_198_fu_39472_p3                |    select|   0|  0|     5|           1|           3|
    |select_ln87_199_fu_39546_p3                |    select|   0|  0|     5|           1|           3|
    |select_ln87_19_fu_26190_p3                 |    select|   0|  0|     5|           1|           3|
    |select_ln87_1_fu_24748_p3                  |    select|   0|  0|     5|           1|           3|
    |select_ln87_200_fu_39620_p3                |    select|   0|  0|     5|           1|           3|
    |select_ln87_201_fu_39694_p3                |    select|   0|  0|     5|           1|           3|
    |select_ln87_202_fu_39768_p3                |    select|   0|  0|     5|           1|           3|
    |select_ln87_203_fu_39842_p3                |    select|   0|  0|     5|           1|           3|
    |select_ln87_204_fu_39916_p3                |    select|   0|  0|     5|           1|           3|
    |select_ln87_205_fu_39990_p3                |    select|   0|  0|     5|           1|           3|
    |select_ln87_206_fu_40064_p3                |    select|   0|  0|     5|           1|           3|
    |select_ln87_207_fu_40138_p3                |    select|   0|  0|     5|           1|           3|
    |select_ln87_208_fu_40212_p3                |    select|   0|  0|     5|           1|           3|
    |select_ln87_209_fu_40286_p3                |    select|   0|  0|     5|           1|           3|
    |select_ln87_20_fu_26267_p3                 |    select|   0|  0|     5|           1|           3|
    |select_ln87_210_fu_40360_p3                |    select|   0|  0|     5|           1|           3|
    |select_ln87_211_fu_40434_p3                |    select|   0|  0|     5|           1|           3|
    |select_ln87_212_fu_40508_p3                |    select|   0|  0|     5|           1|           3|
    |select_ln87_213_fu_40582_p3                |    select|   0|  0|     5|           1|           3|
    |select_ln87_214_fu_40656_p3                |    select|   0|  0|     5|           1|           3|
    |select_ln87_215_fu_40730_p3                |    select|   0|  0|     5|           1|           3|
    |select_ln87_216_fu_40804_p3                |    select|   0|  0|     5|           1|           3|
    |select_ln87_217_fu_40878_p3                |    select|   0|  0|     5|           1|           3|
    |select_ln87_218_fu_40952_p3                |    select|   0|  0|     5|           1|           3|
    |select_ln87_219_fu_41026_p3                |    select|   0|  0|     5|           1|           3|
    |select_ln87_21_fu_26344_p3                 |    select|   0|  0|     5|           1|           3|
    |select_ln87_220_fu_41100_p3                |    select|   0|  0|     5|           1|           3|
    |select_ln87_221_fu_41174_p3                |    select|   0|  0|     5|           1|           3|
    |select_ln87_222_fu_41248_p3                |    select|   0|  0|     5|           1|           3|
    |select_ln87_223_fu_41322_p3                |    select|   0|  0|     5|           1|           3|
    |select_ln87_224_fu_41396_p3                |    select|   0|  0|     5|           1|           3|
    |select_ln87_225_fu_41470_p3                |    select|   0|  0|     5|           1|           3|
    |select_ln87_226_fu_41544_p3                |    select|   0|  0|     5|           1|           3|
    |select_ln87_227_fu_41618_p3                |    select|   0|  0|     5|           1|           3|
    |select_ln87_228_fu_41692_p3                |    select|   0|  0|     5|           1|           3|
    |select_ln87_229_fu_41766_p3                |    select|   0|  0|     5|           1|           3|
    |select_ln87_22_fu_26421_p3                 |    select|   0|  0|     5|           1|           3|
    |select_ln87_230_fu_41840_p3                |    select|   0|  0|     5|           1|           3|
    |select_ln87_231_fu_41914_p3                |    select|   0|  0|     5|           1|           3|
    |select_ln87_232_fu_41988_p3                |    select|   0|  0|     5|           1|           3|
    |select_ln87_233_fu_42062_p3                |    select|   0|  0|     5|           1|           3|
    |select_ln87_234_fu_42136_p3                |    select|   0|  0|     5|           1|           3|
    |select_ln87_235_fu_42210_p3                |    select|   0|  0|     5|           1|           3|
    |select_ln87_236_fu_42284_p3                |    select|   0|  0|     5|           1|           3|
    |select_ln87_237_fu_42358_p3                |    select|   0|  0|     5|           1|           3|
    |select_ln87_238_fu_42432_p3                |    select|   0|  0|     5|           1|           3|
    |select_ln87_239_fu_42506_p3                |    select|   0|  0|     5|           1|           3|
    |select_ln87_23_fu_26498_p3                 |    select|   0|  0|     5|           1|           3|
    |select_ln87_240_fu_42580_p3                |    select|   0|  0|     5|           1|           3|
    |select_ln87_241_fu_42654_p3                |    select|   0|  0|     5|           1|           3|
    |select_ln87_242_fu_42728_p3                |    select|   0|  0|     5|           1|           3|
    |select_ln87_243_fu_42802_p3                |    select|   0|  0|     5|           1|           3|
    |select_ln87_244_fu_42876_p3                |    select|   0|  0|     5|           1|           3|
    |select_ln87_245_fu_42950_p3                |    select|   0|  0|     5|           1|           3|
    |select_ln87_246_fu_43024_p3                |    select|   0|  0|     5|           1|           3|
    |select_ln87_247_fu_43098_p3                |    select|   0|  0|     5|           1|           3|
    |select_ln87_248_fu_43172_p3                |    select|   0|  0|     5|           1|           3|
    |select_ln87_249_fu_43246_p3                |    select|   0|  0|     5|           1|           3|
    |select_ln87_24_fu_26575_p3                 |    select|   0|  0|     5|           1|           3|
    |select_ln87_250_fu_43320_p3                |    select|   0|  0|     5|           1|           3|
    |select_ln87_251_fu_43394_p3                |    select|   0|  0|     5|           1|           3|
    |select_ln87_252_fu_43468_p3                |    select|   0|  0|     5|           1|           3|
    |select_ln87_253_fu_43542_p3                |    select|   0|  0|     5|           1|           3|
    |select_ln87_254_fu_43616_p3                |    select|   0|  0|     5|           1|           3|
    |select_ln87_255_fu_43690_p3                |    select|   0|  0|     5|           1|           3|
    |select_ln87_25_fu_26652_p3                 |    select|   0|  0|     5|           1|           3|
    |select_ln87_26_fu_26729_p3                 |    select|   0|  0|     5|           1|           3|
    |select_ln87_27_fu_26806_p3                 |    select|   0|  0|     5|           1|           3|
    |select_ln87_28_fu_26883_p3                 |    select|   0|  0|     5|           1|           3|
    |select_ln87_29_fu_26960_p3                 |    select|   0|  0|     5|           1|           3|
    |select_ln87_2_fu_24829_p3                  |    select|   0|  0|     5|           1|           3|
    |select_ln87_30_fu_27037_p3                 |    select|   0|  0|     5|           1|           3|
    |select_ln87_31_fu_27114_p3                 |    select|   0|  0|     5|           1|           3|
    |select_ln87_32_fu_27188_p3                 |    select|   0|  0|     5|           1|           3|
    |select_ln87_33_fu_27262_p3                 |    select|   0|  0|     5|           1|           3|
    |select_ln87_34_fu_27336_p3                 |    select|   0|  0|     5|           1|           3|
    |select_ln87_35_fu_27410_p3                 |    select|   0|  0|     5|           1|           3|
    |select_ln87_36_fu_27484_p3                 |    select|   0|  0|     5|           1|           3|
    |select_ln87_37_fu_27558_p3                 |    select|   0|  0|     5|           1|           3|
    |select_ln87_38_fu_27632_p3                 |    select|   0|  0|     5|           1|           3|
    |select_ln87_39_fu_27706_p3                 |    select|   0|  0|     5|           1|           3|
    |select_ln87_3_fu_24910_p3                  |    select|   0|  0|     5|           1|           3|
    |select_ln87_40_fu_27780_p3                 |    select|   0|  0|     5|           1|           3|
    |select_ln87_41_fu_27854_p3                 |    select|   0|  0|     5|           1|           3|
    |select_ln87_42_fu_27928_p3                 |    select|   0|  0|     5|           1|           3|
    |select_ln87_43_fu_28002_p3                 |    select|   0|  0|     5|           1|           3|
    |select_ln87_44_fu_28076_p3                 |    select|   0|  0|     5|           1|           3|
    |select_ln87_45_fu_28150_p3                 |    select|   0|  0|     5|           1|           3|
    |select_ln87_46_fu_28224_p3                 |    select|   0|  0|     5|           1|           3|
    |select_ln87_47_fu_28298_p3                 |    select|   0|  0|     5|           1|           3|
    |select_ln87_48_fu_28372_p3                 |    select|   0|  0|     5|           1|           3|
    |select_ln87_49_fu_28446_p3                 |    select|   0|  0|     5|           1|           3|
    |select_ln87_4_fu_24991_p3                  |    select|   0|  0|     5|           1|           3|
    |select_ln87_50_fu_28520_p3                 |    select|   0|  0|     5|           1|           3|
    |select_ln87_51_fu_28594_p3                 |    select|   0|  0|     5|           1|           3|
    |select_ln87_52_fu_28668_p3                 |    select|   0|  0|     5|           1|           3|
    |select_ln87_53_fu_28742_p3                 |    select|   0|  0|     5|           1|           3|
    |select_ln87_54_fu_28816_p3                 |    select|   0|  0|     5|           1|           3|
    |select_ln87_55_fu_28890_p3                 |    select|   0|  0|     5|           1|           3|
    |select_ln87_56_fu_28964_p3                 |    select|   0|  0|     5|           1|           3|
    |select_ln87_57_fu_29038_p3                 |    select|   0|  0|     5|           1|           3|
    |select_ln87_58_fu_29112_p3                 |    select|   0|  0|     5|           1|           3|
    |select_ln87_59_fu_29186_p3                 |    select|   0|  0|     5|           1|           3|
    |select_ln87_5_fu_25072_p3                  |    select|   0|  0|     5|           1|           3|
    |select_ln87_60_fu_29260_p3                 |    select|   0|  0|     5|           1|           3|
    |select_ln87_61_fu_29334_p3                 |    select|   0|  0|     5|           1|           3|
    |select_ln87_62_fu_29408_p3                 |    select|   0|  0|     5|           1|           3|
    |select_ln87_63_fu_29482_p3                 |    select|   0|  0|     5|           1|           3|
    |select_ln87_64_fu_29556_p3                 |    select|   0|  0|     5|           1|           3|
    |select_ln87_65_fu_29630_p3                 |    select|   0|  0|     5|           1|           3|
    |select_ln87_66_fu_29704_p3                 |    select|   0|  0|     5|           1|           3|
    |select_ln87_67_fu_29778_p3                 |    select|   0|  0|     5|           1|           3|
    |select_ln87_68_fu_29852_p3                 |    select|   0|  0|     5|           1|           3|
    |select_ln87_69_fu_29926_p3                 |    select|   0|  0|     5|           1|           3|
    |select_ln87_6_fu_25153_p3                  |    select|   0|  0|     5|           1|           3|
    |select_ln87_70_fu_30000_p3                 |    select|   0|  0|     5|           1|           3|
    |select_ln87_71_fu_30074_p3                 |    select|   0|  0|     5|           1|           3|
    |select_ln87_72_fu_30148_p3                 |    select|   0|  0|     5|           1|           3|
    |select_ln87_73_fu_30222_p3                 |    select|   0|  0|     5|           1|           3|
    |select_ln87_74_fu_30296_p3                 |    select|   0|  0|     5|           1|           3|
    |select_ln87_75_fu_30370_p3                 |    select|   0|  0|     5|           1|           3|
    |select_ln87_76_fu_30444_p3                 |    select|   0|  0|     5|           1|           3|
    |select_ln87_77_fu_30518_p3                 |    select|   0|  0|     5|           1|           3|
    |select_ln87_78_fu_30592_p3                 |    select|   0|  0|     5|           1|           3|
    |select_ln87_79_fu_30666_p3                 |    select|   0|  0|     5|           1|           3|
    |select_ln87_7_fu_25234_p3                  |    select|   0|  0|     5|           1|           3|
    |select_ln87_80_fu_30740_p3                 |    select|   0|  0|     5|           1|           3|
    |select_ln87_81_fu_30814_p3                 |    select|   0|  0|     5|           1|           3|
    |select_ln87_82_fu_30888_p3                 |    select|   0|  0|     5|           1|           3|
    |select_ln87_83_fu_30962_p3                 |    select|   0|  0|     5|           1|           3|
    |select_ln87_84_fu_31036_p3                 |    select|   0|  0|     5|           1|           3|
    |select_ln87_85_fu_31110_p3                 |    select|   0|  0|     5|           1|           3|
    |select_ln87_86_fu_31184_p3                 |    select|   0|  0|     5|           1|           3|
    |select_ln87_87_fu_31258_p3                 |    select|   0|  0|     5|           1|           3|
    |select_ln87_88_fu_31332_p3                 |    select|   0|  0|     5|           1|           3|
    |select_ln87_89_fu_31406_p3                 |    select|   0|  0|     5|           1|           3|
    |select_ln87_8_fu_25315_p3                  |    select|   0|  0|     5|           1|           3|
    |select_ln87_90_fu_31480_p3                 |    select|   0|  0|     5|           1|           3|
    |select_ln87_91_fu_31554_p3                 |    select|   0|  0|     5|           1|           3|
    |select_ln87_92_fu_31628_p3                 |    select|   0|  0|     5|           1|           3|
    |select_ln87_93_fu_31702_p3                 |    select|   0|  0|     5|           1|           3|
    |select_ln87_94_fu_31776_p3                 |    select|   0|  0|     5|           1|           3|
    |select_ln87_95_fu_31850_p3                 |    select|   0|  0|     5|           1|           3|
    |select_ln87_96_fu_31924_p3                 |    select|   0|  0|     5|           1|           3|
    |select_ln87_97_fu_31998_p3                 |    select|   0|  0|     5|           1|           3|
    |select_ln87_98_fu_32072_p3                 |    select|   0|  0|     5|           1|           3|
    |select_ln87_99_fu_32146_p3                 |    select|   0|  0|     5|           1|           3|
    |select_ln87_9_fu_25396_p3                  |    select|   0|  0|     5|           1|           3|
    |select_ln87_fu_24667_p3                    |    select|   0|  0|     5|           1|           3|
    |step_2_fu_2345_p3                          |    select|   0|  0|    32|           1|          32|
    |step_5_fu_2331_p3                          |    select|   0|  0|    32|           1|           1|
    |wn_base_2_fu_2827_p3                       |    select|   0|  0|    29|           1|          29|
    |wn_base_fu_10456_p3                        |    select|   0|  0|    28|           1|          28|
    |ww_fu_10580_p3                             |    select|   0|  0|   107|           1|         128|
    |xw_15_fu_9957_p10                          |    select|   0|  0|     3|           1|           3|
    |xw_1_fu_3333_p8                            |    select|   0|  0|     2|           1|           2|
    |xw_2_fu_3818_p18                           |    select|   0|  0|     3|           1|           3|
    |xw_fu_2865_p10                             |    select|   0|  0|     2|           1|           2|
    |ap_enable_pp0                              |       xor|   0|  0|     2|           1|           2|
    |ping_fu_2645_p2                            |       xor|   0|  0|     2|           1|           1|
    |sr_100_fu_11529_p2                         |       xor|   0|  0|     2|           1|           1|
    |sr_101_fu_11534_p2                         |       xor|   0|  0|     2|           1|           1|
    |sr_102_fu_11539_p2                         |       xor|   0|  0|     2|           1|           1|
    |sr_103_fu_11544_p2                         |       xor|   0|  0|     2|           1|           1|
    |sr_104_fu_11549_p2                         |       xor|   0|  0|     2|           1|           1|
    |sr_105_fu_11554_p2                         |       xor|   0|  0|     2|           1|           1|
    |sr_106_fu_11559_p2                         |       xor|   0|  0|     2|           1|           1|
    |sr_107_fu_11564_p2                         |       xor|   0|  0|     2|           1|           1|
    |sr_108_fu_11569_p2                         |       xor|   0|  0|     2|           1|           1|
    |sr_109_fu_11574_p2                         |       xor|   0|  0|     2|           1|           1|
    |sr_10_fu_10939_p2                          |       xor|   0|  0|     2|           1|           1|
    |sr_110_fu_11579_p2                         |       xor|   0|  0|     2|           1|           1|
    |sr_111_fu_11584_p2                         |       xor|   0|  0|     2|           1|           1|
    |sr_112_fu_11589_p2                         |       xor|   0|  0|     2|           1|           1|
    |sr_113_fu_11594_p2                         |       xor|   0|  0|     2|           1|           1|
    |sr_114_fu_11599_p2                         |       xor|   0|  0|     2|           1|           1|
    |sr_115_fu_11604_p2                         |       xor|   0|  0|     2|           1|           1|
    |sr_116_fu_11609_p2                         |       xor|   0|  0|     2|           1|           1|
    |sr_117_fu_11614_p2                         |       xor|   0|  0|     2|           1|           1|
    |sr_118_fu_11619_p2                         |       xor|   0|  0|     2|           1|           1|
    |sr_119_fu_11624_p2                         |       xor|   0|  0|     2|           1|           1|
    |sr_11_fu_10972_p2                          |       xor|   0|  0|     2|           1|           1|
    |sr_120_fu_11629_p2                         |       xor|   0|  0|     2|           1|           1|
    |sr_121_fu_11634_p2                         |       xor|   0|  0|     2|           1|           1|
    |sr_122_fu_11639_p2                         |       xor|   0|  0|     2|           1|           1|
    |sr_123_fu_11644_p2                         |       xor|   0|  0|     2|           1|           1|
    |sr_124_fu_11649_p2                         |       xor|   0|  0|     2|           1|           1|
    |sr_125_fu_11654_p2                         |       xor|   0|  0|     2|           1|           1|
    |sr_126_fu_11659_p2                         |       xor|   0|  0|     2|           1|           1|
    |sr_127_fu_11664_p2                         |       xor|   0|  0|     2|           1|           1|
    |sr_128_fu_11669_p2                         |       xor|   0|  0|     2|           1|           1|
    |sr_129_fu_11674_p2                         |       xor|   0|  0|     2|           1|           1|
    |sr_12_fu_11005_p2                          |       xor|   0|  0|     2|           1|           1|
    |sr_130_fu_11679_p2                         |       xor|   0|  0|     2|           1|           1|
    |sr_131_fu_11684_p2                         |       xor|   0|  0|     2|           1|           1|
    |sr_132_fu_11689_p2                         |       xor|   0|  0|     2|           1|           1|
    |sr_133_fu_11694_p2                         |       xor|   0|  0|     2|           1|           1|
    |sr_134_fu_11699_p2                         |       xor|   0|  0|     2|           1|           1|
    |sr_135_fu_11704_p2                         |       xor|   0|  0|     2|           1|           1|
    |sr_136_fu_11709_p2                         |       xor|   0|  0|     2|           1|           1|
    |sr_137_fu_11714_p2                         |       xor|   0|  0|     2|           1|           1|
    |sr_138_fu_11719_p2                         |       xor|   0|  0|     2|           1|           1|
    |sr_139_fu_11724_p2                         |       xor|   0|  0|     2|           1|           1|
    |sr_13_fu_11038_p2                          |       xor|   0|  0|     2|           1|           1|
    |sr_140_fu_11729_p2                         |       xor|   0|  0|     2|           1|           1|
    |sr_141_fu_11734_p2                         |       xor|   0|  0|     2|           1|           1|
    |sr_142_fu_11739_p2                         |       xor|   0|  0|     2|           1|           1|
    |sr_143_fu_11744_p2                         |       xor|   0|  0|     2|           1|           1|
    |sr_144_fu_11749_p2                         |       xor|   0|  0|     2|           1|           1|
    |sr_145_fu_11754_p2                         |       xor|   0|  0|     2|           1|           1|
    |sr_146_fu_11759_p2                         |       xor|   0|  0|     2|           1|           1|
    |sr_147_fu_11764_p2                         |       xor|   0|  0|     2|           1|           1|
    |sr_148_fu_11769_p2                         |       xor|   0|  0|     2|           1|           1|
    |sr_149_fu_11774_p2                         |       xor|   0|  0|     2|           1|           1|
    |sr_14_fu_11071_p2                          |       xor|   0|  0|     2|           1|           1|
    |sr_150_fu_11779_p2                         |       xor|   0|  0|     2|           1|           1|
    |sr_151_fu_11784_p2                         |       xor|   0|  0|     2|           1|           1|
    |sr_152_fu_11789_p2                         |       xor|   0|  0|     2|           1|           1|
    |sr_153_fu_11794_p2                         |       xor|   0|  0|     2|           1|           1|
    |sr_154_fu_11799_p2                         |       xor|   0|  0|     2|           1|           1|
    |sr_155_fu_11804_p2                         |       xor|   0|  0|     2|           1|           1|
    |sr_156_fu_11809_p2                         |       xor|   0|  0|     2|           1|           1|
    |sr_157_fu_11814_p2                         |       xor|   0|  0|     2|           1|           1|
    |sr_158_fu_11819_p2                         |       xor|   0|  0|     2|           1|           1|
    |sr_159_fu_11824_p2                         |       xor|   0|  0|     2|           1|           1|
    |sr_15_fu_11104_p2                          |       xor|   0|  0|     2|           1|           1|
    |sr_160_fu_11829_p2                         |       xor|   0|  0|     2|           1|           1|
    |sr_161_fu_11834_p2                         |       xor|   0|  0|     2|           1|           1|
    |sr_162_fu_11839_p2                         |       xor|   0|  0|     2|           1|           1|
    |sr_163_fu_11844_p2                         |       xor|   0|  0|     2|           1|           1|
    |sr_164_fu_11849_p2                         |       xor|   0|  0|     2|           1|           1|
    |sr_165_fu_11854_p2                         |       xor|   0|  0|     2|           1|           1|
    |sr_166_fu_11859_p2                         |       xor|   0|  0|     2|           1|           1|
    |sr_167_fu_11864_p2                         |       xor|   0|  0|     2|           1|           1|
    |sr_168_fu_11869_p2                         |       xor|   0|  0|     2|           1|           1|
    |sr_169_fu_11874_p2                         |       xor|   0|  0|     2|           1|           1|
    |sr_16_fu_11109_p2                          |       xor|   0|  0|     2|           1|           1|
    |sr_170_fu_11879_p2                         |       xor|   0|  0|     2|           1|           1|
    |sr_171_fu_11884_p2                         |       xor|   0|  0|     2|           1|           1|
    |sr_172_fu_11889_p2                         |       xor|   0|  0|     2|           1|           1|
    |sr_173_fu_11894_p2                         |       xor|   0|  0|     2|           1|           1|
    |sr_174_fu_11899_p2                         |       xor|   0|  0|     2|           1|           1|
    |sr_175_fu_11904_p2                         |       xor|   0|  0|     2|           1|           1|
    |sr_176_fu_11909_p2                         |       xor|   0|  0|     2|           1|           1|
    |sr_177_fu_11914_p2                         |       xor|   0|  0|     2|           1|           1|
    |sr_178_fu_11919_p2                         |       xor|   0|  0|     2|           1|           1|
    |sr_179_fu_11924_p2                         |       xor|   0|  0|     2|           1|           1|
    |sr_17_fu_11114_p2                          |       xor|   0|  0|     2|           1|           1|
    |sr_180_fu_11929_p2                         |       xor|   0|  0|     2|           1|           1|
    |sr_181_fu_11934_p2                         |       xor|   0|  0|     2|           1|           1|
    |sr_182_fu_11939_p2                         |       xor|   0|  0|     2|           1|           1|
    |sr_183_fu_11944_p2                         |       xor|   0|  0|     2|           1|           1|
    |sr_184_fu_11949_p2                         |       xor|   0|  0|     2|           1|           1|
    |sr_185_fu_11954_p2                         |       xor|   0|  0|     2|           1|           1|
    |sr_186_fu_11959_p2                         |       xor|   0|  0|     2|           1|           1|
    |sr_187_fu_11964_p2                         |       xor|   0|  0|     2|           1|           1|
    |sr_188_fu_11969_p2                         |       xor|   0|  0|     2|           1|           1|
    |sr_189_fu_11974_p2                         |       xor|   0|  0|     2|           1|           1|
    |sr_18_fu_11119_p2                          |       xor|   0|  0|     2|           1|           1|
    |sr_190_fu_11979_p2                         |       xor|   0|  0|     2|           1|           1|
    |sr_191_fu_11984_p2                         |       xor|   0|  0|     2|           1|           1|
    |sr_192_fu_11989_p2                         |       xor|   0|  0|     2|           1|           1|
    |sr_193_fu_11994_p2                         |       xor|   0|  0|     2|           1|           1|
    |sr_194_fu_11999_p2                         |       xor|   0|  0|     2|           1|           1|
    |sr_195_fu_12004_p2                         |       xor|   0|  0|     2|           1|           1|
    |sr_196_fu_12009_p2                         |       xor|   0|  0|     2|           1|           1|
    |sr_197_fu_12014_p2                         |       xor|   0|  0|     2|           1|           1|
    |sr_198_fu_12019_p2                         |       xor|   0|  0|     2|           1|           1|
    |sr_199_fu_12024_p2                         |       xor|   0|  0|     2|           1|           1|
    |sr_19_fu_11124_p2                          |       xor|   0|  0|     2|           1|           1|
    |sr_1_fu_10642_p2                           |       xor|   0|  0|     2|           1|           1|
    |sr_200_fu_12029_p2                         |       xor|   0|  0|     2|           1|           1|
    |sr_201_fu_12034_p2                         |       xor|   0|  0|     2|           1|           1|
    |sr_202_fu_12039_p2                         |       xor|   0|  0|     2|           1|           1|
    |sr_203_fu_12044_p2                         |       xor|   0|  0|     2|           1|           1|
    |sr_204_fu_12049_p2                         |       xor|   0|  0|     2|           1|           1|
    |sr_205_fu_12054_p2                         |       xor|   0|  0|     2|           1|           1|
    |sr_206_fu_12059_p2                         |       xor|   0|  0|     2|           1|           1|
    |sr_207_fu_12064_p2                         |       xor|   0|  0|     2|           1|           1|
    |sr_208_fu_12069_p2                         |       xor|   0|  0|     2|           1|           1|
    |sr_209_fu_12074_p2                         |       xor|   0|  0|     2|           1|           1|
    |sr_20_fu_11129_p2                          |       xor|   0|  0|     2|           1|           1|
    |sr_210_fu_12079_p2                         |       xor|   0|  0|     2|           1|           1|
    |sr_211_fu_12084_p2                         |       xor|   0|  0|     2|           1|           1|
    |sr_212_fu_12089_p2                         |       xor|   0|  0|     2|           1|           1|
    |sr_213_fu_12094_p2                         |       xor|   0|  0|     2|           1|           1|
    |sr_214_fu_12099_p2                         |       xor|   0|  0|     2|           1|           1|
    |sr_215_fu_12104_p2                         |       xor|   0|  0|     2|           1|           1|
    |sr_216_fu_12109_p2                         |       xor|   0|  0|     2|           1|           1|
    |sr_217_fu_12114_p2                         |       xor|   0|  0|     2|           1|           1|
    |sr_218_fu_12119_p2                         |       xor|   0|  0|     2|           1|           1|
    |sr_219_fu_12124_p2                         |       xor|   0|  0|     2|           1|           1|
    |sr_21_fu_11134_p2                          |       xor|   0|  0|     2|           1|           1|
    |sr_220_fu_12129_p2                         |       xor|   0|  0|     2|           1|           1|
    |sr_221_fu_12134_p2                         |       xor|   0|  0|     2|           1|           1|
    |sr_222_fu_12139_p2                         |       xor|   0|  0|     2|           1|           1|
    |sr_223_fu_12144_p2                         |       xor|   0|  0|     2|           1|           1|
    |sr_224_fu_12149_p2                         |       xor|   0|  0|     2|           1|           1|
    |sr_225_fu_12154_p2                         |       xor|   0|  0|     2|           1|           1|
    |sr_226_fu_12159_p2                         |       xor|   0|  0|     2|           1|           1|
    |sr_227_fu_12164_p2                         |       xor|   0|  0|     2|           1|           1|
    |sr_228_fu_12169_p2                         |       xor|   0|  0|     2|           1|           1|
    |sr_229_fu_12174_p2                         |       xor|   0|  0|     2|           1|           1|
    |sr_22_fu_11139_p2                          |       xor|   0|  0|     2|           1|           1|
    |sr_230_fu_12179_p2                         |       xor|   0|  0|     2|           1|           1|
    |sr_231_fu_12184_p2                         |       xor|   0|  0|     2|           1|           1|
    |sr_232_fu_12189_p2                         |       xor|   0|  0|     2|           1|           1|
    |sr_233_fu_12194_p2                         |       xor|   0|  0|     2|           1|           1|
    |sr_234_fu_12199_p2                         |       xor|   0|  0|     2|           1|           1|
    |sr_235_fu_12204_p2                         |       xor|   0|  0|     2|           1|           1|
    |sr_236_fu_12209_p2                         |       xor|   0|  0|     2|           1|           1|
    |sr_237_fu_12214_p2                         |       xor|   0|  0|     2|           1|           1|
    |sr_238_fu_12219_p2                         |       xor|   0|  0|     2|           1|           1|
    |sr_239_fu_12224_p2                         |       xor|   0|  0|     2|           1|           1|
    |sr_23_fu_11144_p2                          |       xor|   0|  0|     2|           1|           1|
    |sr_240_fu_12229_p2                         |       xor|   0|  0|     2|           1|           1|
    |sr_241_fu_12234_p2                         |       xor|   0|  0|     2|           1|           1|
    |sr_242_fu_12239_p2                         |       xor|   0|  0|     2|           1|           1|
    |sr_243_fu_12244_p2                         |       xor|   0|  0|     2|           1|           1|
    |sr_244_fu_12249_p2                         |       xor|   0|  0|     2|           1|           1|
    |sr_245_fu_12254_p2                         |       xor|   0|  0|     2|           1|           1|
    |sr_246_fu_12259_p2                         |       xor|   0|  0|     2|           1|           1|
    |sr_247_fu_12264_p2                         |       xor|   0|  0|     2|           1|           1|
    |sr_248_fu_12269_p2                         |       xor|   0|  0|     2|           1|           1|
    |sr_249_fu_12274_p2                         |       xor|   0|  0|     2|           1|           1|
    |sr_24_fu_11149_p2                          |       xor|   0|  0|     2|           1|           1|
    |sr_250_fu_12279_p2                         |       xor|   0|  0|     2|           1|           1|
    |sr_251_fu_12284_p2                         |       xor|   0|  0|     2|           1|           1|
    |sr_252_fu_12289_p2                         |       xor|   0|  0|     2|           1|           1|
    |sr_253_fu_12294_p2                         |       xor|   0|  0|     2|           1|           1|
    |sr_254_fu_12299_p2                         |       xor|   0|  0|     2|           1|           1|
    |sr_255_fu_12304_p2                         |       xor|   0|  0|     2|           1|           1|
    |sr_25_fu_11154_p2                          |       xor|   0|  0|     2|           1|           1|
    |sr_26_fu_11159_p2                          |       xor|   0|  0|     2|           1|           1|
    |sr_27_fu_11164_p2                          |       xor|   0|  0|     2|           1|           1|
    |sr_28_fu_11169_p2                          |       xor|   0|  0|     2|           1|           1|
    |sr_29_fu_11174_p2                          |       xor|   0|  0|     2|           1|           1|
    |sr_2_fu_10675_p2                           |       xor|   0|  0|     2|           1|           1|
    |sr_30_fu_11179_p2                          |       xor|   0|  0|     2|           1|           1|
    |sr_31_fu_11184_p2                          |       xor|   0|  0|     2|           1|           1|
    |sr_32_fu_11189_p2                          |       xor|   0|  0|     2|           1|           1|
    |sr_33_fu_11194_p2                          |       xor|   0|  0|     2|           1|           1|
    |sr_34_fu_11199_p2                          |       xor|   0|  0|     2|           1|           1|
    |sr_35_fu_11204_p2                          |       xor|   0|  0|     2|           1|           1|
    |sr_36_fu_11209_p2                          |       xor|   0|  0|     2|           1|           1|
    |sr_37_fu_11214_p2                          |       xor|   0|  0|     2|           1|           1|
    |sr_38_fu_11219_p2                          |       xor|   0|  0|     2|           1|           1|
    |sr_39_fu_11224_p2                          |       xor|   0|  0|     2|           1|           1|
    |sr_3_fu_10708_p2                           |       xor|   0|  0|     2|           1|           1|
    |sr_40_fu_11229_p2                          |       xor|   0|  0|     2|           1|           1|
    |sr_41_fu_11234_p2                          |       xor|   0|  0|     2|           1|           1|
    |sr_42_fu_11239_p2                          |       xor|   0|  0|     2|           1|           1|
    |sr_43_fu_11244_p2                          |       xor|   0|  0|     2|           1|           1|
    |sr_44_fu_11249_p2                          |       xor|   0|  0|     2|           1|           1|
    |sr_45_fu_11254_p2                          |       xor|   0|  0|     2|           1|           1|
    |sr_46_fu_11259_p2                          |       xor|   0|  0|     2|           1|           1|
    |sr_47_fu_11264_p2                          |       xor|   0|  0|     2|           1|           1|
    |sr_48_fu_11269_p2                          |       xor|   0|  0|     2|           1|           1|
    |sr_49_fu_11274_p2                          |       xor|   0|  0|     2|           1|           1|
    |sr_4_fu_10741_p2                           |       xor|   0|  0|     2|           1|           1|
    |sr_50_fu_11279_p2                          |       xor|   0|  0|     2|           1|           1|
    |sr_51_fu_11284_p2                          |       xor|   0|  0|     2|           1|           1|
    |sr_52_fu_11289_p2                          |       xor|   0|  0|     2|           1|           1|
    |sr_53_fu_11294_p2                          |       xor|   0|  0|     2|           1|           1|
    |sr_54_fu_11299_p2                          |       xor|   0|  0|     2|           1|           1|
    |sr_55_fu_11304_p2                          |       xor|   0|  0|     2|           1|           1|
    |sr_56_fu_11309_p2                          |       xor|   0|  0|     2|           1|           1|
    |sr_57_fu_11314_p2                          |       xor|   0|  0|     2|           1|           1|
    |sr_58_fu_11319_p2                          |       xor|   0|  0|     2|           1|           1|
    |sr_59_fu_11324_p2                          |       xor|   0|  0|     2|           1|           1|
    |sr_5_fu_10774_p2                           |       xor|   0|  0|     2|           1|           1|
    |sr_60_fu_11329_p2                          |       xor|   0|  0|     2|           1|           1|
    |sr_61_fu_11334_p2                          |       xor|   0|  0|     2|           1|           1|
    |sr_62_fu_11339_p2                          |       xor|   0|  0|     2|           1|           1|
    |sr_63_fu_11344_p2                          |       xor|   0|  0|     2|           1|           1|
    |sr_64_fu_11349_p2                          |       xor|   0|  0|     2|           1|           1|
    |sr_65_fu_11354_p2                          |       xor|   0|  0|     2|           1|           1|
    |sr_66_fu_11359_p2                          |       xor|   0|  0|     2|           1|           1|
    |sr_67_fu_11364_p2                          |       xor|   0|  0|     2|           1|           1|
    |sr_68_fu_11369_p2                          |       xor|   0|  0|     2|           1|           1|
    |sr_69_fu_11374_p2                          |       xor|   0|  0|     2|           1|           1|
    |sr_6_fu_10807_p2                           |       xor|   0|  0|     2|           1|           1|
    |sr_70_fu_11379_p2                          |       xor|   0|  0|     2|           1|           1|
    |sr_71_fu_11384_p2                          |       xor|   0|  0|     2|           1|           1|
    |sr_72_fu_11389_p2                          |       xor|   0|  0|     2|           1|           1|
    |sr_73_fu_11394_p2                          |       xor|   0|  0|     2|           1|           1|
    |sr_74_fu_11399_p2                          |       xor|   0|  0|     2|           1|           1|
    |sr_75_fu_11404_p2                          |       xor|   0|  0|     2|           1|           1|
    |sr_76_fu_11409_p2                          |       xor|   0|  0|     2|           1|           1|
    |sr_77_fu_11414_p2                          |       xor|   0|  0|     2|           1|           1|
    |sr_78_fu_11419_p2                          |       xor|   0|  0|     2|           1|           1|
    |sr_79_fu_11424_p2                          |       xor|   0|  0|     2|           1|           1|
    |sr_7_fu_10840_p2                           |       xor|   0|  0|     2|           1|           1|
    |sr_80_fu_11429_p2                          |       xor|   0|  0|     2|           1|           1|
    |sr_81_fu_11434_p2                          |       xor|   0|  0|     2|           1|           1|
    |sr_82_fu_11439_p2                          |       xor|   0|  0|     2|           1|           1|
    |sr_83_fu_11444_p2                          |       xor|   0|  0|     2|           1|           1|
    |sr_84_fu_11449_p2                          |       xor|   0|  0|     2|           1|           1|
    |sr_85_fu_11454_p2                          |       xor|   0|  0|     2|           1|           1|
    |sr_86_fu_11459_p2                          |       xor|   0|  0|     2|           1|           1|
    |sr_87_fu_11464_p2                          |       xor|   0|  0|     2|           1|           1|
    |sr_88_fu_11469_p2                          |       xor|   0|  0|     2|           1|           1|
    |sr_89_fu_11474_p2                          |       xor|   0|  0|     2|           1|           1|
    |sr_8_fu_10873_p2                           |       xor|   0|  0|     2|           1|           1|
    |sr_90_fu_11479_p2                          |       xor|   0|  0|     2|           1|           1|
    |sr_91_fu_11484_p2                          |       xor|   0|  0|     2|           1|           1|
    |sr_92_fu_11489_p2                          |       xor|   0|  0|     2|           1|           1|
    |sr_93_fu_11494_p2                          |       xor|   0|  0|     2|           1|           1|
    |sr_94_fu_11499_p2                          |       xor|   0|  0|     2|           1|           1|
    |sr_95_fu_11504_p2                          |       xor|   0|  0|     2|           1|           1|
    |sr_96_fu_11509_p2                          |       xor|   0|  0|     2|           1|           1|
    |sr_97_fu_11514_p2                          |       xor|   0|  0|     2|           1|           1|
    |sr_98_fu_11519_p2                          |       xor|   0|  0|     2|           1|           1|
    |sr_99_fu_11524_p2                          |       xor|   0|  0|     2|           1|           1|
    |sr_9_fu_10906_p2                           |       xor|   0|  0|     2|           1|           1|
    |sr_fu_10609_p2                             |       xor|   0|  0|     2|           1|           1|
    |xor_ln154_fu_2520_p2                       |       xor|   0|  0|     2|           1|           2|
    |xor_ln167_1_fu_7119_p2                     |       xor|   0|  0|     2|           1|           2|
    |xor_ln167_fu_5232_p2                       |       xor|   0|  0|     2|           1|           2|
    |xor_ln168_fu_3805_p2                       |       xor|   0|  0|     3|           3|           2|
    +-------------------------------------------+----------+----+---+------+------------+------------+
    |Total                                      |          |   0|  0| 26582|        8383|       14480|
    +-------------------------------------------+----------+----+---+------+------------+------------+

    * Multiplexer: 
    +--------------------------+----+-----------+-----+-----------+
    |           Name           | LUT| Input Size| Bits| Total Bits|
    +--------------------------+----+-----------+-----+-----------+
    |ap_done_int               |   9|          2|    1|          2|
    |ap_enable_reg_pp0_iter1   |   9|          2|    1|          2|
    |ap_enable_reg_pp0_iter34  |   9|          2|    1|          2|
    |ciw_fu_434                |   9|          2|   32|         64|
    |co_3_fu_430               |   9|          2|   32|         64|
    |gmem_weight_blk_n_AR      |   9|          2|    1|          2|
    |gmem_weight_blk_n_R       |   9|          2|    1|          2|
    |m_fu_438                  |   9|          2|   19|         38|
    |pstrm_blk_n               |   9|          2|    1|          2|
    |step_fu_426               |   9|          2|   32|         64|
    +--------------------------+----+-----------+-----+-----------+
    |Total                     |  90|         20|  121|        242|
    +--------------------------+----+-----------+-----+-----------+

    * Register: 
    +---------------------------------------+-----+-----+-----+-----------+
    |                  Name                 |  FF | LUT | Bits| Const Bits|
    +---------------------------------------+-----+-----+-----+-----------+
    |add21_i_10_1_1_reg_64077               |   16|    0|   16|          0|
    |add21_i_10_1_2_reg_64082               |   16|    0|   16|          0|
    |add21_i_10_1_3_reg_64087               |   16|    0|   16|          0|
    |add21_i_10_1_reg_64072                 |   16|    0|   16|          0|
    |add21_i_10_2_1_reg_64297               |   16|    0|   16|          0|
    |add21_i_10_2_reg_64292                 |   16|    0|   16|          0|
    |add21_i_10_4_reg_63652                 |   16|    0|   16|          0|
    |add21_i_10_5_reg_63657                 |   16|    0|   16|          0|
    |add21_i_10_6_reg_63662                 |   16|    0|   16|          0|
    |add21_i_10_7_reg_63667                 |   16|    0|   16|          0|
    |add21_i_10_8_reg_63642                 |   16|    0|   16|          0|
    |add21_i_10_9_reg_63647                 |   16|    0|   16|          0|
    |add21_i_10_reg_63632                   |   16|    0|   16|          0|
    |add21_i_10_s_reg_63637                 |   16|    0|   16|          0|
    |add21_i_11_1_1_reg_64097               |   16|    0|   16|          0|
    |add21_i_11_1_2_reg_64102               |   16|    0|   16|          0|
    |add21_i_11_1_3_reg_64107               |   16|    0|   16|          0|
    |add21_i_11_1_reg_64092                 |   16|    0|   16|          0|
    |add21_i_11_2_1_reg_64307               |   16|    0|   16|          0|
    |add21_i_11_2_reg_64302                 |   16|    0|   16|          0|
    |add21_i_11_4_reg_63692                 |   16|    0|   16|          0|
    |add21_i_11_5_reg_63697                 |   16|    0|   16|          0|
    |add21_i_11_6_reg_63702                 |   16|    0|   16|          0|
    |add21_i_11_7_reg_63707                 |   16|    0|   16|          0|
    |add21_i_11_8_reg_63682                 |   16|    0|   16|          0|
    |add21_i_11_9_reg_63687                 |   16|    0|   16|          0|
    |add21_i_11_reg_63672                   |   16|    0|   16|          0|
    |add21_i_11_s_reg_63677                 |   16|    0|   16|          0|
    |add21_i_1249_1_reg_63877               |   16|    0|   16|          0|
    |add21_i_1249_2_reg_63882               |   16|    0|   16|          0|
    |add21_i_1249_3_reg_63887               |   16|    0|   16|          0|
    |add21_i_12_1_1_reg_64117               |   16|    0|   16|          0|
    |add21_i_12_1_2_reg_64122               |   16|    0|   16|          0|
    |add21_i_12_1_3_reg_64127               |   16|    0|   16|          0|
    |add21_i_12_1_reg_64112                 |   16|    0|   16|          0|
    |add21_i_12_2_1_reg_64317               |   16|    0|   16|          0|
    |add21_i_12_2_reg_64312                 |   16|    0|   16|          0|
    |add21_i_12_4_reg_63732                 |   16|    0|   16|          0|
    |add21_i_12_5_reg_63737                 |   16|    0|   16|          0|
    |add21_i_12_6_reg_63742                 |   16|    0|   16|          0|
    |add21_i_12_7_reg_63747                 |   16|    0|   16|          0|
    |add21_i_12_8_reg_63722                 |   16|    0|   16|          0|
    |add21_i_12_9_reg_63727                 |   16|    0|   16|          0|
    |add21_i_12_reg_63712                   |   16|    0|   16|          0|
    |add21_i_12_s_reg_63717                 |   16|    0|   16|          0|
    |add21_i_13_1_1_reg_64137               |   16|    0|   16|          0|
    |add21_i_13_1_2_reg_64142               |   16|    0|   16|          0|
    |add21_i_13_1_3_reg_64147               |   16|    0|   16|          0|
    |add21_i_13_1_reg_64132                 |   16|    0|   16|          0|
    |add21_i_13_2_1_reg_64327               |   16|    0|   16|          0|
    |add21_i_13_2_reg_64322                 |   16|    0|   16|          0|
    |add21_i_13_4_reg_63772                 |   16|    0|   16|          0|
    |add21_i_13_5_reg_63777                 |   16|    0|   16|          0|
    |add21_i_13_6_reg_63782                 |   16|    0|   16|          0|
    |add21_i_13_7_reg_63787                 |   16|    0|   16|          0|
    |add21_i_13_8_reg_63762                 |   16|    0|   16|          0|
    |add21_i_13_9_reg_63767                 |   16|    0|   16|          0|
    |add21_i_13_reg_63752                   |   16|    0|   16|          0|
    |add21_i_13_s_reg_63757                 |   16|    0|   16|          0|
    |add21_i_14_1_1_reg_64157               |   16|    0|   16|          0|
    |add21_i_14_1_2_reg_64162               |   16|    0|   16|          0|
    |add21_i_14_1_3_reg_64167               |   16|    0|   16|          0|
    |add21_i_14_1_reg_64152                 |   16|    0|   16|          0|
    |add21_i_14_2_1_reg_64337               |   16|    0|   16|          0|
    |add21_i_14_2_reg_64332                 |   16|    0|   16|          0|
    |add21_i_14_4_reg_63812                 |   16|    0|   16|          0|
    |add21_i_14_5_reg_63817                 |   16|    0|   16|          0|
    |add21_i_14_6_reg_63822                 |   16|    0|   16|          0|
    |add21_i_14_7_reg_63827                 |   16|    0|   16|          0|
    |add21_i_14_8_reg_63802                 |   16|    0|   16|          0|
    |add21_i_14_9_reg_63807                 |   16|    0|   16|          0|
    |add21_i_14_reg_63792                   |   16|    0|   16|          0|
    |add21_i_14_s_reg_63797                 |   16|    0|   16|          0|
    |add21_i_15_1_1_reg_64177               |   16|    0|   16|          0|
    |add21_i_15_1_2_reg_64182               |   16|    0|   16|          0|
    |add21_i_15_1_3_reg_64187               |   16|    0|   16|          0|
    |add21_i_15_1_reg_64172                 |   16|    0|   16|          0|
    |add21_i_15_2_1_reg_64347               |   16|    0|   16|          0|
    |add21_i_15_2_reg_64342                 |   16|    0|   16|          0|
    |add21_i_15_4_reg_63852                 |   16|    0|   16|          0|
    |add21_i_15_5_reg_63857                 |   16|    0|   16|          0|
    |add21_i_15_6_reg_63862                 |   16|    0|   16|          0|
    |add21_i_15_7_reg_63867                 |   16|    0|   16|          0|
    |add21_i_15_8_reg_63842                 |   16|    0|   16|          0|
    |add21_i_15_9_reg_63847                 |   16|    0|   16|          0|
    |add21_i_15_reg_63832                   |   16|    0|   16|          0|
    |add21_i_15_s_reg_63837                 |   16|    0|   16|          0|
    |add21_i_16_reg_63242                   |   16|    0|   16|          0|
    |add21_i_17_reg_63247                   |   16|    0|   16|          0|
    |add21_i_18_reg_63252                   |   16|    0|   16|          0|
    |add21_i_19_reg_63257                   |   16|    0|   16|          0|
    |add21_i_1_1_1_reg_63897                |   16|    0|   16|          0|
    |add21_i_1_1_2_reg_63902                |   16|    0|   16|          0|
    |add21_i_1_1_3_reg_63907                |   16|    0|   16|          0|
    |add21_i_1_1_reg_63892                  |   16|    0|   16|          0|
    |add21_i_1_2_1_reg_64207                |   16|    0|   16|          0|
    |add21_i_1_2_reg_64202                  |   16|    0|   16|          0|
    |add21_i_1_4_reg_63292                  |   16|    0|   16|          0|
    |add21_i_1_5_reg_63297                  |   16|    0|   16|          0|
    |add21_i_1_6_reg_63302                  |   16|    0|   16|          0|
    |add21_i_1_7_reg_63307                  |   16|    0|   16|          0|
    |add21_i_1_8_reg_63282                  |   16|    0|   16|          0|
    |add21_i_1_9_reg_63287                  |   16|    0|   16|          0|
    |add21_i_1_reg_63272                    |   16|    0|   16|          0|
    |add21_i_1_s_reg_63277                  |   16|    0|   16|          0|
    |add21_i_20_reg_63262                   |   16|    0|   16|          0|
    |add21_i_21_reg_63267                   |   16|    0|   16|          0|
    |add21_i_2257_1_reg_64197               |   16|    0|   16|          0|
    |add21_i_22_reg_63872                   |   16|    0|   16|          0|
    |add21_i_23_reg_64192                   |   16|    0|   16|          0|
    |add21_i_2_1_1_reg_63917                |   16|    0|   16|          0|
    |add21_i_2_1_2_reg_63922                |   16|    0|   16|          0|
    |add21_i_2_1_3_reg_63927                |   16|    0|   16|          0|
    |add21_i_2_1_reg_63912                  |   16|    0|   16|          0|
    |add21_i_2_2_1_reg_64217                |   16|    0|   16|          0|
    |add21_i_2_2_reg_64212                  |   16|    0|   16|          0|
    |add21_i_2_4_reg_63332                  |   16|    0|   16|          0|
    |add21_i_2_5_reg_63337                  |   16|    0|   16|          0|
    |add21_i_2_6_reg_63342                  |   16|    0|   16|          0|
    |add21_i_2_7_reg_63347                  |   16|    0|   16|          0|
    |add21_i_2_8_reg_63322                  |   16|    0|   16|          0|
    |add21_i_2_9_reg_63327                  |   16|    0|   16|          0|
    |add21_i_2_reg_63312                    |   16|    0|   16|          0|
    |add21_i_2_s_reg_63317                  |   16|    0|   16|          0|
    |add21_i_3_1_1_reg_63937                |   16|    0|   16|          0|
    |add21_i_3_1_2_reg_63942                |   16|    0|   16|          0|
    |add21_i_3_1_3_reg_63947                |   16|    0|   16|          0|
    |add21_i_3_1_reg_63932                  |   16|    0|   16|          0|
    |add21_i_3_2_1_reg_64227                |   16|    0|   16|          0|
    |add21_i_3_2_reg_64222                  |   16|    0|   16|          0|
    |add21_i_3_4_reg_63372                  |   16|    0|   16|          0|
    |add21_i_3_5_reg_63377                  |   16|    0|   16|          0|
    |add21_i_3_6_reg_63382                  |   16|    0|   16|          0|
    |add21_i_3_7_reg_63387                  |   16|    0|   16|          0|
    |add21_i_3_8_reg_63362                  |   16|    0|   16|          0|
    |add21_i_3_9_reg_63367                  |   16|    0|   16|          0|
    |add21_i_3_reg_63352                    |   16|    0|   16|          0|
    |add21_i_3_s_reg_63357                  |   16|    0|   16|          0|
    |add21_i_4_1_1_reg_63957                |   16|    0|   16|          0|
    |add21_i_4_1_2_reg_63962                |   16|    0|   16|          0|
    |add21_i_4_1_3_reg_63967                |   16|    0|   16|          0|
    |add21_i_4_1_reg_63952                  |   16|    0|   16|          0|
    |add21_i_4_2_1_reg_64237                |   16|    0|   16|          0|
    |add21_i_4_2_reg_64232                  |   16|    0|   16|          0|
    |add21_i_4_4_reg_63412                  |   16|    0|   16|          0|
    |add21_i_4_5_reg_63417                  |   16|    0|   16|          0|
    |add21_i_4_6_reg_63422                  |   16|    0|   16|          0|
    |add21_i_4_7_reg_63427                  |   16|    0|   16|          0|
    |add21_i_4_8_reg_63402                  |   16|    0|   16|          0|
    |add21_i_4_9_reg_63407                  |   16|    0|   16|          0|
    |add21_i_4_reg_63392                    |   16|    0|   16|          0|
    |add21_i_4_s_reg_63397                  |   16|    0|   16|          0|
    |add21_i_5_1_1_reg_63977                |   16|    0|   16|          0|
    |add21_i_5_1_2_reg_63982                |   16|    0|   16|          0|
    |add21_i_5_1_3_reg_63987                |   16|    0|   16|          0|
    |add21_i_5_1_reg_63972                  |   16|    0|   16|          0|
    |add21_i_5_2_1_reg_64247                |   16|    0|   16|          0|
    |add21_i_5_2_reg_64242                  |   16|    0|   16|          0|
    |add21_i_5_4_reg_63452                  |   16|    0|   16|          0|
    |add21_i_5_5_reg_63457                  |   16|    0|   16|          0|
    |add21_i_5_6_reg_63462                  |   16|    0|   16|          0|
    |add21_i_5_7_reg_63467                  |   16|    0|   16|          0|
    |add21_i_5_8_reg_63442                  |   16|    0|   16|          0|
    |add21_i_5_9_reg_63447                  |   16|    0|   16|          0|
    |add21_i_5_reg_63432                    |   16|    0|   16|          0|
    |add21_i_5_s_reg_63437                  |   16|    0|   16|          0|
    |add21_i_6_1_1_reg_63997                |   16|    0|   16|          0|
    |add21_i_6_1_2_reg_64002                |   16|    0|   16|          0|
    |add21_i_6_1_3_reg_64007                |   16|    0|   16|          0|
    |add21_i_6_1_reg_63992                  |   16|    0|   16|          0|
    |add21_i_6_2_1_reg_64257                |   16|    0|   16|          0|
    |add21_i_6_2_reg_64252                  |   16|    0|   16|          0|
    |add21_i_6_4_reg_63492                  |   16|    0|   16|          0|
    |add21_i_6_5_reg_63497                  |   16|    0|   16|          0|
    |add21_i_6_6_reg_63502                  |   16|    0|   16|          0|
    |add21_i_6_7_reg_63507                  |   16|    0|   16|          0|
    |add21_i_6_8_reg_63482                  |   16|    0|   16|          0|
    |add21_i_6_9_reg_63487                  |   16|    0|   16|          0|
    |add21_i_6_reg_63472                    |   16|    0|   16|          0|
    |add21_i_6_s_reg_63477                  |   16|    0|   16|          0|
    |add21_i_7_1_1_reg_64017                |   16|    0|   16|          0|
    |add21_i_7_1_2_reg_64022                |   16|    0|   16|          0|
    |add21_i_7_1_3_reg_64027                |   16|    0|   16|          0|
    |add21_i_7_1_reg_64012                  |   16|    0|   16|          0|
    |add21_i_7_2_1_reg_64267                |   16|    0|   16|          0|
    |add21_i_7_2_reg_64262                  |   16|    0|   16|          0|
    |add21_i_7_4_reg_63532                  |   16|    0|   16|          0|
    |add21_i_7_5_reg_63537                  |   16|    0|   16|          0|
    |add21_i_7_6_reg_63542                  |   16|    0|   16|          0|
    |add21_i_7_7_reg_63547                  |   16|    0|   16|          0|
    |add21_i_7_8_reg_63522                  |   16|    0|   16|          0|
    |add21_i_7_9_reg_63527                  |   16|    0|   16|          0|
    |add21_i_7_reg_63512                    |   16|    0|   16|          0|
    |add21_i_7_s_reg_63517                  |   16|    0|   16|          0|
    |add21_i_8_1_1_reg_64037                |   16|    0|   16|          0|
    |add21_i_8_1_2_reg_64042                |   16|    0|   16|          0|
    |add21_i_8_1_3_reg_64047                |   16|    0|   16|          0|
    |add21_i_8_1_reg_64032                  |   16|    0|   16|          0|
    |add21_i_8_2_1_reg_64277                |   16|    0|   16|          0|
    |add21_i_8_2_reg_64272                  |   16|    0|   16|          0|
    |add21_i_8_4_reg_63572                  |   16|    0|   16|          0|
    |add21_i_8_5_reg_63577                  |   16|    0|   16|          0|
    |add21_i_8_6_reg_63582                  |   16|    0|   16|          0|
    |add21_i_8_7_reg_63587                  |   16|    0|   16|          0|
    |add21_i_8_8_reg_63562                  |   16|    0|   16|          0|
    |add21_i_8_9_reg_63567                  |   16|    0|   16|          0|
    |add21_i_8_reg_63552                    |   16|    0|   16|          0|
    |add21_i_8_s_reg_63557                  |   16|    0|   16|          0|
    |add21_i_9_1_1_reg_64057                |   16|    0|   16|          0|
    |add21_i_9_1_2_reg_64062                |   16|    0|   16|          0|
    |add21_i_9_1_3_reg_64067                |   16|    0|   16|          0|
    |add21_i_9_1_reg_64052                  |   16|    0|   16|          0|
    |add21_i_9_2_1_reg_64287                |   16|    0|   16|          0|
    |add21_i_9_2_reg_64282                  |   16|    0|   16|          0|
    |add21_i_9_4_reg_63612                  |   16|    0|   16|          0|
    |add21_i_9_5_reg_63617                  |   16|    0|   16|          0|
    |add21_i_9_6_reg_63622                  |   16|    0|   16|          0|
    |add21_i_9_7_reg_63627                  |   16|    0|   16|          0|
    |add21_i_9_8_reg_63602                  |   16|    0|   16|          0|
    |add21_i_9_9_reg_63607                  |   16|    0|   16|          0|
    |add21_i_9_reg_63592                    |   16|    0|   16|          0|
    |add21_i_9_s_reg_63597                  |   16|    0|   16|          0|
    |add21_i_reg_63232                      |   16|    0|   16|          0|
    |add21_i_s_reg_63237                    |   16|    0|   16|          0|
    |add74_10_reg_64583                     |   16|    0|   16|          0|
    |add74_11_reg_64588                     |   16|    0|   16|          0|
    |add74_12_reg_64593                     |   16|    0|   16|          0|
    |add74_13_reg_64598                     |   16|    0|   16|          0|
    |add74_14_reg_64603                     |   16|    0|   16|          0|
    |add74_1_reg_64533                      |   16|    0|   16|          0|
    |add74_2_reg_64538                      |   16|    0|   16|          0|
    |add74_3_reg_64543                      |   16|    0|   16|          0|
    |add74_4_reg_64548                      |   16|    0|   16|          0|
    |add74_5_reg_64553                      |   16|    0|   16|          0|
    |add74_6_reg_64558                      |   16|    0|   16|          0|
    |add74_7_reg_64563                      |   16|    0|   16|          0|
    |add74_8_reg_64568                      |   16|    0|   16|          0|
    |add74_9_reg_64573                      |   16|    0|   16|          0|
    |add74_s_reg_64578                      |   16|    0|   16|          0|
    |add_ln49_1_reg_48965                   |   32|    0|   32|          0|
    |add_ln81_100_reg_56194                 |    5|    0|    5|          0|
    |add_ln81_102_reg_56215                 |    5|    0|    5|          0|
    |add_ln81_104_reg_56236                 |    5|    0|    5|          0|
    |add_ln81_106_reg_56257                 |    5|    0|    5|          0|
    |add_ln81_108_reg_56278                 |    5|    0|    5|          0|
    |add_ln81_10_reg_55127                  |    5|    0|    5|          0|
    |add_ln81_110_reg_56299                 |    5|    0|    5|          0|
    |add_ln81_112_reg_56320                 |    5|    0|    5|          0|
    |add_ln81_114_reg_56341                 |    5|    0|    5|          0|
    |add_ln81_116_reg_56362                 |    5|    0|    5|          0|
    |add_ln81_118_reg_56383                 |    5|    0|    5|          0|
    |add_ln81_120_reg_56404                 |    5|    0|    5|          0|
    |add_ln81_122_reg_56425                 |    5|    0|    5|          0|
    |add_ln81_124_reg_56446                 |    5|    0|    5|          0|
    |add_ln81_126_reg_56467                 |    5|    0|    5|          0|
    |add_ln81_128_reg_56488                 |    5|    0|    5|          0|
    |add_ln81_12_reg_55169                  |    5|    0|    5|          0|
    |add_ln81_130_reg_56509                 |    5|    0|    5|          0|
    |add_ln81_132_reg_56530                 |    5|    0|    5|          0|
    |add_ln81_134_reg_56551                 |    5|    0|    5|          0|
    |add_ln81_136_reg_56572                 |    5|    0|    5|          0|
    |add_ln81_138_reg_56593                 |    5|    0|    5|          0|
    |add_ln81_140_reg_56614                 |    5|    0|    5|          0|
    |add_ln81_142_reg_56635                 |    5|    0|    5|          0|
    |add_ln81_144_reg_56656                 |    5|    0|    5|          0|
    |add_ln81_146_reg_56677                 |    5|    0|    5|          0|
    |add_ln81_148_reg_56698                 |    5|    0|    5|          0|
    |add_ln81_14_reg_55211                  |    5|    0|    5|          0|
    |add_ln81_150_reg_56719                 |    5|    0|    5|          0|
    |add_ln81_152_reg_56740                 |    5|    0|    5|          0|
    |add_ln81_154_reg_56761                 |    5|    0|    5|          0|
    |add_ln81_156_reg_56782                 |    5|    0|    5|          0|
    |add_ln81_158_reg_56803                 |    5|    0|    5|          0|
    |add_ln81_160_reg_56824                 |    5|    0|    5|          0|
    |add_ln81_162_reg_56845                 |    5|    0|    5|          0|
    |add_ln81_164_reg_56866                 |    5|    0|    5|          0|
    |add_ln81_166_reg_56887                 |    5|    0|    5|          0|
    |add_ln81_168_reg_56908                 |    5|    0|    5|          0|
    |add_ln81_16_reg_55253                  |    5|    0|    5|          0|
    |add_ln81_170_reg_56929                 |    5|    0|    5|          0|
    |add_ln81_172_reg_56950                 |    5|    0|    5|          0|
    |add_ln81_174_reg_56971                 |    5|    0|    5|          0|
    |add_ln81_176_reg_56992                 |    5|    0|    5|          0|
    |add_ln81_178_reg_57013                 |    5|    0|    5|          0|
    |add_ln81_180_reg_57034                 |    5|    0|    5|          0|
    |add_ln81_182_reg_57055                 |    5|    0|    5|          0|
    |add_ln81_184_reg_57076                 |    5|    0|    5|          0|
    |add_ln81_186_reg_57097                 |    5|    0|    5|          0|
    |add_ln81_188_reg_57118                 |    5|    0|    5|          0|
    |add_ln81_18_reg_55295                  |    5|    0|    5|          0|
    |add_ln81_190_reg_57139                 |    5|    0|    5|          0|
    |add_ln81_192_reg_57160                 |    5|    0|    5|          0|
    |add_ln81_194_reg_57181                 |    5|    0|    5|          0|
    |add_ln81_196_reg_57202                 |    5|    0|    5|          0|
    |add_ln81_198_reg_57223                 |    5|    0|    5|          0|
    |add_ln81_200_reg_57244                 |    5|    0|    5|          0|
    |add_ln81_202_reg_57265                 |    5|    0|    5|          0|
    |add_ln81_204_reg_57286                 |    5|    0|    5|          0|
    |add_ln81_206_reg_57307                 |    5|    0|    5|          0|
    |add_ln81_208_reg_57328                 |    5|    0|    5|          0|
    |add_ln81_20_reg_55337                  |    5|    0|    5|          0|
    |add_ln81_210_reg_57349                 |    5|    0|    5|          0|
    |add_ln81_212_reg_57370                 |    5|    0|    5|          0|
    |add_ln81_214_reg_57391                 |    5|    0|    5|          0|
    |add_ln81_216_reg_57412                 |    5|    0|    5|          0|
    |add_ln81_218_reg_57433                 |    5|    0|    5|          0|
    |add_ln81_220_reg_57454                 |    5|    0|    5|          0|
    |add_ln81_222_reg_57475                 |    5|    0|    5|          0|
    |add_ln81_224_reg_57496                 |    5|    0|    5|          0|
    |add_ln81_226_reg_57517                 |    5|    0|    5|          0|
    |add_ln81_228_reg_57538                 |    5|    0|    5|          0|
    |add_ln81_22_reg_55379                  |    5|    0|    5|          0|
    |add_ln81_230_reg_57559                 |    5|    0|    5|          0|
    |add_ln81_232_reg_57580                 |    5|    0|    5|          0|
    |add_ln81_234_reg_57601                 |    5|    0|    5|          0|
    |add_ln81_236_reg_57622                 |    5|    0|    5|          0|
    |add_ln81_238_reg_57643                 |    5|    0|    5|          0|
    |add_ln81_240_reg_57664                 |    5|    0|    5|          0|
    |add_ln81_242_reg_57685                 |    5|    0|    5|          0|
    |add_ln81_244_reg_57706                 |    5|    0|    5|          0|
    |add_ln81_246_reg_57727                 |    5|    0|    5|          0|
    |add_ln81_248_reg_57748                 |    5|    0|    5|          0|
    |add_ln81_24_reg_55421                  |    5|    0|    5|          0|
    |add_ln81_250_reg_57769                 |    5|    0|    5|          0|
    |add_ln81_252_reg_57790                 |    5|    0|    5|          0|
    |add_ln81_254_reg_57811                 |    5|    0|    5|          0|
    |add_ln81_256_reg_57832                 |    5|    0|    5|          0|
    |add_ln81_258_reg_57853                 |    5|    0|    5|          0|
    |add_ln81_260_reg_57874                 |    5|    0|    5|          0|
    |add_ln81_262_reg_57895                 |    5|    0|    5|          0|
    |add_ln81_264_reg_57916                 |    5|    0|    5|          0|
    |add_ln81_266_reg_57937                 |    5|    0|    5|          0|
    |add_ln81_268_reg_57958                 |    5|    0|    5|          0|
    |add_ln81_26_reg_55463                  |    5|    0|    5|          0|
    |add_ln81_270_reg_57979                 |    5|    0|    5|          0|
    |add_ln81_272_reg_58000                 |    5|    0|    5|          0|
    |add_ln81_274_reg_58021                 |    5|    0|    5|          0|
    |add_ln81_276_reg_58042                 |    5|    0|    5|          0|
    |add_ln81_278_reg_58063                 |    5|    0|    5|          0|
    |add_ln81_280_reg_58084                 |    5|    0|    5|          0|
    |add_ln81_282_reg_58105                 |    5|    0|    5|          0|
    |add_ln81_284_reg_58126                 |    5|    0|    5|          0|
    |add_ln81_286_reg_58147                 |    5|    0|    5|          0|
    |add_ln81_288_reg_58168                 |    5|    0|    5|          0|
    |add_ln81_28_reg_55505                  |    5|    0|    5|          0|
    |add_ln81_290_reg_58189                 |    5|    0|    5|          0|
    |add_ln81_292_reg_58210                 |    5|    0|    5|          0|
    |add_ln81_294_reg_58231                 |    5|    0|    5|          0|
    |add_ln81_296_reg_58252                 |    5|    0|    5|          0|
    |add_ln81_298_reg_58273                 |    5|    0|    5|          0|
    |add_ln81_2_reg_54959                   |    5|    0|    5|          0|
    |add_ln81_300_reg_58294                 |    5|    0|    5|          0|
    |add_ln81_302_reg_58315                 |    5|    0|    5|          0|
    |add_ln81_304_reg_58336                 |    5|    0|    5|          0|
    |add_ln81_306_reg_58357                 |    5|    0|    5|          0|
    |add_ln81_308_reg_58378                 |    5|    0|    5|          0|
    |add_ln81_30_reg_55547                  |    5|    0|    5|          0|
    |add_ln81_310_reg_58399                 |    5|    0|    5|          0|
    |add_ln81_312_reg_58420                 |    5|    0|    5|          0|
    |add_ln81_314_reg_58441                 |    5|    0|    5|          0|
    |add_ln81_316_reg_58462                 |    5|    0|    5|          0|
    |add_ln81_318_reg_58483                 |    5|    0|    5|          0|
    |add_ln81_320_reg_58504                 |    5|    0|    5|          0|
    |add_ln81_322_reg_58525                 |    5|    0|    5|          0|
    |add_ln81_324_reg_58546                 |    5|    0|    5|          0|
    |add_ln81_326_reg_58567                 |    5|    0|    5|          0|
    |add_ln81_328_reg_58588                 |    5|    0|    5|          0|
    |add_ln81_32_reg_55568                  |    5|    0|    5|          0|
    |add_ln81_330_reg_58609                 |    5|    0|    5|          0|
    |add_ln81_332_reg_58630                 |    5|    0|    5|          0|
    |add_ln81_334_reg_58651                 |    5|    0|    5|          0|
    |add_ln81_336_reg_58672                 |    5|    0|    5|          0|
    |add_ln81_338_reg_58693                 |    5|    0|    5|          0|
    |add_ln81_33_reg_55573                  |    5|    0|    5|          0|
    |add_ln81_340_reg_58714                 |    5|    0|    5|          0|
    |add_ln81_342_reg_58735                 |    5|    0|    5|          0|
    |add_ln81_344_reg_58756                 |    5|    0|    5|          0|
    |add_ln81_346_reg_58777                 |    5|    0|    5|          0|
    |add_ln81_348_reg_58798                 |    5|    0|    5|          0|
    |add_ln81_350_reg_58819                 |    5|    0|    5|          0|
    |add_ln81_352_reg_58840                 |    5|    0|    5|          0|
    |add_ln81_354_reg_58861                 |    5|    0|    5|          0|
    |add_ln81_356_reg_58882                 |    5|    0|    5|          0|
    |add_ln81_358_reg_58903                 |    5|    0|    5|          0|
    |add_ln81_35_reg_55594                  |    5|    0|    5|          0|
    |add_ln81_360_reg_58924                 |    5|    0|    5|          0|
    |add_ln81_362_reg_58945                 |    5|    0|    5|          0|
    |add_ln81_364_reg_58966                 |    5|    0|    5|          0|
    |add_ln81_366_reg_58987                 |    5|    0|    5|          0|
    |add_ln81_368_reg_59008                 |    5|    0|    5|          0|
    |add_ln81_36_reg_55599                  |    5|    0|    5|          0|
    |add_ln81_370_reg_59029                 |    5|    0|    5|          0|
    |add_ln81_372_reg_59050                 |    5|    0|    5|          0|
    |add_ln81_374_reg_59071                 |    5|    0|    5|          0|
    |add_ln81_376_reg_59092                 |    5|    0|    5|          0|
    |add_ln81_378_reg_59113                 |    5|    0|    5|          0|
    |add_ln81_380_reg_59134                 |    5|    0|    5|          0|
    |add_ln81_382_reg_59155                 |    5|    0|    5|          0|
    |add_ln81_384_reg_59176                 |    5|    0|    5|          0|
    |add_ln81_386_reg_59197                 |    5|    0|    5|          0|
    |add_ln81_388_reg_59218                 |    5|    0|    5|          0|
    |add_ln81_38_reg_55620                  |    5|    0|    5|          0|
    |add_ln81_390_reg_59239                 |    5|    0|    5|          0|
    |add_ln81_392_reg_59260                 |    5|    0|    5|          0|
    |add_ln81_394_reg_59281                 |    5|    0|    5|          0|
    |add_ln81_396_reg_59302                 |    5|    0|    5|          0|
    |add_ln81_398_reg_59323                 |    5|    0|    5|          0|
    |add_ln81_39_reg_55625                  |    5|    0|    5|          0|
    |add_ln81_400_reg_59344                 |    5|    0|    5|          0|
    |add_ln81_402_reg_59365                 |    5|    0|    5|          0|
    |add_ln81_404_reg_59386                 |    5|    0|    5|          0|
    |add_ln81_406_reg_59407                 |    5|    0|    5|          0|
    |add_ln81_408_reg_59428                 |    5|    0|    5|          0|
    |add_ln81_410_reg_59449                 |    5|    0|    5|          0|
    |add_ln81_412_reg_59470                 |    5|    0|    5|          0|
    |add_ln81_414_reg_59491                 |    5|    0|    5|          0|
    |add_ln81_416_reg_59512                 |    5|    0|    5|          0|
    |add_ln81_418_reg_59533                 |    5|    0|    5|          0|
    |add_ln81_41_reg_55646                  |    5|    0|    5|          0|
    |add_ln81_420_reg_59554                 |    5|    0|    5|          0|
    |add_ln81_422_reg_59575                 |    5|    0|    5|          0|
    |add_ln81_424_reg_59596                 |    5|    0|    5|          0|
    |add_ln81_426_reg_59617                 |    5|    0|    5|          0|
    |add_ln81_428_reg_59638                 |    5|    0|    5|          0|
    |add_ln81_42_reg_55651                  |    5|    0|    5|          0|
    |add_ln81_430_reg_59659                 |    5|    0|    5|          0|
    |add_ln81_432_reg_59680                 |    5|    0|    5|          0|
    |add_ln81_434_reg_59701                 |    5|    0|    5|          0|
    |add_ln81_436_reg_59722                 |    5|    0|    5|          0|
    |add_ln81_438_reg_59743                 |    5|    0|    5|          0|
    |add_ln81_440_reg_59764                 |    5|    0|    5|          0|
    |add_ln81_442_reg_59785                 |    5|    0|    5|          0|
    |add_ln81_444_reg_59806                 |    5|    0|    5|          0|
    |add_ln81_446_reg_59827                 |    5|    0|    5|          0|
    |add_ln81_448_reg_59848                 |    5|    0|    5|          0|
    |add_ln81_44_reg_55672                  |    5|    0|    5|          0|
    |add_ln81_450_reg_59869                 |    5|    0|    5|          0|
    |add_ln81_452_reg_59890                 |    5|    0|    5|          0|
    |add_ln81_454_reg_59911                 |    5|    0|    5|          0|
    |add_ln81_456_reg_59932                 |    5|    0|    5|          0|
    |add_ln81_458_reg_59953                 |    5|    0|    5|          0|
    |add_ln81_45_reg_55677                  |    5|    0|    5|          0|
    |add_ln81_460_reg_59974                 |    5|    0|    5|          0|
    |add_ln81_462_reg_59995                 |    5|    0|    5|          0|
    |add_ln81_464_reg_60016                 |    5|    0|    5|          0|
    |add_ln81_466_reg_60037                 |    5|    0|    5|          0|
    |add_ln81_468_reg_60058                 |    5|    0|    5|          0|
    |add_ln81_470_reg_60079                 |    5|    0|    5|          0|
    |add_ln81_472_reg_60100                 |    5|    0|    5|          0|
    |add_ln81_474_reg_60121                 |    5|    0|    5|          0|
    |add_ln81_476_reg_60142                 |    5|    0|    5|          0|
    |add_ln81_478_reg_60163                 |    5|    0|    5|          0|
    |add_ln81_47_reg_55698                  |    5|    0|    5|          0|
    |add_ln81_480_reg_60184                 |    5|    0|    5|          0|
    |add_ln81_482_reg_60205                 |    5|    0|    5|          0|
    |add_ln81_484_reg_60226                 |    5|    0|    5|          0|
    |add_ln81_486_reg_60247                 |    5|    0|    5|          0|
    |add_ln81_488_reg_60268                 |    5|    0|    5|          0|
    |add_ln81_48_reg_55703                  |    5|    0|    5|          0|
    |add_ln81_490_reg_60289                 |    5|    0|    5|          0|
    |add_ln81_492_reg_60310                 |    5|    0|    5|          0|
    |add_ln81_494_reg_60331                 |    5|    0|    5|          0|
    |add_ln81_496_reg_60352                 |    5|    0|    5|          0|
    |add_ln81_498_reg_60373                 |    5|    0|    5|          0|
    |add_ln81_4_reg_55001                   |    5|    0|    5|          0|
    |add_ln81_500_reg_60394                 |    5|    0|    5|          0|
    |add_ln81_502_reg_60415                 |    5|    0|    5|          0|
    |add_ln81_504_reg_60436                 |    5|    0|    5|          0|
    |add_ln81_506_reg_60457                 |    5|    0|    5|          0|
    |add_ln81_508_reg_60478                 |    5|    0|    5|          0|
    |add_ln81_50_reg_55724                  |    5|    0|    5|          0|
    |add_ln81_510_reg_60499                 |    5|    0|    5|          0|
    |add_ln81_512_reg_60520                 |    5|    0|    5|          0|
    |add_ln81_514_reg_60541                 |    5|    0|    5|          0|
    |add_ln81_516_reg_60562                 |    5|    0|    5|          0|
    |add_ln81_518_reg_60583                 |    5|    0|    5|          0|
    |add_ln81_51_reg_55729                  |    5|    0|    5|          0|
    |add_ln81_520_reg_60604                 |    5|    0|    5|          0|
    |add_ln81_522_reg_60625                 |    5|    0|    5|          0|
    |add_ln81_524_reg_60646                 |    5|    0|    5|          0|
    |add_ln81_526_reg_60667                 |    5|    0|    5|          0|
    |add_ln81_53_reg_55750                  |    5|    0|    5|          0|
    |add_ln81_54_reg_55755                  |    5|    0|    5|          0|
    |add_ln81_56_reg_55776                  |    5|    0|    5|          0|
    |add_ln81_57_reg_55781                  |    5|    0|    5|          0|
    |add_ln81_59_reg_55802                  |    5|    0|    5|          0|
    |add_ln81_60_reg_55807                  |    5|    0|    5|          0|
    |add_ln81_62_reg_55828                  |    5|    0|    5|          0|
    |add_ln81_63_reg_55833                  |    5|    0|    5|          0|
    |add_ln81_65_reg_55854                  |    5|    0|    5|          0|
    |add_ln81_66_reg_55859                  |    5|    0|    5|          0|
    |add_ln81_68_reg_55880                  |    5|    0|    5|          0|
    |add_ln81_69_reg_55885                  |    5|    0|    5|          0|
    |add_ln81_6_reg_55043                   |    5|    0|    5|          0|
    |add_ln81_71_reg_55906                  |    5|    0|    5|          0|
    |add_ln81_72_reg_55911                  |    5|    0|    5|          0|
    |add_ln81_74_reg_55932                  |    5|    0|    5|          0|
    |add_ln81_75_reg_55937                  |    5|    0|    5|          0|
    |add_ln81_77_reg_55958                  |    5|    0|    5|          0|
    |add_ln81_78_reg_55963                  |    5|    0|    5|          0|
    |add_ln81_80_reg_55984                  |    5|    0|    5|          0|
    |add_ln81_82_reg_56005                  |    5|    0|    5|          0|
    |add_ln81_84_reg_56026                  |    5|    0|    5|          0|
    |add_ln81_86_reg_56047                  |    5|    0|    5|          0|
    |add_ln81_88_reg_56068                  |    5|    0|    5|          0|
    |add_ln81_8_reg_55085                   |    5|    0|    5|          0|
    |add_ln81_90_reg_56089                  |    5|    0|    5|          0|
    |add_ln81_92_reg_56110                  |    5|    0|    5|          0|
    |add_ln81_94_reg_56131                  |    5|    0|    5|          0|
    |add_ln81_96_reg_56152                  |    5|    0|    5|          0|
    |add_ln81_98_reg_56173                  |    5|    0|    5|          0|
    |add_ln81_reg_54917                     |    5|    0|    5|          0|
    |add_reg_64528                          |   16|    0|   16|          0|
    |and_ln175_reg_48624                    |    1|    0|    1|          0|
    |ap_CS_fsm                              |    1|    0|    1|          0|
    |ap_done_reg                            |    1|    0|    1|          0|
    |ap_enable_reg_pp0_iter1                |    1|    0|    1|          0|
    |ap_enable_reg_pp0_iter10               |    1|    0|    1|          0|
    |ap_enable_reg_pp0_iter100              |    1|    0|    1|          0|
    |ap_enable_reg_pp0_iter101              |    1|    0|    1|          0|
    |ap_enable_reg_pp0_iter102              |    1|    0|    1|          0|
    |ap_enable_reg_pp0_iter103              |    1|    0|    1|          0|
    |ap_enable_reg_pp0_iter104              |    1|    0|    1|          0|
    |ap_enable_reg_pp0_iter105              |    1|    0|    1|          0|
    |ap_enable_reg_pp0_iter106              |    1|    0|    1|          0|
    |ap_enable_reg_pp0_iter107              |    1|    0|    1|          0|
    |ap_enable_reg_pp0_iter108              |    1|    0|    1|          0|
    |ap_enable_reg_pp0_iter109              |    1|    0|    1|          0|
    |ap_enable_reg_pp0_iter11               |    1|    0|    1|          0|
    |ap_enable_reg_pp0_iter110              |    1|    0|    1|          0|
    |ap_enable_reg_pp0_iter111              |    1|    0|    1|          0|
    |ap_enable_reg_pp0_iter112              |    1|    0|    1|          0|
    |ap_enable_reg_pp0_iter113              |    1|    0|    1|          0|
    |ap_enable_reg_pp0_iter114              |    1|    0|    1|          0|
    |ap_enable_reg_pp0_iter115              |    1|    0|    1|          0|
    |ap_enable_reg_pp0_iter116              |    1|    0|    1|          0|
    |ap_enable_reg_pp0_iter117              |    1|    0|    1|          0|
    |ap_enable_reg_pp0_iter118              |    1|    0|    1|          0|
    |ap_enable_reg_pp0_iter119              |    1|    0|    1|          0|
    |ap_enable_reg_pp0_iter12               |    1|    0|    1|          0|
    |ap_enable_reg_pp0_iter120              |    1|    0|    1|          0|
    |ap_enable_reg_pp0_iter121              |    1|    0|    1|          0|
    |ap_enable_reg_pp0_iter122              |    1|    0|    1|          0|
    |ap_enable_reg_pp0_iter123              |    1|    0|    1|          0|
    |ap_enable_reg_pp0_iter124              |    1|    0|    1|          0|
    |ap_enable_reg_pp0_iter125              |    1|    0|    1|          0|
    |ap_enable_reg_pp0_iter126              |    1|    0|    1|          0|
    |ap_enable_reg_pp0_iter127              |    1|    0|    1|          0|
    |ap_enable_reg_pp0_iter128              |    1|    0|    1|          0|
    |ap_enable_reg_pp0_iter129              |    1|    0|    1|          0|
    |ap_enable_reg_pp0_iter13               |    1|    0|    1|          0|
    |ap_enable_reg_pp0_iter130              |    1|    0|    1|          0|
    |ap_enable_reg_pp0_iter131              |    1|    0|    1|          0|
    |ap_enable_reg_pp0_iter132              |    1|    0|    1|          0|
    |ap_enable_reg_pp0_iter133              |    1|    0|    1|          0|
    |ap_enable_reg_pp0_iter134              |    1|    0|    1|          0|
    |ap_enable_reg_pp0_iter135              |    1|    0|    1|          0|
    |ap_enable_reg_pp0_iter136              |    1|    0|    1|          0|
    |ap_enable_reg_pp0_iter137              |    1|    0|    1|          0|
    |ap_enable_reg_pp0_iter138              |    1|    0|    1|          0|
    |ap_enable_reg_pp0_iter139              |    1|    0|    1|          0|
    |ap_enable_reg_pp0_iter14               |    1|    0|    1|          0|
    |ap_enable_reg_pp0_iter140              |    1|    0|    1|          0|
    |ap_enable_reg_pp0_iter141              |    1|    0|    1|          0|
    |ap_enable_reg_pp0_iter142              |    1|    0|    1|          0|
    |ap_enable_reg_pp0_iter143              |    1|    0|    1|          0|
    |ap_enable_reg_pp0_iter144              |    1|    0|    1|          0|
    |ap_enable_reg_pp0_iter15               |    1|    0|    1|          0|
    |ap_enable_reg_pp0_iter16               |    1|    0|    1|          0|
    |ap_enable_reg_pp0_iter17               |    1|    0|    1|          0|
    |ap_enable_reg_pp0_iter18               |    1|    0|    1|          0|
    |ap_enable_reg_pp0_iter19               |    1|    0|    1|          0|
    |ap_enable_reg_pp0_iter2                |    1|    0|    1|          0|
    |ap_enable_reg_pp0_iter20               |    1|    0|    1|          0|
    |ap_enable_reg_pp0_iter21               |    1|    0|    1|          0|
    |ap_enable_reg_pp0_iter22               |    1|    0|    1|          0|
    |ap_enable_reg_pp0_iter23               |    1|    0|    1|          0|
    |ap_enable_reg_pp0_iter24               |    1|    0|    1|          0|
    |ap_enable_reg_pp0_iter25               |    1|    0|    1|          0|
    |ap_enable_reg_pp0_iter26               |    1|    0|    1|          0|
    |ap_enable_reg_pp0_iter27               |    1|    0|    1|          0|
    |ap_enable_reg_pp0_iter28               |    1|    0|    1|          0|
    |ap_enable_reg_pp0_iter29               |    1|    0|    1|          0|
    |ap_enable_reg_pp0_iter3                |    1|    0|    1|          0|
    |ap_enable_reg_pp0_iter30               |    1|    0|    1|          0|
    |ap_enable_reg_pp0_iter31               |    1|    0|    1|          0|
    |ap_enable_reg_pp0_iter32               |    1|    0|    1|          0|
    |ap_enable_reg_pp0_iter33               |    1|    0|    1|          0|
    |ap_enable_reg_pp0_iter34               |    1|    0|    1|          0|
    |ap_enable_reg_pp0_iter35               |    1|    0|    1|          0|
    |ap_enable_reg_pp0_iter36               |    1|    0|    1|          0|
    |ap_enable_reg_pp0_iter37               |    1|    0|    1|          0|
    |ap_enable_reg_pp0_iter38               |    1|    0|    1|          0|
    |ap_enable_reg_pp0_iter39               |    1|    0|    1|          0|
    |ap_enable_reg_pp0_iter4                |    1|    0|    1|          0|
    |ap_enable_reg_pp0_iter40               |    1|    0|    1|          0|
    |ap_enable_reg_pp0_iter41               |    1|    0|    1|          0|
    |ap_enable_reg_pp0_iter42               |    1|    0|    1|          0|
    |ap_enable_reg_pp0_iter43               |    1|    0|    1|          0|
    |ap_enable_reg_pp0_iter44               |    1|    0|    1|          0|
    |ap_enable_reg_pp0_iter45               |    1|    0|    1|          0|
    |ap_enable_reg_pp0_iter46               |    1|    0|    1|          0|
    |ap_enable_reg_pp0_iter47               |    1|    0|    1|          0|
    |ap_enable_reg_pp0_iter48               |    1|    0|    1|          0|
    |ap_enable_reg_pp0_iter49               |    1|    0|    1|          0|
    |ap_enable_reg_pp0_iter5                |    1|    0|    1|          0|
    |ap_enable_reg_pp0_iter50               |    1|    0|    1|          0|
    |ap_enable_reg_pp0_iter51               |    1|    0|    1|          0|
    |ap_enable_reg_pp0_iter52               |    1|    0|    1|          0|
    |ap_enable_reg_pp0_iter53               |    1|    0|    1|          0|
    |ap_enable_reg_pp0_iter54               |    1|    0|    1|          0|
    |ap_enable_reg_pp0_iter55               |    1|    0|    1|          0|
    |ap_enable_reg_pp0_iter56               |    1|    0|    1|          0|
    |ap_enable_reg_pp0_iter57               |    1|    0|    1|          0|
    |ap_enable_reg_pp0_iter58               |    1|    0|    1|          0|
    |ap_enable_reg_pp0_iter59               |    1|    0|    1|          0|
    |ap_enable_reg_pp0_iter6                |    1|    0|    1|          0|
    |ap_enable_reg_pp0_iter60               |    1|    0|    1|          0|
    |ap_enable_reg_pp0_iter61               |    1|    0|    1|          0|
    |ap_enable_reg_pp0_iter62               |    1|    0|    1|          0|
    |ap_enable_reg_pp0_iter63               |    1|    0|    1|          0|
    |ap_enable_reg_pp0_iter64               |    1|    0|    1|          0|
    |ap_enable_reg_pp0_iter65               |    1|    0|    1|          0|
    |ap_enable_reg_pp0_iter66               |    1|    0|    1|          0|
    |ap_enable_reg_pp0_iter67               |    1|    0|    1|          0|
    |ap_enable_reg_pp0_iter68               |    1|    0|    1|          0|
    |ap_enable_reg_pp0_iter69               |    1|    0|    1|          0|
    |ap_enable_reg_pp0_iter7                |    1|    0|    1|          0|
    |ap_enable_reg_pp0_iter70               |    1|    0|    1|          0|
    |ap_enable_reg_pp0_iter71               |    1|    0|    1|          0|
    |ap_enable_reg_pp0_iter72               |    1|    0|    1|          0|
    |ap_enable_reg_pp0_iter73               |    1|    0|    1|          0|
    |ap_enable_reg_pp0_iter74               |    1|    0|    1|          0|
    |ap_enable_reg_pp0_iter75               |    1|    0|    1|          0|
    |ap_enable_reg_pp0_iter76               |    1|    0|    1|          0|
    |ap_enable_reg_pp0_iter77               |    1|    0|    1|          0|
    |ap_enable_reg_pp0_iter78               |    1|    0|    1|          0|
    |ap_enable_reg_pp0_iter79               |    1|    0|    1|          0|
    |ap_enable_reg_pp0_iter8                |    1|    0|    1|          0|
    |ap_enable_reg_pp0_iter80               |    1|    0|    1|          0|
    |ap_enable_reg_pp0_iter81               |    1|    0|    1|          0|
    |ap_enable_reg_pp0_iter82               |    1|    0|    1|          0|
    |ap_enable_reg_pp0_iter83               |    1|    0|    1|          0|
    |ap_enable_reg_pp0_iter84               |    1|    0|    1|          0|
    |ap_enable_reg_pp0_iter85               |    1|    0|    1|          0|
    |ap_enable_reg_pp0_iter86               |    1|    0|    1|          0|
    |ap_enable_reg_pp0_iter87               |    1|    0|    1|          0|
    |ap_enable_reg_pp0_iter88               |    1|    0|    1|          0|
    |ap_enable_reg_pp0_iter89               |    1|    0|    1|          0|
    |ap_enable_reg_pp0_iter9                |    1|    0|    1|          0|
    |ap_enable_reg_pp0_iter90               |    1|    0|    1|          0|
    |ap_enable_reg_pp0_iter91               |    1|    0|    1|          0|
    |ap_enable_reg_pp0_iter92               |    1|    0|    1|          0|
    |ap_enable_reg_pp0_iter93               |    1|    0|    1|          0|
    |ap_enable_reg_pp0_iter94               |    1|    0|    1|          0|
    |ap_enable_reg_pp0_iter95               |    1|    0|    1|          0|
    |ap_enable_reg_pp0_iter96               |    1|    0|    1|          0|
    |ap_enable_reg_pp0_iter97               |    1|    0|    1|          0|
    |ap_enable_reg_pp0_iter98               |    1|    0|    1|          0|
    |ap_enable_reg_pp0_iter99               |    1|    0|    1|          0|
    |ap_loop_exit_ready_pp0_iter100_reg     |    1|    0|    1|          0|
    |ap_loop_exit_ready_pp0_iter101_reg     |    1|    0|    1|          0|
    |ap_loop_exit_ready_pp0_iter102_reg     |    1|    0|    1|          0|
    |ap_loop_exit_ready_pp0_iter103_reg     |    1|    0|    1|          0|
    |ap_loop_exit_ready_pp0_iter104_reg     |    1|    0|    1|          0|
    |ap_loop_exit_ready_pp0_iter105_reg     |    1|    0|    1|          0|
    |ap_loop_exit_ready_pp0_iter106_reg     |    1|    0|    1|          0|
    |ap_loop_exit_ready_pp0_iter107_reg     |    1|    0|    1|          0|
    |ap_loop_exit_ready_pp0_iter108_reg     |    1|    0|    1|          0|
    |ap_loop_exit_ready_pp0_iter109_reg     |    1|    0|    1|          0|
    |ap_loop_exit_ready_pp0_iter10_reg      |    1|    0|    1|          0|
    |ap_loop_exit_ready_pp0_iter110_reg     |    1|    0|    1|          0|
    |ap_loop_exit_ready_pp0_iter111_reg     |    1|    0|    1|          0|
    |ap_loop_exit_ready_pp0_iter112_reg     |    1|    0|    1|          0|
    |ap_loop_exit_ready_pp0_iter113_reg     |    1|    0|    1|          0|
    |ap_loop_exit_ready_pp0_iter114_reg     |    1|    0|    1|          0|
    |ap_loop_exit_ready_pp0_iter115_reg     |    1|    0|    1|          0|
    |ap_loop_exit_ready_pp0_iter116_reg     |    1|    0|    1|          0|
    |ap_loop_exit_ready_pp0_iter117_reg     |    1|    0|    1|          0|
    |ap_loop_exit_ready_pp0_iter118_reg     |    1|    0|    1|          0|
    |ap_loop_exit_ready_pp0_iter119_reg     |    1|    0|    1|          0|
    |ap_loop_exit_ready_pp0_iter11_reg      |    1|    0|    1|          0|
    |ap_loop_exit_ready_pp0_iter120_reg     |    1|    0|    1|          0|
    |ap_loop_exit_ready_pp0_iter121_reg     |    1|    0|    1|          0|
    |ap_loop_exit_ready_pp0_iter122_reg     |    1|    0|    1|          0|
    |ap_loop_exit_ready_pp0_iter123_reg     |    1|    0|    1|          0|
    |ap_loop_exit_ready_pp0_iter124_reg     |    1|    0|    1|          0|
    |ap_loop_exit_ready_pp0_iter125_reg     |    1|    0|    1|          0|
    |ap_loop_exit_ready_pp0_iter126_reg     |    1|    0|    1|          0|
    |ap_loop_exit_ready_pp0_iter127_reg     |    1|    0|    1|          0|
    |ap_loop_exit_ready_pp0_iter128_reg     |    1|    0|    1|          0|
    |ap_loop_exit_ready_pp0_iter129_reg     |    1|    0|    1|          0|
    |ap_loop_exit_ready_pp0_iter12_reg      |    1|    0|    1|          0|
    |ap_loop_exit_ready_pp0_iter130_reg     |    1|    0|    1|          0|
    |ap_loop_exit_ready_pp0_iter131_reg     |    1|    0|    1|          0|
    |ap_loop_exit_ready_pp0_iter132_reg     |    1|    0|    1|          0|
    |ap_loop_exit_ready_pp0_iter133_reg     |    1|    0|    1|          0|
    |ap_loop_exit_ready_pp0_iter134_reg     |    1|    0|    1|          0|
    |ap_loop_exit_ready_pp0_iter135_reg     |    1|    0|    1|          0|
    |ap_loop_exit_ready_pp0_iter136_reg     |    1|    0|    1|          0|
    |ap_loop_exit_ready_pp0_iter137_reg     |    1|    0|    1|          0|
    |ap_loop_exit_ready_pp0_iter138_reg     |    1|    0|    1|          0|
    |ap_loop_exit_ready_pp0_iter139_reg     |    1|    0|    1|          0|
    |ap_loop_exit_ready_pp0_iter13_reg      |    1|    0|    1|          0|
    |ap_loop_exit_ready_pp0_iter140_reg     |    1|    0|    1|          0|
    |ap_loop_exit_ready_pp0_iter141_reg     |    1|    0|    1|          0|
    |ap_loop_exit_ready_pp0_iter142_reg     |    1|    0|    1|          0|
    |ap_loop_exit_ready_pp0_iter143_reg     |    1|    0|    1|          0|
    |ap_loop_exit_ready_pp0_iter14_reg      |    1|    0|    1|          0|
    |ap_loop_exit_ready_pp0_iter15_reg      |    1|    0|    1|          0|
    |ap_loop_exit_ready_pp0_iter16_reg      |    1|    0|    1|          0|
    |ap_loop_exit_ready_pp0_iter17_reg      |    1|    0|    1|          0|
    |ap_loop_exit_ready_pp0_iter18_reg      |    1|    0|    1|          0|
    |ap_loop_exit_ready_pp0_iter19_reg      |    1|    0|    1|          0|
    |ap_loop_exit_ready_pp0_iter20_reg      |    1|    0|    1|          0|
    |ap_loop_exit_ready_pp0_iter21_reg      |    1|    0|    1|          0|
    |ap_loop_exit_ready_pp0_iter22_reg      |    1|    0|    1|          0|
    |ap_loop_exit_ready_pp0_iter23_reg      |    1|    0|    1|          0|
    |ap_loop_exit_ready_pp0_iter24_reg      |    1|    0|    1|          0|
    |ap_loop_exit_ready_pp0_iter25_reg      |    1|    0|    1|          0|
    |ap_loop_exit_ready_pp0_iter26_reg      |    1|    0|    1|          0|
    |ap_loop_exit_ready_pp0_iter27_reg      |    1|    0|    1|          0|
    |ap_loop_exit_ready_pp0_iter28_reg      |    1|    0|    1|          0|
    |ap_loop_exit_ready_pp0_iter29_reg      |    1|    0|    1|          0|
    |ap_loop_exit_ready_pp0_iter2_reg       |    1|    0|    1|          0|
    |ap_loop_exit_ready_pp0_iter30_reg      |    1|    0|    1|          0|
    |ap_loop_exit_ready_pp0_iter31_reg      |    1|    0|    1|          0|
    |ap_loop_exit_ready_pp0_iter32_reg      |    1|    0|    1|          0|
    |ap_loop_exit_ready_pp0_iter33_reg      |    1|    0|    1|          0|
    |ap_loop_exit_ready_pp0_iter34_reg      |    1|    0|    1|          0|
    |ap_loop_exit_ready_pp0_iter35_reg      |    1|    0|    1|          0|
    |ap_loop_exit_ready_pp0_iter36_reg      |    1|    0|    1|          0|
    |ap_loop_exit_ready_pp0_iter37_reg      |    1|    0|    1|          0|
    |ap_loop_exit_ready_pp0_iter38_reg      |    1|    0|    1|          0|
    |ap_loop_exit_ready_pp0_iter39_reg      |    1|    0|    1|          0|
    |ap_loop_exit_ready_pp0_iter3_reg       |    1|    0|    1|          0|
    |ap_loop_exit_ready_pp0_iter40_reg      |    1|    0|    1|          0|
    |ap_loop_exit_ready_pp0_iter41_reg      |    1|    0|    1|          0|
    |ap_loop_exit_ready_pp0_iter42_reg      |    1|    0|    1|          0|
    |ap_loop_exit_ready_pp0_iter43_reg      |    1|    0|    1|          0|
    |ap_loop_exit_ready_pp0_iter44_reg      |    1|    0|    1|          0|
    |ap_loop_exit_ready_pp0_iter45_reg      |    1|    0|    1|          0|
    |ap_loop_exit_ready_pp0_iter46_reg      |    1|    0|    1|          0|
    |ap_loop_exit_ready_pp0_iter47_reg      |    1|    0|    1|          0|
    |ap_loop_exit_ready_pp0_iter48_reg      |    1|    0|    1|          0|
    |ap_loop_exit_ready_pp0_iter49_reg      |    1|    0|    1|          0|
    |ap_loop_exit_ready_pp0_iter4_reg       |    1|    0|    1|          0|
    |ap_loop_exit_ready_pp0_iter50_reg      |    1|    0|    1|          0|
    |ap_loop_exit_ready_pp0_iter51_reg      |    1|    0|    1|          0|
    |ap_loop_exit_ready_pp0_iter52_reg      |    1|    0|    1|          0|
    |ap_loop_exit_ready_pp0_iter53_reg      |    1|    0|    1|          0|
    |ap_loop_exit_ready_pp0_iter54_reg      |    1|    0|    1|          0|
    |ap_loop_exit_ready_pp0_iter55_reg      |    1|    0|    1|          0|
    |ap_loop_exit_ready_pp0_iter56_reg      |    1|    0|    1|          0|
    |ap_loop_exit_ready_pp0_iter57_reg      |    1|    0|    1|          0|
    |ap_loop_exit_ready_pp0_iter58_reg      |    1|    0|    1|          0|
    |ap_loop_exit_ready_pp0_iter59_reg      |    1|    0|    1|          0|
    |ap_loop_exit_ready_pp0_iter5_reg       |    1|    0|    1|          0|
    |ap_loop_exit_ready_pp0_iter60_reg      |    1|    0|    1|          0|
    |ap_loop_exit_ready_pp0_iter61_reg      |    1|    0|    1|          0|
    |ap_loop_exit_ready_pp0_iter62_reg      |    1|    0|    1|          0|
    |ap_loop_exit_ready_pp0_iter63_reg      |    1|    0|    1|          0|
    |ap_loop_exit_ready_pp0_iter64_reg      |    1|    0|    1|          0|
    |ap_loop_exit_ready_pp0_iter65_reg      |    1|    0|    1|          0|
    |ap_loop_exit_ready_pp0_iter66_reg      |    1|    0|    1|          0|
    |ap_loop_exit_ready_pp0_iter67_reg      |    1|    0|    1|          0|
    |ap_loop_exit_ready_pp0_iter68_reg      |    1|    0|    1|          0|
    |ap_loop_exit_ready_pp0_iter69_reg      |    1|    0|    1|          0|
    |ap_loop_exit_ready_pp0_iter6_reg       |    1|    0|    1|          0|
    |ap_loop_exit_ready_pp0_iter70_reg      |    1|    0|    1|          0|
    |ap_loop_exit_ready_pp0_iter71_reg      |    1|    0|    1|          0|
    |ap_loop_exit_ready_pp0_iter72_reg      |    1|    0|    1|          0|
    |ap_loop_exit_ready_pp0_iter73_reg      |    1|    0|    1|          0|
    |ap_loop_exit_ready_pp0_iter74_reg      |    1|    0|    1|          0|
    |ap_loop_exit_ready_pp0_iter75_reg      |    1|    0|    1|          0|
    |ap_loop_exit_ready_pp0_iter76_reg      |    1|    0|    1|          0|
    |ap_loop_exit_ready_pp0_iter77_reg      |    1|    0|    1|          0|
    |ap_loop_exit_ready_pp0_iter78_reg      |    1|    0|    1|          0|
    |ap_loop_exit_ready_pp0_iter79_reg      |    1|    0|    1|          0|
    |ap_loop_exit_ready_pp0_iter7_reg       |    1|    0|    1|          0|
    |ap_loop_exit_ready_pp0_iter80_reg      |    1|    0|    1|          0|
    |ap_loop_exit_ready_pp0_iter81_reg      |    1|    0|    1|          0|
    |ap_loop_exit_ready_pp0_iter82_reg      |    1|    0|    1|          0|
    |ap_loop_exit_ready_pp0_iter83_reg      |    1|    0|    1|          0|
    |ap_loop_exit_ready_pp0_iter84_reg      |    1|    0|    1|          0|
    |ap_loop_exit_ready_pp0_iter85_reg      |    1|    0|    1|          0|
    |ap_loop_exit_ready_pp0_iter86_reg      |    1|    0|    1|          0|
    |ap_loop_exit_ready_pp0_iter87_reg      |    1|    0|    1|          0|
    |ap_loop_exit_ready_pp0_iter88_reg      |    1|    0|    1|          0|
    |ap_loop_exit_ready_pp0_iter89_reg      |    1|    0|    1|          0|
    |ap_loop_exit_ready_pp0_iter8_reg       |    1|    0|    1|          0|
    |ap_loop_exit_ready_pp0_iter90_reg      |    1|    0|    1|          0|
    |ap_loop_exit_ready_pp0_iter91_reg      |    1|    0|    1|          0|
    |ap_loop_exit_ready_pp0_iter92_reg      |    1|    0|    1|          0|
    |ap_loop_exit_ready_pp0_iter93_reg      |    1|    0|    1|          0|
    |ap_loop_exit_ready_pp0_iter94_reg      |    1|    0|    1|          0|
    |ap_loop_exit_ready_pp0_iter95_reg      |    1|    0|    1|          0|
    |ap_loop_exit_ready_pp0_iter96_reg      |    1|    0|    1|          0|
    |ap_loop_exit_ready_pp0_iter97_reg      |    1|    0|    1|          0|
    |ap_loop_exit_ready_pp0_iter98_reg      |    1|    0|    1|          0|
    |ap_loop_exit_ready_pp0_iter99_reg      |    1|    0|    1|          0|
    |ap_loop_exit_ready_pp0_iter9_reg       |    1|    0|    1|          0|
    |az_100_reg_57396                       |    1|    0|    1|          0|
    |az_101_reg_57417                       |    1|    0|    1|          0|
    |az_102_reg_57438                       |    1|    0|    1|          0|
    |az_103_reg_57459                       |    1|    0|    1|          0|
    |az_104_reg_57480                       |    1|    0|    1|          0|
    |az_105_reg_57501                       |    1|    0|    1|          0|
    |az_106_reg_57522                       |    1|    0|    1|          0|
    |az_107_reg_57543                       |    1|    0|    1|          0|
    |az_108_reg_57564                       |    1|    0|    1|          0|
    |az_109_reg_57585                       |    1|    0|    1|          0|
    |az_10_reg_55300                        |    1|    0|    1|          0|
    |az_110_reg_57606                       |    1|    0|    1|          0|
    |az_111_reg_57627                       |    1|    0|    1|          0|
    |az_112_reg_57648                       |    1|    0|    1|          0|
    |az_113_reg_57669                       |    1|    0|    1|          0|
    |az_114_reg_57690                       |    1|    0|    1|          0|
    |az_115_reg_57711                       |    1|    0|    1|          0|
    |az_116_reg_57732                       |    1|    0|    1|          0|
    |az_117_reg_57753                       |    1|    0|    1|          0|
    |az_118_reg_57774                       |    1|    0|    1|          0|
    |az_119_reg_57795                       |    1|    0|    1|          0|
    |az_11_reg_55342                        |    1|    0|    1|          0|
    |az_120_reg_57816                       |    1|    0|    1|          0|
    |az_121_reg_57837                       |    1|    0|    1|          0|
    |az_122_reg_57858                       |    1|    0|    1|          0|
    |az_123_reg_57879                       |    1|    0|    1|          0|
    |az_124_reg_57900                       |    1|    0|    1|          0|
    |az_125_reg_57921                       |    1|    0|    1|          0|
    |az_126_reg_57942                       |    1|    0|    1|          0|
    |az_127_reg_57963                       |    1|    0|    1|          0|
    |az_128_reg_57984                       |    1|    0|    1|          0|
    |az_129_reg_58005                       |    1|    0|    1|          0|
    |az_12_reg_55384                        |    1|    0|    1|          0|
    |az_130_reg_58026                       |    1|    0|    1|          0|
    |az_131_reg_58047                       |    1|    0|    1|          0|
    |az_132_reg_58068                       |    1|    0|    1|          0|
    |az_133_reg_58089                       |    1|    0|    1|          0|
    |az_134_reg_58110                       |    1|    0|    1|          0|
    |az_135_reg_58131                       |    1|    0|    1|          0|
    |az_136_reg_58152                       |    1|    0|    1|          0|
    |az_137_reg_58173                       |    1|    0|    1|          0|
    |az_138_reg_58194                       |    1|    0|    1|          0|
    |az_139_reg_58215                       |    1|    0|    1|          0|
    |az_13_reg_55426                        |    1|    0|    1|          0|
    |az_140_reg_58236                       |    1|    0|    1|          0|
    |az_141_reg_58257                       |    1|    0|    1|          0|
    |az_142_reg_58278                       |    1|    0|    1|          0|
    |az_143_reg_58299                       |    1|    0|    1|          0|
    |az_144_reg_58320                       |    1|    0|    1|          0|
    |az_145_reg_58341                       |    1|    0|    1|          0|
    |az_146_reg_58362                       |    1|    0|    1|          0|
    |az_147_reg_58383                       |    1|    0|    1|          0|
    |az_148_reg_58404                       |    1|    0|    1|          0|
    |az_149_reg_58425                       |    1|    0|    1|          0|
    |az_14_reg_55468                        |    1|    0|    1|          0|
    |az_150_reg_58446                       |    1|    0|    1|          0|
    |az_151_reg_58467                       |    1|    0|    1|          0|
    |az_152_reg_58488                       |    1|    0|    1|          0|
    |az_153_reg_58509                       |    1|    0|    1|          0|
    |az_154_reg_58530                       |    1|    0|    1|          0|
    |az_155_reg_58551                       |    1|    0|    1|          0|
    |az_156_reg_58572                       |    1|    0|    1|          0|
    |az_157_reg_58593                       |    1|    0|    1|          0|
    |az_158_reg_58614                       |    1|    0|    1|          0|
    |az_159_reg_58635                       |    1|    0|    1|          0|
    |az_15_reg_55510                        |    1|    0|    1|          0|
    |az_160_reg_58656                       |    1|    0|    1|          0|
    |az_161_reg_58677                       |    1|    0|    1|          0|
    |az_162_reg_58698                       |    1|    0|    1|          0|
    |az_163_reg_58719                       |    1|    0|    1|          0|
    |az_164_reg_58740                       |    1|    0|    1|          0|
    |az_165_reg_58761                       |    1|    0|    1|          0|
    |az_166_reg_58782                       |    1|    0|    1|          0|
    |az_167_reg_58803                       |    1|    0|    1|          0|
    |az_168_reg_58824                       |    1|    0|    1|          0|
    |az_169_reg_58845                       |    1|    0|    1|          0|
    |az_16_reg_55552                        |    1|    0|    1|          0|
    |az_170_reg_58866                       |    1|    0|    1|          0|
    |az_171_reg_58887                       |    1|    0|    1|          0|
    |az_172_reg_58908                       |    1|    0|    1|          0|
    |az_173_reg_58929                       |    1|    0|    1|          0|
    |az_174_reg_58950                       |    1|    0|    1|          0|
    |az_175_reg_58971                       |    1|    0|    1|          0|
    |az_176_reg_58992                       |    1|    0|    1|          0|
    |az_177_reg_59013                       |    1|    0|    1|          0|
    |az_178_reg_59034                       |    1|    0|    1|          0|
    |az_179_reg_59055                       |    1|    0|    1|          0|
    |az_17_reg_55578                        |    1|    0|    1|          0|
    |az_180_reg_59076                       |    1|    0|    1|          0|
    |az_181_reg_59097                       |    1|    0|    1|          0|
    |az_182_reg_59118                       |    1|    0|    1|          0|
    |az_183_reg_59139                       |    1|    0|    1|          0|
    |az_184_reg_59160                       |    1|    0|    1|          0|
    |az_185_reg_59181                       |    1|    0|    1|          0|
    |az_186_reg_59202                       |    1|    0|    1|          0|
    |az_187_reg_59223                       |    1|    0|    1|          0|
    |az_188_reg_59244                       |    1|    0|    1|          0|
    |az_189_reg_59265                       |    1|    0|    1|          0|
    |az_18_reg_55604                        |    1|    0|    1|          0|
    |az_190_reg_59286                       |    1|    0|    1|          0|
    |az_191_reg_59307                       |    1|    0|    1|          0|
    |az_192_reg_59328                       |    1|    0|    1|          0|
    |az_193_reg_59349                       |    1|    0|    1|          0|
    |az_194_reg_59370                       |    1|    0|    1|          0|
    |az_195_reg_59391                       |    1|    0|    1|          0|
    |az_196_reg_59412                       |    1|    0|    1|          0|
    |az_197_reg_59433                       |    1|    0|    1|          0|
    |az_198_reg_59454                       |    1|    0|    1|          0|
    |az_199_reg_59475                       |    1|    0|    1|          0|
    |az_19_reg_55630                        |    1|    0|    1|          0|
    |az_1_reg_54922                         |    1|    0|    1|          0|
    |az_200_reg_59496                       |    1|    0|    1|          0|
    |az_201_reg_59517                       |    1|    0|    1|          0|
    |az_202_reg_59538                       |    1|    0|    1|          0|
    |az_203_reg_59559                       |    1|    0|    1|          0|
    |az_204_reg_59580                       |    1|    0|    1|          0|
    |az_205_reg_59601                       |    1|    0|    1|          0|
    |az_206_reg_59622                       |    1|    0|    1|          0|
    |az_207_reg_59643                       |    1|    0|    1|          0|
    |az_208_reg_59664                       |    1|    0|    1|          0|
    |az_209_reg_59685                       |    1|    0|    1|          0|
    |az_20_reg_55656                        |    1|    0|    1|          0|
    |az_210_reg_59706                       |    1|    0|    1|          0|
    |az_211_reg_59727                       |    1|    0|    1|          0|
    |az_212_reg_59748                       |    1|    0|    1|          0|
    |az_213_reg_59769                       |    1|    0|    1|          0|
    |az_214_reg_59790                       |    1|    0|    1|          0|
    |az_215_reg_59811                       |    1|    0|    1|          0|
    |az_216_reg_59832                       |    1|    0|    1|          0|
    |az_217_reg_59853                       |    1|    0|    1|          0|
    |az_218_reg_59874                       |    1|    0|    1|          0|
    |az_219_reg_59895                       |    1|    0|    1|          0|
    |az_21_reg_55682                        |    1|    0|    1|          0|
    |az_220_reg_59916                       |    1|    0|    1|          0|
    |az_221_reg_59937                       |    1|    0|    1|          0|
    |az_222_reg_59958                       |    1|    0|    1|          0|
    |az_223_reg_59979                       |    1|    0|    1|          0|
    |az_224_reg_60000                       |    1|    0|    1|          0|
    |az_225_reg_60021                       |    1|    0|    1|          0|
    |az_226_reg_60042                       |    1|    0|    1|          0|
    |az_227_reg_60063                       |    1|    0|    1|          0|
    |az_228_reg_60084                       |    1|    0|    1|          0|
    |az_229_reg_60105                       |    1|    0|    1|          0|
    |az_22_reg_55708                        |    1|    0|    1|          0|
    |az_230_reg_60126                       |    1|    0|    1|          0|
    |az_231_reg_60147                       |    1|    0|    1|          0|
    |az_232_reg_60168                       |    1|    0|    1|          0|
    |az_233_reg_60189                       |    1|    0|    1|          0|
    |az_234_reg_60210                       |    1|    0|    1|          0|
    |az_235_reg_60231                       |    1|    0|    1|          0|
    |az_236_reg_60252                       |    1|    0|    1|          0|
    |az_237_reg_60273                       |    1|    0|    1|          0|
    |az_238_reg_60294                       |    1|    0|    1|          0|
    |az_239_reg_60315                       |    1|    0|    1|          0|
    |az_23_reg_55734                        |    1|    0|    1|          0|
    |az_240_reg_60336                       |    1|    0|    1|          0|
    |az_241_reg_60357                       |    1|    0|    1|          0|
    |az_242_reg_60378                       |    1|    0|    1|          0|
    |az_243_reg_60399                       |    1|    0|    1|          0|
    |az_244_reg_60420                       |    1|    0|    1|          0|
    |az_245_reg_60441                       |    1|    0|    1|          0|
    |az_246_reg_60462                       |    1|    0|    1|          0|
    |az_247_reg_60483                       |    1|    0|    1|          0|
    |az_248_reg_60504                       |    1|    0|    1|          0|
    |az_249_reg_60525                       |    1|    0|    1|          0|
    |az_24_reg_55760                        |    1|    0|    1|          0|
    |az_250_reg_60546                       |    1|    0|    1|          0|
    |az_251_reg_60567                       |    1|    0|    1|          0|
    |az_252_reg_60588                       |    1|    0|    1|          0|
    |az_253_reg_60609                       |    1|    0|    1|          0|
    |az_254_reg_60630                       |    1|    0|    1|          0|
    |az_255_reg_60651                       |    1|    0|    1|          0|
    |az_25_reg_55786                        |    1|    0|    1|          0|
    |az_26_reg_55812                        |    1|    0|    1|          0|
    |az_27_reg_55838                        |    1|    0|    1|          0|
    |az_28_reg_55864                        |    1|    0|    1|          0|
    |az_29_reg_55890                        |    1|    0|    1|          0|
    |az_2_reg_54964                         |    1|    0|    1|          0|
    |az_30_reg_55916                        |    1|    0|    1|          0|
    |az_31_reg_55942                        |    1|    0|    1|          0|
    |az_32_reg_55968                        |    1|    0|    1|          0|
    |az_33_reg_55989                        |    1|    0|    1|          0|
    |az_34_reg_56010                        |    1|    0|    1|          0|
    |az_35_reg_56031                        |    1|    0|    1|          0|
    |az_36_reg_56052                        |    1|    0|    1|          0|
    |az_37_reg_56073                        |    1|    0|    1|          0|
    |az_38_reg_56094                        |    1|    0|    1|          0|
    |az_39_reg_56115                        |    1|    0|    1|          0|
    |az_3_reg_55006                         |    1|    0|    1|          0|
    |az_40_reg_56136                        |    1|    0|    1|          0|
    |az_41_reg_56157                        |    1|    0|    1|          0|
    |az_42_reg_56178                        |    1|    0|    1|          0|
    |az_43_reg_56199                        |    1|    0|    1|          0|
    |az_44_reg_56220                        |    1|    0|    1|          0|
    |az_45_reg_56241                        |    1|    0|    1|          0|
    |az_46_reg_56262                        |    1|    0|    1|          0|
    |az_47_reg_56283                        |    1|    0|    1|          0|
    |az_48_reg_56304                        |    1|    0|    1|          0|
    |az_49_reg_56325                        |    1|    0|    1|          0|
    |az_4_reg_55048                         |    1|    0|    1|          0|
    |az_50_reg_56346                        |    1|    0|    1|          0|
    |az_51_reg_56367                        |    1|    0|    1|          0|
    |az_52_reg_56388                        |    1|    0|    1|          0|
    |az_53_reg_56409                        |    1|    0|    1|          0|
    |az_54_reg_56430                        |    1|    0|    1|          0|
    |az_55_reg_56451                        |    1|    0|    1|          0|
    |az_56_reg_56472                        |    1|    0|    1|          0|
    |az_57_reg_56493                        |    1|    0|    1|          0|
    |az_58_reg_56514                        |    1|    0|    1|          0|
    |az_59_reg_56535                        |    1|    0|    1|          0|
    |az_5_reg_55090                         |    1|    0|    1|          0|
    |az_60_reg_56556                        |    1|    0|    1|          0|
    |az_61_reg_56577                        |    1|    0|    1|          0|
    |az_62_reg_56598                        |    1|    0|    1|          0|
    |az_63_reg_56619                        |    1|    0|    1|          0|
    |az_64_reg_56640                        |    1|    0|    1|          0|
    |az_65_reg_56661                        |    1|    0|    1|          0|
    |az_66_reg_56682                        |    1|    0|    1|          0|
    |az_67_reg_56703                        |    1|    0|    1|          0|
    |az_68_reg_56724                        |    1|    0|    1|          0|
    |az_69_reg_56745                        |    1|    0|    1|          0|
    |az_6_reg_55132                         |    1|    0|    1|          0|
    |az_70_reg_56766                        |    1|    0|    1|          0|
    |az_71_reg_56787                        |    1|    0|    1|          0|
    |az_72_reg_56808                        |    1|    0|    1|          0|
    |az_73_reg_56829                        |    1|    0|    1|          0|
    |az_74_reg_56850                        |    1|    0|    1|          0|
    |az_75_reg_56871                        |    1|    0|    1|          0|
    |az_76_reg_56892                        |    1|    0|    1|          0|
    |az_77_reg_56913                        |    1|    0|    1|          0|
    |az_78_reg_56934                        |    1|    0|    1|          0|
    |az_79_reg_56955                        |    1|    0|    1|          0|
    |az_7_reg_55174                         |    1|    0|    1|          0|
    |az_80_reg_56976                        |    1|    0|    1|          0|
    |az_81_reg_56997                        |    1|    0|    1|          0|
    |az_82_reg_57018                        |    1|    0|    1|          0|
    |az_83_reg_57039                        |    1|    0|    1|          0|
    |az_84_reg_57060                        |    1|    0|    1|          0|
    |az_85_reg_57081                        |    1|    0|    1|          0|
    |az_86_reg_57102                        |    1|    0|    1|          0|
    |az_87_reg_57123                        |    1|    0|    1|          0|
    |az_88_reg_57144                        |    1|    0|    1|          0|
    |az_89_reg_57165                        |    1|    0|    1|          0|
    |az_8_reg_55216                         |    1|    0|    1|          0|
    |az_90_reg_57186                        |    1|    0|    1|          0|
    |az_91_reg_57207                        |    1|    0|    1|          0|
    |az_92_reg_57228                        |    1|    0|    1|          0|
    |az_93_reg_57249                        |    1|    0|    1|          0|
    |az_94_reg_57270                        |    1|    0|    1|          0|
    |az_95_reg_57291                        |    1|    0|    1|          0|
    |az_96_reg_57312                        |    1|    0|    1|          0|
    |az_97_reg_57333                        |    1|    0|    1|          0|
    |az_98_reg_57354                        |    1|    0|    1|          0|
    |az_99_reg_57375                        |    1|    0|    1|          0|
    |az_9_reg_55258                         |    1|    0|    1|          0|
    |az_reg_54880                           |    1|    0|    1|          0|
    |bit_sel1_reg_48983                     |    1|    0|    1|          0|
    |bits_100_reg_61412                     |   14|    0|   16|          2|
    |bits_101_reg_61417                     |   14|    0|   16|          2|
    |bits_102_reg_61422                     |   14|    0|   16|          2|
    |bits_103_reg_61427                     |   14|    0|   16|          2|
    |bits_104_reg_61432                     |   14|    0|   16|          2|
    |bits_105_reg_61437                     |   14|    0|   16|          2|
    |bits_106_reg_61442                     |   14|    0|   16|          2|
    |bits_107_reg_61447                     |   14|    0|   16|          2|
    |bits_108_reg_61452                     |   14|    0|   16|          2|
    |bits_109_reg_61457                     |   14|    0|   16|          2|
    |bits_10_reg_61922                      |   14|    0|   16|          2|
    |bits_110_reg_61462                     |   14|    0|   16|          2|
    |bits_111_reg_61467                     |   14|    0|   16|          2|
    |bits_112_reg_61312                     |   14|    0|   16|          2|
    |bits_113_reg_61317                     |   14|    0|   16|          2|
    |bits_114_reg_61322                     |   14|    0|   16|          2|
    |bits_115_reg_61327                     |   14|    0|   16|          2|
    |bits_116_reg_61332                     |   14|    0|   16|          2|
    |bits_117_reg_61337                     |   14|    0|   16|          2|
    |bits_118_reg_61342                     |   14|    0|   16|          2|
    |bits_119_reg_61347                     |   14|    0|   16|          2|
    |bits_11_reg_61927                      |   14|    0|   16|          2|
    |bits_120_reg_61352                     |   14|    0|   16|          2|
    |bits_121_reg_61357                     |   14|    0|   16|          2|
    |bits_122_reg_61362                     |   14|    0|   16|          2|
    |bits_123_reg_61367                     |   14|    0|   16|          2|
    |bits_124_reg_61372                     |   14|    0|   16|          2|
    |bits_125_reg_61377                     |   14|    0|   16|          2|
    |bits_126_reg_61382                     |   14|    0|   16|          2|
    |bits_127_reg_61387                     |   14|    0|   16|          2|
    |bits_128_reg_61232                     |   14|    0|   16|          2|
    |bits_129_reg_61237                     |   14|    0|   16|          2|
    |bits_12_reg_61932                      |   14|    0|   16|          2|
    |bits_130_reg_61242                     |   14|    0|   16|          2|
    |bits_131_reg_61247                     |   14|    0|   16|          2|
    |bits_132_reg_61252                     |   14|    0|   16|          2|
    |bits_133_reg_61257                     |   14|    0|   16|          2|
    |bits_134_reg_61262                     |   14|    0|   16|          2|
    |bits_135_reg_61267                     |   14|    0|   16|          2|
    |bits_136_reg_61272                     |   14|    0|   16|          2|
    |bits_137_reg_61277                     |   14|    0|   16|          2|
    |bits_138_reg_61282                     |   14|    0|   16|          2|
    |bits_139_reg_61287                     |   14|    0|   16|          2|
    |bits_13_reg_61937                      |   14|    0|   16|          2|
    |bits_140_reg_61292                     |   14|    0|   16|          2|
    |bits_141_reg_61297                     |   14|    0|   16|          2|
    |bits_142_reg_61302                     |   14|    0|   16|          2|
    |bits_143_reg_61307                     |   14|    0|   16|          2|
    |bits_144_reg_61152                     |   14|    0|   16|          2|
    |bits_145_reg_61157                     |   14|    0|   16|          2|
    |bits_146_reg_61162                     |   14|    0|   16|          2|
    |bits_147_reg_61167                     |   14|    0|   16|          2|
    |bits_148_reg_61172                     |   14|    0|   16|          2|
    |bits_149_reg_61177                     |   14|    0|   16|          2|
    |bits_14_reg_61942                      |   14|    0|   16|          2|
    |bits_150_reg_61182                     |   14|    0|   16|          2|
    |bits_151_reg_61187                     |   14|    0|   16|          2|
    |bits_152_reg_61192                     |   14|    0|   16|          2|
    |bits_153_reg_61197                     |   14|    0|   16|          2|
    |bits_154_reg_61202                     |   14|    0|   16|          2|
    |bits_155_reg_61207                     |   14|    0|   16|          2|
    |bits_156_reg_61212                     |   14|    0|   16|          2|
    |bits_157_reg_61217                     |   14|    0|   16|          2|
    |bits_158_reg_61222                     |   14|    0|   16|          2|
    |bits_159_reg_61227                     |   14|    0|   16|          2|
    |bits_15_reg_61947                      |   14|    0|   16|          2|
    |bits_160_reg_61072                     |   14|    0|   16|          2|
    |bits_161_reg_61077                     |   14|    0|   16|          2|
    |bits_162_reg_61082                     |   14|    0|   16|          2|
    |bits_163_reg_61087                     |   14|    0|   16|          2|
    |bits_164_reg_61092                     |   14|    0|   16|          2|
    |bits_165_reg_61097                     |   14|    0|   16|          2|
    |bits_166_reg_61102                     |   14|    0|   16|          2|
    |bits_167_reg_61107                     |   14|    0|   16|          2|
    |bits_168_reg_61112                     |   14|    0|   16|          2|
    |bits_169_reg_61117                     |   14|    0|   16|          2|
    |bits_16_reg_61792                      |   14|    0|   16|          2|
    |bits_170_reg_61122                     |   14|    0|   16|          2|
    |bits_171_reg_61127                     |   14|    0|   16|          2|
    |bits_172_reg_61132                     |   14|    0|   16|          2|
    |bits_173_reg_61137                     |   14|    0|   16|          2|
    |bits_174_reg_61142                     |   14|    0|   16|          2|
    |bits_175_reg_61147                     |   14|    0|   16|          2|
    |bits_176_reg_60992                     |   14|    0|   16|          2|
    |bits_177_reg_60997                     |   14|    0|   16|          2|
    |bits_178_reg_61002                     |   14|    0|   16|          2|
    |bits_179_reg_61007                     |   14|    0|   16|          2|
    |bits_17_reg_61797                      |   14|    0|   16|          2|
    |bits_180_reg_61012                     |   14|    0|   16|          2|
    |bits_181_reg_61017                     |   14|    0|   16|          2|
    |bits_182_reg_61022                     |   14|    0|   16|          2|
    |bits_183_reg_61027                     |   14|    0|   16|          2|
    |bits_184_reg_61032                     |   14|    0|   16|          2|
    |bits_185_reg_61037                     |   14|    0|   16|          2|
    |bits_186_reg_61042                     |   14|    0|   16|          2|
    |bits_187_reg_61047                     |   14|    0|   16|          2|
    |bits_188_reg_61052                     |   14|    0|   16|          2|
    |bits_189_reg_61057                     |   14|    0|   16|          2|
    |bits_18_reg_61802                      |   14|    0|   16|          2|
    |bits_190_reg_61062                     |   14|    0|   16|          2|
    |bits_191_reg_61067                     |   14|    0|   16|          2|
    |bits_192_reg_60912                     |   14|    0|   16|          2|
    |bits_193_reg_60917                     |   14|    0|   16|          2|
    |bits_194_reg_60922                     |   14|    0|   16|          2|
    |bits_195_reg_60927                     |   14|    0|   16|          2|
    |bits_196_reg_60932                     |   14|    0|   16|          2|
    |bits_197_reg_60937                     |   14|    0|   16|          2|
    |bits_198_reg_60942                     |   14|    0|   16|          2|
    |bits_199_reg_60947                     |   14|    0|   16|          2|
    |bits_19_reg_61807                      |   14|    0|   16|          2|
    |bits_1_reg_61877                       |   14|    0|   16|          2|
    |bits_200_reg_60952                     |   14|    0|   16|          2|
    |bits_201_reg_60957                     |   14|    0|   16|          2|
    |bits_202_reg_60962                     |   14|    0|   16|          2|
    |bits_203_reg_60967                     |   14|    0|   16|          2|
    |bits_204_reg_60972                     |   14|    0|   16|          2|
    |bits_205_reg_60977                     |   14|    0|   16|          2|
    |bits_206_reg_60982                     |   14|    0|   16|          2|
    |bits_207_reg_60987                     |   14|    0|   16|          2|
    |bits_208_reg_60832                     |   14|    0|   16|          2|
    |bits_209_reg_60837                     |   14|    0|   16|          2|
    |bits_20_reg_61812                      |   14|    0|   16|          2|
    |bits_210_reg_60842                     |   14|    0|   16|          2|
    |bits_211_reg_60847                     |   14|    0|   16|          2|
    |bits_212_reg_60852                     |   14|    0|   16|          2|
    |bits_213_reg_60857                     |   14|    0|   16|          2|
    |bits_214_reg_60862                     |   14|    0|   16|          2|
    |bits_215_reg_60867                     |   14|    0|   16|          2|
    |bits_216_reg_60872                     |   14|    0|   16|          2|
    |bits_217_reg_60877                     |   14|    0|   16|          2|
    |bits_218_reg_60882                     |   14|    0|   16|          2|
    |bits_219_reg_60887                     |   14|    0|   16|          2|
    |bits_21_reg_61817                      |   14|    0|   16|          2|
    |bits_220_reg_60892                     |   14|    0|   16|          2|
    |bits_221_reg_60897                     |   14|    0|   16|          2|
    |bits_222_reg_60902                     |   14|    0|   16|          2|
    |bits_223_reg_60907                     |   14|    0|   16|          2|
    |bits_224_reg_60752                     |   14|    0|   16|          2|
    |bits_225_reg_60757                     |   14|    0|   16|          2|
    |bits_226_reg_60762                     |   14|    0|   16|          2|
    |bits_227_reg_60767                     |   14|    0|   16|          2|
    |bits_228_reg_60772                     |   14|    0|   16|          2|
    |bits_229_reg_60777                     |   14|    0|   16|          2|
    |bits_22_reg_61822                      |   14|    0|   16|          2|
    |bits_230_reg_60782                     |   14|    0|   16|          2|
    |bits_231_reg_60787                     |   14|    0|   16|          2|
    |bits_232_reg_60792                     |   14|    0|   16|          2|
    |bits_233_reg_60797                     |   14|    0|   16|          2|
    |bits_234_reg_60802                     |   14|    0|   16|          2|
    |bits_235_reg_60807                     |   14|    0|   16|          2|
    |bits_236_reg_60812                     |   14|    0|   16|          2|
    |bits_237_reg_60817                     |   14|    0|   16|          2|
    |bits_238_reg_60822                     |   14|    0|   16|          2|
    |bits_239_reg_60827                     |   14|    0|   16|          2|
    |bits_23_reg_61827                      |   14|    0|   16|          2|
    |bits_240_reg_60672                     |   14|    0|   16|          2|
    |bits_241_reg_60677                     |   14|    0|   16|          2|
    |bits_242_reg_60682                     |   14|    0|   16|          2|
    |bits_243_reg_60687                     |   14|    0|   16|          2|
    |bits_244_reg_60692                     |   14|    0|   16|          2|
    |bits_245_reg_60697                     |   14|    0|   16|          2|
    |bits_246_reg_60702                     |   14|    0|   16|          2|
    |bits_247_reg_60707                     |   14|    0|   16|          2|
    |bits_248_reg_60712                     |   14|    0|   16|          2|
    |bits_249_reg_60717                     |   14|    0|   16|          2|
    |bits_24_reg_61832                      |   14|    0|   16|          2|
    |bits_250_reg_60722                     |   14|    0|   16|          2|
    |bits_251_reg_60727                     |   14|    0|   16|          2|
    |bits_252_reg_60732                     |   14|    0|   16|          2|
    |bits_253_reg_60737                     |   14|    0|   16|          2|
    |bits_254_reg_60742                     |   14|    0|   16|          2|
    |bits_255_reg_60747                     |   14|    0|   16|          2|
    |bits_25_reg_61837                      |   14|    0|   16|          2|
    |bits_26_reg_61842                      |   14|    0|   16|          2|
    |bits_27_reg_61847                      |   14|    0|   16|          2|
    |bits_28_reg_61852                      |   14|    0|   16|          2|
    |bits_29_reg_61857                      |   14|    0|   16|          2|
    |bits_2_reg_61882                       |   14|    0|   16|          2|
    |bits_30_reg_61862                      |   14|    0|   16|          2|
    |bits_31_reg_61867                      |   14|    0|   16|          2|
    |bits_32_reg_61712                      |   14|    0|   16|          2|
    |bits_33_reg_61717                      |   14|    0|   16|          2|
    |bits_34_reg_61722                      |   14|    0|   16|          2|
    |bits_35_reg_61727                      |   14|    0|   16|          2|
    |bits_36_reg_61732                      |   14|    0|   16|          2|
    |bits_37_reg_61737                      |   14|    0|   16|          2|
    |bits_38_reg_61742                      |   14|    0|   16|          2|
    |bits_39_reg_61747                      |   14|    0|   16|          2|
    |bits_3_reg_61887                       |   14|    0|   16|          2|
    |bits_40_reg_61752                      |   14|    0|   16|          2|
    |bits_41_reg_61757                      |   14|    0|   16|          2|
    |bits_42_reg_61762                      |   14|    0|   16|          2|
    |bits_43_reg_61767                      |   14|    0|   16|          2|
    |bits_44_reg_61772                      |   14|    0|   16|          2|
    |bits_45_reg_61777                      |   14|    0|   16|          2|
    |bits_46_reg_61782                      |   14|    0|   16|          2|
    |bits_47_reg_61787                      |   14|    0|   16|          2|
    |bits_48_reg_61632                      |   14|    0|   16|          2|
    |bits_49_reg_61637                      |   14|    0|   16|          2|
    |bits_4_reg_61892                       |   14|    0|   16|          2|
    |bits_50_reg_61642                      |   14|    0|   16|          2|
    |bits_51_reg_61647                      |   14|    0|   16|          2|
    |bits_52_reg_61652                      |   14|    0|   16|          2|
    |bits_53_reg_61657                      |   14|    0|   16|          2|
    |bits_54_reg_61662                      |   14|    0|   16|          2|
    |bits_55_reg_61667                      |   14|    0|   16|          2|
    |bits_56_reg_61672                      |   14|    0|   16|          2|
    |bits_57_reg_61677                      |   14|    0|   16|          2|
    |bits_58_reg_61682                      |   14|    0|   16|          2|
    |bits_59_reg_61687                      |   14|    0|   16|          2|
    |bits_5_reg_61897                       |   14|    0|   16|          2|
    |bits_60_reg_61692                      |   14|    0|   16|          2|
    |bits_61_reg_61697                      |   14|    0|   16|          2|
    |bits_62_reg_61702                      |   14|    0|   16|          2|
    |bits_63_reg_61707                      |   14|    0|   16|          2|
    |bits_64_reg_61552                      |   14|    0|   16|          2|
    |bits_65_reg_61557                      |   14|    0|   16|          2|
    |bits_66_reg_61562                      |   14|    0|   16|          2|
    |bits_67_reg_61567                      |   14|    0|   16|          2|
    |bits_68_reg_61572                      |   14|    0|   16|          2|
    |bits_69_reg_61577                      |   14|    0|   16|          2|
    |bits_6_reg_61902                       |   14|    0|   16|          2|
    |bits_70_reg_61582                      |   14|    0|   16|          2|
    |bits_71_reg_61587                      |   14|    0|   16|          2|
    |bits_72_reg_61592                      |   14|    0|   16|          2|
    |bits_73_reg_61597                      |   14|    0|   16|          2|
    |bits_74_reg_61602                      |   14|    0|   16|          2|
    |bits_75_reg_61607                      |   14|    0|   16|          2|
    |bits_76_reg_61612                      |   14|    0|   16|          2|
    |bits_77_reg_61617                      |   14|    0|   16|          2|
    |bits_78_reg_61622                      |   14|    0|   16|          2|
    |bits_79_reg_61627                      |   14|    0|   16|          2|
    |bits_7_reg_61907                       |   14|    0|   16|          2|
    |bits_80_reg_61472                      |   14|    0|   16|          2|
    |bits_81_reg_61477                      |   14|    0|   16|          2|
    |bits_82_reg_61482                      |   14|    0|   16|          2|
    |bits_83_reg_61487                      |   14|    0|   16|          2|
    |bits_84_reg_61492                      |   14|    0|   16|          2|
    |bits_85_reg_61497                      |   14|    0|   16|          2|
    |bits_86_reg_61502                      |   14|    0|   16|          2|
    |bits_87_reg_61507                      |   14|    0|   16|          2|
    |bits_88_reg_61512                      |   14|    0|   16|          2|
    |bits_89_reg_61517                      |   14|    0|   16|          2|
    |bits_8_reg_61912                       |   14|    0|   16|          2|
    |bits_90_reg_61522                      |   14|    0|   16|          2|
    |bits_91_reg_61527                      |   14|    0|   16|          2|
    |bits_92_reg_61532                      |   14|    0|   16|          2|
    |bits_93_reg_61537                      |   14|    0|   16|          2|
    |bits_94_reg_61542                      |   14|    0|   16|          2|
    |bits_95_reg_61547                      |   14|    0|   16|          2|
    |bits_96_reg_61392                      |   14|    0|   16|          2|
    |bits_97_reg_61397                      |   14|    0|   16|          2|
    |bits_98_reg_61402                      |   14|    0|   16|          2|
    |bits_99_reg_61407                      |   14|    0|   16|          2|
    |bits_9_reg_61917                       |   14|    0|   16|          2|
    |bits_reg_61872                         |   14|    0|   16|          2|
    |bz_10_reg_55305                        |    1|    0|    1|          0|
    |bz_11_reg_55347                        |    1|    0|    1|          0|
    |bz_12_reg_55389                        |    1|    0|    1|          0|
    |bz_13_reg_55431                        |    1|    0|    1|          0|
    |bz_14_reg_55473                        |    1|    0|    1|          0|
    |bz_15_reg_55515                        |    1|    0|    1|          0|
    |bz_1_reg_54927                         |    1|    0|    1|          0|
    |bz_2_reg_54969                         |    1|    0|    1|          0|
    |bz_3_reg_55011                         |    1|    0|    1|          0|
    |bz_4_reg_55053                         |    1|    0|    1|          0|
    |bz_5_reg_55095                         |    1|    0|    1|          0|
    |bz_6_reg_55137                         |    1|    0|    1|          0|
    |bz_7_reg_55179                         |    1|    0|    1|          0|
    |bz_8_reg_55221                         |    1|    0|    1|          0|
    |bz_9_reg_55263                         |    1|    0|    1|          0|
    |bz_reg_54885                           |    1|    0|    1|          0|
    |ciw_3_reg_48569                        |   32|    0|   32|          0|
    |ciw_fu_434                             |   32|    0|   32|          0|
    |cmp62_reg_48644                        |    1|    0|    1|          0|
    |co_3_fu_430                            |   32|    0|   32|          0|
    |co_5_reg_48889                         |   32|    0|   32|          0|
    |do_load_reg_48904                      |    1|    0|    1|          0|
    |ea_100_reg_50615                       |    4|    0|    4|          0|
    |ea_101_reg_50631                       |    4|    0|    4|          0|
    |ea_102_reg_50647                       |    4|    0|    4|          0|
    |ea_103_reg_50663                       |    4|    0|    4|          0|
    |ea_104_reg_50679                       |    4|    0|    4|          0|
    |ea_105_reg_50695                       |    4|    0|    4|          0|
    |ea_106_reg_50711                       |    4|    0|    4|          0|
    |ea_107_reg_50727                       |    4|    0|    4|          0|
    |ea_108_reg_50743                       |    4|    0|    4|          0|
    |ea_109_reg_50759                       |    4|    0|    4|          0|
    |ea_10_reg_49175                        |    4|    0|    4|          0|
    |ea_110_reg_50775                       |    4|    0|    4|          0|
    |ea_111_reg_50791                       |    4|    0|    4|          0|
    |ea_112_reg_50807                       |    4|    0|    4|          0|
    |ea_113_reg_50823                       |    4|    0|    4|          0|
    |ea_114_reg_50839                       |    4|    0|    4|          0|
    |ea_115_reg_50855                       |    4|    0|    4|          0|
    |ea_116_reg_50871                       |    4|    0|    4|          0|
    |ea_117_reg_50887                       |    4|    0|    4|          0|
    |ea_118_reg_50903                       |    4|    0|    4|          0|
    |ea_119_reg_50919                       |    4|    0|    4|          0|
    |ea_11_reg_49191                        |    4|    0|    4|          0|
    |ea_120_reg_50935                       |    4|    0|    4|          0|
    |ea_121_reg_50951                       |    4|    0|    4|          0|
    |ea_122_reg_50967                       |    4|    0|    4|          0|
    |ea_123_reg_50983                       |    4|    0|    4|          0|
    |ea_124_reg_50999                       |    4|    0|    4|          0|
    |ea_125_reg_51015                       |    4|    0|    4|          0|
    |ea_126_reg_51031                       |    4|    0|    4|          0|
    |ea_127_reg_51047                       |    4|    0|    4|          0|
    |ea_128_reg_51063                       |    4|    0|    4|          0|
    |ea_129_reg_51079                       |    4|    0|    4|          0|
    |ea_12_reg_49207                        |    4|    0|    4|          0|
    |ea_130_reg_51095                       |    4|    0|    4|          0|
    |ea_131_reg_51111                       |    4|    0|    4|          0|
    |ea_132_reg_51127                       |    4|    0|    4|          0|
    |ea_133_reg_51143                       |    4|    0|    4|          0|
    |ea_134_reg_51159                       |    4|    0|    4|          0|
    |ea_135_reg_51175                       |    4|    0|    4|          0|
    |ea_136_reg_51191                       |    4|    0|    4|          0|
    |ea_137_reg_51207                       |    4|    0|    4|          0|
    |ea_138_reg_51223                       |    4|    0|    4|          0|
    |ea_139_reg_51239                       |    4|    0|    4|          0|
    |ea_13_reg_49223                        |    4|    0|    4|          0|
    |ea_140_reg_51255                       |    4|    0|    4|          0|
    |ea_141_reg_51271                       |    4|    0|    4|          0|
    |ea_142_reg_51287                       |    4|    0|    4|          0|
    |ea_143_reg_51303                       |    4|    0|    4|          0|
    |ea_144_reg_51319                       |    4|    0|    4|          0|
    |ea_145_reg_51335                       |    4|    0|    4|          0|
    |ea_146_reg_51351                       |    4|    0|    4|          0|
    |ea_147_reg_51367                       |    4|    0|    4|          0|
    |ea_148_reg_51383                       |    4|    0|    4|          0|
    |ea_149_reg_51399                       |    4|    0|    4|          0|
    |ea_14_reg_49239                        |    4|    0|    4|          0|
    |ea_150_reg_51415                       |    4|    0|    4|          0|
    |ea_151_reg_51431                       |    4|    0|    4|          0|
    |ea_152_reg_51447                       |    4|    0|    4|          0|
    |ea_153_reg_51463                       |    4|    0|    4|          0|
    |ea_154_reg_51479                       |    4|    0|    4|          0|
    |ea_155_reg_51495                       |    4|    0|    4|          0|
    |ea_156_reg_51511                       |    4|    0|    4|          0|
    |ea_157_reg_51527                       |    4|    0|    4|          0|
    |ea_158_reg_51543                       |    4|    0|    4|          0|
    |ea_159_reg_51559                       |    4|    0|    4|          0|
    |ea_15_reg_49255                        |    4|    0|    4|          0|
    |ea_160_reg_51575                       |    4|    0|    4|          0|
    |ea_161_reg_51591                       |    4|    0|    4|          0|
    |ea_162_reg_51607                       |    4|    0|    4|          0|
    |ea_163_reg_51623                       |    4|    0|    4|          0|
    |ea_164_reg_51639                       |    4|    0|    4|          0|
    |ea_165_reg_51655                       |    4|    0|    4|          0|
    |ea_166_reg_51671                       |    4|    0|    4|          0|
    |ea_167_reg_51687                       |    4|    0|    4|          0|
    |ea_168_reg_51703                       |    4|    0|    4|          0|
    |ea_169_reg_51719                       |    4|    0|    4|          0|
    |ea_16_reg_49271                        |    4|    0|    4|          0|
    |ea_170_reg_51735                       |    4|    0|    4|          0|
    |ea_171_reg_51751                       |    4|    0|    4|          0|
    |ea_172_reg_51767                       |    4|    0|    4|          0|
    |ea_173_reg_51783                       |    4|    0|    4|          0|
    |ea_174_reg_51799                       |    4|    0|    4|          0|
    |ea_175_reg_51815                       |    4|    0|    4|          0|
    |ea_176_reg_51831                       |    4|    0|    4|          0|
    |ea_177_reg_51847                       |    4|    0|    4|          0|
    |ea_178_reg_51863                       |    4|    0|    4|          0|
    |ea_179_reg_51879                       |    4|    0|    4|          0|
    |ea_17_reg_49287                        |    4|    0|    4|          0|
    |ea_180_reg_51895                       |    4|    0|    4|          0|
    |ea_181_reg_51911                       |    4|    0|    4|          0|
    |ea_182_reg_51927                       |    4|    0|    4|          0|
    |ea_183_reg_51943                       |    4|    0|    4|          0|
    |ea_184_reg_51959                       |    4|    0|    4|          0|
    |ea_185_reg_51975                       |    4|    0|    4|          0|
    |ea_186_reg_51991                       |    4|    0|    4|          0|
    |ea_187_reg_52007                       |    4|    0|    4|          0|
    |ea_188_reg_52023                       |    4|    0|    4|          0|
    |ea_189_reg_52039                       |    4|    0|    4|          0|
    |ea_18_reg_49303                        |    4|    0|    4|          0|
    |ea_190_reg_52055                       |    4|    0|    4|          0|
    |ea_191_reg_52071                       |    4|    0|    4|          0|
    |ea_192_reg_52087                       |    4|    0|    4|          0|
    |ea_193_reg_52103                       |    4|    0|    4|          0|
    |ea_194_reg_52119                       |    4|    0|    4|          0|
    |ea_195_reg_52135                       |    4|    0|    4|          0|
    |ea_196_reg_52151                       |    4|    0|    4|          0|
    |ea_197_reg_52167                       |    4|    0|    4|          0|
    |ea_198_reg_52183                       |    4|    0|    4|          0|
    |ea_199_reg_52199                       |    4|    0|    4|          0|
    |ea_19_reg_49319                        |    4|    0|    4|          0|
    |ea_1_reg_49031                         |    4|    0|    4|          0|
    |ea_200_reg_52215                       |    4|    0|    4|          0|
    |ea_201_reg_52231                       |    4|    0|    4|          0|
    |ea_202_reg_52247                       |    4|    0|    4|          0|
    |ea_203_reg_52263                       |    4|    0|    4|          0|
    |ea_204_reg_52279                       |    4|    0|    4|          0|
    |ea_205_reg_52295                       |    4|    0|    4|          0|
    |ea_206_reg_52311                       |    4|    0|    4|          0|
    |ea_207_reg_52327                       |    4|    0|    4|          0|
    |ea_208_reg_52343                       |    4|    0|    4|          0|
    |ea_209_reg_52359                       |    4|    0|    4|          0|
    |ea_20_reg_49335                        |    4|    0|    4|          0|
    |ea_210_reg_52375                       |    4|    0|    4|          0|
    |ea_211_reg_52391                       |    4|    0|    4|          0|
    |ea_212_reg_52407                       |    4|    0|    4|          0|
    |ea_213_reg_52423                       |    4|    0|    4|          0|
    |ea_214_reg_52439                       |    4|    0|    4|          0|
    |ea_215_reg_52455                       |    4|    0|    4|          0|
    |ea_216_reg_52471                       |    4|    0|    4|          0|
    |ea_217_reg_52487                       |    4|    0|    4|          0|
    |ea_218_reg_52503                       |    4|    0|    4|          0|
    |ea_219_reg_52519                       |    4|    0|    4|          0|
    |ea_21_reg_49351                        |    4|    0|    4|          0|
    |ea_220_reg_52535                       |    4|    0|    4|          0|
    |ea_221_reg_52551                       |    4|    0|    4|          0|
    |ea_222_reg_52567                       |    4|    0|    4|          0|
    |ea_223_reg_52583                       |    4|    0|    4|          0|
    |ea_224_reg_52599                       |    4|    0|    4|          0|
    |ea_225_reg_52615                       |    4|    0|    4|          0|
    |ea_226_reg_52631                       |    4|    0|    4|          0|
    |ea_227_reg_52647                       |    4|    0|    4|          0|
    |ea_228_reg_52663                       |    4|    0|    4|          0|
    |ea_229_reg_52679                       |    4|    0|    4|          0|
    |ea_22_reg_49367                        |    4|    0|    4|          0|
    |ea_230_reg_52695                       |    4|    0|    4|          0|
    |ea_231_reg_52711                       |    4|    0|    4|          0|
    |ea_232_reg_52727                       |    4|    0|    4|          0|
    |ea_233_reg_52743                       |    4|    0|    4|          0|
    |ea_234_reg_52759                       |    4|    0|    4|          0|
    |ea_235_reg_52775                       |    4|    0|    4|          0|
    |ea_236_reg_52791                       |    4|    0|    4|          0|
    |ea_237_reg_52807                       |    4|    0|    4|          0|
    |ea_238_reg_52823                       |    4|    0|    4|          0|
    |ea_239_reg_52839                       |    4|    0|    4|          0|
    |ea_23_reg_49383                        |    4|    0|    4|          0|
    |ea_240_reg_52855                       |    4|    0|    4|          0|
    |ea_241_reg_52871                       |    4|    0|    4|          0|
    |ea_242_reg_52887                       |    4|    0|    4|          0|
    |ea_243_reg_52903                       |    4|    0|    4|          0|
    |ea_244_reg_52919                       |    4|    0|    4|          0|
    |ea_245_reg_52935                       |    4|    0|    4|          0|
    |ea_246_reg_52951                       |    4|    0|    4|          0|
    |ea_247_reg_52967                       |    4|    0|    4|          0|
    |ea_248_reg_52983                       |    4|    0|    4|          0|
    |ea_249_reg_52999                       |    4|    0|    4|          0|
    |ea_24_reg_49399                        |    4|    0|    4|          0|
    |ea_250_reg_53015                       |    4|    0|    4|          0|
    |ea_251_reg_53031                       |    4|    0|    4|          0|
    |ea_252_reg_53047                       |    4|    0|    4|          0|
    |ea_253_reg_53063                       |    4|    0|    4|          0|
    |ea_254_reg_53079                       |    4|    0|    4|          0|
    |ea_255_reg_53095                       |    4|    0|    4|          0|
    |ea_25_reg_49415                        |    4|    0|    4|          0|
    |ea_26_reg_49431                        |    4|    0|    4|          0|
    |ea_27_reg_49447                        |    4|    0|    4|          0|
    |ea_28_reg_49463                        |    4|    0|    4|          0|
    |ea_29_reg_49479                        |    4|    0|    4|          0|
    |ea_2_reg_49047                         |    4|    0|    4|          0|
    |ea_30_reg_49495                        |    4|    0|    4|          0|
    |ea_31_reg_49511                        |    4|    0|    4|          0|
    |ea_32_reg_49527                        |    4|    0|    4|          0|
    |ea_33_reg_49543                        |    4|    0|    4|          0|
    |ea_34_reg_49559                        |    4|    0|    4|          0|
    |ea_35_reg_49575                        |    4|    0|    4|          0|
    |ea_36_reg_49591                        |    4|    0|    4|          0|
    |ea_37_reg_49607                        |    4|    0|    4|          0|
    |ea_38_reg_49623                        |    4|    0|    4|          0|
    |ea_39_reg_49639                        |    4|    0|    4|          0|
    |ea_3_reg_49063                         |    4|    0|    4|          0|
    |ea_40_reg_49655                        |    4|    0|    4|          0|
    |ea_41_reg_49671                        |    4|    0|    4|          0|
    |ea_42_reg_49687                        |    4|    0|    4|          0|
    |ea_43_reg_49703                        |    4|    0|    4|          0|
    |ea_44_reg_49719                        |    4|    0|    4|          0|
    |ea_45_reg_49735                        |    4|    0|    4|          0|
    |ea_46_reg_49751                        |    4|    0|    4|          0|
    |ea_47_reg_49767                        |    4|    0|    4|          0|
    |ea_48_reg_49783                        |    4|    0|    4|          0|
    |ea_49_reg_49799                        |    4|    0|    4|          0|
    |ea_4_reg_49079                         |    4|    0|    4|          0|
    |ea_50_reg_49815                        |    4|    0|    4|          0|
    |ea_51_reg_49831                        |    4|    0|    4|          0|
    |ea_52_reg_49847                        |    4|    0|    4|          0|
    |ea_53_reg_49863                        |    4|    0|    4|          0|
    |ea_54_reg_49879                        |    4|    0|    4|          0|
    |ea_55_reg_49895                        |    4|    0|    4|          0|
    |ea_56_reg_49911                        |    4|    0|    4|          0|
    |ea_57_reg_49927                        |    4|    0|    4|          0|
    |ea_58_reg_49943                        |    4|    0|    4|          0|
    |ea_59_reg_49959                        |    4|    0|    4|          0|
    |ea_5_reg_49095                         |    4|    0|    4|          0|
    |ea_60_reg_49975                        |    4|    0|    4|          0|
    |ea_61_reg_49991                        |    4|    0|    4|          0|
    |ea_62_reg_50007                        |    4|    0|    4|          0|
    |ea_63_reg_50023                        |    4|    0|    4|          0|
    |ea_64_reg_50039                        |    4|    0|    4|          0|
    |ea_65_reg_50055                        |    4|    0|    4|          0|
    |ea_66_reg_50071                        |    4|    0|    4|          0|
    |ea_67_reg_50087                        |    4|    0|    4|          0|
    |ea_68_reg_50103                        |    4|    0|    4|          0|
    |ea_69_reg_50119                        |    4|    0|    4|          0|
    |ea_6_reg_49111                         |    4|    0|    4|          0|
    |ea_70_reg_50135                        |    4|    0|    4|          0|
    |ea_71_reg_50151                        |    4|    0|    4|          0|
    |ea_72_reg_50167                        |    4|    0|    4|          0|
    |ea_73_reg_50183                        |    4|    0|    4|          0|
    |ea_74_reg_50199                        |    4|    0|    4|          0|
    |ea_75_reg_50215                        |    4|    0|    4|          0|
    |ea_76_reg_50231                        |    4|    0|    4|          0|
    |ea_77_reg_50247                        |    4|    0|    4|          0|
    |ea_78_reg_50263                        |    4|    0|    4|          0|
    |ea_79_reg_50279                        |    4|    0|    4|          0|
    |ea_7_reg_49127                         |    4|    0|    4|          0|
    |ea_80_reg_50295                        |    4|    0|    4|          0|
    |ea_81_reg_50311                        |    4|    0|    4|          0|
    |ea_82_reg_50327                        |    4|    0|    4|          0|
    |ea_83_reg_50343                        |    4|    0|    4|          0|
    |ea_84_reg_50359                        |    4|    0|    4|          0|
    |ea_85_reg_50375                        |    4|    0|    4|          0|
    |ea_86_reg_50391                        |    4|    0|    4|          0|
    |ea_87_reg_50407                        |    4|    0|    4|          0|
    |ea_88_reg_50423                        |    4|    0|    4|          0|
    |ea_89_reg_50439                        |    4|    0|    4|          0|
    |ea_8_reg_49143                         |    4|    0|    4|          0|
    |ea_90_reg_50455                        |    4|    0|    4|          0|
    |ea_91_reg_50471                        |    4|    0|    4|          0|
    |ea_92_reg_50487                        |    4|    0|    4|          0|
    |ea_93_reg_50503                        |    4|    0|    4|          0|
    |ea_94_reg_50519                        |    4|    0|    4|          0|
    |ea_95_reg_50535                        |    4|    0|    4|          0|
    |ea_96_reg_50551                        |    4|    0|    4|          0|
    |ea_97_reg_50567                        |    4|    0|    4|          0|
    |ea_98_reg_50583                        |    4|    0|    4|          0|
    |ea_99_reg_50599                        |    4|    0|    4|          0|
    |ea_9_reg_49159                         |    4|    0|    4|          0|
    |ea_reg_49015                           |    4|    0|    4|          0|
    |eb_10_reg_53338                        |    4|    0|    4|          0|
    |eb_11_reg_53355                        |    4|    0|    4|          0|
    |eb_12_reg_53372                        |    4|    0|    4|          0|
    |eb_13_reg_53389                        |    4|    0|    4|          0|
    |eb_14_reg_53406                        |    4|    0|    4|          0|
    |eb_15_reg_53423                        |    4|    0|    4|          0|
    |eb_1_reg_53185                         |    4|    0|    4|          0|
    |eb_2_reg_53202                         |    4|    0|    4|          0|
    |eb_3_reg_53219                         |    4|    0|    4|          0|
    |eb_4_reg_53236                         |    4|    0|    4|          0|
    |eb_5_reg_53253                         |    4|    0|    4|          0|
    |eb_6_reg_53270                         |    4|    0|    4|          0|
    |eb_7_reg_53287                         |    4|    0|    4|          0|
    |eb_8_reg_53304                         |    4|    0|    4|          0|
    |eb_9_reg_53321                         |    4|    0|    4|          0|
    |eb_reg_53168                           |    4|    0|    4|          0|
    |gmem_weight_addr_read_reg_53157        |  512|    0|  512|          0|
    |hi_100_reg_57407                       |    1|    0|    1|          0|
    |hi_101_reg_57428                       |    1|    0|    1|          0|
    |hi_102_reg_57449                       |    1|    0|    1|          0|
    |hi_103_reg_57470                       |    1|    0|    1|          0|
    |hi_104_reg_57491                       |    1|    0|    1|          0|
    |hi_105_reg_57512                       |    1|    0|    1|          0|
    |hi_106_reg_57533                       |    1|    0|    1|          0|
    |hi_107_reg_57554                       |    1|    0|    1|          0|
    |hi_108_reg_57575                       |    1|    0|    1|          0|
    |hi_109_reg_57596                       |    1|    0|    1|          0|
    |hi_10_reg_55331                        |    1|    0|    1|          0|
    |hi_110_reg_57617                       |    1|    0|    1|          0|
    |hi_111_reg_57638                       |    1|    0|    1|          0|
    |hi_112_reg_57659                       |    1|    0|    1|          0|
    |hi_113_reg_57680                       |    1|    0|    1|          0|
    |hi_114_reg_57701                       |    1|    0|    1|          0|
    |hi_115_reg_57722                       |    1|    0|    1|          0|
    |hi_116_reg_57743                       |    1|    0|    1|          0|
    |hi_117_reg_57764                       |    1|    0|    1|          0|
    |hi_118_reg_57785                       |    1|    0|    1|          0|
    |hi_119_reg_57806                       |    1|    0|    1|          0|
    |hi_11_reg_55373                        |    1|    0|    1|          0|
    |hi_120_reg_57827                       |    1|    0|    1|          0|
    |hi_121_reg_57848                       |    1|    0|    1|          0|
    |hi_122_reg_57869                       |    1|    0|    1|          0|
    |hi_123_reg_57890                       |    1|    0|    1|          0|
    |hi_124_reg_57911                       |    1|    0|    1|          0|
    |hi_125_reg_57932                       |    1|    0|    1|          0|
    |hi_126_reg_57953                       |    1|    0|    1|          0|
    |hi_127_reg_57974                       |    1|    0|    1|          0|
    |hi_128_reg_57995                       |    1|    0|    1|          0|
    |hi_129_reg_58016                       |    1|    0|    1|          0|
    |hi_12_reg_55415                        |    1|    0|    1|          0|
    |hi_130_reg_58037                       |    1|    0|    1|          0|
    |hi_131_reg_58058                       |    1|    0|    1|          0|
    |hi_132_reg_58079                       |    1|    0|    1|          0|
    |hi_133_reg_58100                       |    1|    0|    1|          0|
    |hi_134_reg_58121                       |    1|    0|    1|          0|
    |hi_135_reg_58142                       |    1|    0|    1|          0|
    |hi_136_reg_58163                       |    1|    0|    1|          0|
    |hi_137_reg_58184                       |    1|    0|    1|          0|
    |hi_138_reg_58205                       |    1|    0|    1|          0|
    |hi_139_reg_58226                       |    1|    0|    1|          0|
    |hi_13_reg_55457                        |    1|    0|    1|          0|
    |hi_140_reg_58247                       |    1|    0|    1|          0|
    |hi_141_reg_58268                       |    1|    0|    1|          0|
    |hi_142_reg_58289                       |    1|    0|    1|          0|
    |hi_143_reg_58310                       |    1|    0|    1|          0|
    |hi_144_reg_58331                       |    1|    0|    1|          0|
    |hi_145_reg_58352                       |    1|    0|    1|          0|
    |hi_146_reg_58373                       |    1|    0|    1|          0|
    |hi_147_reg_58394                       |    1|    0|    1|          0|
    |hi_148_reg_58415                       |    1|    0|    1|          0|
    |hi_149_reg_58436                       |    1|    0|    1|          0|
    |hi_14_reg_55499                        |    1|    0|    1|          0|
    |hi_150_reg_58457                       |    1|    0|    1|          0|
    |hi_151_reg_58478                       |    1|    0|    1|          0|
    |hi_152_reg_58499                       |    1|    0|    1|          0|
    |hi_153_reg_58520                       |    1|    0|    1|          0|
    |hi_154_reg_58541                       |    1|    0|    1|          0|
    |hi_155_reg_58562                       |    1|    0|    1|          0|
    |hi_156_reg_58583                       |    1|    0|    1|          0|
    |hi_157_reg_58604                       |    1|    0|    1|          0|
    |hi_158_reg_58625                       |    1|    0|    1|          0|
    |hi_159_reg_58646                       |    1|    0|    1|          0|
    |hi_15_reg_55541                        |    1|    0|    1|          0|
    |hi_160_reg_58667                       |    1|    0|    1|          0|
    |hi_161_reg_58688                       |    1|    0|    1|          0|
    |hi_162_reg_58709                       |    1|    0|    1|          0|
    |hi_163_reg_58730                       |    1|    0|    1|          0|
    |hi_164_reg_58751                       |    1|    0|    1|          0|
    |hi_165_reg_58772                       |    1|    0|    1|          0|
    |hi_166_reg_58793                       |    1|    0|    1|          0|
    |hi_167_reg_58814                       |    1|    0|    1|          0|
    |hi_168_reg_58835                       |    1|    0|    1|          0|
    |hi_169_reg_58856                       |    1|    0|    1|          0|
    |hi_16_reg_55563                        |    1|    0|    1|          0|
    |hi_170_reg_58877                       |    1|    0|    1|          0|
    |hi_171_reg_58898                       |    1|    0|    1|          0|
    |hi_172_reg_58919                       |    1|    0|    1|          0|
    |hi_173_reg_58940                       |    1|    0|    1|          0|
    |hi_174_reg_58961                       |    1|    0|    1|          0|
    |hi_175_reg_58982                       |    1|    0|    1|          0|
    |hi_176_reg_59003                       |    1|    0|    1|          0|
    |hi_177_reg_59024                       |    1|    0|    1|          0|
    |hi_178_reg_59045                       |    1|    0|    1|          0|
    |hi_179_reg_59066                       |    1|    0|    1|          0|
    |hi_17_reg_55589                        |    1|    0|    1|          0|
    |hi_180_reg_59087                       |    1|    0|    1|          0|
    |hi_181_reg_59108                       |    1|    0|    1|          0|
    |hi_182_reg_59129                       |    1|    0|    1|          0|
    |hi_183_reg_59150                       |    1|    0|    1|          0|
    |hi_184_reg_59171                       |    1|    0|    1|          0|
    |hi_185_reg_59192                       |    1|    0|    1|          0|
    |hi_186_reg_59213                       |    1|    0|    1|          0|
    |hi_187_reg_59234                       |    1|    0|    1|          0|
    |hi_188_reg_59255                       |    1|    0|    1|          0|
    |hi_189_reg_59276                       |    1|    0|    1|          0|
    |hi_18_reg_55615                        |    1|    0|    1|          0|
    |hi_190_reg_59297                       |    1|    0|    1|          0|
    |hi_191_reg_59318                       |    1|    0|    1|          0|
    |hi_192_reg_59339                       |    1|    0|    1|          0|
    |hi_193_reg_59360                       |    1|    0|    1|          0|
    |hi_194_reg_59381                       |    1|    0|    1|          0|
    |hi_195_reg_59402                       |    1|    0|    1|          0|
    |hi_196_reg_59423                       |    1|    0|    1|          0|
    |hi_197_reg_59444                       |    1|    0|    1|          0|
    |hi_198_reg_59465                       |    1|    0|    1|          0|
    |hi_199_reg_59486                       |    1|    0|    1|          0|
    |hi_19_reg_55641                        |    1|    0|    1|          0|
    |hi_1_reg_54953                         |    1|    0|    1|          0|
    |hi_200_reg_59507                       |    1|    0|    1|          0|
    |hi_201_reg_59528                       |    1|    0|    1|          0|
    |hi_202_reg_59549                       |    1|    0|    1|          0|
    |hi_203_reg_59570                       |    1|    0|    1|          0|
    |hi_204_reg_59591                       |    1|    0|    1|          0|
    |hi_205_reg_59612                       |    1|    0|    1|          0|
    |hi_206_reg_59633                       |    1|    0|    1|          0|
    |hi_207_reg_59654                       |    1|    0|    1|          0|
    |hi_208_reg_59675                       |    1|    0|    1|          0|
    |hi_209_reg_59696                       |    1|    0|    1|          0|
    |hi_20_reg_55667                        |    1|    0|    1|          0|
    |hi_210_reg_59717                       |    1|    0|    1|          0|
    |hi_211_reg_59738                       |    1|    0|    1|          0|
    |hi_212_reg_59759                       |    1|    0|    1|          0|
    |hi_213_reg_59780                       |    1|    0|    1|          0|
    |hi_214_reg_59801                       |    1|    0|    1|          0|
    |hi_215_reg_59822                       |    1|    0|    1|          0|
    |hi_216_reg_59843                       |    1|    0|    1|          0|
    |hi_217_reg_59864                       |    1|    0|    1|          0|
    |hi_218_reg_59885                       |    1|    0|    1|          0|
    |hi_219_reg_59906                       |    1|    0|    1|          0|
    |hi_21_reg_55693                        |    1|    0|    1|          0|
    |hi_220_reg_59927                       |    1|    0|    1|          0|
    |hi_221_reg_59948                       |    1|    0|    1|          0|
    |hi_222_reg_59969                       |    1|    0|    1|          0|
    |hi_223_reg_59990                       |    1|    0|    1|          0|
    |hi_224_reg_60011                       |    1|    0|    1|          0|
    |hi_225_reg_60032                       |    1|    0|    1|          0|
    |hi_226_reg_60053                       |    1|    0|    1|          0|
    |hi_227_reg_60074                       |    1|    0|    1|          0|
    |hi_228_reg_60095                       |    1|    0|    1|          0|
    |hi_229_reg_60116                       |    1|    0|    1|          0|
    |hi_22_reg_55719                        |    1|    0|    1|          0|
    |hi_230_reg_60137                       |    1|    0|    1|          0|
    |hi_231_reg_60158                       |    1|    0|    1|          0|
    |hi_232_reg_60179                       |    1|    0|    1|          0|
    |hi_233_reg_60200                       |    1|    0|    1|          0|
    |hi_234_reg_60221                       |    1|    0|    1|          0|
    |hi_235_reg_60242                       |    1|    0|    1|          0|
    |hi_236_reg_60263                       |    1|    0|    1|          0|
    |hi_237_reg_60284                       |    1|    0|    1|          0|
    |hi_238_reg_60305                       |    1|    0|    1|          0|
    |hi_239_reg_60326                       |    1|    0|    1|          0|
    |hi_23_reg_55745                        |    1|    0|    1|          0|
    |hi_240_reg_60347                       |    1|    0|    1|          0|
    |hi_241_reg_60368                       |    1|    0|    1|          0|
    |hi_242_reg_60389                       |    1|    0|    1|          0|
    |hi_243_reg_60410                       |    1|    0|    1|          0|
    |hi_244_reg_60431                       |    1|    0|    1|          0|
    |hi_245_reg_60452                       |    1|    0|    1|          0|
    |hi_246_reg_60473                       |    1|    0|    1|          0|
    |hi_247_reg_60494                       |    1|    0|    1|          0|
    |hi_248_reg_60515                       |    1|    0|    1|          0|
    |hi_249_reg_60536                       |    1|    0|    1|          0|
    |hi_24_reg_55771                        |    1|    0|    1|          0|
    |hi_250_reg_60557                       |    1|    0|    1|          0|
    |hi_251_reg_60578                       |    1|    0|    1|          0|
    |hi_252_reg_60599                       |    1|    0|    1|          0|
    |hi_253_reg_60620                       |    1|    0|    1|          0|
    |hi_254_reg_60641                       |    1|    0|    1|          0|
    |hi_255_reg_60662                       |    1|    0|    1|          0|
    |hi_25_reg_55797                        |    1|    0|    1|          0|
    |hi_26_reg_55823                        |    1|    0|    1|          0|
    |hi_27_reg_55849                        |    1|    0|    1|          0|
    |hi_28_reg_55875                        |    1|    0|    1|          0|
    |hi_29_reg_55901                        |    1|    0|    1|          0|
    |hi_2_reg_54995                         |    1|    0|    1|          0|
    |hi_30_reg_55927                        |    1|    0|    1|          0|
    |hi_31_reg_55953                        |    1|    0|    1|          0|
    |hi_32_reg_55979                        |    1|    0|    1|          0|
    |hi_33_reg_56000                        |    1|    0|    1|          0|
    |hi_34_reg_56021                        |    1|    0|    1|          0|
    |hi_35_reg_56042                        |    1|    0|    1|          0|
    |hi_36_reg_56063                        |    1|    0|    1|          0|
    |hi_37_reg_56084                        |    1|    0|    1|          0|
    |hi_38_reg_56105                        |    1|    0|    1|          0|
    |hi_39_reg_56126                        |    1|    0|    1|          0|
    |hi_3_reg_55037                         |    1|    0|    1|          0|
    |hi_40_reg_56147                        |    1|    0|    1|          0|
    |hi_41_reg_56168                        |    1|    0|    1|          0|
    |hi_42_reg_56189                        |    1|    0|    1|          0|
    |hi_43_reg_56210                        |    1|    0|    1|          0|
    |hi_44_reg_56231                        |    1|    0|    1|          0|
    |hi_45_reg_56252                        |    1|    0|    1|          0|
    |hi_46_reg_56273                        |    1|    0|    1|          0|
    |hi_47_reg_56294                        |    1|    0|    1|          0|
    |hi_48_reg_56315                        |    1|    0|    1|          0|
    |hi_49_reg_56336                        |    1|    0|    1|          0|
    |hi_4_reg_55079                         |    1|    0|    1|          0|
    |hi_50_reg_56357                        |    1|    0|    1|          0|
    |hi_51_reg_56378                        |    1|    0|    1|          0|
    |hi_52_reg_56399                        |    1|    0|    1|          0|
    |hi_53_reg_56420                        |    1|    0|    1|          0|
    |hi_54_reg_56441                        |    1|    0|    1|          0|
    |hi_55_reg_56462                        |    1|    0|    1|          0|
    |hi_56_reg_56483                        |    1|    0|    1|          0|
    |hi_57_reg_56504                        |    1|    0|    1|          0|
    |hi_58_reg_56525                        |    1|    0|    1|          0|
    |hi_59_reg_56546                        |    1|    0|    1|          0|
    |hi_5_reg_55121                         |    1|    0|    1|          0|
    |hi_60_reg_56567                        |    1|    0|    1|          0|
    |hi_61_reg_56588                        |    1|    0|    1|          0|
    |hi_62_reg_56609                        |    1|    0|    1|          0|
    |hi_63_reg_56630                        |    1|    0|    1|          0|
    |hi_64_reg_56651                        |    1|    0|    1|          0|
    |hi_65_reg_56672                        |    1|    0|    1|          0|
    |hi_66_reg_56693                        |    1|    0|    1|          0|
    |hi_67_reg_56714                        |    1|    0|    1|          0|
    |hi_68_reg_56735                        |    1|    0|    1|          0|
    |hi_69_reg_56756                        |    1|    0|    1|          0|
    |hi_6_reg_55163                         |    1|    0|    1|          0|
    |hi_70_reg_56777                        |    1|    0|    1|          0|
    |hi_71_reg_56798                        |    1|    0|    1|          0|
    |hi_72_reg_56819                        |    1|    0|    1|          0|
    |hi_73_reg_56840                        |    1|    0|    1|          0|
    |hi_74_reg_56861                        |    1|    0|    1|          0|
    |hi_75_reg_56882                        |    1|    0|    1|          0|
    |hi_76_reg_56903                        |    1|    0|    1|          0|
    |hi_77_reg_56924                        |    1|    0|    1|          0|
    |hi_78_reg_56945                        |    1|    0|    1|          0|
    |hi_79_reg_56966                        |    1|    0|    1|          0|
    |hi_7_reg_55205                         |    1|    0|    1|          0|
    |hi_80_reg_56987                        |    1|    0|    1|          0|
    |hi_81_reg_57008                        |    1|    0|    1|          0|
    |hi_82_reg_57029                        |    1|    0|    1|          0|
    |hi_83_reg_57050                        |    1|    0|    1|          0|
    |hi_84_reg_57071                        |    1|    0|    1|          0|
    |hi_85_reg_57092                        |    1|    0|    1|          0|
    |hi_86_reg_57113                        |    1|    0|    1|          0|
    |hi_87_reg_57134                        |    1|    0|    1|          0|
    |hi_88_reg_57155                        |    1|    0|    1|          0|
    |hi_89_reg_57176                        |    1|    0|    1|          0|
    |hi_8_reg_55247                         |    1|    0|    1|          0|
    |hi_90_reg_57197                        |    1|    0|    1|          0|
    |hi_91_reg_57218                        |    1|    0|    1|          0|
    |hi_92_reg_57239                        |    1|    0|    1|          0|
    |hi_93_reg_57260                        |    1|    0|    1|          0|
    |hi_94_reg_57281                        |    1|    0|    1|          0|
    |hi_95_reg_57302                        |    1|    0|    1|          0|
    |hi_96_reg_57323                        |    1|    0|    1|          0|
    |hi_97_reg_57344                        |    1|    0|    1|          0|
    |hi_98_reg_57365                        |    1|    0|    1|          0|
    |hi_99_reg_57386                        |    1|    0|    1|          0|
    |hi_9_reg_55289                         |    1|    0|    1|          0|
    |hi_reg_54911                           |    1|    0|    1|          0|
    |icmp_ln146_reg_48577                   |    1|    0|    1|          0|
    |icmp_ln175_1_reg_48619                 |    1|    0|    1|          0|
    |icmp_ln175_reg_48614                   |    1|    0|    1|          0|
    |m_fu_438                               |   19|    0|   19|          0|
    |mul_ln151_reg_48649                    |   65|    0|   65|          0|
    |mul_ln154_reg_48913                    |   65|    0|   65|          0|
    |or_ln170_reg_53121                     |    1|    0|    1|          0|
    |ping_reg_48960                         |    1|    0|    1|          0|
    |prod_100_reg_57296                     |    8|    0|    8|          0|
    |prod_101_reg_64407                     |   16|    0|   16|          0|
    |prod_102_reg_57317                     |    8|    0|    8|          0|
    |prod_103_reg_57338                     |    8|    0|    8|          0|
    |prod_104_reg_57359                     |    8|    0|    8|          0|
    |prod_105_reg_57380                     |    8|    0|    8|          0|
    |prod_106_reg_57401                     |    8|    0|    8|          0|
    |prod_107_reg_57422                     |    8|    0|    8|          0|
    |prod_108_reg_57443                     |    8|    0|    8|          0|
    |prod_109_reg_57464                     |    8|    0|    8|          0|
    |prod_10_reg_55325                      |    8|    0|    8|          0|
    |prod_110_reg_57485                     |    8|    0|    8|          0|
    |prod_111_reg_57506                     |    8|    0|    8|          0|
    |prod_112_reg_57527                     |    8|    0|    8|          0|
    |prod_113_reg_57548                     |    8|    0|    8|          0|
    |prod_114_reg_57569                     |    8|    0|    8|          0|
    |prod_115_reg_57590                     |    8|    0|    8|          0|
    |prod_116_reg_57611                     |    8|    0|    8|          0|
    |prod_117_reg_57632                     |    8|    0|    8|          0|
    |prod_118_reg_64418                     |   16|    0|   16|          0|
    |prod_119_reg_57653                     |    8|    0|    8|          0|
    |prod_11_reg_55367                      |    8|    0|    8|          0|
    |prod_120_reg_57674                     |    8|    0|    8|          0|
    |prod_121_reg_57695                     |    8|    0|    8|          0|
    |prod_122_reg_57716                     |    8|    0|    8|          0|
    |prod_123_reg_57737                     |    8|    0|    8|          0|
    |prod_124_reg_57758                     |    8|    0|    8|          0|
    |prod_125_reg_57779                     |    8|    0|    8|          0|
    |prod_126_reg_57800                     |    8|    0|    8|          0|
    |prod_127_reg_57821                     |    8|    0|    8|          0|
    |prod_128_reg_57842                     |    8|    0|    8|          0|
    |prod_129_reg_57863                     |    8|    0|    8|          0|
    |prod_12_reg_55409                      |    8|    0|    8|          0|
    |prod_130_reg_57884                     |    8|    0|    8|          0|
    |prod_131_reg_57905                     |    8|    0|    8|          0|
    |prod_132_reg_57926                     |    8|    0|    8|          0|
    |prod_133_reg_57947                     |    8|    0|    8|          0|
    |prod_134_reg_57968                     |    8|    0|    8|          0|
    |prod_135_reg_64429                     |   16|    0|   16|          0|
    |prod_136_reg_57989                     |    8|    0|    8|          0|
    |prod_137_reg_58010                     |    8|    0|    8|          0|
    |prod_138_reg_58031                     |    8|    0|    8|          0|
    |prod_139_reg_58052                     |    8|    0|    8|          0|
    |prod_13_reg_55451                      |    8|    0|    8|          0|
    |prod_140_reg_58073                     |    8|    0|    8|          0|
    |prod_141_reg_58094                     |    8|    0|    8|          0|
    |prod_142_reg_58115                     |    8|    0|    8|          0|
    |prod_143_reg_58136                     |    8|    0|    8|          0|
    |prod_144_reg_58157                     |    8|    0|    8|          0|
    |prod_145_reg_58178                     |    8|    0|    8|          0|
    |prod_146_reg_58199                     |    8|    0|    8|          0|
    |prod_147_reg_58220                     |    8|    0|    8|          0|
    |prod_148_reg_58241                     |    8|    0|    8|          0|
    |prod_149_reg_58262                     |    8|    0|    8|          0|
    |prod_14_reg_55493                      |    8|    0|    8|          0|
    |prod_150_reg_58283                     |    8|    0|    8|          0|
    |prod_151_reg_58304                     |    8|    0|    8|          0|
    |prod_152_reg_64440                     |   16|    0|   16|          0|
    |prod_153_reg_58325                     |    8|    0|    8|          0|
    |prod_154_reg_58346                     |    8|    0|    8|          0|
    |prod_155_reg_58367                     |    8|    0|    8|          0|
    |prod_156_reg_58388                     |    8|    0|    8|          0|
    |prod_157_reg_58409                     |    8|    0|    8|          0|
    |prod_158_reg_58430                     |    8|    0|    8|          0|
    |prod_159_reg_58451                     |    8|    0|    8|          0|
    |prod_15_reg_55535                      |    8|    0|    8|          0|
    |prod_160_reg_58472                     |    8|    0|    8|          0|
    |prod_161_reg_58493                     |    8|    0|    8|          0|
    |prod_162_reg_58514                     |    8|    0|    8|          0|
    |prod_163_reg_58535                     |    8|    0|    8|          0|
    |prod_164_reg_58556                     |    8|    0|    8|          0|
    |prod_165_reg_58577                     |    8|    0|    8|          0|
    |prod_166_reg_58598                     |    8|    0|    8|          0|
    |prod_167_reg_58619                     |    8|    0|    8|          0|
    |prod_168_reg_58640                     |    8|    0|    8|          0|
    |prod_169_reg_64451                     |   16|    0|   16|          0|
    |prod_16_reg_64352                      |   16|    0|   16|          0|
    |prod_170_reg_58661                     |    8|    0|    8|          0|
    |prod_171_reg_58682                     |    8|    0|    8|          0|
    |prod_172_reg_58703                     |    8|    0|    8|          0|
    |prod_173_reg_58724                     |    8|    0|    8|          0|
    |prod_174_reg_58745                     |    8|    0|    8|          0|
    |prod_175_reg_58766                     |    8|    0|    8|          0|
    |prod_176_reg_58787                     |    8|    0|    8|          0|
    |prod_177_reg_58808                     |    8|    0|    8|          0|
    |prod_178_reg_58829                     |    8|    0|    8|          0|
    |prod_179_reg_58850                     |    8|    0|    8|          0|
    |prod_17_reg_55557                      |    8|    0|    8|          0|
    |prod_180_reg_58871                     |    8|    0|    8|          0|
    |prod_181_reg_58892                     |    8|    0|    8|          0|
    |prod_182_reg_58913                     |    8|    0|    8|          0|
    |prod_183_reg_58934                     |    8|    0|    8|          0|
    |prod_184_reg_58955                     |    8|    0|    8|          0|
    |prod_185_reg_58976                     |    8|    0|    8|          0|
    |prod_186_reg_64462                     |   16|    0|   16|          0|
    |prod_187_reg_58997                     |    8|    0|    8|          0|
    |prod_188_reg_59018                     |    8|    0|    8|          0|
    |prod_189_reg_59039                     |    8|    0|    8|          0|
    |prod_18_reg_55583                      |    8|    0|    8|          0|
    |prod_190_reg_59060                     |    8|    0|    8|          0|
    |prod_191_reg_59081                     |    8|    0|    8|          0|
    |prod_192_reg_59102                     |    8|    0|    8|          0|
    |prod_193_reg_59123                     |    8|    0|    8|          0|
    |prod_194_reg_59144                     |    8|    0|    8|          0|
    |prod_195_reg_59165                     |    8|    0|    8|          0|
    |prod_196_reg_59186                     |    8|    0|    8|          0|
    |prod_197_reg_59207                     |    8|    0|    8|          0|
    |prod_198_reg_59228                     |    8|    0|    8|          0|
    |prod_199_reg_59249                     |    8|    0|    8|          0|
    |prod_19_reg_55609                      |    8|    0|    8|          0|
    |prod_1_reg_54947                       |    8|    0|    8|          0|
    |prod_200_reg_59270                     |    8|    0|    8|          0|
    |prod_201_reg_59291                     |    8|    0|    8|          0|
    |prod_202_reg_59312                     |    8|    0|    8|          0|
    |prod_203_reg_64473                     |   16|    0|   16|          0|
    |prod_204_reg_59333                     |    8|    0|    8|          0|
    |prod_205_reg_59354                     |    8|    0|    8|          0|
    |prod_206_reg_59375                     |    8|    0|    8|          0|
    |prod_207_reg_59396                     |    8|    0|    8|          0|
    |prod_208_reg_59417                     |    8|    0|    8|          0|
    |prod_209_reg_59438                     |    8|    0|    8|          0|
    |prod_20_reg_55635                      |    8|    0|    8|          0|
    |prod_210_reg_59459                     |    8|    0|    8|          0|
    |prod_211_reg_59480                     |    8|    0|    8|          0|
    |prod_212_reg_59501                     |    8|    0|    8|          0|
    |prod_213_reg_59522                     |    8|    0|    8|          0|
    |prod_214_reg_59543                     |    8|    0|    8|          0|
    |prod_215_reg_59564                     |    8|    0|    8|          0|
    |prod_216_reg_59585                     |    8|    0|    8|          0|
    |prod_217_reg_59606                     |    8|    0|    8|          0|
    |prod_218_reg_59627                     |    8|    0|    8|          0|
    |prod_219_reg_59648                     |    8|    0|    8|          0|
    |prod_21_reg_55661                      |    8|    0|    8|          0|
    |prod_220_reg_64484                     |   16|    0|   16|          0|
    |prod_221_reg_59669                     |    8|    0|    8|          0|
    |prod_222_reg_59690                     |    8|    0|    8|          0|
    |prod_223_reg_59711                     |    8|    0|    8|          0|
    |prod_224_reg_59732                     |    8|    0|    8|          0|
    |prod_225_reg_59753                     |    8|    0|    8|          0|
    |prod_226_reg_59774                     |    8|    0|    8|          0|
    |prod_227_reg_59795                     |    8|    0|    8|          0|
    |prod_228_reg_59816                     |    8|    0|    8|          0|
    |prod_229_reg_59837                     |    8|    0|    8|          0|
    |prod_22_reg_55687                      |    8|    0|    8|          0|
    |prod_230_reg_59858                     |    8|    0|    8|          0|
    |prod_231_reg_59879                     |    8|    0|    8|          0|
    |prod_232_reg_59900                     |    8|    0|    8|          0|
    |prod_233_reg_59921                     |    8|    0|    8|          0|
    |prod_234_reg_59942                     |    8|    0|    8|          0|
    |prod_235_reg_59963                     |    8|    0|    8|          0|
    |prod_236_reg_59984                     |    8|    0|    8|          0|
    |prod_237_reg_64495                     |   16|    0|   16|          0|
    |prod_238_reg_60005                     |    8|    0|    8|          0|
    |prod_239_reg_60026                     |    8|    0|    8|          0|
    |prod_23_reg_55713                      |    8|    0|    8|          0|
    |prod_240_reg_60047                     |    8|    0|    8|          0|
    |prod_241_reg_60068                     |    8|    0|    8|          0|
    |prod_242_reg_60089                     |    8|    0|    8|          0|
    |prod_243_reg_60110                     |    8|    0|    8|          0|
    |prod_244_reg_60131                     |    8|    0|    8|          0|
    |prod_245_reg_60152                     |    8|    0|    8|          0|
    |prod_246_reg_60173                     |    8|    0|    8|          0|
    |prod_247_reg_60194                     |    8|    0|    8|          0|
    |prod_248_reg_60215                     |    8|    0|    8|          0|
    |prod_249_reg_60236                     |    8|    0|    8|          0|
    |prod_24_reg_55739                      |    8|    0|    8|          0|
    |prod_250_reg_60257                     |    8|    0|    8|          0|
    |prod_251_reg_60278                     |    8|    0|    8|          0|
    |prod_252_reg_60299                     |    8|    0|    8|          0|
    |prod_253_reg_60320                     |    8|    0|    8|          0|
    |prod_254_reg_64506                     |   16|    0|   16|          0|
    |prod_255_reg_60341                     |    8|    0|    8|          0|
    |prod_256_reg_60362                     |    8|    0|    8|          0|
    |prod_257_reg_60383                     |    8|    0|    8|          0|
    |prod_258_reg_60404                     |    8|    0|    8|          0|
    |prod_259_reg_60425                     |    8|    0|    8|          0|
    |prod_25_reg_55765                      |    8|    0|    8|          0|
    |prod_260_reg_60446                     |    8|    0|    8|          0|
    |prod_261_reg_60467                     |    8|    0|    8|          0|
    |prod_262_reg_60488                     |    8|    0|    8|          0|
    |prod_263_reg_60509                     |    8|    0|    8|          0|
    |prod_264_reg_60530                     |    8|    0|    8|          0|
    |prod_265_reg_60551                     |    8|    0|    8|          0|
    |prod_266_reg_60572                     |    8|    0|    8|          0|
    |prod_267_reg_60593                     |    8|    0|    8|          0|
    |prod_268_reg_60614                     |    8|    0|    8|          0|
    |prod_269_reg_60635                     |    8|    0|    8|          0|
    |prod_26_reg_55791                      |    8|    0|    8|          0|
    |prod_270_reg_60656                     |    8|    0|    8|          0|
    |prod_271_reg_64517                     |   16|    0|   16|          0|
    |prod_27_reg_55817                      |    8|    0|    8|          0|
    |prod_28_reg_55843                      |    8|    0|    8|          0|
    |prod_29_reg_55869                      |    8|    0|    8|          0|
    |prod_2_reg_54989                       |    8|    0|    8|          0|
    |prod_30_reg_55895                      |    8|    0|    8|          0|
    |prod_31_reg_55921                      |    8|    0|    8|          0|
    |prod_32_reg_55947                      |    8|    0|    8|          0|
    |prod_33_reg_64363                      |   16|    0|   16|          0|
    |prod_34_reg_55973                      |    8|    0|    8|          0|
    |prod_35_reg_55994                      |    8|    0|    8|          0|
    |prod_36_reg_56015                      |    8|    0|    8|          0|
    |prod_37_reg_56036                      |    8|    0|    8|          0|
    |prod_38_reg_56057                      |    8|    0|    8|          0|
    |prod_39_reg_56078                      |    8|    0|    8|          0|
    |prod_3_reg_55031                       |    8|    0|    8|          0|
    |prod_40_reg_56099                      |    8|    0|    8|          0|
    |prod_41_reg_56120                      |    8|    0|    8|          0|
    |prod_42_reg_56141                      |    8|    0|    8|          0|
    |prod_43_reg_56162                      |    8|    0|    8|          0|
    |prod_44_reg_56183                      |    8|    0|    8|          0|
    |prod_45_reg_56204                      |    8|    0|    8|          0|
    |prod_46_reg_56225                      |    8|    0|    8|          0|
    |prod_47_reg_56246                      |    8|    0|    8|          0|
    |prod_48_reg_56267                      |    8|    0|    8|          0|
    |prod_49_reg_56288                      |    8|    0|    8|          0|
    |prod_4_reg_55073                       |    8|    0|    8|          0|
    |prod_50_reg_64374                      |   16|    0|   16|          0|
    |prod_51_reg_56309                      |    8|    0|    8|          0|
    |prod_52_reg_56330                      |    8|    0|    8|          0|
    |prod_53_reg_56351                      |    8|    0|    8|          0|
    |prod_54_reg_56372                      |    8|    0|    8|          0|
    |prod_55_reg_56393                      |    8|    0|    8|          0|
    |prod_56_reg_56414                      |    8|    0|    8|          0|
    |prod_57_reg_56435                      |    8|    0|    8|          0|
    |prod_58_reg_56456                      |    8|    0|    8|          0|
    |prod_59_reg_56477                      |    8|    0|    8|          0|
    |prod_5_reg_55115                       |    8|    0|    8|          0|
    |prod_60_reg_56498                      |    8|    0|    8|          0|
    |prod_61_reg_56519                      |    8|    0|    8|          0|
    |prod_62_reg_56540                      |    8|    0|    8|          0|
    |prod_63_reg_56561                      |    8|    0|    8|          0|
    |prod_64_reg_56582                      |    8|    0|    8|          0|
    |prod_65_reg_56603                      |    8|    0|    8|          0|
    |prod_66_reg_56624                      |    8|    0|    8|          0|
    |prod_67_reg_64385                      |   16|    0|   16|          0|
    |prod_68_reg_56645                      |    8|    0|    8|          0|
    |prod_69_reg_56666                      |    8|    0|    8|          0|
    |prod_6_reg_55157                       |    8|    0|    8|          0|
    |prod_70_reg_56687                      |    8|    0|    8|          0|
    |prod_71_reg_56708                      |    8|    0|    8|          0|
    |prod_72_reg_56729                      |    8|    0|    8|          0|
    |prod_73_reg_56750                      |    8|    0|    8|          0|
    |prod_74_reg_56771                      |    8|    0|    8|          0|
    |prod_75_reg_56792                      |    8|    0|    8|          0|
    |prod_76_reg_56813                      |    8|    0|    8|          0|
    |prod_77_reg_56834                      |    8|    0|    8|          0|
    |prod_78_reg_56855                      |    8|    0|    8|          0|
    |prod_79_reg_56876                      |    8|    0|    8|          0|
    |prod_7_reg_55199                       |    8|    0|    8|          0|
    |prod_80_reg_56897                      |    8|    0|    8|          0|
    |prod_81_reg_56918                      |    8|    0|    8|          0|
    |prod_82_reg_56939                      |    8|    0|    8|          0|
    |prod_83_reg_56960                      |    8|    0|    8|          0|
    |prod_84_reg_64396                      |   16|    0|   16|          0|
    |prod_85_reg_56981                      |    8|    0|    8|          0|
    |prod_86_reg_57002                      |    8|    0|    8|          0|
    |prod_87_reg_57023                      |    8|    0|    8|          0|
    |prod_88_reg_57044                      |    8|    0|    8|          0|
    |prod_89_reg_57065                      |    8|    0|    8|          0|
    |prod_8_reg_55241                       |    8|    0|    8|          0|
    |prod_90_reg_57086                      |    8|    0|    8|          0|
    |prod_91_reg_57107                      |    8|    0|    8|          0|
    |prod_92_reg_57128                      |    8|    0|    8|          0|
    |prod_93_reg_57149                      |    8|    0|    8|          0|
    |prod_94_reg_57170                      |    8|    0|    8|          0|
    |prod_95_reg_57191                      |    8|    0|    8|          0|
    |prod_96_reg_57212                      |    8|    0|    8|          0|
    |prod_97_reg_57233                      |    8|    0|    8|          0|
    |prod_98_reg_57254                      |    8|    0|    8|          0|
    |prod_99_reg_57275                      |    8|    0|    8|          0|
    |prod_9_reg_55283                       |    8|    0|    8|          0|
    |prod_reg_54905                         |    8|    0|    8|          0|
    |psum_100_fu_554                        |   16|    0|   16|          0|
    |psum_101_fu_550                        |   16|    0|   16|          0|
    |psum_102_fu_546                        |   16|    0|   16|          0|
    |psum_103_fu_542                        |   16|    0|   16|          0|
    |psum_104_fu_538                        |   16|    0|   16|          0|
    |psum_105_fu_534                        |   16|    0|   16|          0|
    |psum_106_fu_530                        |   16|    0|   16|          0|
    |psum_107_fu_526                        |   16|    0|   16|          0|
    |psum_108_fu_522                        |   16|    0|   16|          0|
    |psum_109_fu_518                        |   16|    0|   16|          0|
    |psum_10_fu_914                         |   16|    0|   16|          0|
    |psum_110_fu_514                        |   16|    0|   16|          0|
    |psum_111_fu_510                        |   16|    0|   16|          0|
    |psum_112_fu_506                        |   16|    0|   16|          0|
    |psum_113_fu_502                        |   16|    0|   16|          0|
    |psum_114_fu_498                        |   16|    0|   16|          0|
    |psum_115_fu_494                        |   16|    0|   16|          0|
    |psum_116_fu_490                        |   16|    0|   16|          0|
    |psum_117_fu_486                        |   16|    0|   16|          0|
    |psum_118_fu_482                        |   16|    0|   16|          0|
    |psum_119_fu_478                        |   16|    0|   16|          0|
    |psum_11_fu_910                         |   16|    0|   16|          0|
    |psum_120_fu_474                        |   16|    0|   16|          0|
    |psum_121_fu_470                        |   16|    0|   16|          0|
    |psum_122_fu_466                        |   16|    0|   16|          0|
    |psum_123_fu_462                        |   16|    0|   16|          0|
    |psum_124_fu_458                        |   16|    0|   16|          0|
    |psum_125_fu_454                        |   16|    0|   16|          0|
    |psum_126_fu_450                        |   16|    0|   16|          0|
    |psum_127_fu_446                        |   16|    0|   16|          0|
    |psum_12_fu_906                         |   16|    0|   16|          0|
    |psum_13_fu_902                         |   16|    0|   16|          0|
    |psum_14_fu_898                         |   16|    0|   16|          0|
    |psum_15_fu_894                         |   16|    0|   16|          0|
    |psum_16_fu_890                         |   16|    0|   16|          0|
    |psum_17_fu_886                         |   16|    0|   16|          0|
    |psum_18_fu_882                         |   16|    0|   16|          0|
    |psum_19_fu_878                         |   16|    0|   16|          0|
    |psum_1_fu_950                          |   16|    0|   16|          0|
    |psum_20_fu_874                         |   16|    0|   16|          0|
    |psum_21_fu_870                         |   16|    0|   16|          0|
    |psum_22_fu_866                         |   16|    0|   16|          0|
    |psum_23_fu_862                         |   16|    0|   16|          0|
    |psum_24_fu_858                         |   16|    0|   16|          0|
    |psum_25_fu_854                         |   16|    0|   16|          0|
    |psum_26_fu_850                         |   16|    0|   16|          0|
    |psum_27_fu_846                         |   16|    0|   16|          0|
    |psum_28_fu_842                         |   16|    0|   16|          0|
    |psum_29_fu_838                         |   16|    0|   16|          0|
    |psum_2_fu_946                          |   16|    0|   16|          0|
    |psum_30_fu_834                         |   16|    0|   16|          0|
    |psum_31_fu_830                         |   16|    0|   16|          0|
    |psum_32_fu_826                         |   16|    0|   16|          0|
    |psum_33_fu_822                         |   16|    0|   16|          0|
    |psum_34_fu_818                         |   16|    0|   16|          0|
    |psum_35_fu_814                         |   16|    0|   16|          0|
    |psum_36_fu_810                         |   16|    0|   16|          0|
    |psum_37_fu_806                         |   16|    0|   16|          0|
    |psum_38_fu_802                         |   16|    0|   16|          0|
    |psum_39_fu_798                         |   16|    0|   16|          0|
    |psum_3_fu_942                          |   16|    0|   16|          0|
    |psum_40_fu_794                         |   16|    0|   16|          0|
    |psum_41_fu_790                         |   16|    0|   16|          0|
    |psum_42_fu_786                         |   16|    0|   16|          0|
    |psum_43_fu_782                         |   16|    0|   16|          0|
    |psum_44_fu_778                         |   16|    0|   16|          0|
    |psum_45_fu_774                         |   16|    0|   16|          0|
    |psum_46_fu_770                         |   16|    0|   16|          0|
    |psum_47_fu_766                         |   16|    0|   16|          0|
    |psum_48_fu_762                         |   16|    0|   16|          0|
    |psum_49_fu_758                         |   16|    0|   16|          0|
    |psum_4_fu_938                          |   16|    0|   16|          0|
    |psum_50_fu_754                         |   16|    0|   16|          0|
    |psum_51_fu_750                         |   16|    0|   16|          0|
    |psum_52_fu_746                         |   16|    0|   16|          0|
    |psum_53_fu_742                         |   16|    0|   16|          0|
    |psum_54_fu_738                         |   16|    0|   16|          0|
    |psum_55_fu_734                         |   16|    0|   16|          0|
    |psum_56_fu_730                         |   16|    0|   16|          0|
    |psum_57_fu_726                         |   16|    0|   16|          0|
    |psum_58_fu_722                         |   16|    0|   16|          0|
    |psum_59_fu_718                         |   16|    0|   16|          0|
    |psum_5_fu_934                          |   16|    0|   16|          0|
    |psum_60_fu_714                         |   16|    0|   16|          0|
    |psum_61_fu_710                         |   16|    0|   16|          0|
    |psum_62_fu_706                         |   16|    0|   16|          0|
    |psum_63_fu_702                         |   16|    0|   16|          0|
    |psum_64_fu_698                         |   16|    0|   16|          0|
    |psum_65_fu_694                         |   16|    0|   16|          0|
    |psum_66_fu_690                         |   16|    0|   16|          0|
    |psum_67_fu_686                         |   16|    0|   16|          0|
    |psum_68_fu_682                         |   16|    0|   16|          0|
    |psum_69_fu_678                         |   16|    0|   16|          0|
    |psum_6_fu_930                          |   16|    0|   16|          0|
    |psum_70_fu_674                         |   16|    0|   16|          0|
    |psum_71_fu_670                         |   16|    0|   16|          0|
    |psum_72_fu_666                         |   16|    0|   16|          0|
    |psum_73_fu_662                         |   16|    0|   16|          0|
    |psum_74_fu_658                         |   16|    0|   16|          0|
    |psum_75_fu_654                         |   16|    0|   16|          0|
    |psum_76_fu_650                         |   16|    0|   16|          0|
    |psum_77_fu_646                         |   16|    0|   16|          0|
    |psum_78_fu_642                         |   16|    0|   16|          0|
    |psum_79_fu_638                         |   16|    0|   16|          0|
    |psum_7_fu_926                          |   16|    0|   16|          0|
    |psum_80_fu_634                         |   16|    0|   16|          0|
    |psum_81_fu_630                         |   16|    0|   16|          0|
    |psum_82_fu_626                         |   16|    0|   16|          0|
    |psum_83_fu_622                         |   16|    0|   16|          0|
    |psum_84_fu_618                         |   16|    0|   16|          0|
    |psum_85_fu_614                         |   16|    0|   16|          0|
    |psum_86_fu_610                         |   16|    0|   16|          0|
    |psum_87_fu_606                         |   16|    0|   16|          0|
    |psum_88_fu_602                         |   16|    0|   16|          0|
    |psum_89_fu_598                         |   16|    0|   16|          0|
    |psum_8_fu_922                          |   16|    0|   16|          0|
    |psum_90_fu_594                         |   16|    0|   16|          0|
    |psum_91_fu_590                         |   16|    0|   16|          0|
    |psum_92_fu_586                         |   16|    0|   16|          0|
    |psum_93_fu_582                         |   16|    0|   16|          0|
    |psum_94_fu_578                         |   16|    0|   16|          0|
    |psum_95_fu_574                         |   16|    0|   16|          0|
    |psum_96_fu_570                         |   16|    0|   16|          0|
    |psum_97_fu_566                         |   16|    0|   16|          0|
    |psum_98_fu_562                         |   16|    0|   16|          0|
    |psum_99_fu_558                         |   16|    0|   16|          0|
    |psum_9_fu_918                          |   16|    0|   16|          0|
    |psum_fu_954                            |   16|    0|   16|          0|
    |sa_100_reg_50610                       |    1|    0|    1|          0|
    |sa_101_reg_50626                       |    1|    0|    1|          0|
    |sa_102_reg_50642                       |    1|    0|    1|          0|
    |sa_103_reg_50658                       |    1|    0|    1|          0|
    |sa_104_reg_50674                       |    1|    0|    1|          0|
    |sa_105_reg_50690                       |    1|    0|    1|          0|
    |sa_106_reg_50706                       |    1|    0|    1|          0|
    |sa_107_reg_50722                       |    1|    0|    1|          0|
    |sa_108_reg_50738                       |    1|    0|    1|          0|
    |sa_109_reg_50754                       |    1|    0|    1|          0|
    |sa_10_reg_49170                        |    1|    0|    1|          0|
    |sa_110_reg_50770                       |    1|    0|    1|          0|
    |sa_111_reg_50786                       |    1|    0|    1|          0|
    |sa_112_reg_50802                       |    1|    0|    1|          0|
    |sa_113_reg_50818                       |    1|    0|    1|          0|
    |sa_114_reg_50834                       |    1|    0|    1|          0|
    |sa_115_reg_50850                       |    1|    0|    1|          0|
    |sa_116_reg_50866                       |    1|    0|    1|          0|
    |sa_117_reg_50882                       |    1|    0|    1|          0|
    |sa_118_reg_50898                       |    1|    0|    1|          0|
    |sa_119_reg_50914                       |    1|    0|    1|          0|
    |sa_11_reg_49186                        |    1|    0|    1|          0|
    |sa_120_reg_50930                       |    1|    0|    1|          0|
    |sa_121_reg_50946                       |    1|    0|    1|          0|
    |sa_122_reg_50962                       |    1|    0|    1|          0|
    |sa_123_reg_50978                       |    1|    0|    1|          0|
    |sa_124_reg_50994                       |    1|    0|    1|          0|
    |sa_125_reg_51010                       |    1|    0|    1|          0|
    |sa_126_reg_51026                       |    1|    0|    1|          0|
    |sa_127_reg_51042                       |    1|    0|    1|          0|
    |sa_128_reg_51058                       |    1|    0|    1|          0|
    |sa_129_reg_51074                       |    1|    0|    1|          0|
    |sa_12_reg_49202                        |    1|    0|    1|          0|
    |sa_130_reg_51090                       |    1|    0|    1|          0|
    |sa_131_reg_51106                       |    1|    0|    1|          0|
    |sa_132_reg_51122                       |    1|    0|    1|          0|
    |sa_133_reg_51138                       |    1|    0|    1|          0|
    |sa_134_reg_51154                       |    1|    0|    1|          0|
    |sa_135_reg_51170                       |    1|    0|    1|          0|
    |sa_136_reg_51186                       |    1|    0|    1|          0|
    |sa_137_reg_51202                       |    1|    0|    1|          0|
    |sa_138_reg_51218                       |    1|    0|    1|          0|
    |sa_139_reg_51234                       |    1|    0|    1|          0|
    |sa_13_reg_49218                        |    1|    0|    1|          0|
    |sa_140_reg_51250                       |    1|    0|    1|          0|
    |sa_141_reg_51266                       |    1|    0|    1|          0|
    |sa_142_reg_51282                       |    1|    0|    1|          0|
    |sa_143_reg_51298                       |    1|    0|    1|          0|
    |sa_144_reg_51314                       |    1|    0|    1|          0|
    |sa_145_reg_51330                       |    1|    0|    1|          0|
    |sa_146_reg_51346                       |    1|    0|    1|          0|
    |sa_147_reg_51362                       |    1|    0|    1|          0|
    |sa_148_reg_51378                       |    1|    0|    1|          0|
    |sa_149_reg_51394                       |    1|    0|    1|          0|
    |sa_14_reg_49234                        |    1|    0|    1|          0|
    |sa_150_reg_51410                       |    1|    0|    1|          0|
    |sa_151_reg_51426                       |    1|    0|    1|          0|
    |sa_152_reg_51442                       |    1|    0|    1|          0|
    |sa_153_reg_51458                       |    1|    0|    1|          0|
    |sa_154_reg_51474                       |    1|    0|    1|          0|
    |sa_155_reg_51490                       |    1|    0|    1|          0|
    |sa_156_reg_51506                       |    1|    0|    1|          0|
    |sa_157_reg_51522                       |    1|    0|    1|          0|
    |sa_158_reg_51538                       |    1|    0|    1|          0|
    |sa_159_reg_51554                       |    1|    0|    1|          0|
    |sa_15_reg_49250                        |    1|    0|    1|          0|
    |sa_160_reg_51570                       |    1|    0|    1|          0|
    |sa_161_reg_51586                       |    1|    0|    1|          0|
    |sa_162_reg_51602                       |    1|    0|    1|          0|
    |sa_163_reg_51618                       |    1|    0|    1|          0|
    |sa_164_reg_51634                       |    1|    0|    1|          0|
    |sa_165_reg_51650                       |    1|    0|    1|          0|
    |sa_166_reg_51666                       |    1|    0|    1|          0|
    |sa_167_reg_51682                       |    1|    0|    1|          0|
    |sa_168_reg_51698                       |    1|    0|    1|          0|
    |sa_169_reg_51714                       |    1|    0|    1|          0|
    |sa_16_reg_49266                        |    1|    0|    1|          0|
    |sa_170_reg_51730                       |    1|    0|    1|          0|
    |sa_171_reg_51746                       |    1|    0|    1|          0|
    |sa_172_reg_51762                       |    1|    0|    1|          0|
    |sa_173_reg_51778                       |    1|    0|    1|          0|
    |sa_174_reg_51794                       |    1|    0|    1|          0|
    |sa_175_reg_51810                       |    1|    0|    1|          0|
    |sa_176_reg_51826                       |    1|    0|    1|          0|
    |sa_177_reg_51842                       |    1|    0|    1|          0|
    |sa_178_reg_51858                       |    1|    0|    1|          0|
    |sa_179_reg_51874                       |    1|    0|    1|          0|
    |sa_17_reg_49282                        |    1|    0|    1|          0|
    |sa_180_reg_51890                       |    1|    0|    1|          0|
    |sa_181_reg_51906                       |    1|    0|    1|          0|
    |sa_182_reg_51922                       |    1|    0|    1|          0|
    |sa_183_reg_51938                       |    1|    0|    1|          0|
    |sa_184_reg_51954                       |    1|    0|    1|          0|
    |sa_185_reg_51970                       |    1|    0|    1|          0|
    |sa_186_reg_51986                       |    1|    0|    1|          0|
    |sa_187_reg_52002                       |    1|    0|    1|          0|
    |sa_188_reg_52018                       |    1|    0|    1|          0|
    |sa_189_reg_52034                       |    1|    0|    1|          0|
    |sa_18_reg_49298                        |    1|    0|    1|          0|
    |sa_190_reg_52050                       |    1|    0|    1|          0|
    |sa_191_reg_52066                       |    1|    0|    1|          0|
    |sa_192_reg_52082                       |    1|    0|    1|          0|
    |sa_193_reg_52098                       |    1|    0|    1|          0|
    |sa_194_reg_52114                       |    1|    0|    1|          0|
    |sa_195_reg_52130                       |    1|    0|    1|          0|
    |sa_196_reg_52146                       |    1|    0|    1|          0|
    |sa_197_reg_52162                       |    1|    0|    1|          0|
    |sa_198_reg_52178                       |    1|    0|    1|          0|
    |sa_199_reg_52194                       |    1|    0|    1|          0|
    |sa_19_reg_49314                        |    1|    0|    1|          0|
    |sa_1_reg_49026                         |    1|    0|    1|          0|
    |sa_200_reg_52210                       |    1|    0|    1|          0|
    |sa_201_reg_52226                       |    1|    0|    1|          0|
    |sa_202_reg_52242                       |    1|    0|    1|          0|
    |sa_203_reg_52258                       |    1|    0|    1|          0|
    |sa_204_reg_52274                       |    1|    0|    1|          0|
    |sa_205_reg_52290                       |    1|    0|    1|          0|
    |sa_206_reg_52306                       |    1|    0|    1|          0|
    |sa_207_reg_52322                       |    1|    0|    1|          0|
    |sa_208_reg_52338                       |    1|    0|    1|          0|
    |sa_209_reg_52354                       |    1|    0|    1|          0|
    |sa_20_reg_49330                        |    1|    0|    1|          0|
    |sa_210_reg_52370                       |    1|    0|    1|          0|
    |sa_211_reg_52386                       |    1|    0|    1|          0|
    |sa_212_reg_52402                       |    1|    0|    1|          0|
    |sa_213_reg_52418                       |    1|    0|    1|          0|
    |sa_214_reg_52434                       |    1|    0|    1|          0|
    |sa_215_reg_52450                       |    1|    0|    1|          0|
    |sa_216_reg_52466                       |    1|    0|    1|          0|
    |sa_217_reg_52482                       |    1|    0|    1|          0|
    |sa_218_reg_52498                       |    1|    0|    1|          0|
    |sa_219_reg_52514                       |    1|    0|    1|          0|
    |sa_21_reg_49346                        |    1|    0|    1|          0|
    |sa_220_reg_52530                       |    1|    0|    1|          0|
    |sa_221_reg_52546                       |    1|    0|    1|          0|
    |sa_222_reg_52562                       |    1|    0|    1|          0|
    |sa_223_reg_52578                       |    1|    0|    1|          0|
    |sa_224_reg_52594                       |    1|    0|    1|          0|
    |sa_225_reg_52610                       |    1|    0|    1|          0|
    |sa_226_reg_52626                       |    1|    0|    1|          0|
    |sa_227_reg_52642                       |    1|    0|    1|          0|
    |sa_228_reg_52658                       |    1|    0|    1|          0|
    |sa_229_reg_52674                       |    1|    0|    1|          0|
    |sa_22_reg_49362                        |    1|    0|    1|          0|
    |sa_230_reg_52690                       |    1|    0|    1|          0|
    |sa_231_reg_52706                       |    1|    0|    1|          0|
    |sa_232_reg_52722                       |    1|    0|    1|          0|
    |sa_233_reg_52738                       |    1|    0|    1|          0|
    |sa_234_reg_52754                       |    1|    0|    1|          0|
    |sa_235_reg_52770                       |    1|    0|    1|          0|
    |sa_236_reg_52786                       |    1|    0|    1|          0|
    |sa_237_reg_52802                       |    1|    0|    1|          0|
    |sa_238_reg_52818                       |    1|    0|    1|          0|
    |sa_239_reg_52834                       |    1|    0|    1|          0|
    |sa_23_reg_49378                        |    1|    0|    1|          0|
    |sa_240_reg_52850                       |    1|    0|    1|          0|
    |sa_241_reg_52866                       |    1|    0|    1|          0|
    |sa_242_reg_52882                       |    1|    0|    1|          0|
    |sa_243_reg_52898                       |    1|    0|    1|          0|
    |sa_244_reg_52914                       |    1|    0|    1|          0|
    |sa_245_reg_52930                       |    1|    0|    1|          0|
    |sa_246_reg_52946                       |    1|    0|    1|          0|
    |sa_247_reg_52962                       |    1|    0|    1|          0|
    |sa_248_reg_52978                       |    1|    0|    1|          0|
    |sa_249_reg_52994                       |    1|    0|    1|          0|
    |sa_24_reg_49394                        |    1|    0|    1|          0|
    |sa_250_reg_53010                       |    1|    0|    1|          0|
    |sa_251_reg_53026                       |    1|    0|    1|          0|
    |sa_252_reg_53042                       |    1|    0|    1|          0|
    |sa_253_reg_53058                       |    1|    0|    1|          0|
    |sa_254_reg_53074                       |    1|    0|    1|          0|
    |sa_255_reg_53090                       |    1|    0|    1|          0|
    |sa_25_reg_49410                        |    1|    0|    1|          0|
    |sa_26_reg_49426                        |    1|    0|    1|          0|
    |sa_27_reg_49442                        |    1|    0|    1|          0|
    |sa_28_reg_49458                        |    1|    0|    1|          0|
    |sa_29_reg_49474                        |    1|    0|    1|          0|
    |sa_2_reg_49042                         |    1|    0|    1|          0|
    |sa_30_reg_49490                        |    1|    0|    1|          0|
    |sa_31_reg_49506                        |    1|    0|    1|          0|
    |sa_32_reg_49522                        |    1|    0|    1|          0|
    |sa_33_reg_49538                        |    1|    0|    1|          0|
    |sa_34_reg_49554                        |    1|    0|    1|          0|
    |sa_35_reg_49570                        |    1|    0|    1|          0|
    |sa_36_reg_49586                        |    1|    0|    1|          0|
    |sa_37_reg_49602                        |    1|    0|    1|          0|
    |sa_38_reg_49618                        |    1|    0|    1|          0|
    |sa_39_reg_49634                        |    1|    0|    1|          0|
    |sa_3_reg_49058                         |    1|    0|    1|          0|
    |sa_40_reg_49650                        |    1|    0|    1|          0|
    |sa_41_reg_49666                        |    1|    0|    1|          0|
    |sa_42_reg_49682                        |    1|    0|    1|          0|
    |sa_43_reg_49698                        |    1|    0|    1|          0|
    |sa_44_reg_49714                        |    1|    0|    1|          0|
    |sa_45_reg_49730                        |    1|    0|    1|          0|
    |sa_46_reg_49746                        |    1|    0|    1|          0|
    |sa_47_reg_49762                        |    1|    0|    1|          0|
    |sa_48_reg_49778                        |    1|    0|    1|          0|
    |sa_49_reg_49794                        |    1|    0|    1|          0|
    |sa_4_reg_49074                         |    1|    0|    1|          0|
    |sa_50_reg_49810                        |    1|    0|    1|          0|
    |sa_51_reg_49826                        |    1|    0|    1|          0|
    |sa_52_reg_49842                        |    1|    0|    1|          0|
    |sa_53_reg_49858                        |    1|    0|    1|          0|
    |sa_54_reg_49874                        |    1|    0|    1|          0|
    |sa_55_reg_49890                        |    1|    0|    1|          0|
    |sa_56_reg_49906                        |    1|    0|    1|          0|
    |sa_57_reg_49922                        |    1|    0|    1|          0|
    |sa_58_reg_49938                        |    1|    0|    1|          0|
    |sa_59_reg_49954                        |    1|    0|    1|          0|
    |sa_5_reg_49090                         |    1|    0|    1|          0|
    |sa_60_reg_49970                        |    1|    0|    1|          0|
    |sa_61_reg_49986                        |    1|    0|    1|          0|
    |sa_62_reg_50002                        |    1|    0|    1|          0|
    |sa_63_reg_50018                        |    1|    0|    1|          0|
    |sa_64_reg_50034                        |    1|    0|    1|          0|
    |sa_65_reg_50050                        |    1|    0|    1|          0|
    |sa_66_reg_50066                        |    1|    0|    1|          0|
    |sa_67_reg_50082                        |    1|    0|    1|          0|
    |sa_68_reg_50098                        |    1|    0|    1|          0|
    |sa_69_reg_50114                        |    1|    0|    1|          0|
    |sa_6_reg_49106                         |    1|    0|    1|          0|
    |sa_70_reg_50130                        |    1|    0|    1|          0|
    |sa_71_reg_50146                        |    1|    0|    1|          0|
    |sa_72_reg_50162                        |    1|    0|    1|          0|
    |sa_73_reg_50178                        |    1|    0|    1|          0|
    |sa_74_reg_50194                        |    1|    0|    1|          0|
    |sa_75_reg_50210                        |    1|    0|    1|          0|
    |sa_76_reg_50226                        |    1|    0|    1|          0|
    |sa_77_reg_50242                        |    1|    0|    1|          0|
    |sa_78_reg_50258                        |    1|    0|    1|          0|
    |sa_79_reg_50274                        |    1|    0|    1|          0|
    |sa_7_reg_49122                         |    1|    0|    1|          0|
    |sa_80_reg_50290                        |    1|    0|    1|          0|
    |sa_81_reg_50306                        |    1|    0|    1|          0|
    |sa_82_reg_50322                        |    1|    0|    1|          0|
    |sa_83_reg_50338                        |    1|    0|    1|          0|
    |sa_84_reg_50354                        |    1|    0|    1|          0|
    |sa_85_reg_50370                        |    1|    0|    1|          0|
    |sa_86_reg_50386                        |    1|    0|    1|          0|
    |sa_87_reg_50402                        |    1|    0|    1|          0|
    |sa_88_reg_50418                        |    1|    0|    1|          0|
    |sa_89_reg_50434                        |    1|    0|    1|          0|
    |sa_8_reg_49138                         |    1|    0|    1|          0|
    |sa_90_reg_50450                        |    1|    0|    1|          0|
    |sa_91_reg_50466                        |    1|    0|    1|          0|
    |sa_92_reg_50482                        |    1|    0|    1|          0|
    |sa_93_reg_50498                        |    1|    0|    1|          0|
    |sa_94_reg_50514                        |    1|    0|    1|          0|
    |sa_95_reg_50530                        |    1|    0|    1|          0|
    |sa_96_reg_50546                        |    1|    0|    1|          0|
    |sa_97_reg_50562                        |    1|    0|    1|          0|
    |sa_98_reg_50578                        |    1|    0|    1|          0|
    |sa_99_reg_50594                        |    1|    0|    1|          0|
    |sa_9_reg_49154                         |    1|    0|    1|          0|
    |sa_reg_49010                           |    1|    0|    1|          0|
    |sel_tmp_reg_48899                      |    2|    0|    2|          0|
    |slot_reg_48660                         |    2|    0|    2|          0|
    |sr_100_reg_53944                       |    1|    0|    1|          0|
    |sr_100_reg_53944_pp0_iter116_reg       |    1|    0|    1|          0|
    |sr_101_reg_53950                       |    1|    0|    1|          0|
    |sr_101_reg_53950_pp0_iter116_reg       |    1|    0|    1|          0|
    |sr_102_reg_53956                       |    1|    0|    1|          0|
    |sr_102_reg_53956_pp0_iter116_reg       |    1|    0|    1|          0|
    |sr_103_reg_53962                       |    1|    0|    1|          0|
    |sr_103_reg_53962_pp0_iter116_reg       |    1|    0|    1|          0|
    |sr_104_reg_53968                       |    1|    0|    1|          0|
    |sr_104_reg_53968_pp0_iter116_reg       |    1|    0|    1|          0|
    |sr_105_reg_53974                       |    1|    0|    1|          0|
    |sr_105_reg_53974_pp0_iter116_reg       |    1|    0|    1|          0|
    |sr_106_reg_53980                       |    1|    0|    1|          0|
    |sr_106_reg_53980_pp0_iter116_reg       |    1|    0|    1|          0|
    |sr_107_reg_53986                       |    1|    0|    1|          0|
    |sr_107_reg_53986_pp0_iter116_reg       |    1|    0|    1|          0|
    |sr_108_reg_53992                       |    1|    0|    1|          0|
    |sr_108_reg_53992_pp0_iter116_reg       |    1|    0|    1|          0|
    |sr_109_reg_53998                       |    1|    0|    1|          0|
    |sr_109_reg_53998_pp0_iter116_reg       |    1|    0|    1|          0|
    |sr_10_reg_53349                        |    1|    0|    1|          0|
    |sr_10_reg_53349_pp0_iter116_reg        |    1|    0|    1|          0|
    |sr_110_reg_54004                       |    1|    0|    1|          0|
    |sr_110_reg_54004_pp0_iter116_reg       |    1|    0|    1|          0|
    |sr_111_reg_54010                       |    1|    0|    1|          0|
    |sr_111_reg_54010_pp0_iter116_reg       |    1|    0|    1|          0|
    |sr_112_reg_54016                       |    1|    0|    1|          0|
    |sr_112_reg_54016_pp0_iter116_reg       |    1|    0|    1|          0|
    |sr_113_reg_54022                       |    1|    0|    1|          0|
    |sr_113_reg_54022_pp0_iter116_reg       |    1|    0|    1|          0|
    |sr_114_reg_54028                       |    1|    0|    1|          0|
    |sr_114_reg_54028_pp0_iter116_reg       |    1|    0|    1|          0|
    |sr_115_reg_54034                       |    1|    0|    1|          0|
    |sr_115_reg_54034_pp0_iter116_reg       |    1|    0|    1|          0|
    |sr_116_reg_54040                       |    1|    0|    1|          0|
    |sr_116_reg_54040_pp0_iter116_reg       |    1|    0|    1|          0|
    |sr_117_reg_54046                       |    1|    0|    1|          0|
    |sr_117_reg_54046_pp0_iter116_reg       |    1|    0|    1|          0|
    |sr_118_reg_54052                       |    1|    0|    1|          0|
    |sr_118_reg_54052_pp0_iter116_reg       |    1|    0|    1|          0|
    |sr_119_reg_54058                       |    1|    0|    1|          0|
    |sr_119_reg_54058_pp0_iter116_reg       |    1|    0|    1|          0|
    |sr_11_reg_53366                        |    1|    0|    1|          0|
    |sr_11_reg_53366_pp0_iter116_reg        |    1|    0|    1|          0|
    |sr_120_reg_54064                       |    1|    0|    1|          0|
    |sr_120_reg_54064_pp0_iter116_reg       |    1|    0|    1|          0|
    |sr_121_reg_54070                       |    1|    0|    1|          0|
    |sr_121_reg_54070_pp0_iter116_reg       |    1|    0|    1|          0|
    |sr_122_reg_54076                       |    1|    0|    1|          0|
    |sr_122_reg_54076_pp0_iter116_reg       |    1|    0|    1|          0|
    |sr_123_reg_54082                       |    1|    0|    1|          0|
    |sr_123_reg_54082_pp0_iter116_reg       |    1|    0|    1|          0|
    |sr_124_reg_54088                       |    1|    0|    1|          0|
    |sr_124_reg_54088_pp0_iter116_reg       |    1|    0|    1|          0|
    |sr_125_reg_54094                       |    1|    0|    1|          0|
    |sr_125_reg_54094_pp0_iter116_reg       |    1|    0|    1|          0|
    |sr_126_reg_54100                       |    1|    0|    1|          0|
    |sr_126_reg_54100_pp0_iter116_reg       |    1|    0|    1|          0|
    |sr_127_reg_54106                       |    1|    0|    1|          0|
    |sr_127_reg_54106_pp0_iter116_reg       |    1|    0|    1|          0|
    |sr_128_reg_54112                       |    1|    0|    1|          0|
    |sr_128_reg_54112_pp0_iter116_reg       |    1|    0|    1|          0|
    |sr_129_reg_54118                       |    1|    0|    1|          0|
    |sr_129_reg_54118_pp0_iter116_reg       |    1|    0|    1|          0|
    |sr_12_reg_53383                        |    1|    0|    1|          0|
    |sr_12_reg_53383_pp0_iter116_reg        |    1|    0|    1|          0|
    |sr_130_reg_54124                       |    1|    0|    1|          0|
    |sr_130_reg_54124_pp0_iter116_reg       |    1|    0|    1|          0|
    |sr_131_reg_54130                       |    1|    0|    1|          0|
    |sr_131_reg_54130_pp0_iter116_reg       |    1|    0|    1|          0|
    |sr_132_reg_54136                       |    1|    0|    1|          0|
    |sr_132_reg_54136_pp0_iter116_reg       |    1|    0|    1|          0|
    |sr_133_reg_54142                       |    1|    0|    1|          0|
    |sr_133_reg_54142_pp0_iter116_reg       |    1|    0|    1|          0|
    |sr_134_reg_54148                       |    1|    0|    1|          0|
    |sr_134_reg_54148_pp0_iter116_reg       |    1|    0|    1|          0|
    |sr_135_reg_54154                       |    1|    0|    1|          0|
    |sr_135_reg_54154_pp0_iter116_reg       |    1|    0|    1|          0|
    |sr_136_reg_54160                       |    1|    0|    1|          0|
    |sr_136_reg_54160_pp0_iter116_reg       |    1|    0|    1|          0|
    |sr_137_reg_54166                       |    1|    0|    1|          0|
    |sr_137_reg_54166_pp0_iter116_reg       |    1|    0|    1|          0|
    |sr_138_reg_54172                       |    1|    0|    1|          0|
    |sr_138_reg_54172_pp0_iter116_reg       |    1|    0|    1|          0|
    |sr_139_reg_54178                       |    1|    0|    1|          0|
    |sr_139_reg_54178_pp0_iter116_reg       |    1|    0|    1|          0|
    |sr_13_reg_53400                        |    1|    0|    1|          0|
    |sr_13_reg_53400_pp0_iter116_reg        |    1|    0|    1|          0|
    |sr_140_reg_54184                       |    1|    0|    1|          0|
    |sr_140_reg_54184_pp0_iter116_reg       |    1|    0|    1|          0|
    |sr_141_reg_54190                       |    1|    0|    1|          0|
    |sr_141_reg_54190_pp0_iter116_reg       |    1|    0|    1|          0|
    |sr_142_reg_54196                       |    1|    0|    1|          0|
    |sr_142_reg_54196_pp0_iter116_reg       |    1|    0|    1|          0|
    |sr_143_reg_54202                       |    1|    0|    1|          0|
    |sr_143_reg_54202_pp0_iter116_reg       |    1|    0|    1|          0|
    |sr_144_reg_54208                       |    1|    0|    1|          0|
    |sr_144_reg_54208_pp0_iter116_reg       |    1|    0|    1|          0|
    |sr_145_reg_54214                       |    1|    0|    1|          0|
    |sr_145_reg_54214_pp0_iter116_reg       |    1|    0|    1|          0|
    |sr_146_reg_54220                       |    1|    0|    1|          0|
    |sr_146_reg_54220_pp0_iter116_reg       |    1|    0|    1|          0|
    |sr_147_reg_54226                       |    1|    0|    1|          0|
    |sr_147_reg_54226_pp0_iter116_reg       |    1|    0|    1|          0|
    |sr_148_reg_54232                       |    1|    0|    1|          0|
    |sr_148_reg_54232_pp0_iter116_reg       |    1|    0|    1|          0|
    |sr_149_reg_54238                       |    1|    0|    1|          0|
    |sr_149_reg_54238_pp0_iter116_reg       |    1|    0|    1|          0|
    |sr_14_reg_53417                        |    1|    0|    1|          0|
    |sr_14_reg_53417_pp0_iter116_reg        |    1|    0|    1|          0|
    |sr_150_reg_54244                       |    1|    0|    1|          0|
    |sr_150_reg_54244_pp0_iter116_reg       |    1|    0|    1|          0|
    |sr_151_reg_54250                       |    1|    0|    1|          0|
    |sr_151_reg_54250_pp0_iter116_reg       |    1|    0|    1|          0|
    |sr_152_reg_54256                       |    1|    0|    1|          0|
    |sr_152_reg_54256_pp0_iter116_reg       |    1|    0|    1|          0|
    |sr_153_reg_54262                       |    1|    0|    1|          0|
    |sr_153_reg_54262_pp0_iter116_reg       |    1|    0|    1|          0|
    |sr_154_reg_54268                       |    1|    0|    1|          0|
    |sr_154_reg_54268_pp0_iter116_reg       |    1|    0|    1|          0|
    |sr_155_reg_54274                       |    1|    0|    1|          0|
    |sr_155_reg_54274_pp0_iter116_reg       |    1|    0|    1|          0|
    |sr_156_reg_54280                       |    1|    0|    1|          0|
    |sr_156_reg_54280_pp0_iter116_reg       |    1|    0|    1|          0|
    |sr_157_reg_54286                       |    1|    0|    1|          0|
    |sr_157_reg_54286_pp0_iter116_reg       |    1|    0|    1|          0|
    |sr_158_reg_54292                       |    1|    0|    1|          0|
    |sr_158_reg_54292_pp0_iter116_reg       |    1|    0|    1|          0|
    |sr_159_reg_54298                       |    1|    0|    1|          0|
    |sr_159_reg_54298_pp0_iter116_reg       |    1|    0|    1|          0|
    |sr_15_reg_53434                        |    1|    0|    1|          0|
    |sr_15_reg_53434_pp0_iter116_reg        |    1|    0|    1|          0|
    |sr_160_reg_54304                       |    1|    0|    1|          0|
    |sr_160_reg_54304_pp0_iter116_reg       |    1|    0|    1|          0|
    |sr_161_reg_54310                       |    1|    0|    1|          0|
    |sr_161_reg_54310_pp0_iter116_reg       |    1|    0|    1|          0|
    |sr_162_reg_54316                       |    1|    0|    1|          0|
    |sr_162_reg_54316_pp0_iter116_reg       |    1|    0|    1|          0|
    |sr_163_reg_54322                       |    1|    0|    1|          0|
    |sr_163_reg_54322_pp0_iter116_reg       |    1|    0|    1|          0|
    |sr_164_reg_54328                       |    1|    0|    1|          0|
    |sr_164_reg_54328_pp0_iter116_reg       |    1|    0|    1|          0|
    |sr_165_reg_54334                       |    1|    0|    1|          0|
    |sr_165_reg_54334_pp0_iter116_reg       |    1|    0|    1|          0|
    |sr_166_reg_54340                       |    1|    0|    1|          0|
    |sr_166_reg_54340_pp0_iter116_reg       |    1|    0|    1|          0|
    |sr_167_reg_54346                       |    1|    0|    1|          0|
    |sr_167_reg_54346_pp0_iter116_reg       |    1|    0|    1|          0|
    |sr_168_reg_54352                       |    1|    0|    1|          0|
    |sr_168_reg_54352_pp0_iter116_reg       |    1|    0|    1|          0|
    |sr_169_reg_54358                       |    1|    0|    1|          0|
    |sr_169_reg_54358_pp0_iter116_reg       |    1|    0|    1|          0|
    |sr_16_reg_53440                        |    1|    0|    1|          0|
    |sr_16_reg_53440_pp0_iter116_reg        |    1|    0|    1|          0|
    |sr_170_reg_54364                       |    1|    0|    1|          0|
    |sr_170_reg_54364_pp0_iter116_reg       |    1|    0|    1|          0|
    |sr_171_reg_54370                       |    1|    0|    1|          0|
    |sr_171_reg_54370_pp0_iter116_reg       |    1|    0|    1|          0|
    |sr_172_reg_54376                       |    1|    0|    1|          0|
    |sr_172_reg_54376_pp0_iter116_reg       |    1|    0|    1|          0|
    |sr_173_reg_54382                       |    1|    0|    1|          0|
    |sr_173_reg_54382_pp0_iter116_reg       |    1|    0|    1|          0|
    |sr_174_reg_54388                       |    1|    0|    1|          0|
    |sr_174_reg_54388_pp0_iter116_reg       |    1|    0|    1|          0|
    |sr_175_reg_54394                       |    1|    0|    1|          0|
    |sr_175_reg_54394_pp0_iter116_reg       |    1|    0|    1|          0|
    |sr_176_reg_54400                       |    1|    0|    1|          0|
    |sr_176_reg_54400_pp0_iter116_reg       |    1|    0|    1|          0|
    |sr_177_reg_54406                       |    1|    0|    1|          0|
    |sr_177_reg_54406_pp0_iter116_reg       |    1|    0|    1|          0|
    |sr_178_reg_54412                       |    1|    0|    1|          0|
    |sr_178_reg_54412_pp0_iter116_reg       |    1|    0|    1|          0|
    |sr_179_reg_54418                       |    1|    0|    1|          0|
    |sr_179_reg_54418_pp0_iter116_reg       |    1|    0|    1|          0|
    |sr_17_reg_53446                        |    1|    0|    1|          0|
    |sr_17_reg_53446_pp0_iter116_reg        |    1|    0|    1|          0|
    |sr_180_reg_54424                       |    1|    0|    1|          0|
    |sr_180_reg_54424_pp0_iter116_reg       |    1|    0|    1|          0|
    |sr_181_reg_54430                       |    1|    0|    1|          0|
    |sr_181_reg_54430_pp0_iter116_reg       |    1|    0|    1|          0|
    |sr_182_reg_54436                       |    1|    0|    1|          0|
    |sr_182_reg_54436_pp0_iter116_reg       |    1|    0|    1|          0|
    |sr_183_reg_54442                       |    1|    0|    1|          0|
    |sr_183_reg_54442_pp0_iter116_reg       |    1|    0|    1|          0|
    |sr_184_reg_54448                       |    1|    0|    1|          0|
    |sr_184_reg_54448_pp0_iter116_reg       |    1|    0|    1|          0|
    |sr_185_reg_54454                       |    1|    0|    1|          0|
    |sr_185_reg_54454_pp0_iter116_reg       |    1|    0|    1|          0|
    |sr_186_reg_54460                       |    1|    0|    1|          0|
    |sr_186_reg_54460_pp0_iter116_reg       |    1|    0|    1|          0|
    |sr_187_reg_54466                       |    1|    0|    1|          0|
    |sr_187_reg_54466_pp0_iter116_reg       |    1|    0|    1|          0|
    |sr_188_reg_54472                       |    1|    0|    1|          0|
    |sr_188_reg_54472_pp0_iter116_reg       |    1|    0|    1|          0|
    |sr_189_reg_54478                       |    1|    0|    1|          0|
    |sr_189_reg_54478_pp0_iter116_reg       |    1|    0|    1|          0|
    |sr_18_reg_53452                        |    1|    0|    1|          0|
    |sr_18_reg_53452_pp0_iter116_reg        |    1|    0|    1|          0|
    |sr_190_reg_54484                       |    1|    0|    1|          0|
    |sr_190_reg_54484_pp0_iter116_reg       |    1|    0|    1|          0|
    |sr_191_reg_54490                       |    1|    0|    1|          0|
    |sr_191_reg_54490_pp0_iter116_reg       |    1|    0|    1|          0|
    |sr_192_reg_54496                       |    1|    0|    1|          0|
    |sr_192_reg_54496_pp0_iter116_reg       |    1|    0|    1|          0|
    |sr_193_reg_54502                       |    1|    0|    1|          0|
    |sr_193_reg_54502_pp0_iter116_reg       |    1|    0|    1|          0|
    |sr_194_reg_54508                       |    1|    0|    1|          0|
    |sr_194_reg_54508_pp0_iter116_reg       |    1|    0|    1|          0|
    |sr_195_reg_54514                       |    1|    0|    1|          0|
    |sr_195_reg_54514_pp0_iter116_reg       |    1|    0|    1|          0|
    |sr_196_reg_54520                       |    1|    0|    1|          0|
    |sr_196_reg_54520_pp0_iter116_reg       |    1|    0|    1|          0|
    |sr_197_reg_54526                       |    1|    0|    1|          0|
    |sr_197_reg_54526_pp0_iter116_reg       |    1|    0|    1|          0|
    |sr_198_reg_54532                       |    1|    0|    1|          0|
    |sr_198_reg_54532_pp0_iter116_reg       |    1|    0|    1|          0|
    |sr_199_reg_54538                       |    1|    0|    1|          0|
    |sr_199_reg_54538_pp0_iter116_reg       |    1|    0|    1|          0|
    |sr_19_reg_53458                        |    1|    0|    1|          0|
    |sr_19_reg_53458_pp0_iter116_reg        |    1|    0|    1|          0|
    |sr_1_reg_53196                         |    1|    0|    1|          0|
    |sr_1_reg_53196_pp0_iter116_reg         |    1|    0|    1|          0|
    |sr_200_reg_54544                       |    1|    0|    1|          0|
    |sr_200_reg_54544_pp0_iter116_reg       |    1|    0|    1|          0|
    |sr_201_reg_54550                       |    1|    0|    1|          0|
    |sr_201_reg_54550_pp0_iter116_reg       |    1|    0|    1|          0|
    |sr_202_reg_54556                       |    1|    0|    1|          0|
    |sr_202_reg_54556_pp0_iter116_reg       |    1|    0|    1|          0|
    |sr_203_reg_54562                       |    1|    0|    1|          0|
    |sr_203_reg_54562_pp0_iter116_reg       |    1|    0|    1|          0|
    |sr_204_reg_54568                       |    1|    0|    1|          0|
    |sr_204_reg_54568_pp0_iter116_reg       |    1|    0|    1|          0|
    |sr_205_reg_54574                       |    1|    0|    1|          0|
    |sr_205_reg_54574_pp0_iter116_reg       |    1|    0|    1|          0|
    |sr_206_reg_54580                       |    1|    0|    1|          0|
    |sr_206_reg_54580_pp0_iter116_reg       |    1|    0|    1|          0|
    |sr_207_reg_54586                       |    1|    0|    1|          0|
    |sr_207_reg_54586_pp0_iter116_reg       |    1|    0|    1|          0|
    |sr_208_reg_54592                       |    1|    0|    1|          0|
    |sr_208_reg_54592_pp0_iter116_reg       |    1|    0|    1|          0|
    |sr_209_reg_54598                       |    1|    0|    1|          0|
    |sr_209_reg_54598_pp0_iter116_reg       |    1|    0|    1|          0|
    |sr_20_reg_53464                        |    1|    0|    1|          0|
    |sr_20_reg_53464_pp0_iter116_reg        |    1|    0|    1|          0|
    |sr_210_reg_54604                       |    1|    0|    1|          0|
    |sr_210_reg_54604_pp0_iter116_reg       |    1|    0|    1|          0|
    |sr_211_reg_54610                       |    1|    0|    1|          0|
    |sr_211_reg_54610_pp0_iter116_reg       |    1|    0|    1|          0|
    |sr_212_reg_54616                       |    1|    0|    1|          0|
    |sr_212_reg_54616_pp0_iter116_reg       |    1|    0|    1|          0|
    |sr_213_reg_54622                       |    1|    0|    1|          0|
    |sr_213_reg_54622_pp0_iter116_reg       |    1|    0|    1|          0|
    |sr_214_reg_54628                       |    1|    0|    1|          0|
    |sr_214_reg_54628_pp0_iter116_reg       |    1|    0|    1|          0|
    |sr_215_reg_54634                       |    1|    0|    1|          0|
    |sr_215_reg_54634_pp0_iter116_reg       |    1|    0|    1|          0|
    |sr_216_reg_54640                       |    1|    0|    1|          0|
    |sr_216_reg_54640_pp0_iter116_reg       |    1|    0|    1|          0|
    |sr_217_reg_54646                       |    1|    0|    1|          0|
    |sr_217_reg_54646_pp0_iter116_reg       |    1|    0|    1|          0|
    |sr_218_reg_54652                       |    1|    0|    1|          0|
    |sr_218_reg_54652_pp0_iter116_reg       |    1|    0|    1|          0|
    |sr_219_reg_54658                       |    1|    0|    1|          0|
    |sr_219_reg_54658_pp0_iter116_reg       |    1|    0|    1|          0|
    |sr_21_reg_53470                        |    1|    0|    1|          0|
    |sr_21_reg_53470_pp0_iter116_reg        |    1|    0|    1|          0|
    |sr_220_reg_54664                       |    1|    0|    1|          0|
    |sr_220_reg_54664_pp0_iter116_reg       |    1|    0|    1|          0|
    |sr_221_reg_54670                       |    1|    0|    1|          0|
    |sr_221_reg_54670_pp0_iter116_reg       |    1|    0|    1|          0|
    |sr_222_reg_54676                       |    1|    0|    1|          0|
    |sr_222_reg_54676_pp0_iter116_reg       |    1|    0|    1|          0|
    |sr_223_reg_54682                       |    1|    0|    1|          0|
    |sr_223_reg_54682_pp0_iter116_reg       |    1|    0|    1|          0|
    |sr_224_reg_54688                       |    1|    0|    1|          0|
    |sr_224_reg_54688_pp0_iter116_reg       |    1|    0|    1|          0|
    |sr_225_reg_54694                       |    1|    0|    1|          0|
    |sr_225_reg_54694_pp0_iter116_reg       |    1|    0|    1|          0|
    |sr_226_reg_54700                       |    1|    0|    1|          0|
    |sr_226_reg_54700_pp0_iter116_reg       |    1|    0|    1|          0|
    |sr_227_reg_54706                       |    1|    0|    1|          0|
    |sr_227_reg_54706_pp0_iter116_reg       |    1|    0|    1|          0|
    |sr_228_reg_54712                       |    1|    0|    1|          0|
    |sr_228_reg_54712_pp0_iter116_reg       |    1|    0|    1|          0|
    |sr_229_reg_54718                       |    1|    0|    1|          0|
    |sr_229_reg_54718_pp0_iter116_reg       |    1|    0|    1|          0|
    |sr_22_reg_53476                        |    1|    0|    1|          0|
    |sr_22_reg_53476_pp0_iter116_reg        |    1|    0|    1|          0|
    |sr_230_reg_54724                       |    1|    0|    1|          0|
    |sr_230_reg_54724_pp0_iter116_reg       |    1|    0|    1|          0|
    |sr_231_reg_54730                       |    1|    0|    1|          0|
    |sr_231_reg_54730_pp0_iter116_reg       |    1|    0|    1|          0|
    |sr_232_reg_54736                       |    1|    0|    1|          0|
    |sr_232_reg_54736_pp0_iter116_reg       |    1|    0|    1|          0|
    |sr_233_reg_54742                       |    1|    0|    1|          0|
    |sr_233_reg_54742_pp0_iter116_reg       |    1|    0|    1|          0|
    |sr_234_reg_54748                       |    1|    0|    1|          0|
    |sr_234_reg_54748_pp0_iter116_reg       |    1|    0|    1|          0|
    |sr_235_reg_54754                       |    1|    0|    1|          0|
    |sr_235_reg_54754_pp0_iter116_reg       |    1|    0|    1|          0|
    |sr_236_reg_54760                       |    1|    0|    1|          0|
    |sr_236_reg_54760_pp0_iter116_reg       |    1|    0|    1|          0|
    |sr_237_reg_54766                       |    1|    0|    1|          0|
    |sr_237_reg_54766_pp0_iter116_reg       |    1|    0|    1|          0|
    |sr_238_reg_54772                       |    1|    0|    1|          0|
    |sr_238_reg_54772_pp0_iter116_reg       |    1|    0|    1|          0|
    |sr_239_reg_54778                       |    1|    0|    1|          0|
    |sr_239_reg_54778_pp0_iter116_reg       |    1|    0|    1|          0|
    |sr_23_reg_53482                        |    1|    0|    1|          0|
    |sr_23_reg_53482_pp0_iter116_reg        |    1|    0|    1|          0|
    |sr_240_reg_54784                       |    1|    0|    1|          0|
    |sr_240_reg_54784_pp0_iter116_reg       |    1|    0|    1|          0|
    |sr_241_reg_54790                       |    1|    0|    1|          0|
    |sr_241_reg_54790_pp0_iter116_reg       |    1|    0|    1|          0|
    |sr_242_reg_54796                       |    1|    0|    1|          0|
    |sr_242_reg_54796_pp0_iter116_reg       |    1|    0|    1|          0|
    |sr_243_reg_54802                       |    1|    0|    1|          0|
    |sr_243_reg_54802_pp0_iter116_reg       |    1|    0|    1|          0|
    |sr_244_reg_54808                       |    1|    0|    1|          0|
    |sr_244_reg_54808_pp0_iter116_reg       |    1|    0|    1|          0|
    |sr_245_reg_54814                       |    1|    0|    1|          0|
    |sr_245_reg_54814_pp0_iter116_reg       |    1|    0|    1|          0|
    |sr_246_reg_54820                       |    1|    0|    1|          0|
    |sr_246_reg_54820_pp0_iter116_reg       |    1|    0|    1|          0|
    |sr_247_reg_54826                       |    1|    0|    1|          0|
    |sr_247_reg_54826_pp0_iter116_reg       |    1|    0|    1|          0|
    |sr_248_reg_54832                       |    1|    0|    1|          0|
    |sr_248_reg_54832_pp0_iter116_reg       |    1|    0|    1|          0|
    |sr_249_reg_54838                       |    1|    0|    1|          0|
    |sr_249_reg_54838_pp0_iter116_reg       |    1|    0|    1|          0|
    |sr_24_reg_53488                        |    1|    0|    1|          0|
    |sr_24_reg_53488_pp0_iter116_reg        |    1|    0|    1|          0|
    |sr_250_reg_54844                       |    1|    0|    1|          0|
    |sr_250_reg_54844_pp0_iter116_reg       |    1|    0|    1|          0|
    |sr_251_reg_54850                       |    1|    0|    1|          0|
    |sr_251_reg_54850_pp0_iter116_reg       |    1|    0|    1|          0|
    |sr_252_reg_54856                       |    1|    0|    1|          0|
    |sr_252_reg_54856_pp0_iter116_reg       |    1|    0|    1|          0|
    |sr_253_reg_54862                       |    1|    0|    1|          0|
    |sr_253_reg_54862_pp0_iter116_reg       |    1|    0|    1|          0|
    |sr_254_reg_54868                       |    1|    0|    1|          0|
    |sr_254_reg_54868_pp0_iter116_reg       |    1|    0|    1|          0|
    |sr_255_reg_54874                       |    1|    0|    1|          0|
    |sr_255_reg_54874_pp0_iter116_reg       |    1|    0|    1|          0|
    |sr_25_reg_53494                        |    1|    0|    1|          0|
    |sr_25_reg_53494_pp0_iter116_reg        |    1|    0|    1|          0|
    |sr_26_reg_53500                        |    1|    0|    1|          0|
    |sr_26_reg_53500_pp0_iter116_reg        |    1|    0|    1|          0|
    |sr_27_reg_53506                        |    1|    0|    1|          0|
    |sr_27_reg_53506_pp0_iter116_reg        |    1|    0|    1|          0|
    |sr_28_reg_53512                        |    1|    0|    1|          0|
    |sr_28_reg_53512_pp0_iter116_reg        |    1|    0|    1|          0|
    |sr_29_reg_53518                        |    1|    0|    1|          0|
    |sr_29_reg_53518_pp0_iter116_reg        |    1|    0|    1|          0|
    |sr_2_reg_53213                         |    1|    0|    1|          0|
    |sr_2_reg_53213_pp0_iter116_reg         |    1|    0|    1|          0|
    |sr_30_reg_53524                        |    1|    0|    1|          0|
    |sr_30_reg_53524_pp0_iter116_reg        |    1|    0|    1|          0|
    |sr_31_reg_53530                        |    1|    0|    1|          0|
    |sr_31_reg_53530_pp0_iter116_reg        |    1|    0|    1|          0|
    |sr_32_reg_53536                        |    1|    0|    1|          0|
    |sr_32_reg_53536_pp0_iter116_reg        |    1|    0|    1|          0|
    |sr_33_reg_53542                        |    1|    0|    1|          0|
    |sr_33_reg_53542_pp0_iter116_reg        |    1|    0|    1|          0|
    |sr_34_reg_53548                        |    1|    0|    1|          0|
    |sr_34_reg_53548_pp0_iter116_reg        |    1|    0|    1|          0|
    |sr_35_reg_53554                        |    1|    0|    1|          0|
    |sr_35_reg_53554_pp0_iter116_reg        |    1|    0|    1|          0|
    |sr_36_reg_53560                        |    1|    0|    1|          0|
    |sr_36_reg_53560_pp0_iter116_reg        |    1|    0|    1|          0|
    |sr_37_reg_53566                        |    1|    0|    1|          0|
    |sr_37_reg_53566_pp0_iter116_reg        |    1|    0|    1|          0|
    |sr_38_reg_53572                        |    1|    0|    1|          0|
    |sr_38_reg_53572_pp0_iter116_reg        |    1|    0|    1|          0|
    |sr_39_reg_53578                        |    1|    0|    1|          0|
    |sr_39_reg_53578_pp0_iter116_reg        |    1|    0|    1|          0|
    |sr_3_reg_53230                         |    1|    0|    1|          0|
    |sr_3_reg_53230_pp0_iter116_reg         |    1|    0|    1|          0|
    |sr_40_reg_53584                        |    1|    0|    1|          0|
    |sr_40_reg_53584_pp0_iter116_reg        |    1|    0|    1|          0|
    |sr_41_reg_53590                        |    1|    0|    1|          0|
    |sr_41_reg_53590_pp0_iter116_reg        |    1|    0|    1|          0|
    |sr_42_reg_53596                        |    1|    0|    1|          0|
    |sr_42_reg_53596_pp0_iter116_reg        |    1|    0|    1|          0|
    |sr_43_reg_53602                        |    1|    0|    1|          0|
    |sr_43_reg_53602_pp0_iter116_reg        |    1|    0|    1|          0|
    |sr_44_reg_53608                        |    1|    0|    1|          0|
    |sr_44_reg_53608_pp0_iter116_reg        |    1|    0|    1|          0|
    |sr_45_reg_53614                        |    1|    0|    1|          0|
    |sr_45_reg_53614_pp0_iter116_reg        |    1|    0|    1|          0|
    |sr_46_reg_53620                        |    1|    0|    1|          0|
    |sr_46_reg_53620_pp0_iter116_reg        |    1|    0|    1|          0|
    |sr_47_reg_53626                        |    1|    0|    1|          0|
    |sr_47_reg_53626_pp0_iter116_reg        |    1|    0|    1|          0|
    |sr_48_reg_53632                        |    1|    0|    1|          0|
    |sr_48_reg_53632_pp0_iter116_reg        |    1|    0|    1|          0|
    |sr_49_reg_53638                        |    1|    0|    1|          0|
    |sr_49_reg_53638_pp0_iter116_reg        |    1|    0|    1|          0|
    |sr_4_reg_53247                         |    1|    0|    1|          0|
    |sr_4_reg_53247_pp0_iter116_reg         |    1|    0|    1|          0|
    |sr_50_reg_53644                        |    1|    0|    1|          0|
    |sr_50_reg_53644_pp0_iter116_reg        |    1|    0|    1|          0|
    |sr_51_reg_53650                        |    1|    0|    1|          0|
    |sr_51_reg_53650_pp0_iter116_reg        |    1|    0|    1|          0|
    |sr_52_reg_53656                        |    1|    0|    1|          0|
    |sr_52_reg_53656_pp0_iter116_reg        |    1|    0|    1|          0|
    |sr_53_reg_53662                        |    1|    0|    1|          0|
    |sr_53_reg_53662_pp0_iter116_reg        |    1|    0|    1|          0|
    |sr_54_reg_53668                        |    1|    0|    1|          0|
    |sr_54_reg_53668_pp0_iter116_reg        |    1|    0|    1|          0|
    |sr_55_reg_53674                        |    1|    0|    1|          0|
    |sr_55_reg_53674_pp0_iter116_reg        |    1|    0|    1|          0|
    |sr_56_reg_53680                        |    1|    0|    1|          0|
    |sr_56_reg_53680_pp0_iter116_reg        |    1|    0|    1|          0|
    |sr_57_reg_53686                        |    1|    0|    1|          0|
    |sr_57_reg_53686_pp0_iter116_reg        |    1|    0|    1|          0|
    |sr_58_reg_53692                        |    1|    0|    1|          0|
    |sr_58_reg_53692_pp0_iter116_reg        |    1|    0|    1|          0|
    |sr_59_reg_53698                        |    1|    0|    1|          0|
    |sr_59_reg_53698_pp0_iter116_reg        |    1|    0|    1|          0|
    |sr_5_reg_53264                         |    1|    0|    1|          0|
    |sr_5_reg_53264_pp0_iter116_reg         |    1|    0|    1|          0|
    |sr_60_reg_53704                        |    1|    0|    1|          0|
    |sr_60_reg_53704_pp0_iter116_reg        |    1|    0|    1|          0|
    |sr_61_reg_53710                        |    1|    0|    1|          0|
    |sr_61_reg_53710_pp0_iter116_reg        |    1|    0|    1|          0|
    |sr_62_reg_53716                        |    1|    0|    1|          0|
    |sr_62_reg_53716_pp0_iter116_reg        |    1|    0|    1|          0|
    |sr_63_reg_53722                        |    1|    0|    1|          0|
    |sr_63_reg_53722_pp0_iter116_reg        |    1|    0|    1|          0|
    |sr_64_reg_53728                        |    1|    0|    1|          0|
    |sr_64_reg_53728_pp0_iter116_reg        |    1|    0|    1|          0|
    |sr_65_reg_53734                        |    1|    0|    1|          0|
    |sr_65_reg_53734_pp0_iter116_reg        |    1|    0|    1|          0|
    |sr_66_reg_53740                        |    1|    0|    1|          0|
    |sr_66_reg_53740_pp0_iter116_reg        |    1|    0|    1|          0|
    |sr_67_reg_53746                        |    1|    0|    1|          0|
    |sr_67_reg_53746_pp0_iter116_reg        |    1|    0|    1|          0|
    |sr_68_reg_53752                        |    1|    0|    1|          0|
    |sr_68_reg_53752_pp0_iter116_reg        |    1|    0|    1|          0|
    |sr_69_reg_53758                        |    1|    0|    1|          0|
    |sr_69_reg_53758_pp0_iter116_reg        |    1|    0|    1|          0|
    |sr_6_reg_53281                         |    1|    0|    1|          0|
    |sr_6_reg_53281_pp0_iter116_reg         |    1|    0|    1|          0|
    |sr_70_reg_53764                        |    1|    0|    1|          0|
    |sr_70_reg_53764_pp0_iter116_reg        |    1|    0|    1|          0|
    |sr_71_reg_53770                        |    1|    0|    1|          0|
    |sr_71_reg_53770_pp0_iter116_reg        |    1|    0|    1|          0|
    |sr_72_reg_53776                        |    1|    0|    1|          0|
    |sr_72_reg_53776_pp0_iter116_reg        |    1|    0|    1|          0|
    |sr_73_reg_53782                        |    1|    0|    1|          0|
    |sr_73_reg_53782_pp0_iter116_reg        |    1|    0|    1|          0|
    |sr_74_reg_53788                        |    1|    0|    1|          0|
    |sr_74_reg_53788_pp0_iter116_reg        |    1|    0|    1|          0|
    |sr_75_reg_53794                        |    1|    0|    1|          0|
    |sr_75_reg_53794_pp0_iter116_reg        |    1|    0|    1|          0|
    |sr_76_reg_53800                        |    1|    0|    1|          0|
    |sr_76_reg_53800_pp0_iter116_reg        |    1|    0|    1|          0|
    |sr_77_reg_53806                        |    1|    0|    1|          0|
    |sr_77_reg_53806_pp0_iter116_reg        |    1|    0|    1|          0|
    |sr_78_reg_53812                        |    1|    0|    1|          0|
    |sr_78_reg_53812_pp0_iter116_reg        |    1|    0|    1|          0|
    |sr_79_reg_53818                        |    1|    0|    1|          0|
    |sr_79_reg_53818_pp0_iter116_reg        |    1|    0|    1|          0|
    |sr_7_reg_53298                         |    1|    0|    1|          0|
    |sr_7_reg_53298_pp0_iter116_reg         |    1|    0|    1|          0|
    |sr_80_reg_53824                        |    1|    0|    1|          0|
    |sr_80_reg_53824_pp0_iter116_reg        |    1|    0|    1|          0|
    |sr_81_reg_53830                        |    1|    0|    1|          0|
    |sr_81_reg_53830_pp0_iter116_reg        |    1|    0|    1|          0|
    |sr_82_reg_53836                        |    1|    0|    1|          0|
    |sr_82_reg_53836_pp0_iter116_reg        |    1|    0|    1|          0|
    |sr_83_reg_53842                        |    1|    0|    1|          0|
    |sr_83_reg_53842_pp0_iter116_reg        |    1|    0|    1|          0|
    |sr_84_reg_53848                        |    1|    0|    1|          0|
    |sr_84_reg_53848_pp0_iter116_reg        |    1|    0|    1|          0|
    |sr_85_reg_53854                        |    1|    0|    1|          0|
    |sr_85_reg_53854_pp0_iter116_reg        |    1|    0|    1|          0|
    |sr_86_reg_53860                        |    1|    0|    1|          0|
    |sr_86_reg_53860_pp0_iter116_reg        |    1|    0|    1|          0|
    |sr_87_reg_53866                        |    1|    0|    1|          0|
    |sr_87_reg_53866_pp0_iter116_reg        |    1|    0|    1|          0|
    |sr_88_reg_53872                        |    1|    0|    1|          0|
    |sr_88_reg_53872_pp0_iter116_reg        |    1|    0|    1|          0|
    |sr_89_reg_53878                        |    1|    0|    1|          0|
    |sr_89_reg_53878_pp0_iter116_reg        |    1|    0|    1|          0|
    |sr_8_reg_53315                         |    1|    0|    1|          0|
    |sr_8_reg_53315_pp0_iter116_reg         |    1|    0|    1|          0|
    |sr_90_reg_53884                        |    1|    0|    1|          0|
    |sr_90_reg_53884_pp0_iter116_reg        |    1|    0|    1|          0|
    |sr_91_reg_53890                        |    1|    0|    1|          0|
    |sr_91_reg_53890_pp0_iter116_reg        |    1|    0|    1|          0|
    |sr_92_reg_53896                        |    1|    0|    1|          0|
    |sr_92_reg_53896_pp0_iter116_reg        |    1|    0|    1|          0|
    |sr_93_reg_53902                        |    1|    0|    1|          0|
    |sr_93_reg_53902_pp0_iter116_reg        |    1|    0|    1|          0|
    |sr_94_reg_53908                        |    1|    0|    1|          0|
    |sr_94_reg_53908_pp0_iter116_reg        |    1|    0|    1|          0|
    |sr_95_reg_53914                        |    1|    0|    1|          0|
    |sr_95_reg_53914_pp0_iter116_reg        |    1|    0|    1|          0|
    |sr_96_reg_53920                        |    1|    0|    1|          0|
    |sr_96_reg_53920_pp0_iter116_reg        |    1|    0|    1|          0|
    |sr_97_reg_53926                        |    1|    0|    1|          0|
    |sr_97_reg_53926_pp0_iter116_reg        |    1|    0|    1|          0|
    |sr_98_reg_53932                        |    1|    0|    1|          0|
    |sr_98_reg_53932_pp0_iter116_reg        |    1|    0|    1|          0|
    |sr_99_reg_53938                        |    1|    0|    1|          0|
    |sr_99_reg_53938_pp0_iter116_reg        |    1|    0|    1|          0|
    |sr_9_reg_53332                         |    1|    0|    1|          0|
    |sr_9_reg_53332_pp0_iter116_reg         |    1|    0|    1|          0|
    |sr_reg_53179                           |    1|    0|    1|          0|
    |sr_reg_53179_pp0_iter116_reg           |    1|    0|    1|          0|
    |step_1_reg_48560                       |   32|    0|   32|          0|
    |step_4_reg_48601                       |   32|    0|   32|          0|
    |step_fu_426                            |   32|    0|   32|          0|
    |sub_ln154_3_reg_48924                  |   31|    0|   31|          0|
    |sub_ln49_2_reg_48998                   |   32|    0|   32|          0|
    |sub_ln49_3_reg_48971                   |   32|    0|   32|          0|
    |tmp_100_reg_50013                      |    3|    0|    3|          0|
    |tmp_101_reg_50029                      |    3|    0|    3|          0|
    |tmp_102_reg_50061                      |    3|    0|    3|          0|
    |tmp_103_reg_50077                      |    3|    0|    3|          0|
    |tmp_104_reg_50093                      |    3|    0|    3|          0|
    |tmp_105_reg_50109                      |    3|    0|    3|          0|
    |tmp_106_reg_50125                      |    3|    0|    3|          0|
    |tmp_107_reg_50141                      |    3|    0|    3|          0|
    |tmp_108_reg_50157                      |    3|    0|    3|          0|
    |tmp_109_reg_50173                      |    3|    0|    3|          0|
    |tmp_10_reg_64479                       |   16|    0|   16|          0|
    |tmp_110_reg_50189                      |    3|    0|    3|          0|
    |tmp_111_reg_50205                      |    3|    0|    3|          0|
    |tmp_112_reg_48977                      |    1|    0|    1|          0|
    |tmp_113_reg_50221                      |    3|    0|    3|          0|
    |tmp_114_reg_50237                      |    3|    0|    3|          0|
    |tmp_115_reg_50253                      |    3|    0|    3|          0|
    |tmp_116_reg_50269                      |    3|    0|    3|          0|
    |tmp_117_reg_50285                      |    3|    0|    3|          0|
    |tmp_118_reg_50317                      |    3|    0|    3|          0|
    |tmp_119_reg_50333                      |    3|    0|    3|          0|
    |tmp_11_reg_64490                       |   16|    0|   16|          0|
    |tmp_120_reg_50349                      |    3|    0|    3|          0|
    |tmp_121_reg_50365                      |    3|    0|    3|          0|
    |tmp_122_reg_50381                      |    3|    0|    3|          0|
    |tmp_123_reg_50397                      |    3|    0|    3|          0|
    |tmp_124_reg_50413                      |    3|    0|    3|          0|
    |tmp_125_reg_50429                      |    3|    0|    3|          0|
    |tmp_126_reg_50445                      |    3|    0|    3|          0|
    |tmp_127_reg_50461                      |    3|    0|    3|          0|
    |tmp_128_reg_50477                      |    3|    0|    3|          0|
    |tmp_129_reg_50493                      |    3|    0|    3|          0|
    |tmp_12_reg_64501                       |   16|    0|   16|          0|
    |tmp_130_reg_50509                      |    3|    0|    3|          0|
    |tmp_131_reg_50525                      |    3|    0|    3|          0|
    |tmp_132_reg_50541                      |    3|    0|    3|          0|
    |tmp_133_reg_50573                      |    3|    0|    3|          0|
    |tmp_134_reg_50589                      |    3|    0|    3|          0|
    |tmp_135_reg_50605                      |    3|    0|    3|          0|
    |tmp_136_reg_50621                      |    3|    0|    3|          0|
    |tmp_137_reg_50637                      |    3|    0|    3|          0|
    |tmp_138_reg_50653                      |    3|    0|    3|          0|
    |tmp_139_reg_50669                      |    3|    0|    3|          0|
    |tmp_13_reg_64512                       |   16|    0|   16|          0|
    |tmp_140_reg_50685                      |    3|    0|    3|          0|
    |tmp_141_reg_50701                      |    3|    0|    3|          0|
    |tmp_142_reg_50717                      |    3|    0|    3|          0|
    |tmp_143_reg_50733                      |    3|    0|    3|          0|
    |tmp_144_reg_50749                      |    3|    0|    3|          0|
    |tmp_145_reg_50765                      |    3|    0|    3|          0|
    |tmp_146_reg_50781                      |    3|    0|    3|          0|
    |tmp_147_reg_50797                      |    3|    0|    3|          0|
    |tmp_148_reg_50829                      |    3|    0|    3|          0|
    |tmp_149_reg_50845                      |    3|    0|    3|          0|
    |tmp_14_reg_64523                       |   16|    0|   16|          0|
    |tmp_150_reg_50861                      |    3|    0|    3|          0|
    |tmp_151_reg_50877                      |    3|    0|    3|          0|
    |tmp_152_reg_50893                      |    3|    0|    3|          0|
    |tmp_153_reg_50909                      |    3|    0|    3|          0|
    |tmp_154_reg_50925                      |    3|    0|    3|          0|
    |tmp_155_reg_50941                      |    3|    0|    3|          0|
    |tmp_156_reg_50957                      |    3|    0|    3|          0|
    |tmp_157_reg_50973                      |    3|    0|    3|          0|
    |tmp_158_reg_50989                      |    3|    0|    3|          0|
    |tmp_159_reg_51005                      |    3|    0|    3|          0|
    |tmp_161_reg_51021                      |    3|    0|    3|          0|
    |tmp_162_reg_51037                      |    3|    0|    3|          0|
    |tmp_163_reg_51053                      |    3|    0|    3|          0|
    |tmp_164_reg_51085                      |    3|    0|    3|          0|
    |tmp_165_reg_51101                      |    3|    0|    3|          0|
    |tmp_166_reg_51117                      |    3|    0|    3|          0|
    |tmp_167_reg_51133                      |    3|    0|    3|          0|
    |tmp_168_reg_51149                      |    3|    0|    3|          0|
    |tmp_169_reg_51165                      |    3|    0|    3|          0|
    |tmp_16_cast_reg_48654                  |    2|    0|    2|          0|
    |tmp_16_reg_48638                       |    1|    0|    1|          0|
    |tmp_16_reg_48638_pp0_iter3_reg         |    1|    0|    1|          0|
    |tmp_170_reg_51181                      |    3|    0|    3|          0|
    |tmp_171_reg_51197                      |    3|    0|    3|          0|
    |tmp_172_reg_51213                      |    3|    0|    3|          0|
    |tmp_173_reg_51229                      |    3|    0|    3|          0|
    |tmp_174_reg_51245                      |    3|    0|    3|          0|
    |tmp_175_reg_51261                      |    3|    0|    3|          0|
    |tmp_176_reg_51277                      |    3|    0|    3|          0|
    |tmp_177_reg_51293                      |    3|    0|    3|          0|
    |tmp_178_reg_51309                      |    3|    0|    3|          0|
    |tmp_179_reg_51341                      |    3|    0|    3|          0|
    |tmp_17_reg_48608                       |    1|    0|    1|          0|
    |tmp_180_reg_51357                      |    3|    0|    3|          0|
    |tmp_181_reg_51373                      |    3|    0|    3|          0|
    |tmp_182_reg_51389                      |    3|    0|    3|          0|
    |tmp_183_reg_51405                      |    3|    0|    3|          0|
    |tmp_184_reg_51421                      |    3|    0|    3|          0|
    |tmp_185_reg_51437                      |    3|    0|    3|          0|
    |tmp_186_reg_51453                      |    3|    0|    3|          0|
    |tmp_187_reg_51469                      |    3|    0|    3|          0|
    |tmp_188_reg_51485                      |    3|    0|    3|          0|
    |tmp_189_reg_51501                      |    3|    0|    3|          0|
    |tmp_190_reg_51517                      |    3|    0|    3|          0|
    |tmp_191_reg_51533                      |    3|    0|    3|          0|
    |tmp_192_reg_51549                      |    3|    0|    3|          0|
    |tmp_193_reg_51565                      |    3|    0|    3|          0|
    |tmp_194_reg_51597                      |    3|    0|    3|          0|
    |tmp_195_reg_51613                      |    3|    0|    3|          0|
    |tmp_196_reg_51629                      |    3|    0|    3|          0|
    |tmp_197_reg_51645                      |    3|    0|    3|          0|
    |tmp_198_reg_51661                      |    3|    0|    3|          0|
    |tmp_199_reg_51677                      |    3|    0|    3|          0|
    |tmp_1_reg_64380                        |   16|    0|   16|          0|
    |tmp_200_reg_51693                      |    3|    0|    3|          0|
    |tmp_201_reg_51709                      |    3|    0|    3|          0|
    |tmp_202_reg_51725                      |    3|    0|    3|          0|
    |tmp_203_reg_51741                      |    3|    0|    3|          0|
    |tmp_204_reg_51757                      |    3|    0|    3|          0|
    |tmp_205_reg_51773                      |    3|    0|    3|          0|
    |tmp_206_reg_51789                      |    3|    0|    3|          0|
    |tmp_207_reg_51805                      |    3|    0|    3|          0|
    |tmp_208_reg_51821                      |    3|    0|    3|          0|
    |tmp_209_reg_51853                      |    3|    0|    3|          0|
    |tmp_20_cast3_reg_48919                 |   31|    0|   31|          0|
    |tmp_20_cast3_reg_48919_pp0_iter36_reg  |   31|    0|   31|          0|
    |tmp_210_reg_51869                      |    3|    0|    3|          0|
    |tmp_211_reg_51885                      |    3|    0|    3|          0|
    |tmp_212_reg_51901                      |    3|    0|    3|          0|
    |tmp_213_reg_51917                      |    3|    0|    3|          0|
    |tmp_214_reg_51933                      |    3|    0|    3|          0|
    |tmp_215_reg_51949                      |    3|    0|    3|          0|
    |tmp_216_reg_51965                      |    3|    0|    3|          0|
    |tmp_217_reg_51981                      |    3|    0|    3|          0|
    |tmp_218_reg_51997                      |    3|    0|    3|          0|
    |tmp_219_reg_52013                      |    3|    0|    3|          0|
    |tmp_220_reg_52029                      |    3|    0|    3|          0|
    |tmp_221_reg_52045                      |    3|    0|    3|          0|
    |tmp_222_reg_52061                      |    3|    0|    3|          0|
    |tmp_223_reg_52077                      |    3|    0|    3|          0|
    |tmp_224_reg_52109                      |    3|    0|    3|          0|
    |tmp_225_reg_52125                      |    3|    0|    3|          0|
    |tmp_226_reg_52141                      |    3|    0|    3|          0|
    |tmp_227_reg_52157                      |    3|    0|    3|          0|
    |tmp_228_reg_52173                      |    3|    0|    3|          0|
    |tmp_229_reg_52189                      |    3|    0|    3|          0|
    |tmp_230_reg_52205                      |    3|    0|    3|          0|
    |tmp_231_reg_52221                      |    3|    0|    3|          0|
    |tmp_232_reg_52237                      |    3|    0|    3|          0|
    |tmp_233_reg_52253                      |    3|    0|    3|          0|
    |tmp_234_reg_52269                      |    3|    0|    3|          0|
    |tmp_235_reg_52285                      |    3|    0|    3|          0|
    |tmp_236_reg_52301                      |    3|    0|    3|          0|
    |tmp_237_reg_52317                      |    3|    0|    3|          0|
    |tmp_238_reg_52333                      |    3|    0|    3|          0|
    |tmp_239_reg_52365                      |    3|    0|    3|          0|
    |tmp_240_reg_52381                      |    3|    0|    3|          0|
    |tmp_241_reg_52397                      |    3|    0|    3|          0|
    |tmp_242_reg_52413                      |    3|    0|    3|          0|
    |tmp_243_reg_52429                      |    3|    0|    3|          0|
    |tmp_244_reg_52445                      |    3|    0|    3|          0|
    |tmp_245_reg_52461                      |    3|    0|    3|          0|
    |tmp_246_reg_52477                      |    3|    0|    3|          0|
    |tmp_247_reg_52493                      |    3|    0|    3|          0|
    |tmp_248_reg_52509                      |    3|    0|    3|          0|
    |tmp_249_reg_52525                      |    3|    0|    3|          0|
    |tmp_250_reg_52541                      |    3|    0|    3|          0|
    |tmp_251_reg_52557                      |    3|    0|    3|          0|
    |tmp_252_reg_52573                      |    3|    0|    3|          0|
    |tmp_253_reg_52589                      |    3|    0|    3|          0|
    |tmp_254_reg_52621                      |    3|    0|    3|          0|
    |tmp_255_reg_52637                      |    3|    0|    3|          0|
    |tmp_256_reg_52653                      |    3|    0|    3|          0|
    |tmp_257_reg_52669                      |    3|    0|    3|          0|
    |tmp_258_reg_52685                      |    3|    0|    3|          0|
    |tmp_259_reg_52701                      |    3|    0|    3|          0|
    |tmp_260_reg_52717                      |    3|    0|    3|          0|
    |tmp_261_reg_52733                      |    3|    0|    3|          0|
    |tmp_262_reg_52749                      |    3|    0|    3|          0|
    |tmp_263_reg_52765                      |    3|    0|    3|          0|
    |tmp_264_reg_52781                      |    3|    0|    3|          0|
    |tmp_265_reg_52797                      |    3|    0|    3|          0|
    |tmp_266_reg_52813                      |    3|    0|    3|          0|
    |tmp_267_reg_52829                      |    3|    0|    3|          0|
    |tmp_268_reg_52845                      |    3|    0|    3|          0|
    |tmp_269_reg_52877                      |    3|    0|    3|          0|
    |tmp_270_reg_52893                      |    3|    0|    3|          0|
    |tmp_271_reg_52909                      |    3|    0|    3|          0|
    |tmp_272_reg_52925                      |    3|    0|    3|          0|
    |tmp_273_reg_52941                      |    3|    0|    3|          0|
    |tmp_274_reg_52957                      |    3|    0|    3|          0|
    |tmp_275_reg_52973                      |    3|    0|    3|          0|
    |tmp_276_reg_52989                      |    3|    0|    3|          0|
    |tmp_277_reg_53005                      |    3|    0|    3|          0|
    |tmp_278_reg_53021                      |    3|    0|    3|          0|
    |tmp_279_reg_53037                      |    3|    0|    3|          0|
    |tmp_27_reg_49037                       |    3|    0|    3|          0|
    |tmp_280_reg_53053                      |    3|    0|    3|          0|
    |tmp_281_reg_53069                      |    3|    0|    3|          0|
    |tmp_282_reg_53085                      |    3|    0|    3|          0|
    |tmp_283_reg_53101                      |    3|    0|    3|          0|
    |tmp_28_reg_53191                       |    3|    0|    3|          0|
    |tmp_29_reg_49053                       |    3|    0|    3|          0|
    |tmp_2_reg_64391                        |   16|    0|   16|          0|
    |tmp_30_reg_53208                       |    3|    0|    3|          0|
    |tmp_31_reg_49069                       |    3|    0|    3|          0|
    |tmp_32_reg_53225                       |    3|    0|    3|          0|
    |tmp_33_reg_49085                       |    3|    0|    3|          0|
    |tmp_34_reg_53242                       |    3|    0|    3|          0|
    |tmp_35_reg_49101                       |    3|    0|    3|          0|
    |tmp_36_reg_53259                       |    3|    0|    3|          0|
    |tmp_37_reg_49117                       |    3|    0|    3|          0|
    |tmp_38_reg_53276                       |    3|    0|    3|          0|
    |tmp_39_reg_49133                       |    3|    0|    3|          0|
    |tmp_3_reg_64402                        |   16|    0|   16|          0|
    |tmp_40_reg_53293                       |    3|    0|    3|          0|
    |tmp_41_reg_49149                       |    3|    0|    3|          0|
    |tmp_42_reg_53310                       |    3|    0|    3|          0|
    |tmp_43_reg_49165                       |    3|    0|    3|          0|
    |tmp_44_reg_53327                       |    3|    0|    3|          0|
    |tmp_45_reg_49181                       |    3|    0|    3|          0|
    |tmp_46_reg_53344                       |    3|    0|    3|          0|
    |tmp_47_reg_49197                       |    3|    0|    3|          0|
    |tmp_48_reg_53361                       |    3|    0|    3|          0|
    |tmp_49_reg_49213                       |    3|    0|    3|          0|
    |tmp_4_reg_64413                        |   16|    0|   16|          0|
    |tmp_50_reg_53378                       |    3|    0|    3|          0|
    |tmp_51_reg_49229                       |    3|    0|    3|          0|
    |tmp_52_reg_53395                       |    3|    0|    3|          0|
    |tmp_53_reg_49245                       |    3|    0|    3|          0|
    |tmp_54_reg_53412                       |    3|    0|    3|          0|
    |tmp_55_reg_49261                       |    3|    0|    3|          0|
    |tmp_56_reg_53429                       |    3|    0|    3|          0|
    |tmp_57_reg_49293                       |    3|    0|    3|          0|
    |tmp_58_reg_49309                       |    3|    0|    3|          0|
    |tmp_59_reg_49325                       |    3|    0|    3|          0|
    |tmp_5_reg_64424                        |   16|    0|   16|          0|
    |tmp_60_reg_49341                       |    3|    0|    3|          0|
    |tmp_61_reg_49357                       |    3|    0|    3|          0|
    |tmp_62_reg_49373                       |    3|    0|    3|          0|
    |tmp_63_reg_49389                       |    3|    0|    3|          0|
    |tmp_64_reg_49405                       |    3|    0|    3|          0|
    |tmp_65_reg_49421                       |    3|    0|    3|          0|
    |tmp_66_reg_49437                       |    3|    0|    3|          0|
    |tmp_67_reg_49453                       |    3|    0|    3|          0|
    |tmp_68_reg_49469                       |    3|    0|    3|          0|
    |tmp_69_reg_49485                       |    3|    0|    3|          0|
    |tmp_6_reg_64435                        |   16|    0|   16|          0|
    |tmp_70_reg_49501                       |    3|    0|    3|          0|
    |tmp_71_reg_49517                       |    3|    0|    3|          0|
    |tmp_72_reg_49549                       |    3|    0|    3|          0|
    |tmp_73_reg_49565                       |    3|    0|    3|          0|
    |tmp_74_reg_49581                       |    3|    0|    3|          0|
    |tmp_75_reg_49597                       |    3|    0|    3|          0|
    |tmp_766_reg_48993                      |    1|    0|    1|          0|
    |tmp_76_reg_49613                       |    3|    0|    3|          0|
    |tmp_77_reg_49629                       |    3|    0|    3|          0|
    |tmp_78_reg_49645                       |    3|    0|    3|          0|
    |tmp_79_reg_49661                       |    3|    0|    3|          0|
    |tmp_7_reg_64446                        |   16|    0|   16|          0|
    |tmp_80_reg_49677                       |    3|    0|    3|          0|
    |tmp_81_reg_49693                       |    3|    0|    3|          0|
    |tmp_82_reg_49709                       |    3|    0|    3|          0|
    |tmp_83_reg_49725                       |    3|    0|    3|          0|
    |tmp_84_reg_49741                       |    3|    0|    3|          0|
    |tmp_85_reg_49757                       |    3|    0|    3|          0|
    |tmp_86_reg_49773                       |    3|    0|    3|          0|
    |tmp_87_reg_49805                       |    3|    0|    3|          0|
    |tmp_88_reg_49821                       |    3|    0|    3|          0|
    |tmp_89_reg_49837                       |    3|    0|    3|          0|
    |tmp_8_reg_64457                        |   16|    0|   16|          0|
    |tmp_90_reg_49853                       |    3|    0|    3|          0|
    |tmp_91_reg_49869                       |    3|    0|    3|          0|
    |tmp_92_reg_49885                       |    3|    0|    3|          0|
    |tmp_93_reg_49901                       |    3|    0|    3|          0|
    |tmp_94_reg_49917                       |    3|    0|    3|          0|
    |tmp_95_reg_49933                       |    3|    0|    3|          0|
    |tmp_96_reg_49949                       |    3|    0|    3|          0|
    |tmp_97_reg_49965                       |    3|    0|    3|          0|
    |tmp_98_reg_49981                       |    3|    0|    3|          0|
    |tmp_99_reg_49997                       |    3|    0|    3|          0|
    |tmp_9_reg_64468                        |   16|    0|   16|          0|
    |tmp_reg_64358                          |   16|    0|   16|          0|
    |tmp_s_reg_64369                        |   16|    0|   16|          0|
    |trunc_ln146_1_reg_48628                |    1|    0|    1|          0|
    |trunc_ln146_2_reg_48581                |    3|    0|    3|          0|
    |trunc_ln167_reg_48988                  |    3|    0|    3|          0|
    |trunc_ln168_1_reg_48929                |    4|    0|    4|          0|
    |trunc_ln168_2_reg_48940                |    3|    0|    3|          0|
    |trunc_ln168_3_reg_48952                |    2|    0|    2|          0|
    |trunc_ln173_1_reg_53162                |  128|    0|  128|          0|
    |trunc_ln173_2_reg_53141                |   58|    0|   58|          0|
    |trunc_ln173_reg_53146                  |    6|    0|    6|          0|
    |trunc_ln70_10_reg_51581                |    3|    0|    3|          0|
    |trunc_ln70_11_reg_51837                |    3|    0|    3|          0|
    |trunc_ln70_12_reg_52093                |    3|    0|    3|          0|
    |trunc_ln70_13_reg_52349                |    3|    0|    3|          0|
    |trunc_ln70_14_reg_52605                |    3|    0|    3|          0|
    |trunc_ln70_15_reg_52861                |    3|    0|    3|          0|
    |trunc_ln70_1_reg_49277                 |    3|    0|    3|          0|
    |trunc_ln70_2_reg_49533                 |    3|    0|    3|          0|
    |trunc_ln70_3_reg_49789                 |    3|    0|    3|          0|
    |trunc_ln70_4_reg_50045                 |    3|    0|    3|          0|
    |trunc_ln70_5_reg_50301                 |    3|    0|    3|          0|
    |trunc_ln70_6_reg_50557                 |    3|    0|    3|          0|
    |trunc_ln70_7_reg_50813                 |    3|    0|    3|          0|
    |trunc_ln70_8_reg_51069                 |    3|    0|    3|          0|
    |trunc_ln70_9_reg_51325                 |    3|    0|    3|          0|
    |trunc_ln70_reg_49021                   |    3|    0|    3|          0|
    |trunc_ln71_reg_53174                   |    3|    0|    3|          0|
    |w_buf_1_local_addr_reg_53116           |    6|    0|    6|          0|
    |w_buf_addr_reg_53111                   |    6|    0|    6|          0|
    |wn_base_1_reg_53106                    |   29|    0|   29|          0|
    |wn_base_2_reg_49005                    |   29|    0|   29|          0|
    |xw_all_10_reg_48837                    |  128|    0|  128|          0|
    |xw_all_11_reg_48846                    |  128|    0|  128|          0|
    |xw_all_12_reg_48855                    |  128|    0|  128|          0|
    |xw_all_13_reg_48865                    |  128|    0|  128|          0|
    |xw_all_14_reg_48874                    |  128|    0|  128|          0|
    |xw_all_15_reg_48882                    |  128|    0|  128|          0|
    |xw_all_1_reg_48754                     |  128|    0|  128|          0|
    |xw_all_2_reg_48763                     |  128|    0|  128|          0|
    |xw_all_3_reg_48773                     |  128|    0|  128|          0|
    |xw_all_4_reg_48783                     |  128|    0|  128|          0|
    |xw_all_5_reg_48792                     |  128|    0|  128|          0|
    |xw_all_6_reg_48801                     |  128|    0|  128|          0|
    |xw_all_7_reg_48810                     |  128|    0|  128|          0|
    |xw_all_8_reg_48819                     |  128|    0|  128|          0|
    |xw_all_9_reg_48828                     |  128|    0|  128|          0|
    |xw_all_reg_48746                       |  128|    0|  128|          0|
    |and_ln175_reg_48624                    |   64|   32|    1|          0|
    |ciw_3_reg_48569                        |   64|   32|   32|          0|
    |cmp62_reg_48644                        |   64|   32|    1|          0|
    |co_5_reg_48889                         |   64|   32|   32|          0|
    |do_load_reg_48904                      |   64|   32|    1|          0|
    |ea_100_reg_50615                       |   64|   32|    4|          0|
    |ea_101_reg_50631                       |   64|   32|    4|          0|
    |ea_102_reg_50647                       |   64|   32|    4|          0|
    |ea_103_reg_50663                       |   64|   32|    4|          0|
    |ea_104_reg_50679                       |   64|   32|    4|          0|
    |ea_105_reg_50695                       |   64|   32|    4|          0|
    |ea_106_reg_50711                       |   64|   32|    4|          0|
    |ea_107_reg_50727                       |   64|   32|    4|          0|
    |ea_108_reg_50743                       |   64|   32|    4|          0|
    |ea_109_reg_50759                       |   64|   32|    4|          0|
    |ea_10_reg_49175                        |   64|   32|    4|          0|
    |ea_110_reg_50775                       |   64|   32|    4|          0|
    |ea_111_reg_50791                       |   64|   32|    4|          0|
    |ea_112_reg_50807                       |   64|   32|    4|          0|
    |ea_113_reg_50823                       |   64|   32|    4|          0|
    |ea_114_reg_50839                       |   64|   32|    4|          0|
    |ea_115_reg_50855                       |   64|   32|    4|          0|
    |ea_116_reg_50871                       |   64|   32|    4|          0|
    |ea_117_reg_50887                       |   64|   32|    4|          0|
    |ea_118_reg_50903                       |   64|   32|    4|          0|
    |ea_119_reg_50919                       |   64|   32|    4|          0|
    |ea_11_reg_49191                        |   64|   32|    4|          0|
    |ea_120_reg_50935                       |   64|   32|    4|          0|
    |ea_121_reg_50951                       |   64|   32|    4|          0|
    |ea_122_reg_50967                       |   64|   32|    4|          0|
    |ea_123_reg_50983                       |   64|   32|    4|          0|
    |ea_124_reg_50999                       |   64|   32|    4|          0|
    |ea_125_reg_51015                       |   64|   32|    4|          0|
    |ea_126_reg_51031                       |   64|   32|    4|          0|
    |ea_127_reg_51047                       |   64|   32|    4|          0|
    |ea_128_reg_51063                       |   64|   32|    4|          0|
    |ea_129_reg_51079                       |   64|   32|    4|          0|
    |ea_12_reg_49207                        |   64|   32|    4|          0|
    |ea_130_reg_51095                       |   64|   32|    4|          0|
    |ea_131_reg_51111                       |   64|   32|    4|          0|
    |ea_132_reg_51127                       |   64|   32|    4|          0|
    |ea_133_reg_51143                       |   64|   32|    4|          0|
    |ea_134_reg_51159                       |   64|   32|    4|          0|
    |ea_135_reg_51175                       |   64|   32|    4|          0|
    |ea_136_reg_51191                       |   64|   32|    4|          0|
    |ea_137_reg_51207                       |   64|   32|    4|          0|
    |ea_138_reg_51223                       |   64|   32|    4|          0|
    |ea_139_reg_51239                       |   64|   32|    4|          0|
    |ea_13_reg_49223                        |   64|   32|    4|          0|
    |ea_140_reg_51255                       |   64|   32|    4|          0|
    |ea_141_reg_51271                       |   64|   32|    4|          0|
    |ea_142_reg_51287                       |   64|   32|    4|          0|
    |ea_143_reg_51303                       |   64|   32|    4|          0|
    |ea_144_reg_51319                       |   64|   32|    4|          0|
    |ea_145_reg_51335                       |   64|   32|    4|          0|
    |ea_146_reg_51351                       |   64|   32|    4|          0|
    |ea_147_reg_51367                       |   64|   32|    4|          0|
    |ea_148_reg_51383                       |   64|   32|    4|          0|
    |ea_149_reg_51399                       |   64|   32|    4|          0|
    |ea_14_reg_49239                        |   64|   32|    4|          0|
    |ea_150_reg_51415                       |   64|   32|    4|          0|
    |ea_151_reg_51431                       |   64|   32|    4|          0|
    |ea_152_reg_51447                       |   64|   32|    4|          0|
    |ea_153_reg_51463                       |   64|   32|    4|          0|
    |ea_154_reg_51479                       |   64|   32|    4|          0|
    |ea_155_reg_51495                       |   64|   32|    4|          0|
    |ea_156_reg_51511                       |   64|   32|    4|          0|
    |ea_157_reg_51527                       |   64|   32|    4|          0|
    |ea_158_reg_51543                       |   64|   32|    4|          0|
    |ea_159_reg_51559                       |   64|   32|    4|          0|
    |ea_15_reg_49255                        |   64|   32|    4|          0|
    |ea_160_reg_51575                       |   64|   32|    4|          0|
    |ea_161_reg_51591                       |   64|   32|    4|          0|
    |ea_162_reg_51607                       |   64|   32|    4|          0|
    |ea_163_reg_51623                       |   64|   32|    4|          0|
    |ea_164_reg_51639                       |   64|   32|    4|          0|
    |ea_165_reg_51655                       |   64|   32|    4|          0|
    |ea_166_reg_51671                       |   64|   32|    4|          0|
    |ea_167_reg_51687                       |   64|   32|    4|          0|
    |ea_168_reg_51703                       |   64|   32|    4|          0|
    |ea_169_reg_51719                       |   64|   32|    4|          0|
    |ea_16_reg_49271                        |   64|   32|    4|          0|
    |ea_170_reg_51735                       |   64|   32|    4|          0|
    |ea_171_reg_51751                       |   64|   32|    4|          0|
    |ea_172_reg_51767                       |   64|   32|    4|          0|
    |ea_173_reg_51783                       |   64|   32|    4|          0|
    |ea_174_reg_51799                       |   64|   32|    4|          0|
    |ea_175_reg_51815                       |   64|   32|    4|          0|
    |ea_176_reg_51831                       |   64|   32|    4|          0|
    |ea_177_reg_51847                       |   64|   32|    4|          0|
    |ea_178_reg_51863                       |   64|   32|    4|          0|
    |ea_179_reg_51879                       |   64|   32|    4|          0|
    |ea_17_reg_49287                        |   64|   32|    4|          0|
    |ea_180_reg_51895                       |   64|   32|    4|          0|
    |ea_181_reg_51911                       |   64|   32|    4|          0|
    |ea_182_reg_51927                       |   64|   32|    4|          0|
    |ea_183_reg_51943                       |   64|   32|    4|          0|
    |ea_184_reg_51959                       |   64|   32|    4|          0|
    |ea_185_reg_51975                       |   64|   32|    4|          0|
    |ea_186_reg_51991                       |   64|   32|    4|          0|
    |ea_187_reg_52007                       |   64|   32|    4|          0|
    |ea_188_reg_52023                       |   64|   32|    4|          0|
    |ea_189_reg_52039                       |   64|   32|    4|          0|
    |ea_18_reg_49303                        |   64|   32|    4|          0|
    |ea_190_reg_52055                       |   64|   32|    4|          0|
    |ea_191_reg_52071                       |   64|   32|    4|          0|
    |ea_192_reg_52087                       |   64|   32|    4|          0|
    |ea_193_reg_52103                       |   64|   32|    4|          0|
    |ea_194_reg_52119                       |   64|   32|    4|          0|
    |ea_195_reg_52135                       |   64|   32|    4|          0|
    |ea_196_reg_52151                       |   64|   32|    4|          0|
    |ea_197_reg_52167                       |   64|   32|    4|          0|
    |ea_198_reg_52183                       |   64|   32|    4|          0|
    |ea_199_reg_52199                       |   64|   32|    4|          0|
    |ea_19_reg_49319                        |   64|   32|    4|          0|
    |ea_1_reg_49031                         |   64|   32|    4|          0|
    |ea_200_reg_52215                       |   64|   32|    4|          0|
    |ea_201_reg_52231                       |   64|   32|    4|          0|
    |ea_202_reg_52247                       |   64|   32|    4|          0|
    |ea_203_reg_52263                       |   64|   32|    4|          0|
    |ea_204_reg_52279                       |   64|   32|    4|          0|
    |ea_205_reg_52295                       |   64|   32|    4|          0|
    |ea_206_reg_52311                       |   64|   32|    4|          0|
    |ea_207_reg_52327                       |   64|   32|    4|          0|
    |ea_208_reg_52343                       |   64|   32|    4|          0|
    |ea_209_reg_52359                       |   64|   32|    4|          0|
    |ea_20_reg_49335                        |   64|   32|    4|          0|
    |ea_210_reg_52375                       |   64|   32|    4|          0|
    |ea_211_reg_52391                       |   64|   32|    4|          0|
    |ea_212_reg_52407                       |   64|   32|    4|          0|
    |ea_213_reg_52423                       |   64|   32|    4|          0|
    |ea_214_reg_52439                       |   64|   32|    4|          0|
    |ea_215_reg_52455                       |   64|   32|    4|          0|
    |ea_216_reg_52471                       |   64|   32|    4|          0|
    |ea_217_reg_52487                       |   64|   32|    4|          0|
    |ea_218_reg_52503                       |   64|   32|    4|          0|
    |ea_219_reg_52519                       |   64|   32|    4|          0|
    |ea_21_reg_49351                        |   64|   32|    4|          0|
    |ea_220_reg_52535                       |   64|   32|    4|          0|
    |ea_221_reg_52551                       |   64|   32|    4|          0|
    |ea_222_reg_52567                       |   64|   32|    4|          0|
    |ea_223_reg_52583                       |   64|   32|    4|          0|
    |ea_224_reg_52599                       |   64|   32|    4|          0|
    |ea_225_reg_52615                       |   64|   32|    4|          0|
    |ea_226_reg_52631                       |   64|   32|    4|          0|
    |ea_227_reg_52647                       |   64|   32|    4|          0|
    |ea_228_reg_52663                       |   64|   32|    4|          0|
    |ea_229_reg_52679                       |   64|   32|    4|          0|
    |ea_22_reg_49367                        |   64|   32|    4|          0|
    |ea_230_reg_52695                       |   64|   32|    4|          0|
    |ea_231_reg_52711                       |   64|   32|    4|          0|
    |ea_232_reg_52727                       |   64|   32|    4|          0|
    |ea_233_reg_52743                       |   64|   32|    4|          0|
    |ea_234_reg_52759                       |   64|   32|    4|          0|
    |ea_235_reg_52775                       |   64|   32|    4|          0|
    |ea_236_reg_52791                       |   64|   32|    4|          0|
    |ea_237_reg_52807                       |   64|   32|    4|          0|
    |ea_238_reg_52823                       |   64|   32|    4|          0|
    |ea_239_reg_52839                       |   64|   32|    4|          0|
    |ea_23_reg_49383                        |   64|   32|    4|          0|
    |ea_240_reg_52855                       |   64|   32|    4|          0|
    |ea_241_reg_52871                       |   64|   32|    4|          0|
    |ea_242_reg_52887                       |   64|   32|    4|          0|
    |ea_243_reg_52903                       |   64|   32|    4|          0|
    |ea_244_reg_52919                       |   64|   32|    4|          0|
    |ea_245_reg_52935                       |   64|   32|    4|          0|
    |ea_246_reg_52951                       |   64|   32|    4|          0|
    |ea_247_reg_52967                       |   64|   32|    4|          0|
    |ea_248_reg_52983                       |   64|   32|    4|          0|
    |ea_249_reg_52999                       |   64|   32|    4|          0|
    |ea_24_reg_49399                        |   64|   32|    4|          0|
    |ea_250_reg_53015                       |   64|   32|    4|          0|
    |ea_251_reg_53031                       |   64|   32|    4|          0|
    |ea_252_reg_53047                       |   64|   32|    4|          0|
    |ea_253_reg_53063                       |   64|   32|    4|          0|
    |ea_254_reg_53079                       |   64|   32|    4|          0|
    |ea_255_reg_53095                       |   64|   32|    4|          0|
    |ea_25_reg_49415                        |   64|   32|    4|          0|
    |ea_26_reg_49431                        |   64|   32|    4|          0|
    |ea_27_reg_49447                        |   64|   32|    4|          0|
    |ea_28_reg_49463                        |   64|   32|    4|          0|
    |ea_29_reg_49479                        |   64|   32|    4|          0|
    |ea_2_reg_49047                         |   64|   32|    4|          0|
    |ea_30_reg_49495                        |   64|   32|    4|          0|
    |ea_31_reg_49511                        |   64|   32|    4|          0|
    |ea_32_reg_49527                        |   64|   32|    4|          0|
    |ea_33_reg_49543                        |   64|   32|    4|          0|
    |ea_34_reg_49559                        |   64|   32|    4|          0|
    |ea_35_reg_49575                        |   64|   32|    4|          0|
    |ea_36_reg_49591                        |   64|   32|    4|          0|
    |ea_37_reg_49607                        |   64|   32|    4|          0|
    |ea_38_reg_49623                        |   64|   32|    4|          0|
    |ea_39_reg_49639                        |   64|   32|    4|          0|
    |ea_3_reg_49063                         |   64|   32|    4|          0|
    |ea_40_reg_49655                        |   64|   32|    4|          0|
    |ea_41_reg_49671                        |   64|   32|    4|          0|
    |ea_42_reg_49687                        |   64|   32|    4|          0|
    |ea_43_reg_49703                        |   64|   32|    4|          0|
    |ea_44_reg_49719                        |   64|   32|    4|          0|
    |ea_45_reg_49735                        |   64|   32|    4|          0|
    |ea_46_reg_49751                        |   64|   32|    4|          0|
    |ea_47_reg_49767                        |   64|   32|    4|          0|
    |ea_48_reg_49783                        |   64|   32|    4|          0|
    |ea_49_reg_49799                        |   64|   32|    4|          0|
    |ea_4_reg_49079                         |   64|   32|    4|          0|
    |ea_50_reg_49815                        |   64|   32|    4|          0|
    |ea_51_reg_49831                        |   64|   32|    4|          0|
    |ea_52_reg_49847                        |   64|   32|    4|          0|
    |ea_53_reg_49863                        |   64|   32|    4|          0|
    |ea_54_reg_49879                        |   64|   32|    4|          0|
    |ea_55_reg_49895                        |   64|   32|    4|          0|
    |ea_56_reg_49911                        |   64|   32|    4|          0|
    |ea_57_reg_49927                        |   64|   32|    4|          0|
    |ea_58_reg_49943                        |   64|   32|    4|          0|
    |ea_59_reg_49959                        |   64|   32|    4|          0|
    |ea_5_reg_49095                         |   64|   32|    4|          0|
    |ea_60_reg_49975                        |   64|   32|    4|          0|
    |ea_61_reg_49991                        |   64|   32|    4|          0|
    |ea_62_reg_50007                        |   64|   32|    4|          0|
    |ea_63_reg_50023                        |   64|   32|    4|          0|
    |ea_64_reg_50039                        |   64|   32|    4|          0|
    |ea_65_reg_50055                        |   64|   32|    4|          0|
    |ea_66_reg_50071                        |   64|   32|    4|          0|
    |ea_67_reg_50087                        |   64|   32|    4|          0|
    |ea_68_reg_50103                        |   64|   32|    4|          0|
    |ea_69_reg_50119                        |   64|   32|    4|          0|
    |ea_6_reg_49111                         |   64|   32|    4|          0|
    |ea_70_reg_50135                        |   64|   32|    4|          0|
    |ea_71_reg_50151                        |   64|   32|    4|          0|
    |ea_72_reg_50167                        |   64|   32|    4|          0|
    |ea_73_reg_50183                        |   64|   32|    4|          0|
    |ea_74_reg_50199                        |   64|   32|    4|          0|
    |ea_75_reg_50215                        |   64|   32|    4|          0|
    |ea_76_reg_50231                        |   64|   32|    4|          0|
    |ea_77_reg_50247                        |   64|   32|    4|          0|
    |ea_78_reg_50263                        |   64|   32|    4|          0|
    |ea_79_reg_50279                        |   64|   32|    4|          0|
    |ea_7_reg_49127                         |   64|   32|    4|          0|
    |ea_80_reg_50295                        |   64|   32|    4|          0|
    |ea_81_reg_50311                        |   64|   32|    4|          0|
    |ea_82_reg_50327                        |   64|   32|    4|          0|
    |ea_83_reg_50343                        |   64|   32|    4|          0|
    |ea_84_reg_50359                        |   64|   32|    4|          0|
    |ea_85_reg_50375                        |   64|   32|    4|          0|
    |ea_86_reg_50391                        |   64|   32|    4|          0|
    |ea_87_reg_50407                        |   64|   32|    4|          0|
    |ea_88_reg_50423                        |   64|   32|    4|          0|
    |ea_89_reg_50439                        |   64|   32|    4|          0|
    |ea_8_reg_49143                         |   64|   32|    4|          0|
    |ea_90_reg_50455                        |   64|   32|    4|          0|
    |ea_91_reg_50471                        |   64|   32|    4|          0|
    |ea_92_reg_50487                        |   64|   32|    4|          0|
    |ea_93_reg_50503                        |   64|   32|    4|          0|
    |ea_94_reg_50519                        |   64|   32|    4|          0|
    |ea_95_reg_50535                        |   64|   32|    4|          0|
    |ea_96_reg_50551                        |   64|   32|    4|          0|
    |ea_97_reg_50567                        |   64|   32|    4|          0|
    |ea_98_reg_50583                        |   64|   32|    4|          0|
    |ea_99_reg_50599                        |   64|   32|    4|          0|
    |ea_9_reg_49159                         |   64|   32|    4|          0|
    |ea_reg_49015                           |   64|   32|    4|          0|
    |icmp_ln146_reg_48577                   |   64|   32|    1|          0|
    |icmp_ln175_1_reg_48619                 |   64|   32|    1|          0|
    |icmp_ln175_reg_48614                   |   64|   32|    1|          0|
    |or_ln170_reg_53121                     |   64|   32|    1|          0|
    |ping_reg_48960                         |   64|   32|    1|          0|
    |prod_101_reg_64407                     |   64|   32|   16|          0|
    |prod_118_reg_64418                     |   64|   32|   16|          0|
    |prod_135_reg_64429                     |   64|   32|   16|          0|
    |prod_152_reg_64440                     |   64|   32|   16|          0|
    |prod_169_reg_64451                     |   64|   32|   16|          0|
    |prod_16_reg_64352                      |   64|   32|   16|          0|
    |prod_186_reg_64462                     |   64|   32|   16|          0|
    |prod_203_reg_64473                     |   64|   32|   16|          0|
    |prod_220_reg_64484                     |   64|   32|   16|          0|
    |prod_237_reg_64495                     |   64|   32|   16|          0|
    |prod_254_reg_64506                     |   64|   32|   16|          0|
    |prod_271_reg_64517                     |   64|   32|   16|          0|
    |prod_33_reg_64363                      |   64|   32|   16|          0|
    |prod_50_reg_64374                      |   64|   32|   16|          0|
    |prod_67_reg_64385                      |   64|   32|   16|          0|
    |prod_84_reg_64396                      |   64|   32|   16|          0|
    |sa_100_reg_50610                       |   64|   32|    1|          0|
    |sa_101_reg_50626                       |   64|   32|    1|          0|
    |sa_102_reg_50642                       |   64|   32|    1|          0|
    |sa_103_reg_50658                       |   64|   32|    1|          0|
    |sa_104_reg_50674                       |   64|   32|    1|          0|
    |sa_105_reg_50690                       |   64|   32|    1|          0|
    |sa_106_reg_50706                       |   64|   32|    1|          0|
    |sa_107_reg_50722                       |   64|   32|    1|          0|
    |sa_108_reg_50738                       |   64|   32|    1|          0|
    |sa_109_reg_50754                       |   64|   32|    1|          0|
    |sa_10_reg_49170                        |   64|   32|    1|          0|
    |sa_110_reg_50770                       |   64|   32|    1|          0|
    |sa_111_reg_50786                       |   64|   32|    1|          0|
    |sa_112_reg_50802                       |   64|   32|    1|          0|
    |sa_113_reg_50818                       |   64|   32|    1|          0|
    |sa_114_reg_50834                       |   64|   32|    1|          0|
    |sa_115_reg_50850                       |   64|   32|    1|          0|
    |sa_116_reg_50866                       |   64|   32|    1|          0|
    |sa_117_reg_50882                       |   64|   32|    1|          0|
    |sa_118_reg_50898                       |   64|   32|    1|          0|
    |sa_119_reg_50914                       |   64|   32|    1|          0|
    |sa_11_reg_49186                        |   64|   32|    1|          0|
    |sa_120_reg_50930                       |   64|   32|    1|          0|
    |sa_121_reg_50946                       |   64|   32|    1|          0|
    |sa_122_reg_50962                       |   64|   32|    1|          0|
    |sa_123_reg_50978                       |   64|   32|    1|          0|
    |sa_124_reg_50994                       |   64|   32|    1|          0|
    |sa_125_reg_51010                       |   64|   32|    1|          0|
    |sa_126_reg_51026                       |   64|   32|    1|          0|
    |sa_127_reg_51042                       |   64|   32|    1|          0|
    |sa_128_reg_51058                       |   64|   32|    1|          0|
    |sa_129_reg_51074                       |   64|   32|    1|          0|
    |sa_12_reg_49202                        |   64|   32|    1|          0|
    |sa_130_reg_51090                       |   64|   32|    1|          0|
    |sa_131_reg_51106                       |   64|   32|    1|          0|
    |sa_132_reg_51122                       |   64|   32|    1|          0|
    |sa_133_reg_51138                       |   64|   32|    1|          0|
    |sa_134_reg_51154                       |   64|   32|    1|          0|
    |sa_135_reg_51170                       |   64|   32|    1|          0|
    |sa_136_reg_51186                       |   64|   32|    1|          0|
    |sa_137_reg_51202                       |   64|   32|    1|          0|
    |sa_138_reg_51218                       |   64|   32|    1|          0|
    |sa_139_reg_51234                       |   64|   32|    1|          0|
    |sa_13_reg_49218                        |   64|   32|    1|          0|
    |sa_140_reg_51250                       |   64|   32|    1|          0|
    |sa_141_reg_51266                       |   64|   32|    1|          0|
    |sa_142_reg_51282                       |   64|   32|    1|          0|
    |sa_143_reg_51298                       |   64|   32|    1|          0|
    |sa_144_reg_51314                       |   64|   32|    1|          0|
    |sa_145_reg_51330                       |   64|   32|    1|          0|
    |sa_146_reg_51346                       |   64|   32|    1|          0|
    |sa_147_reg_51362                       |   64|   32|    1|          0|
    |sa_148_reg_51378                       |   64|   32|    1|          0|
    |sa_149_reg_51394                       |   64|   32|    1|          0|
    |sa_14_reg_49234                        |   64|   32|    1|          0|
    |sa_150_reg_51410                       |   64|   32|    1|          0|
    |sa_151_reg_51426                       |   64|   32|    1|          0|
    |sa_152_reg_51442                       |   64|   32|    1|          0|
    |sa_153_reg_51458                       |   64|   32|    1|          0|
    |sa_154_reg_51474                       |   64|   32|    1|          0|
    |sa_155_reg_51490                       |   64|   32|    1|          0|
    |sa_156_reg_51506                       |   64|   32|    1|          0|
    |sa_157_reg_51522                       |   64|   32|    1|          0|
    |sa_158_reg_51538                       |   64|   32|    1|          0|
    |sa_159_reg_51554                       |   64|   32|    1|          0|
    |sa_15_reg_49250                        |   64|   32|    1|          0|
    |sa_160_reg_51570                       |   64|   32|    1|          0|
    |sa_161_reg_51586                       |   64|   32|    1|          0|
    |sa_162_reg_51602                       |   64|   32|    1|          0|
    |sa_163_reg_51618                       |   64|   32|    1|          0|
    |sa_164_reg_51634                       |   64|   32|    1|          0|
    |sa_165_reg_51650                       |   64|   32|    1|          0|
    |sa_166_reg_51666                       |   64|   32|    1|          0|
    |sa_167_reg_51682                       |   64|   32|    1|          0|
    |sa_168_reg_51698                       |   64|   32|    1|          0|
    |sa_169_reg_51714                       |   64|   32|    1|          0|
    |sa_16_reg_49266                        |   64|   32|    1|          0|
    |sa_170_reg_51730                       |   64|   32|    1|          0|
    |sa_171_reg_51746                       |   64|   32|    1|          0|
    |sa_172_reg_51762                       |   64|   32|    1|          0|
    |sa_173_reg_51778                       |   64|   32|    1|          0|
    |sa_174_reg_51794                       |   64|   32|    1|          0|
    |sa_175_reg_51810                       |   64|   32|    1|          0|
    |sa_176_reg_51826                       |   64|   32|    1|          0|
    |sa_177_reg_51842                       |   64|   32|    1|          0|
    |sa_178_reg_51858                       |   64|   32|    1|          0|
    |sa_179_reg_51874                       |   64|   32|    1|          0|
    |sa_17_reg_49282                        |   64|   32|    1|          0|
    |sa_180_reg_51890                       |   64|   32|    1|          0|
    |sa_181_reg_51906                       |   64|   32|    1|          0|
    |sa_182_reg_51922                       |   64|   32|    1|          0|
    |sa_183_reg_51938                       |   64|   32|    1|          0|
    |sa_184_reg_51954                       |   64|   32|    1|          0|
    |sa_185_reg_51970                       |   64|   32|    1|          0|
    |sa_186_reg_51986                       |   64|   32|    1|          0|
    |sa_187_reg_52002                       |   64|   32|    1|          0|
    |sa_188_reg_52018                       |   64|   32|    1|          0|
    |sa_189_reg_52034                       |   64|   32|    1|          0|
    |sa_18_reg_49298                        |   64|   32|    1|          0|
    |sa_190_reg_52050                       |   64|   32|    1|          0|
    |sa_191_reg_52066                       |   64|   32|    1|          0|
    |sa_192_reg_52082                       |   64|   32|    1|          0|
    |sa_193_reg_52098                       |   64|   32|    1|          0|
    |sa_194_reg_52114                       |   64|   32|    1|          0|
    |sa_195_reg_52130                       |   64|   32|    1|          0|
    |sa_196_reg_52146                       |   64|   32|    1|          0|
    |sa_197_reg_52162                       |   64|   32|    1|          0|
    |sa_198_reg_52178                       |   64|   32|    1|          0|
    |sa_199_reg_52194                       |   64|   32|    1|          0|
    |sa_19_reg_49314                        |   64|   32|    1|          0|
    |sa_1_reg_49026                         |   64|   32|    1|          0|
    |sa_200_reg_52210                       |   64|   32|    1|          0|
    |sa_201_reg_52226                       |   64|   32|    1|          0|
    |sa_202_reg_52242                       |   64|   32|    1|          0|
    |sa_203_reg_52258                       |   64|   32|    1|          0|
    |sa_204_reg_52274                       |   64|   32|    1|          0|
    |sa_205_reg_52290                       |   64|   32|    1|          0|
    |sa_206_reg_52306                       |   64|   32|    1|          0|
    |sa_207_reg_52322                       |   64|   32|    1|          0|
    |sa_208_reg_52338                       |   64|   32|    1|          0|
    |sa_209_reg_52354                       |   64|   32|    1|          0|
    |sa_20_reg_49330                        |   64|   32|    1|          0|
    |sa_210_reg_52370                       |   64|   32|    1|          0|
    |sa_211_reg_52386                       |   64|   32|    1|          0|
    |sa_212_reg_52402                       |   64|   32|    1|          0|
    |sa_213_reg_52418                       |   64|   32|    1|          0|
    |sa_214_reg_52434                       |   64|   32|    1|          0|
    |sa_215_reg_52450                       |   64|   32|    1|          0|
    |sa_216_reg_52466                       |   64|   32|    1|          0|
    |sa_217_reg_52482                       |   64|   32|    1|          0|
    |sa_218_reg_52498                       |   64|   32|    1|          0|
    |sa_219_reg_52514                       |   64|   32|    1|          0|
    |sa_21_reg_49346                        |   64|   32|    1|          0|
    |sa_220_reg_52530                       |   64|   32|    1|          0|
    |sa_221_reg_52546                       |   64|   32|    1|          0|
    |sa_222_reg_52562                       |   64|   32|    1|          0|
    |sa_223_reg_52578                       |   64|   32|    1|          0|
    |sa_224_reg_52594                       |   64|   32|    1|          0|
    |sa_225_reg_52610                       |   64|   32|    1|          0|
    |sa_226_reg_52626                       |   64|   32|    1|          0|
    |sa_227_reg_52642                       |   64|   32|    1|          0|
    |sa_228_reg_52658                       |   64|   32|    1|          0|
    |sa_229_reg_52674                       |   64|   32|    1|          0|
    |sa_22_reg_49362                        |   64|   32|    1|          0|
    |sa_230_reg_52690                       |   64|   32|    1|          0|
    |sa_231_reg_52706                       |   64|   32|    1|          0|
    |sa_232_reg_52722                       |   64|   32|    1|          0|
    |sa_233_reg_52738                       |   64|   32|    1|          0|
    |sa_234_reg_52754                       |   64|   32|    1|          0|
    |sa_235_reg_52770                       |   64|   32|    1|          0|
    |sa_236_reg_52786                       |   64|   32|    1|          0|
    |sa_237_reg_52802                       |   64|   32|    1|          0|
    |sa_238_reg_52818                       |   64|   32|    1|          0|
    |sa_239_reg_52834                       |   64|   32|    1|          0|
    |sa_23_reg_49378                        |   64|   32|    1|          0|
    |sa_240_reg_52850                       |   64|   32|    1|          0|
    |sa_241_reg_52866                       |   64|   32|    1|          0|
    |sa_242_reg_52882                       |   64|   32|    1|          0|
    |sa_243_reg_52898                       |   64|   32|    1|          0|
    |sa_244_reg_52914                       |   64|   32|    1|          0|
    |sa_245_reg_52930                       |   64|   32|    1|          0|
    |sa_246_reg_52946                       |   64|   32|    1|          0|
    |sa_247_reg_52962                       |   64|   32|    1|          0|
    |sa_248_reg_52978                       |   64|   32|    1|          0|
    |sa_249_reg_52994                       |   64|   32|    1|          0|
    |sa_24_reg_49394                        |   64|   32|    1|          0|
    |sa_250_reg_53010                       |   64|   32|    1|          0|
    |sa_251_reg_53026                       |   64|   32|    1|          0|
    |sa_252_reg_53042                       |   64|   32|    1|          0|
    |sa_253_reg_53058                       |   64|   32|    1|          0|
    |sa_254_reg_53074                       |   64|   32|    1|          0|
    |sa_255_reg_53090                       |   64|   32|    1|          0|
    |sa_25_reg_49410                        |   64|   32|    1|          0|
    |sa_26_reg_49426                        |   64|   32|    1|          0|
    |sa_27_reg_49442                        |   64|   32|    1|          0|
    |sa_28_reg_49458                        |   64|   32|    1|          0|
    |sa_29_reg_49474                        |   64|   32|    1|          0|
    |sa_2_reg_49042                         |   64|   32|    1|          0|
    |sa_30_reg_49490                        |   64|   32|    1|          0|
    |sa_31_reg_49506                        |   64|   32|    1|          0|
    |sa_32_reg_49522                        |   64|   32|    1|          0|
    |sa_33_reg_49538                        |   64|   32|    1|          0|
    |sa_34_reg_49554                        |   64|   32|    1|          0|
    |sa_35_reg_49570                        |   64|   32|    1|          0|
    |sa_36_reg_49586                        |   64|   32|    1|          0|
    |sa_37_reg_49602                        |   64|   32|    1|          0|
    |sa_38_reg_49618                        |   64|   32|    1|          0|
    |sa_39_reg_49634                        |   64|   32|    1|          0|
    |sa_3_reg_49058                         |   64|   32|    1|          0|
    |sa_40_reg_49650                        |   64|   32|    1|          0|
    |sa_41_reg_49666                        |   64|   32|    1|          0|
    |sa_42_reg_49682                        |   64|   32|    1|          0|
    |sa_43_reg_49698                        |   64|   32|    1|          0|
    |sa_44_reg_49714                        |   64|   32|    1|          0|
    |sa_45_reg_49730                        |   64|   32|    1|          0|
    |sa_46_reg_49746                        |   64|   32|    1|          0|
    |sa_47_reg_49762                        |   64|   32|    1|          0|
    |sa_48_reg_49778                        |   64|   32|    1|          0|
    |sa_49_reg_49794                        |   64|   32|    1|          0|
    |sa_4_reg_49074                         |   64|   32|    1|          0|
    |sa_50_reg_49810                        |   64|   32|    1|          0|
    |sa_51_reg_49826                        |   64|   32|    1|          0|
    |sa_52_reg_49842                        |   64|   32|    1|          0|
    |sa_53_reg_49858                        |   64|   32|    1|          0|
    |sa_54_reg_49874                        |   64|   32|    1|          0|
    |sa_55_reg_49890                        |   64|   32|    1|          0|
    |sa_56_reg_49906                        |   64|   32|    1|          0|
    |sa_57_reg_49922                        |   64|   32|    1|          0|
    |sa_58_reg_49938                        |   64|   32|    1|          0|
    |sa_59_reg_49954                        |   64|   32|    1|          0|
    |sa_5_reg_49090                         |   64|   32|    1|          0|
    |sa_60_reg_49970                        |   64|   32|    1|          0|
    |sa_61_reg_49986                        |   64|   32|    1|          0|
    |sa_62_reg_50002                        |   64|   32|    1|          0|
    |sa_63_reg_50018                        |   64|   32|    1|          0|
    |sa_64_reg_50034                        |   64|   32|    1|          0|
    |sa_65_reg_50050                        |   64|   32|    1|          0|
    |sa_66_reg_50066                        |   64|   32|    1|          0|
    |sa_67_reg_50082                        |   64|   32|    1|          0|
    |sa_68_reg_50098                        |   64|   32|    1|          0|
    |sa_69_reg_50114                        |   64|   32|    1|          0|
    |sa_6_reg_49106                         |   64|   32|    1|          0|
    |sa_70_reg_50130                        |   64|   32|    1|          0|
    |sa_71_reg_50146                        |   64|   32|    1|          0|
    |sa_72_reg_50162                        |   64|   32|    1|          0|
    |sa_73_reg_50178                        |   64|   32|    1|          0|
    |sa_74_reg_50194                        |   64|   32|    1|          0|
    |sa_75_reg_50210                        |   64|   32|    1|          0|
    |sa_76_reg_50226                        |   64|   32|    1|          0|
    |sa_77_reg_50242                        |   64|   32|    1|          0|
    |sa_78_reg_50258                        |   64|   32|    1|          0|
    |sa_79_reg_50274                        |   64|   32|    1|          0|
    |sa_7_reg_49122                         |   64|   32|    1|          0|
    |sa_80_reg_50290                        |   64|   32|    1|          0|
    |sa_81_reg_50306                        |   64|   32|    1|          0|
    |sa_82_reg_50322                        |   64|   32|    1|          0|
    |sa_83_reg_50338                        |   64|   32|    1|          0|
    |sa_84_reg_50354                        |   64|   32|    1|          0|
    |sa_85_reg_50370                        |   64|   32|    1|          0|
    |sa_86_reg_50386                        |   64|   32|    1|          0|
    |sa_87_reg_50402                        |   64|   32|    1|          0|
    |sa_88_reg_50418                        |   64|   32|    1|          0|
    |sa_89_reg_50434                        |   64|   32|    1|          0|
    |sa_8_reg_49138                         |   64|   32|    1|          0|
    |sa_90_reg_50450                        |   64|   32|    1|          0|
    |sa_91_reg_50466                        |   64|   32|    1|          0|
    |sa_92_reg_50482                        |   64|   32|    1|          0|
    |sa_93_reg_50498                        |   64|   32|    1|          0|
    |sa_94_reg_50514                        |   64|   32|    1|          0|
    |sa_95_reg_50530                        |   64|   32|    1|          0|
    |sa_96_reg_50546                        |   64|   32|    1|          0|
    |sa_97_reg_50562                        |   64|   32|    1|          0|
    |sa_98_reg_50578                        |   64|   32|    1|          0|
    |sa_99_reg_50594                        |   64|   32|    1|          0|
    |sa_9_reg_49154                         |   64|   32|    1|          0|
    |sa_reg_49010                           |   64|   32|    1|          0|
    |sel_tmp_reg_48899                      |   64|   32|    2|          0|
    |step_4_reg_48601                       |   64|   32|   32|          0|
    |tmp_100_reg_50013                      |   64|   32|    3|          0|
    |tmp_101_reg_50029                      |   64|   32|    3|          0|
    |tmp_102_reg_50061                      |   64|   32|    3|          0|
    |tmp_103_reg_50077                      |   64|   32|    3|          0|
    |tmp_104_reg_50093                      |   64|   32|    3|          0|
    |tmp_105_reg_50109                      |   64|   32|    3|          0|
    |tmp_106_reg_50125                      |   64|   32|    3|          0|
    |tmp_107_reg_50141                      |   64|   32|    3|          0|
    |tmp_108_reg_50157                      |   64|   32|    3|          0|
    |tmp_109_reg_50173                      |   64|   32|    3|          0|
    |tmp_110_reg_50189                      |   64|   32|    3|          0|
    |tmp_111_reg_50205                      |   64|   32|    3|          0|
    |tmp_113_reg_50221                      |   64|   32|    3|          0|
    |tmp_114_reg_50237                      |   64|   32|    3|          0|
    |tmp_115_reg_50253                      |   64|   32|    3|          0|
    |tmp_116_reg_50269                      |   64|   32|    3|          0|
    |tmp_117_reg_50285                      |   64|   32|    3|          0|
    |tmp_118_reg_50317                      |   64|   32|    3|          0|
    |tmp_119_reg_50333                      |   64|   32|    3|          0|
    |tmp_120_reg_50349                      |   64|   32|    3|          0|
    |tmp_121_reg_50365                      |   64|   32|    3|          0|
    |tmp_122_reg_50381                      |   64|   32|    3|          0|
    |tmp_123_reg_50397                      |   64|   32|    3|          0|
    |tmp_124_reg_50413                      |   64|   32|    3|          0|
    |tmp_125_reg_50429                      |   64|   32|    3|          0|
    |tmp_126_reg_50445                      |   64|   32|    3|          0|
    |tmp_127_reg_50461                      |   64|   32|    3|          0|
    |tmp_128_reg_50477                      |   64|   32|    3|          0|
    |tmp_129_reg_50493                      |   64|   32|    3|          0|
    |tmp_130_reg_50509                      |   64|   32|    3|          0|
    |tmp_131_reg_50525                      |   64|   32|    3|          0|
    |tmp_132_reg_50541                      |   64|   32|    3|          0|
    |tmp_133_reg_50573                      |   64|   32|    3|          0|
    |tmp_134_reg_50589                      |   64|   32|    3|          0|
    |tmp_135_reg_50605                      |   64|   32|    3|          0|
    |tmp_136_reg_50621                      |   64|   32|    3|          0|
    |tmp_137_reg_50637                      |   64|   32|    3|          0|
    |tmp_138_reg_50653                      |   64|   32|    3|          0|
    |tmp_139_reg_50669                      |   64|   32|    3|          0|
    |tmp_140_reg_50685                      |   64|   32|    3|          0|
    |tmp_141_reg_50701                      |   64|   32|    3|          0|
    |tmp_142_reg_50717                      |   64|   32|    3|          0|
    |tmp_143_reg_50733                      |   64|   32|    3|          0|
    |tmp_144_reg_50749                      |   64|   32|    3|          0|
    |tmp_145_reg_50765                      |   64|   32|    3|          0|
    |tmp_146_reg_50781                      |   64|   32|    3|          0|
    |tmp_147_reg_50797                      |   64|   32|    3|          0|
    |tmp_148_reg_50829                      |   64|   32|    3|          0|
    |tmp_149_reg_50845                      |   64|   32|    3|          0|
    |tmp_150_reg_50861                      |   64|   32|    3|          0|
    |tmp_151_reg_50877                      |   64|   32|    3|          0|
    |tmp_152_reg_50893                      |   64|   32|    3|          0|
    |tmp_153_reg_50909                      |   64|   32|    3|          0|
    |tmp_154_reg_50925                      |   64|   32|    3|          0|
    |tmp_155_reg_50941                      |   64|   32|    3|          0|
    |tmp_156_reg_50957                      |   64|   32|    3|          0|
    |tmp_157_reg_50973                      |   64|   32|    3|          0|
    |tmp_158_reg_50989                      |   64|   32|    3|          0|
    |tmp_159_reg_51005                      |   64|   32|    3|          0|
    |tmp_161_reg_51021                      |   64|   32|    3|          0|
    |tmp_162_reg_51037                      |   64|   32|    3|          0|
    |tmp_163_reg_51053                      |   64|   32|    3|          0|
    |tmp_164_reg_51085                      |   64|   32|    3|          0|
    |tmp_165_reg_51101                      |   64|   32|    3|          0|
    |tmp_166_reg_51117                      |   64|   32|    3|          0|
    |tmp_167_reg_51133                      |   64|   32|    3|          0|
    |tmp_168_reg_51149                      |   64|   32|    3|          0|
    |tmp_169_reg_51165                      |   64|   32|    3|          0|
    |tmp_170_reg_51181                      |   64|   32|    3|          0|
    |tmp_171_reg_51197                      |   64|   32|    3|          0|
    |tmp_172_reg_51213                      |   64|   32|    3|          0|
    |tmp_173_reg_51229                      |   64|   32|    3|          0|
    |tmp_174_reg_51245                      |   64|   32|    3|          0|
    |tmp_175_reg_51261                      |   64|   32|    3|          0|
    |tmp_176_reg_51277                      |   64|   32|    3|          0|
    |tmp_177_reg_51293                      |   64|   32|    3|          0|
    |tmp_178_reg_51309                      |   64|   32|    3|          0|
    |tmp_179_reg_51341                      |   64|   32|    3|          0|
    |tmp_17_reg_48608                       |   64|   32|    1|          0|
    |tmp_180_reg_51357                      |   64|   32|    3|          0|
    |tmp_181_reg_51373                      |   64|   32|    3|          0|
    |tmp_182_reg_51389                      |   64|   32|    3|          0|
    |tmp_183_reg_51405                      |   64|   32|    3|          0|
    |tmp_184_reg_51421                      |   64|   32|    3|          0|
    |tmp_185_reg_51437                      |   64|   32|    3|          0|
    |tmp_186_reg_51453                      |   64|   32|    3|          0|
    |tmp_187_reg_51469                      |   64|   32|    3|          0|
    |tmp_188_reg_51485                      |   64|   32|    3|          0|
    |tmp_189_reg_51501                      |   64|   32|    3|          0|
    |tmp_190_reg_51517                      |   64|   32|    3|          0|
    |tmp_191_reg_51533                      |   64|   32|    3|          0|
    |tmp_192_reg_51549                      |   64|   32|    3|          0|
    |tmp_193_reg_51565                      |   64|   32|    3|          0|
    |tmp_194_reg_51597                      |   64|   32|    3|          0|
    |tmp_195_reg_51613                      |   64|   32|    3|          0|
    |tmp_196_reg_51629                      |   64|   32|    3|          0|
    |tmp_197_reg_51645                      |   64|   32|    3|          0|
    |tmp_198_reg_51661                      |   64|   32|    3|          0|
    |tmp_199_reg_51677                      |   64|   32|    3|          0|
    |tmp_200_reg_51693                      |   64|   32|    3|          0|
    |tmp_201_reg_51709                      |   64|   32|    3|          0|
    |tmp_202_reg_51725                      |   64|   32|    3|          0|
    |tmp_203_reg_51741                      |   64|   32|    3|          0|
    |tmp_204_reg_51757                      |   64|   32|    3|          0|
    |tmp_205_reg_51773                      |   64|   32|    3|          0|
    |tmp_206_reg_51789                      |   64|   32|    3|          0|
    |tmp_207_reg_51805                      |   64|   32|    3|          0|
    |tmp_208_reg_51821                      |   64|   32|    3|          0|
    |tmp_209_reg_51853                      |   64|   32|    3|          0|
    |tmp_210_reg_51869                      |   64|   32|    3|          0|
    |tmp_211_reg_51885                      |   64|   32|    3|          0|
    |tmp_212_reg_51901                      |   64|   32|    3|          0|
    |tmp_213_reg_51917                      |   64|   32|    3|          0|
    |tmp_214_reg_51933                      |   64|   32|    3|          0|
    |tmp_215_reg_51949                      |   64|   32|    3|          0|
    |tmp_216_reg_51965                      |   64|   32|    3|          0|
    |tmp_217_reg_51981                      |   64|   32|    3|          0|
    |tmp_218_reg_51997                      |   64|   32|    3|          0|
    |tmp_219_reg_52013                      |   64|   32|    3|          0|
    |tmp_220_reg_52029                      |   64|   32|    3|          0|
    |tmp_221_reg_52045                      |   64|   32|    3|          0|
    |tmp_222_reg_52061                      |   64|   32|    3|          0|
    |tmp_223_reg_52077                      |   64|   32|    3|          0|
    |tmp_224_reg_52109                      |   64|   32|    3|          0|
    |tmp_225_reg_52125                      |   64|   32|    3|          0|
    |tmp_226_reg_52141                      |   64|   32|    3|          0|
    |tmp_227_reg_52157                      |   64|   32|    3|          0|
    |tmp_228_reg_52173                      |   64|   32|    3|          0|
    |tmp_229_reg_52189                      |   64|   32|    3|          0|
    |tmp_230_reg_52205                      |   64|   32|    3|          0|
    |tmp_231_reg_52221                      |   64|   32|    3|          0|
    |tmp_232_reg_52237                      |   64|   32|    3|          0|
    |tmp_233_reg_52253                      |   64|   32|    3|          0|
    |tmp_234_reg_52269                      |   64|   32|    3|          0|
    |tmp_235_reg_52285                      |   64|   32|    3|          0|
    |tmp_236_reg_52301                      |   64|   32|    3|          0|
    |tmp_237_reg_52317                      |   64|   32|    3|          0|
    |tmp_238_reg_52333                      |   64|   32|    3|          0|
    |tmp_239_reg_52365                      |   64|   32|    3|          0|
    |tmp_240_reg_52381                      |   64|   32|    3|          0|
    |tmp_241_reg_52397                      |   64|   32|    3|          0|
    |tmp_242_reg_52413                      |   64|   32|    3|          0|
    |tmp_243_reg_52429                      |   64|   32|    3|          0|
    |tmp_244_reg_52445                      |   64|   32|    3|          0|
    |tmp_245_reg_52461                      |   64|   32|    3|          0|
    |tmp_246_reg_52477                      |   64|   32|    3|          0|
    |tmp_247_reg_52493                      |   64|   32|    3|          0|
    |tmp_248_reg_52509                      |   64|   32|    3|          0|
    |tmp_249_reg_52525                      |   64|   32|    3|          0|
    |tmp_250_reg_52541                      |   64|   32|    3|          0|
    |tmp_251_reg_52557                      |   64|   32|    3|          0|
    |tmp_252_reg_52573                      |   64|   32|    3|          0|
    |tmp_253_reg_52589                      |   64|   32|    3|          0|
    |tmp_254_reg_52621                      |   64|   32|    3|          0|
    |tmp_255_reg_52637                      |   64|   32|    3|          0|
    |tmp_256_reg_52653                      |   64|   32|    3|          0|
    |tmp_257_reg_52669                      |   64|   32|    3|          0|
    |tmp_258_reg_52685                      |   64|   32|    3|          0|
    |tmp_259_reg_52701                      |   64|   32|    3|          0|
    |tmp_260_reg_52717                      |   64|   32|    3|          0|
    |tmp_261_reg_52733                      |   64|   32|    3|          0|
    |tmp_262_reg_52749                      |   64|   32|    3|          0|
    |tmp_263_reg_52765                      |   64|   32|    3|          0|
    |tmp_264_reg_52781                      |   64|   32|    3|          0|
    |tmp_265_reg_52797                      |   64|   32|    3|          0|
    |tmp_266_reg_52813                      |   64|   32|    3|          0|
    |tmp_267_reg_52829                      |   64|   32|    3|          0|
    |tmp_268_reg_52845                      |   64|   32|    3|          0|
    |tmp_269_reg_52877                      |   64|   32|    3|          0|
    |tmp_270_reg_52893                      |   64|   32|    3|          0|
    |tmp_271_reg_52909                      |   64|   32|    3|          0|
    |tmp_272_reg_52925                      |   64|   32|    3|          0|
    |tmp_273_reg_52941                      |   64|   32|    3|          0|
    |tmp_274_reg_52957                      |   64|   32|    3|          0|
    |tmp_275_reg_52973                      |   64|   32|    3|          0|
    |tmp_276_reg_52989                      |   64|   32|    3|          0|
    |tmp_277_reg_53005                      |   64|   32|    3|          0|
    |tmp_278_reg_53021                      |   64|   32|    3|          0|
    |tmp_279_reg_53037                      |   64|   32|    3|          0|
    |tmp_27_reg_49037                       |   64|   32|    3|          0|
    |tmp_280_reg_53053                      |   64|   32|    3|          0|
    |tmp_281_reg_53069                      |   64|   32|    3|          0|
    |tmp_282_reg_53085                      |   64|   32|    3|          0|
    |tmp_283_reg_53101                      |   64|   32|    3|          0|
    |tmp_29_reg_49053                       |   64|   32|    3|          0|
    |tmp_31_reg_49069                       |   64|   32|    3|          0|
    |tmp_33_reg_49085                       |   64|   32|    3|          0|
    |tmp_35_reg_49101                       |   64|   32|    3|          0|
    |tmp_37_reg_49117                       |   64|   32|    3|          0|
    |tmp_39_reg_49133                       |   64|   32|    3|          0|
    |tmp_41_reg_49149                       |   64|   32|    3|          0|
    |tmp_43_reg_49165                       |   64|   32|    3|          0|
    |tmp_45_reg_49181                       |   64|   32|    3|          0|
    |tmp_47_reg_49197                       |   64|   32|    3|          0|
    |tmp_49_reg_49213                       |   64|   32|    3|          0|
    |tmp_51_reg_49229                       |   64|   32|    3|          0|
    |tmp_53_reg_49245                       |   64|   32|    3|          0|
    |tmp_55_reg_49261                       |   64|   32|    3|          0|
    |tmp_57_reg_49293                       |   64|   32|    3|          0|
    |tmp_58_reg_49309                       |   64|   32|    3|          0|
    |tmp_59_reg_49325                       |   64|   32|    3|          0|
    |tmp_60_reg_49341                       |   64|   32|    3|          0|
    |tmp_61_reg_49357                       |   64|   32|    3|          0|
    |tmp_62_reg_49373                       |   64|   32|    3|          0|
    |tmp_63_reg_49389                       |   64|   32|    3|          0|
    |tmp_64_reg_49405                       |   64|   32|    3|          0|
    |tmp_65_reg_49421                       |   64|   32|    3|          0|
    |tmp_66_reg_49437                       |   64|   32|    3|          0|
    |tmp_67_reg_49453                       |   64|   32|    3|          0|
    |tmp_68_reg_49469                       |   64|   32|    3|          0|
    |tmp_69_reg_49485                       |   64|   32|    3|          0|
    |tmp_70_reg_49501                       |   64|   32|    3|          0|
    |tmp_71_reg_49517                       |   64|   32|    3|          0|
    |tmp_72_reg_49549                       |   64|   32|    3|          0|
    |tmp_73_reg_49565                       |   64|   32|    3|          0|
    |tmp_74_reg_49581                       |   64|   32|    3|          0|
    |tmp_75_reg_49597                       |   64|   32|    3|          0|
    |tmp_76_reg_49613                       |   64|   32|    3|          0|
    |tmp_77_reg_49629                       |   64|   32|    3|          0|
    |tmp_78_reg_49645                       |   64|   32|    3|          0|
    |tmp_79_reg_49661                       |   64|   32|    3|          0|
    |tmp_80_reg_49677                       |   64|   32|    3|          0|
    |tmp_81_reg_49693                       |   64|   32|    3|          0|
    |tmp_82_reg_49709                       |   64|   32|    3|          0|
    |tmp_83_reg_49725                       |   64|   32|    3|          0|
    |tmp_84_reg_49741                       |   64|   32|    3|          0|
    |tmp_85_reg_49757                       |   64|   32|    3|          0|
    |tmp_86_reg_49773                       |   64|   32|    3|          0|
    |tmp_87_reg_49805                       |   64|   32|    3|          0|
    |tmp_88_reg_49821                       |   64|   32|    3|          0|
    |tmp_89_reg_49837                       |   64|   32|    3|          0|
    |tmp_90_reg_49853                       |   64|   32|    3|          0|
    |tmp_91_reg_49869                       |   64|   32|    3|          0|
    |tmp_92_reg_49885                       |   64|   32|    3|          0|
    |tmp_93_reg_49901                       |   64|   32|    3|          0|
    |tmp_94_reg_49917                       |   64|   32|    3|          0|
    |tmp_95_reg_49933                       |   64|   32|    3|          0|
    |tmp_96_reg_49949                       |   64|   32|    3|          0|
    |tmp_97_reg_49965                       |   64|   32|    3|          0|
    |tmp_98_reg_49981                       |   64|   32|    3|          0|
    |tmp_99_reg_49997                       |   64|   32|    3|          0|
    |trunc_ln146_1_reg_48628                |   64|   32|    1|          0|
    |trunc_ln146_2_reg_48581                |   64|   32|    3|          0|
    |trunc_ln173_reg_53146                  |   64|   32|    6|          0|
    |trunc_ln70_10_reg_51581                |   64|   32|    3|          0|
    |trunc_ln70_11_reg_51837                |   64|   32|    3|          0|
    |trunc_ln70_12_reg_52093                |   64|   32|    3|          0|
    |trunc_ln70_13_reg_52349                |   64|   32|    3|          0|
    |trunc_ln70_14_reg_52605                |   64|   32|    3|          0|
    |trunc_ln70_15_reg_52861                |   64|   32|    3|          0|
    |trunc_ln70_1_reg_49277                 |   64|   32|    3|          0|
    |trunc_ln70_2_reg_49533                 |   64|   32|    3|          0|
    |trunc_ln70_3_reg_49789                 |   64|   32|    3|          0|
    |trunc_ln70_4_reg_50045                 |   64|   32|    3|          0|
    |trunc_ln70_5_reg_50301                 |   64|   32|    3|          0|
    |trunc_ln70_6_reg_50557                 |   64|   32|    3|          0|
    |trunc_ln70_7_reg_50813                 |   64|   32|    3|          0|
    |trunc_ln70_8_reg_51069                 |   64|   32|    3|          0|
    |trunc_ln70_9_reg_51325                 |   64|   32|    3|          0|
    |trunc_ln70_reg_49021                   |   64|   32|    3|          0|
    |w_buf_1_local_addr_reg_53116           |   64|   32|    6|          0|
    |w_buf_addr_reg_53111                   |   64|   32|    6|          0|
    |xw_all_10_reg_48837                    |   64|   32|  128|          0|
    |xw_all_11_reg_48846                    |   64|   32|  128|          0|
    |xw_all_12_reg_48855                    |   64|   32|  128|          0|
    |xw_all_13_reg_48865                    |   64|   32|  128|          0|
    |xw_all_14_reg_48874                    |   64|   32|  128|          0|
    |xw_all_15_reg_48882                    |   64|   32|  128|          0|
    |xw_all_1_reg_48754                     |   64|   32|  128|          0|
    |xw_all_2_reg_48763                     |   64|   32|  128|          0|
    |xw_all_3_reg_48773                     |   64|   32|  128|          0|
    |xw_all_4_reg_48783                     |   64|   32|  128|          0|
    |xw_all_5_reg_48792                     |   64|   32|  128|          0|
    |xw_all_6_reg_48801                     |   64|   32|  128|          0|
    |xw_all_7_reg_48810                     |   64|   32|  128|          0|
    |xw_all_8_reg_48819                     |   64|   32|  128|          0|
    |xw_all_9_reg_48828                     |   64|   32|  128|          0|
    |xw_all_reg_48746                       |   64|   32|  128|          0|
    +---------------------------------------+-----+-----+-----+-----------+
    |Total                                  |72652|26176|25293|        512|
    +---------------------------------------+-----+-----+-----+-----------+



================================================================
== Interface
================================================================
* Summary: 
+---------------------------------------------------------------------------------------------------+-----+------+------------+------------------------------------------------------------------------------------------+--------------+
|                                             RTL Ports                                             | Dir | Bits |  Protocol  |                                       Source Object                                      |    C Type    |
+---------------------------------------------------------------------------------------------------+-----+------+------------+------------------------------------------------------------------------------------------+--------------+
|ap_clk                                                                                             |   in|     1|  ap_ctrl_hs|                                             fp8_mac_producer<16, 16>_Pipeline_PASS_A_FLAT|  return value|
|ap_rst                                                                                             |   in|     1|  ap_ctrl_hs|                                             fp8_mac_producer<16, 16>_Pipeline_PASS_A_FLAT|  return value|
|ap_start                                                                                           |   in|     1|  ap_ctrl_hs|                                             fp8_mac_producer<16, 16>_Pipeline_PASS_A_FLAT|  return value|
|ap_done                                                                                            |  out|     1|  ap_ctrl_hs|                                             fp8_mac_producer<16, 16>_Pipeline_PASS_A_FLAT|  return value|
|ap_idle                                                                                            |  out|     1|  ap_ctrl_hs|                                             fp8_mac_producer<16, 16>_Pipeline_PASS_A_FLAT|  return value|
|ap_ready                                                                                           |  out|     1|  ap_ctrl_hs|                                             fp8_mac_producer<16, 16>_Pipeline_PASS_A_FLAT|  return value|
|grp_fu_204_p_din0                                                                                  |  out|    16|  ap_ctrl_hs|                                             fp8_mac_producer<16, 16>_Pipeline_PASS_A_FLAT|  return value|
|grp_fu_204_p_din1                                                                                  |  out|    16|  ap_ctrl_hs|                                             fp8_mac_producer<16, 16>_Pipeline_PASS_A_FLAT|  return value|
|grp_fu_204_p_dout0                                                                                 |   in|    16|  ap_ctrl_hs|                                             fp8_mac_producer<16, 16>_Pipeline_PASS_A_FLAT|  return value|
|grp_fu_204_p_ce                                                                                    |  out|     1|  ap_ctrl_hs|                                             fp8_mac_producer<16, 16>_Pipeline_PASS_A_FLAT|  return value|
|grp_fu_208_p_din0                                                                                  |  out|    16|  ap_ctrl_hs|                                             fp8_mac_producer<16, 16>_Pipeline_PASS_A_FLAT|  return value|
|grp_fu_208_p_din1                                                                                  |  out|    16|  ap_ctrl_hs|                                             fp8_mac_producer<16, 16>_Pipeline_PASS_A_FLAT|  return value|
|grp_fu_208_p_dout0                                                                                 |   in|    16|  ap_ctrl_hs|                                             fp8_mac_producer<16, 16>_Pipeline_PASS_A_FLAT|  return value|
|grp_fu_208_p_ce                                                                                    |  out|     1|  ap_ctrl_hs|                                             fp8_mac_producer<16, 16>_Pipeline_PASS_A_FLAT|  return value|
|grp_fu_212_p_din0                                                                                  |  out|    16|  ap_ctrl_hs|                                             fp8_mac_producer<16, 16>_Pipeline_PASS_A_FLAT|  return value|
|grp_fu_212_p_din1                                                                                  |  out|    16|  ap_ctrl_hs|                                             fp8_mac_producer<16, 16>_Pipeline_PASS_A_FLAT|  return value|
|grp_fu_212_p_dout0                                                                                 |   in|    16|  ap_ctrl_hs|                                             fp8_mac_producer<16, 16>_Pipeline_PASS_A_FLAT|  return value|
|grp_fu_212_p_ce                                                                                    |  out|     1|  ap_ctrl_hs|                                             fp8_mac_producer<16, 16>_Pipeline_PASS_A_FLAT|  return value|
|grp_fu_216_p_din0                                                                                  |  out|    16|  ap_ctrl_hs|                                             fp8_mac_producer<16, 16>_Pipeline_PASS_A_FLAT|  return value|
|grp_fu_216_p_din1                                                                                  |  out|    16|  ap_ctrl_hs|                                             fp8_mac_producer<16, 16>_Pipeline_PASS_A_FLAT|  return value|
|grp_fu_216_p_dout0                                                                                 |   in|    16|  ap_ctrl_hs|                                             fp8_mac_producer<16, 16>_Pipeline_PASS_A_FLAT|  return value|
|grp_fu_216_p_ce                                                                                    |  out|     1|  ap_ctrl_hs|                                             fp8_mac_producer<16, 16>_Pipeline_PASS_A_FLAT|  return value|
|grp_fu_220_p_din0                                                                                  |  out|    16|  ap_ctrl_hs|                                             fp8_mac_producer<16, 16>_Pipeline_PASS_A_FLAT|  return value|
|grp_fu_220_p_din1                                                                                  |  out|    16|  ap_ctrl_hs|                                             fp8_mac_producer<16, 16>_Pipeline_PASS_A_FLAT|  return value|
|grp_fu_220_p_dout0                                                                                 |   in|    16|  ap_ctrl_hs|                                             fp8_mac_producer<16, 16>_Pipeline_PASS_A_FLAT|  return value|
|grp_fu_220_p_ce                                                                                    |  out|     1|  ap_ctrl_hs|                                             fp8_mac_producer<16, 16>_Pipeline_PASS_A_FLAT|  return value|
|grp_fu_224_p_din0                                                                                  |  out|    16|  ap_ctrl_hs|                                             fp8_mac_producer<16, 16>_Pipeline_PASS_A_FLAT|  return value|
|grp_fu_224_p_din1                                                                                  |  out|    16|  ap_ctrl_hs|                                             fp8_mac_producer<16, 16>_Pipeline_PASS_A_FLAT|  return value|
|grp_fu_224_p_dout0                                                                                 |   in|    16|  ap_ctrl_hs|                                             fp8_mac_producer<16, 16>_Pipeline_PASS_A_FLAT|  return value|
|grp_fu_224_p_ce                                                                                    |  out|     1|  ap_ctrl_hs|                                             fp8_mac_producer<16, 16>_Pipeline_PASS_A_FLAT|  return value|
|grp_fu_228_p_din0                                                                                  |  out|    16|  ap_ctrl_hs|                                             fp8_mac_producer<16, 16>_Pipeline_PASS_A_FLAT|  return value|
|grp_fu_228_p_din1                                                                                  |  out|    16|  ap_ctrl_hs|                                             fp8_mac_producer<16, 16>_Pipeline_PASS_A_FLAT|  return value|
|grp_fu_228_p_dout0                                                                                 |   in|    16|  ap_ctrl_hs|                                             fp8_mac_producer<16, 16>_Pipeline_PASS_A_FLAT|  return value|
|grp_fu_228_p_ce                                                                                    |  out|     1|  ap_ctrl_hs|                                             fp8_mac_producer<16, 16>_Pipeline_PASS_A_FLAT|  return value|
|grp_fu_232_p_din0                                                                                  |  out|    16|  ap_ctrl_hs|                                             fp8_mac_producer<16, 16>_Pipeline_PASS_A_FLAT|  return value|
|grp_fu_232_p_din1                                                                                  |  out|    16|  ap_ctrl_hs|                                             fp8_mac_producer<16, 16>_Pipeline_PASS_A_FLAT|  return value|
|grp_fu_232_p_dout0                                                                                 |   in|    16|  ap_ctrl_hs|                                             fp8_mac_producer<16, 16>_Pipeline_PASS_A_FLAT|  return value|
|grp_fu_232_p_ce                                                                                    |  out|     1|  ap_ctrl_hs|                                             fp8_mac_producer<16, 16>_Pipeline_PASS_A_FLAT|  return value|
|grp_fu_236_p_din0                                                                                  |  out|    16|  ap_ctrl_hs|                                             fp8_mac_producer<16, 16>_Pipeline_PASS_A_FLAT|  return value|
|grp_fu_236_p_din1                                                                                  |  out|    16|  ap_ctrl_hs|                                             fp8_mac_producer<16, 16>_Pipeline_PASS_A_FLAT|  return value|
|grp_fu_236_p_dout0                                                                                 |   in|    16|  ap_ctrl_hs|                                             fp8_mac_producer<16, 16>_Pipeline_PASS_A_FLAT|  return value|
|grp_fu_236_p_ce                                                                                    |  out|     1|  ap_ctrl_hs|                                             fp8_mac_producer<16, 16>_Pipeline_PASS_A_FLAT|  return value|
|grp_fu_240_p_din0                                                                                  |  out|    16|  ap_ctrl_hs|                                             fp8_mac_producer<16, 16>_Pipeline_PASS_A_FLAT|  return value|
|grp_fu_240_p_din1                                                                                  |  out|    16|  ap_ctrl_hs|                                             fp8_mac_producer<16, 16>_Pipeline_PASS_A_FLAT|  return value|
|grp_fu_240_p_dout0                                                                                 |   in|    16|  ap_ctrl_hs|                                             fp8_mac_producer<16, 16>_Pipeline_PASS_A_FLAT|  return value|
|grp_fu_240_p_ce                                                                                    |  out|     1|  ap_ctrl_hs|                                             fp8_mac_producer<16, 16>_Pipeline_PASS_A_FLAT|  return value|
|grp_fu_244_p_din0                                                                                  |  out|    16|  ap_ctrl_hs|                                             fp8_mac_producer<16, 16>_Pipeline_PASS_A_FLAT|  return value|
|grp_fu_244_p_din1                                                                                  |  out|    16|  ap_ctrl_hs|                                             fp8_mac_producer<16, 16>_Pipeline_PASS_A_FLAT|  return value|
|grp_fu_244_p_dout0                                                                                 |   in|    16|  ap_ctrl_hs|                                             fp8_mac_producer<16, 16>_Pipeline_PASS_A_FLAT|  return value|
|grp_fu_244_p_ce                                                                                    |  out|     1|  ap_ctrl_hs|                                             fp8_mac_producer<16, 16>_Pipeline_PASS_A_FLAT|  return value|
|grp_fu_248_p_din0                                                                                  |  out|    16|  ap_ctrl_hs|                                             fp8_mac_producer<16, 16>_Pipeline_PASS_A_FLAT|  return value|
|grp_fu_248_p_din1                                                                                  |  out|    16|  ap_ctrl_hs|                                             fp8_mac_producer<16, 16>_Pipeline_PASS_A_FLAT|  return value|
|grp_fu_248_p_dout0                                                                                 |   in|    16|  ap_ctrl_hs|                                             fp8_mac_producer<16, 16>_Pipeline_PASS_A_FLAT|  return value|
|grp_fu_248_p_ce                                                                                    |  out|     1|  ap_ctrl_hs|                                             fp8_mac_producer<16, 16>_Pipeline_PASS_A_FLAT|  return value|
|grp_fu_252_p_din0                                                                                  |  out|    16|  ap_ctrl_hs|                                             fp8_mac_producer<16, 16>_Pipeline_PASS_A_FLAT|  return value|
|grp_fu_252_p_din1                                                                                  |  out|    16|  ap_ctrl_hs|                                             fp8_mac_producer<16, 16>_Pipeline_PASS_A_FLAT|  return value|
|grp_fu_252_p_dout0                                                                                 |   in|    16|  ap_ctrl_hs|                                             fp8_mac_producer<16, 16>_Pipeline_PASS_A_FLAT|  return value|
|grp_fu_252_p_ce                                                                                    |  out|     1|  ap_ctrl_hs|                                             fp8_mac_producer<16, 16>_Pipeline_PASS_A_FLAT|  return value|
|grp_fu_256_p_din0                                                                                  |  out|    16|  ap_ctrl_hs|                                             fp8_mac_producer<16, 16>_Pipeline_PASS_A_FLAT|  return value|
|grp_fu_256_p_din1                                                                                  |  out|    16|  ap_ctrl_hs|                                             fp8_mac_producer<16, 16>_Pipeline_PASS_A_FLAT|  return value|
|grp_fu_256_p_dout0                                                                                 |   in|    16|  ap_ctrl_hs|                                             fp8_mac_producer<16, 16>_Pipeline_PASS_A_FLAT|  return value|
|grp_fu_256_p_ce                                                                                    |  out|     1|  ap_ctrl_hs|                                             fp8_mac_producer<16, 16>_Pipeline_PASS_A_FLAT|  return value|
|grp_fu_260_p_din0                                                                                  |  out|    16|  ap_ctrl_hs|                                             fp8_mac_producer<16, 16>_Pipeline_PASS_A_FLAT|  return value|
|grp_fu_260_p_din1                                                                                  |  out|    16|  ap_ctrl_hs|                                             fp8_mac_producer<16, 16>_Pipeline_PASS_A_FLAT|  return value|
|grp_fu_260_p_dout0                                                                                 |   in|    16|  ap_ctrl_hs|                                             fp8_mac_producer<16, 16>_Pipeline_PASS_A_FLAT|  return value|
|grp_fu_260_p_ce                                                                                    |  out|     1|  ap_ctrl_hs|                                             fp8_mac_producer<16, 16>_Pipeline_PASS_A_FLAT|  return value|
|grp_fu_264_p_din0                                                                                  |  out|    16|  ap_ctrl_hs|                                             fp8_mac_producer<16, 16>_Pipeline_PASS_A_FLAT|  return value|
|grp_fu_264_p_din1                                                                                  |  out|    16|  ap_ctrl_hs|                                             fp8_mac_producer<16, 16>_Pipeline_PASS_A_FLAT|  return value|
|grp_fu_264_p_dout0                                                                                 |   in|    16|  ap_ctrl_hs|                                             fp8_mac_producer<16, 16>_Pipeline_PASS_A_FLAT|  return value|
|grp_fu_264_p_ce                                                                                    |  out|     1|  ap_ctrl_hs|                                             fp8_mac_producer<16, 16>_Pipeline_PASS_A_FLAT|  return value|
|m_axi_gmem_weight_0_AWVALID                                                                        |  out|     1|       m_axi|                                                                               gmem_weight|       pointer|
|m_axi_gmem_weight_0_AWREADY                                                                        |   in|     1|       m_axi|                                                                               gmem_weight|       pointer|
|m_axi_gmem_weight_0_AWADDR                                                                         |  out|    64|       m_axi|                                                                               gmem_weight|       pointer|
|m_axi_gmem_weight_0_AWID                                                                           |  out|     1|       m_axi|                                                                               gmem_weight|       pointer|
|m_axi_gmem_weight_0_AWLEN                                                                          |  out|    32|       m_axi|                                                                               gmem_weight|       pointer|
|m_axi_gmem_weight_0_AWSIZE                                                                         |  out|     3|       m_axi|                                                                               gmem_weight|       pointer|
|m_axi_gmem_weight_0_AWBURST                                                                        |  out|     2|       m_axi|                                                                               gmem_weight|       pointer|
|m_axi_gmem_weight_0_AWLOCK                                                                         |  out|     2|       m_axi|                                                                               gmem_weight|       pointer|
|m_axi_gmem_weight_0_AWCACHE                                                                        |  out|     4|       m_axi|                                                                               gmem_weight|       pointer|
|m_axi_gmem_weight_0_AWPROT                                                                         |  out|     3|       m_axi|                                                                               gmem_weight|       pointer|
|m_axi_gmem_weight_0_AWQOS                                                                          |  out|     4|       m_axi|                                                                               gmem_weight|       pointer|
|m_axi_gmem_weight_0_AWREGION                                                                       |  out|     4|       m_axi|                                                                               gmem_weight|       pointer|
|m_axi_gmem_weight_0_AWUSER                                                                         |  out|     1|       m_axi|                                                                               gmem_weight|       pointer|
|m_axi_gmem_weight_0_WVALID                                                                         |  out|     1|       m_axi|                                                                               gmem_weight|       pointer|
|m_axi_gmem_weight_0_WREADY                                                                         |   in|     1|       m_axi|                                                                               gmem_weight|       pointer|
|m_axi_gmem_weight_0_WDATA                                                                          |  out|   512|       m_axi|                                                                               gmem_weight|       pointer|
|m_axi_gmem_weight_0_WSTRB                                                                          |  out|    64|       m_axi|                                                                               gmem_weight|       pointer|
|m_axi_gmem_weight_0_WLAST                                                                          |  out|     1|       m_axi|                                                                               gmem_weight|       pointer|
|m_axi_gmem_weight_0_WID                                                                            |  out|     1|       m_axi|                                                                               gmem_weight|       pointer|
|m_axi_gmem_weight_0_WUSER                                                                          |  out|     1|       m_axi|                                                                               gmem_weight|       pointer|
|m_axi_gmem_weight_0_ARVALID                                                                        |  out|     1|       m_axi|                                                                               gmem_weight|       pointer|
|m_axi_gmem_weight_0_ARREADY                                                                        |   in|     1|       m_axi|                                                                               gmem_weight|       pointer|
|m_axi_gmem_weight_0_ARADDR                                                                         |  out|    64|       m_axi|                                                                               gmem_weight|       pointer|
|m_axi_gmem_weight_0_ARID                                                                           |  out|     1|       m_axi|                                                                               gmem_weight|       pointer|
|m_axi_gmem_weight_0_ARLEN                                                                          |  out|    32|       m_axi|                                                                               gmem_weight|       pointer|
|m_axi_gmem_weight_0_ARSIZE                                                                         |  out|     3|       m_axi|                                                                               gmem_weight|       pointer|
|m_axi_gmem_weight_0_ARBURST                                                                        |  out|     2|       m_axi|                                                                               gmem_weight|       pointer|
|m_axi_gmem_weight_0_ARLOCK                                                                         |  out|     2|       m_axi|                                                                               gmem_weight|       pointer|
|m_axi_gmem_weight_0_ARCACHE                                                                        |  out|     4|       m_axi|                                                                               gmem_weight|       pointer|
|m_axi_gmem_weight_0_ARPROT                                                                         |  out|     3|       m_axi|                                                                               gmem_weight|       pointer|
|m_axi_gmem_weight_0_ARQOS                                                                          |  out|     4|       m_axi|                                                                               gmem_weight|       pointer|
|m_axi_gmem_weight_0_ARREGION                                                                       |  out|     4|       m_axi|                                                                               gmem_weight|       pointer|
|m_axi_gmem_weight_0_ARUSER                                                                         |  out|     1|       m_axi|                                                                               gmem_weight|       pointer|
|m_axi_gmem_weight_0_RVALID                                                                         |   in|     1|       m_axi|                                                                               gmem_weight|       pointer|
|m_axi_gmem_weight_0_RREADY                                                                         |  out|     1|       m_axi|                                                                               gmem_weight|       pointer|
|m_axi_gmem_weight_0_RDATA                                                                          |   in|   512|       m_axi|                                                                               gmem_weight|       pointer|
|m_axi_gmem_weight_0_RLAST                                                                          |   in|     1|       m_axi|                                                                               gmem_weight|       pointer|
|m_axi_gmem_weight_0_RID                                                                            |   in|     1|       m_axi|                                                                               gmem_weight|       pointer|
|m_axi_gmem_weight_0_RFIFONUM                                                                       |   in|    11|       m_axi|                                                                               gmem_weight|       pointer|
|m_axi_gmem_weight_0_RUSER                                                                          |   in|     1|       m_axi|                                                                               gmem_weight|       pointer|
|m_axi_gmem_weight_0_RRESP                                                                          |   in|     2|       m_axi|                                                                               gmem_weight|       pointer|
|m_axi_gmem_weight_0_BVALID                                                                         |   in|     1|       m_axi|                                                                               gmem_weight|       pointer|
|m_axi_gmem_weight_0_BREADY                                                                         |  out|     1|       m_axi|                                                                               gmem_weight|       pointer|
|m_axi_gmem_weight_0_BRESP                                                                          |   in|     2|       m_axi|                                                                               gmem_weight|       pointer|
|m_axi_gmem_weight_0_BID                                                                            |   in|     1|       m_axi|                                                                               gmem_weight|       pointer|
|m_axi_gmem_weight_0_BUSER                                                                          |   in|     1|       m_axi|                                                                               gmem_weight|       pointer|
|pstrm_din                                                                                          |  out|  2048|     ap_fifo|                                                                                     pstrm|       pointer|
|pstrm_full_n                                                                                       |   in|     1|     ap_fifo|                                                                                     pstrm|       pointer|
|pstrm_write                                                                                        |  out|     1|     ap_fifo|                                                                                     pstrm|       pointer|
|W_ptr                                                                                              |   in|    64|     ap_none|                                                                                     W_ptr|        scalar|
|w_buf_address0                                                                                     |  out|     6|   ap_memory|                                                                                     w_buf|         array|
|w_buf_ce0                                                                                          |  out|     1|   ap_memory|                                                                                     w_buf|         array|
|w_buf_we0                                                                                          |  out|     1|   ap_memory|                                                                                     w_buf|         array|
|w_buf_d0                                                                                           |  out|   128|   ap_memory|                                                                                     w_buf|         array|
|w_buf_q0                                                                                           |   in|   128|   ap_memory|                                                                                     w_buf|         array|
|empty                                                                                              |   in|     2|     ap_none|                                                                                     empty|        scalar|
|void_Fp8_Conv_Engine_ap_uint_const_ap_uint_const_ap_uint_const_ap_uint_const_9_address0            |  out|     8|   ap_memory|            void_Fp8_Conv_Engine_ap_uint_const_ap_uint_const_ap_uint_const_ap_uint_const_9|         array|
|void_Fp8_Conv_Engine_ap_uint_const_ap_uint_const_ap_uint_const_ap_uint_const_9_ce0                 |  out|     1|   ap_memory|            void_Fp8_Conv_Engine_ap_uint_const_ap_uint_const_ap_uint_const_ap_uint_const_9|         array|
|void_Fp8_Conv_Engine_ap_uint_const_ap_uint_const_ap_uint_const_ap_uint_const_9_q0                  |   in|   128|   ap_memory|            void_Fp8_Conv_Engine_ap_uint_const_ap_uint_const_ap_uint_const_ap_uint_const_9|         array|
|void_Fp8_Conv_Engine_ap_uint_const_ap_uint_const_ap_uint_const_ap_uint_const_8_address0            |  out|     8|   ap_memory|            void_Fp8_Conv_Engine_ap_uint_const_ap_uint_const_ap_uint_const_ap_uint_const_8|         array|
|void_Fp8_Conv_Engine_ap_uint_const_ap_uint_const_ap_uint_const_ap_uint_const_8_ce0                 |  out|     1|   ap_memory|            void_Fp8_Conv_Engine_ap_uint_const_ap_uint_const_ap_uint_const_ap_uint_const_8|         array|
|void_Fp8_Conv_Engine_ap_uint_const_ap_uint_const_ap_uint_const_ap_uint_const_8_q0                  |   in|   128|   ap_memory|            void_Fp8_Conv_Engine_ap_uint_const_ap_uint_const_ap_uint_const_ap_uint_const_8|         array|
|void_Fp8_Conv_Engine_ap_uint_const_ap_uint_const_ap_uint_const_ap_uint_const_7_address0            |  out|     8|   ap_memory|            void_Fp8_Conv_Engine_ap_uint_const_ap_uint_const_ap_uint_const_ap_uint_const_7|         array|
|void_Fp8_Conv_Engine_ap_uint_const_ap_uint_const_ap_uint_const_ap_uint_const_7_ce0                 |  out|     1|   ap_memory|            void_Fp8_Conv_Engine_ap_uint_const_ap_uint_const_ap_uint_const_ap_uint_const_7|         array|
|void_Fp8_Conv_Engine_ap_uint_const_ap_uint_const_ap_uint_const_ap_uint_const_7_q0                  |   in|   128|   ap_memory|            void_Fp8_Conv_Engine_ap_uint_const_ap_uint_const_ap_uint_const_ap_uint_const_7|         array|
|void_Fp8_Conv_Engine_ap_uint_const_ap_uint_const_ap_uint_const_ap_uint_const_6_address0            |  out|     8|   ap_memory|            void_Fp8_Conv_Engine_ap_uint_const_ap_uint_const_ap_uint_const_ap_uint_const_6|         array|
|void_Fp8_Conv_Engine_ap_uint_const_ap_uint_const_ap_uint_const_ap_uint_const_6_ce0                 |  out|     1|   ap_memory|            void_Fp8_Conv_Engine_ap_uint_const_ap_uint_const_ap_uint_const_ap_uint_const_6|         array|
|void_Fp8_Conv_Engine_ap_uint_const_ap_uint_const_ap_uint_const_ap_uint_const_6_q0                  |   in|   128|   ap_memory|            void_Fp8_Conv_Engine_ap_uint_const_ap_uint_const_ap_uint_const_ap_uint_const_6|         array|
|void_Fp8_Conv_Engine_ap_uint_const_ap_uint_const_ap_uint_const_ap_uint_const_5_address0            |  out|     8|   ap_memory|            void_Fp8_Conv_Engine_ap_uint_const_ap_uint_const_ap_uint_const_ap_uint_const_5|         array|
|void_Fp8_Conv_Engine_ap_uint_const_ap_uint_const_ap_uint_const_ap_uint_const_5_ce0                 |  out|     1|   ap_memory|            void_Fp8_Conv_Engine_ap_uint_const_ap_uint_const_ap_uint_const_ap_uint_const_5|         array|
|void_Fp8_Conv_Engine_ap_uint_const_ap_uint_const_ap_uint_const_ap_uint_const_5_q0                  |   in|   128|   ap_memory|            void_Fp8_Conv_Engine_ap_uint_const_ap_uint_const_ap_uint_const_ap_uint_const_5|         array|
|void_Fp8_Conv_Engine_ap_uint_const_ap_uint_const_ap_uint_const_ap_uint_const_4_address0            |  out|     8|   ap_memory|            void_Fp8_Conv_Engine_ap_uint_const_ap_uint_const_ap_uint_const_ap_uint_const_4|         array|
|void_Fp8_Conv_Engine_ap_uint_const_ap_uint_const_ap_uint_const_ap_uint_const_4_ce0                 |  out|     1|   ap_memory|            void_Fp8_Conv_Engine_ap_uint_const_ap_uint_const_ap_uint_const_ap_uint_const_4|         array|
|void_Fp8_Conv_Engine_ap_uint_const_ap_uint_const_ap_uint_const_ap_uint_const_4_q0                  |   in|   128|   ap_memory|            void_Fp8_Conv_Engine_ap_uint_const_ap_uint_const_ap_uint_const_ap_uint_const_4|         array|
|void_Fp8_Conv_Engine_ap_uint_const_ap_uint_const_ap_uint_const_ap_uint_const_3_address0            |  out|     8|   ap_memory|            void_Fp8_Conv_Engine_ap_uint_const_ap_uint_const_ap_uint_const_ap_uint_const_3|         array|
|void_Fp8_Conv_Engine_ap_uint_const_ap_uint_const_ap_uint_const_ap_uint_const_3_ce0                 |  out|     1|   ap_memory|            void_Fp8_Conv_Engine_ap_uint_const_ap_uint_const_ap_uint_const_ap_uint_const_3|         array|
|void_Fp8_Conv_Engine_ap_uint_const_ap_uint_const_ap_uint_const_ap_uint_const_3_q0                  |   in|   128|   ap_memory|            void_Fp8_Conv_Engine_ap_uint_const_ap_uint_const_ap_uint_const_ap_uint_const_3|         array|
|void_Fp8_Conv_Engine_ap_uint_const_ap_uint_const_ap_uint_const_ap_uint_const_2_address0            |  out|     8|   ap_memory|            void_Fp8_Conv_Engine_ap_uint_const_ap_uint_const_ap_uint_const_ap_uint_const_2|         array|
|void_Fp8_Conv_Engine_ap_uint_const_ap_uint_const_ap_uint_const_ap_uint_const_2_ce0                 |  out|     1|   ap_memory|            void_Fp8_Conv_Engine_ap_uint_const_ap_uint_const_ap_uint_const_ap_uint_const_2|         array|
|void_Fp8_Conv_Engine_ap_uint_const_ap_uint_const_ap_uint_const_ap_uint_const_2_q0                  |   in|   128|   ap_memory|            void_Fp8_Conv_Engine_ap_uint_const_ap_uint_const_ap_uint_const_ap_uint_const_2|         array|
|void_Fp8_Conv_Engine_ap_uint_const_ap_uint_const_ap_uint_const_ap_uint_const_1_address0            |  out|     8|   ap_memory|            void_Fp8_Conv_Engine_ap_uint_const_ap_uint_const_ap_uint_const_ap_uint_const_1|         array|
|void_Fp8_Conv_Engine_ap_uint_const_ap_uint_const_ap_uint_const_ap_uint_const_1_ce0                 |  out|     1|   ap_memory|            void_Fp8_Conv_Engine_ap_uint_const_ap_uint_const_ap_uint_const_ap_uint_const_1|         array|
|void_Fp8_Conv_Engine_ap_uint_const_ap_uint_const_ap_uint_const_ap_uint_const_1_q0                  |   in|   128|   ap_memory|            void_Fp8_Conv_Engine_ap_uint_const_ap_uint_const_ap_uint_const_ap_uint_const_1|         array|
|void_mulmulmulmulFp8_Conv_Engine_ap_uint_const_ap_uint_const_ap_uint_const_ap_uint_const_address0  |  out|     8|   ap_memory|  void_mulmulmulmulFp8_Conv_Engine_ap_uint_const_ap_uint_const_ap_uint_const_ap_uint_const|         array|
|void_mulmulmulmulFp8_Conv_Engine_ap_uint_const_ap_uint_const_ap_uint_const_ap_uint_const_ce0       |  out|     1|   ap_memory|  void_mulmulmulmulFp8_Conv_Engine_ap_uint_const_ap_uint_const_ap_uint_const_ap_uint_const|         array|
|void_mulmulmulmulFp8_Conv_Engine_ap_uint_const_ap_uint_const_ap_uint_const_ap_uint_const_q0        |   in|   128|   ap_memory|  void_mulmulmulmulFp8_Conv_Engine_ap_uint_const_ap_uint_const_ap_uint_const_ap_uint_const|         array|
|p_ZZ15Fp8_Conv_EngineILi16ELi16EEvPK7ap_uintILi256EES3_S3_S3_S3_PS1_DhE5x_buf_10_address0          |  out|     8|   ap_memory|          p_ZZ15Fp8_Conv_EngineILi16ELi16EEvPK7ap_uintILi256EES3_S3_S3_S3_PS1_DhE5x_buf_10|         array|
|p_ZZ15Fp8_Conv_EngineILi16ELi16EEvPK7ap_uintILi256EES3_S3_S3_S3_PS1_DhE5x_buf_10_ce0               |  out|     1|   ap_memory|          p_ZZ15Fp8_Conv_EngineILi16ELi16EEvPK7ap_uintILi256EES3_S3_S3_S3_PS1_DhE5x_buf_10|         array|
|p_ZZ15Fp8_Conv_EngineILi16ELi16EEvPK7ap_uintILi256EES3_S3_S3_S3_PS1_DhE5x_buf_10_q0                |   in|   128|   ap_memory|          p_ZZ15Fp8_Conv_EngineILi16ELi16EEvPK7ap_uintILi256EES3_S3_S3_S3_PS1_DhE5x_buf_10|         array|
|p_ZZ15Fp8_Conv_EngineILi16ELi16EEvPK7ap_uintILi256EES3_S3_S3_S3_PS1_DhE5x_buf_11_address0          |  out|     8|   ap_memory|          p_ZZ15Fp8_Conv_EngineILi16ELi16EEvPK7ap_uintILi256EES3_S3_S3_S3_PS1_DhE5x_buf_11|         array|
|p_ZZ15Fp8_Conv_EngineILi16ELi16EEvPK7ap_uintILi256EES3_S3_S3_S3_PS1_DhE5x_buf_11_ce0               |  out|     1|   ap_memory|          p_ZZ15Fp8_Conv_EngineILi16ELi16EEvPK7ap_uintILi256EES3_S3_S3_S3_PS1_DhE5x_buf_11|         array|
|p_ZZ15Fp8_Conv_EngineILi16ELi16EEvPK7ap_uintILi256EES3_S3_S3_S3_PS1_DhE5x_buf_11_q0                |   in|   128|   ap_memory|          p_ZZ15Fp8_Conv_EngineILi16ELi16EEvPK7ap_uintILi256EES3_S3_S3_S3_PS1_DhE5x_buf_11|         array|
|p_ZZ15Fp8_Conv_EngineILi16ELi16EEvPK7ap_uintILi256EES3_S3_S3_S3_PS1_DhE5x_buf_12_address0          |  out|     8|   ap_memory|          p_ZZ15Fp8_Conv_EngineILi16ELi16EEvPK7ap_uintILi256EES3_S3_S3_S3_PS1_DhE5x_buf_12|         array|
|p_ZZ15Fp8_Conv_EngineILi16ELi16EEvPK7ap_uintILi256EES3_S3_S3_S3_PS1_DhE5x_buf_12_ce0               |  out|     1|   ap_memory|          p_ZZ15Fp8_Conv_EngineILi16ELi16EEvPK7ap_uintILi256EES3_S3_S3_S3_PS1_DhE5x_buf_12|         array|
|p_ZZ15Fp8_Conv_EngineILi16ELi16EEvPK7ap_uintILi256EES3_S3_S3_S3_PS1_DhE5x_buf_12_q0                |   in|   128|   ap_memory|          p_ZZ15Fp8_Conv_EngineILi16ELi16EEvPK7ap_uintILi256EES3_S3_S3_S3_PS1_DhE5x_buf_12|         array|
|p_ZZ15Fp8_Conv_EngineILi16ELi16EEvPK7ap_uintILi256EES3_S3_S3_S3_PS1_DhE5x_buf_13_address0          |  out|     8|   ap_memory|          p_ZZ15Fp8_Conv_EngineILi16ELi16EEvPK7ap_uintILi256EES3_S3_S3_S3_PS1_DhE5x_buf_13|         array|
|p_ZZ15Fp8_Conv_EngineILi16ELi16EEvPK7ap_uintILi256EES3_S3_S3_S3_PS1_DhE5x_buf_13_ce0               |  out|     1|   ap_memory|          p_ZZ15Fp8_Conv_EngineILi16ELi16EEvPK7ap_uintILi256EES3_S3_S3_S3_PS1_DhE5x_buf_13|         array|
|p_ZZ15Fp8_Conv_EngineILi16ELi16EEvPK7ap_uintILi256EES3_S3_S3_S3_PS1_DhE5x_buf_13_q0                |   in|   128|   ap_memory|          p_ZZ15Fp8_Conv_EngineILi16ELi16EEvPK7ap_uintILi256EES3_S3_S3_S3_PS1_DhE5x_buf_13|         array|
|p_ZZ15Fp8_Conv_EngineILi16ELi16EEvPK7ap_uintILi256EES3_S3_S3_S3_PS1_DhE5x_buf_14_address0          |  out|     8|   ap_memory|          p_ZZ15Fp8_Conv_EngineILi16ELi16EEvPK7ap_uintILi256EES3_S3_S3_S3_PS1_DhE5x_buf_14|         array|
|p_ZZ15Fp8_Conv_EngineILi16ELi16EEvPK7ap_uintILi256EES3_S3_S3_S3_PS1_DhE5x_buf_14_ce0               |  out|     1|   ap_memory|          p_ZZ15Fp8_Conv_EngineILi16ELi16EEvPK7ap_uintILi256EES3_S3_S3_S3_PS1_DhE5x_buf_14|         array|
|p_ZZ15Fp8_Conv_EngineILi16ELi16EEvPK7ap_uintILi256EES3_S3_S3_S3_PS1_DhE5x_buf_14_q0                |   in|   128|   ap_memory|          p_ZZ15Fp8_Conv_EngineILi16ELi16EEvPK7ap_uintILi256EES3_S3_S3_S3_PS1_DhE5x_buf_14|         array|
|p_ZZ15Fp8_Conv_EngineILi16ELi16EEvPK7ap_uintILi256EES3_S3_S3_S3_PS1_DhE5x_buf_15_address0          |  out|     8|   ap_memory|          p_ZZ15Fp8_Conv_EngineILi16ELi16EEvPK7ap_uintILi256EES3_S3_S3_S3_PS1_DhE5x_buf_15|         array|
|p_ZZ15Fp8_Conv_EngineILi16ELi16EEvPK7ap_uintILi256EES3_S3_S3_S3_PS1_DhE5x_buf_15_ce0               |  out|     1|   ap_memory|          p_ZZ15Fp8_Conv_EngineILi16ELi16EEvPK7ap_uintILi256EES3_S3_S3_S3_PS1_DhE5x_buf_15|         array|
|p_ZZ15Fp8_Conv_EngineILi16ELi16EEvPK7ap_uintILi256EES3_S3_S3_S3_PS1_DhE5x_buf_15_q0                |   in|   128|   ap_memory|          p_ZZ15Fp8_Conv_EngineILi16ELi16EEvPK7ap_uintILi256EES3_S3_S3_S3_PS1_DhE5x_buf_15|         array|
+---------------------------------------------------------------------------------------------------+-----+------+------------+------------------------------------------------------------------------------------------+--------------+

