

================================================================
== Vitis HLS Report for 'Conv77_Kernel_Pipeline_Compute_co_Compute_tci'
================================================================
* Date:           Fri May 22 08:50:37 2026

* Version:        2024.2 (Build 5238294 on Nov  8 2024)
* Project:        prj
* Solution:       solution1 (Vitis Kernel Flow Target)
* Product family: zynquplus
* Target device:  xczu7ev-ffvc1156-2-e


================================================================
== Performance Estimates
================================================================
+ Timing: 
    * Summary: 
    +--------+---------+----------+------------+
    |  Clock |  Target | Estimated| Uncertainty|
    +--------+---------+----------+------------+
    |ap_clk  |  3.33 ns|  2.412 ns|     0.90 ns|
    +--------+---------+----------+------------+

+ Latency: 
    * Summary: 
    +---------+---------+----------+----------+-----+-----+------------------------------------------------+
    |  Latency (cycles) |  Latency (absolute) |  Interval |                    Pipeline                    |
    |   min   |   max   |    min   |    max   | min | max |                      Type                      |
    +---------+---------+----------+----------+-----+-----+------------------------------------------------+
    |       35|       35|  0.117 us|  0.117 us|   25|   25|  loop auto-rewind stp (delay=0 clock cycles(s))|
    +---------+---------+----------+----------+-----+-----+------------------------------------------------+

    + Detail: 
        * Instance: 
        N/A

        * Loop: 
        +--------------------------+---------+---------+----------+-----------+-----------+------+----------+
        |                          |  Latency (cycles) | Iteration|  Initiation Interval  | Trip |          |
        |         Loop Name        |   min   |   max   |  Latency |  achieved |   target  | Count| Pipelined|
        +--------------------------+---------+---------+----------+-----------+-----------+------+----------+
        |- Compute_co_Compute_tci  |       33|       33|        11|          1|          1|    24|       yes|
        +--------------------------+---------+---------+----------+-----------+-----------+------+----------+



================================================================
== Utilization Estimates
================================================================
* Summary: 
+-----------------+---------+------+--------+--------+-----+
|       Name      | BRAM_18K|  DSP |   FF   |   LUT  | URAM|
+-----------------+---------+------+--------+--------+-----+
|DSP              |        -|   257|       -|       -|    -|
|Expression       |        -|     -|       0|    8153|    -|
|FIFO             |        -|     -|       -|       -|    -|
|Instance         |        -|   191|       0|    1027|    -|
|Memory           |        -|     -|       -|       -|    -|
|Multiplexer      |        -|     -|       0|     414|    -|
|Register         |        -|     -|   15667|     320|    -|
+-----------------+---------+------+--------+--------+-----+
|Total            |        0|   448|   15667|    9914|    0|
+-----------------+---------+------+--------+--------+-----+
|Available        |      624|  1728|  460800|  230400|   96|
+-----------------+---------+------+--------+--------+-----+
|Utilization (%)  |        0|    25|       3|       4|    0|
+-----------------+---------+------+--------+--------+-----+

+ Detail: 
    * Instance: 
    +----------------------------+----------------------+---------+----+---+----+-----+
    |          Instance          |        Module        | BRAM_18K| DSP| FF| LUT| URAM|
    +----------------------------+----------------------+---------+----+---+----+-----+
    |mul_16s_16s_32_1_1_U3133    |mul_16s_16s_32_1_1    |        0|   1|  0|   5|    0|
    |mul_16s_16s_32_1_1_U3134    |mul_16s_16s_32_1_1    |        0|   1|  0|   5|    0|
    |mul_16s_16s_32_1_1_U3135    |mul_16s_16s_32_1_1    |        0|   1|  0|   5|    0|
    |mul_16s_16s_32_1_1_U3136    |mul_16s_16s_32_1_1    |        0|   1|  0|   5|    0|
    |mul_16s_16s_32_1_1_U3137    |mul_16s_16s_32_1_1    |        0|   1|  0|   5|    0|
    |mul_16s_16s_32_1_1_U3138    |mul_16s_16s_32_1_1    |        0|   1|  0|   5|    0|
    |mul_16s_16s_32_1_1_U3139    |mul_16s_16s_32_1_1    |        0|   1|  0|   5|    0|
    |mul_16s_16s_32_1_1_U3140    |mul_16s_16s_32_1_1    |        0|   1|  0|   5|    0|
    |mul_16s_16s_32_1_1_U3141    |mul_16s_16s_32_1_1    |        0|   1|  0|   5|    0|
    |mul_16s_16s_32_1_1_U3142    |mul_16s_16s_32_1_1    |        0|   1|  0|   5|    0|
    |mul_16s_16s_32_1_1_U3143    |mul_16s_16s_32_1_1    |        0|   1|  0|   5|    0|
    |mul_16s_16s_32_1_1_U3144    |mul_16s_16s_32_1_1    |        0|   1|  0|   5|    0|
    |mul_16s_16s_32_1_1_U3145    |mul_16s_16s_32_1_1    |        0|   1|  0|   5|    0|
    |mul_16s_16s_32_1_1_U3146    |mul_16s_16s_32_1_1    |        0|   1|  0|   5|    0|
    |mul_16s_16s_32_1_1_U3147    |mul_16s_16s_32_1_1    |        0|   1|  0|   5|    0|
    |mul_16s_16s_32_1_1_U3148    |mul_16s_16s_32_1_1    |        0|   1|  0|   5|    0|
    |mul_16s_16s_32_1_1_U3149    |mul_16s_16s_32_1_1    |        0|   1|  0|   5|    0|
    |mul_16s_16s_32_1_1_U3150    |mul_16s_16s_32_1_1    |        0|   1|  0|   5|    0|
    |mul_16s_16s_32_1_1_U3151    |mul_16s_16s_32_1_1    |        0|   1|  0|   5|    0|
    |mul_16s_16s_32_1_1_U3152    |mul_16s_16s_32_1_1    |        0|   1|  0|   5|    0|
    |mul_16s_16s_32_1_1_U3153    |mul_16s_16s_32_1_1    |        0|   1|  0|   5|    0|
    |mul_16s_16s_32_1_1_U3154    |mul_16s_16s_32_1_1    |        0|   1|  0|   5|    0|
    |mul_16s_16s_32_1_1_U3155    |mul_16s_16s_32_1_1    |        0|   1|  0|   5|    0|
    |mul_16s_16s_32_1_1_U3156    |mul_16s_16s_32_1_1    |        0|   1|  0|   5|    0|
    |mul_16s_16s_32_1_1_U3157    |mul_16s_16s_32_1_1    |        0|   1|  0|   5|    0|
    |mul_16s_16s_32_1_1_U3158    |mul_16s_16s_32_1_1    |        0|   1|  0|   5|    0|
    |mul_16s_16s_32_1_1_U3159    |mul_16s_16s_32_1_1    |        0|   1|  0|   5|    0|
    |mul_16s_16s_32_1_1_U3160    |mul_16s_16s_32_1_1    |        0|   1|  0|   5|    0|
    |mul_16s_16s_32_1_1_U3161    |mul_16s_16s_32_1_1    |        0|   1|  0|   5|    0|
    |mul_16s_16s_32_1_1_U3162    |mul_16s_16s_32_1_1    |        0|   1|  0|   5|    0|
    |mul_16s_16s_32_1_1_U3163    |mul_16s_16s_32_1_1    |        0|   1|  0|   5|    0|
    |mul_16s_16s_32_1_1_U3164    |mul_16s_16s_32_1_1    |        0|   1|  0|   5|    0|
    |mul_16s_16s_32_1_1_U3165    |mul_16s_16s_32_1_1    |        0|   1|  0|   5|    0|
    |mul_16s_16s_32_1_1_U3166    |mul_16s_16s_32_1_1    |        0|   1|  0|   5|    0|
    |mul_16s_16s_32_1_1_U3167    |mul_16s_16s_32_1_1    |        0|   1|  0|   5|    0|
    |mul_16s_16s_32_1_1_U3168    |mul_16s_16s_32_1_1    |        0|   1|  0|   5|    0|
    |mul_16s_16s_32_1_1_U3169    |mul_16s_16s_32_1_1    |        0|   1|  0|   5|    0|
    |mul_16s_16s_32_1_1_U3170    |mul_16s_16s_32_1_1    |        0|   1|  0|   5|    0|
    |mul_16s_16s_32_1_1_U3171    |mul_16s_16s_32_1_1    |        0|   1|  0|   5|    0|
    |mul_16s_16s_32_1_1_U3172    |mul_16s_16s_32_1_1    |        0|   1|  0|   5|    0|
    |mul_16s_16s_32_1_1_U3173    |mul_16s_16s_32_1_1    |        0|   1|  0|   5|    0|
    |mul_16s_16s_32_1_1_U3174    |mul_16s_16s_32_1_1    |        0|   1|  0|   5|    0|
    |mul_16s_16s_32_1_1_U3175    |mul_16s_16s_32_1_1    |        0|   1|  0|   5|    0|
    |mul_16s_16s_32_1_1_U3176    |mul_16s_16s_32_1_1    |        0|   1|  0|   5|    0|
    |mul_16s_16s_32_1_1_U3177    |mul_16s_16s_32_1_1    |        0|   1|  0|   5|    0|
    |mul_16s_16s_32_1_1_U3178    |mul_16s_16s_32_1_1    |        0|   1|  0|   5|    0|
    |mul_16s_16s_32_1_1_U3179    |mul_16s_16s_32_1_1    |        0|   1|  0|   5|    0|
    |mul_16s_16s_32_1_1_U3180    |mul_16s_16s_32_1_1    |        0|   1|  0|   5|    0|
    |mul_16s_16s_32_1_1_U3181    |mul_16s_16s_32_1_1    |        0|   1|  0|   5|    0|
    |mul_16s_16s_32_1_1_U3182    |mul_16s_16s_32_1_1    |        0|   1|  0|   5|    0|
    |mul_16s_16s_32_1_1_U3183    |mul_16s_16s_32_1_1    |        0|   1|  0|   5|    0|
    |mul_16s_16s_32_1_1_U3184    |mul_16s_16s_32_1_1    |        0|   1|  0|   5|    0|
    |mul_16s_16s_32_1_1_U3185    |mul_16s_16s_32_1_1    |        0|   1|  0|   5|    0|
    |mul_16s_16s_32_1_1_U3186    |mul_16s_16s_32_1_1    |        0|   1|  0|   5|    0|
    |mul_16s_16s_32_1_1_U3187    |mul_16s_16s_32_1_1    |        0|   1|  0|   5|    0|
    |mul_16s_16s_32_1_1_U3188    |mul_16s_16s_32_1_1    |        0|   1|  0|   5|    0|
    |mul_16s_16s_32_1_1_U3189    |mul_16s_16s_32_1_1    |        0|   1|  0|   5|    0|
    |mul_16s_16s_32_1_1_U3190    |mul_16s_16s_32_1_1    |        0|   1|  0|   5|    0|
    |mul_16s_16s_32_1_1_U3191    |mul_16s_16s_32_1_1    |        0|   1|  0|   5|    0|
    |mul_16s_16s_32_1_1_U3192    |mul_16s_16s_32_1_1    |        0|   1|  0|   5|    0|
    |mul_16s_16s_32_1_1_U3193    |mul_16s_16s_32_1_1    |        0|   1|  0|   5|    0|
    |mul_16s_16s_32_1_1_U3194    |mul_16s_16s_32_1_1    |        0|   1|  0|   5|    0|
    |mul_16s_16s_32_1_1_U3195    |mul_16s_16s_32_1_1    |        0|   1|  0|   5|    0|
    |mul_16s_16s_32_1_1_U3196    |mul_16s_16s_32_1_1    |        0|   1|  0|   5|    0|
    |mul_16s_16s_32_1_1_U3197    |mul_16s_16s_32_1_1    |        0|   1|  0|   5|    0|
    |mul_16s_16s_32_1_1_U3198    |mul_16s_16s_32_1_1    |        0|   1|  0|   5|    0|
    |mul_16s_16s_32_1_1_U3199    |mul_16s_16s_32_1_1    |        0|   1|  0|   5|    0|
    |mul_16s_16s_32_1_1_U3200    |mul_16s_16s_32_1_1    |        0|   1|  0|   5|    0|
    |mul_16s_16s_32_1_1_U3201    |mul_16s_16s_32_1_1    |        0|   1|  0|   5|    0|
    |mul_16s_16s_32_1_1_U3202    |mul_16s_16s_32_1_1    |        0|   1|  0|   5|    0|
    |mul_16s_16s_32_1_1_U3203    |mul_16s_16s_32_1_1    |        0|   1|  0|   5|    0|
    |mul_16s_16s_32_1_1_U3204    |mul_16s_16s_32_1_1    |        0|   1|  0|   5|    0|
    |mul_16s_16s_32_1_1_U3205    |mul_16s_16s_32_1_1    |        0|   1|  0|   5|    0|
    |mul_16s_16s_32_1_1_U3206    |mul_16s_16s_32_1_1    |        0|   1|  0|   5|    0|
    |mul_16s_16s_32_1_1_U3207    |mul_16s_16s_32_1_1    |        0|   1|  0|   5|    0|
    |mul_16s_16s_32_1_1_U3208    |mul_16s_16s_32_1_1    |        0|   1|  0|   5|    0|
    |mul_16s_16s_32_1_1_U3209    |mul_16s_16s_32_1_1    |        0|   1|  0|   5|    0|
    |mul_16s_16s_32_1_1_U3210    |mul_16s_16s_32_1_1    |        0|   1|  0|   5|    0|
    |mul_16s_16s_32_1_1_U3211    |mul_16s_16s_32_1_1    |        0|   1|  0|   5|    0|
    |mul_16s_16s_32_1_1_U3212    |mul_16s_16s_32_1_1    |        0|   1|  0|   5|    0|
    |mul_16s_16s_32_1_1_U3213    |mul_16s_16s_32_1_1    |        0|   1|  0|   5|    0|
    |mul_16s_16s_32_1_1_U3214    |mul_16s_16s_32_1_1    |        0|   1|  0|   5|    0|
    |mul_16s_16s_32_1_1_U3215    |mul_16s_16s_32_1_1    |        0|   1|  0|   5|    0|
    |mul_16s_16s_32_1_1_U3216    |mul_16s_16s_32_1_1    |        0|   1|  0|   5|    0|
    |mul_16s_16s_32_1_1_U3217    |mul_16s_16s_32_1_1    |        0|   1|  0|   5|    0|
    |mul_16s_16s_32_1_1_U3218    |mul_16s_16s_32_1_1    |        0|   1|  0|   5|    0|
    |mul_16s_16s_32_1_1_U3219    |mul_16s_16s_32_1_1    |        0|   1|  0|   5|    0|
    |mul_16s_16s_32_1_1_U3220    |mul_16s_16s_32_1_1    |        0|   1|  0|   5|    0|
    |mul_16s_16s_32_1_1_U3221    |mul_16s_16s_32_1_1    |        0|   1|  0|   5|    0|
    |mul_16s_16s_32_1_1_U3222    |mul_16s_16s_32_1_1    |        0|   1|  0|   5|    0|
    |mul_16s_16s_32_1_1_U3223    |mul_16s_16s_32_1_1    |        0|   1|  0|   5|    0|
    |mul_16s_16s_32_1_1_U3224    |mul_16s_16s_32_1_1    |        0|   1|  0|   5|    0|
    |mul_16s_16s_32_1_1_U3225    |mul_16s_16s_32_1_1    |        0|   1|  0|   5|    0|
    |mul_16s_16s_32_1_1_U3226    |mul_16s_16s_32_1_1    |        0|   1|  0|   5|    0|
    |mul_16s_16s_32_1_1_U3227    |mul_16s_16s_32_1_1    |        0|   1|  0|   5|    0|
    |mul_16s_16s_32_1_1_U3228    |mul_16s_16s_32_1_1    |        0|   1|  0|   5|    0|
    |mul_16s_16s_32_1_1_U3229    |mul_16s_16s_32_1_1    |        0|   1|  0|   5|    0|
    |mul_16s_16s_32_1_1_U3230    |mul_16s_16s_32_1_1    |        0|   1|  0|   5|    0|
    |mul_16s_16s_32_1_1_U3231    |mul_16s_16s_32_1_1    |        0|   1|  0|   5|    0|
    |mul_16s_16s_32_1_1_U3232    |mul_16s_16s_32_1_1    |        0|   1|  0|   5|    0|
    |mul_16s_16s_32_1_1_U3233    |mul_16s_16s_32_1_1    |        0|   1|  0|   5|    0|
    |mul_16s_16s_32_1_1_U3234    |mul_16s_16s_32_1_1    |        0|   1|  0|   5|    0|
    |mul_16s_16s_32_1_1_U3235    |mul_16s_16s_32_1_1    |        0|   1|  0|   5|    0|
    |mul_16s_16s_32_1_1_U3236    |mul_16s_16s_32_1_1    |        0|   1|  0|   5|    0|
    |mul_16s_16s_32_1_1_U3237    |mul_16s_16s_32_1_1    |        0|   1|  0|   5|    0|
    |mul_16s_16s_32_1_1_U3238    |mul_16s_16s_32_1_1    |        0|   1|  0|   5|    0|
    |mul_16s_16s_32_1_1_U3239    |mul_16s_16s_32_1_1    |        0|   1|  0|   5|    0|
    |mul_16s_16s_32_1_1_U3240    |mul_16s_16s_32_1_1    |        0|   1|  0|   5|    0|
    |mul_16s_16s_32_1_1_U3241    |mul_16s_16s_32_1_1    |        0|   1|  0|   5|    0|
    |mul_16s_16s_32_1_1_U3242    |mul_16s_16s_32_1_1    |        0|   1|  0|   5|    0|
    |mul_16s_16s_32_1_1_U3243    |mul_16s_16s_32_1_1    |        0|   1|  0|   5|    0|
    |mul_16s_16s_32_1_1_U3244    |mul_16s_16s_32_1_1    |        0|   1|  0|   5|    0|
    |mul_16s_16s_32_1_1_U3245    |mul_16s_16s_32_1_1    |        0|   1|  0|   5|    0|
    |mul_16s_16s_32_1_1_U3246    |mul_16s_16s_32_1_1    |        0|   1|  0|   5|    0|
    |mul_16s_16s_32_1_1_U3247    |mul_16s_16s_32_1_1    |        0|   1|  0|   5|    0|
    |mul_16s_16s_32_1_1_U3248    |mul_16s_16s_32_1_1    |        0|   1|  0|   5|    0|
    |mul_16s_16s_32_1_1_U3249    |mul_16s_16s_32_1_1    |        0|   1|  0|   5|    0|
    |mul_16s_16s_32_1_1_U3250    |mul_16s_16s_32_1_1    |        0|   1|  0|   5|    0|
    |mul_16s_16s_32_1_1_U3251    |mul_16s_16s_32_1_1    |        0|   1|  0|   5|    0|
    |mul_16s_16s_32_1_1_U3252    |mul_16s_16s_32_1_1    |        0|   1|  0|   5|    0|
    |mul_16s_16s_32_1_1_U3253    |mul_16s_16s_32_1_1    |        0|   1|  0|   5|    0|
    |mul_16s_16s_32_1_1_U3254    |mul_16s_16s_32_1_1    |        0|   1|  0|   5|    0|
    |mul_16s_16s_32_1_1_U3255    |mul_16s_16s_32_1_1    |        0|   1|  0|   5|    0|
    |mul_16s_16s_32_1_1_U3256    |mul_16s_16s_32_1_1    |        0|   1|  0|   5|    0|
    |mul_16s_16s_32_1_1_U3257    |mul_16s_16s_32_1_1    |        0|   1|  0|   5|    0|
    |mul_16s_16s_32_1_1_U3258    |mul_16s_16s_32_1_1    |        0|   1|  0|   5|    0|
    |mul_16s_16s_32_1_1_U3259    |mul_16s_16s_32_1_1    |        0|   1|  0|   5|    0|
    |mul_16s_16s_32_1_1_U3260    |mul_16s_16s_32_1_1    |        0|   1|  0|   5|    0|
    |mul_16s_16s_32_1_1_U3261    |mul_16s_16s_32_1_1    |        0|   1|  0|   5|    0|
    |mul_16s_16s_32_1_1_U3262    |mul_16s_16s_32_1_1    |        0|   1|  0|   5|    0|
    |mul_16s_16s_32_1_1_U3263    |mul_16s_16s_32_1_1    |        0|   1|  0|   5|    0|
    |mul_16s_16s_32_1_1_U3264    |mul_16s_16s_32_1_1    |        0|   1|  0|   5|    0|
    |mul_16s_16s_32_1_1_U3265    |mul_16s_16s_32_1_1    |        0|   1|  0|   5|    0|
    |mul_16s_16s_32_1_1_U3266    |mul_16s_16s_32_1_1    |        0|   1|  0|   5|    0|
    |mul_16s_16s_32_1_1_U3267    |mul_16s_16s_32_1_1    |        0|   1|  0|   5|    0|
    |mul_16s_16s_32_1_1_U3268    |mul_16s_16s_32_1_1    |        0|   1|  0|   5|    0|
    |mul_16s_16s_32_1_1_U3269    |mul_16s_16s_32_1_1    |        0|   1|  0|   5|    0|
    |mul_16s_16s_32_1_1_U3270    |mul_16s_16s_32_1_1    |        0|   1|  0|   5|    0|
    |mul_16s_16s_32_1_1_U3271    |mul_16s_16s_32_1_1    |        0|   1|  0|   5|    0|
    |mul_16s_16s_32_1_1_U3272    |mul_16s_16s_32_1_1    |        0|   1|  0|   5|    0|
    |mul_16s_16s_32_1_1_U3273    |mul_16s_16s_32_1_1    |        0|   1|  0|   5|    0|
    |mul_16s_16s_32_1_1_U3274    |mul_16s_16s_32_1_1    |        0|   1|  0|   5|    0|
    |mul_16s_16s_32_1_1_U3275    |mul_16s_16s_32_1_1    |        0|   1|  0|   5|    0|
    |mul_16s_16s_32_1_1_U3276    |mul_16s_16s_32_1_1    |        0|   1|  0|   5|    0|
    |mul_16s_16s_32_1_1_U3277    |mul_16s_16s_32_1_1    |        0|   1|  0|   5|    0|
    |mul_16s_16s_32_1_1_U3278    |mul_16s_16s_32_1_1    |        0|   1|  0|   5|    0|
    |mul_16s_16s_32_1_1_U3279    |mul_16s_16s_32_1_1    |        0|   1|  0|   5|    0|
    |mul_16s_16s_32_1_1_U3280    |mul_16s_16s_32_1_1    |        0|   1|  0|   5|    0|
    |mul_16s_16s_32_1_1_U3281    |mul_16s_16s_32_1_1    |        0|   1|  0|   5|    0|
    |mul_16s_16s_32_1_1_U3282    |mul_16s_16s_32_1_1    |        0|   1|  0|   5|    0|
    |mul_16s_16s_32_1_1_U3283    |mul_16s_16s_32_1_1    |        0|   1|  0|   5|    0|
    |mul_16s_16s_32_1_1_U3284    |mul_16s_16s_32_1_1    |        0|   1|  0|   5|    0|
    |mul_16s_16s_32_1_1_U3285    |mul_16s_16s_32_1_1    |        0|   1|  0|   5|    0|
    |mul_16s_16s_32_1_1_U3286    |mul_16s_16s_32_1_1    |        0|   1|  0|   5|    0|
    |mul_16s_16s_32_1_1_U3287    |mul_16s_16s_32_1_1    |        0|   1|  0|   5|    0|
    |mul_16s_16s_32_1_1_U3288    |mul_16s_16s_32_1_1    |        0|   1|  0|   5|    0|
    |mul_16s_16s_32_1_1_U3289    |mul_16s_16s_32_1_1    |        0|   1|  0|   5|    0|
    |mul_16s_16s_32_1_1_U3290    |mul_16s_16s_32_1_1    |        0|   1|  0|   5|    0|
    |mul_16s_16s_32_1_1_U3291    |mul_16s_16s_32_1_1    |        0|   1|  0|   5|    0|
    |mul_16s_16s_32_1_1_U3292    |mul_16s_16s_32_1_1    |        0|   1|  0|   5|    0|
    |mul_16s_16s_32_1_1_U3293    |mul_16s_16s_32_1_1    |        0|   1|  0|   5|    0|
    |mul_16s_16s_32_1_1_U3294    |mul_16s_16s_32_1_1    |        0|   1|  0|   5|    0|
    |mul_16s_16s_32_1_1_U3295    |mul_16s_16s_32_1_1    |        0|   1|  0|   5|    0|
    |mul_16s_16s_32_1_1_U3296    |mul_16s_16s_32_1_1    |        0|   1|  0|   5|    0|
    |mul_16s_16s_32_1_1_U3297    |mul_16s_16s_32_1_1    |        0|   1|  0|   5|    0|
    |mul_16s_16s_32_1_1_U3298    |mul_16s_16s_32_1_1    |        0|   1|  0|   5|    0|
    |mul_16s_16s_32_1_1_U3299    |mul_16s_16s_32_1_1    |        0|   1|  0|   5|    0|
    |mul_16s_16s_32_1_1_U3300    |mul_16s_16s_32_1_1    |        0|   1|  0|   5|    0|
    |mul_16s_16s_32_1_1_U3301    |mul_16s_16s_32_1_1    |        0|   1|  0|   5|    0|
    |mul_16s_16s_32_1_1_U3302    |mul_16s_16s_32_1_1    |        0|   1|  0|   5|    0|
    |mul_16s_16s_32_1_1_U3303    |mul_16s_16s_32_1_1    |        0|   1|  0|   5|    0|
    |mul_16s_16s_32_1_1_U3304    |mul_16s_16s_32_1_1    |        0|   1|  0|   5|    0|
    |mul_16s_16s_32_1_1_U3305    |mul_16s_16s_32_1_1    |        0|   1|  0|   5|    0|
    |mul_16s_16s_32_1_1_U3306    |mul_16s_16s_32_1_1    |        0|   1|  0|   5|    0|
    |mul_16s_16s_32_1_1_U3307    |mul_16s_16s_32_1_1    |        0|   1|  0|   5|    0|
    |mul_16s_16s_32_1_1_U3308    |mul_16s_16s_32_1_1    |        0|   1|  0|   5|    0|
    |mul_16s_16s_32_1_1_U3309    |mul_16s_16s_32_1_1    |        0|   1|  0|   5|    0|
    |mul_16s_16s_32_1_1_U3310    |mul_16s_16s_32_1_1    |        0|   1|  0|   5|    0|
    |mul_16s_16s_32_1_1_U3311    |mul_16s_16s_32_1_1    |        0|   1|  0|   5|    0|
    |mul_16s_16s_32_1_1_U3312    |mul_16s_16s_32_1_1    |        0|   1|  0|   5|    0|
    |mul_16s_16s_32_1_1_U3313    |mul_16s_16s_32_1_1    |        0|   1|  0|   5|    0|
    |mul_16s_16s_32_1_1_U3314    |mul_16s_16s_32_1_1    |        0|   1|  0|   5|    0|
    |mul_16s_16s_32_1_1_U3315    |mul_16s_16s_32_1_1    |        0|   1|  0|   5|    0|
    |mul_16s_16s_32_1_1_U3316    |mul_16s_16s_32_1_1    |        0|   1|  0|   5|    0|
    |mul_16s_16s_32_1_1_U3317    |mul_16s_16s_32_1_1    |        0|   1|  0|   5|    0|
    |mul_16s_16s_32_1_1_U3318    |mul_16s_16s_32_1_1    |        0|   1|  0|   5|    0|
    |mul_16s_16s_32_1_1_U3319    |mul_16s_16s_32_1_1    |        0|   1|  0|   5|    0|
    |mul_16s_16s_32_1_1_U3320    |mul_16s_16s_32_1_1    |        0|   1|  0|   5|    0|
    |mul_16s_16s_32_1_1_U3321    |mul_16s_16s_32_1_1    |        0|   1|  0|   5|    0|
    |mul_16s_16s_32_1_1_U3322    |mul_16s_16s_32_1_1    |        0|   1|  0|   5|    0|
    |mul_16s_16s_32_1_1_U3323    |mul_16s_16s_32_1_1    |        0|   1|  0|   5|    0|
    |sparsemux_7_2_32_1_1_U3125  |sparsemux_7_2_32_1_1  |        0|   0|  0|   9|    0|
    |sparsemux_7_2_32_1_1_U3126  |sparsemux_7_2_32_1_1  |        0|   0|  0|   9|    0|
    |sparsemux_7_2_32_1_1_U3127  |sparsemux_7_2_32_1_1  |        0|   0|  0|   9|    0|
    |sparsemux_7_2_32_1_1_U3128  |sparsemux_7_2_32_1_1  |        0|   0|  0|   9|    0|
    |sparsemux_7_2_32_1_1_U3129  |sparsemux_7_2_32_1_1  |        0|   0|  0|   9|    0|
    |sparsemux_7_2_32_1_1_U3130  |sparsemux_7_2_32_1_1  |        0|   0|  0|   9|    0|
    |sparsemux_7_2_32_1_1_U3131  |sparsemux_7_2_32_1_1  |        0|   0|  0|   9|    0|
    |sparsemux_7_2_32_1_1_U3132  |sparsemux_7_2_32_1_1  |        0|   0|  0|   9|    0|
    +----------------------------+----------------------+---------+----+---+----+-----+
    |Total                       |                      |        0| 191|  0|1027|    0|
    +----------------------------+----------------------+---------+----+---+----+-----+

    * DSP: 
    +--------------------------------------+--------------------------------+--------------+
    |               Instance               |             Module             |  Expression  |
    +--------------------------------------+--------------------------------+--------------+
    |mac_muladd_16s_16s_32ns_32_4_1_U3325  |mac_muladd_16s_16s_32ns_32_4_1  |  i0 * i1 + i2|
    |mac_muladd_16s_16s_32ns_32_4_1_U3327  |mac_muladd_16s_16s_32ns_32_4_1  |  i0 * i1 + i2|
    |mac_muladd_16s_16s_32ns_32_4_1_U3338  |mac_muladd_16s_16s_32ns_32_4_1  |  i0 + i1 * i2|
    |mac_muladd_16s_16s_32ns_32_4_1_U3432  |mac_muladd_16s_16s_32ns_32_4_1  |  i0 + i1 * i2|
    |mac_muladd_16s_16s_32ns_32_4_1_U3434  |mac_muladd_16s_16s_32ns_32_4_1  |  i0 + i1 * i2|
    |mac_muladd_16s_16s_32ns_32_4_1_U3435  |mac_muladd_16s_16s_32ns_32_4_1  |  i0 + i1 * i2|
    |mac_muladd_16s_16s_32ns_32_4_1_U3436  |mac_muladd_16s_16s_32ns_32_4_1  |  i0 + i1 * i2|
    |mac_muladd_16s_16s_32ns_32_4_1_U3441  |mac_muladd_16s_16s_32ns_32_4_1  |  i0 + i1 * i2|
    |mac_muladd_16s_16s_32ns_32_4_1_U3442  |mac_muladd_16s_16s_32ns_32_4_1  |  i0 + i1 * i2|
    |mac_muladd_16s_16s_32ns_32_4_1_U3446  |mac_muladd_16s_16s_32ns_32_4_1  |  i0 + i1 * i2|
    |mac_muladd_16s_16s_32ns_32_4_1_U3449  |mac_muladd_16s_16s_32ns_32_4_1  |  i0 + i1 * i2|
    |mac_muladd_16s_16s_32ns_32_4_1_U3451  |mac_muladd_16s_16s_32ns_32_4_1  |  i0 + i1 * i2|
    |mac_muladd_16s_16s_32ns_32_4_1_U3452  |mac_muladd_16s_16s_32ns_32_4_1  |  i0 + i1 * i2|
    |mac_muladd_16s_16s_32ns_32_4_1_U3453  |mac_muladd_16s_16s_32ns_32_4_1  |  i0 + i1 * i2|
    |mac_muladd_16s_16s_32ns_32_4_1_U3454  |mac_muladd_16s_16s_32ns_32_4_1  |  i0 + i1 * i2|
    |mac_muladd_16s_16s_32ns_32_4_1_U3458  |mac_muladd_16s_16s_32ns_32_4_1  |  i0 + i1 * i2|
    |mac_muladd_16s_16s_32ns_32_4_1_U3459  |mac_muladd_16s_16s_32ns_32_4_1  |  i0 + i1 * i2|
    |mac_muladd_16s_16s_32ns_32_4_1_U3465  |mac_muladd_16s_16s_32ns_32_4_1  |  i0 + i1 * i2|
    |mac_muladd_16s_16s_32ns_32_4_1_U3469  |mac_muladd_16s_16s_32ns_32_4_1  |  i0 + i1 * i2|
    |mac_muladd_16s_16s_32ns_32_4_1_U3471  |mac_muladd_16s_16s_32ns_32_4_1  |  i0 + i1 * i2|
    |mac_muladd_16s_16s_32ns_32_4_1_U3472  |mac_muladd_16s_16s_32ns_32_4_1  |  i0 + i1 * i2|
    |mac_muladd_16s_16s_32ns_32_4_1_U3473  |mac_muladd_16s_16s_32ns_32_4_1  |  i0 + i1 * i2|
    |mac_muladd_16s_16s_32ns_32_4_1_U3474  |mac_muladd_16s_16s_32ns_32_4_1  |  i0 + i1 * i2|
    |mac_muladd_16s_16s_32ns_32_4_1_U3478  |mac_muladd_16s_16s_32ns_32_4_1  |  i0 + i1 * i2|
    |mac_muladd_16s_16s_32ns_32_4_1_U3479  |mac_muladd_16s_16s_32ns_32_4_1  |  i0 + i1 * i2|
    |mac_muladd_16s_16s_32ns_32_4_1_U3485  |mac_muladd_16s_16s_32ns_32_4_1  |  i0 + i1 * i2|
    |mac_muladd_16s_16s_32ns_32_4_1_U3488  |mac_muladd_16s_16s_32ns_32_4_1  |  i0 + i1 * i2|
    |mac_muladd_16s_16s_32ns_32_4_1_U3490  |mac_muladd_16s_16s_32ns_32_4_1  |  i0 + i1 * i2|
    |mac_muladd_16s_16s_32ns_32_4_1_U3491  |mac_muladd_16s_16s_32ns_32_4_1  |  i0 + i1 * i2|
    |mac_muladd_16s_16s_32ns_32_4_1_U3492  |mac_muladd_16s_16s_32ns_32_4_1  |  i0 + i1 * i2|
    |mac_muladd_16s_16s_32ns_32_4_1_U3493  |mac_muladd_16s_16s_32ns_32_4_1  |  i0 + i1 * i2|
    |mac_muladd_16s_16s_32ns_32_4_1_U3497  |mac_muladd_16s_16s_32ns_32_4_1  |  i0 + i1 * i2|
    |mac_muladd_16s_16s_32ns_32_4_1_U3498  |mac_muladd_16s_16s_32ns_32_4_1  |  i0 + i1 * i2|
    |mac_muladd_16s_16s_32ns_32_4_1_U3503  |mac_muladd_16s_16s_32ns_32_4_1  |  i0 + i1 * i2|
    |mac_muladd_16s_16s_32ns_32_4_1_U3507  |mac_muladd_16s_16s_32ns_32_4_1  |  i0 + i1 * i2|
    |mac_muladd_16s_16s_32ns_32_4_1_U3509  |mac_muladd_16s_16s_32ns_32_4_1  |  i0 + i1 * i2|
    |mac_muladd_16s_16s_32ns_32_4_1_U3510  |mac_muladd_16s_16s_32ns_32_4_1  |  i0 + i1 * i2|
    |mac_muladd_16s_16s_32ns_32_4_1_U3511  |mac_muladd_16s_16s_32ns_32_4_1  |  i0 + i1 * i2|
    |mac_muladd_16s_16s_32ns_32_4_1_U3512  |mac_muladd_16s_16s_32ns_32_4_1  |  i0 + i1 * i2|
    |mac_muladd_16s_16s_32ns_32_4_1_U3516  |mac_muladd_16s_16s_32ns_32_4_1  |  i0 + i1 * i2|
    |mac_muladd_16s_16s_32ns_32_4_1_U3517  |mac_muladd_16s_16s_32ns_32_4_1  |  i0 + i1 * i2|
    |mac_muladd_16s_16s_32ns_32_4_1_U3522  |mac_muladd_16s_16s_32ns_32_4_1  |  i0 + i1 * i2|
    |mac_muladd_16s_16s_32ns_32_4_1_U3526  |mac_muladd_16s_16s_32ns_32_4_1  |  i0 + i1 * i2|
    |mac_muladd_16s_16s_32ns_32_4_1_U3528  |mac_muladd_16s_16s_32ns_32_4_1  |  i0 + i1 * i2|
    |mac_muladd_16s_16s_32ns_32_4_1_U3529  |mac_muladd_16s_16s_32ns_32_4_1  |  i0 + i1 * i2|
    |mac_muladd_16s_16s_32ns_32_4_1_U3530  |mac_muladd_16s_16s_32ns_32_4_1  |  i0 + i1 * i2|
    |mac_muladd_16s_16s_32ns_32_4_1_U3531  |mac_muladd_16s_16s_32ns_32_4_1  |  i0 + i1 * i2|
    |mac_muladd_16s_16s_32ns_32_4_1_U3535  |mac_muladd_16s_16s_32ns_32_4_1  |  i0 + i1 * i2|
    |mac_muladd_16s_16s_32ns_32_4_1_U3536  |mac_muladd_16s_16s_32ns_32_4_1  |  i0 + i1 * i2|
    |mac_muladd_16s_16s_32ns_32_4_1_U3541  |mac_muladd_16s_16s_32ns_32_4_1  |  i0 + i1 * i2|
    |mac_muladd_16s_16s_32ns_32_4_1_U3545  |mac_muladd_16s_16s_32ns_32_4_1  |  i0 + i1 * i2|
    |mac_muladd_16s_16s_32ns_32_4_1_U3547  |mac_muladd_16s_16s_32ns_32_4_1  |  i0 + i1 * i2|
    |mac_muladd_16s_16s_32ns_32_4_1_U3548  |mac_muladd_16s_16s_32ns_32_4_1  |  i0 + i1 * i2|
    |mac_muladd_16s_16s_32ns_32_4_1_U3549  |mac_muladd_16s_16s_32ns_32_4_1  |  i0 + i1 * i2|
    |mac_muladd_16s_16s_32ns_32_4_1_U3550  |mac_muladd_16s_16s_32ns_32_4_1  |  i0 + i1 * i2|
    |mac_muladd_16s_16s_32ns_32_4_1_U3554  |mac_muladd_16s_16s_32ns_32_4_1  |  i0 + i1 * i2|
    |mac_muladd_16s_16s_32ns_32_4_1_U3555  |mac_muladd_16s_16s_32ns_32_4_1  |  i0 + i1 * i2|
    |mac_muladd_16s_16s_32ns_32_4_1_U3560  |mac_muladd_16s_16s_32ns_32_4_1  |  i0 + i1 * i2|
    |mac_muladd_16s_16s_32ns_32_4_1_U3563  |mac_muladd_16s_16s_32ns_32_4_1  |  i0 + i1 * i2|
    |mac_muladd_16s_16s_32ns_32_4_1_U3565  |mac_muladd_16s_16s_32ns_32_4_1  |  i0 + i1 * i2|
    |mac_muladd_16s_16s_32ns_32_4_1_U3566  |mac_muladd_16s_16s_32ns_32_4_1  |  i0 + i1 * i2|
    |mac_muladd_16s_16s_32ns_32_4_1_U3567  |mac_muladd_16s_16s_32ns_32_4_1  |  i0 + i1 * i2|
    |mac_muladd_16s_16s_32ns_32_4_1_U3568  |mac_muladd_16s_16s_32ns_32_4_1  |  i0 + i1 * i2|
    |mac_muladd_16s_16s_32ns_32_4_1_U3572  |mac_muladd_16s_16s_32ns_32_4_1  |  i0 + i1 * i2|
    |mac_muladd_16s_16s_32ns_32_4_1_U3573  |mac_muladd_16s_16s_32ns_32_4_1  |  i0 + i1 * i2|
    |mac_muladd_16s_16s_32ns_32_4_1_U3578  |mac_muladd_16s_16s_32ns_32_4_1  |  i0 + i1 * i2|
    |mac_muladd_16s_16s_32s_32_4_1_U3324   |mac_muladd_16s_16s_32s_32_4_1   |  i0 + i1 * i2|
    |mac_muladd_16s_16s_32s_32_4_1_U3326   |mac_muladd_16s_16s_32s_32_4_1   |  i0 + i1 * i2|
    |mac_muladd_16s_16s_32s_32_4_1_U3328   |mac_muladd_16s_16s_32s_32_4_1   |  i0 + i1 * i2|
    |mac_muladd_16s_16s_32s_32_4_1_U3329   |mac_muladd_16s_16s_32s_32_4_1   |  i0 + i1 * i2|
    |mac_muladd_16s_16s_32s_32_4_1_U3330   |mac_muladd_16s_16s_32s_32_4_1   |  i0 + i1 * i2|
    |mac_muladd_16s_16s_32s_32_4_1_U3331   |mac_muladd_16s_16s_32s_32_4_1   |  i0 + i1 * i2|
    |mac_muladd_16s_16s_32s_32_4_1_U3332   |mac_muladd_16s_16s_32s_32_4_1   |  i0 + i1 * i2|
    |mac_muladd_16s_16s_32s_32_4_1_U3333   |mac_muladd_16s_16s_32s_32_4_1   |  i0 + i1 * i2|
    |mac_muladd_16s_16s_32s_32_4_1_U3334   |mac_muladd_16s_16s_32s_32_4_1   |  i0 + i1 * i2|
    |mac_muladd_16s_16s_32s_32_4_1_U3335   |mac_muladd_16s_16s_32s_32_4_1   |  i0 + i1 * i2|
    |mac_muladd_16s_16s_32s_32_4_1_U3336   |mac_muladd_16s_16s_32s_32_4_1   |  i0 + i1 * i2|
    |mac_muladd_16s_16s_32s_32_4_1_U3337   |mac_muladd_16s_16s_32s_32_4_1   |  i0 + i1 * i2|
    |mac_muladd_16s_16s_32s_32_4_1_U3339   |mac_muladd_16s_16s_32s_32_4_1   |  i0 + i1 * i2|
    |mac_muladd_16s_16s_32s_32_4_1_U3340   |mac_muladd_16s_16s_32s_32_4_1   |  i0 + i1 * i2|
    |mac_muladd_16s_16s_32s_32_4_1_U3341   |mac_muladd_16s_16s_32s_32_4_1   |  i0 + i1 * i2|
    |mac_muladd_16s_16s_32s_32_4_1_U3342   |mac_muladd_16s_16s_32s_32_4_1   |  i0 + i1 * i2|
    |mac_muladd_16s_16s_32s_32_4_1_U3343   |mac_muladd_16s_16s_32s_32_4_1   |  i0 + i1 * i2|
    |mac_muladd_16s_16s_32s_32_4_1_U3344   |mac_muladd_16s_16s_32s_32_4_1   |  i0 + i1 * i2|
    |mac_muladd_16s_16s_32s_32_4_1_U3345   |mac_muladd_16s_16s_32s_32_4_1   |  i0 + i1 * i2|
    |mac_muladd_16s_16s_32s_32_4_1_U3346   |mac_muladd_16s_16s_32s_32_4_1   |  i0 + i1 * i2|
    |mac_muladd_16s_16s_32s_32_4_1_U3347   |mac_muladd_16s_16s_32s_32_4_1   |  i0 + i1 * i2|
    |mac_muladd_16s_16s_32s_32_4_1_U3348   |mac_muladd_16s_16s_32s_32_4_1   |  i0 + i1 * i2|
    |mac_muladd_16s_16s_32s_32_4_1_U3349   |mac_muladd_16s_16s_32s_32_4_1   |  i0 + i1 * i2|
    |mac_muladd_16s_16s_32s_32_4_1_U3350   |mac_muladd_16s_16s_32s_32_4_1   |  i0 + i1 * i2|
    |mac_muladd_16s_16s_32s_32_4_1_U3351   |mac_muladd_16s_16s_32s_32_4_1   |  i0 + i1 * i2|
    |mac_muladd_16s_16s_32s_32_4_1_U3352   |mac_muladd_16s_16s_32s_32_4_1   |  i0 + i1 * i2|
    |mac_muladd_16s_16s_32s_32_4_1_U3353   |mac_muladd_16s_16s_32s_32_4_1   |  i0 + i1 * i2|
    |mac_muladd_16s_16s_32s_32_4_1_U3354   |mac_muladd_16s_16s_32s_32_4_1   |  i0 + i1 * i2|
    |mac_muladd_16s_16s_32s_32_4_1_U3355   |mac_muladd_16s_16s_32s_32_4_1   |  i0 + i1 * i2|
    |mac_muladd_16s_16s_32s_32_4_1_U3356   |mac_muladd_16s_16s_32s_32_4_1   |  i0 + i1 * i2|
    |mac_muladd_16s_16s_32s_32_4_1_U3357   |mac_muladd_16s_16s_32s_32_4_1   |  i0 + i1 * i2|
    |mac_muladd_16s_16s_32s_32_4_1_U3358   |mac_muladd_16s_16s_32s_32_4_1   |  i0 + i1 * i2|
    |mac_muladd_16s_16s_32s_32_4_1_U3359   |mac_muladd_16s_16s_32s_32_4_1   |  i0 + i1 * i2|
    |mac_muladd_16s_16s_32s_32_4_1_U3360   |mac_muladd_16s_16s_32s_32_4_1   |  i0 + i1 * i2|
    |mac_muladd_16s_16s_32s_32_4_1_U3361   |mac_muladd_16s_16s_32s_32_4_1   |  i0 + i1 * i2|
    |mac_muladd_16s_16s_32s_32_4_1_U3362   |mac_muladd_16s_16s_32s_32_4_1   |  i0 + i1 * i2|
    |mac_muladd_16s_16s_32s_32_4_1_U3363   |mac_muladd_16s_16s_32s_32_4_1   |  i0 + i1 * i2|
    |mac_muladd_16s_16s_32s_32_4_1_U3364   |mac_muladd_16s_16s_32s_32_4_1   |  i0 + i1 * i2|
    |mac_muladd_16s_16s_32s_32_4_1_U3365   |mac_muladd_16s_16s_32s_32_4_1   |  i0 + i1 * i2|
    |mac_muladd_16s_16s_32s_32_4_1_U3366   |mac_muladd_16s_16s_32s_32_4_1   |  i0 + i1 * i2|
    |mac_muladd_16s_16s_32s_32_4_1_U3367   |mac_muladd_16s_16s_32s_32_4_1   |  i0 + i1 * i2|
    |mac_muladd_16s_16s_32s_32_4_1_U3368   |mac_muladd_16s_16s_32s_32_4_1   |  i0 + i1 * i2|
    |mac_muladd_16s_16s_32s_32_4_1_U3369   |mac_muladd_16s_16s_32s_32_4_1   |  i0 + i1 * i2|
    |mac_muladd_16s_16s_32s_32_4_1_U3370   |mac_muladd_16s_16s_32s_32_4_1   |  i0 + i1 * i2|
    |mac_muladd_16s_16s_32s_32_4_1_U3371   |mac_muladd_16s_16s_32s_32_4_1   |  i0 + i1 * i2|
    |mac_muladd_16s_16s_32s_32_4_1_U3372   |mac_muladd_16s_16s_32s_32_4_1   |  i0 + i1 * i2|
    |mac_muladd_16s_16s_32s_32_4_1_U3373   |mac_muladd_16s_16s_32s_32_4_1   |  i0 + i1 * i2|
    |mac_muladd_16s_16s_32s_32_4_1_U3374   |mac_muladd_16s_16s_32s_32_4_1   |  i0 + i1 * i2|
    |mac_muladd_16s_16s_32s_32_4_1_U3375   |mac_muladd_16s_16s_32s_32_4_1   |  i0 + i1 * i2|
    |mac_muladd_16s_16s_32s_32_4_1_U3376   |mac_muladd_16s_16s_32s_32_4_1   |  i0 + i1 * i2|
    |mac_muladd_16s_16s_32s_32_4_1_U3377   |mac_muladd_16s_16s_32s_32_4_1   |  i0 + i1 * i2|
    |mac_muladd_16s_16s_32s_32_4_1_U3378   |mac_muladd_16s_16s_32s_32_4_1   |  i0 + i1 * i2|
    |mac_muladd_16s_16s_32s_32_4_1_U3379   |mac_muladd_16s_16s_32s_32_4_1   |  i0 + i1 * i2|
    |mac_muladd_16s_16s_32s_32_4_1_U3380   |mac_muladd_16s_16s_32s_32_4_1   |  i0 + i1 * i2|
    |mac_muladd_16s_16s_32s_32_4_1_U3381   |mac_muladd_16s_16s_32s_32_4_1   |  i0 + i1 * i2|
    |mac_muladd_16s_16s_32s_32_4_1_U3382   |mac_muladd_16s_16s_32s_32_4_1   |  i0 + i1 * i2|
    |mac_muladd_16s_16s_32s_32_4_1_U3383   |mac_muladd_16s_16s_32s_32_4_1   |  i0 + i1 * i2|
    |mac_muladd_16s_16s_32s_32_4_1_U3384   |mac_muladd_16s_16s_32s_32_4_1   |  i0 + i1 * i2|
    |mac_muladd_16s_16s_32s_32_4_1_U3385   |mac_muladd_16s_16s_32s_32_4_1   |  i0 + i1 * i2|
    |mac_muladd_16s_16s_32s_32_4_1_U3386   |mac_muladd_16s_16s_32s_32_4_1   |  i0 + i1 * i2|
    |mac_muladd_16s_16s_32s_32_4_1_U3387   |mac_muladd_16s_16s_32s_32_4_1   |  i0 + i1 * i2|
    |mac_muladd_16s_16s_32s_32_4_1_U3388   |mac_muladd_16s_16s_32s_32_4_1   |  i0 + i1 * i2|
    |mac_muladd_16s_16s_32s_32_4_1_U3389   |mac_muladd_16s_16s_32s_32_4_1   |  i0 + i1 * i2|
    |mac_muladd_16s_16s_32s_32_4_1_U3390   |mac_muladd_16s_16s_32s_32_4_1   |  i0 + i1 * i2|
    |mac_muladd_16s_16s_32s_32_4_1_U3391   |mac_muladd_16s_16s_32s_32_4_1   |  i0 + i1 * i2|
    |mac_muladd_16s_16s_32s_32_4_1_U3392   |mac_muladd_16s_16s_32s_32_4_1   |  i0 + i1 * i2|
    |mac_muladd_16s_16s_32s_32_4_1_U3393   |mac_muladd_16s_16s_32s_32_4_1   |  i0 + i1 * i2|
    |mac_muladd_16s_16s_32s_32_4_1_U3394   |mac_muladd_16s_16s_32s_32_4_1   |  i0 + i1 * i2|
    |mac_muladd_16s_16s_32s_32_4_1_U3395   |mac_muladd_16s_16s_32s_32_4_1   |  i0 + i1 * i2|
    |mac_muladd_16s_16s_32s_32_4_1_U3396   |mac_muladd_16s_16s_32s_32_4_1   |  i0 + i1 * i2|
    |mac_muladd_16s_16s_32s_32_4_1_U3397   |mac_muladd_16s_16s_32s_32_4_1   |  i0 + i1 * i2|
    |mac_muladd_16s_16s_32s_32_4_1_U3398   |mac_muladd_16s_16s_32s_32_4_1   |  i0 + i1 * i2|
    |mac_muladd_16s_16s_32s_32_4_1_U3399   |mac_muladd_16s_16s_32s_32_4_1   |  i0 + i1 * i2|
    |mac_muladd_16s_16s_32s_32_4_1_U3400   |mac_muladd_16s_16s_32s_32_4_1   |  i0 + i1 * i2|
    |mac_muladd_16s_16s_32s_32_4_1_U3401   |mac_muladd_16s_16s_32s_32_4_1   |  i0 + i1 * i2|
    |mac_muladd_16s_16s_32s_32_4_1_U3402   |mac_muladd_16s_16s_32s_32_4_1   |  i0 + i1 * i2|
    |mac_muladd_16s_16s_32s_32_4_1_U3403   |mac_muladd_16s_16s_32s_32_4_1   |  i0 + i1 * i2|
    |mac_muladd_16s_16s_32s_32_4_1_U3404   |mac_muladd_16s_16s_32s_32_4_1   |  i0 + i1 * i2|
    |mac_muladd_16s_16s_32s_32_4_1_U3405   |mac_muladd_16s_16s_32s_32_4_1   |  i0 + i1 * i2|
    |mac_muladd_16s_16s_32s_32_4_1_U3406   |mac_muladd_16s_16s_32s_32_4_1   |  i0 + i1 * i2|
    |mac_muladd_16s_16s_32s_32_4_1_U3407   |mac_muladd_16s_16s_32s_32_4_1   |  i0 + i1 * i2|
    |mac_muladd_16s_16s_32s_32_4_1_U3408   |mac_muladd_16s_16s_32s_32_4_1   |  i0 + i1 * i2|
    |mac_muladd_16s_16s_32s_32_4_1_U3409   |mac_muladd_16s_16s_32s_32_4_1   |  i0 + i1 * i2|
    |mac_muladd_16s_16s_32s_32_4_1_U3410   |mac_muladd_16s_16s_32s_32_4_1   |  i0 + i1 * i2|
    |mac_muladd_16s_16s_32s_32_4_1_U3411   |mac_muladd_16s_16s_32s_32_4_1   |  i0 + i1 * i2|
    |mac_muladd_16s_16s_32s_32_4_1_U3412   |mac_muladd_16s_16s_32s_32_4_1   |  i0 + i1 * i2|
    |mac_muladd_16s_16s_32s_32_4_1_U3413   |mac_muladd_16s_16s_32s_32_4_1   |  i0 + i1 * i2|
    |mac_muladd_16s_16s_32s_32_4_1_U3414   |mac_muladd_16s_16s_32s_32_4_1   |  i0 + i1 * i2|
    |mac_muladd_16s_16s_32s_32_4_1_U3415   |mac_muladd_16s_16s_32s_32_4_1   |  i0 + i1 * i2|
    |mac_muladd_16s_16s_32s_32_4_1_U3416   |mac_muladd_16s_16s_32s_32_4_1   |  i0 + i1 * i2|
    |mac_muladd_16s_16s_32s_32_4_1_U3417   |mac_muladd_16s_16s_32s_32_4_1   |  i0 + i1 * i2|
    |mac_muladd_16s_16s_32s_32_4_1_U3418   |mac_muladd_16s_16s_32s_32_4_1   |  i0 + i1 * i2|
    |mac_muladd_16s_16s_32s_32_4_1_U3419   |mac_muladd_16s_16s_32s_32_4_1   |  i0 + i1 * i2|
    |mac_muladd_16s_16s_32s_32_4_1_U3420   |mac_muladd_16s_16s_32s_32_4_1   |  i0 + i1 * i2|
    |mac_muladd_16s_16s_32s_32_4_1_U3421   |mac_muladd_16s_16s_32s_32_4_1   |  i0 + i1 * i2|
    |mac_muladd_16s_16s_32s_32_4_1_U3422   |mac_muladd_16s_16s_32s_32_4_1   |  i0 + i1 * i2|
    |mac_muladd_16s_16s_32s_32_4_1_U3423   |mac_muladd_16s_16s_32s_32_4_1   |  i0 + i1 * i2|
    |mac_muladd_16s_16s_32s_32_4_1_U3424   |mac_muladd_16s_16s_32s_32_4_1   |  i0 + i1 * i2|
    |mac_muladd_16s_16s_32s_32_4_1_U3425   |mac_muladd_16s_16s_32s_32_4_1   |  i0 + i1 * i2|
    |mac_muladd_16s_16s_32s_32_4_1_U3426   |mac_muladd_16s_16s_32s_32_4_1   |  i0 + i1 * i2|
    |mac_muladd_16s_16s_32s_32_4_1_U3427   |mac_muladd_16s_16s_32s_32_4_1   |  i0 + i1 * i2|
    |mac_muladd_16s_16s_32s_32_4_1_U3428   |mac_muladd_16s_16s_32s_32_4_1   |  i0 + i1 * i2|
    |mac_muladd_16s_16s_32s_32_4_1_U3429   |mac_muladd_16s_16s_32s_32_4_1   |  i0 + i1 * i2|
    |mac_muladd_16s_16s_32s_32_4_1_U3430   |mac_muladd_16s_16s_32s_32_4_1   |  i0 + i1 * i2|
    |mac_muladd_16s_16s_32s_32_4_1_U3431   |mac_muladd_16s_16s_32s_32_4_1   |  i0 + i1 * i2|
    |mac_muladd_16s_16s_32s_32_4_1_U3433   |mac_muladd_16s_16s_32s_32_4_1   |  i0 + i1 * i2|
    |mac_muladd_16s_16s_32s_32_4_1_U3437   |mac_muladd_16s_16s_32s_32_4_1   |  i0 + i1 * i2|
    |mac_muladd_16s_16s_32s_32_4_1_U3438   |mac_muladd_16s_16s_32s_32_4_1   |  i0 + i1 * i2|
    |mac_muladd_16s_16s_32s_32_4_1_U3439   |mac_muladd_16s_16s_32s_32_4_1   |  i0 + i1 * i2|
    |mac_muladd_16s_16s_32s_32_4_1_U3440   |mac_muladd_16s_16s_32s_32_4_1   |  i0 + i1 * i2|
    |mac_muladd_16s_16s_32s_32_4_1_U3443   |mac_muladd_16s_16s_32s_32_4_1   |  i0 + i1 * i2|
    |mac_muladd_16s_16s_32s_32_4_1_U3444   |mac_muladd_16s_16s_32s_32_4_1   |  i0 + i1 * i2|
    |mac_muladd_16s_16s_32s_32_4_1_U3445   |mac_muladd_16s_16s_32s_32_4_1   |  i0 + i1 * i2|
    |mac_muladd_16s_16s_32s_32_4_1_U3447   |mac_muladd_16s_16s_32s_32_4_1   |  i0 + i1 * i2|
    |mac_muladd_16s_16s_32s_32_4_1_U3448   |mac_muladd_16s_16s_32s_32_4_1   |  i0 + i1 * i2|
    |mac_muladd_16s_16s_32s_32_4_1_U3450   |mac_muladd_16s_16s_32s_32_4_1   |  i0 + i1 * i2|
    |mac_muladd_16s_16s_32s_32_4_1_U3455   |mac_muladd_16s_16s_32s_32_4_1   |  i0 + i1 * i2|
    |mac_muladd_16s_16s_32s_32_4_1_U3456   |mac_muladd_16s_16s_32s_32_4_1   |  i0 + i1 * i2|
    |mac_muladd_16s_16s_32s_32_4_1_U3457   |mac_muladd_16s_16s_32s_32_4_1   |  i0 + i1 * i2|
    |mac_muladd_16s_16s_32s_32_4_1_U3460   |mac_muladd_16s_16s_32s_32_4_1   |  i0 + i1 * i2|
    |mac_muladd_16s_16s_32s_32_4_1_U3461   |mac_muladd_16s_16s_32s_32_4_1   |  i0 + i1 * i2|
    |mac_muladd_16s_16s_32s_32_4_1_U3462   |mac_muladd_16s_16s_32s_32_4_1   |  i0 + i1 * i2|
    |mac_muladd_16s_16s_32s_32_4_1_U3463   |mac_muladd_16s_16s_32s_32_4_1   |  i0 + i1 * i2|
    |mac_muladd_16s_16s_32s_32_4_1_U3464   |mac_muladd_16s_16s_32s_32_4_1   |  i0 + i1 * i2|
    |mac_muladd_16s_16s_32s_32_4_1_U3466   |mac_muladd_16s_16s_32s_32_4_1   |  i0 + i1 * i2|
    |mac_muladd_16s_16s_32s_32_4_1_U3467   |mac_muladd_16s_16s_32s_32_4_1   |  i0 + i1 * i2|
    |mac_muladd_16s_16s_32s_32_4_1_U3468   |mac_muladd_16s_16s_32s_32_4_1   |  i0 + i1 * i2|
    |mac_muladd_16s_16s_32s_32_4_1_U3470   |mac_muladd_16s_16s_32s_32_4_1   |  i0 + i1 * i2|
    |mac_muladd_16s_16s_32s_32_4_1_U3475   |mac_muladd_16s_16s_32s_32_4_1   |  i0 + i1 * i2|
    |mac_muladd_16s_16s_32s_32_4_1_U3476   |mac_muladd_16s_16s_32s_32_4_1   |  i0 + i1 * i2|
    |mac_muladd_16s_16s_32s_32_4_1_U3477   |mac_muladd_16s_16s_32s_32_4_1   |  i0 + i1 * i2|
    |mac_muladd_16s_16s_32s_32_4_1_U3480   |mac_muladd_16s_16s_32s_32_4_1   |  i0 + i1 * i2|
    |mac_muladd_16s_16s_32s_32_4_1_U3481   |mac_muladd_16s_16s_32s_32_4_1   |  i0 + i1 * i2|
    |mac_muladd_16s_16s_32s_32_4_1_U3482   |mac_muladd_16s_16s_32s_32_4_1   |  i0 + i1 * i2|
    |mac_muladd_16s_16s_32s_32_4_1_U3483   |mac_muladd_16s_16s_32s_32_4_1   |  i0 + i1 * i2|
    |mac_muladd_16s_16s_32s_32_4_1_U3484   |mac_muladd_16s_16s_32s_32_4_1   |  i0 + i1 * i2|
    |mac_muladd_16s_16s_32s_32_4_1_U3486   |mac_muladd_16s_16s_32s_32_4_1   |  i0 + i1 * i2|
    |mac_muladd_16s_16s_32s_32_4_1_U3487   |mac_muladd_16s_16s_32s_32_4_1   |  i0 + i1 * i2|
    |mac_muladd_16s_16s_32s_32_4_1_U3489   |mac_muladd_16s_16s_32s_32_4_1   |  i0 + i1 * i2|
    |mac_muladd_16s_16s_32s_32_4_1_U3494   |mac_muladd_16s_16s_32s_32_4_1   |  i0 + i1 * i2|
    |mac_muladd_16s_16s_32s_32_4_1_U3495   |mac_muladd_16s_16s_32s_32_4_1   |  i0 + i1 * i2|
    |mac_muladd_16s_16s_32s_32_4_1_U3496   |mac_muladd_16s_16s_32s_32_4_1   |  i0 + i1 * i2|
    |mac_muladd_16s_16s_32s_32_4_1_U3499   |mac_muladd_16s_16s_32s_32_4_1   |  i0 + i1 * i2|
    |mac_muladd_16s_16s_32s_32_4_1_U3500   |mac_muladd_16s_16s_32s_32_4_1   |  i0 + i1 * i2|
    |mac_muladd_16s_16s_32s_32_4_1_U3501   |mac_muladd_16s_16s_32s_32_4_1   |  i0 + i1 * i2|
    |mac_muladd_16s_16s_32s_32_4_1_U3502   |mac_muladd_16s_16s_32s_32_4_1   |  i0 + i1 * i2|
    |mac_muladd_16s_16s_32s_32_4_1_U3504   |mac_muladd_16s_16s_32s_32_4_1   |  i0 + i1 * i2|
    |mac_muladd_16s_16s_32s_32_4_1_U3505   |mac_muladd_16s_16s_32s_32_4_1   |  i0 + i1 * i2|
    |mac_muladd_16s_16s_32s_32_4_1_U3506   |mac_muladd_16s_16s_32s_32_4_1   |  i0 + i1 * i2|
    |mac_muladd_16s_16s_32s_32_4_1_U3508   |mac_muladd_16s_16s_32s_32_4_1   |  i0 + i1 * i2|
    |mac_muladd_16s_16s_32s_32_4_1_U3513   |mac_muladd_16s_16s_32s_32_4_1   |  i0 + i1 * i2|
    |mac_muladd_16s_16s_32s_32_4_1_U3514   |mac_muladd_16s_16s_32s_32_4_1   |  i0 + i1 * i2|
    |mac_muladd_16s_16s_32s_32_4_1_U3515   |mac_muladd_16s_16s_32s_32_4_1   |  i0 + i1 * i2|
    |mac_muladd_16s_16s_32s_32_4_1_U3518   |mac_muladd_16s_16s_32s_32_4_1   |  i0 + i1 * i2|
    |mac_muladd_16s_16s_32s_32_4_1_U3519   |mac_muladd_16s_16s_32s_32_4_1   |  i0 + i1 * i2|
    |mac_muladd_16s_16s_32s_32_4_1_U3520   |mac_muladd_16s_16s_32s_32_4_1   |  i0 + i1 * i2|
    |mac_muladd_16s_16s_32s_32_4_1_U3521   |mac_muladd_16s_16s_32s_32_4_1   |  i0 + i1 * i2|
    |mac_muladd_16s_16s_32s_32_4_1_U3523   |mac_muladd_16s_16s_32s_32_4_1   |  i0 + i1 * i2|
    |mac_muladd_16s_16s_32s_32_4_1_U3524   |mac_muladd_16s_16s_32s_32_4_1   |  i0 + i1 * i2|
    |mac_muladd_16s_16s_32s_32_4_1_U3525   |mac_muladd_16s_16s_32s_32_4_1   |  i0 + i1 * i2|
    |mac_muladd_16s_16s_32s_32_4_1_U3527   |mac_muladd_16s_16s_32s_32_4_1   |  i0 + i1 * i2|
    |mac_muladd_16s_16s_32s_32_4_1_U3532   |mac_muladd_16s_16s_32s_32_4_1   |  i0 + i1 * i2|
    |mac_muladd_16s_16s_32s_32_4_1_U3533   |mac_muladd_16s_16s_32s_32_4_1   |  i0 + i1 * i2|
    |mac_muladd_16s_16s_32s_32_4_1_U3534   |mac_muladd_16s_16s_32s_32_4_1   |  i0 + i1 * i2|
    |mac_muladd_16s_16s_32s_32_4_1_U3537   |mac_muladd_16s_16s_32s_32_4_1   |  i0 + i1 * i2|
    |mac_muladd_16s_16s_32s_32_4_1_U3538   |mac_muladd_16s_16s_32s_32_4_1   |  i0 + i1 * i2|
    |mac_muladd_16s_16s_32s_32_4_1_U3539   |mac_muladd_16s_16s_32s_32_4_1   |  i0 + i1 * i2|
    |mac_muladd_16s_16s_32s_32_4_1_U3540   |mac_muladd_16s_16s_32s_32_4_1   |  i0 + i1 * i2|
    |mac_muladd_16s_16s_32s_32_4_1_U3542   |mac_muladd_16s_16s_32s_32_4_1   |  i0 + i1 * i2|
    |mac_muladd_16s_16s_32s_32_4_1_U3543   |mac_muladd_16s_16s_32s_32_4_1   |  i0 + i1 * i2|
    |mac_muladd_16s_16s_32s_32_4_1_U3544   |mac_muladd_16s_16s_32s_32_4_1   |  i0 + i1 * i2|
    |mac_muladd_16s_16s_32s_32_4_1_U3546   |mac_muladd_16s_16s_32s_32_4_1   |  i0 + i1 * i2|
    |mac_muladd_16s_16s_32s_32_4_1_U3551   |mac_muladd_16s_16s_32s_32_4_1   |  i0 + i1 * i2|
    |mac_muladd_16s_16s_32s_32_4_1_U3552   |mac_muladd_16s_16s_32s_32_4_1   |  i0 + i1 * i2|
    |mac_muladd_16s_16s_32s_32_4_1_U3553   |mac_muladd_16s_16s_32s_32_4_1   |  i0 + i1 * i2|
    |mac_muladd_16s_16s_32s_32_4_1_U3556   |mac_muladd_16s_16s_32s_32_4_1   |  i0 + i1 * i2|
    |mac_muladd_16s_16s_32s_32_4_1_U3557   |mac_muladd_16s_16s_32s_32_4_1   |  i0 + i1 * i2|
    |mac_muladd_16s_16s_32s_32_4_1_U3558   |mac_muladd_16s_16s_32s_32_4_1   |  i0 + i1 * i2|
    |mac_muladd_16s_16s_32s_32_4_1_U3559   |mac_muladd_16s_16s_32s_32_4_1   |  i0 + i1 * i2|
    |mac_muladd_16s_16s_32s_32_4_1_U3561   |mac_muladd_16s_16s_32s_32_4_1   |  i0 + i1 * i2|
    |mac_muladd_16s_16s_32s_32_4_1_U3562   |mac_muladd_16s_16s_32s_32_4_1   |  i0 + i1 * i2|
    |mac_muladd_16s_16s_32s_32_4_1_U3564   |mac_muladd_16s_16s_32s_32_4_1   |  i0 + i1 * i2|
    |mac_muladd_16s_16s_32s_32_4_1_U3569   |mac_muladd_16s_16s_32s_32_4_1   |  i0 + i1 * i2|
    |mac_muladd_16s_16s_32s_32_4_1_U3570   |mac_muladd_16s_16s_32s_32_4_1   |  i0 + i1 * i2|
    |mac_muladd_16s_16s_32s_32_4_1_U3571   |mac_muladd_16s_16s_32s_32_4_1   |  i0 + i1 * i2|
    |mac_muladd_16s_16s_32s_32_4_1_U3574   |mac_muladd_16s_16s_32s_32_4_1   |  i0 + i1 * i2|
    |mac_muladd_16s_16s_32s_32_4_1_U3575   |mac_muladd_16s_16s_32s_32_4_1   |  i0 + i1 * i2|
    |mac_muladd_16s_16s_32s_32_4_1_U3576   |mac_muladd_16s_16s_32s_32_4_1   |  i0 + i1 * i2|
    |mac_muladd_16s_16s_32s_32_4_1_U3577   |mac_muladd_16s_16s_32s_32_4_1   |  i0 + i1 * i2|
    |mac_muladd_16s_16s_32s_32_4_1_U3579   |mac_muladd_16s_16s_32s_32_4_1   |  i0 + i1 * i2|
    |mac_muladd_16s_16s_32s_32_4_1_U3580   |mac_muladd_16s_16s_32s_32_4_1   |  i0 + i1 * i2|
    +--------------------------------------+--------------------------------+--------------+

    * Memory: 
    N/A

    * FIFO: 
    N/A

    * Expression: 
    +-----------------------------+----------+----+---+----+------------+------------+
    |        Variable Name        | Operation| DSP| FF| LUT| Bitwidth P0| Bitwidth P1|
    +-----------------------------+----------+----+---+----+------------+------------+
    |acc_16_fu_5372_p2            |         +|   0|  0|  32|          32|          32|
    |acc_17_fu_5402_p2            |         +|   0|  0|  32|          32|          32|
    |acc_18_fu_5432_p2            |         +|   0|  0|  32|          32|          32|
    |acc_19_fu_5462_p2            |         +|   0|  0|  32|          32|          32|
    |acc_20_fu_5492_p2            |         +|   0|  0|  32|          32|          32|
    |acc_21_fu_5522_p2            |         +|   0|  0|  32|          32|          32|
    |acc_22_fu_5552_p2            |         +|   0|  0|  32|          32|          32|
    |acc_23_fu_5582_p2            |         +|   0|  0|  32|          32|          32|
    |add_ln277_1_fu_4970_p2       |         +|   0|  0|  12|           5|           1|
    |add_ln277_fu_4987_p2         |         +|   0|  0|   9|           2|           1|
    |add_ln279_fu_5044_p2         |         +|   0|  0|  12|           4|           1|
    |add_ln302_1_fu_5758_p2       |         +|   0|  0|  15|           8|           8|
    |add_ln302_fu_5039_p2         |         +|   0|  0|  10|           5|           5|
    |add_ln313_100_fu_8187_p2     |         +|   0|  0|  39|          32|          32|
    |add_ln313_101_fu_8359_p2     |         +|   0|  0|  32|          32|          32|
    |add_ln313_106_fu_8363_p2     |         +|   0|  0|  32|          32|          32|
    |add_ln313_107_fu_8367_p2     |         +|   0|  0|  32|          32|          32|
    |add_ln313_108_fu_8372_p2     |         +|   0|  0|  32|          32|          32|
    |add_ln313_109_fu_5391_p2     |         +|   0|  0|  32|          32|          32|
    |add_ln313_110_fu_5396_p2     |         +|   0|  0|  32|          32|          32|
    |add_ln313_116_fu_8378_p2     |         +|   0|  0|  32|          32|          32|
    |add_ln313_117_fu_8382_p2     |         +|   0|  0|  32|          32|          32|
    |add_ln313_122_fu_8387_p2     |         +|   0|  0|  32|          32|          32|
    |add_ln313_123_fu_8391_p2     |         +|   0|  0|  32|          32|          32|
    |add_ln313_124_fu_5408_p2     |         +|   0|  0|  32|          32|          32|
    |add_ln313_129_fu_8191_p2     |         +|   0|  0|  39|          32|          32|
    |add_ln313_12_fu_5357_p2      |         +|   0|  0|  32|          32|          32|
    |add_ln313_130_fu_8396_p2     |         +|   0|  0|  32|          32|          32|
    |add_ln313_135_fu_8400_p2     |         +|   0|  0|  32|          32|          32|
    |add_ln313_136_fu_8404_p2     |         +|   0|  0|  32|          32|          32|
    |add_ln313_137_fu_8409_p2     |         +|   0|  0|  32|          32|          32|
    |add_ln313_138_fu_5412_p2     |         +|   0|  0|  32|          32|          32|
    |add_ln313_143_fu_8415_p2     |         +|   0|  0|  32|          32|          32|
    |add_ln313_144_fu_8419_p2     |         +|   0|  0|  32|          32|          32|
    |add_ln313_149_fu_8424_p2     |         +|   0|  0|  32|          32|          32|
    |add_ln313_150_fu_8428_p2     |         +|   0|  0|  32|          32|          32|
    |add_ln313_151_fu_5417_p2     |         +|   0|  0|  32|          32|          32|
    |add_ln313_156_fu_8195_p2     |         +|   0|  0|  39|          32|          32|
    |add_ln313_157_fu_8433_p2     |         +|   0|  0|  32|          32|          32|
    |add_ln313_162_fu_8437_p2     |         +|   0|  0|  32|          32|          32|
    |add_ln313_163_fu_8441_p2     |         +|   0|  0|  32|          32|          32|
    |add_ln313_164_fu_8446_p2     |         +|   0|  0|  32|          32|          32|
    |add_ln313_165_fu_5421_p2     |         +|   0|  0|  32|          32|          32|
    |add_ln313_166_fu_5426_p2     |         +|   0|  0|  32|          32|          32|
    |add_ln313_172_fu_8452_p2     |         +|   0|  0|  32|          32|          32|
    |add_ln313_173_fu_8456_p2     |         +|   0|  0|  32|          32|          32|
    |add_ln313_178_fu_8461_p2     |         +|   0|  0|  32|          32|          32|
    |add_ln313_179_fu_8465_p2     |         +|   0|  0|  32|          32|          32|
    |add_ln313_17_fu_8171_p2      |         +|   0|  0|  39|          32|          32|
    |add_ln313_180_fu_5438_p2     |         +|   0|  0|  32|          32|          32|
    |add_ln313_185_fu_8199_p2     |         +|   0|  0|  39|          32|          32|
    |add_ln313_186_fu_8470_p2     |         +|   0|  0|  32|          32|          32|
    |add_ln313_18_fu_8239_p2      |         +|   0|  0|  32|          32|          32|
    |add_ln313_191_fu_8474_p2     |         +|   0|  0|  32|          32|          32|
    |add_ln313_192_fu_8478_p2     |         +|   0|  0|  32|          32|          32|
    |add_ln313_193_fu_8483_p2     |         +|   0|  0|  32|          32|          32|
    |add_ln313_194_fu_5442_p2     |         +|   0|  0|  32|          32|          32|
    |add_ln313_199_fu_8489_p2     |         +|   0|  0|  32|          32|          32|
    |add_ln313_1_fu_8295_p2       |         +|   0|  0|  32|          32|          32|
    |add_ln313_200_fu_8493_p2     |         +|   0|  0|  32|          32|          32|
    |add_ln313_205_fu_8498_p2     |         +|   0|  0|  32|          32|          32|
    |add_ln313_206_fu_8502_p2     |         +|   0|  0|  32|          32|          32|
    |add_ln313_207_fu_5447_p2     |         +|   0|  0|  32|          32|          32|
    |add_ln313_212_fu_8203_p2     |         +|   0|  0|  39|          32|          32|
    |add_ln313_213_fu_8507_p2     |         +|   0|  0|  32|          32|          32|
    |add_ln313_218_fu_8511_p2     |         +|   0|  0|  32|          32|          32|
    |add_ln313_219_fu_8515_p2     |         +|   0|  0|  32|          32|          32|
    |add_ln313_220_fu_8520_p2     |         +|   0|  0|  32|          32|          32|
    |add_ln313_221_fu_5451_p2     |         +|   0|  0|  32|          32|          32|
    |add_ln313_222_fu_5456_p2     |         +|   0|  0|  32|          32|          32|
    |add_ln313_228_fu_8526_p2     |         +|   0|  0|  32|          32|          32|
    |add_ln313_229_fu_8530_p2     |         +|   0|  0|  32|          32|          32|
    |add_ln313_234_fu_8535_p2     |         +|   0|  0|  32|          32|          32|
    |add_ln313_235_fu_8539_p2     |         +|   0|  0|  32|          32|          32|
    |add_ln313_236_fu_5468_p2     |         +|   0|  0|  32|          32|          32|
    |add_ln313_23_fu_8243_p2      |         +|   0|  0|  32|          32|          32|
    |add_ln313_241_fu_8207_p2     |         +|   0|  0|  39|          32|          32|
    |add_ln313_242_fu_8544_p2     |         +|   0|  0|  32|          32|          32|
    |add_ln313_247_fu_8548_p2     |         +|   0|  0|  32|          32|          32|
    |add_ln313_248_fu_8552_p2     |         +|   0|  0|  32|          32|          32|
    |add_ln313_249_fu_8557_p2     |         +|   0|  0|  32|          32|          32|
    |add_ln313_24_fu_8247_p2      |         +|   0|  0|  32|          32|          32|
    |add_ln313_250_fu_5472_p2     |         +|   0|  0|  32|          32|          32|
    |add_ln313_255_fu_8563_p2     |         +|   0|  0|  32|          32|          32|
    |add_ln313_256_fu_8567_p2     |         +|   0|  0|  32|          32|          32|
    |add_ln313_25_fu_8252_p2      |         +|   0|  0|  32|          32|          32|
    |add_ln313_261_fu_8572_p2     |         +|   0|  0|  32|          32|          32|
    |add_ln313_262_fu_8576_p2     |         +|   0|  0|  32|          32|          32|
    |add_ln313_263_fu_5477_p2     |         +|   0|  0|  32|          32|          32|
    |add_ln313_268_fu_8211_p2     |         +|   0|  0|  39|          32|          32|
    |add_ln313_269_fu_8581_p2     |         +|   0|  0|  32|          32|          32|
    |add_ln313_26_fu_5361_p2      |         +|   0|  0|  32|          32|          32|
    |add_ln313_274_fu_8585_p2     |         +|   0|  0|  32|          32|          32|
    |add_ln313_275_fu_8589_p2     |         +|   0|  0|  32|          32|          32|
    |add_ln313_276_fu_8594_p2     |         +|   0|  0|  32|          32|          32|
    |add_ln313_277_fu_5481_p2     |         +|   0|  0|  32|          32|          32|
    |add_ln313_278_fu_5486_p2     |         +|   0|  0|  32|          32|          32|
    |add_ln313_284_fu_8600_p2     |         +|   0|  0|  32|          32|          32|
    |add_ln313_285_fu_8604_p2     |         +|   0|  0|  32|          32|          32|
    |add_ln313_290_fu_8609_p2     |         +|   0|  0|  32|          32|          32|
    |add_ln313_291_fu_8613_p2     |         +|   0|  0|  32|          32|          32|
    |add_ln313_292_fu_5498_p2     |         +|   0|  0|  32|          32|          32|
    |add_ln313_297_fu_8215_p2     |         +|   0|  0|  39|          32|          32|
    |add_ln313_298_fu_8618_p2     |         +|   0|  0|  32|          32|          32|
    |add_ln313_303_fu_8622_p2     |         +|   0|  0|  32|          32|          32|
    |add_ln313_304_fu_8626_p2     |         +|   0|  0|  32|          32|          32|
    |add_ln313_305_fu_8631_p2     |         +|   0|  0|  32|          32|          32|
    |add_ln313_306_fu_5502_p2     |         +|   0|  0|  32|          32|          32|
    |add_ln313_311_fu_8637_p2     |         +|   0|  0|  32|          32|          32|
    |add_ln313_312_fu_8641_p2     |         +|   0|  0|  32|          32|          32|
    |add_ln313_317_fu_8646_p2     |         +|   0|  0|  32|          32|          32|
    |add_ln313_318_fu_8650_p2     |         +|   0|  0|  32|          32|          32|
    |add_ln313_319_fu_5507_p2     |         +|   0|  0|  32|          32|          32|
    |add_ln313_31_fu_8258_p2      |         +|   0|  0|  32|          32|          32|
    |add_ln313_324_fu_8219_p2     |         +|   0|  0|  39|          32|          32|
    |add_ln313_325_fu_8655_p2     |         +|   0|  0|  32|          32|          32|
    |add_ln313_32_fu_8262_p2      |         +|   0|  0|  32|          32|          32|
    |add_ln313_330_fu_8659_p2     |         +|   0|  0|  32|          32|          32|
    |add_ln313_331_fu_8663_p2     |         +|   0|  0|  32|          32|          32|
    |add_ln313_332_fu_8668_p2     |         +|   0|  0|  32|          32|          32|
    |add_ln313_333_fu_5511_p2     |         +|   0|  0|  32|          32|          32|
    |add_ln313_334_fu_5516_p2     |         +|   0|  0|  32|          32|          32|
    |add_ln313_340_fu_8674_p2     |         +|   0|  0|  32|          32|          32|
    |add_ln313_341_fu_8678_p2     |         +|   0|  0|  32|          32|          32|
    |add_ln313_346_fu_8683_p2     |         +|   0|  0|  32|          32|          32|
    |add_ln313_347_fu_8687_p2     |         +|   0|  0|  32|          32|          32|
    |add_ln313_348_fu_5528_p2     |         +|   0|  0|  32|          32|          32|
    |add_ln313_353_fu_8223_p2     |         +|   0|  0|  39|          32|          32|
    |add_ln313_354_fu_8692_p2     |         +|   0|  0|  32|          32|          32|
    |add_ln313_359_fu_8696_p2     |         +|   0|  0|  32|          32|          32|
    |add_ln313_360_fu_8700_p2     |         +|   0|  0|  32|          32|          32|
    |add_ln313_361_fu_8705_p2     |         +|   0|  0|  32|          32|          32|
    |add_ln313_362_fu_5532_p2     |         +|   0|  0|  32|          32|          32|
    |add_ln313_367_fu_8711_p2     |         +|   0|  0|  32|          32|          32|
    |add_ln313_368_fu_8715_p2     |         +|   0|  0|  32|          32|          32|
    |add_ln313_373_fu_8720_p2     |         +|   0|  0|  32|          32|          32|
    |add_ln313_374_fu_8724_p2     |         +|   0|  0|  32|          32|          32|
    |add_ln313_375_fu_5537_p2     |         +|   0|  0|  32|          32|          32|
    |add_ln313_37_fu_8267_p2      |         +|   0|  0|  32|          32|          32|
    |add_ln313_380_fu_8227_p2     |         +|   0|  0|  39|          32|          32|
    |add_ln313_381_fu_8729_p2     |         +|   0|  0|  32|          32|          32|
    |add_ln313_386_fu_8733_p2     |         +|   0|  0|  32|          32|          32|
    |add_ln313_387_fu_8737_p2     |         +|   0|  0|  32|          32|          32|
    |add_ln313_388_fu_8742_p2     |         +|   0|  0|  32|          32|          32|
    |add_ln313_389_fu_5541_p2     |         +|   0|  0|  32|          32|          32|
    |add_ln313_38_fu_8271_p2      |         +|   0|  0|  32|          32|          32|
    |add_ln313_390_fu_5546_p2     |         +|   0|  0|  32|          32|          32|
    |add_ln313_396_fu_8748_p2     |         +|   0|  0|  32|          32|          32|
    |add_ln313_397_fu_8752_p2     |         +|   0|  0|  32|          32|          32|
    |add_ln313_39_fu_5348_p2      |         +|   0|  0|  32|          32|          32|
    |add_ln313_402_fu_8757_p2     |         +|   0|  0|  32|          32|          32|
    |add_ln313_403_fu_8761_p2     |         +|   0|  0|  32|          32|          32|
    |add_ln313_404_fu_5558_p2     |         +|   0|  0|  32|          32|          32|
    |add_ln313_409_fu_8231_p2     |         +|   0|  0|  39|          32|          32|
    |add_ln313_410_fu_8766_p2     |         +|   0|  0|  32|          32|          32|
    |add_ln313_415_fu_8770_p2     |         +|   0|  0|  32|          32|          32|
    |add_ln313_416_fu_8774_p2     |         +|   0|  0|  32|          32|          32|
    |add_ln313_417_fu_8779_p2     |         +|   0|  0|  32|          32|          32|
    |add_ln313_418_fu_5562_p2     |         +|   0|  0|  32|          32|          32|
    |add_ln313_423_fu_8785_p2     |         +|   0|  0|  32|          32|          32|
    |add_ln313_424_fu_8789_p2     |         +|   0|  0|  32|          32|          32|
    |add_ln313_429_fu_8794_p2     |         +|   0|  0|  32|          32|          32|
    |add_ln313_430_fu_8798_p2     |         +|   0|  0|  32|          32|          32|
    |add_ln313_431_fu_5567_p2     |         +|   0|  0|  32|          32|          32|
    |add_ln313_436_fu_8235_p2     |         +|   0|  0|  39|          32|          32|
    |add_ln313_437_fu_8803_p2     |         +|   0|  0|  32|          32|          32|
    |add_ln313_442_fu_8807_p2     |         +|   0|  0|  32|          32|          32|
    |add_ln313_443_fu_8811_p2     |         +|   0|  0|  32|          32|          32|
    |add_ln313_444_fu_8816_p2     |         +|   0|  0|  32|          32|          32|
    |add_ln313_445_fu_5571_p2     |         +|   0|  0|  32|          32|          32|
    |add_ln313_446_fu_5576_p2     |         +|   0|  0|  32|          32|          32|
    |add_ln313_44_fu_8175_p2      |         +|   0|  0|  39|          32|          32|
    |add_ln313_45_fu_8276_p2      |         +|   0|  0|  32|          32|          32|
    |add_ln313_4_fu_8179_p2       |         +|   0|  0|  39|          32|          32|
    |add_ln313_50_fu_8280_p2      |         +|   0|  0|  32|          32|          32|
    |add_ln313_51_fu_8284_p2      |         +|   0|  0|  32|          32|          32|
    |add_ln313_52_fu_8289_p2      |         +|   0|  0|  32|          32|          32|
    |add_ln313_53_fu_5352_p2      |         +|   0|  0|  32|          32|          32|
    |add_ln313_54_fu_5366_p2      |         +|   0|  0|  32|          32|          32|
    |add_ln313_5_fu_8299_p2       |         +|   0|  0|  32|          32|          32|
    |add_ln313_60_fu_8304_p2      |         +|   0|  0|  32|          32|          32|
    |add_ln313_61_fu_8308_p2      |         +|   0|  0|  32|          32|          32|
    |add_ln313_66_fu_8313_p2      |         +|   0|  0|  32|          32|          32|
    |add_ln313_67_fu_8317_p2      |         +|   0|  0|  32|          32|          32|
    |add_ln313_68_fu_5378_p2      |         +|   0|  0|  32|          32|          32|
    |add_ln313_73_fu_8183_p2      |         +|   0|  0|  39|          32|          32|
    |add_ln313_74_fu_8322_p2      |         +|   0|  0|  32|          32|          32|
    |add_ln313_79_fu_8326_p2      |         +|   0|  0|  32|          32|          32|
    |add_ln313_80_fu_8330_p2      |         +|   0|  0|  32|          32|          32|
    |add_ln313_81_fu_8335_p2      |         +|   0|  0|  32|          32|          32|
    |add_ln313_82_fu_5382_p2      |         +|   0|  0|  32|          32|          32|
    |add_ln313_87_fu_8341_p2      |         +|   0|  0|  32|          32|          32|
    |add_ln313_88_fu_8345_p2      |         +|   0|  0|  32|          32|          32|
    |add_ln313_93_fu_8350_p2      |         +|   0|  0|  32|          32|          32|
    |add_ln313_94_fu_8354_p2      |         +|   0|  0|  32|          32|          32|
    |add_ln313_95_fu_5387_p2      |         +|   0|  0|  32|          32|          32|
    |sub_ln302_fu_5033_p2         |         -|   0|  0|  10|           5|           5|
    |ap_condition_9756            |       and|   0|  0|   2|           1|           1|
    |ap_condition_9759            |       and|   0|  0|   2|           1|           1|
    |ap_condition_9764            |       and|   0|  0|   2|           1|           1|
    |first_iter_9_fu_5015_p2      |      icmp|   0|  0|  12|           4|           1|
    |icmp_ln277_fu_4964_p2        |      icmp|   0|  0|  12|           5|           5|
    |icmp_ln279_1_fu_5797_p2      |      icmp|   0|  0|  12|           4|           5|
    |icmp_ln279_fu_4993_p2        |      icmp|   0|  0|  12|           4|           5|
    |select_ln277_1_fu_5007_p3    |    select|   0|  0|   2|           1|           2|
    |select_ln277_fu_4999_p3      |    select|   0|  0|   4|           1|           1|
    |select_ln302_100_fu_6817_p3  |    select|   0|  0|  16|           1|          16|
    |select_ln302_101_fu_6828_p3  |    select|   0|  0|  16|           1|          16|
    |select_ln302_102_fu_6835_p3  |    select|   0|  0|  16|           1|          16|
    |select_ln302_103_fu_6846_p3  |    select|   0|  0|  16|           1|          16|
    |select_ln302_104_fu_6861_p3  |    select|   0|  0|  16|           1|          16|
    |select_ln302_105_fu_7139_p3  |    select|   0|  0|  16|           1|          16|
    |select_ln302_106_fu_6872_p3  |    select|   0|  0|  16|           1|          16|
    |select_ln302_107_fu_6879_p3  |    select|   0|  0|  16|           1|          16|
    |select_ln302_108_fu_7153_p3  |    select|   0|  0|  16|           1|          16|
    |select_ln302_109_fu_7160_p3  |    select|   0|  0|  16|           1|          16|
    |select_ln302_10_fu_5931_p3   |    select|   0|  0|  16|           1|          16|
    |select_ln302_110_fu_7171_p3  |    select|   0|  0|  16|           1|          16|
    |select_ln302_111_fu_7178_p3  |    select|   0|  0|  16|           1|          16|
    |select_ln302_11_fu_6935_p3   |    select|   0|  0|  16|           1|          16|
    |select_ln302_12_fu_5802_p3   |    select|   0|  0|  16|           1|          16|
    |select_ln302_13_fu_5809_p3   |    select|   0|  0|  16|           1|          16|
    |select_ln302_14_fu_6946_p3   |    select|   0|  0|  16|           1|          16|
    |select_ln302_15_fu_5942_p3   |    select|   0|  0|  16|           1|          16|
    |select_ln302_16_fu_5949_p3   |    select|   0|  0|  16|           1|          16|
    |select_ln302_17_fu_5960_p3   |    select|   0|  0|  16|           1|          16|
    |select_ln302_18_fu_5971_p3   |    select|   0|  0|  16|           1|          16|
    |select_ln302_19_fu_5982_p3   |    select|   0|  0|  16|           1|          16|
    |select_ln302_1_fu_6896_p3    |    select|   0|  0|  16|           1|          16|
    |select_ln302_20_fu_5989_p3   |    select|   0|  0|  16|           1|          16|
    |select_ln302_21_fu_6963_p3   |    select|   0|  0|  16|           1|          16|
    |select_ln302_22_fu_6000_p3   |    select|   0|  0|  16|           1|          16|
    |select_ln302_23_fu_6007_p3   |    select|   0|  0|  16|           1|          16|
    |select_ln302_24_fu_6018_p3   |    select|   0|  0|  16|           1|          16|
    |select_ln302_25_fu_6029_p3   |    select|   0|  0|  16|           1|          16|
    |select_ln302_26_fu_6040_p3   |    select|   0|  0|  16|           1|          16|
    |select_ln302_27_fu_6051_p3   |    select|   0|  0|  16|           1|          16|
    |select_ln302_28_fu_6058_p3   |    select|   0|  0|  16|           1|          16|
    |select_ln302_29_fu_6069_p3   |    select|   0|  0|  16|           1|          16|
    |select_ln302_2_fu_6906_p3    |    select|   0|  0|  16|           1|          16|
    |select_ln302_30_fu_6076_p3   |    select|   0|  0|  16|           1|          16|
    |select_ln302_31_fu_6087_p3   |    select|   0|  0|  16|           1|          16|
    |select_ln302_32_fu_6098_p3   |    select|   0|  0|  16|           1|          16|
    |select_ln302_33_fu_6109_p3   |    select|   0|  0|  16|           1|          16|
    |select_ln302_34_fu_6120_p3   |    select|   0|  0|  16|           1|          16|
    |select_ln302_35_fu_6131_p3   |    select|   0|  0|  16|           1|          16|
    |select_ln302_36_fu_6138_p3   |    select|   0|  0|  16|           1|          16|
    |select_ln302_37_fu_6149_p3   |    select|   0|  0|  16|           1|          16|
    |select_ln302_38_fu_6160_p3   |    select|   0|  0|  16|           1|          16|
    |select_ln302_39_fu_6171_p3   |    select|   0|  0|  16|           1|          16|
    |select_ln302_3_fu_5877_p3    |    select|   0|  0|  16|           1|          16|
    |select_ln302_40_fu_6182_p3   |    select|   0|  0|  16|           1|          16|
    |select_ln302_41_fu_6193_p3   |    select|   0|  0|  16|           1|          16|
    |select_ln302_42_fu_6204_p3   |    select|   0|  0|  16|           1|          16|
    |select_ln302_43_fu_6215_p3   |    select|   0|  0|  16|           1|          16|
    |select_ln302_44_fu_6222_p3   |    select|   0|  0|  16|           1|          16|
    |select_ln302_45_fu_6233_p3   |    select|   0|  0|  16|           1|          16|
    |select_ln302_46_fu_6244_p3   |    select|   0|  0|  16|           1|          16|
    |select_ln302_47_fu_6255_p3   |    select|   0|  0|  16|           1|          16|
    |select_ln302_48_fu_6266_p3   |    select|   0|  0|  16|           1|          16|
    |select_ln302_49_fu_6277_p3   |    select|   0|  0|  16|           1|          16|
    |select_ln302_4_fu_5892_p3    |    select|   0|  0|  16|           1|          16|
    |select_ln302_50_fu_6288_p3   |    select|   0|  0|  16|           1|          16|
    |select_ln302_51_fu_6299_p3   |    select|   0|  0|  16|           1|          16|
    |select_ln302_52_fu_6310_p3   |    select|   0|  0|  16|           1|          16|
    |select_ln302_53_fu_6321_p3   |    select|   0|  0|  16|           1|          16|
    |select_ln302_54_fu_6332_p3   |    select|   0|  0|  16|           1|          16|
    |select_ln302_55_fu_6343_p3   |    select|   0|  0|  16|           1|          16|
    |select_ln302_56_fu_6354_p3   |    select|   0|  0|  16|           1|          16|
    |select_ln302_57_fu_6365_p3   |    select|   0|  0|  16|           1|          16|
    |select_ln302_58_fu_6376_p3   |    select|   0|  0|  16|           1|          16|
    |select_ln302_59_fu_6387_p3   |    select|   0|  0|  16|           1|          16|
    |select_ln302_5_fu_5839_p3    |    select|   0|  0|  16|           1|          16|
    |select_ln302_60_fu_6398_p3   |    select|   0|  0|  16|           1|          16|
    |select_ln302_61_fu_6409_p3   |    select|   0|  0|  16|           1|          16|
    |select_ln302_62_fu_6420_p3   |    select|   0|  0|  16|           1|          16|
    |select_ln302_63_fu_6431_p3   |    select|   0|  0|  16|           1|          16|
    |select_ln302_64_fu_6446_p3   |    select|   0|  0|  16|           1|          16|
    |select_ln302_65_fu_6457_p3   |    select|   0|  0|  16|           1|          16|
    |select_ln302_66_fu_6468_p3   |    select|   0|  0|  16|           1|          16|
    |select_ln302_67_fu_6479_p3   |    select|   0|  0|  16|           1|          16|
    |select_ln302_68_fu_6490_p3   |    select|   0|  0|  16|           1|          16|
    |select_ln302_69_fu_6501_p3   |    select|   0|  0|  16|           1|          16|
    |select_ln302_6_fu_5846_p3    |    select|   0|  0|  16|           1|          16|
    |select_ln302_70_fu_6512_p3   |    select|   0|  0|  16|           1|          16|
    |select_ln302_71_fu_6523_p3   |    select|   0|  0|  16|           1|          16|
    |select_ln302_72_fu_6550_p3   |    select|   0|  0|  16|           1|          16|
    |select_ln302_73_fu_6561_p3   |    select|   0|  0|  16|           1|          16|
    |select_ln302_74_fu_6568_p3   |    select|   0|  0|  16|           1|          16|
    |select_ln302_75_fu_6579_p3   |    select|   0|  0|  16|           1|          16|
    |select_ln302_76_fu_6590_p3   |    select|   0|  0|  16|           1|          16|
    |select_ln302_77_fu_6601_p3   |    select|   0|  0|  16|           1|          16|
    |select_ln302_78_fu_6612_p3   |    select|   0|  0|  16|           1|          16|
    |select_ln302_79_fu_6623_p3   |    select|   0|  0|  16|           1|          16|
    |select_ln302_7_fu_6917_p3    |    select|   0|  0|  16|           1|          16|
    |select_ln302_80_fu_6638_p3   |    select|   0|  0|  16|           1|          16|
    |select_ln302_81_fu_7034_p3   |    select|   0|  0|  16|           1|          16|
    |select_ln302_82_fu_6649_p3   |    select|   0|  0|  16|           1|          16|
    |select_ln302_83_fu_6656_p3   |    select|   0|  0|  16|           1|          16|
    |select_ln302_84_fu_6667_p3   |    select|   0|  0|  16|           1|          16|
    |select_ln302_85_fu_6678_p3   |    select|   0|  0|  16|           1|          16|
    |select_ln302_86_fu_6689_p3   |    select|   0|  0|  16|           1|          16|
    |select_ln302_87_fu_6700_p3   |    select|   0|  0|  16|           1|          16|
    |select_ln302_88_fu_6711_p3   |    select|   0|  0|  16|           1|          16|
    |select_ln302_89_fu_7070_p3   |    select|   0|  0|  16|           1|          16|
    |select_ln302_8_fu_5913_p3    |    select|   0|  0|  16|           1|          16|
    |select_ln302_90_fu_6722_p3   |    select|   0|  0|  16|           1|          16|
    |select_ln302_91_fu_6729_p3   |    select|   0|  0|  16|           1|          16|
    |select_ln302_92_fu_6740_p3   |    select|   0|  0|  16|           1|          16|
    |select_ln302_93_fu_6751_p3   |    select|   0|  0|  16|           1|          16|
    |select_ln302_94_fu_6762_p3   |    select|   0|  0|  16|           1|          16|
    |select_ln302_95_fu_6773_p3   |    select|   0|  0|  16|           1|          16|
    |select_ln302_96_fu_6788_p3   |    select|   0|  0|  16|           1|          16|
    |select_ln302_97_fu_7104_p3   |    select|   0|  0|  16|           1|          16|
    |select_ln302_98_fu_6799_p3   |    select|   0|  0|  16|           1|          16|
    |select_ln302_99_fu_6806_p3   |    select|   0|  0|  16|           1|          16|
    |select_ln302_9_fu_5920_p3    |    select|   0|  0|  16|           1|          16|
    |select_ln302_fu_5824_p3      |    select|   0|  0|  16|           1|          16|
    |ap_enable_pp0                |       xor|   0|  0|   2|           1|           2|
    +-----------------------------+----------+----+---+----+------------+------------+
    |Total                        |          |   0|  0|8153|        6276|        7949|
    +-----------------------------+----------+----+---+----+------------+------------+

    * Multiplexer: 
    +-----------------------------------------+----+-----------+-----+-----------+
    |                   Name                  | LUT| Input Size| Bits| Total Bits|
    +-----------------------------------------+----+-----------+-----+-----------+
    |acc_10_1_fu_770                          |   9|          2|   32|         64|
    |acc_10_fu_846                            |   9|          2|   32|         64|
    |acc_1149_fu_730                          |   9|          2|   32|         64|
    |acc_11_1_fu_774                          |   9|          2|   32|         64|
    |acc_12_1_fu_778                          |   9|          2|   32|         64|
    |acc_12_fu_850                            |   9|          2|   32|         64|
    |acc_13_1_fu_782                          |   9|          2|   32|         64|
    |acc_14_1_fu_786                          |   9|          2|   32|         64|
    |acc_14_fu_854                            |   9|          2|   32|         64|
    |acc_15_1_fu_790                          |   9|          2|   32|         64|
    |acc_16_1_fu_794                          |   9|          2|   32|         64|
    |acc_17_1_fu_798                          |   9|          2|   32|         64|
    |acc_18_1_fu_802                          |   9|          2|   32|         64|
    |acc_19_1_fu_806                          |   9|          2|   32|         64|
    |acc_1_1_fu_734                           |   9|          2|   32|         64|
    |acc_20_1_fu_810                          |   9|          2|   32|         64|
    |acc_21_1_fu_814                          |   9|          2|   32|         64|
    |acc_22_1_fu_818                          |   9|          2|   32|         64|
    |acc_23_1_fu_822                          |   9|          2|   32|         64|
    |acc_2_1_fu_738                           |   9|          2|   32|         64|
    |acc_2_fu_830                             |   9|          2|   32|         64|
    |acc_3_1_fu_742                           |   9|          2|   32|         64|
    |acc_4_1_fu_746                           |   9|          2|   32|         64|
    |acc_4_fu_834                             |   9|          2|   32|         64|
    |acc_5_1_fu_750                           |   9|          2|   32|         64|
    |acc_6_1_fu_754                           |   9|          2|   32|         64|
    |acc_6_fu_838                             |   9|          2|   32|         64|
    |acc_7_1_fu_758                           |   9|          2|   32|         64|
    |acc_8_1_fu_762                           |   9|          2|   32|         64|
    |acc_8_fu_842                             |   9|          2|   32|         64|
    |acc_9_1_fu_766                           |   9|          2|   32|         64|
    |acc_fu_826                               |   9|          2|   32|         64|
    |ap_done_int                              |   9|          2|    1|          2|
    |ap_enable_reg_pp0_iter1                  |   9|          2|    1|          2|
    |ap_sig_allocacmp_acc_10_load             |   9|          2|   32|         64|
    |ap_sig_allocacmp_acc_12_load             |   9|          2|   32|         64|
    |ap_sig_allocacmp_acc_14_load             |   9|          2|   32|         64|
    |ap_sig_allocacmp_acc_2_load              |   9|          2|   32|         64|
    |ap_sig_allocacmp_acc_4_load              |   9|          2|   32|         64|
    |ap_sig_allocacmp_acc_6_load              |   9|          2|   32|         64|
    |ap_sig_allocacmp_acc_8_load              |   9|          2|   32|         64|
    |ap_sig_allocacmp_acc_load                |   9|          2|   32|         64|
    |ap_sig_allocacmp_indvar_flatten140_load  |   9|          2|    5|         10|
    |co_fu_722                                |   9|          2|    2|          4|
    |indvar_flatten140_fu_726                 |   9|          2|    5|         10|
    |tci_fu_718                               |   9|          2|    4|          8|
    +-----------------------------------------+----+-----------+-----+-----------+
    |Total                                    | 414|         92| 1298|       2596|
    +-----------------------------------------+----+-----------+-----+-----------+

    * Register: 
    +----------------------------------------+-----+----+-----+-----------+
    |                  Name                  |  FF | LUT| Bits| Const Bits|
    +----------------------------------------+-----+----+-----+-----------+
    |acc_10_1_fu_770                         |   32|   0|   32|          0|
    |acc_10_fu_846                           |   32|   0|   32|          0|
    |acc_1149_fu_730                         |   32|   0|   32|          0|
    |acc_11_1_fu_774                         |   32|   0|   32|          0|
    |acc_12_1_fu_778                         |   32|   0|   32|          0|
    |acc_12_fu_850                           |   32|   0|   32|          0|
    |acc_13_1_fu_782                         |   32|   0|   32|          0|
    |acc_14_1_fu_786                         |   32|   0|   32|          0|
    |acc_14_fu_854                           |   32|   0|   32|          0|
    |acc_15_1_fu_790                         |   32|   0|   32|          0|
    |acc_16_1_fu_794                         |   32|   0|   32|          0|
    |acc_17_1_fu_798                         |   32|   0|   32|          0|
    |acc_18_1_fu_802                         |   32|   0|   32|          0|
    |acc_19_1_fu_806                         |   32|   0|   32|          0|
    |acc_1_1_fu_734                          |   32|   0|   32|          0|
    |acc_20_1_fu_810                         |   32|   0|   32|          0|
    |acc_21_1_fu_814                         |   32|   0|   32|          0|
    |acc_22_1_fu_818                         |   32|   0|   32|          0|
    |acc_23_1_fu_822                         |   32|   0|   32|          0|
    |acc_2_1_fu_738                          |   32|   0|   32|          0|
    |acc_2_fu_830                            |   32|   0|   32|          0|
    |acc_3_1_fu_742                          |   32|   0|   32|          0|
    |acc_4_1_fu_746                          |   32|   0|   32|          0|
    |acc_4_fu_834                            |   32|   0|   32|          0|
    |acc_5_1_fu_750                          |   32|   0|   32|          0|
    |acc_6_1_fu_754                          |   32|   0|   32|          0|
    |acc_6_fu_838                            |   32|   0|   32|          0|
    |acc_7_1_fu_758                          |   32|   0|   32|          0|
    |acc_8_1_fu_762                          |   32|   0|   32|          0|
    |acc_8_fu_842                            |   32|   0|   32|          0|
    |acc_9_1_fu_766                          |   32|   0|   32|          0|
    |acc_fu_826                              |   32|   0|   32|          0|
    |add_ln279_reg_11147                     |    4|   0|    4|          0|
    |add_ln302_reg_11142                     |    5|   0|    5|          0|
    |add_ln313_100_reg_15513                 |   32|   0|   32|          0|
    |add_ln313_108_reg_15918                 |   32|   0|   32|          0|
    |add_ln313_114_reg_15528                 |   32|   0|   32|          0|
    |add_ln313_117_reg_15923                 |   32|   0|   32|          0|
    |add_ln313_123_reg_15928                 |   32|   0|   32|          0|
    |add_ln313_129_reg_15543                 |   32|   0|   32|          0|
    |add_ln313_137_reg_15933                 |   32|   0|   32|          0|
    |add_ln313_144_reg_15938                 |   32|   0|   32|          0|
    |add_ln313_150_reg_15943                 |   32|   0|   32|          0|
    |add_ln313_156_reg_15568                 |   32|   0|   32|          0|
    |add_ln313_164_reg_15948                 |   32|   0|   32|          0|
    |add_ln313_171_reg_15583                 |   32|   0|   32|          0|
    |add_ln313_173_reg_15953                 |   32|   0|   32|          0|
    |add_ln313_179_reg_15958                 |   32|   0|   32|          0|
    |add_ln313_17_reg_15433                  |   32|   0|   32|          0|
    |add_ln313_185_reg_15598                 |   32|   0|   32|          0|
    |add_ln313_193_reg_15963                 |   32|   0|   32|          0|
    |add_ln313_200_reg_15968                 |   32|   0|   32|          0|
    |add_ln313_206_reg_15973                 |   32|   0|   32|          0|
    |add_ln313_212_reg_15623                 |   32|   0|   32|          0|
    |add_ln313_220_reg_15978                 |   32|   0|   32|          0|
    |add_ln313_227_reg_15638                 |   32|   0|   32|          0|
    |add_ln313_229_reg_15983                 |   32|   0|   32|          0|
    |add_ln313_235_reg_15988                 |   32|   0|   32|          0|
    |add_ln313_241_reg_15653                 |   32|   0|   32|          0|
    |add_ln313_249_reg_15993                 |   32|   0|   32|          0|
    |add_ln313_256_reg_15998                 |   32|   0|   32|          0|
    |add_ln313_25_reg_15868                  |   32|   0|   32|          0|
    |add_ln313_262_reg_16003                 |   32|   0|   32|          0|
    |add_ln313_268_reg_15678                 |   32|   0|   32|          0|
    |add_ln313_276_reg_16008                 |   32|   0|   32|          0|
    |add_ln313_283_reg_15693                 |   32|   0|   32|          0|
    |add_ln313_285_reg_16013                 |   32|   0|   32|          0|
    |add_ln313_291_reg_16018                 |   32|   0|   32|          0|
    |add_ln313_297_reg_15708                 |   32|   0|   32|          0|
    |add_ln313_305_reg_16023                 |   32|   0|   32|          0|
    |add_ln313_312_reg_16028                 |   32|   0|   32|          0|
    |add_ln313_318_reg_16033                 |   32|   0|   32|          0|
    |add_ln313_324_reg_15733                 |   32|   0|   32|          0|
    |add_ln313_32_reg_15873                  |   32|   0|   32|          0|
    |add_ln313_332_reg_16038                 |   32|   0|   32|          0|
    |add_ln313_338_reg_15748                 |   32|   0|   32|          0|
    |add_ln313_339_reg_15753                 |   32|   0|   32|          0|
    |add_ln313_341_reg_16043                 |   32|   0|   32|          0|
    |add_ln313_347_reg_16048                 |   32|   0|   32|          0|
    |add_ln313_353_reg_15768                 |   32|   0|   32|          0|
    |add_ln313_361_reg_16053                 |   32|   0|   32|          0|
    |add_ln313_368_reg_16058                 |   32|   0|   32|          0|
    |add_ln313_374_reg_16063                 |   32|   0|   32|          0|
    |add_ln313_380_reg_15793                 |   32|   0|   32|          0|
    |add_ln313_388_reg_16068                 |   32|   0|   32|          0|
    |add_ln313_38_reg_15878                  |   32|   0|   32|          0|
    |add_ln313_394_reg_15808                 |   32|   0|   32|          0|
    |add_ln313_395_reg_15813                 |   32|   0|   32|          0|
    |add_ln313_397_reg_16073                 |   32|   0|   32|          0|
    |add_ln313_403_reg_16078                 |   32|   0|   32|          0|
    |add_ln313_409_reg_15828                 |   32|   0|   32|          0|
    |add_ln313_417_reg_16083                 |   32|   0|   32|          0|
    |add_ln313_424_reg_16088                 |   32|   0|   32|          0|
    |add_ln313_430_reg_16093                 |   32|   0|   32|          0|
    |add_ln313_436_reg_15853                 |   32|   0|   32|          0|
    |add_ln313_444_reg_16098                 |   32|   0|   32|          0|
    |add_ln313_44_reg_15458                  |   32|   0|   32|          0|
    |add_ln313_4_reg_15468                   |   32|   0|   32|          0|
    |add_ln313_52_reg_15883                  |   32|   0|   32|          0|
    |add_ln313_5_reg_15888                   |   32|   0|   32|          0|
    |add_ln313_61_reg_15893                  |   32|   0|   32|          0|
    |add_ln313_67_reg_15898                  |   32|   0|   32|          0|
    |add_ln313_73_reg_15488                  |   32|   0|   32|          0|
    |add_ln313_81_reg_15903                  |   32|   0|   32|          0|
    |add_ln313_88_reg_15908                  |   32|   0|   32|          0|
    |add_ln313_94_reg_15913                  |   32|   0|   32|          0|
    |add_ln313_reg_15863                     |   32|   0|   32|          0|
    |ap_CS_fsm                               |    1|   0|    1|          0|
    |ap_done_reg                             |    1|   0|    1|          0|
    |ap_enable_reg_pp0_iter1                 |    1|   0|    1|          0|
    |ap_enable_reg_pp0_iter10                |    1|   0|    1|          0|
    |ap_enable_reg_pp0_iter2                 |    1|   0|    1|          0|
    |ap_enable_reg_pp0_iter3                 |    1|   0|    1|          0|
    |ap_enable_reg_pp0_iter4                 |    1|   0|    1|          0|
    |ap_enable_reg_pp0_iter5                 |    1|   0|    1|          0|
    |ap_enable_reg_pp0_iter6                 |    1|   0|    1|          0|
    |ap_enable_reg_pp0_iter7                 |    1|   0|    1|          0|
    |ap_enable_reg_pp0_iter8                 |    1|   0|    1|          0|
    |ap_enable_reg_pp0_iter9                 |    1|   0|    1|          0|
    |ap_loop_exit_ready_pp0_iter1_reg        |    1|   0|    1|          0|
    |ap_loop_exit_ready_pp0_iter2_reg        |    1|   0|    1|          0|
    |ap_loop_exit_ready_pp0_iter3_reg        |    1|   0|    1|          0|
    |ap_loop_exit_ready_pp0_iter4_reg        |    1|   0|    1|          0|
    |ap_loop_exit_ready_pp0_iter5_reg        |    1|   0|    1|          0|
    |ap_loop_exit_ready_pp0_iter6_reg        |    1|   0|    1|          0|
    |ap_loop_exit_ready_pp0_iter7_reg        |    1|   0|    1|          0|
    |ap_loop_exit_ready_pp0_iter8_reg        |    1|   0|    1|          0|
    |ap_loop_exit_ready_pp0_iter9_reg        |    1|   0|    1|          0|
    |co_fu_722                               |    2|   0|    2|          0|
    |first_iter_9_reg_11138                  |    1|   0|    1|          0|
    |icmp_ln277_reg_11115                    |    1|   0|    1|          0|
    |icmp_ln279_1_reg_11580                  |    1|   0|    1|          0|
    |indvar_flatten140_fu_726                |    5|   0|    5|          0|
    |mul_ln313_107_reg_14568                 |   32|   0|   32|          0|
    |mul_ln313_108_reg_14573                 |   32|   0|   32|          0|
    |mul_ln313_109_reg_15098                 |   32|   0|   32|          0|
    |mul_ln313_10_reg_12777                  |   32|   0|   32|          0|
    |mul_ln313_111_reg_14578                 |   32|   0|   32|          0|
    |mul_ln313_112_reg_14583                 |   32|   0|   32|          0|
    |mul_ln313_113_reg_14588                 |   32|   0|   32|          0|
    |mul_ln313_114_reg_15103                 |   32|   0|   32|          0|
    |mul_ln313_116_reg_15108                 |   32|   0|   32|          0|
    |mul_ln313_11_reg_14993                  |   32|   0|   32|          0|
    |mul_ln313_121_reg_14593                 |   32|   0|   32|          0|
    |mul_ln313_122_reg_15113                 |   32|   0|   32|          0|
    |mul_ln313_123_reg_15118                 |   32|   0|   32|          0|
    |mul_ln313_124_reg_15123                 |   32|   0|   32|          0|
    |mul_ln313_126_reg_14598                 |   32|   0|   32|          0|
    |mul_ln313_12_reg_14037                  |   32|   0|   32|          0|
    |mul_ln313_130_reg_14603                 |   32|   0|   32|          0|
    |mul_ln313_131_reg_15128                 |   32|   0|   32|          0|
    |mul_ln313_138_reg_14608                 |   32|   0|   32|          0|
    |mul_ln313_142_reg_15133                 |   32|   0|   32|          0|
    |mul_ln313_143_reg_15138                 |   32|   0|   32|          0|
    |mul_ln313_144_reg_14613                 |   32|   0|   32|          0|
    |mul_ln313_145_reg_15143                 |   32|   0|   32|          0|
    |mul_ln313_146_reg_15148                 |   32|   0|   32|          0|
    |mul_ln313_148_reg_14618                 |   32|   0|   32|          0|
    |mul_ln313_14_reg_14998                  |   32|   0|   32|          0|
    |mul_ln313_151_reg_14623                 |   32|   0|   32|          0|
    |mul_ln313_153_reg_14628                 |   32|   0|   32|          0|
    |mul_ln313_163_reg_14633                 |   32|   0|   32|          0|
    |mul_ln313_164_reg_14638                 |   32|   0|   32|          0|
    |mul_ln313_165_reg_15153                 |   32|   0|   32|          0|
    |mul_ln313_167_reg_14643                 |   32|   0|   32|          0|
    |mul_ln313_168_reg_15158                 |   32|   0|   32|          0|
    |mul_ln313_169_reg_14648                 |   32|   0|   32|          0|
    |mul_ln313_170_reg_15163                 |   32|   0|   32|          0|
    |mul_ln313_172_reg_15168                 |   32|   0|   32|          0|
    |mul_ln313_177_reg_14653                 |   32|   0|   32|          0|
    |mul_ln313_178_reg_15173                 |   32|   0|   32|          0|
    |mul_ln313_179_reg_15178                 |   32|   0|   32|          0|
    |mul_ln313_180_reg_14658                 |   32|   0|   32|          0|
    |mul_ln313_182_reg_14663                 |   32|   0|   32|          0|
    |mul_ln313_186_reg_14668                 |   32|   0|   32|          0|
    |mul_ln313_187_reg_15183                 |   32|   0|   32|          0|
    |mul_ln313_18_reg_14473                  |   32|   0|   32|          0|
    |mul_ln313_194_reg_14673                 |   32|   0|   32|          0|
    |mul_ln313_198_reg_15188                 |   32|   0|   32|          0|
    |mul_ln313_199_reg_15193                 |   32|   0|   32|          0|
    |mul_ln313_19_reg_15003                  |   32|   0|   32|          0|
    |mul_ln313_1_reg_14463                   |   32|   0|   32|          0|
    |mul_ln313_200_reg_14678                 |   32|   0|   32|          0|
    |mul_ln313_201_reg_15198                 |   32|   0|   32|          0|
    |mul_ln313_202_reg_15203                 |   32|   0|   32|          0|
    |mul_ln313_204_reg_14683                 |   32|   0|   32|          0|
    |mul_ln313_207_reg_14688                 |   32|   0|   32|          0|
    |mul_ln313_209_reg_14693                 |   32|   0|   32|          0|
    |mul_ln313_219_reg_14698                 |   32|   0|   32|          0|
    |mul_ln313_220_reg_14703                 |   32|   0|   32|          0|
    |mul_ln313_221_reg_15208                 |   32|   0|   32|          0|
    |mul_ln313_223_reg_14708                 |   32|   0|   32|          0|
    |mul_ln313_224_reg_15213                 |   32|   0|   32|          0|
    |mul_ln313_225_reg_14713                 |   32|   0|   32|          0|
    |mul_ln313_226_reg_15218                 |   32|   0|   32|          0|
    |mul_ln313_228_reg_15223                 |   32|   0|   32|          0|
    |mul_ln313_233_reg_14718                 |   32|   0|   32|          0|
    |mul_ln313_234_reg_15228                 |   32|   0|   32|          0|
    |mul_ln313_235_reg_15233                 |   32|   0|   32|          0|
    |mul_ln313_236_reg_14723                 |   32|   0|   32|          0|
    |mul_ln313_238_reg_14728                 |   32|   0|   32|          0|
    |mul_ln313_242_reg_14733                 |   32|   0|   32|          0|
    |mul_ln313_243_reg_15238                 |   32|   0|   32|          0|
    |mul_ln313_250_reg_14738                 |   32|   0|   32|          0|
    |mul_ln313_254_reg_15243                 |   32|   0|   32|          0|
    |mul_ln313_255_reg_15248                 |   32|   0|   32|          0|
    |mul_ln313_256_reg_14743                 |   32|   0|   32|          0|
    |mul_ln313_257_reg_15253                 |   32|   0|   32|          0|
    |mul_ln313_258_reg_15258                 |   32|   0|   32|          0|
    |mul_ln313_260_reg_14748                 |   32|   0|   32|          0|
    |mul_ln313_263_reg_14753                 |   32|   0|   32|          0|
    |mul_ln313_265_reg_14758                 |   32|   0|   32|          0|
    |mul_ln313_26_reg_14478                  |   32|   0|   32|          0|
    |mul_ln313_275_reg_14763                 |   32|   0|   32|          0|
    |mul_ln313_276_reg_14768                 |   32|   0|   32|          0|
    |mul_ln313_277_reg_15263                 |   32|   0|   32|          0|
    |mul_ln313_279_reg_14773                 |   32|   0|   32|          0|
    |mul_ln313_280_reg_15268                 |   32|   0|   32|          0|
    |mul_ln313_281_reg_14778                 |   32|   0|   32|          0|
    |mul_ln313_282_reg_15273                 |   32|   0|   32|          0|
    |mul_ln313_284_reg_15278                 |   32|   0|   32|          0|
    |mul_ln313_289_reg_14783                 |   32|   0|   32|          0|
    |mul_ln313_290_reg_15283                 |   32|   0|   32|          0|
    |mul_ln313_291_reg_15288                 |   32|   0|   32|          0|
    |mul_ln313_292_reg_14788                 |   32|   0|   32|          0|
    |mul_ln313_294_reg_14793                 |   32|   0|   32|          0|
    |mul_ln313_298_reg_14798                 |   32|   0|   32|          0|
    |mul_ln313_299_reg_15293                 |   32|   0|   32|          0|
    |mul_ln313_2_reg_14983                   |   32|   0|   32|          0|
    |mul_ln313_306_reg_14803                 |   32|   0|   32|          0|
    |mul_ln313_30_reg_15008                  |   32|   0|   32|          0|
    |mul_ln313_310_reg_15298                 |   32|   0|   32|          0|
    |mul_ln313_311_reg_15303                 |   32|   0|   32|          0|
    |mul_ln313_312_reg_14808                 |   32|   0|   32|          0|
    |mul_ln313_313_reg_15308                 |   32|   0|   32|          0|
    |mul_ln313_314_reg_15313                 |   32|   0|   32|          0|
    |mul_ln313_316_reg_14813                 |   32|   0|   32|          0|
    |mul_ln313_319_reg_14818                 |   32|   0|   32|          0|
    |mul_ln313_31_reg_15013                  |   32|   0|   32|          0|
    |mul_ln313_321_reg_14823                 |   32|   0|   32|          0|
    |mul_ln313_32_reg_14483                  |   32|   0|   32|          0|
    |mul_ln313_331_reg_14828                 |   32|   0|   32|          0|
    |mul_ln313_332_reg_14833                 |   32|   0|   32|          0|
    |mul_ln313_333_reg_15318                 |   32|   0|   32|          0|
    |mul_ln313_335_reg_14838                 |   32|   0|   32|          0|
    |mul_ln313_336_reg_14843                 |   32|   0|   32|          0|
    |mul_ln313_337_reg_14848                 |   32|   0|   32|          0|
    |mul_ln313_338_reg_15323                 |   32|   0|   32|          0|
    |mul_ln313_33_reg_15018                  |   32|   0|   32|          0|
    |mul_ln313_340_reg_15328                 |   32|   0|   32|          0|
    |mul_ln313_345_reg_14853                 |   32|   0|   32|          0|
    |mul_ln313_346_reg_15333                 |   32|   0|   32|          0|
    |mul_ln313_347_reg_15338                 |   32|   0|   32|          0|
    |mul_ln313_348_reg_14858                 |   32|   0|   32|          0|
    |mul_ln313_34_reg_15023                  |   32|   0|   32|          0|
    |mul_ln313_350_reg_14863                 |   32|   0|   32|          0|
    |mul_ln313_354_reg_14868                 |   32|   0|   32|          0|
    |mul_ln313_355_reg_15343                 |   32|   0|   32|          0|
    |mul_ln313_362_reg_14873                 |   32|   0|   32|          0|
    |mul_ln313_366_reg_15348                 |   32|   0|   32|          0|
    |mul_ln313_367_reg_15353                 |   32|   0|   32|          0|
    |mul_ln313_368_reg_14878                 |   32|   0|   32|          0|
    |mul_ln313_369_reg_15358                 |   32|   0|   32|          0|
    |mul_ln313_36_reg_14488                  |   32|   0|   32|          0|
    |mul_ln313_370_reg_15363                 |   32|   0|   32|          0|
    |mul_ln313_372_reg_14883                 |   32|   0|   32|          0|
    |mul_ln313_375_reg_14888                 |   32|   0|   32|          0|
    |mul_ln313_377_reg_14893                 |   32|   0|   32|          0|
    |mul_ln313_387_reg_14898                 |   32|   0|   32|          0|
    |mul_ln313_388_reg_14903                 |   32|   0|   32|          0|
    |mul_ln313_389_reg_15368                 |   32|   0|   32|          0|
    |mul_ln313_391_reg_14908                 |   32|   0|   32|          0|
    |mul_ln313_392_reg_14913                 |   32|   0|   32|          0|
    |mul_ln313_393_reg_14918                 |   32|   0|   32|          0|
    |mul_ln313_394_reg_15373                 |   32|   0|   32|          0|
    |mul_ln313_396_reg_15378                 |   32|   0|   32|          0|
    |mul_ln313_39_reg_14493                  |   32|   0|   32|          0|
    |mul_ln313_401_reg_14923                 |   32|   0|   32|          0|
    |mul_ln313_402_reg_15383                 |   32|   0|   32|          0|
    |mul_ln313_403_reg_15388                 |   32|   0|   32|          0|
    |mul_ln313_404_reg_14928                 |   32|   0|   32|          0|
    |mul_ln313_406_reg_14933                 |   32|   0|   32|          0|
    |mul_ln313_410_reg_14938                 |   32|   0|   32|          0|
    |mul_ln313_411_reg_15393                 |   32|   0|   32|          0|
    |mul_ln313_418_reg_14943                 |   32|   0|   32|          0|
    |mul_ln313_41_reg_14498                  |   32|   0|   32|          0|
    |mul_ln313_422_reg_15398                 |   32|   0|   32|          0|
    |mul_ln313_423_reg_15403                 |   32|   0|   32|          0|
    |mul_ln313_424_reg_14948                 |   32|   0|   32|          0|
    |mul_ln313_425_reg_15408                 |   32|   0|   32|          0|
    |mul_ln313_426_reg_15413                 |   32|   0|   32|          0|
    |mul_ln313_428_reg_14953                 |   32|   0|   32|          0|
    |mul_ln313_431_reg_14958                 |   32|   0|   32|          0|
    |mul_ln313_433_reg_14963                 |   32|   0|   32|          0|
    |mul_ln313_443_reg_14968                 |   32|   0|   32|          0|
    |mul_ln313_444_reg_14973                 |   32|   0|   32|          0|
    |mul_ln313_445_reg_15418                 |   32|   0|   32|          0|
    |mul_ln313_447_reg_14978                 |   32|   0|   32|          0|
    |mul_ln313_4_reg_14988                   |   32|   0|   32|          0|
    |mul_ln313_51_reg_14503                  |   32|   0|   32|          0|
    |mul_ln313_52_reg_14508                  |   32|   0|   32|          0|
    |mul_ln313_53_reg_15028                  |   32|   0|   32|          0|
    |mul_ln313_55_reg_14513                  |   32|   0|   32|          0|
    |mul_ln313_56_reg_15043                  |   32|   0|   32|          0|
    |mul_ln313_57_reg_14523                  |   32|   0|   32|          0|
    |mul_ln313_58_reg_15048                  |   32|   0|   32|          0|
    |mul_ln313_60_reg_15053                  |   32|   0|   32|          0|
    |mul_ln313_65_reg_14528                  |   32|   0|   32|          0|
    |mul_ln313_66_reg_15058                  |   32|   0|   32|          0|
    |mul_ln313_67_reg_15063                  |   32|   0|   32|          0|
    |mul_ln313_68_reg_15068                  |   32|   0|   32|          0|
    |mul_ln313_70_reg_14533                  |   32|   0|   32|          0|
    |mul_ln313_74_reg_14538                  |   32|   0|   32|          0|
    |mul_ln313_75_reg_15073                  |   32|   0|   32|          0|
    |mul_ln313_82_reg_14543                  |   32|   0|   32|          0|
    |mul_ln313_86_reg_15078                  |   32|   0|   32|          0|
    |mul_ln313_87_reg_15083                  |   32|   0|   32|          0|
    |mul_ln313_88_reg_14548                  |   32|   0|   32|          0|
    |mul_ln313_89_reg_15088                  |   32|   0|   32|          0|
    |mul_ln313_90_reg_15093                  |   32|   0|   32|          0|
    |mul_ln313_92_reg_14553                  |   32|   0|   32|          0|
    |mul_ln313_95_reg_14558                  |   32|   0|   32|          0|
    |mul_ln313_97_reg_14563                  |   32|   0|   32|          0|
    |mul_ln313_9_reg_14468                   |   32|   0|   32|          0|
    |select_ln277_1_reg_11126                |    2|   0|    2|          0|
    |select_ln277_reg_11119                  |    4|   0|    4|          0|
    |select_ln302_101_reg_13977              |   16|   0|   16|          0|
    |select_ln302_103_reg_13988              |   16|   0|   16|          0|
    |select_ln302_106_reg_14027              |   16|   0|   16|          0|
    |select_ln302_108_reg_14443              |   16|   0|   16|          0|
    |select_ln302_110_reg_14453              |   16|   0|   16|          0|
    |select_ln302_12_reg_11629               |   16|   0|   16|          0|
    |select_ln302_15_reg_13126               |   16|   0|   16|          0|
    |select_ln302_19_reg_13152               |   16|   0|   16|          0|
    |select_ln302_1_reg_14042                |   16|   0|   16|          0|
    |select_ln302_22_reg_13164               |   16|   0|   16|          0|
    |select_ln302_27_reg_13200               |   16|   0|   16|          0|
    |select_ln302_29_reg_13213               |   16|   0|   16|          0|
    |select_ln302_35_reg_13261               |   16|   0|   16|          0|
    |select_ln302_43_reg_13332               |   16|   0|   16|          0|
    |select_ln302_5_reg_12734                |   16|   0|   16|          0|
    |select_ln302_73_reg_13727               |   16|   0|   16|          0|
    |select_ln302_82_reg_13811               |   16|   0|   16|          0|
    |select_ln302_87_reg_13848               |   16|   0|   16|          0|
    |select_ln302_8_reg_13109                |   16|   0|   16|          0|
    |select_ln302_90_reg_13877               |   16|   0|   16|          0|
    |select_ln302_95_reg_13910               |   16|   0|   16|          0|
    |select_ln302_98_reg_13960               |   16|   0|   16|          0|
    |sext_ln302_100_reg_13750                |   32|   0|   32|          0|
    |sext_ln302_100_reg_13750_pp0_iter6_reg  |   32|   0|   32|          0|
    |sext_ln302_101_reg_13759                |   32|   0|   32|          0|
    |sext_ln302_102_reg_13768                |   32|   0|   32|          0|
    |sext_ln302_102_reg_13768_pp0_iter6_reg  |   32|   0|   32|          0|
    |sext_ln302_103_reg_13777                |   32|   0|   32|          0|
    |sext_ln302_103_reg_13777_pp0_iter6_reg  |   32|   0|   32|          0|
    |sext_ln302_112_reg_13803                |   32|   0|   32|          0|
    |sext_ln302_112_reg_13803_pp0_iter6_reg  |   32|   0|   32|          0|
    |sext_ln302_113_reg_14243                |   32|   0|   32|          0|
    |sext_ln302_114_reg_14251                |   32|   0|   32|          0|
    |sext_ln302_115_reg_13816                |   32|   0|   32|          0|
    |sext_ln302_116_reg_13824                |   32|   0|   32|          0|
    |sext_ln302_116_reg_13824_pp0_iter6_reg  |   32|   0|   32|          0|
    |sext_ln302_117_reg_13832                |   32|   0|   32|          0|
    |sext_ln302_118_reg_13840                |   32|   0|   32|          0|
    |sext_ln302_118_reg_13840_pp0_iter6_reg  |   32|   0|   32|          0|
    |sext_ln302_119_reg_14258                |   32|   0|   32|          0|
    |sext_ln302_11_reg_13098                 |   32|   0|   32|          0|
    |sext_ln302_11_reg_13098_pp0_iter6_reg   |   32|   0|   32|          0|
    |sext_ln302_128_reg_13870                |   32|   0|   32|          0|
    |sext_ln302_128_reg_13870_pp0_iter6_reg  |   32|   0|   32|          0|
    |sext_ln302_129_reg_14323                |   32|   0|   32|          0|
    |sext_ln302_131_reg_13882                |   32|   0|   32|          0|
    |sext_ln302_132_reg_13889                |   32|   0|   32|          0|
    |sext_ln302_132_reg_13889_pp0_iter6_reg  |   32|   0|   32|          0|
    |sext_ln302_133_reg_13896                |   32|   0|   32|          0|
    |sext_ln302_134_reg_13903                |   32|   0|   32|          0|
    |sext_ln302_134_reg_13903_pp0_iter6_reg  |   32|   0|   32|          0|
    |sext_ln302_13_reg_12749                 |   32|   0|   32|          0|
    |sext_ln302_13_reg_12749_pp0_iter5_reg   |   32|   0|   32|          0|
    |sext_ln302_144_reg_13954                |   32|   0|   32|          0|
    |sext_ln302_144_reg_13954_pp0_iter6_reg  |   32|   0|   32|          0|
    |sext_ln302_147_reg_13965                |   32|   0|   32|          0|
    |sext_ln302_148_reg_13971                |   32|   0|   32|          0|
    |sext_ln302_148_reg_13971_pp0_iter6_reg  |   32|   0|   32|          0|
    |sext_ln302_150_reg_13982                |   32|   0|   32|          0|
    |sext_ln302_150_reg_13982_pp0_iter6_reg  |   32|   0|   32|          0|
    |sext_ln302_17_reg_13114                 |   32|   0|   32|          0|
    |sext_ln302_18_reg_13120                 |   32|   0|   32|          0|
    |sext_ln302_18_reg_13120_pp0_iter6_reg   |   32|   0|   32|          0|
    |sext_ln302_19_reg_14079                 |   32|   0|   32|          0|
    |sext_ln302_1_reg_12722                  |   32|   0|   32|          0|
    |sext_ln302_1_reg_12722_pp0_iter5_reg    |   32|   0|   32|          0|
    |sext_ln302_20_reg_12761                 |   32|   0|   32|          0|
    |sext_ln302_20_reg_12761_pp0_iter5_reg   |   32|   0|   32|          0|
    |sext_ln302_21_reg_11634                 |   32|   0|   32|          0|
    |sext_ln302_24_reg_13131                 |   32|   0|   32|          0|
    |sext_ln302_25_reg_13138                 |   32|   0|   32|          0|
    |sext_ln302_26_reg_13145                 |   32|   0|   32|          0|
    |sext_ln302_26_reg_13145_pp0_iter6_reg   |   32|   0|   32|          0|
    |sext_ln302_28_reg_13157                 |   32|   0|   32|          0|
    |sext_ln302_28_reg_13157_pp0_iter6_reg   |   32|   0|   32|          0|
    |sext_ln302_29_reg_14101                 |   32|   0|   32|          0|
    |sext_ln302_31_reg_13169                 |   32|   0|   32|          0|
    |sext_ln302_32_reg_13176                 |   32|   0|   32|          0|
    |sext_ln302_32_reg_13176_pp0_iter6_reg   |   32|   0|   32|          0|
    |sext_ln302_33_reg_13184                 |   32|   0|   32|          0|
    |sext_ln302_34_reg_13192                 |   32|   0|   32|          0|
    |sext_ln302_34_reg_13192_pp0_iter6_reg   |   32|   0|   32|          0|
    |sext_ln302_35_reg_14114                 |   32|   0|   32|          0|
    |sext_ln302_36_reg_13205                 |   32|   0|   32|          0|
    |sext_ln302_36_reg_13205_pp0_iter6_reg   |   32|   0|   32|          0|
    |sext_ln302_38_reg_13218                 |   32|   0|   32|          0|
    |sext_ln302_39_reg_13226                 |   32|   0|   32|          0|
    |sext_ln302_39_reg_13226_pp0_iter6_reg   |   32|   0|   32|          0|
    |sext_ln302_3_reg_14047                  |   32|   0|   32|          0|
    |sext_ln302_40_reg_13234                 |   32|   0|   32|          0|
    |sext_ln302_40_reg_13234_pp0_iter6_reg   |   32|   0|   32|          0|
    |sext_ln302_41_reg_13243                 |   32|   0|   32|          0|
    |sext_ln302_41_reg_13243_pp0_iter6_reg   |   32|   0|   32|          0|
    |sext_ln302_42_reg_13252                 |   32|   0|   32|          0|
    |sext_ln302_42_reg_13252_pp0_iter6_reg   |   32|   0|   32|          0|
    |sext_ln302_43_reg_14127                 |   32|   0|   32|          0|
    |sext_ln302_44_reg_13266                 |   32|   0|   32|          0|
    |sext_ln302_44_reg_13266_pp0_iter6_reg   |   32|   0|   32|          0|
    |sext_ln302_45_reg_13275                 |   32|   0|   32|          0|
    |sext_ln302_46_reg_13284                 |   32|   0|   32|          0|
    |sext_ln302_46_reg_13284_pp0_iter6_reg   |   32|   0|   32|          0|
    |sext_ln302_47_reg_13293                 |   32|   0|   32|          0|
    |sext_ln302_47_reg_13293_pp0_iter6_reg   |   32|   0|   32|          0|
    |sext_ln302_48_reg_13302                 |   32|   0|   32|          0|
    |sext_ln302_48_reg_13302_pp0_iter6_reg   |   32|   0|   32|          0|
    |sext_ln302_49_reg_13312                 |   32|   0|   32|          0|
    |sext_ln302_49_reg_13312_pp0_iter6_reg   |   32|   0|   32|          0|
    |sext_ln302_50_reg_13322                 |   32|   0|   32|          0|
    |sext_ln302_50_reg_13322_pp0_iter6_reg   |   32|   0|   32|          0|
    |sext_ln302_51_reg_14135                 |   32|   0|   32|          0|
    |sext_ln302_52_reg_13337                 |   32|   0|   32|          0|
    |sext_ln302_52_reg_13337_pp0_iter6_reg   |   32|   0|   32|          0|
    |sext_ln302_53_reg_13347                 |   32|   0|   32|          0|
    |sext_ln302_54_reg_13357                 |   32|   0|   32|          0|
    |sext_ln302_54_reg_13357_pp0_iter6_reg   |   32|   0|   32|          0|
    |sext_ln302_55_reg_13367                 |   32|   0|   32|          0|
    |sext_ln302_55_reg_13367_pp0_iter6_reg   |   32|   0|   32|          0|
    |sext_ln302_56_reg_13377                 |   32|   0|   32|          0|
    |sext_ln302_56_reg_13377_pp0_iter6_reg   |   32|   0|   32|          0|
    |sext_ln302_57_reg_13388                 |   32|   0|   32|          0|
    |sext_ln302_57_reg_13388_pp0_iter6_reg   |   32|   0|   32|          0|
    |sext_ln302_58_reg_13399                 |   32|   0|   32|          0|
    |sext_ln302_58_reg_13399_pp0_iter6_reg   |   32|   0|   32|          0|
    |sext_ln302_59_reg_13410                 |   32|   0|   32|          0|
    |sext_ln302_5_reg_13052                  |   32|   0|   32|          0|
    |sext_ln302_60_reg_13421                 |   32|   0|   32|          0|
    |sext_ln302_60_reg_13421_pp0_iter6_reg   |   32|   0|   32|          0|
    |sext_ln302_61_reg_13432                 |   32|   0|   32|          0|
    |sext_ln302_62_reg_13443                 |   32|   0|   32|          0|
    |sext_ln302_62_reg_13443_pp0_iter6_reg   |   32|   0|   32|          0|
    |sext_ln302_63_reg_13454                 |   32|   0|   32|          0|
    |sext_ln302_63_reg_13454_pp0_iter6_reg   |   32|   0|   32|          0|
    |sext_ln302_64_reg_13465                 |   32|   0|   32|          0|
    |sext_ln302_64_reg_13465_pp0_iter6_reg   |   32|   0|   32|          0|
    |sext_ln302_65_reg_13476                 |   32|   0|   32|          0|
    |sext_ln302_65_reg_13476_pp0_iter6_reg   |   32|   0|   32|          0|
    |sext_ln302_66_reg_13487                 |   32|   0|   32|          0|
    |sext_ln302_66_reg_13487_pp0_iter6_reg   |   32|   0|   32|          0|
    |sext_ln302_67_reg_13498                 |   32|   0|   32|          0|
    |sext_ln302_68_reg_13509                 |   32|   0|   32|          0|
    |sext_ln302_68_reg_13509_pp0_iter6_reg   |   32|   0|   32|          0|
    |sext_ln302_69_reg_13520                 |   32|   0|   32|          0|
    |sext_ln302_70_reg_13531                 |   32|   0|   32|          0|
    |sext_ln302_70_reg_13531_pp0_iter6_reg   |   32|   0|   32|          0|
    |sext_ln302_71_reg_13542                 |   32|   0|   32|          0|
    |sext_ln302_71_reg_13542_pp0_iter6_reg   |   32|   0|   32|          0|
    |sext_ln302_76_reg_12766                 |   32|   0|   32|          0|
    |sext_ln302_77_reg_11645                 |   32|   0|   32|          0|
    |sext_ln302_7_reg_13069                  |   32|   0|   32|          0|
    |sext_ln302_7_reg_13069_pp0_iter6_reg    |   32|   0|   32|          0|
    |sext_ln302_80_reg_13575                 |   32|   0|   32|          0|
    |sext_ln302_80_reg_13575_pp0_iter6_reg   |   32|   0|   32|          0|
    |sext_ln302_81_reg_13585                 |   32|   0|   32|          0|
    |sext_ln302_81_reg_13585_pp0_iter6_reg   |   32|   0|   32|          0|
    |sext_ln302_82_reg_13595                 |   32|   0|   32|          0|
    |sext_ln302_82_reg_13595_pp0_iter6_reg   |   32|   0|   32|          0|
    |sext_ln302_83_reg_13605                 |   32|   0|   32|          0|
    |sext_ln302_84_reg_13615                 |   32|   0|   32|          0|
    |sext_ln302_84_reg_13615_pp0_iter6_reg   |   32|   0|   32|          0|
    |sext_ln302_85_reg_13625                 |   32|   0|   32|          0|
    |sext_ln302_86_reg_13635                 |   32|   0|   32|          0|
    |sext_ln302_86_reg_13635_pp0_iter6_reg   |   32|   0|   32|          0|
    |sext_ln302_87_reg_13645                 |   32|   0|   32|          0|
    |sext_ln302_87_reg_13645_pp0_iter6_reg   |   32|   0|   32|          0|
    |sext_ln302_96_reg_13718                 |   32|   0|   32|          0|
    |sext_ln302_96_reg_13718_pp0_iter6_reg   |   32|   0|   32|          0|
    |sext_ln302_97_reg_14184                 |   32|   0|   32|          0|
    |sext_ln302_98_reg_13732                 |   32|   0|   32|          0|
    |sext_ln302_98_reg_13732_pp0_iter6_reg   |   32|   0|   32|          0|
    |sext_ln302_99_reg_13741                 |   32|   0|   32|          0|
    |sext_ln302_9_reg_13086                  |   32|   0|   32|          0|
    |tci_fu_718                              |    4|   0|    4|          0|
    |trunc_ln279_reg_11220                   |    1|   0|    1|          0|
    |w_buffer_10_load_reg_14143              |   16|   0|   16|          0|
    |w_buffer_12_load_reg_11640              |   16|   0|   16|          0|
    |w_buffer_15_load_reg_13570              |   16|   0|   16|          0|
    |w_buffer_17_load_reg_13667              |   16|   0|   16|          0|
    |w_buffer_19_load_reg_13684              |   16|   0|   16|          0|
    |w_buffer_1_load_reg_13047               |   16|   0|   16|          0|
    |w_buffer_22_load_reg_13701              |   16|   0|   16|          0|
    |w_buffer_24_load_reg_14192              |   16|   0|   16|          0|
    |w_buffer_26_load_reg_14209              |   16|   0|   16|          0|
    |w_buffer_29_load_reg_13786              |   16|   0|   16|          0|
    |w_buffer_31_load_reg_14238              |   16|   0|   16|          0|
    |w_buffer_33_load_reg_14277              |   16|   0|   16|          0|
    |w_buffer_36_load_reg_13853              |   16|   0|   16|          0|
    |w_buffer_38_load_reg_14306              |   16|   0|   16|          0|
    |w_buffer_40_load_reg_14342              |   16|   0|   16|          0|
    |w_buffer_43_load_reg_13915              |   16|   0|   16|          0|
    |w_buffer_45_load_reg_13932              |   16|   0|   16|          0|
    |w_buffer_47_load_reg_13949              |   16|   0|   16|          0|
    |w_buffer_50_load_reg_14005              |   16|   0|   16|          0|
    |w_buffer_52_load_reg_14404              |   16|   0|   16|          0|
    |w_buffer_54_load_reg_14421              |   16|   0|   16|          0|
    |w_buffer_5_load_reg_12739               |   16|   0|   16|          0|
    |w_buffer_8_load_reg_13553               |   16|   0|   16|          0|
    |zext_ln275_cast_reg_11110               |    3|   0|    5|          2|
    |zext_ln302_3_reg_11152                  |    8|   0|   64|         56|
    |zext_ln302_reg_11336                    |    5|   0|   64|         59|
    |first_iter_9_reg_11138                  |   64|  32|    1|          0|
    |icmp_ln277_reg_11115                    |   64|  32|    1|          0|
    |icmp_ln279_1_reg_11580                  |   64|  32|    1|          0|
    |select_ln277_1_reg_11126                |   64|  32|    2|          0|
    |sext_ln302_21_reg_11634                 |   64|  32|   32|          0|
    |sext_ln302_76_reg_12766                 |   64|  32|   32|          0|
    |sext_ln302_77_reg_11645                 |   64|  32|   32|          0|
    |trunc_ln279_reg_11220                   |   64|  32|    1|          0|
    |zext_ln302_3_reg_11152                  |   64|  32|   64|         56|
    |zext_ln302_reg_11336                    |   64|  32|   64|         59|
    +----------------------------------------+-----+----+-----+-----------+
    |Total                                   |15667| 320|15374|        232|
    +----------------------------------------+-----+----+-----+-----------+



================================================================
== Interface
================================================================
* Summary: 
+-----------------------+-----+-----+------------+-----------------------------------------------+--------------+
|       RTL Ports       | Dir | Bits|  Protocol  |                 Source Object                 |    C Type    |
+-----------------------+-----+-----+------------+-----------------------------------------------+--------------+
|ap_clk                 |   in|    1|  ap_ctrl_hs|  Conv77_Kernel_Pipeline_Compute_co_Compute_tci|  return value|
|ap_rst                 |   in|    1|  ap_ctrl_hs|  Conv77_Kernel_Pipeline_Compute_co_Compute_tci|  return value|
|ap_start               |   in|    1|  ap_ctrl_hs|  Conv77_Kernel_Pipeline_Compute_co_Compute_tci|  return value|
|ap_done                |  out|    1|  ap_ctrl_hs|  Conv77_Kernel_Pipeline_Compute_co_Compute_tci|  return value|
|ap_idle                |  out|    1|  ap_ctrl_hs|  Conv77_Kernel_Pipeline_Compute_co_Compute_tci|  return value|
|ap_ready               |  out|    1|  ap_ctrl_hs|  Conv77_Kernel_Pipeline_Compute_co_Compute_tci|  return value|
|acc_23_0               |   in|   32|     ap_none|                                       acc_23_0|        scalar|
|acc_22_0               |   in|   32|     ap_none|                                       acc_22_0|        scalar|
|acc_21_0               |   in|   32|     ap_none|                                       acc_21_0|        scalar|
|acc_20_0               |   in|   32|     ap_none|                                       acc_20_0|        scalar|
|acc_19_0               |   in|   32|     ap_none|                                       acc_19_0|        scalar|
|acc_18_0               |   in|   32|     ap_none|                                       acc_18_0|        scalar|
|acc_17_0               |   in|   32|     ap_none|                                       acc_17_0|        scalar|
|acc_16_0               |   in|   32|     ap_none|                                       acc_16_0|        scalar|
|acc_15_0               |   in|   32|     ap_none|                                       acc_15_0|        scalar|
|acc_14_0               |   in|   32|     ap_none|                                       acc_14_0|        scalar|
|acc_13_0               |   in|   32|     ap_none|                                       acc_13_0|        scalar|
|acc_12_0               |   in|   32|     ap_none|                                       acc_12_0|        scalar|
|acc_11_0               |   in|   32|     ap_none|                                       acc_11_0|        scalar|
|acc_10_0               |   in|   32|     ap_none|                                       acc_10_0|        scalar|
|acc_9_0                |   in|   32|     ap_none|                                        acc_9_0|        scalar|
|acc_8_0                |   in|   32|     ap_none|                                        acc_8_0|        scalar|
|acc_7_0                |   in|   32|     ap_none|                                        acc_7_0|        scalar|
|acc_6_0                |   in|   32|     ap_none|                                        acc_6_0|        scalar|
|acc_5_0                |   in|   32|     ap_none|                                        acc_5_0|        scalar|
|acc_4_0                |   in|   32|     ap_none|                                        acc_4_0|        scalar|
|acc_3_0                |   in|   32|     ap_none|                                        acc_3_0|        scalar|
|acc_2_0                |   in|   32|     ap_none|                                        acc_2_0|        scalar|
|acc_1_0                |   in|   32|     ap_none|                                        acc_1_0|        scalar|
|acc_0                  |   in|   32|     ap_none|                                          acc_0|        scalar|
|zext_ln275             |   in|    3|     ap_none|                                     zext_ln275|        scalar|
|w_buffer_address0      |  out|    8|   ap_memory|                                       w_buffer|         array|
|w_buffer_ce0           |  out|    1|   ap_memory|                                       w_buffer|         array|
|w_buffer_q0            |   in|   16|   ap_memory|                                       w_buffer|         array|
|w_buffer_1_address0    |  out|    8|   ap_memory|                                     w_buffer_1|         array|
|w_buffer_1_ce0         |  out|    1|   ap_memory|                                     w_buffer_1|         array|
|w_buffer_1_q0          |   in|   16|   ap_memory|                                     w_buffer_1|         array|
|w_buffer_2_address0    |  out|    8|   ap_memory|                                     w_buffer_2|         array|
|w_buffer_2_ce0         |  out|    1|   ap_memory|                                     w_buffer_2|         array|
|w_buffer_2_q0          |   in|   16|   ap_memory|                                     w_buffer_2|         array|
|w_buffer_3_address0    |  out|    8|   ap_memory|                                     w_buffer_3|         array|
|w_buffer_3_ce0         |  out|    1|   ap_memory|                                     w_buffer_3|         array|
|w_buffer_3_q0          |   in|   16|   ap_memory|                                     w_buffer_3|         array|
|w_buffer_4_address0    |  out|    8|   ap_memory|                                     w_buffer_4|         array|
|w_buffer_4_ce0         |  out|    1|   ap_memory|                                     w_buffer_4|         array|
|w_buffer_4_q0          |   in|   16|   ap_memory|                                     w_buffer_4|         array|
|w_buffer_5_address0    |  out|    8|   ap_memory|                                     w_buffer_5|         array|
|w_buffer_5_ce0         |  out|    1|   ap_memory|                                     w_buffer_5|         array|
|w_buffer_5_q0          |   in|   16|   ap_memory|                                     w_buffer_5|         array|
|w_buffer_6_address0    |  out|    8|   ap_memory|                                     w_buffer_6|         array|
|w_buffer_6_ce0         |  out|    1|   ap_memory|                                     w_buffer_6|         array|
|w_buffer_6_q0          |   in|   16|   ap_memory|                                     w_buffer_6|         array|
|w_buffer_7_address0    |  out|    8|   ap_memory|                                     w_buffer_7|         array|
|w_buffer_7_ce0         |  out|    1|   ap_memory|                                     w_buffer_7|         array|
|w_buffer_7_q0          |   in|   16|   ap_memory|                                     w_buffer_7|         array|
|w_buffer_8_address0    |  out|    8|   ap_memory|                                     w_buffer_8|         array|
|w_buffer_8_ce0         |  out|    1|   ap_memory|                                     w_buffer_8|         array|
|w_buffer_8_q0          |   in|   16|   ap_memory|                                     w_buffer_8|         array|
|w_buffer_9_address0    |  out|    8|   ap_memory|                                     w_buffer_9|         array|
|w_buffer_9_ce0         |  out|    1|   ap_memory|                                     w_buffer_9|         array|
|w_buffer_9_q0          |   in|   16|   ap_memory|                                     w_buffer_9|         array|
|w_buffer_10_address0   |  out|    8|   ap_memory|                                    w_buffer_10|         array|
|w_buffer_10_ce0        |  out|    1|   ap_memory|                                    w_buffer_10|         array|
|w_buffer_10_q0         |   in|   16|   ap_memory|                                    w_buffer_10|         array|
|w_buffer_11_address0   |  out|    8|   ap_memory|                                    w_buffer_11|         array|
|w_buffer_11_ce0        |  out|    1|   ap_memory|                                    w_buffer_11|         array|
|w_buffer_11_q0         |   in|   16|   ap_memory|                                    w_buffer_11|         array|
|w_buffer_12_address0   |  out|    8|   ap_memory|                                    w_buffer_12|         array|
|w_buffer_12_ce0        |  out|    1|   ap_memory|                                    w_buffer_12|         array|
|w_buffer_12_q0         |   in|   16|   ap_memory|                                    w_buffer_12|         array|
|w_buffer_13_address0   |  out|    8|   ap_memory|                                    w_buffer_13|         array|
|w_buffer_13_ce0        |  out|    1|   ap_memory|                                    w_buffer_13|         array|
|w_buffer_13_q0         |   in|   16|   ap_memory|                                    w_buffer_13|         array|
|w_buffer_14_address0   |  out|    8|   ap_memory|                                    w_buffer_14|         array|
|w_buffer_14_ce0        |  out|    1|   ap_memory|                                    w_buffer_14|         array|
|w_buffer_14_q0         |   in|   16|   ap_memory|                                    w_buffer_14|         array|
|w_buffer_15_address0   |  out|    8|   ap_memory|                                    w_buffer_15|         array|
|w_buffer_15_ce0        |  out|    1|   ap_memory|                                    w_buffer_15|         array|
|w_buffer_15_q0         |   in|   16|   ap_memory|                                    w_buffer_15|         array|
|w_buffer_16_address0   |  out|    8|   ap_memory|                                    w_buffer_16|         array|
|w_buffer_16_ce0        |  out|    1|   ap_memory|                                    w_buffer_16|         array|
|w_buffer_16_q0         |   in|   16|   ap_memory|                                    w_buffer_16|         array|
|w_buffer_17_address0   |  out|    8|   ap_memory|                                    w_buffer_17|         array|
|w_buffer_17_ce0        |  out|    1|   ap_memory|                                    w_buffer_17|         array|
|w_buffer_17_q0         |   in|   16|   ap_memory|                                    w_buffer_17|         array|
|w_buffer_18_address0   |  out|    8|   ap_memory|                                    w_buffer_18|         array|
|w_buffer_18_ce0        |  out|    1|   ap_memory|                                    w_buffer_18|         array|
|w_buffer_18_q0         |   in|   16|   ap_memory|                                    w_buffer_18|         array|
|w_buffer_19_address0   |  out|    8|   ap_memory|                                    w_buffer_19|         array|
|w_buffer_19_ce0        |  out|    1|   ap_memory|                                    w_buffer_19|         array|
|w_buffer_19_q0         |   in|   16|   ap_memory|                                    w_buffer_19|         array|
|w_buffer_20_address0   |  out|    8|   ap_memory|                                    w_buffer_20|         array|
|w_buffer_20_ce0        |  out|    1|   ap_memory|                                    w_buffer_20|         array|
|w_buffer_20_q0         |   in|   16|   ap_memory|                                    w_buffer_20|         array|
|w_buffer_21_address0   |  out|    8|   ap_memory|                                    w_buffer_21|         array|
|w_buffer_21_ce0        |  out|    1|   ap_memory|                                    w_buffer_21|         array|
|w_buffer_21_q0         |   in|   16|   ap_memory|                                    w_buffer_21|         array|
|w_buffer_22_address0   |  out|    8|   ap_memory|                                    w_buffer_22|         array|
|w_buffer_22_ce0        |  out|    1|   ap_memory|                                    w_buffer_22|         array|
|w_buffer_22_q0         |   in|   16|   ap_memory|                                    w_buffer_22|         array|
|w_buffer_23_address0   |  out|    8|   ap_memory|                                    w_buffer_23|         array|
|w_buffer_23_ce0        |  out|    1|   ap_memory|                                    w_buffer_23|         array|
|w_buffer_23_q0         |   in|   16|   ap_memory|                                    w_buffer_23|         array|
|w_buffer_24_address0   |  out|    8|   ap_memory|                                    w_buffer_24|         array|
|w_buffer_24_ce0        |  out|    1|   ap_memory|                                    w_buffer_24|         array|
|w_buffer_24_q0         |   in|   16|   ap_memory|                                    w_buffer_24|         array|
|w_buffer_25_address0   |  out|    8|   ap_memory|                                    w_buffer_25|         array|
|w_buffer_25_ce0        |  out|    1|   ap_memory|                                    w_buffer_25|         array|
|w_buffer_25_q0         |   in|   16|   ap_memory|                                    w_buffer_25|         array|
|w_buffer_26_address0   |  out|    8|   ap_memory|                                    w_buffer_26|         array|
|w_buffer_26_ce0        |  out|    1|   ap_memory|                                    w_buffer_26|         array|
|w_buffer_26_q0         |   in|   16|   ap_memory|                                    w_buffer_26|         array|
|w_buffer_27_address0   |  out|    8|   ap_memory|                                    w_buffer_27|         array|
|w_buffer_27_ce0        |  out|    1|   ap_memory|                                    w_buffer_27|         array|
|w_buffer_27_q0         |   in|   16|   ap_memory|                                    w_buffer_27|         array|
|w_buffer_28_address0   |  out|    8|   ap_memory|                                    w_buffer_28|         array|
|w_buffer_28_ce0        |  out|    1|   ap_memory|                                    w_buffer_28|         array|
|w_buffer_28_q0         |   in|   16|   ap_memory|                                    w_buffer_28|         array|
|w_buffer_29_address0   |  out|    8|   ap_memory|                                    w_buffer_29|         array|
|w_buffer_29_ce0        |  out|    1|   ap_memory|                                    w_buffer_29|         array|
|w_buffer_29_q0         |   in|   16|   ap_memory|                                    w_buffer_29|         array|
|w_buffer_30_address0   |  out|    8|   ap_memory|                                    w_buffer_30|         array|
|w_buffer_30_ce0        |  out|    1|   ap_memory|                                    w_buffer_30|         array|
|w_buffer_30_q0         |   in|   16|   ap_memory|                                    w_buffer_30|         array|
|w_buffer_31_address0   |  out|    8|   ap_memory|                                    w_buffer_31|         array|
|w_buffer_31_ce0        |  out|    1|   ap_memory|                                    w_buffer_31|         array|
|w_buffer_31_q0         |   in|   16|   ap_memory|                                    w_buffer_31|         array|
|w_buffer_32_address0   |  out|    8|   ap_memory|                                    w_buffer_32|         array|
|w_buffer_32_ce0        |  out|    1|   ap_memory|                                    w_buffer_32|         array|
|w_buffer_32_q0         |   in|   16|   ap_memory|                                    w_buffer_32|         array|
|w_buffer_33_address0   |  out|    8|   ap_memory|                                    w_buffer_33|         array|
|w_buffer_33_ce0        |  out|    1|   ap_memory|                                    w_buffer_33|         array|
|w_buffer_33_q0         |   in|   16|   ap_memory|                                    w_buffer_33|         array|
|w_buffer_34_address0   |  out|    8|   ap_memory|                                    w_buffer_34|         array|
|w_buffer_34_ce0        |  out|    1|   ap_memory|                                    w_buffer_34|         array|
|w_buffer_34_q0         |   in|   16|   ap_memory|                                    w_buffer_34|         array|
|w_buffer_35_address0   |  out|    8|   ap_memory|                                    w_buffer_35|         array|
|w_buffer_35_ce0        |  out|    1|   ap_memory|                                    w_buffer_35|         array|
|w_buffer_35_q0         |   in|   16|   ap_memory|                                    w_buffer_35|         array|
|w_buffer_36_address0   |  out|    8|   ap_memory|                                    w_buffer_36|         array|
|w_buffer_36_ce0        |  out|    1|   ap_memory|                                    w_buffer_36|         array|
|w_buffer_36_q0         |   in|   16|   ap_memory|                                    w_buffer_36|         array|
|w_buffer_37_address0   |  out|    8|   ap_memory|                                    w_buffer_37|         array|
|w_buffer_37_ce0        |  out|    1|   ap_memory|                                    w_buffer_37|         array|
|w_buffer_37_q0         |   in|   16|   ap_memory|                                    w_buffer_37|         array|
|w_buffer_38_address0   |  out|    8|   ap_memory|                                    w_buffer_38|         array|
|w_buffer_38_ce0        |  out|    1|   ap_memory|                                    w_buffer_38|         array|
|w_buffer_38_q0         |   in|   16|   ap_memory|                                    w_buffer_38|         array|
|w_buffer_39_address0   |  out|    8|   ap_memory|                                    w_buffer_39|         array|
|w_buffer_39_ce0        |  out|    1|   ap_memory|                                    w_buffer_39|         array|
|w_buffer_39_q0         |   in|   16|   ap_memory|                                    w_buffer_39|         array|
|w_buffer_40_address0   |  out|    8|   ap_memory|                                    w_buffer_40|         array|
|w_buffer_40_ce0        |  out|    1|   ap_memory|                                    w_buffer_40|         array|
|w_buffer_40_q0         |   in|   16|   ap_memory|                                    w_buffer_40|         array|
|w_buffer_41_address0   |  out|    8|   ap_memory|                                    w_buffer_41|         array|
|w_buffer_41_ce0        |  out|    1|   ap_memory|                                    w_buffer_41|         array|
|w_buffer_41_q0         |   in|   16|   ap_memory|                                    w_buffer_41|         array|
|w_buffer_42_address0   |  out|    8|   ap_memory|                                    w_buffer_42|         array|
|w_buffer_42_ce0        |  out|    1|   ap_memory|                                    w_buffer_42|         array|
|w_buffer_42_q0         |   in|   16|   ap_memory|                                    w_buffer_42|         array|
|w_buffer_43_address0   |  out|    8|   ap_memory|                                    w_buffer_43|         array|
|w_buffer_43_ce0        |  out|    1|   ap_memory|                                    w_buffer_43|         array|
|w_buffer_43_q0         |   in|   16|   ap_memory|                                    w_buffer_43|         array|
|w_buffer_44_address0   |  out|    8|   ap_memory|                                    w_buffer_44|         array|
|w_buffer_44_ce0        |  out|    1|   ap_memory|                                    w_buffer_44|         array|
|w_buffer_44_q0         |   in|   16|   ap_memory|                                    w_buffer_44|         array|
|w_buffer_45_address0   |  out|    8|   ap_memory|                                    w_buffer_45|         array|
|w_buffer_45_ce0        |  out|    1|   ap_memory|                                    w_buffer_45|         array|
|w_buffer_45_q0         |   in|   16|   ap_memory|                                    w_buffer_45|         array|
|w_buffer_46_address0   |  out|    8|   ap_memory|                                    w_buffer_46|         array|
|w_buffer_46_ce0        |  out|    1|   ap_memory|                                    w_buffer_46|         array|
|w_buffer_46_q0         |   in|   16|   ap_memory|                                    w_buffer_46|         array|
|w_buffer_47_address0   |  out|    8|   ap_memory|                                    w_buffer_47|         array|
|w_buffer_47_ce0        |  out|    1|   ap_memory|                                    w_buffer_47|         array|
|w_buffer_47_q0         |   in|   16|   ap_memory|                                    w_buffer_47|         array|
|w_buffer_48_address0   |  out|    8|   ap_memory|                                    w_buffer_48|         array|
|w_buffer_48_ce0        |  out|    1|   ap_memory|                                    w_buffer_48|         array|
|w_buffer_48_q0         |   in|   16|   ap_memory|                                    w_buffer_48|         array|
|w_buffer_49_address0   |  out|    8|   ap_memory|                                    w_buffer_49|         array|
|w_buffer_49_ce0        |  out|    1|   ap_memory|                                    w_buffer_49|         array|
|w_buffer_49_q0         |   in|   16|   ap_memory|                                    w_buffer_49|         array|
|w_buffer_50_address0   |  out|    8|   ap_memory|                                    w_buffer_50|         array|
|w_buffer_50_ce0        |  out|    1|   ap_memory|                                    w_buffer_50|         array|
|w_buffer_50_q0         |   in|   16|   ap_memory|                                    w_buffer_50|         array|
|w_buffer_51_address0   |  out|    8|   ap_memory|                                    w_buffer_51|         array|
|w_buffer_51_ce0        |  out|    1|   ap_memory|                                    w_buffer_51|         array|
|w_buffer_51_q0         |   in|   16|   ap_memory|                                    w_buffer_51|         array|
|w_buffer_52_address0   |  out|    8|   ap_memory|                                    w_buffer_52|         array|
|w_buffer_52_ce0        |  out|    1|   ap_memory|                                    w_buffer_52|         array|
|w_buffer_52_q0         |   in|   16|   ap_memory|                                    w_buffer_52|         array|
|w_buffer_53_address0   |  out|    8|   ap_memory|                                    w_buffer_53|         array|
|w_buffer_53_ce0        |  out|    1|   ap_memory|                                    w_buffer_53|         array|
|w_buffer_53_q0         |   in|   16|   ap_memory|                                    w_buffer_53|         array|
|w_buffer_54_address0   |  out|    8|   ap_memory|                                    w_buffer_54|         array|
|w_buffer_54_ce0        |  out|    1|   ap_memory|                                    w_buffer_54|         array|
|w_buffer_54_q0         |   in|   16|   ap_memory|                                    w_buffer_54|         array|
|w_buffer_55_address0   |  out|    8|   ap_memory|                                    w_buffer_55|         array|
|w_buffer_55_ce0        |  out|    1|   ap_memory|                                    w_buffer_55|         array|
|w_buffer_55_q0         |   in|   16|   ap_memory|                                    w_buffer_55|         array|
|hf_4                   |   in|    3|     ap_none|                                           hf_4|        scalar|
|x_buffer_address0      |  out|    5|   ap_memory|                                       x_buffer|         array|
|x_buffer_ce0           |  out|    1|   ap_memory|                                       x_buffer|         array|
|x_buffer_q0            |   in|   16|   ap_memory|                                       x_buffer|         array|
|x_buffer_1_address0    |  out|    5|   ap_memory|                                     x_buffer_1|         array|
|x_buffer_1_ce0         |  out|    1|   ap_memory|                                     x_buffer_1|         array|
|x_buffer_1_q0          |   in|   16|   ap_memory|                                     x_buffer_1|         array|
|x_buffer_2_address0    |  out|    5|   ap_memory|                                     x_buffer_2|         array|
|x_buffer_2_ce0         |  out|    1|   ap_memory|                                     x_buffer_2|         array|
|x_buffer_2_q0          |   in|   16|   ap_memory|                                     x_buffer_2|         array|
|x_buffer_3_address0    |  out|    5|   ap_memory|                                     x_buffer_3|         array|
|x_buffer_3_ce0         |  out|    1|   ap_memory|                                     x_buffer_3|         array|
|x_buffer_3_q0          |   in|   16|   ap_memory|                                     x_buffer_3|         array|
|x_buffer_4_address0    |  out|    5|   ap_memory|                                     x_buffer_4|         array|
|x_buffer_4_ce0         |  out|    1|   ap_memory|                                     x_buffer_4|         array|
|x_buffer_4_q0          |   in|   16|   ap_memory|                                     x_buffer_4|         array|
|x_buffer_5_address0    |  out|    5|   ap_memory|                                     x_buffer_5|         array|
|x_buffer_5_ce0         |  out|    1|   ap_memory|                                     x_buffer_5|         array|
|x_buffer_5_q0          |   in|   16|   ap_memory|                                     x_buffer_5|         array|
|x_buffer_6_address0    |  out|    5|   ap_memory|                                     x_buffer_6|         array|
|x_buffer_6_ce0         |  out|    1|   ap_memory|                                     x_buffer_6|         array|
|x_buffer_6_q0          |   in|   16|   ap_memory|                                     x_buffer_6|         array|
|x_buffer_7_address0    |  out|    5|   ap_memory|                                     x_buffer_7|         array|
|x_buffer_7_ce0         |  out|    1|   ap_memory|                                     x_buffer_7|         array|
|x_buffer_7_q0          |   in|   16|   ap_memory|                                     x_buffer_7|         array|
|x_buffer_8_address0    |  out|    5|   ap_memory|                                     x_buffer_8|         array|
|x_buffer_8_ce0         |  out|    1|   ap_memory|                                     x_buffer_8|         array|
|x_buffer_8_q0          |   in|   16|   ap_memory|                                     x_buffer_8|         array|
|x_buffer_9_address0    |  out|    5|   ap_memory|                                     x_buffer_9|         array|
|x_buffer_9_ce0         |  out|    1|   ap_memory|                                     x_buffer_9|         array|
|x_buffer_9_q0          |   in|   16|   ap_memory|                                     x_buffer_9|         array|
|x_buffer_10_address0   |  out|    5|   ap_memory|                                    x_buffer_10|         array|
|x_buffer_10_ce0        |  out|    1|   ap_memory|                                    x_buffer_10|         array|
|x_buffer_10_q0         |   in|   16|   ap_memory|                                    x_buffer_10|         array|
|x_buffer_11_address0   |  out|    5|   ap_memory|                                    x_buffer_11|         array|
|x_buffer_11_ce0        |  out|    1|   ap_memory|                                    x_buffer_11|         array|
|x_buffer_11_q0         |   in|   16|   ap_memory|                                    x_buffer_11|         array|
|x_buffer_12_address0   |  out|    5|   ap_memory|                                    x_buffer_12|         array|
|x_buffer_12_ce0        |  out|    1|   ap_memory|                                    x_buffer_12|         array|
|x_buffer_12_q0         |   in|   16|   ap_memory|                                    x_buffer_12|         array|
|x_buffer_13_address0   |  out|    5|   ap_memory|                                    x_buffer_13|         array|
|x_buffer_13_ce0        |  out|    1|   ap_memory|                                    x_buffer_13|         array|
|x_buffer_13_q0         |   in|   16|   ap_memory|                                    x_buffer_13|         array|
|x_buffer_14_address0   |  out|    5|   ap_memory|                                    x_buffer_14|         array|
|x_buffer_14_ce0        |  out|    1|   ap_memory|                                    x_buffer_14|         array|
|x_buffer_14_q0         |   in|   16|   ap_memory|                                    x_buffer_14|         array|
|x_buffer_15_address0   |  out|    5|   ap_memory|                                    x_buffer_15|         array|
|x_buffer_15_ce0        |  out|    1|   ap_memory|                                    x_buffer_15|         array|
|x_buffer_15_q0         |   in|   16|   ap_memory|                                    x_buffer_15|         array|
|x_buffer_16_address0   |  out|    5|   ap_memory|                                    x_buffer_16|         array|
|x_buffer_16_ce0        |  out|    1|   ap_memory|                                    x_buffer_16|         array|
|x_buffer_16_q0         |   in|   16|   ap_memory|                                    x_buffer_16|         array|
|x_buffer_17_address0   |  out|    5|   ap_memory|                                    x_buffer_17|         array|
|x_buffer_17_ce0        |  out|    1|   ap_memory|                                    x_buffer_17|         array|
|x_buffer_17_q0         |   in|   16|   ap_memory|                                    x_buffer_17|         array|
|x_buffer_18_address0   |  out|    5|   ap_memory|                                    x_buffer_18|         array|
|x_buffer_18_ce0        |  out|    1|   ap_memory|                                    x_buffer_18|         array|
|x_buffer_18_q0         |   in|   16|   ap_memory|                                    x_buffer_18|         array|
|x_buffer_19_address0   |  out|    5|   ap_memory|                                    x_buffer_19|         array|
|x_buffer_19_ce0        |  out|    1|   ap_memory|                                    x_buffer_19|         array|
|x_buffer_19_q0         |   in|   16|   ap_memory|                                    x_buffer_19|         array|
|x_buffer_20_address0   |  out|    5|   ap_memory|                                    x_buffer_20|         array|
|x_buffer_20_ce0        |  out|    1|   ap_memory|                                    x_buffer_20|         array|
|x_buffer_20_q0         |   in|   16|   ap_memory|                                    x_buffer_20|         array|
|x_buffer_21_address0   |  out|    5|   ap_memory|                                    x_buffer_21|         array|
|x_buffer_21_ce0        |  out|    1|   ap_memory|                                    x_buffer_21|         array|
|x_buffer_21_q0         |   in|   16|   ap_memory|                                    x_buffer_21|         array|
|x_buffer_22_address0   |  out|    5|   ap_memory|                                    x_buffer_22|         array|
|x_buffer_22_ce0        |  out|    1|   ap_memory|                                    x_buffer_22|         array|
|x_buffer_22_q0         |   in|   16|   ap_memory|                                    x_buffer_22|         array|
|x_buffer_23_address0   |  out|    5|   ap_memory|                                    x_buffer_23|         array|
|x_buffer_23_ce0        |  out|    1|   ap_memory|                                    x_buffer_23|         array|
|x_buffer_23_q0         |   in|   16|   ap_memory|                                    x_buffer_23|         array|
|x_buffer_24_address0   |  out|    5|   ap_memory|                                    x_buffer_24|         array|
|x_buffer_24_ce0        |  out|    1|   ap_memory|                                    x_buffer_24|         array|
|x_buffer_24_q0         |   in|   16|   ap_memory|                                    x_buffer_24|         array|
|x_buffer_25_address0   |  out|    5|   ap_memory|                                    x_buffer_25|         array|
|x_buffer_25_ce0        |  out|    1|   ap_memory|                                    x_buffer_25|         array|
|x_buffer_25_q0         |   in|   16|   ap_memory|                                    x_buffer_25|         array|
|x_buffer_26_address0   |  out|    5|   ap_memory|                                    x_buffer_26|         array|
|x_buffer_26_ce0        |  out|    1|   ap_memory|                                    x_buffer_26|         array|
|x_buffer_26_q0         |   in|   16|   ap_memory|                                    x_buffer_26|         array|
|x_buffer_27_address0   |  out|    5|   ap_memory|                                    x_buffer_27|         array|
|x_buffer_27_ce0        |  out|    1|   ap_memory|                                    x_buffer_27|         array|
|x_buffer_27_q0         |   in|   16|   ap_memory|                                    x_buffer_27|         array|
|x_buffer_28_address0   |  out|    5|   ap_memory|                                    x_buffer_28|         array|
|x_buffer_28_ce0        |  out|    1|   ap_memory|                                    x_buffer_28|         array|
|x_buffer_28_q0         |   in|   16|   ap_memory|                                    x_buffer_28|         array|
|x_buffer_29_address0   |  out|    5|   ap_memory|                                    x_buffer_29|         array|
|x_buffer_29_ce0        |  out|    1|   ap_memory|                                    x_buffer_29|         array|
|x_buffer_29_q0         |   in|   16|   ap_memory|                                    x_buffer_29|         array|
|x_buffer_30_address0   |  out|    5|   ap_memory|                                    x_buffer_30|         array|
|x_buffer_30_ce0        |  out|    1|   ap_memory|                                    x_buffer_30|         array|
|x_buffer_30_q0         |   in|   16|   ap_memory|                                    x_buffer_30|         array|
|x_buffer_31_address0   |  out|    5|   ap_memory|                                    x_buffer_31|         array|
|x_buffer_31_ce0        |  out|    1|   ap_memory|                                    x_buffer_31|         array|
|x_buffer_31_q0         |   in|   16|   ap_memory|                                    x_buffer_31|         array|
|x_buffer_32_address0   |  out|    5|   ap_memory|                                    x_buffer_32|         array|
|x_buffer_32_ce0        |  out|    1|   ap_memory|                                    x_buffer_32|         array|
|x_buffer_32_q0         |   in|   16|   ap_memory|                                    x_buffer_32|         array|
|x_buffer_33_address0   |  out|    5|   ap_memory|                                    x_buffer_33|         array|
|x_buffer_33_ce0        |  out|    1|   ap_memory|                                    x_buffer_33|         array|
|x_buffer_33_q0         |   in|   16|   ap_memory|                                    x_buffer_33|         array|
|x_buffer_34_address0   |  out|    5|   ap_memory|                                    x_buffer_34|         array|
|x_buffer_34_ce0        |  out|    1|   ap_memory|                                    x_buffer_34|         array|
|x_buffer_34_q0         |   in|   16|   ap_memory|                                    x_buffer_34|         array|
|x_buffer_35_address0   |  out|    5|   ap_memory|                                    x_buffer_35|         array|
|x_buffer_35_ce0        |  out|    1|   ap_memory|                                    x_buffer_35|         array|
|x_buffer_35_q0         |   in|   16|   ap_memory|                                    x_buffer_35|         array|
|x_buffer_36_address0   |  out|    5|   ap_memory|                                    x_buffer_36|         array|
|x_buffer_36_ce0        |  out|    1|   ap_memory|                                    x_buffer_36|         array|
|x_buffer_36_q0         |   in|   16|   ap_memory|                                    x_buffer_36|         array|
|x_buffer_37_address0   |  out|    5|   ap_memory|                                    x_buffer_37|         array|
|x_buffer_37_ce0        |  out|    1|   ap_memory|                                    x_buffer_37|         array|
|x_buffer_37_q0         |   in|   16|   ap_memory|                                    x_buffer_37|         array|
|x_buffer_38_address0   |  out|    5|   ap_memory|                                    x_buffer_38|         array|
|x_buffer_38_ce0        |  out|    1|   ap_memory|                                    x_buffer_38|         array|
|x_buffer_38_q0         |   in|   16|   ap_memory|                                    x_buffer_38|         array|
|x_buffer_39_address0   |  out|    5|   ap_memory|                                    x_buffer_39|         array|
|x_buffer_39_ce0        |  out|    1|   ap_memory|                                    x_buffer_39|         array|
|x_buffer_39_q0         |   in|   16|   ap_memory|                                    x_buffer_39|         array|
|x_buffer_40_address0   |  out|    5|   ap_memory|                                    x_buffer_40|         array|
|x_buffer_40_ce0        |  out|    1|   ap_memory|                                    x_buffer_40|         array|
|x_buffer_40_q0         |   in|   16|   ap_memory|                                    x_buffer_40|         array|
|x_buffer_41_address0   |  out|    5|   ap_memory|                                    x_buffer_41|         array|
|x_buffer_41_ce0        |  out|    1|   ap_memory|                                    x_buffer_41|         array|
|x_buffer_41_q0         |   in|   16|   ap_memory|                                    x_buffer_41|         array|
|x_buffer_42_address0   |  out|    5|   ap_memory|                                    x_buffer_42|         array|
|x_buffer_42_ce0        |  out|    1|   ap_memory|                                    x_buffer_42|         array|
|x_buffer_42_q0         |   in|   16|   ap_memory|                                    x_buffer_42|         array|
|x_buffer_43_address0   |  out|    5|   ap_memory|                                    x_buffer_43|         array|
|x_buffer_43_ce0        |  out|    1|   ap_memory|                                    x_buffer_43|         array|
|x_buffer_43_q0         |   in|   16|   ap_memory|                                    x_buffer_43|         array|
|x_buffer_44_address0   |  out|    5|   ap_memory|                                    x_buffer_44|         array|
|x_buffer_44_ce0        |  out|    1|   ap_memory|                                    x_buffer_44|         array|
|x_buffer_44_q0         |   in|   16|   ap_memory|                                    x_buffer_44|         array|
|x_buffer_45_address0   |  out|    5|   ap_memory|                                    x_buffer_45|         array|
|x_buffer_45_ce0        |  out|    1|   ap_memory|                                    x_buffer_45|         array|
|x_buffer_45_q0         |   in|   16|   ap_memory|                                    x_buffer_45|         array|
|x_buffer_46_address0   |  out|    5|   ap_memory|                                    x_buffer_46|         array|
|x_buffer_46_ce0        |  out|    1|   ap_memory|                                    x_buffer_46|         array|
|x_buffer_46_q0         |   in|   16|   ap_memory|                                    x_buffer_46|         array|
|x_buffer_47_address0   |  out|    5|   ap_memory|                                    x_buffer_47|         array|
|x_buffer_47_ce0        |  out|    1|   ap_memory|                                    x_buffer_47|         array|
|x_buffer_47_q0         |   in|   16|   ap_memory|                                    x_buffer_47|         array|
|x_buffer_48_address0   |  out|    5|   ap_memory|                                    x_buffer_48|         array|
|x_buffer_48_ce0        |  out|    1|   ap_memory|                                    x_buffer_48|         array|
|x_buffer_48_q0         |   in|   16|   ap_memory|                                    x_buffer_48|         array|
|x_buffer_49_address0   |  out|    5|   ap_memory|                                    x_buffer_49|         array|
|x_buffer_49_ce0        |  out|    1|   ap_memory|                                    x_buffer_49|         array|
|x_buffer_49_q0         |   in|   16|   ap_memory|                                    x_buffer_49|         array|
|x_buffer_50_address0   |  out|    5|   ap_memory|                                    x_buffer_50|         array|
|x_buffer_50_ce0        |  out|    1|   ap_memory|                                    x_buffer_50|         array|
|x_buffer_50_q0         |   in|   16|   ap_memory|                                    x_buffer_50|         array|
|x_buffer_51_address0   |  out|    5|   ap_memory|                                    x_buffer_51|         array|
|x_buffer_51_ce0        |  out|    1|   ap_memory|                                    x_buffer_51|         array|
|x_buffer_51_q0         |   in|   16|   ap_memory|                                    x_buffer_51|         array|
|x_buffer_52_address0   |  out|    5|   ap_memory|                                    x_buffer_52|         array|
|x_buffer_52_ce0        |  out|    1|   ap_memory|                                    x_buffer_52|         array|
|x_buffer_52_q0         |   in|   16|   ap_memory|                                    x_buffer_52|         array|
|x_buffer_53_address0   |  out|    5|   ap_memory|                                    x_buffer_53|         array|
|x_buffer_53_ce0        |  out|    1|   ap_memory|                                    x_buffer_53|         array|
|x_buffer_53_q0         |   in|   16|   ap_memory|                                    x_buffer_53|         array|
|x_buffer_54_address0   |  out|    5|   ap_memory|                                    x_buffer_54|         array|
|x_buffer_54_ce0        |  out|    1|   ap_memory|                                    x_buffer_54|         array|
|x_buffer_54_q0         |   in|   16|   ap_memory|                                    x_buffer_54|         array|
|x_buffer_55_address0   |  out|    5|   ap_memory|                                    x_buffer_55|         array|
|x_buffer_55_ce0        |  out|    1|   ap_memory|                                    x_buffer_55|         array|
|x_buffer_55_q0         |   in|   16|   ap_memory|                                    x_buffer_55|         array|
|x_buffer_56_address0   |  out|    5|   ap_memory|                                    x_buffer_56|         array|
|x_buffer_56_ce0        |  out|    1|   ap_memory|                                    x_buffer_56|         array|
|x_buffer_56_q0         |   in|   16|   ap_memory|                                    x_buffer_56|         array|
|x_buffer_57_address0   |  out|    5|   ap_memory|                                    x_buffer_57|         array|
|x_buffer_57_ce0        |  out|    1|   ap_memory|                                    x_buffer_57|         array|
|x_buffer_57_q0         |   in|   16|   ap_memory|                                    x_buffer_57|         array|
|x_buffer_58_address0   |  out|    5|   ap_memory|                                    x_buffer_58|         array|
|x_buffer_58_ce0        |  out|    1|   ap_memory|                                    x_buffer_58|         array|
|x_buffer_58_q0         |   in|   16|   ap_memory|                                    x_buffer_58|         array|
|x_buffer_59_address0   |  out|    5|   ap_memory|                                    x_buffer_59|         array|
|x_buffer_59_ce0        |  out|    1|   ap_memory|                                    x_buffer_59|         array|
|x_buffer_59_q0         |   in|   16|   ap_memory|                                    x_buffer_59|         array|
|x_buffer_60_address0   |  out|    5|   ap_memory|                                    x_buffer_60|         array|
|x_buffer_60_ce0        |  out|    1|   ap_memory|                                    x_buffer_60|         array|
|x_buffer_60_q0         |   in|   16|   ap_memory|                                    x_buffer_60|         array|
|x_buffer_61_address0   |  out|    5|   ap_memory|                                    x_buffer_61|         array|
|x_buffer_61_ce0        |  out|    1|   ap_memory|                                    x_buffer_61|         array|
|x_buffer_61_q0         |   in|   16|   ap_memory|                                    x_buffer_61|         array|
|x_buffer_62_address0   |  out|    5|   ap_memory|                                    x_buffer_62|         array|
|x_buffer_62_ce0        |  out|    1|   ap_memory|                                    x_buffer_62|         array|
|x_buffer_62_q0         |   in|   16|   ap_memory|                                    x_buffer_62|         array|
|x_buffer_63_address0   |  out|    5|   ap_memory|                                    x_buffer_63|         array|
|x_buffer_63_ce0        |  out|    1|   ap_memory|                                    x_buffer_63|         array|
|x_buffer_63_q0         |   in|   16|   ap_memory|                                    x_buffer_63|         array|
|x_buffer_64_address0   |  out|    5|   ap_memory|                                    x_buffer_64|         array|
|x_buffer_64_ce0        |  out|    1|   ap_memory|                                    x_buffer_64|         array|
|x_buffer_64_q0         |   in|   16|   ap_memory|                                    x_buffer_64|         array|
|x_buffer_65_address0   |  out|    5|   ap_memory|                                    x_buffer_65|         array|
|x_buffer_65_ce0        |  out|    1|   ap_memory|                                    x_buffer_65|         array|
|x_buffer_65_q0         |   in|   16|   ap_memory|                                    x_buffer_65|         array|
|x_buffer_66_address0   |  out|    5|   ap_memory|                                    x_buffer_66|         array|
|x_buffer_66_ce0        |  out|    1|   ap_memory|                                    x_buffer_66|         array|
|x_buffer_66_q0         |   in|   16|   ap_memory|                                    x_buffer_66|         array|
|x_buffer_67_address0   |  out|    5|   ap_memory|                                    x_buffer_67|         array|
|x_buffer_67_ce0        |  out|    1|   ap_memory|                                    x_buffer_67|         array|
|x_buffer_67_q0         |   in|   16|   ap_memory|                                    x_buffer_67|         array|
|x_buffer_68_address0   |  out|    5|   ap_memory|                                    x_buffer_68|         array|
|x_buffer_68_ce0        |  out|    1|   ap_memory|                                    x_buffer_68|         array|
|x_buffer_68_q0         |   in|   16|   ap_memory|                                    x_buffer_68|         array|
|x_buffer_69_address0   |  out|    5|   ap_memory|                                    x_buffer_69|         array|
|x_buffer_69_ce0        |  out|    1|   ap_memory|                                    x_buffer_69|         array|
|x_buffer_69_q0         |   in|   16|   ap_memory|                                    x_buffer_69|         array|
|x_buffer_70_address0   |  out|    5|   ap_memory|                                    x_buffer_70|         array|
|x_buffer_70_ce0        |  out|    1|   ap_memory|                                    x_buffer_70|         array|
|x_buffer_70_q0         |   in|   16|   ap_memory|                                    x_buffer_70|         array|
|x_buffer_71_address0   |  out|    5|   ap_memory|                                    x_buffer_71|         array|
|x_buffer_71_ce0        |  out|    1|   ap_memory|                                    x_buffer_71|         array|
|x_buffer_71_q0         |   in|   16|   ap_memory|                                    x_buffer_71|         array|
|x_buffer_72_address0   |  out|    5|   ap_memory|                                    x_buffer_72|         array|
|x_buffer_72_ce0        |  out|    1|   ap_memory|                                    x_buffer_72|         array|
|x_buffer_72_q0         |   in|   16|   ap_memory|                                    x_buffer_72|         array|
|x_buffer_73_address0   |  out|    5|   ap_memory|                                    x_buffer_73|         array|
|x_buffer_73_ce0        |  out|    1|   ap_memory|                                    x_buffer_73|         array|
|x_buffer_73_q0         |   in|   16|   ap_memory|                                    x_buffer_73|         array|
|x_buffer_74_address0   |  out|    5|   ap_memory|                                    x_buffer_74|         array|
|x_buffer_74_ce0        |  out|    1|   ap_memory|                                    x_buffer_74|         array|
|x_buffer_74_q0         |   in|   16|   ap_memory|                                    x_buffer_74|         array|
|x_buffer_75_address0   |  out|    5|   ap_memory|                                    x_buffer_75|         array|
|x_buffer_75_ce0        |  out|    1|   ap_memory|                                    x_buffer_75|         array|
|x_buffer_75_q0         |   in|   16|   ap_memory|                                    x_buffer_75|         array|
|x_buffer_76_address0   |  out|    5|   ap_memory|                                    x_buffer_76|         array|
|x_buffer_76_ce0        |  out|    1|   ap_memory|                                    x_buffer_76|         array|
|x_buffer_76_q0         |   in|   16|   ap_memory|                                    x_buffer_76|         array|
|x_buffer_77_address0   |  out|    5|   ap_memory|                                    x_buffer_77|         array|
|x_buffer_77_ce0        |  out|    1|   ap_memory|                                    x_buffer_77|         array|
|x_buffer_77_q0         |   in|   16|   ap_memory|                                    x_buffer_77|         array|
|x_buffer_78_address0   |  out|    5|   ap_memory|                                    x_buffer_78|         array|
|x_buffer_78_ce0        |  out|    1|   ap_memory|                                    x_buffer_78|         array|
|x_buffer_78_q0         |   in|   16|   ap_memory|                                    x_buffer_78|         array|
|x_buffer_79_address0   |  out|    5|   ap_memory|                                    x_buffer_79|         array|
|x_buffer_79_ce0        |  out|    1|   ap_memory|                                    x_buffer_79|         array|
|x_buffer_79_q0         |   in|   16|   ap_memory|                                    x_buffer_79|         array|
|x_buffer_80_address0   |  out|    5|   ap_memory|                                    x_buffer_80|         array|
|x_buffer_80_ce0        |  out|    1|   ap_memory|                                    x_buffer_80|         array|
|x_buffer_80_q0         |   in|   16|   ap_memory|                                    x_buffer_80|         array|
|x_buffer_81_address0   |  out|    5|   ap_memory|                                    x_buffer_81|         array|
|x_buffer_81_ce0        |  out|    1|   ap_memory|                                    x_buffer_81|         array|
|x_buffer_81_q0         |   in|   16|   ap_memory|                                    x_buffer_81|         array|
|x_buffer_82_address0   |  out|    5|   ap_memory|                                    x_buffer_82|         array|
|x_buffer_82_ce0        |  out|    1|   ap_memory|                                    x_buffer_82|         array|
|x_buffer_82_q0         |   in|   16|   ap_memory|                                    x_buffer_82|         array|
|x_buffer_83_address0   |  out|    5|   ap_memory|                                    x_buffer_83|         array|
|x_buffer_83_ce0        |  out|    1|   ap_memory|                                    x_buffer_83|         array|
|x_buffer_83_q0         |   in|   16|   ap_memory|                                    x_buffer_83|         array|
|x_buffer_84_address0   |  out|    5|   ap_memory|                                    x_buffer_84|         array|
|x_buffer_84_ce0        |  out|    1|   ap_memory|                                    x_buffer_84|         array|
|x_buffer_84_q0         |   in|   16|   ap_memory|                                    x_buffer_84|         array|
|x_buffer_85_address0   |  out|    5|   ap_memory|                                    x_buffer_85|         array|
|x_buffer_85_ce0        |  out|    1|   ap_memory|                                    x_buffer_85|         array|
|x_buffer_85_q0         |   in|   16|   ap_memory|                                    x_buffer_85|         array|
|x_buffer_86_address0   |  out|    5|   ap_memory|                                    x_buffer_86|         array|
|x_buffer_86_ce0        |  out|    1|   ap_memory|                                    x_buffer_86|         array|
|x_buffer_86_q0         |   in|   16|   ap_memory|                                    x_buffer_86|         array|
|x_buffer_87_address0   |  out|    5|   ap_memory|                                    x_buffer_87|         array|
|x_buffer_87_ce0        |  out|    1|   ap_memory|                                    x_buffer_87|         array|
|x_buffer_87_q0         |   in|   16|   ap_memory|                                    x_buffer_87|         array|
|x_buffer_88_address0   |  out|    5|   ap_memory|                                    x_buffer_88|         array|
|x_buffer_88_ce0        |  out|    1|   ap_memory|                                    x_buffer_88|         array|
|x_buffer_88_q0         |   in|   16|   ap_memory|                                    x_buffer_88|         array|
|x_buffer_89_address0   |  out|    5|   ap_memory|                                    x_buffer_89|         array|
|x_buffer_89_ce0        |  out|    1|   ap_memory|                                    x_buffer_89|         array|
|x_buffer_89_q0         |   in|   16|   ap_memory|                                    x_buffer_89|         array|
|x_buffer_90_address0   |  out|    5|   ap_memory|                                    x_buffer_90|         array|
|x_buffer_90_ce0        |  out|    1|   ap_memory|                                    x_buffer_90|         array|
|x_buffer_90_q0         |   in|   16|   ap_memory|                                    x_buffer_90|         array|
|x_buffer_91_address0   |  out|    5|   ap_memory|                                    x_buffer_91|         array|
|x_buffer_91_ce0        |  out|    1|   ap_memory|                                    x_buffer_91|         array|
|x_buffer_91_q0         |   in|   16|   ap_memory|                                    x_buffer_91|         array|
|x_buffer_92_address0   |  out|    5|   ap_memory|                                    x_buffer_92|         array|
|x_buffer_92_ce0        |  out|    1|   ap_memory|                                    x_buffer_92|         array|
|x_buffer_92_q0         |   in|   16|   ap_memory|                                    x_buffer_92|         array|
|x_buffer_93_address0   |  out|    5|   ap_memory|                                    x_buffer_93|         array|
|x_buffer_93_ce0        |  out|    1|   ap_memory|                                    x_buffer_93|         array|
|x_buffer_93_q0         |   in|   16|   ap_memory|                                    x_buffer_93|         array|
|x_buffer_94_address0   |  out|    5|   ap_memory|                                    x_buffer_94|         array|
|x_buffer_94_ce0        |  out|    1|   ap_memory|                                    x_buffer_94|         array|
|x_buffer_94_q0         |   in|   16|   ap_memory|                                    x_buffer_94|         array|
|x_buffer_95_address0   |  out|    5|   ap_memory|                                    x_buffer_95|         array|
|x_buffer_95_ce0        |  out|    1|   ap_memory|                                    x_buffer_95|         array|
|x_buffer_95_q0         |   in|   16|   ap_memory|                                    x_buffer_95|         array|
|x_buffer_96_address0   |  out|    5|   ap_memory|                                    x_buffer_96|         array|
|x_buffer_96_ce0        |  out|    1|   ap_memory|                                    x_buffer_96|         array|
|x_buffer_96_q0         |   in|   16|   ap_memory|                                    x_buffer_96|         array|
|x_buffer_97_address0   |  out|    5|   ap_memory|                                    x_buffer_97|         array|
|x_buffer_97_ce0        |  out|    1|   ap_memory|                                    x_buffer_97|         array|
|x_buffer_97_q0         |   in|   16|   ap_memory|                                    x_buffer_97|         array|
|x_buffer_98_address0   |  out|    5|   ap_memory|                                    x_buffer_98|         array|
|x_buffer_98_ce0        |  out|    1|   ap_memory|                                    x_buffer_98|         array|
|x_buffer_98_q0         |   in|   16|   ap_memory|                                    x_buffer_98|         array|
|x_buffer_99_address0   |  out|    5|   ap_memory|                                    x_buffer_99|         array|
|x_buffer_99_ce0        |  out|    1|   ap_memory|                                    x_buffer_99|         array|
|x_buffer_99_q0         |   in|   16|   ap_memory|                                    x_buffer_99|         array|
|x_buffer_100_address0  |  out|    5|   ap_memory|                                   x_buffer_100|         array|
|x_buffer_100_ce0       |  out|    1|   ap_memory|                                   x_buffer_100|         array|
|x_buffer_100_q0        |   in|   16|   ap_memory|                                   x_buffer_100|         array|
|x_buffer_101_address0  |  out|    5|   ap_memory|                                   x_buffer_101|         array|
|x_buffer_101_ce0       |  out|    1|   ap_memory|                                   x_buffer_101|         array|
|x_buffer_101_q0        |   in|   16|   ap_memory|                                   x_buffer_101|         array|
|x_buffer_102_address0  |  out|    5|   ap_memory|                                   x_buffer_102|         array|
|x_buffer_102_ce0       |  out|    1|   ap_memory|                                   x_buffer_102|         array|
|x_buffer_102_q0        |   in|   16|   ap_memory|                                   x_buffer_102|         array|
|x_buffer_103_address0  |  out|    5|   ap_memory|                                   x_buffer_103|         array|
|x_buffer_103_ce0       |  out|    1|   ap_memory|                                   x_buffer_103|         array|
|x_buffer_103_q0        |   in|   16|   ap_memory|                                   x_buffer_103|         array|
|x_buffer_104_address0  |  out|    5|   ap_memory|                                   x_buffer_104|         array|
|x_buffer_104_ce0       |  out|    1|   ap_memory|                                   x_buffer_104|         array|
|x_buffer_104_q0        |   in|   16|   ap_memory|                                   x_buffer_104|         array|
|x_buffer_105_address0  |  out|    5|   ap_memory|                                   x_buffer_105|         array|
|x_buffer_105_ce0       |  out|    1|   ap_memory|                                   x_buffer_105|         array|
|x_buffer_105_q0        |   in|   16|   ap_memory|                                   x_buffer_105|         array|
|x_buffer_106_address0  |  out|    5|   ap_memory|                                   x_buffer_106|         array|
|x_buffer_106_ce0       |  out|    1|   ap_memory|                                   x_buffer_106|         array|
|x_buffer_106_q0        |   in|   16|   ap_memory|                                   x_buffer_106|         array|
|x_buffer_107_address0  |  out|    5|   ap_memory|                                   x_buffer_107|         array|
|x_buffer_107_ce0       |  out|    1|   ap_memory|                                   x_buffer_107|         array|
|x_buffer_107_q0        |   in|   16|   ap_memory|                                   x_buffer_107|         array|
|x_buffer_108_address0  |  out|    5|   ap_memory|                                   x_buffer_108|         array|
|x_buffer_108_ce0       |  out|    1|   ap_memory|                                   x_buffer_108|         array|
|x_buffer_108_q0        |   in|   16|   ap_memory|                                   x_buffer_108|         array|
|x_buffer_109_address0  |  out|    5|   ap_memory|                                   x_buffer_109|         array|
|x_buffer_109_ce0       |  out|    1|   ap_memory|                                   x_buffer_109|         array|
|x_buffer_109_q0        |   in|   16|   ap_memory|                                   x_buffer_109|         array|
|x_buffer_110_address0  |  out|    5|   ap_memory|                                   x_buffer_110|         array|
|x_buffer_110_ce0       |  out|    1|   ap_memory|                                   x_buffer_110|         array|
|x_buffer_110_q0        |   in|   16|   ap_memory|                                   x_buffer_110|         array|
|x_buffer_111_address0  |  out|    5|   ap_memory|                                   x_buffer_111|         array|
|x_buffer_111_ce0       |  out|    1|   ap_memory|                                   x_buffer_111|         array|
|x_buffer_111_q0        |   in|   16|   ap_memory|                                   x_buffer_111|         array|
|x_buffer_112_address0  |  out|    5|   ap_memory|                                   x_buffer_112|         array|
|x_buffer_112_ce0       |  out|    1|   ap_memory|                                   x_buffer_112|         array|
|x_buffer_112_q0        |   in|   16|   ap_memory|                                   x_buffer_112|         array|
|x_buffer_113_address0  |  out|    5|   ap_memory|                                   x_buffer_113|         array|
|x_buffer_113_ce0       |  out|    1|   ap_memory|                                   x_buffer_113|         array|
|x_buffer_113_q0        |   in|   16|   ap_memory|                                   x_buffer_113|         array|
|x_buffer_114_address0  |  out|    5|   ap_memory|                                   x_buffer_114|         array|
|x_buffer_114_ce0       |  out|    1|   ap_memory|                                   x_buffer_114|         array|
|x_buffer_114_q0        |   in|   16|   ap_memory|                                   x_buffer_114|         array|
|x_buffer_115_address0  |  out|    5|   ap_memory|                                   x_buffer_115|         array|
|x_buffer_115_ce0       |  out|    1|   ap_memory|                                   x_buffer_115|         array|
|x_buffer_115_q0        |   in|   16|   ap_memory|                                   x_buffer_115|         array|
|x_buffer_116_address0  |  out|    5|   ap_memory|                                   x_buffer_116|         array|
|x_buffer_116_ce0       |  out|    1|   ap_memory|                                   x_buffer_116|         array|
|x_buffer_116_q0        |   in|   16|   ap_memory|                                   x_buffer_116|         array|
|x_buffer_117_address0  |  out|    5|   ap_memory|                                   x_buffer_117|         array|
|x_buffer_117_ce0       |  out|    1|   ap_memory|                                   x_buffer_117|         array|
|x_buffer_117_q0        |   in|   16|   ap_memory|                                   x_buffer_117|         array|
|x_buffer_118_address0  |  out|    5|   ap_memory|                                   x_buffer_118|         array|
|x_buffer_118_ce0       |  out|    1|   ap_memory|                                   x_buffer_118|         array|
|x_buffer_118_q0        |   in|   16|   ap_memory|                                   x_buffer_118|         array|
|x_buffer_119_address0  |  out|    5|   ap_memory|                                   x_buffer_119|         array|
|x_buffer_119_ce0       |  out|    1|   ap_memory|                                   x_buffer_119|         array|
|x_buffer_119_q0        |   in|   16|   ap_memory|                                   x_buffer_119|         array|
|x_buffer_120_address0  |  out|    5|   ap_memory|                                   x_buffer_120|         array|
|x_buffer_120_ce0       |  out|    1|   ap_memory|                                   x_buffer_120|         array|
|x_buffer_120_q0        |   in|   16|   ap_memory|                                   x_buffer_120|         array|
|x_buffer_121_address0  |  out|    5|   ap_memory|                                   x_buffer_121|         array|
|x_buffer_121_ce0       |  out|    1|   ap_memory|                                   x_buffer_121|         array|
|x_buffer_121_q0        |   in|   16|   ap_memory|                                   x_buffer_121|         array|
|x_buffer_122_address0  |  out|    5|   ap_memory|                                   x_buffer_122|         array|
|x_buffer_122_ce0       |  out|    1|   ap_memory|                                   x_buffer_122|         array|
|x_buffer_122_q0        |   in|   16|   ap_memory|                                   x_buffer_122|         array|
|x_buffer_123_address0  |  out|    5|   ap_memory|                                   x_buffer_123|         array|
|x_buffer_123_ce0       |  out|    1|   ap_memory|                                   x_buffer_123|         array|
|x_buffer_123_q0        |   in|   16|   ap_memory|                                   x_buffer_123|         array|
|x_buffer_124_address0  |  out|    5|   ap_memory|                                   x_buffer_124|         array|
|x_buffer_124_ce0       |  out|    1|   ap_memory|                                   x_buffer_124|         array|
|x_buffer_124_q0        |   in|   16|   ap_memory|                                   x_buffer_124|         array|
|x_buffer_125_address0  |  out|    5|   ap_memory|                                   x_buffer_125|         array|
|x_buffer_125_ce0       |  out|    1|   ap_memory|                                   x_buffer_125|         array|
|x_buffer_125_q0        |   in|   16|   ap_memory|                                   x_buffer_125|         array|
|x_buffer_126_address0  |  out|    5|   ap_memory|                                   x_buffer_126|         array|
|x_buffer_126_ce0       |  out|    1|   ap_memory|                                   x_buffer_126|         array|
|x_buffer_126_q0        |   in|   16|   ap_memory|                                   x_buffer_126|         array|
|x_buffer_127_address0  |  out|    5|   ap_memory|                                   x_buffer_127|         array|
|x_buffer_127_ce0       |  out|    1|   ap_memory|                                   x_buffer_127|         array|
|x_buffer_127_q0        |   in|   16|   ap_memory|                                   x_buffer_127|         array|
|x_buffer_128_address0  |  out|    5|   ap_memory|                                   x_buffer_128|         array|
|x_buffer_128_ce0       |  out|    1|   ap_memory|                                   x_buffer_128|         array|
|x_buffer_128_q0        |   in|   16|   ap_memory|                                   x_buffer_128|         array|
|x_buffer_129_address0  |  out|    5|   ap_memory|                                   x_buffer_129|         array|
|x_buffer_129_ce0       |  out|    1|   ap_memory|                                   x_buffer_129|         array|
|x_buffer_129_q0        |   in|   16|   ap_memory|                                   x_buffer_129|         array|
|x_buffer_130_address0  |  out|    5|   ap_memory|                                   x_buffer_130|         array|
|x_buffer_130_ce0       |  out|    1|   ap_memory|                                   x_buffer_130|         array|
|x_buffer_130_q0        |   in|   16|   ap_memory|                                   x_buffer_130|         array|
|x_buffer_131_address0  |  out|    5|   ap_memory|                                   x_buffer_131|         array|
|x_buffer_131_ce0       |  out|    1|   ap_memory|                                   x_buffer_131|         array|
|x_buffer_131_q0        |   in|   16|   ap_memory|                                   x_buffer_131|         array|
|x_buffer_132_address0  |  out|    5|   ap_memory|                                   x_buffer_132|         array|
|x_buffer_132_ce0       |  out|    1|   ap_memory|                                   x_buffer_132|         array|
|x_buffer_132_q0        |   in|   16|   ap_memory|                                   x_buffer_132|         array|
|x_buffer_133_address0  |  out|    5|   ap_memory|                                   x_buffer_133|         array|
|x_buffer_133_ce0       |  out|    1|   ap_memory|                                   x_buffer_133|         array|
|x_buffer_133_q0        |   in|   16|   ap_memory|                                   x_buffer_133|         array|
|x_buffer_134_address0  |  out|    5|   ap_memory|                                   x_buffer_134|         array|
|x_buffer_134_ce0       |  out|    1|   ap_memory|                                   x_buffer_134|         array|
|x_buffer_134_q0        |   in|   16|   ap_memory|                                   x_buffer_134|         array|
|x_buffer_135_address0  |  out|    5|   ap_memory|                                   x_buffer_135|         array|
|x_buffer_135_ce0       |  out|    1|   ap_memory|                                   x_buffer_135|         array|
|x_buffer_135_q0        |   in|   16|   ap_memory|                                   x_buffer_135|         array|
|x_buffer_136_address0  |  out|    5|   ap_memory|                                   x_buffer_136|         array|
|x_buffer_136_ce0       |  out|    1|   ap_memory|                                   x_buffer_136|         array|
|x_buffer_136_q0        |   in|   16|   ap_memory|                                   x_buffer_136|         array|
|x_buffer_137_address0  |  out|    5|   ap_memory|                                   x_buffer_137|         array|
|x_buffer_137_ce0       |  out|    1|   ap_memory|                                   x_buffer_137|         array|
|x_buffer_137_q0        |   in|   16|   ap_memory|                                   x_buffer_137|         array|
|x_buffer_138_address0  |  out|    5|   ap_memory|                                   x_buffer_138|         array|
|x_buffer_138_ce0       |  out|    1|   ap_memory|                                   x_buffer_138|         array|
|x_buffer_138_q0        |   in|   16|   ap_memory|                                   x_buffer_138|         array|
|x_buffer_139_address0  |  out|    5|   ap_memory|                                   x_buffer_139|         array|
|x_buffer_139_ce0       |  out|    1|   ap_memory|                                   x_buffer_139|         array|
|x_buffer_139_q0        |   in|   16|   ap_memory|                                   x_buffer_139|         array|
|x_buffer_140_address0  |  out|    5|   ap_memory|                                   x_buffer_140|         array|
|x_buffer_140_ce0       |  out|    1|   ap_memory|                                   x_buffer_140|         array|
|x_buffer_140_q0        |   in|   16|   ap_memory|                                   x_buffer_140|         array|
|x_buffer_141_address0  |  out|    5|   ap_memory|                                   x_buffer_141|         array|
|x_buffer_141_ce0       |  out|    1|   ap_memory|                                   x_buffer_141|         array|
|x_buffer_141_q0        |   in|   16|   ap_memory|                                   x_buffer_141|         array|
|x_buffer_142_address0  |  out|    5|   ap_memory|                                   x_buffer_142|         array|
|x_buffer_142_ce0       |  out|    1|   ap_memory|                                   x_buffer_142|         array|
|x_buffer_142_q0        |   in|   16|   ap_memory|                                   x_buffer_142|         array|
|x_buffer_143_address0  |  out|    5|   ap_memory|                                   x_buffer_143|         array|
|x_buffer_143_ce0       |  out|    1|   ap_memory|                                   x_buffer_143|         array|
|x_buffer_143_q0        |   in|   16|   ap_memory|                                   x_buffer_143|         array|
|x_buffer_144_address0  |  out|    5|   ap_memory|                                   x_buffer_144|         array|
|x_buffer_144_ce0       |  out|    1|   ap_memory|                                   x_buffer_144|         array|
|x_buffer_144_q0        |   in|   16|   ap_memory|                                   x_buffer_144|         array|
|x_buffer_145_address0  |  out|    5|   ap_memory|                                   x_buffer_145|         array|
|x_buffer_145_ce0       |  out|    1|   ap_memory|                                   x_buffer_145|         array|
|x_buffer_145_q0        |   in|   16|   ap_memory|                                   x_buffer_145|         array|
|x_buffer_146_address0  |  out|    5|   ap_memory|                                   x_buffer_146|         array|
|x_buffer_146_ce0       |  out|    1|   ap_memory|                                   x_buffer_146|         array|
|x_buffer_146_q0        |   in|   16|   ap_memory|                                   x_buffer_146|         array|
|x_buffer_147_address0  |  out|    5|   ap_memory|                                   x_buffer_147|         array|
|x_buffer_147_ce0       |  out|    1|   ap_memory|                                   x_buffer_147|         array|
|x_buffer_147_q0        |   in|   16|   ap_memory|                                   x_buffer_147|         array|
|x_buffer_148_address0  |  out|    5|   ap_memory|                                   x_buffer_148|         array|
|x_buffer_148_ce0       |  out|    1|   ap_memory|                                   x_buffer_148|         array|
|x_buffer_148_q0        |   in|   16|   ap_memory|                                   x_buffer_148|         array|
|x_buffer_149_address0  |  out|    5|   ap_memory|                                   x_buffer_149|         array|
|x_buffer_149_ce0       |  out|    1|   ap_memory|                                   x_buffer_149|         array|
|x_buffer_149_q0        |   in|   16|   ap_memory|                                   x_buffer_149|         array|
|x_buffer_150_address0  |  out|    5|   ap_memory|                                   x_buffer_150|         array|
|x_buffer_150_ce0       |  out|    1|   ap_memory|                                   x_buffer_150|         array|
|x_buffer_150_q0        |   in|   16|   ap_memory|                                   x_buffer_150|         array|
|x_buffer_151_address0  |  out|    5|   ap_memory|                                   x_buffer_151|         array|
|x_buffer_151_ce0       |  out|    1|   ap_memory|                                   x_buffer_151|         array|
|x_buffer_151_q0        |   in|   16|   ap_memory|                                   x_buffer_151|         array|
|x_buffer_152_address0  |  out|    5|   ap_memory|                                   x_buffer_152|         array|
|x_buffer_152_ce0       |  out|    1|   ap_memory|                                   x_buffer_152|         array|
|x_buffer_152_q0        |   in|   16|   ap_memory|                                   x_buffer_152|         array|
|x_buffer_153_address0  |  out|    5|   ap_memory|                                   x_buffer_153|         array|
|x_buffer_153_ce0       |  out|    1|   ap_memory|                                   x_buffer_153|         array|
|x_buffer_153_q0        |   in|   16|   ap_memory|                                   x_buffer_153|         array|
|x_buffer_154_address0  |  out|    5|   ap_memory|                                   x_buffer_154|         array|
|x_buffer_154_ce0       |  out|    1|   ap_memory|                                   x_buffer_154|         array|
|x_buffer_154_q0        |   in|   16|   ap_memory|                                   x_buffer_154|         array|
|x_buffer_155_address0  |  out|    5|   ap_memory|                                   x_buffer_155|         array|
|x_buffer_155_ce0       |  out|    1|   ap_memory|                                   x_buffer_155|         array|
|x_buffer_155_q0        |   in|   16|   ap_memory|                                   x_buffer_155|         array|
|x_buffer_156_address0  |  out|    5|   ap_memory|                                   x_buffer_156|         array|
|x_buffer_156_ce0       |  out|    1|   ap_memory|                                   x_buffer_156|         array|
|x_buffer_156_q0        |   in|   16|   ap_memory|                                   x_buffer_156|         array|
|x_buffer_157_address0  |  out|    5|   ap_memory|                                   x_buffer_157|         array|
|x_buffer_157_ce0       |  out|    1|   ap_memory|                                   x_buffer_157|         array|
|x_buffer_157_q0        |   in|   16|   ap_memory|                                   x_buffer_157|         array|
|x_buffer_158_address0  |  out|    5|   ap_memory|                                   x_buffer_158|         array|
|x_buffer_158_ce0       |  out|    1|   ap_memory|                                   x_buffer_158|         array|
|x_buffer_158_q0        |   in|   16|   ap_memory|                                   x_buffer_158|         array|
|x_buffer_159_address0  |  out|    5|   ap_memory|                                   x_buffer_159|         array|
|x_buffer_159_ce0       |  out|    1|   ap_memory|                                   x_buffer_159|         array|
|x_buffer_159_q0        |   in|   16|   ap_memory|                                   x_buffer_159|         array|
|x_buffer_160_address0  |  out|    5|   ap_memory|                                   x_buffer_160|         array|
|x_buffer_160_ce0       |  out|    1|   ap_memory|                                   x_buffer_160|         array|
|x_buffer_160_q0        |   in|   16|   ap_memory|                                   x_buffer_160|         array|
|x_buffer_161_address0  |  out|    5|   ap_memory|                                   x_buffer_161|         array|
|x_buffer_161_ce0       |  out|    1|   ap_memory|                                   x_buffer_161|         array|
|x_buffer_161_q0        |   in|   16|   ap_memory|                                   x_buffer_161|         array|
|x_buffer_162_address0  |  out|    5|   ap_memory|                                   x_buffer_162|         array|
|x_buffer_162_ce0       |  out|    1|   ap_memory|                                   x_buffer_162|         array|
|x_buffer_162_q0        |   in|   16|   ap_memory|                                   x_buffer_162|         array|
|x_buffer_163_address0  |  out|    5|   ap_memory|                                   x_buffer_163|         array|
|x_buffer_163_ce0       |  out|    1|   ap_memory|                                   x_buffer_163|         array|
|x_buffer_163_q0        |   in|   16|   ap_memory|                                   x_buffer_163|         array|
|x_buffer_164_address0  |  out|    5|   ap_memory|                                   x_buffer_164|         array|
|x_buffer_164_ce0       |  out|    1|   ap_memory|                                   x_buffer_164|         array|
|x_buffer_164_q0        |   in|   16|   ap_memory|                                   x_buffer_164|         array|
|x_buffer_165_address0  |  out|    5|   ap_memory|                                   x_buffer_165|         array|
|x_buffer_165_ce0       |  out|    1|   ap_memory|                                   x_buffer_165|         array|
|x_buffer_165_q0        |   in|   16|   ap_memory|                                   x_buffer_165|         array|
|x_buffer_166_address0  |  out|    5|   ap_memory|                                   x_buffer_166|         array|
|x_buffer_166_ce0       |  out|    1|   ap_memory|                                   x_buffer_166|         array|
|x_buffer_166_q0        |   in|   16|   ap_memory|                                   x_buffer_166|         array|
|x_buffer_167_address0  |  out|    5|   ap_memory|                                   x_buffer_167|         array|
|x_buffer_167_ce0       |  out|    1|   ap_memory|                                   x_buffer_167|         array|
|x_buffer_167_q0        |   in|   16|   ap_memory|                                   x_buffer_167|         array|
|x_buffer_168_address0  |  out|    5|   ap_memory|                                   x_buffer_168|         array|
|x_buffer_168_ce0       |  out|    1|   ap_memory|                                   x_buffer_168|         array|
|x_buffer_168_q0        |   in|   16|   ap_memory|                                   x_buffer_168|         array|
|x_buffer_169_address0  |  out|    5|   ap_memory|                                   x_buffer_169|         array|
|x_buffer_169_ce0       |  out|    1|   ap_memory|                                   x_buffer_169|         array|
|x_buffer_169_q0        |   in|   16|   ap_memory|                                   x_buffer_169|         array|
|x_buffer_170_address0  |  out|    5|   ap_memory|                                   x_buffer_170|         array|
|x_buffer_170_ce0       |  out|    1|   ap_memory|                                   x_buffer_170|         array|
|x_buffer_170_q0        |   in|   16|   ap_memory|                                   x_buffer_170|         array|
|x_buffer_171_address0  |  out|    5|   ap_memory|                                   x_buffer_171|         array|
|x_buffer_171_ce0       |  out|    1|   ap_memory|                                   x_buffer_171|         array|
|x_buffer_171_q0        |   in|   16|   ap_memory|                                   x_buffer_171|         array|
|x_buffer_172_address0  |  out|    5|   ap_memory|                                   x_buffer_172|         array|
|x_buffer_172_ce0       |  out|    1|   ap_memory|                                   x_buffer_172|         array|
|x_buffer_172_q0        |   in|   16|   ap_memory|                                   x_buffer_172|         array|
|x_buffer_173_address0  |  out|    5|   ap_memory|                                   x_buffer_173|         array|
|x_buffer_173_ce0       |  out|    1|   ap_memory|                                   x_buffer_173|         array|
|x_buffer_173_q0        |   in|   16|   ap_memory|                                   x_buffer_173|         array|
|x_buffer_174_address0  |  out|    5|   ap_memory|                                   x_buffer_174|         array|
|x_buffer_174_ce0       |  out|    1|   ap_memory|                                   x_buffer_174|         array|
|x_buffer_174_q0        |   in|   16|   ap_memory|                                   x_buffer_174|         array|
|x_buffer_175_address0  |  out|    5|   ap_memory|                                   x_buffer_175|         array|
|x_buffer_175_ce0       |  out|    1|   ap_memory|                                   x_buffer_175|         array|
|x_buffer_175_q0        |   in|   16|   ap_memory|                                   x_buffer_175|         array|
|x_buffer_176_address0  |  out|    5|   ap_memory|                                   x_buffer_176|         array|
|x_buffer_176_ce0       |  out|    1|   ap_memory|                                   x_buffer_176|         array|
|x_buffer_176_q0        |   in|   16|   ap_memory|                                   x_buffer_176|         array|
|x_buffer_177_address0  |  out|    5|   ap_memory|                                   x_buffer_177|         array|
|x_buffer_177_ce0       |  out|    1|   ap_memory|                                   x_buffer_177|         array|
|x_buffer_177_q0        |   in|   16|   ap_memory|                                   x_buffer_177|         array|
|x_buffer_178_address0  |  out|    5|   ap_memory|                                   x_buffer_178|         array|
|x_buffer_178_ce0       |  out|    1|   ap_memory|                                   x_buffer_178|         array|
|x_buffer_178_q0        |   in|   16|   ap_memory|                                   x_buffer_178|         array|
|x_buffer_179_address0  |  out|    5|   ap_memory|                                   x_buffer_179|         array|
|x_buffer_179_ce0       |  out|    1|   ap_memory|                                   x_buffer_179|         array|
|x_buffer_179_q0        |   in|   16|   ap_memory|                                   x_buffer_179|         array|
|x_buffer_180_address0  |  out|    5|   ap_memory|                                   x_buffer_180|         array|
|x_buffer_180_ce0       |  out|    1|   ap_memory|                                   x_buffer_180|         array|
|x_buffer_180_q0        |   in|   16|   ap_memory|                                   x_buffer_180|         array|
|x_buffer_181_address0  |  out|    5|   ap_memory|                                   x_buffer_181|         array|
|x_buffer_181_ce0       |  out|    1|   ap_memory|                                   x_buffer_181|         array|
|x_buffer_181_q0        |   in|   16|   ap_memory|                                   x_buffer_181|         array|
|x_buffer_182_address0  |  out|    5|   ap_memory|                                   x_buffer_182|         array|
|x_buffer_182_ce0       |  out|    1|   ap_memory|                                   x_buffer_182|         array|
|x_buffer_182_q0        |   in|   16|   ap_memory|                                   x_buffer_182|         array|
|x_buffer_183_address0  |  out|    5|   ap_memory|                                   x_buffer_183|         array|
|x_buffer_183_ce0       |  out|    1|   ap_memory|                                   x_buffer_183|         array|
|x_buffer_183_q0        |   in|   16|   ap_memory|                                   x_buffer_183|         array|
|x_buffer_184_address0  |  out|    5|   ap_memory|                                   x_buffer_184|         array|
|x_buffer_184_ce0       |  out|    1|   ap_memory|                                   x_buffer_184|         array|
|x_buffer_184_q0        |   in|   16|   ap_memory|                                   x_buffer_184|         array|
|x_buffer_185_address0  |  out|    5|   ap_memory|                                   x_buffer_185|         array|
|x_buffer_185_ce0       |  out|    1|   ap_memory|                                   x_buffer_185|         array|
|x_buffer_185_q0        |   in|   16|   ap_memory|                                   x_buffer_185|         array|
|x_buffer_186_address0  |  out|    5|   ap_memory|                                   x_buffer_186|         array|
|x_buffer_186_ce0       |  out|    1|   ap_memory|                                   x_buffer_186|         array|
|x_buffer_186_q0        |   in|   16|   ap_memory|                                   x_buffer_186|         array|
|x_buffer_187_address0  |  out|    5|   ap_memory|                                   x_buffer_187|         array|
|x_buffer_187_ce0       |  out|    1|   ap_memory|                                   x_buffer_187|         array|
|x_buffer_187_q0        |   in|   16|   ap_memory|                                   x_buffer_187|         array|
|x_buffer_188_address0  |  out|    5|   ap_memory|                                   x_buffer_188|         array|
|x_buffer_188_ce0       |  out|    1|   ap_memory|                                   x_buffer_188|         array|
|x_buffer_188_q0        |   in|   16|   ap_memory|                                   x_buffer_188|         array|
|x_buffer_189_address0  |  out|    5|   ap_memory|                                   x_buffer_189|         array|
|x_buffer_189_ce0       |  out|    1|   ap_memory|                                   x_buffer_189|         array|
|x_buffer_189_q0        |   in|   16|   ap_memory|                                   x_buffer_189|         array|
|x_buffer_190_address0  |  out|    5|   ap_memory|                                   x_buffer_190|         array|
|x_buffer_190_ce0       |  out|    1|   ap_memory|                                   x_buffer_190|         array|
|x_buffer_190_q0        |   in|   16|   ap_memory|                                   x_buffer_190|         array|
|x_buffer_191_address0  |  out|    5|   ap_memory|                                   x_buffer_191|         array|
|x_buffer_191_ce0       |  out|    1|   ap_memory|                                   x_buffer_191|         array|
|x_buffer_191_q0        |   in|   16|   ap_memory|                                   x_buffer_191|         array|
|x_buffer_192_address0  |  out|    5|   ap_memory|                                   x_buffer_192|         array|
|x_buffer_192_ce0       |  out|    1|   ap_memory|                                   x_buffer_192|         array|
|x_buffer_192_q0        |   in|   16|   ap_memory|                                   x_buffer_192|         array|
|x_buffer_193_address0  |  out|    5|   ap_memory|                                   x_buffer_193|         array|
|x_buffer_193_ce0       |  out|    1|   ap_memory|                                   x_buffer_193|         array|
|x_buffer_193_q0        |   in|   16|   ap_memory|                                   x_buffer_193|         array|
|x_buffer_194_address0  |  out|    5|   ap_memory|                                   x_buffer_194|         array|
|x_buffer_194_ce0       |  out|    1|   ap_memory|                                   x_buffer_194|         array|
|x_buffer_194_q0        |   in|   16|   ap_memory|                                   x_buffer_194|         array|
|x_buffer_195_address0  |  out|    5|   ap_memory|                                   x_buffer_195|         array|
|x_buffer_195_ce0       |  out|    1|   ap_memory|                                   x_buffer_195|         array|
|x_buffer_195_q0        |   in|   16|   ap_memory|                                   x_buffer_195|         array|
|x_buffer_196_address0  |  out|    5|   ap_memory|                                   x_buffer_196|         array|
|x_buffer_196_ce0       |  out|    1|   ap_memory|                                   x_buffer_196|         array|
|x_buffer_196_q0        |   in|   16|   ap_memory|                                   x_buffer_196|         array|
|x_buffer_197_address0  |  out|    5|   ap_memory|                                   x_buffer_197|         array|
|x_buffer_197_ce0       |  out|    1|   ap_memory|                                   x_buffer_197|         array|
|x_buffer_197_q0        |   in|   16|   ap_memory|                                   x_buffer_197|         array|
|x_buffer_198_address0  |  out|    5|   ap_memory|                                   x_buffer_198|         array|
|x_buffer_198_ce0       |  out|    1|   ap_memory|                                   x_buffer_198|         array|
|x_buffer_198_q0        |   in|   16|   ap_memory|                                   x_buffer_198|         array|
|x_buffer_199_address0  |  out|    5|   ap_memory|                                   x_buffer_199|         array|
|x_buffer_199_ce0       |  out|    1|   ap_memory|                                   x_buffer_199|         array|
|x_buffer_199_q0        |   in|   16|   ap_memory|                                   x_buffer_199|         array|
|x_buffer_200_address0  |  out|    5|   ap_memory|                                   x_buffer_200|         array|
|x_buffer_200_ce0       |  out|    1|   ap_memory|                                   x_buffer_200|         array|
|x_buffer_200_q0        |   in|   16|   ap_memory|                                   x_buffer_200|         array|
|x_buffer_201_address0  |  out|    5|   ap_memory|                                   x_buffer_201|         array|
|x_buffer_201_ce0       |  out|    1|   ap_memory|                                   x_buffer_201|         array|
|x_buffer_201_q0        |   in|   16|   ap_memory|                                   x_buffer_201|         array|
|x_buffer_202_address0  |  out|    5|   ap_memory|                                   x_buffer_202|         array|
|x_buffer_202_ce0       |  out|    1|   ap_memory|                                   x_buffer_202|         array|
|x_buffer_202_q0        |   in|   16|   ap_memory|                                   x_buffer_202|         array|
|x_buffer_203_address0  |  out|    5|   ap_memory|                                   x_buffer_203|         array|
|x_buffer_203_ce0       |  out|    1|   ap_memory|                                   x_buffer_203|         array|
|x_buffer_203_q0        |   in|   16|   ap_memory|                                   x_buffer_203|         array|
|x_buffer_204_address0  |  out|    5|   ap_memory|                                   x_buffer_204|         array|
|x_buffer_204_ce0       |  out|    1|   ap_memory|                                   x_buffer_204|         array|
|x_buffer_204_q0        |   in|   16|   ap_memory|                                   x_buffer_204|         array|
|x_buffer_205_address0  |  out|    5|   ap_memory|                                   x_buffer_205|         array|
|x_buffer_205_ce0       |  out|    1|   ap_memory|                                   x_buffer_205|         array|
|x_buffer_205_q0        |   in|   16|   ap_memory|                                   x_buffer_205|         array|
|x_buffer_206_address0  |  out|    5|   ap_memory|                                   x_buffer_206|         array|
|x_buffer_206_ce0       |  out|    1|   ap_memory|                                   x_buffer_206|         array|
|x_buffer_206_q0        |   in|   16|   ap_memory|                                   x_buffer_206|         array|
|x_buffer_207_address0  |  out|    5|   ap_memory|                                   x_buffer_207|         array|
|x_buffer_207_ce0       |  out|    1|   ap_memory|                                   x_buffer_207|         array|
|x_buffer_207_q0        |   in|   16|   ap_memory|                                   x_buffer_207|         array|
|x_buffer_208_address0  |  out|    5|   ap_memory|                                   x_buffer_208|         array|
|x_buffer_208_ce0       |  out|    1|   ap_memory|                                   x_buffer_208|         array|
|x_buffer_208_q0        |   in|   16|   ap_memory|                                   x_buffer_208|         array|
|x_buffer_209_address0  |  out|    5|   ap_memory|                                   x_buffer_209|         array|
|x_buffer_209_ce0       |  out|    1|   ap_memory|                                   x_buffer_209|         array|
|x_buffer_209_q0        |   in|   16|   ap_memory|                                   x_buffer_209|         array|
|x_buffer_210_address0  |  out|    5|   ap_memory|                                   x_buffer_210|         array|
|x_buffer_210_ce0       |  out|    1|   ap_memory|                                   x_buffer_210|         array|
|x_buffer_210_q0        |   in|   16|   ap_memory|                                   x_buffer_210|         array|
|x_buffer_211_address0  |  out|    5|   ap_memory|                                   x_buffer_211|         array|
|x_buffer_211_ce0       |  out|    1|   ap_memory|                                   x_buffer_211|         array|
|x_buffer_211_q0        |   in|   16|   ap_memory|                                   x_buffer_211|         array|
|x_buffer_212_address0  |  out|    5|   ap_memory|                                   x_buffer_212|         array|
|x_buffer_212_ce0       |  out|    1|   ap_memory|                                   x_buffer_212|         array|
|x_buffer_212_q0        |   in|   16|   ap_memory|                                   x_buffer_212|         array|
|x_buffer_213_address0  |  out|    5|   ap_memory|                                   x_buffer_213|         array|
|x_buffer_213_ce0       |  out|    1|   ap_memory|                                   x_buffer_213|         array|
|x_buffer_213_q0        |   in|   16|   ap_memory|                                   x_buffer_213|         array|
|x_buffer_214_address0  |  out|    5|   ap_memory|                                   x_buffer_214|         array|
|x_buffer_214_ce0       |  out|    1|   ap_memory|                                   x_buffer_214|         array|
|x_buffer_214_q0        |   in|   16|   ap_memory|                                   x_buffer_214|         array|
|x_buffer_215_address0  |  out|    5|   ap_memory|                                   x_buffer_215|         array|
|x_buffer_215_ce0       |  out|    1|   ap_memory|                                   x_buffer_215|         array|
|x_buffer_215_q0        |   in|   16|   ap_memory|                                   x_buffer_215|         array|
|x_buffer_216_address0  |  out|    5|   ap_memory|                                   x_buffer_216|         array|
|x_buffer_216_ce0       |  out|    1|   ap_memory|                                   x_buffer_216|         array|
|x_buffer_216_q0        |   in|   16|   ap_memory|                                   x_buffer_216|         array|
|x_buffer_217_address0  |  out|    5|   ap_memory|                                   x_buffer_217|         array|
|x_buffer_217_ce0       |  out|    1|   ap_memory|                                   x_buffer_217|         array|
|x_buffer_217_q0        |   in|   16|   ap_memory|                                   x_buffer_217|         array|
|x_buffer_218_address0  |  out|    5|   ap_memory|                                   x_buffer_218|         array|
|x_buffer_218_ce0       |  out|    1|   ap_memory|                                   x_buffer_218|         array|
|x_buffer_218_q0        |   in|   16|   ap_memory|                                   x_buffer_218|         array|
|x_buffer_219_address0  |  out|    5|   ap_memory|                                   x_buffer_219|         array|
|x_buffer_219_ce0       |  out|    1|   ap_memory|                                   x_buffer_219|         array|
|x_buffer_219_q0        |   in|   16|   ap_memory|                                   x_buffer_219|         array|
|x_buffer_220_address0  |  out|    5|   ap_memory|                                   x_buffer_220|         array|
|x_buffer_220_ce0       |  out|    1|   ap_memory|                                   x_buffer_220|         array|
|x_buffer_220_q0        |   in|   16|   ap_memory|                                   x_buffer_220|         array|
|x_buffer_221_address0  |  out|    5|   ap_memory|                                   x_buffer_221|         array|
|x_buffer_221_ce0       |  out|    1|   ap_memory|                                   x_buffer_221|         array|
|x_buffer_221_q0        |   in|   16|   ap_memory|                                   x_buffer_221|         array|
|x_buffer_222_address0  |  out|    5|   ap_memory|                                   x_buffer_222|         array|
|x_buffer_222_ce0       |  out|    1|   ap_memory|                                   x_buffer_222|         array|
|x_buffer_222_q0        |   in|   16|   ap_memory|                                   x_buffer_222|         array|
|x_buffer_223_address0  |  out|    5|   ap_memory|                                   x_buffer_223|         array|
|x_buffer_223_ce0       |  out|    1|   ap_memory|                                   x_buffer_223|         array|
|x_buffer_223_q0        |   in|   16|   ap_memory|                                   x_buffer_223|         array|
|acc_23_1_out           |  out|   32|      ap_vld|                                   acc_23_1_out|       pointer|
|acc_23_1_out_ap_vld    |  out|    1|      ap_vld|                                   acc_23_1_out|       pointer|
|acc_22_1_out           |  out|   32|      ap_vld|                                   acc_22_1_out|       pointer|
|acc_22_1_out_ap_vld    |  out|    1|      ap_vld|                                   acc_22_1_out|       pointer|
|acc_21_1_out           |  out|   32|      ap_vld|                                   acc_21_1_out|       pointer|
|acc_21_1_out_ap_vld    |  out|    1|      ap_vld|                                   acc_21_1_out|       pointer|
|acc_20_1_out           |  out|   32|      ap_vld|                                   acc_20_1_out|       pointer|
|acc_20_1_out_ap_vld    |  out|    1|      ap_vld|                                   acc_20_1_out|       pointer|
|acc_19_1_out           |  out|   32|      ap_vld|                                   acc_19_1_out|       pointer|
|acc_19_1_out_ap_vld    |  out|    1|      ap_vld|                                   acc_19_1_out|       pointer|
|acc_18_1_out           |  out|   32|      ap_vld|                                   acc_18_1_out|       pointer|
|acc_18_1_out_ap_vld    |  out|    1|      ap_vld|                                   acc_18_1_out|       pointer|
|acc_17_1_out           |  out|   32|      ap_vld|                                   acc_17_1_out|       pointer|
|acc_17_1_out_ap_vld    |  out|    1|      ap_vld|                                   acc_17_1_out|       pointer|
|acc_16_1_out           |  out|   32|      ap_vld|                                   acc_16_1_out|       pointer|
|acc_16_1_out_ap_vld    |  out|    1|      ap_vld|                                   acc_16_1_out|       pointer|
|acc_15_1_out           |  out|   32|      ap_vld|                                   acc_15_1_out|       pointer|
|acc_15_1_out_ap_vld    |  out|    1|      ap_vld|                                   acc_15_1_out|       pointer|
|acc_14_1_out           |  out|   32|      ap_vld|                                   acc_14_1_out|       pointer|
|acc_14_1_out_ap_vld    |  out|    1|      ap_vld|                                   acc_14_1_out|       pointer|
|acc_13_1_out           |  out|   32|      ap_vld|                                   acc_13_1_out|       pointer|
|acc_13_1_out_ap_vld    |  out|    1|      ap_vld|                                   acc_13_1_out|       pointer|
|acc_12_1_out           |  out|   32|      ap_vld|                                   acc_12_1_out|       pointer|
|acc_12_1_out_ap_vld    |  out|    1|      ap_vld|                                   acc_12_1_out|       pointer|
|acc_11_1_out           |  out|   32|      ap_vld|                                   acc_11_1_out|       pointer|
|acc_11_1_out_ap_vld    |  out|    1|      ap_vld|                                   acc_11_1_out|       pointer|
|acc_10_1_out           |  out|   32|      ap_vld|                                   acc_10_1_out|       pointer|
|acc_10_1_out_ap_vld    |  out|    1|      ap_vld|                                   acc_10_1_out|       pointer|
|acc_9_1_out            |  out|   32|      ap_vld|                                    acc_9_1_out|       pointer|
|acc_9_1_out_ap_vld     |  out|    1|      ap_vld|                                    acc_9_1_out|       pointer|
|acc_8_1_out            |  out|   32|      ap_vld|                                    acc_8_1_out|       pointer|
|acc_8_1_out_ap_vld     |  out|    1|      ap_vld|                                    acc_8_1_out|       pointer|
|acc_7_1_out            |  out|   32|      ap_vld|                                    acc_7_1_out|       pointer|
|acc_7_1_out_ap_vld     |  out|    1|      ap_vld|                                    acc_7_1_out|       pointer|
|acc_6_1_out            |  out|   32|      ap_vld|                                    acc_6_1_out|       pointer|
|acc_6_1_out_ap_vld     |  out|    1|      ap_vld|                                    acc_6_1_out|       pointer|
|acc_5_1_out            |  out|   32|      ap_vld|                                    acc_5_1_out|       pointer|
|acc_5_1_out_ap_vld     |  out|    1|      ap_vld|                                    acc_5_1_out|       pointer|
|acc_4_1_out            |  out|   32|      ap_vld|                                    acc_4_1_out|       pointer|
|acc_4_1_out_ap_vld     |  out|    1|      ap_vld|                                    acc_4_1_out|       pointer|
|acc_3_1_out            |  out|   32|      ap_vld|                                    acc_3_1_out|       pointer|
|acc_3_1_out_ap_vld     |  out|    1|      ap_vld|                                    acc_3_1_out|       pointer|
|acc_2_1_out            |  out|   32|      ap_vld|                                    acc_2_1_out|       pointer|
|acc_2_1_out_ap_vld     |  out|    1|      ap_vld|                                    acc_2_1_out|       pointer|
|acc_1_1_out            |  out|   32|      ap_vld|                                    acc_1_1_out|       pointer|
|acc_1_1_out_ap_vld     |  out|    1|      ap_vld|                                    acc_1_1_out|       pointer|
|acc_1149_out           |  out|   32|      ap_vld|                                   acc_1149_out|       pointer|
|acc_1149_out_ap_vld    |  out|    1|      ap_vld|                                   acc_1149_out|       pointer|
+-----------------------+-----+-----+------------+-----------------------------------------------+--------------+

