

================================================================
== Vitis HLS Report for 'Universal_Engine_Kernel_16_half_Pipeline_CONV_CORE_MAC_LOOP'
================================================================
* Date:           Fri May 22 08:50:24 2026

* Version:        2024.2 (Build 5238294 on Nov  8 2024)
* Project:        prj
* Solution:       solution1 (Vitis Kernel Flow Target)
* Product family: zynquplus
* Target device:  xczu7ev-ffvc1156-2-e


================================================================
== Performance Estimates
================================================================
+ Timing: 
    * Summary: 
    +--------+---------+----------+------------+
    |  Clock |  Target | Estimated| Uncertainty|
    +--------+---------+----------+------------+
    |ap_clk  |  3.33 ns|  2.433 ns|     0.90 ns|
    +--------+---------+----------+------------+

+ Latency: 
    * Summary: 
    +---------+---------+----------+----------+-----+------+------------------------------------------------+
    |  Latency (cycles) |  Latency (absolute) |  Interval  |                    Pipeline                    |
    |   min   |   max   |    min   |    max   | min |  max |                      Type                      |
    +---------+---------+----------+----------+-----+------+------------------------------------------------+
    |      363|     1191|  1.210 us|  3.970 us|  253|  1081|  loop auto-rewind stp (delay=0 clock cycles(s))|
    +---------+---------+----------+----------+-----+------+------------------------------------------------+

    + Detail: 
        * Instance: 
        N/A

        * Loop: 
        +----------------------+---------+---------+----------+-----------+-----------+------------+----------+
        |                      |  Latency (cycles) | Iteration|  Initiation Interval  |    Trip    |          |
        |       Loop Name      |   min   |   max   |  Latency |  achieved |   target  |    Count   | Pipelined|
        +----------------------+---------+---------+----------+-----------+-----------+------------+----------+
        |- CONV_CORE_MAC_LOOP  |      361|     1189|       111|          1|          1|  252 ~ 1080|       yes|
        +----------------------+---------+---------+----------+-----------+-----------+------------+----------+



================================================================
== Utilization Estimates
================================================================
* Summary: 
+-----------------+---------+------+--------+--------+-----+
|       Name      | BRAM_18K|  DSP |   FF   |   LUT  | URAM|
+-----------------+---------+------+--------+--------+-----+
|DSP              |        -|     -|       -|       -|    -|
|Expression       |        -|     -|       0|    6638|    -|
|FIFO             |        -|     -|       -|       -|    -|
|Instance         |        -|   385|   19336|   15122|    -|
|Memory           |        -|     -|       -|       -|    -|
|Multiplexer      |        -|     -|       0|    2538|    -|
|Register         |        -|     -|   16576|     352|    -|
+-----------------+---------+------+--------+--------+-----+
|Total            |        0|   385|   35912|   24650|    0|
+-----------------+---------+------+--------+--------+-----+
|Available        |      624|  1728|  460800|  230400|   96|
+-----------------+---------+------+--------+--------+-----+
|Utilization (%)  |        0|    22|       7|      10|    0|
+-----------------+---------+------+--------+--------+-----+

+ Detail: 
    * Instance: 
    +-------------------------------------+--------------------------------+---------+----+-----+-----+-----+
    |               Instance              |             Module             | BRAM_18K| DSP|  FF | LUT | URAM|
    +-------------------------------------+--------------------------------+---------+----+-----+-----+-----+
    |hadd_16ns_16ns_16_5_full_dsp_1_U524  |hadd_16ns_16ns_16_5_full_dsp_1  |        0|   2|  109|  113|    0|
    |hadd_16ns_16ns_16_5_full_dsp_1_U525  |hadd_16ns_16ns_16_5_full_dsp_1  |        0|   2|  109|  113|    0|
    |hadd_16ns_16ns_16_5_full_dsp_1_U526  |hadd_16ns_16ns_16_5_full_dsp_1  |        0|   2|  109|  113|    0|
    |hadd_16ns_16ns_16_5_full_dsp_1_U527  |hadd_16ns_16ns_16_5_full_dsp_1  |        0|   2|  109|  113|    0|
    |hadd_16ns_16ns_16_5_full_dsp_1_U528  |hadd_16ns_16ns_16_5_full_dsp_1  |        0|   2|  109|  113|    0|
    |hadd_16ns_16ns_16_5_full_dsp_1_U529  |hadd_16ns_16ns_16_5_full_dsp_1  |        0|   2|  109|  113|    0|
    |hadd_16ns_16ns_16_5_full_dsp_1_U530  |hadd_16ns_16ns_16_5_full_dsp_1  |        0|   2|  109|  113|    0|
    |hadd_16ns_16ns_16_5_full_dsp_1_U531  |hadd_16ns_16ns_16_5_full_dsp_1  |        0|   2|  109|  113|    0|
    |hadd_16ns_16ns_16_5_full_dsp_1_U532  |hadd_16ns_16ns_16_5_full_dsp_1  |        0|   2|  109|  113|    0|
    |hadd_16ns_16ns_16_5_full_dsp_1_U533  |hadd_16ns_16ns_16_5_full_dsp_1  |        0|   2|  109|  113|    0|
    |hadd_16ns_16ns_16_5_full_dsp_1_U534  |hadd_16ns_16ns_16_5_full_dsp_1  |        0|   2|  109|  113|    0|
    |hadd_16ns_16ns_16_5_full_dsp_1_U535  |hadd_16ns_16ns_16_5_full_dsp_1  |        0|   2|  109|  113|    0|
    |hadd_16ns_16ns_16_5_full_dsp_1_U536  |hadd_16ns_16ns_16_5_full_dsp_1  |        0|   2|  109|  113|    0|
    |hadd_16ns_16ns_16_5_full_dsp_1_U537  |hadd_16ns_16ns_16_5_full_dsp_1  |        0|   2|  109|  113|    0|
    |hadd_16ns_16ns_16_5_full_dsp_1_U538  |hadd_16ns_16ns_16_5_full_dsp_1  |        0|   2|  109|  113|    0|
    |hadd_16ns_16ns_16_5_full_dsp_1_U539  |hadd_16ns_16ns_16_5_full_dsp_1  |        0|   2|  109|  113|    0|
    |hadd_16ns_16ns_16_5_full_dsp_1_U540  |hadd_16ns_16ns_16_5_full_dsp_1  |        0|   2|  109|  113|    0|
    |hadd_16ns_16ns_16_5_full_dsp_1_U541  |hadd_16ns_16ns_16_5_full_dsp_1  |        0|   2|  109|  113|    0|
    |hadd_16ns_16ns_16_5_full_dsp_1_U542  |hadd_16ns_16ns_16_5_full_dsp_1  |        0|   2|  109|  113|    0|
    |hadd_16ns_16ns_16_5_full_dsp_1_U543  |hadd_16ns_16ns_16_5_full_dsp_1  |        0|   2|  109|  113|    0|
    |hadd_16ns_16ns_16_5_full_dsp_1_U544  |hadd_16ns_16ns_16_5_full_dsp_1  |        0|   2|  109|  113|    0|
    |hadd_16ns_16ns_16_5_full_dsp_1_U545  |hadd_16ns_16ns_16_5_full_dsp_1  |        0|   2|  109|  113|    0|
    |hadd_16ns_16ns_16_5_full_dsp_1_U546  |hadd_16ns_16ns_16_5_full_dsp_1  |        0|   2|  109|  113|    0|
    |hadd_16ns_16ns_16_5_full_dsp_1_U547  |hadd_16ns_16ns_16_5_full_dsp_1  |        0|   2|  109|  113|    0|
    |hadd_16ns_16ns_16_5_full_dsp_1_U548  |hadd_16ns_16ns_16_5_full_dsp_1  |        0|   2|  109|  113|    0|
    |hadd_16ns_16ns_16_5_full_dsp_1_U549  |hadd_16ns_16ns_16_5_full_dsp_1  |        0|   2|  109|  113|    0|
    |hadd_16ns_16ns_16_5_full_dsp_1_U550  |hadd_16ns_16ns_16_5_full_dsp_1  |        0|   2|  109|  113|    0|
    |hadd_16ns_16ns_16_5_full_dsp_1_U551  |hadd_16ns_16ns_16_5_full_dsp_1  |        0|   2|  109|  113|    0|
    |hadd_16ns_16ns_16_5_full_dsp_1_U552  |hadd_16ns_16ns_16_5_full_dsp_1  |        0|   2|  109|  113|    0|
    |hadd_16ns_16ns_16_5_full_dsp_1_U553  |hadd_16ns_16ns_16_5_full_dsp_1  |        0|   2|  109|  113|    0|
    |hadd_16ns_16ns_16_5_full_dsp_1_U554  |hadd_16ns_16ns_16_5_full_dsp_1  |        0|   2|  109|  113|    0|
    |hadd_16ns_16ns_16_5_full_dsp_1_U555  |hadd_16ns_16ns_16_5_full_dsp_1  |        0|   2|  109|  113|    0|
    |hadd_16ns_16ns_16_5_full_dsp_1_U556  |hadd_16ns_16ns_16_5_full_dsp_1  |        0|   2|  109|  113|    0|
    |hadd_16ns_16ns_16_5_full_dsp_1_U557  |hadd_16ns_16ns_16_5_full_dsp_1  |        0|   2|  109|  113|    0|
    |hadd_16ns_16ns_16_5_full_dsp_1_U558  |hadd_16ns_16ns_16_5_full_dsp_1  |        0|   2|  109|  113|    0|
    |hadd_16ns_16ns_16_5_full_dsp_1_U559  |hadd_16ns_16ns_16_5_full_dsp_1  |        0|   2|  109|  113|    0|
    |hadd_16ns_16ns_16_5_full_dsp_1_U560  |hadd_16ns_16ns_16_5_full_dsp_1  |        0|   2|  109|  113|    0|
    |hadd_16ns_16ns_16_5_full_dsp_1_U561  |hadd_16ns_16ns_16_5_full_dsp_1  |        0|   2|  109|  113|    0|
    |hadd_16ns_16ns_16_5_full_dsp_1_U562  |hadd_16ns_16ns_16_5_full_dsp_1  |        0|   2|  109|  113|    0|
    |hadd_16ns_16ns_16_5_full_dsp_1_U563  |hadd_16ns_16ns_16_5_full_dsp_1  |        0|   2|  109|  113|    0|
    |hadd_16ns_16ns_16_5_full_dsp_1_U564  |hadd_16ns_16ns_16_5_full_dsp_1  |        0|   2|  109|  113|    0|
    |hadd_16ns_16ns_16_5_full_dsp_1_U565  |hadd_16ns_16ns_16_5_full_dsp_1  |        0|   2|  109|  113|    0|
    |hadd_16ns_16ns_16_5_full_dsp_1_U566  |hadd_16ns_16ns_16_5_full_dsp_1  |        0|   2|  109|  113|    0|
    |hadd_16ns_16ns_16_5_full_dsp_1_U567  |hadd_16ns_16ns_16_5_full_dsp_1  |        0|   2|  109|  113|    0|
    |hadd_16ns_16ns_16_5_full_dsp_1_U568  |hadd_16ns_16ns_16_5_full_dsp_1  |        0|   2|  109|  113|    0|
    |hadd_16ns_16ns_16_5_full_dsp_1_U569  |hadd_16ns_16ns_16_5_full_dsp_1  |        0|   2|  109|  113|    0|
    |hadd_16ns_16ns_16_5_full_dsp_1_U570  |hadd_16ns_16ns_16_5_full_dsp_1  |        0|   2|  109|  113|    0|
    |hadd_16ns_16ns_16_5_full_dsp_1_U571  |hadd_16ns_16ns_16_5_full_dsp_1  |        0|   2|  109|  113|    0|
    |hadd_16ns_16ns_16_5_full_dsp_1_U572  |hadd_16ns_16ns_16_5_full_dsp_1  |        0|   2|  109|  113|    0|
    |hadd_16ns_16ns_16_5_full_dsp_1_U573  |hadd_16ns_16ns_16_5_full_dsp_1  |        0|   2|  109|  113|    0|
    |hadd_16ns_16ns_16_5_full_dsp_1_U574  |hadd_16ns_16ns_16_5_full_dsp_1  |        0|   2|  109|  113|    0|
    |hadd_16ns_16ns_16_5_full_dsp_1_U575  |hadd_16ns_16ns_16_5_full_dsp_1  |        0|   2|  109|  113|    0|
    |hadd_16ns_16ns_16_5_full_dsp_1_U576  |hadd_16ns_16ns_16_5_full_dsp_1  |        0|   2|  109|  113|    0|
    |hadd_16ns_16ns_16_5_full_dsp_1_U577  |hadd_16ns_16ns_16_5_full_dsp_1  |        0|   2|  109|  113|    0|
    |hadd_16ns_16ns_16_5_full_dsp_1_U578  |hadd_16ns_16ns_16_5_full_dsp_1  |        0|   2|  109|  113|    0|
    |hadd_16ns_16ns_16_5_full_dsp_1_U579  |hadd_16ns_16ns_16_5_full_dsp_1  |        0|   2|  109|  113|    0|
    |hadd_16ns_16ns_16_5_full_dsp_1_U580  |hadd_16ns_16ns_16_5_full_dsp_1  |        0|   2|  109|  113|    0|
    |hadd_16ns_16ns_16_5_full_dsp_1_U581  |hadd_16ns_16ns_16_5_full_dsp_1  |        0|   2|  109|  113|    0|
    |hadd_16ns_16ns_16_5_full_dsp_1_U582  |hadd_16ns_16ns_16_5_full_dsp_1  |        0|   2|  109|  113|    0|
    |hadd_16ns_16ns_16_5_full_dsp_1_U583  |hadd_16ns_16ns_16_5_full_dsp_1  |        0|   2|  109|  113|    0|
    |hadd_16ns_16ns_16_5_full_dsp_1_U584  |hadd_16ns_16ns_16_5_full_dsp_1  |        0|   2|  109|  113|    0|
    |hadd_16ns_16ns_16_5_full_dsp_1_U585  |hadd_16ns_16ns_16_5_full_dsp_1  |        0|   2|  109|  113|    0|
    |hadd_16ns_16ns_16_5_full_dsp_1_U586  |hadd_16ns_16ns_16_5_full_dsp_1  |        0|   2|  109|  113|    0|
    |hadd_16ns_16ns_16_5_full_dsp_1_U587  |hadd_16ns_16ns_16_5_full_dsp_1  |        0|   2|  109|  113|    0|
    |hadd_16ns_16ns_16_5_full_dsp_1_U588  |hadd_16ns_16ns_16_5_full_dsp_1  |        0|   2|  109|  113|    0|
    |hadd_16ns_16ns_16_5_full_dsp_1_U589  |hadd_16ns_16ns_16_5_full_dsp_1  |        0|   2|  109|  113|    0|
    |hadd_16ns_16ns_16_5_full_dsp_1_U590  |hadd_16ns_16ns_16_5_full_dsp_1  |        0|   2|  109|  113|    0|
    |hadd_16ns_16ns_16_5_full_dsp_1_U591  |hadd_16ns_16ns_16_5_full_dsp_1  |        0|   2|  109|  113|    0|
    |hadd_16ns_16ns_16_5_full_dsp_1_U592  |hadd_16ns_16ns_16_5_full_dsp_1  |        0|   2|  109|  113|    0|
    |hadd_16ns_16ns_16_5_full_dsp_1_U593  |hadd_16ns_16ns_16_5_full_dsp_1  |        0|   2|  109|  113|    0|
    |hadd_16ns_16ns_16_5_full_dsp_1_U594  |hadd_16ns_16ns_16_5_full_dsp_1  |        0|   2|  109|  113|    0|
    |hadd_16ns_16ns_16_5_full_dsp_1_U595  |hadd_16ns_16ns_16_5_full_dsp_1  |        0|   2|  109|  113|    0|
    |hadd_16ns_16ns_16_5_full_dsp_1_U596  |hadd_16ns_16ns_16_5_full_dsp_1  |        0|   2|  109|  113|    0|
    |hadd_16ns_16ns_16_5_full_dsp_1_U597  |hadd_16ns_16ns_16_5_full_dsp_1  |        0|   2|  109|  113|    0|
    |hadd_16ns_16ns_16_5_full_dsp_1_U598  |hadd_16ns_16ns_16_5_full_dsp_1  |        0|   2|  109|  113|    0|
    |hadd_16ns_16ns_16_5_full_dsp_1_U599  |hadd_16ns_16ns_16_5_full_dsp_1  |        0|   2|  109|  113|    0|
    |hadd_16ns_16ns_16_5_full_dsp_1_U600  |hadd_16ns_16ns_16_5_full_dsp_1  |        0|   2|  109|  113|    0|
    |hadd_16ns_16ns_16_5_full_dsp_1_U601  |hadd_16ns_16ns_16_5_full_dsp_1  |        0|   2|  109|  113|    0|
    |hadd_16ns_16ns_16_5_full_dsp_1_U602  |hadd_16ns_16ns_16_5_full_dsp_1  |        0|   2|  109|  113|    0|
    |hadd_16ns_16ns_16_5_full_dsp_1_U603  |hadd_16ns_16ns_16_5_full_dsp_1  |        0|   2|  109|  113|    0|
    |hadd_16ns_16ns_16_5_full_dsp_1_U604  |hadd_16ns_16ns_16_5_full_dsp_1  |        0|   2|  109|  113|    0|
    |hadd_16ns_16ns_16_5_full_dsp_1_U605  |hadd_16ns_16ns_16_5_full_dsp_1  |        0|   2|  109|  113|    0|
    |hadd_16ns_16ns_16_5_full_dsp_1_U606  |hadd_16ns_16ns_16_5_full_dsp_1  |        0|   2|  109|  113|    0|
    |hadd_16ns_16ns_16_5_full_dsp_1_U607  |hadd_16ns_16ns_16_5_full_dsp_1  |        0|   2|  109|  113|    0|
    |hadd_16ns_16ns_16_5_full_dsp_1_U608  |hadd_16ns_16ns_16_5_full_dsp_1  |        0|   2|  109|  113|    0|
    |hadd_16ns_16ns_16_5_full_dsp_1_U609  |hadd_16ns_16ns_16_5_full_dsp_1  |        0|   2|  109|  113|    0|
    |hadd_16ns_16ns_16_5_full_dsp_1_U610  |hadd_16ns_16ns_16_5_full_dsp_1  |        0|   2|  109|  113|    0|
    |hadd_16ns_16ns_16_5_full_dsp_1_U611  |hadd_16ns_16ns_16_5_full_dsp_1  |        0|   2|  109|  113|    0|
    |hadd_16ns_16ns_16_5_full_dsp_1_U612  |hadd_16ns_16ns_16_5_full_dsp_1  |        0|   2|  109|  113|    0|
    |hadd_16ns_16ns_16_5_full_dsp_1_U613  |hadd_16ns_16ns_16_5_full_dsp_1  |        0|   2|  109|  113|    0|
    |hadd_16ns_16ns_16_5_full_dsp_1_U614  |hadd_16ns_16ns_16_5_full_dsp_1  |        0|   2|  109|  113|    0|
    |hadd_16ns_16ns_16_5_full_dsp_1_U615  |hadd_16ns_16ns_16_5_full_dsp_1  |        0|   2|  109|  113|    0|
    |hadd_16ns_16ns_16_5_full_dsp_1_U616  |hadd_16ns_16ns_16_5_full_dsp_1  |        0|   2|  109|  113|    0|
    |hadd_16ns_16ns_16_5_full_dsp_1_U617  |hadd_16ns_16ns_16_5_full_dsp_1  |        0|   2|  109|  113|    0|
    |hadd_16ns_16ns_16_5_full_dsp_1_U618  |hadd_16ns_16ns_16_5_full_dsp_1  |        0|   2|  109|  113|    0|
    |hadd_16ns_16ns_16_5_full_dsp_1_U619  |hadd_16ns_16ns_16_5_full_dsp_1  |        0|   2|  109|  113|    0|
    |hmul_16ns_16ns_16_4_max_dsp_1_U652   |hmul_16ns_16ns_16_4_max_dsp_1   |        0|   2|   91|   34|    0|
    |hmul_16ns_16ns_16_4_max_dsp_1_U653   |hmul_16ns_16ns_16_4_max_dsp_1   |        0|   2|   91|   34|    0|
    |hmul_16ns_16ns_16_4_max_dsp_1_U654   |hmul_16ns_16ns_16_4_max_dsp_1   |        0|   2|   91|   34|    0|
    |hmul_16ns_16ns_16_4_max_dsp_1_U655   |hmul_16ns_16ns_16_4_max_dsp_1   |        0|   2|   91|   34|    0|
    |hmul_16ns_16ns_16_4_max_dsp_1_U656   |hmul_16ns_16ns_16_4_max_dsp_1   |        0|   2|   91|   34|    0|
    |hmul_16ns_16ns_16_4_max_dsp_1_U657   |hmul_16ns_16ns_16_4_max_dsp_1   |        0|   2|   91|   34|    0|
    |hmul_16ns_16ns_16_4_max_dsp_1_U658   |hmul_16ns_16ns_16_4_max_dsp_1   |        0|   2|   91|   34|    0|
    |hmul_16ns_16ns_16_4_max_dsp_1_U659   |hmul_16ns_16ns_16_4_max_dsp_1   |        0|   2|   91|   34|    0|
    |hmul_16ns_16ns_16_4_max_dsp_1_U660   |hmul_16ns_16ns_16_4_max_dsp_1   |        0|   2|   91|   34|    0|
    |hmul_16ns_16ns_16_4_max_dsp_1_U661   |hmul_16ns_16ns_16_4_max_dsp_1   |        0|   2|   91|   34|    0|
    |hmul_16ns_16ns_16_4_max_dsp_1_U662   |hmul_16ns_16ns_16_4_max_dsp_1   |        0|   2|   91|   34|    0|
    |hmul_16ns_16ns_16_4_max_dsp_1_U663   |hmul_16ns_16ns_16_4_max_dsp_1   |        0|   2|   91|   34|    0|
    |hmul_16ns_16ns_16_4_max_dsp_1_U664   |hmul_16ns_16ns_16_4_max_dsp_1   |        0|   2|   91|   34|    0|
    |hmul_16ns_16ns_16_4_max_dsp_1_U665   |hmul_16ns_16ns_16_4_max_dsp_1   |        0|   2|   91|   34|    0|
    |hmul_16ns_16ns_16_4_max_dsp_1_U666   |hmul_16ns_16ns_16_4_max_dsp_1   |        0|   2|   91|   34|    0|
    |hmul_16ns_16ns_16_4_max_dsp_1_U667   |hmul_16ns_16ns_16_4_max_dsp_1   |        0|   2|   91|   34|    0|
    |hmul_16ns_16ns_16_4_max_dsp_1_U668   |hmul_16ns_16ns_16_4_max_dsp_1   |        0|   2|   91|   34|    0|
    |hmul_16ns_16ns_16_4_max_dsp_1_U669   |hmul_16ns_16ns_16_4_max_dsp_1   |        0|   2|   91|   34|    0|
    |hmul_16ns_16ns_16_4_max_dsp_1_U670   |hmul_16ns_16ns_16_4_max_dsp_1   |        0|   2|   91|   34|    0|
    |hmul_16ns_16ns_16_4_max_dsp_1_U671   |hmul_16ns_16ns_16_4_max_dsp_1   |        0|   2|   91|   34|    0|
    |hmul_16ns_16ns_16_4_max_dsp_1_U672   |hmul_16ns_16ns_16_4_max_dsp_1   |        0|   2|   91|   34|    0|
    |hmul_16ns_16ns_16_4_max_dsp_1_U673   |hmul_16ns_16ns_16_4_max_dsp_1   |        0|   2|   91|   34|    0|
    |hmul_16ns_16ns_16_4_max_dsp_1_U674   |hmul_16ns_16ns_16_4_max_dsp_1   |        0|   2|   91|   34|    0|
    |hmul_16ns_16ns_16_4_max_dsp_1_U675   |hmul_16ns_16ns_16_4_max_dsp_1   |        0|   2|   91|   34|    0|
    |hmul_16ns_16ns_16_4_max_dsp_1_U676   |hmul_16ns_16ns_16_4_max_dsp_1   |        0|   2|   91|   34|    0|
    |hmul_16ns_16ns_16_4_max_dsp_1_U677   |hmul_16ns_16ns_16_4_max_dsp_1   |        0|   2|   91|   34|    0|
    |hmul_16ns_16ns_16_4_max_dsp_1_U678   |hmul_16ns_16ns_16_4_max_dsp_1   |        0|   2|   91|   34|    0|
    |hmul_16ns_16ns_16_4_max_dsp_1_U679   |hmul_16ns_16ns_16_4_max_dsp_1   |        0|   2|   91|   34|    0|
    |hmul_16ns_16ns_16_4_max_dsp_1_U680   |hmul_16ns_16ns_16_4_max_dsp_1   |        0|   2|   91|   34|    0|
    |hmul_16ns_16ns_16_4_max_dsp_1_U681   |hmul_16ns_16ns_16_4_max_dsp_1   |        0|   2|   91|   34|    0|
    |hmul_16ns_16ns_16_4_max_dsp_1_U682   |hmul_16ns_16ns_16_4_max_dsp_1   |        0|   2|   91|   34|    0|
    |hmul_16ns_16ns_16_4_max_dsp_1_U683   |hmul_16ns_16ns_16_4_max_dsp_1   |        0|   2|   91|   34|    0|
    |hmul_16ns_16ns_16_4_max_dsp_1_U684   |hmul_16ns_16ns_16_4_max_dsp_1   |        0|   2|   91|   34|    0|
    |hmul_16ns_16ns_16_4_max_dsp_1_U685   |hmul_16ns_16ns_16_4_max_dsp_1   |        0|   2|   91|   34|    0|
    |hmul_16ns_16ns_16_4_max_dsp_1_U686   |hmul_16ns_16ns_16_4_max_dsp_1   |        0|   2|   91|   34|    0|
    |hmul_16ns_16ns_16_4_max_dsp_1_U687   |hmul_16ns_16ns_16_4_max_dsp_1   |        0|   2|   91|   34|    0|
    |hmul_16ns_16ns_16_4_max_dsp_1_U688   |hmul_16ns_16ns_16_4_max_dsp_1   |        0|   2|   91|   34|    0|
    |hmul_16ns_16ns_16_4_max_dsp_1_U689   |hmul_16ns_16ns_16_4_max_dsp_1   |        0|   2|   91|   34|    0|
    |hmul_16ns_16ns_16_4_max_dsp_1_U690   |hmul_16ns_16ns_16_4_max_dsp_1   |        0|   2|   91|   34|    0|
    |hmul_16ns_16ns_16_4_max_dsp_1_U691   |hmul_16ns_16ns_16_4_max_dsp_1   |        0|   2|   91|   34|    0|
    |hmul_16ns_16ns_16_4_max_dsp_1_U692   |hmul_16ns_16ns_16_4_max_dsp_1   |        0|   2|   91|   34|    0|
    |hmul_16ns_16ns_16_4_max_dsp_1_U693   |hmul_16ns_16ns_16_4_max_dsp_1   |        0|   2|   91|   34|    0|
    |hmul_16ns_16ns_16_4_max_dsp_1_U694   |hmul_16ns_16ns_16_4_max_dsp_1   |        0|   2|   91|   34|    0|
    |hmul_16ns_16ns_16_4_max_dsp_1_U695   |hmul_16ns_16ns_16_4_max_dsp_1   |        0|   2|   91|   34|    0|
    |hmul_16ns_16ns_16_4_max_dsp_1_U696   |hmul_16ns_16ns_16_4_max_dsp_1   |        0|   2|   91|   34|    0|
    |hmul_16ns_16ns_16_4_max_dsp_1_U697   |hmul_16ns_16ns_16_4_max_dsp_1   |        0|   2|   91|   34|    0|
    |hmul_16ns_16ns_16_4_max_dsp_1_U698   |hmul_16ns_16ns_16_4_max_dsp_1   |        0|   2|   91|   34|    0|
    |hmul_16ns_16ns_16_4_max_dsp_1_U699   |hmul_16ns_16ns_16_4_max_dsp_1   |        0|   2|   91|   34|    0|
    |hmul_16ns_16ns_16_4_max_dsp_1_U700   |hmul_16ns_16ns_16_4_max_dsp_1   |        0|   2|   91|   34|    0|
    |hmul_16ns_16ns_16_4_max_dsp_1_U701   |hmul_16ns_16ns_16_4_max_dsp_1   |        0|   2|   91|   34|    0|
    |hmul_16ns_16ns_16_4_max_dsp_1_U702   |hmul_16ns_16ns_16_4_max_dsp_1   |        0|   2|   91|   34|    0|
    |hmul_16ns_16ns_16_4_max_dsp_1_U703   |hmul_16ns_16ns_16_4_max_dsp_1   |        0|   2|   91|   34|    0|
    |hmul_16ns_16ns_16_4_max_dsp_1_U704   |hmul_16ns_16ns_16_4_max_dsp_1   |        0|   2|   91|   34|    0|
    |hmul_16ns_16ns_16_4_max_dsp_1_U705   |hmul_16ns_16ns_16_4_max_dsp_1   |        0|   2|   91|   34|    0|
    |hmul_16ns_16ns_16_4_max_dsp_1_U706   |hmul_16ns_16ns_16_4_max_dsp_1   |        0|   2|   91|   34|    0|
    |hmul_16ns_16ns_16_4_max_dsp_1_U707   |hmul_16ns_16ns_16_4_max_dsp_1   |        0|   2|   91|   34|    0|
    |hmul_16ns_16ns_16_4_max_dsp_1_U708   |hmul_16ns_16ns_16_4_max_dsp_1   |        0|   2|   91|   34|    0|
    |hmul_16ns_16ns_16_4_max_dsp_1_U709   |hmul_16ns_16ns_16_4_max_dsp_1   |        0|   2|   91|   34|    0|
    |hmul_16ns_16ns_16_4_max_dsp_1_U710   |hmul_16ns_16ns_16_4_max_dsp_1   |        0|   2|   91|   34|    0|
    |hmul_16ns_16ns_16_4_max_dsp_1_U711   |hmul_16ns_16ns_16_4_max_dsp_1   |        0|   2|   91|   34|    0|
    |hmul_16ns_16ns_16_4_max_dsp_1_U712   |hmul_16ns_16ns_16_4_max_dsp_1   |        0|   2|   91|   34|    0|
    |hmul_16ns_16ns_16_4_max_dsp_1_U713   |hmul_16ns_16ns_16_4_max_dsp_1   |        0|   2|   91|   34|    0|
    |hmul_16ns_16ns_16_4_max_dsp_1_U714   |hmul_16ns_16ns_16_4_max_dsp_1   |        0|   2|   91|   34|    0|
    |hmul_16ns_16ns_16_4_max_dsp_1_U715   |hmul_16ns_16ns_16_4_max_dsp_1   |        0|   2|   91|   34|    0|
    |hmul_16ns_16ns_16_4_max_dsp_1_U716   |hmul_16ns_16ns_16_4_max_dsp_1   |        0|   2|   91|   34|    0|
    |hmul_16ns_16ns_16_4_max_dsp_1_U717   |hmul_16ns_16ns_16_4_max_dsp_1   |        0|   2|   91|   34|    0|
    |hmul_16ns_16ns_16_4_max_dsp_1_U718   |hmul_16ns_16ns_16_4_max_dsp_1   |        0|   2|   91|   34|    0|
    |hmul_16ns_16ns_16_4_max_dsp_1_U719   |hmul_16ns_16ns_16_4_max_dsp_1   |        0|   2|   91|   34|    0|
    |hmul_16ns_16ns_16_4_max_dsp_1_U720   |hmul_16ns_16ns_16_4_max_dsp_1   |        0|   2|   91|   34|    0|
    |hmul_16ns_16ns_16_4_max_dsp_1_U721   |hmul_16ns_16ns_16_4_max_dsp_1   |        0|   2|   91|   34|    0|
    |hmul_16ns_16ns_16_4_max_dsp_1_U722   |hmul_16ns_16ns_16_4_max_dsp_1   |        0|   2|   91|   34|    0|
    |hmul_16ns_16ns_16_4_max_dsp_1_U723   |hmul_16ns_16ns_16_4_max_dsp_1   |        0|   2|   91|   34|    0|
    |hmul_16ns_16ns_16_4_max_dsp_1_U724   |hmul_16ns_16ns_16_4_max_dsp_1   |        0|   2|   91|   34|    0|
    |hmul_16ns_16ns_16_4_max_dsp_1_U725   |hmul_16ns_16ns_16_4_max_dsp_1   |        0|   2|   91|   34|    0|
    |hmul_16ns_16ns_16_4_max_dsp_1_U726   |hmul_16ns_16ns_16_4_max_dsp_1   |        0|   2|   91|   34|    0|
    |hmul_16ns_16ns_16_4_max_dsp_1_U727   |hmul_16ns_16ns_16_4_max_dsp_1   |        0|   2|   91|   34|    0|
    |hmul_16ns_16ns_16_4_max_dsp_1_U728   |hmul_16ns_16ns_16_4_max_dsp_1   |        0|   2|   91|   34|    0|
    |hmul_16ns_16ns_16_4_max_dsp_1_U729   |hmul_16ns_16ns_16_4_max_dsp_1   |        0|   2|   91|   34|    0|
    |hmul_16ns_16ns_16_4_max_dsp_1_U730   |hmul_16ns_16ns_16_4_max_dsp_1   |        0|   2|   91|   34|    0|
    |hmul_16ns_16ns_16_4_max_dsp_1_U731   |hmul_16ns_16ns_16_4_max_dsp_1   |        0|   2|   91|   34|    0|
    |hmul_16ns_16ns_16_4_max_dsp_1_U732   |hmul_16ns_16ns_16_4_max_dsp_1   |        0|   2|   91|   34|    0|
    |hmul_16ns_16ns_16_4_max_dsp_1_U733   |hmul_16ns_16ns_16_4_max_dsp_1   |        0|   2|   91|   34|    0|
    |hmul_16ns_16ns_16_4_max_dsp_1_U734   |hmul_16ns_16ns_16_4_max_dsp_1   |        0|   2|   91|   34|    0|
    |hmul_16ns_16ns_16_4_max_dsp_1_U735   |hmul_16ns_16ns_16_4_max_dsp_1   |        0|   2|   91|   34|    0|
    |hmul_16ns_16ns_16_4_max_dsp_1_U736   |hmul_16ns_16ns_16_4_max_dsp_1   |        0|   2|   91|   34|    0|
    |hmul_16ns_16ns_16_4_max_dsp_1_U737   |hmul_16ns_16ns_16_4_max_dsp_1   |        0|   2|   91|   34|    0|
    |hmul_16ns_16ns_16_4_max_dsp_1_U738   |hmul_16ns_16ns_16_4_max_dsp_1   |        0|   2|   91|   34|    0|
    |hmul_16ns_16ns_16_4_max_dsp_1_U739   |hmul_16ns_16ns_16_4_max_dsp_1   |        0|   2|   91|   34|    0|
    |hmul_16ns_16ns_16_4_max_dsp_1_U740   |hmul_16ns_16ns_16_4_max_dsp_1   |        0|   2|   91|   34|    0|
    |hmul_16ns_16ns_16_4_max_dsp_1_U741   |hmul_16ns_16ns_16_4_max_dsp_1   |        0|   2|   91|   34|    0|
    |hmul_16ns_16ns_16_4_max_dsp_1_U742   |hmul_16ns_16ns_16_4_max_dsp_1   |        0|   2|   91|   34|    0|
    |hmul_16ns_16ns_16_4_max_dsp_1_U743   |hmul_16ns_16ns_16_4_max_dsp_1   |        0|   2|   91|   34|    0|
    |hmul_16ns_16ns_16_4_max_dsp_1_U744   |hmul_16ns_16ns_16_4_max_dsp_1   |        0|   2|   91|   34|    0|
    |hmul_16ns_16ns_16_4_max_dsp_1_U745   |hmul_16ns_16ns_16_4_max_dsp_1   |        0|   2|   91|   34|    0|
    |hmul_16ns_16ns_16_4_max_dsp_1_U746   |hmul_16ns_16ns_16_4_max_dsp_1   |        0|   2|   91|   34|    0|
    |hmul_16ns_16ns_16_4_max_dsp_1_U747   |hmul_16ns_16ns_16_4_max_dsp_1   |        0|   2|   91|   34|    0|
    |mul_14ns_10ns_23_1_1_U750            |mul_14ns_10ns_23_1_1            |        0|   1|    0|    5|    0|
    |mul_4ns_6ns_9_1_1_U749               |mul_4ns_6ns_9_1_1               |        0|   0|    0|   23|    0|
    |mul_4ns_6ns_9_1_1_U751               |mul_4ns_6ns_9_1_1               |        0|   0|    0|   23|    0|
    |sparsemux_17_3_16_1_1_U767           |sparsemux_17_3_16_1_1           |        0|   0|    0|   43|    0|
    |sparsemux_17_3_16_1_1_U768           |sparsemux_17_3_16_1_1           |        0|   0|    0|   43|    0|
    |sparsemux_17_3_16_1_1_U769           |sparsemux_17_3_16_1_1           |        0|   0|    0|   43|    0|
    |sparsemux_17_3_16_1_1_U770           |sparsemux_17_3_16_1_1           |        0|   0|    0|   43|    0|
    |sparsemux_17_3_16_1_1_U771           |sparsemux_17_3_16_1_1           |        0|   0|    0|   43|    0|
    |sparsemux_17_3_16_1_1_U772           |sparsemux_17_3_16_1_1           |        0|   0|    0|   43|    0|
    |sparsemux_17_3_16_1_1_U773           |sparsemux_17_3_16_1_1           |        0|   0|    0|   43|    0|
    |sparsemux_17_3_16_1_1_U774           |sparsemux_17_3_16_1_1           |        0|   0|    0|   43|    0|
    |sparsemux_17_3_16_1_1_U775           |sparsemux_17_3_16_1_1           |        0|   0|    0|   43|    0|
    |sparsemux_17_3_16_1_1_U776           |sparsemux_17_3_16_1_1           |        0|   0|    0|   43|    0|
    |sparsemux_17_3_16_1_1_U777           |sparsemux_17_3_16_1_1           |        0|   0|    0|   43|    0|
    |sparsemux_17_3_16_1_1_U778           |sparsemux_17_3_16_1_1           |        0|   0|    0|   43|    0|
    |sparsemux_17_3_16_1_1_U779           |sparsemux_17_3_16_1_1           |        0|   0|    0|   43|    0|
    |sparsemux_17_3_16_1_1_U780           |sparsemux_17_3_16_1_1           |        0|   0|    0|   43|    0|
    |sparsemux_17_3_16_1_1_U781           |sparsemux_17_3_16_1_1           |        0|   0|    0|   43|    0|
    |sparsemux_17_3_16_1_1_U782           |sparsemux_17_3_16_1_1           |        0|   0|    0|   43|    0|
    |sparsemux_7_2_256_1_1_U753           |sparsemux_7_2_256_1_1           |        0|   0|    0|    9|    0|
    |sparsemux_7_2_256_1_1_U754           |sparsemux_7_2_256_1_1           |        0|   0|    0|   14|    0|
    |sparsemux_7_3_256_1_1_U755           |sparsemux_7_3_256_1_1           |        0|   0|    0|   14|    0|
    |sparsemux_7_3_256_1_1_U756           |sparsemux_7_3_256_1_1           |        0|   0|    0|   14|    0|
    |sparsemux_7_3_256_1_1_U758           |sparsemux_7_3_256_1_1           |        0|   0|    0|   14|    0|
    |sparsemux_7_3_256_1_1_U766           |sparsemux_7_3_256_1_1           |        0|   0|    0|   14|    0|
    |sparsemux_7_4_256_1_1_U759           |sparsemux_7_4_256_1_1           |        0|   0|    0|   14|    0|
    |sparsemux_7_4_256_1_1_U760           |sparsemux_7_4_256_1_1           |        0|   0|    0|   14|    0|
    |sparsemux_7_4_256_1_1_U762           |sparsemux_7_4_256_1_1           |        0|   0|    0|   14|    0|
    |sparsemux_7_4_256_1_1_U763           |sparsemux_7_4_256_1_1           |        0|   0|    0|   14|    0|
    |sparsemux_7_4_256_1_1_U764           |sparsemux_7_4_256_1_1           |        0|   0|    0|   14|    0|
    |sparsemux_9_3_256_1_1_U757           |sparsemux_9_3_256_1_1           |        0|   0|    0|   20|    0|
    |sparsemux_9_3_256_1_1_U765           |sparsemux_9_3_256_1_1           |        0|   0|    0|   20|    0|
    |sparsemux_9_4_256_1_1_U761           |sparsemux_9_4_256_1_1           |        0|   0|    0|   20|    0|
    |urem_4ns_3ns_4_8_1_U748              |urem_4ns_3ns_4_8_1              |        0|   0|   68|   31|    0|
    |urem_4ns_3ns_4_8_1_U752              |urem_4ns_3ns_4_8_1              |        0|   0|   68|   31|    0|
    +-------------------------------------+--------------------------------+---------+----+-----+-----+-----+
    |Total                                |                                |        0| 385|19336|15122|    0|
    +-------------------------------------+--------------------------------+---------+----+-----+-----+-----+

    * DSP: 
    N/A

    * Memory: 
    N/A

    * FIFO: 
    N/A

    * Expression: 
    +--------------------------------------------------------------------+----------+----+---+-----+------------+------------+
    |                            Variable Name                           | Operation| DSP| FF| LUT | Bitwidth P0| Bitwidth P1|
    +--------------------------------------------------------------------+----------+----+---+-----+------------+------------+
    |add_ln250_1_fu_5222_p2                                              |         +|   0|  0|   12|           4|           1|
    |add_ln250_fu_5216_p2                                                |         +|   0|  0|   12|           4|           2|
    |add_ln253_fu_5186_p2                                                |         +|   0|  0|   18|          11|           1|
    |add_ln259_1_fu_5407_p2                                              |         +|   0|  0|   71|          64|          64|
    |add_ln259_fu_5390_p2                                                |         +|   0|  0|   31|          24|          24|
    |add_ln272_fu_5595_p2                                                |         +|   0|  0|   19|           8|           8|
    |add_ln59_1_fu_5326_p2                                               |         +|   0|  0|   16|          14|          14|
    |add_ln59_fu_5303_p2                                                 |         +|   0|  0|   19|          12|          12|
    |ci_1_fu_5256_p2                                                     |         +|   0|  0|   17|          10|           4|
    |slot_fu_5474_p2                                                     |         +|   0|  0|    9|           2|           2|
    |tmp_42_fu_5777_p8                                                   |         +|   0|  0|    9|           2|           1|
    |tmp_43_fu_5797_p8                                                   |         +|   0|  0|   10|           3|           2|
    |tmp_44_fu_5817_p8                                                   |         +|   0|  0|   10|           3|           2|
    |tmp_47_fu_5881_p8                                                   |         +|   0|  0|   12|           4|           3|
    |tmp_48_fu_5901_p8                                                   |         +|   0|  0|   12|           4|           3|
    |tmp_50_fu_5945_p8                                                   |         +|   0|  0|   12|           4|           4|
    |tmp_51_fu_5965_p8                                                   |         +|   0|  0|   12|           4|           4|
    |tmp_52_fu_5985_p8                                                   |         +|   0|  0|   12|           4|           4|
    |wx_13_fu_5701_p2                                                    |         +|   0|  0|   12|           5|           4|
    |wx_18_fu_5664_p2                                                    |         +|   0|  0|   10|           3|           3|
    |wx_fu_5624_p2                                                       |         +|   0|  0|    9|           2|           2|
    |sub345_fu_5637_p2                                                   |         -|   0|  0|    9|           1|           2|
    |sub350_15_fu_5715_p2                                                |         -|   0|  0|   13|           6|           5|
    |sub_ln272_fu_5581_p2                                                |         -|   0|  0|   19|           8|           8|
    |sub_ln59_fu_5320_p2                                                 |         -|   0|  0|   16|          14|          14|
    |and_ln279_fu_5428_p2                                                |       and|   0|  0|    2|           1|           1|
    |ap_block_state12_io_grp1                                            |       and|   0|  0|    2|           1|           1|
    |ap_block_state83_pp0_stage0_iter82_grp1                             |       and|   0|  0|    2|           1|           1|
    |cond1251_fu_5502_p2                                                 |      icmp|   0|  0|   39|          32|           1|
    |first_iter_1_fu_5244_p2                                             |      icmp|   0|  0|   17|          10|           1|
    |icmp_ln253_1_fu_5272_p2                                             |      icmp|   0|  0|   12|           4|           4|
    |icmp_ln253_fu_5180_p2                                               |      icmp|   0|  0|   18|          11|          11|
    |icmp_ln259_fu_5203_p2                                               |      icmp|   0|  0|   17|          10|          10|
    |icmp_ln263_fu_5381_p2                                               |      icmp|   0|  0|   12|           4|           1|
    |icmp_ln272_1_fu_6049_p2                                             |      icmp|   0|  0|   12|           5|           4|
    |icmp_ln272_fu_5744_p2                                               |      icmp|   0|  0|    9|           2|           1|
    |ap_block_pp0_stage0_11001                                           |        or|   0|  0|    2|           1|           1|
    |do_load_fu_5338_p2                                                  |        or|   0|  0|    2|           1|           1|
    |add2_i435_pn_fu_5332_p3                                             |    select|   0|  0|   14|           1|          14|
    |grp_fu_5250_p0                                                      |    select|   0|  0|    4|           1|           4|
    |select_ln237_10_fu_6184_p3                                          |    select|   0|  0|  107|           1|         128|
    |select_ln237_11_fu_6191_p3                                          |    select|   0|  0|  107|           1|         128|
    |select_ln237_12_fu_6198_p3                                          |    select|   0|  0|  107|           1|         128|
    |select_ln237_13_fu_6205_p3                                          |    select|   0|  0|  107|           1|         128|
    |select_ln237_14_fu_6212_p3                                          |    select|   0|  0|  107|           1|         128|
    |select_ln237_15_fu_6219_p3                                          |    select|   0|  0|  107|           1|         128|
    |select_ln237_16_fu_5208_p3                                          |    select|   0|  0|   10|           1|          10|
    |select_ln237_17_fu_6226_p3                                          |    select|   0|  0|  107|           1|         128|
    |select_ln237_1_fu_6121_p3                                           |    select|   0|  0|  107|           1|         128|
    |select_ln237_2_fu_6128_p3                                           |    select|   0|  0|  107|           1|         128|
    |select_ln237_3_fu_6135_p3                                           |    select|   0|  0|  107|           1|         128|
    |select_ln237_4_fu_6142_p3                                           |    select|   0|  0|  107|           1|         128|
    |select_ln237_5_fu_6149_p3                                           |    select|   0|  0|  107|           1|         128|
    |select_ln237_6_fu_6156_p3                                           |    select|   0|  0|  107|           1|         128|
    |select_ln237_7_fu_6163_p3                                           |    select|   0|  0|  107|           1|         128|
    |select_ln237_8_fu_6170_p3                                           |    select|   0|  0|  107|           1|         128|
    |select_ln237_9_fu_6177_p3                                           |    select|   0|  0|  107|           1|         128|
    |select_ln237_fu_6114_p3                                             |    select|   0|  0|  107|           1|         128|
    |select_ln253_1_fu_5488_p3                                           |    select|   0|  0|   32|           1|          32|
    |select_ln253_2_fu_5495_p3                                           |    select|   0|  0|   32|           1|          32|
    |select_ln253_fu_5236_p3                                             |    select|   0|  0|    4|           1|           4|
    |select_ln259_fu_5412_p3                                             |    select|   0|  0|    5|           1|           5|
    |select_ln272_1_fu_6055_p3                                           |    select|   0|  0|  208|           1|         256|
    |select_ln272_fu_5750_p3                                             |    select|   0|  0|  208|           1|         256|
    |storemerge153196198212218236246268282308326356378412438_fu_6355_p3  |    select|   0|  0|  208|           1|         256|
    |storemerge154204206224230252262288302332350384406444_fu_6337_p3     |    select|   0|  0|  208|           1|         256|
    |storemerge155214216238244270280310324358376414436_fu_6361_p3        |    select|   0|  0|  208|           1|         256|
    |storemerge156226228254260290300334348386404446_fu_6331_p3           |    select|   0|  0|  208|           1|         256|
    |storemerge157240242272278312322360374416434_fu_6367_p3              |    select|   0|  0|  208|           1|         256|
    |storemerge158256258292298336346388402448_fu_6325_p3                 |    select|   0|  0|  208|           1|         256|
    |storemerge159274276314320362372418432_fu_6373_p3                    |    select|   0|  0|  208|           1|         256|
    |storemerge160294296338344390400450_fu_6319_p3                       |    select|   0|  0|  208|           1|         256|
    |storemerge161316318364370420430_fu_6379_p3                          |    select|   0|  0|  208|           1|         256|
    |storemerge162340342392398452_fu_6313_p3                             |    select|   0|  0|  208|           1|         256|
    |storemerge163366368422428_fu_6385_p3                                |    select|   0|  0|  208|           1|         256|
    |storemerge164394396454_fu_6307_p3                                   |    select|   0|  0|  208|           1|         256|
    |storemerge165424426_fu_6391_p3                                      |    select|   0|  0|  208|           1|         256|
    |storemerge166456_fu_6301_p3                                         |    select|   0|  0|  208|           1|         256|
    |storemerge167_fu_6397_p3                                            |    select|   0|  0|  208|           1|         256|
    |storemerge188192202208222232250264286304330352382408442_fu_6343_p3  |    select|   0|  0|  208|           1|         256|
    |w_reg_1184186194200210220234248266284306328354380410440_fu_6349_p3  |    select|   0|  0|  208|           1|         256|
    |w_reg_fu_5737_p3                                                    |    select|   0|  0|  208|           1|         256|
    |wc_13_fu_5721_p3                                                    |    select|   0|  0|    5|           1|           5|
    |wc_fu_5729_p3                                                       |    select|   0|  0|    2|           1|           2|
    |ap_enable_pp0                                                       |       xor|   0|  0|    2|           1|           2|
    |xor_ln281_fu_5516_p2                                                |       xor|   0|  0|    2|           1|           2|
    +--------------------------------------------------------------------+----------+----+---+-----+------------+------------+
    |Total                                                               |          |   0|  0| 6638|         351|        7639|
    +--------------------------------------------------------------------+----------+----+---+-----+------------+------------+

    * Multiplexer: 
    +-----------------------------------------+----+-----------+-----+-----------+
    |                   Name                  | LUT| Input Size| Bits| Total Bits|
    +-----------------------------------------+----+-----------+-----+-----------+
    |ap_done_int                              |   9|          2|    1|          2|
    |ap_enable_reg_pp0_iter1                  |   9|          2|    1|          2|
    |ap_sig_allocacmp_indvar_flatten139_load  |   9|          2|   11|         22|
    |ap_sig_allocacmp_psum_100_load_1         |   9|          2|   16|         32|
    |ap_sig_allocacmp_psum_101_load_1         |   9|          2|   16|         32|
    |ap_sig_allocacmp_psum_102_load_1         |   9|          2|   16|         32|
    |ap_sig_allocacmp_psum_103_load_1         |   9|          2|   16|         32|
    |ap_sig_allocacmp_psum_104_load_1         |   9|          2|   16|         32|
    |ap_sig_allocacmp_psum_105_load_1         |   9|          2|   16|         32|
    |ap_sig_allocacmp_psum_106_load_1         |   9|          2|   16|         32|
    |ap_sig_allocacmp_psum_107_load_1         |   9|          2|   16|         32|
    |ap_sig_allocacmp_psum_108_load_1         |   9|          2|   16|         32|
    |ap_sig_allocacmp_psum_109_load_1         |   9|          2|   16|         32|
    |ap_sig_allocacmp_psum_110_load_1         |   9|          2|   16|         32|
    |ap_sig_allocacmp_psum_111_load_1         |   9|          2|   16|         32|
    |ap_sig_allocacmp_psum_112_load_1         |   9|          2|   16|         32|
    |ap_sig_allocacmp_psum_113_load_1         |   9|          2|   16|         32|
    |ap_sig_allocacmp_psum_114_load_1         |   9|          2|   16|         32|
    |ap_sig_allocacmp_psum_115_load_1         |   9|          2|   16|         32|
    |ap_sig_allocacmp_psum_116_load_1         |   9|          2|   16|         32|
    |ap_sig_allocacmp_psum_117_load_1         |   9|          2|   16|         32|
    |ap_sig_allocacmp_psum_118_load_1         |   9|          2|   16|         32|
    |ap_sig_allocacmp_psum_119_load_1         |   9|          2|   16|         32|
    |ap_sig_allocacmp_psum_120_load_1         |   9|          2|   16|         32|
    |ap_sig_allocacmp_psum_121_load_1         |   9|          2|   16|         32|
    |ap_sig_allocacmp_psum_122_load_1         |   9|          2|   16|         32|
    |ap_sig_allocacmp_psum_123_load_1         |   9|          2|   16|         32|
    |ap_sig_allocacmp_psum_124_load_1         |   9|          2|   16|         32|
    |ap_sig_allocacmp_psum_125_load_1         |   9|          2|   16|         32|
    |ap_sig_allocacmp_psum_126_load_1         |   9|          2|   16|         32|
    |ap_sig_allocacmp_psum_127_load_1         |   9|          2|   16|         32|
    |ap_sig_allocacmp_psum_128_load_1         |   9|          2|   16|         32|
    |ap_sig_allocacmp_psum_129_load_1         |   9|          2|   16|         32|
    |ap_sig_allocacmp_psum_130_load_1         |   9|          2|   16|         32|
    |ap_sig_allocacmp_psum_131_load_1         |   9|          2|   16|         32|
    |ap_sig_allocacmp_psum_132_load_1         |   9|          2|   16|         32|
    |ap_sig_allocacmp_psum_133_load_1         |   9|          2|   16|         32|
    |ap_sig_allocacmp_psum_134_load_1         |   9|          2|   16|         32|
    |ap_sig_allocacmp_psum_135_load_1         |   9|          2|   16|         32|
    |ap_sig_allocacmp_psum_136_load_1         |   9|          2|   16|         32|
    |ap_sig_allocacmp_psum_137_load_1         |   9|          2|   16|         32|
    |ap_sig_allocacmp_psum_138_load_1         |   9|          2|   16|         32|
    |ap_sig_allocacmp_psum_139_load_1         |   9|          2|   16|         32|
    |ap_sig_allocacmp_psum_140_load_1         |   9|          2|   16|         32|
    |ap_sig_allocacmp_psum_141_load_1         |   9|          2|   16|         32|
    |ap_sig_allocacmp_psum_142_load_1         |   9|          2|   16|         32|
    |ap_sig_allocacmp_psum_143_load_1         |   9|          2|   16|         32|
    |ap_sig_allocacmp_psum_144_load_1         |   9|          2|   16|         32|
    |ap_sig_allocacmp_psum_145_load_1         |   9|          2|   16|         32|
    |ap_sig_allocacmp_psum_146_load_1         |   9|          2|   16|         32|
    |ap_sig_allocacmp_psum_147_load_1         |   9|          2|   16|         32|
    |ap_sig_allocacmp_psum_148_load_1         |   9|          2|   16|         32|
    |ap_sig_allocacmp_psum_149_load_1         |   9|          2|   16|         32|
    |ap_sig_allocacmp_psum_150_load_1         |   9|          2|   16|         32|
    |ap_sig_allocacmp_psum_151_load_1         |   9|          2|   16|         32|
    |ap_sig_allocacmp_psum_152_load_1         |   9|          2|   16|         32|
    |ap_sig_allocacmp_psum_153_load_1         |   9|          2|   16|         32|
    |ap_sig_allocacmp_psum_154_load_1         |   9|          2|   16|         32|
    |ap_sig_allocacmp_psum_155_load_1         |   9|          2|   16|         32|
    |ap_sig_allocacmp_psum_156_load_1         |   9|          2|   16|         32|
    |ap_sig_allocacmp_psum_157_load_1         |   9|          2|   16|         32|
    |ap_sig_allocacmp_psum_158_load_1         |   9|          2|   16|         32|
    |ap_sig_allocacmp_psum_159_load_1         |   9|          2|   16|         32|
    |ap_sig_allocacmp_psum_160_load_1         |   9|          2|   16|         32|
    |ap_sig_allocacmp_psum_161_load_1         |   9|          2|   16|         32|
    |ap_sig_allocacmp_psum_162_load_1         |   9|          2|   16|         32|
    |ap_sig_allocacmp_psum_163_load_1         |   9|          2|   16|         32|
    |ap_sig_allocacmp_psum_164_load_1         |   9|          2|   16|         32|
    |ap_sig_allocacmp_psum_165_load_1         |   9|          2|   16|         32|
    |ap_sig_allocacmp_psum_166_load_1         |   9|          2|   16|         32|
    |ap_sig_allocacmp_psum_40_load_1          |   9|          2|   16|         32|
    |ap_sig_allocacmp_psum_41_load_1          |   9|          2|   16|         32|
    |ap_sig_allocacmp_psum_42_load_1          |   9|          2|   16|         32|
    |ap_sig_allocacmp_psum_43_load_1          |   9|          2|   16|         32|
    |ap_sig_allocacmp_psum_44_load_1          |   9|          2|   16|         32|
    |ap_sig_allocacmp_psum_45_load_1          |   9|          2|   16|         32|
    |ap_sig_allocacmp_psum_46_load_1          |   9|          2|   16|         32|
    |ap_sig_allocacmp_psum_47_load_1          |   9|          2|   16|         32|
    |ap_sig_allocacmp_psum_48_load_1          |   9|          2|   16|         32|
    |ap_sig_allocacmp_psum_49_load_1          |   9|          2|   16|         32|
    |ap_sig_allocacmp_psum_50_load_1          |   9|          2|   16|         32|
    |ap_sig_allocacmp_psum_51_load_1          |   9|          2|   16|         32|
    |ap_sig_allocacmp_psum_52_load_1          |   9|          2|   16|         32|
    |ap_sig_allocacmp_psum_53_load_1          |   9|          2|   16|         32|
    |ap_sig_allocacmp_psum_54_load_1          |   9|          2|   16|         32|
    |ap_sig_allocacmp_psum_55_load_1          |   9|          2|   16|         32|
    |ap_sig_allocacmp_psum_56_load_1          |   9|          2|   16|         32|
    |ap_sig_allocacmp_psum_57_load_1          |   9|          2|   16|         32|
    |ap_sig_allocacmp_psum_58_load_1          |   9|          2|   16|         32|
    |ap_sig_allocacmp_psum_59_load_1          |   9|          2|   16|         32|
    |ap_sig_allocacmp_psum_60_load_1          |   9|          2|   16|         32|
    |ap_sig_allocacmp_psum_61_load_1          |   9|          2|   16|         32|
    |ap_sig_allocacmp_psum_62_load_1          |   9|          2|   16|         32|
    |ap_sig_allocacmp_psum_63_load_1          |   9|          2|   16|         32|
    |ap_sig_allocacmp_psum_64_load_1          |   9|          2|   16|         32|
    |ap_sig_allocacmp_psum_65_load_1          |   9|          2|   16|         32|
    |ap_sig_allocacmp_psum_66_load_1          |   9|          2|   16|         32|
    |ap_sig_allocacmp_psum_67_load_1          |   9|          2|   16|         32|
    |ap_sig_allocacmp_psum_68_load_1          |   9|          2|   16|         32|
    |ap_sig_allocacmp_psum_69_load_1          |   9|          2|   16|         32|
    |ap_sig_allocacmp_psum_70_load_1          |   9|          2|   16|         32|
    |ap_sig_allocacmp_psum_71_load_1          |   9|          2|   16|         32|
    |ap_sig_allocacmp_psum_72_load_1          |   9|          2|   16|         32|
    |ap_sig_allocacmp_psum_73_load_1          |   9|          2|   16|         32|
    |ap_sig_allocacmp_psum_74_load_1          |   9|          2|   16|         32|
    |ap_sig_allocacmp_psum_75_load_1          |   9|          2|   16|         32|
    |ap_sig_allocacmp_psum_76_load_1          |   9|          2|   16|         32|
    |ap_sig_allocacmp_psum_77_load_1          |   9|          2|   16|         32|
    |ap_sig_allocacmp_psum_78_load_1          |   9|          2|   16|         32|
    |ap_sig_allocacmp_psum_79_load_1          |   9|          2|   16|         32|
    |ap_sig_allocacmp_psum_80_load_1          |   9|          2|   16|         32|
    |ap_sig_allocacmp_psum_81_load_1          |   9|          2|   16|         32|
    |ap_sig_allocacmp_psum_82_load_1          |   9|          2|   16|         32|
    |ap_sig_allocacmp_psum_83_load_1          |   9|          2|   16|         32|
    |ap_sig_allocacmp_psum_84_load_1          |   9|          2|   16|         32|
    |ap_sig_allocacmp_psum_85_load_1          |   9|          2|   16|         32|
    |ap_sig_allocacmp_psum_86_load_1          |   9|          2|   16|         32|
    |ap_sig_allocacmp_psum_87_load_1          |   9|          2|   16|         32|
    |ap_sig_allocacmp_psum_88_load_1          |   9|          2|   16|         32|
    |ap_sig_allocacmp_psum_89_load_1          |   9|          2|   16|         32|
    |ap_sig_allocacmp_psum_90_load_1          |   9|          2|   16|         32|
    |ap_sig_allocacmp_psum_91_load_1          |   9|          2|   16|         32|
    |ap_sig_allocacmp_psum_92_load_1          |   9|          2|   16|         32|
    |ap_sig_allocacmp_psum_93_load_1          |   9|          2|   16|         32|
    |ap_sig_allocacmp_psum_94_load_1          |   9|          2|   16|         32|
    |ap_sig_allocacmp_psum_95_load_1          |   9|          2|   16|         32|
    |ap_sig_allocacmp_psum_96_load_1          |   9|          2|   16|         32|
    |ap_sig_allocacmp_psum_97_load_1          |   9|          2|   16|         32|
    |ap_sig_allocacmp_psum_98_load_1          |   9|          2|   16|         32|
    |ap_sig_allocacmp_psum_99_load_1          |   9|          2|   16|         32|
    |ap_sig_allocacmp_psum_load_2             |   9|          2|   16|         32|
    |ci_fu_814                                |   9|          2|   10|         20|
    |gmem_wf_blk_n_AR                         |   9|          2|    1|          2|
    |gmem_wf_blk_n_R                          |   9|          2|    1|          2|
    |indvar_flatten139_fu_898                 |   9|          2|   11|         22|
    |phi_ln272_10_fu_838                      |   9|          2|  128|        256|
    |phi_ln272_11_fu_834                      |   9|          2|  128|        256|
    |phi_ln272_12_fu_830                      |   9|          2|  128|        256|
    |phi_ln272_13_fu_826                      |   9|          2|  128|        256|
    |phi_ln272_14_fu_822                      |   9|          2|  128|        256|
    |phi_ln272_15_fu_818                      |   9|          2|  128|        256|
    |phi_ln272_1_fu_874                       |   9|          2|  128|        256|
    |phi_ln272_2_fu_870                       |   9|          2|  128|        256|
    |phi_ln272_3_fu_866                       |   9|          2|  128|        256|
    |phi_ln272_4_fu_862                       |   9|          2|  128|        256|
    |phi_ln272_5_fu_858                       |   9|          2|  128|        256|
    |phi_ln272_6_fu_854                       |   9|          2|  128|        256|
    |phi_ln272_7_fu_850                       |   9|          2|  128|        256|
    |phi_ln272_8_fu_846                       |   9|          2|  128|        256|
    |phi_ln272_9_fu_842                       |   9|          2|  128|        256|
    |phi_ln272_fu_878                         |   9|          2|  128|        256|
    |ping_1_fu_890                            |   9|          2|   32|         64|
    |psum_100_fu_1166                         |   9|          2|   16|         32|
    |psum_101_fu_1162                         |   9|          2|   16|         32|
    |psum_102_fu_1158                         |   9|          2|   16|         32|
    |psum_103_fu_1154                         |   9|          2|   16|         32|
    |psum_104_fu_1150                         |   9|          2|   16|         32|
    |psum_105_fu_1146                         |   9|          2|   16|         32|
    |psum_106_fu_1142                         |   9|          2|   16|         32|
    |psum_107_fu_1138                         |   9|          2|   16|         32|
    |psum_108_fu_1134                         |   9|          2|   16|         32|
    |psum_109_fu_1130                         |   9|          2|   16|         32|
    |psum_110_fu_1126                         |   9|          2|   16|         32|
    |psum_111_fu_1122                         |   9|          2|   16|         32|
    |psum_112_fu_1118                         |   9|          2|   16|         32|
    |psum_113_fu_1114                         |   9|          2|   16|         32|
    |psum_114_fu_1110                         |   9|          2|   16|         32|
    |psum_115_fu_1106                         |   9|          2|   16|         32|
    |psum_116_fu_1102                         |   9|          2|   16|         32|
    |psum_117_fu_1098                         |   9|          2|   16|         32|
    |psum_118_fu_1094                         |   9|          2|   16|         32|
    |psum_119_fu_1090                         |   9|          2|   16|         32|
    |psum_120_fu_1086                         |   9|          2|   16|         32|
    |psum_121_fu_1082                         |   9|          2|   16|         32|
    |psum_122_fu_1078                         |   9|          2|   16|         32|
    |psum_123_fu_1074                         |   9|          2|   16|         32|
    |psum_124_fu_1070                         |   9|          2|   16|         32|
    |psum_125_fu_1066                         |   9|          2|   16|         32|
    |psum_126_fu_1062                         |   9|          2|   16|         32|
    |psum_127_fu_1058                         |   9|          2|   16|         32|
    |psum_128_fu_1054                         |   9|          2|   16|         32|
    |psum_129_fu_1050                         |   9|          2|   16|         32|
    |psum_130_fu_1046                         |   9|          2|   16|         32|
    |psum_131_fu_1042                         |   9|          2|   16|         32|
    |psum_132_fu_1038                         |   9|          2|   16|         32|
    |psum_133_fu_1034                         |   9|          2|   16|         32|
    |psum_134_fu_1030                         |   9|          2|   16|         32|
    |psum_135_fu_1026                         |   9|          2|   16|         32|
    |psum_136_fu_1022                         |   9|          2|   16|         32|
    |psum_137_fu_1018                         |   9|          2|   16|         32|
    |psum_138_fu_1014                         |   9|          2|   16|         32|
    |psum_139_fu_1010                         |   9|          2|   16|         32|
    |psum_140_fu_1006                         |   9|          2|   16|         32|
    |psum_141_fu_1002                         |   9|          2|   16|         32|
    |psum_142_fu_998                          |   9|          2|   16|         32|
    |psum_143_fu_994                          |   9|          2|   16|         32|
    |psum_144_fu_990                          |   9|          2|   16|         32|
    |psum_145_fu_986                          |   9|          2|   16|         32|
    |psum_146_fu_982                          |   9|          2|   16|         32|
    |psum_147_fu_978                          |   9|          2|   16|         32|
    |psum_148_fu_974                          |   9|          2|   16|         32|
    |psum_149_fu_970                          |   9|          2|   16|         32|
    |psum_150_fu_966                          |   9|          2|   16|         32|
    |psum_151_fu_962                          |   9|          2|   16|         32|
    |psum_152_fu_958                          |   9|          2|   16|         32|
    |psum_153_fu_954                          |   9|          2|   16|         32|
    |psum_154_fu_950                          |   9|          2|   16|         32|
    |psum_155_fu_946                          |   9|          2|   16|         32|
    |psum_156_fu_942                          |   9|          2|   16|         32|
    |psum_157_fu_938                          |   9|          2|   16|         32|
    |psum_158_fu_934                          |   9|          2|   16|         32|
    |psum_159_fu_930                          |   9|          2|   16|         32|
    |psum_160_fu_926                          |   9|          2|   16|         32|
    |psum_161_fu_922                          |   9|          2|   16|         32|
    |psum_162_fu_918                          |   9|          2|   16|         32|
    |psum_163_fu_914                          |   9|          2|   16|         32|
    |psum_164_fu_910                          |   9|          2|   16|         32|
    |psum_165_fu_906                          |   9|          2|   16|         32|
    |psum_166_fu_902                          |   9|          2|   16|         32|
    |psum_40_fu_1406                          |   9|          2|   16|         32|
    |psum_41_fu_1402                          |   9|          2|   16|         32|
    |psum_42_fu_1398                          |   9|          2|   16|         32|
    |psum_43_fu_1394                          |   9|          2|   16|         32|
    |psum_44_fu_1390                          |   9|          2|   16|         32|
    |psum_45_fu_1386                          |   9|          2|   16|         32|
    |psum_46_fu_1382                          |   9|          2|   16|         32|
    |psum_47_fu_1378                          |   9|          2|   16|         32|
    |psum_48_fu_1374                          |   9|          2|   16|         32|
    |psum_49_fu_1370                          |   9|          2|   16|         32|
    |psum_50_fu_1366                          |   9|          2|   16|         32|
    |psum_51_fu_1362                          |   9|          2|   16|         32|
    |psum_52_fu_1358                          |   9|          2|   16|         32|
    |psum_53_fu_1354                          |   9|          2|   16|         32|
    |psum_54_fu_1350                          |   9|          2|   16|         32|
    |psum_55_fu_1346                          |   9|          2|   16|         32|
    |psum_56_fu_1342                          |   9|          2|   16|         32|
    |psum_57_fu_1338                          |   9|          2|   16|         32|
    |psum_58_fu_1334                          |   9|          2|   16|         32|
    |psum_59_fu_1330                          |   9|          2|   16|         32|
    |psum_60_fu_1326                          |   9|          2|   16|         32|
    |psum_61_fu_1322                          |   9|          2|   16|         32|
    |psum_62_fu_1318                          |   9|          2|   16|         32|
    |psum_63_fu_1314                          |   9|          2|   16|         32|
    |psum_64_fu_1310                          |   9|          2|   16|         32|
    |psum_65_fu_1306                          |   9|          2|   16|         32|
    |psum_66_fu_1302                          |   9|          2|   16|         32|
    |psum_67_fu_1298                          |   9|          2|   16|         32|
    |psum_68_fu_1294                          |   9|          2|   16|         32|
    |psum_69_fu_1290                          |   9|          2|   16|         32|
    |psum_70_fu_1286                          |   9|          2|   16|         32|
    |psum_71_fu_1282                          |   9|          2|   16|         32|
    |psum_72_fu_1278                          |   9|          2|   16|         32|
    |psum_73_fu_1274                          |   9|          2|   16|         32|
    |psum_74_fu_1270                          |   9|          2|   16|         32|
    |psum_75_fu_1266                          |   9|          2|   16|         32|
    |psum_76_fu_1262                          |   9|          2|   16|         32|
    |psum_77_fu_1258                          |   9|          2|   16|         32|
    |psum_78_fu_1254                          |   9|          2|   16|         32|
    |psum_79_fu_1250                          |   9|          2|   16|         32|
    |psum_80_fu_1246                          |   9|          2|   16|         32|
    |psum_81_fu_1242                          |   9|          2|   16|         32|
    |psum_82_fu_1238                          |   9|          2|   16|         32|
    |psum_83_fu_1234                          |   9|          2|   16|         32|
    |psum_84_fu_1230                          |   9|          2|   16|         32|
    |psum_85_fu_1226                          |   9|          2|   16|         32|
    |psum_86_fu_1222                          |   9|          2|   16|         32|
    |psum_87_fu_1218                          |   9|          2|   16|         32|
    |psum_88_fu_1214                          |   9|          2|   16|         32|
    |psum_89_fu_1210                          |   9|          2|   16|         32|
    |psum_90_fu_1206                          |   9|          2|   16|         32|
    |psum_91_fu_1202                          |   9|          2|   16|         32|
    |psum_92_fu_1198                          |   9|          2|   16|         32|
    |psum_93_fu_1194                          |   9|          2|   16|         32|
    |psum_94_fu_1190                          |   9|          2|   16|         32|
    |psum_95_fu_1186                          |   9|          2|   16|         32|
    |psum_96_fu_1182                          |   9|          2|   16|         32|
    |psum_97_fu_1178                          |   9|          2|   16|         32|
    |psum_98_fu_1174                          |   9|          2|   16|         32|
    |psum_99_fu_1170                          |   9|          2|   16|         32|
    |psum_fu_1410                             |   9|          2|   16|         32|
    |step_fu_894                              |   9|          2|    4|          8|
    |w_reg_1_fu_810                           |   9|          2|  128|        256|
    +-----------------------------------------+----+-----------+-----+-----------+
    |Total                                    |2538|        564| 6344|      12688|
    +-----------------------------------------+----+-----------+-----+-----------+

    * Register: 
    +-------------------------------------------+-----+----+-----+-----------+
    |                    Name                   |  FF | LUT| Bits| Const Bits|
    +-------------------------------------------+-----+----+-----+-----------+
    |add12_reg_14102                            |   16|   0|   16|          0|
    |add13_reg_14417                            |   16|   0|   16|          0|
    |add14_reg_14107                            |   16|   0|   16|          0|
    |add15_reg_14112                            |   16|   0|   16|          0|
    |add16_reg_14422                            |   16|   0|   16|          0|
    |add17_reg_14652                            |   16|   0|   16|          0|
    |add2_i435_pn_reg_11669                     |   14|   0|   14|          0|
    |add413_10_reg_14317                        |   16|   0|   16|          0|
    |add413_11_reg_14337                        |   16|   0|   16|          0|
    |add413_12_reg_14357                        |   16|   0|   16|          0|
    |add413_13_reg_14377                        |   16|   0|   16|          0|
    |add413_14_reg_14397                        |   16|   0|   16|          0|
    |add413_1_reg_14117                         |   16|   0|   16|          0|
    |add413_2_reg_14137                         |   16|   0|   16|          0|
    |add413_3_reg_14157                         |   16|   0|   16|          0|
    |add413_4_reg_14177                         |   16|   0|   16|          0|
    |add413_5_reg_14197                         |   16|   0|   16|          0|
    |add413_6_reg_14217                         |   16|   0|   16|          0|
    |add413_7_reg_14237                         |   16|   0|   16|          0|
    |add413_8_reg_14257                         |   16|   0|   16|          0|
    |add413_9_reg_14277                         |   16|   0|   16|          0|
    |add413_s_reg_14297                         |   16|   0|   16|          0|
    |add416_10_reg_14322                        |   16|   0|   16|          0|
    |add416_11_reg_14342                        |   16|   0|   16|          0|
    |add416_12_reg_14362                        |   16|   0|   16|          0|
    |add416_13_reg_14382                        |   16|   0|   16|          0|
    |add416_14_reg_14402                        |   16|   0|   16|          0|
    |add416_1_reg_14122                         |   16|   0|   16|          0|
    |add416_2_reg_14142                         |   16|   0|   16|          0|
    |add416_3_reg_14162                         |   16|   0|   16|          0|
    |add416_4_reg_14182                         |   16|   0|   16|          0|
    |add416_5_reg_14202                         |   16|   0|   16|          0|
    |add416_6_reg_14222                         |   16|   0|   16|          0|
    |add416_7_reg_14242                         |   16|   0|   16|          0|
    |add416_8_reg_14262                         |   16|   0|   16|          0|
    |add416_9_reg_14282                         |   16|   0|   16|          0|
    |add416_s_reg_14302                         |   16|   0|   16|          0|
    |add417_10_reg_14527                        |   16|   0|   16|          0|
    |add417_11_reg_14537                        |   16|   0|   16|          0|
    |add417_12_reg_14547                        |   16|   0|   16|          0|
    |add417_13_reg_14557                        |   16|   0|   16|          0|
    |add417_14_reg_14567                        |   16|   0|   16|          0|
    |add417_1_reg_14427                         |   16|   0|   16|          0|
    |add417_2_reg_14437                         |   16|   0|   16|          0|
    |add417_3_reg_14447                         |   16|   0|   16|          0|
    |add417_4_reg_14457                         |   16|   0|   16|          0|
    |add417_5_reg_14467                         |   16|   0|   16|          0|
    |add417_6_reg_14477                         |   16|   0|   16|          0|
    |add417_7_reg_14487                         |   16|   0|   16|          0|
    |add417_8_reg_14497                         |   16|   0|   16|          0|
    |add417_9_reg_14507                         |   16|   0|   16|          0|
    |add417_s_reg_14517                         |   16|   0|   16|          0|
    |add420_10_reg_14327                        |   16|   0|   16|          0|
    |add420_11_reg_14347                        |   16|   0|   16|          0|
    |add420_12_reg_14367                        |   16|   0|   16|          0|
    |add420_13_reg_14387                        |   16|   0|   16|          0|
    |add420_14_reg_14407                        |   16|   0|   16|          0|
    |add420_1_reg_14127                         |   16|   0|   16|          0|
    |add420_2_reg_14147                         |   16|   0|   16|          0|
    |add420_3_reg_14167                         |   16|   0|   16|          0|
    |add420_4_reg_14187                         |   16|   0|   16|          0|
    |add420_5_reg_14207                         |   16|   0|   16|          0|
    |add420_6_reg_14227                         |   16|   0|   16|          0|
    |add420_7_reg_14247                         |   16|   0|   16|          0|
    |add420_8_reg_14267                         |   16|   0|   16|          0|
    |add420_9_reg_14287                         |   16|   0|   16|          0|
    |add420_s_reg_14307                         |   16|   0|   16|          0|
    |add423_10_reg_14332                        |   16|   0|   16|          0|
    |add423_11_reg_14352                        |   16|   0|   16|          0|
    |add423_12_reg_14372                        |   16|   0|   16|          0|
    |add423_13_reg_14392                        |   16|   0|   16|          0|
    |add423_14_reg_14412                        |   16|   0|   16|          0|
    |add423_1_reg_14132                         |   16|   0|   16|          0|
    |add423_2_reg_14152                         |   16|   0|   16|          0|
    |add423_3_reg_14172                         |   16|   0|   16|          0|
    |add423_4_reg_14192                         |   16|   0|   16|          0|
    |add423_5_reg_14212                         |   16|   0|   16|          0|
    |add423_6_reg_14232                         |   16|   0|   16|          0|
    |add423_7_reg_14252                         |   16|   0|   16|          0|
    |add423_8_reg_14272                         |   16|   0|   16|          0|
    |add423_9_reg_14292                         |   16|   0|   16|          0|
    |add423_s_reg_14312                         |   16|   0|   16|          0|
    |add424_10_reg_14532                        |   16|   0|   16|          0|
    |add424_11_reg_14542                        |   16|   0|   16|          0|
    |add424_12_reg_14552                        |   16|   0|   16|          0|
    |add424_13_reg_14562                        |   16|   0|   16|          0|
    |add424_14_reg_14572                        |   16|   0|   16|          0|
    |add424_1_reg_14432                         |   16|   0|   16|          0|
    |add424_2_reg_14442                         |   16|   0|   16|          0|
    |add424_3_reg_14452                         |   16|   0|   16|          0|
    |add424_4_reg_14462                         |   16|   0|   16|          0|
    |add424_5_reg_14472                         |   16|   0|   16|          0|
    |add424_6_reg_14482                         |   16|   0|   16|          0|
    |add424_7_reg_14492                         |   16|   0|   16|          0|
    |add424_8_reg_14502                         |   16|   0|   16|          0|
    |add424_9_reg_14512                         |   16|   0|   16|          0|
    |add424_s_reg_14522                         |   16|   0|   16|          0|
    |add425_10_reg_14707                        |   16|   0|   16|          0|
    |add425_11_reg_14712                        |   16|   0|   16|          0|
    |add425_12_reg_14717                        |   16|   0|   16|          0|
    |add425_13_reg_14722                        |   16|   0|   16|          0|
    |add425_14_reg_14727                        |   16|   0|   16|          0|
    |add425_1_reg_14657                         |   16|   0|   16|          0|
    |add425_2_reg_14662                         |   16|   0|   16|          0|
    |add425_3_reg_14667                         |   16|   0|   16|          0|
    |add425_4_reg_14672                         |   16|   0|   16|          0|
    |add425_5_reg_14677                         |   16|   0|   16|          0|
    |add425_6_reg_14682                         |   16|   0|   16|          0|
    |add425_7_reg_14687                         |   16|   0|   16|          0|
    |add425_8_reg_14692                         |   16|   0|   16|          0|
    |add425_9_reg_14697                         |   16|   0|   16|          0|
    |add425_s_reg_14702                         |   16|   0|   16|          0|
    |add_reg_14097                              |   16|   0|   16|          0|
    |and_ln279_reg_11743                        |    1|   0|    1|          0|
    |ap_CS_fsm                                  |    1|   0|    1|          0|
    |ap_block_pp0_stage0_subdone_grp0_done_reg  |    1|   0|    1|          0|
    |ap_done_reg                                |    1|   0|    1|          0|
    |ap_enable_reg_pp0_iter1                    |    1|   0|    1|          0|
    |ap_enable_reg_pp0_iter10                   |    1|   0|    1|          0|
    |ap_enable_reg_pp0_iter100                  |    1|   0|    1|          0|
    |ap_enable_reg_pp0_iter101                  |    1|   0|    1|          0|
    |ap_enable_reg_pp0_iter102                  |    1|   0|    1|          0|
    |ap_enable_reg_pp0_iter103                  |    1|   0|    1|          0|
    |ap_enable_reg_pp0_iter104                  |    1|   0|    1|          0|
    |ap_enable_reg_pp0_iter105                  |    1|   0|    1|          0|
    |ap_enable_reg_pp0_iter106                  |    1|   0|    1|          0|
    |ap_enable_reg_pp0_iter107                  |    1|   0|    1|          0|
    |ap_enable_reg_pp0_iter108                  |    1|   0|    1|          0|
    |ap_enable_reg_pp0_iter109                  |    1|   0|    1|          0|
    |ap_enable_reg_pp0_iter11                   |    1|   0|    1|          0|
    |ap_enable_reg_pp0_iter110                  |    1|   0|    1|          0|
    |ap_enable_reg_pp0_iter12                   |    1|   0|    1|          0|
    |ap_enable_reg_pp0_iter13                   |    1|   0|    1|          0|
    |ap_enable_reg_pp0_iter14                   |    1|   0|    1|          0|
    |ap_enable_reg_pp0_iter15                   |    1|   0|    1|          0|
    |ap_enable_reg_pp0_iter16                   |    1|   0|    1|          0|
    |ap_enable_reg_pp0_iter17                   |    1|   0|    1|          0|
    |ap_enable_reg_pp0_iter18                   |    1|   0|    1|          0|
    |ap_enable_reg_pp0_iter19                   |    1|   0|    1|          0|
    |ap_enable_reg_pp0_iter2                    |    1|   0|    1|          0|
    |ap_enable_reg_pp0_iter20                   |    1|   0|    1|          0|
    |ap_enable_reg_pp0_iter21                   |    1|   0|    1|          0|
    |ap_enable_reg_pp0_iter22                   |    1|   0|    1|          0|
    |ap_enable_reg_pp0_iter23                   |    1|   0|    1|          0|
    |ap_enable_reg_pp0_iter24                   |    1|   0|    1|          0|
    |ap_enable_reg_pp0_iter25                   |    1|   0|    1|          0|
    |ap_enable_reg_pp0_iter26                   |    1|   0|    1|          0|
    |ap_enable_reg_pp0_iter27                   |    1|   0|    1|          0|
    |ap_enable_reg_pp0_iter28                   |    1|   0|    1|          0|
    |ap_enable_reg_pp0_iter29                   |    1|   0|    1|          0|
    |ap_enable_reg_pp0_iter3                    |    1|   0|    1|          0|
    |ap_enable_reg_pp0_iter30                   |    1|   0|    1|          0|
    |ap_enable_reg_pp0_iter31                   |    1|   0|    1|          0|
    |ap_enable_reg_pp0_iter32                   |    1|   0|    1|          0|
    |ap_enable_reg_pp0_iter33                   |    1|   0|    1|          0|
    |ap_enable_reg_pp0_iter34                   |    1|   0|    1|          0|
    |ap_enable_reg_pp0_iter35                   |    1|   0|    1|          0|
    |ap_enable_reg_pp0_iter36                   |    1|   0|    1|          0|
    |ap_enable_reg_pp0_iter37                   |    1|   0|    1|          0|
    |ap_enable_reg_pp0_iter38                   |    1|   0|    1|          0|
    |ap_enable_reg_pp0_iter39                   |    1|   0|    1|          0|
    |ap_enable_reg_pp0_iter4                    |    1|   0|    1|          0|
    |ap_enable_reg_pp0_iter40                   |    1|   0|    1|          0|
    |ap_enable_reg_pp0_iter41                   |    1|   0|    1|          0|
    |ap_enable_reg_pp0_iter42                   |    1|   0|    1|          0|
    |ap_enable_reg_pp0_iter43                   |    1|   0|    1|          0|
    |ap_enable_reg_pp0_iter44                   |    1|   0|    1|          0|
    |ap_enable_reg_pp0_iter45                   |    1|   0|    1|          0|
    |ap_enable_reg_pp0_iter46                   |    1|   0|    1|          0|
    |ap_enable_reg_pp0_iter47                   |    1|   0|    1|          0|
    |ap_enable_reg_pp0_iter48                   |    1|   0|    1|          0|
    |ap_enable_reg_pp0_iter49                   |    1|   0|    1|          0|
    |ap_enable_reg_pp0_iter5                    |    1|   0|    1|          0|
    |ap_enable_reg_pp0_iter50                   |    1|   0|    1|          0|
    |ap_enable_reg_pp0_iter51                   |    1|   0|    1|          0|
    |ap_enable_reg_pp0_iter52                   |    1|   0|    1|          0|
    |ap_enable_reg_pp0_iter53                   |    1|   0|    1|          0|
    |ap_enable_reg_pp0_iter54                   |    1|   0|    1|          0|
    |ap_enable_reg_pp0_iter55                   |    1|   0|    1|          0|
    |ap_enable_reg_pp0_iter56                   |    1|   0|    1|          0|
    |ap_enable_reg_pp0_iter57                   |    1|   0|    1|          0|
    |ap_enable_reg_pp0_iter58                   |    1|   0|    1|          0|
    |ap_enable_reg_pp0_iter59                   |    1|   0|    1|          0|
    |ap_enable_reg_pp0_iter6                    |    1|   0|    1|          0|
    |ap_enable_reg_pp0_iter60                   |    1|   0|    1|          0|
    |ap_enable_reg_pp0_iter61                   |    1|   0|    1|          0|
    |ap_enable_reg_pp0_iter62                   |    1|   0|    1|          0|
    |ap_enable_reg_pp0_iter63                   |    1|   0|    1|          0|
    |ap_enable_reg_pp0_iter64                   |    1|   0|    1|          0|
    |ap_enable_reg_pp0_iter65                   |    1|   0|    1|          0|
    |ap_enable_reg_pp0_iter66                   |    1|   0|    1|          0|
    |ap_enable_reg_pp0_iter67                   |    1|   0|    1|          0|
    |ap_enable_reg_pp0_iter68                   |    1|   0|    1|          0|
    |ap_enable_reg_pp0_iter69                   |    1|   0|    1|          0|
    |ap_enable_reg_pp0_iter7                    |    1|   0|    1|          0|
    |ap_enable_reg_pp0_iter70                   |    1|   0|    1|          0|
    |ap_enable_reg_pp0_iter71                   |    1|   0|    1|          0|
    |ap_enable_reg_pp0_iter72                   |    1|   0|    1|          0|
    |ap_enable_reg_pp0_iter73                   |    1|   0|    1|          0|
    |ap_enable_reg_pp0_iter74                   |    1|   0|    1|          0|
    |ap_enable_reg_pp0_iter75                   |    1|   0|    1|          0|
    |ap_enable_reg_pp0_iter76                   |    1|   0|    1|          0|
    |ap_enable_reg_pp0_iter77                   |    1|   0|    1|          0|
    |ap_enable_reg_pp0_iter78                   |    1|   0|    1|          0|
    |ap_enable_reg_pp0_iter79                   |    1|   0|    1|          0|
    |ap_enable_reg_pp0_iter8                    |    1|   0|    1|          0|
    |ap_enable_reg_pp0_iter80                   |    1|   0|    1|          0|
    |ap_enable_reg_pp0_iter81                   |    1|   0|    1|          0|
    |ap_enable_reg_pp0_iter82                   |    1|   0|    1|          0|
    |ap_enable_reg_pp0_iter83                   |    1|   0|    1|          0|
    |ap_enable_reg_pp0_iter84                   |    1|   0|    1|          0|
    |ap_enable_reg_pp0_iter85                   |    1|   0|    1|          0|
    |ap_enable_reg_pp0_iter86                   |    1|   0|    1|          0|
    |ap_enable_reg_pp0_iter87                   |    1|   0|    1|          0|
    |ap_enable_reg_pp0_iter88                   |    1|   0|    1|          0|
    |ap_enable_reg_pp0_iter89                   |    1|   0|    1|          0|
    |ap_enable_reg_pp0_iter9                    |    1|   0|    1|          0|
    |ap_enable_reg_pp0_iter90                   |    1|   0|    1|          0|
    |ap_enable_reg_pp0_iter91                   |    1|   0|    1|          0|
    |ap_enable_reg_pp0_iter92                   |    1|   0|    1|          0|
    |ap_enable_reg_pp0_iter93                   |    1|   0|    1|          0|
    |ap_enable_reg_pp0_iter94                   |    1|   0|    1|          0|
    |ap_enable_reg_pp0_iter95                   |    1|   0|    1|          0|
    |ap_enable_reg_pp0_iter96                   |    1|   0|    1|          0|
    |ap_enable_reg_pp0_iter97                   |    1|   0|    1|          0|
    |ap_enable_reg_pp0_iter98                   |    1|   0|    1|          0|
    |ap_enable_reg_pp0_iter99                   |    1|   0|    1|          0|
    |ap_loop_exit_ready_pp0_iter100_reg         |    1|   0|    1|          0|
    |ap_loop_exit_ready_pp0_iter101_reg         |    1|   0|    1|          0|
    |ap_loop_exit_ready_pp0_iter102_reg         |    1|   0|    1|          0|
    |ap_loop_exit_ready_pp0_iter103_reg         |    1|   0|    1|          0|
    |ap_loop_exit_ready_pp0_iter104_reg         |    1|   0|    1|          0|
    |ap_loop_exit_ready_pp0_iter105_reg         |    1|   0|    1|          0|
    |ap_loop_exit_ready_pp0_iter106_reg         |    1|   0|    1|          0|
    |ap_loop_exit_ready_pp0_iter107_reg         |    1|   0|    1|          0|
    |ap_loop_exit_ready_pp0_iter108_reg         |    1|   0|    1|          0|
    |ap_loop_exit_ready_pp0_iter109_reg         |    1|   0|    1|          0|
    |ap_loop_exit_ready_pp0_iter10_reg          |    1|   0|    1|          0|
    |ap_loop_exit_ready_pp0_iter11_reg          |    1|   0|    1|          0|
    |ap_loop_exit_ready_pp0_iter12_reg          |    1|   0|    1|          0|
    |ap_loop_exit_ready_pp0_iter13_reg          |    1|   0|    1|          0|
    |ap_loop_exit_ready_pp0_iter14_reg          |    1|   0|    1|          0|
    |ap_loop_exit_ready_pp0_iter15_reg          |    1|   0|    1|          0|
    |ap_loop_exit_ready_pp0_iter16_reg          |    1|   0|    1|          0|
    |ap_loop_exit_ready_pp0_iter17_reg          |    1|   0|    1|          0|
    |ap_loop_exit_ready_pp0_iter18_reg          |    1|   0|    1|          0|
    |ap_loop_exit_ready_pp0_iter19_reg          |    1|   0|    1|          0|
    |ap_loop_exit_ready_pp0_iter1_reg           |    1|   0|    1|          0|
    |ap_loop_exit_ready_pp0_iter20_reg          |    1|   0|    1|          0|
    |ap_loop_exit_ready_pp0_iter21_reg          |    1|   0|    1|          0|
    |ap_loop_exit_ready_pp0_iter22_reg          |    1|   0|    1|          0|
    |ap_loop_exit_ready_pp0_iter23_reg          |    1|   0|    1|          0|
    |ap_loop_exit_ready_pp0_iter24_reg          |    1|   0|    1|          0|
    |ap_loop_exit_ready_pp0_iter25_reg          |    1|   0|    1|          0|
    |ap_loop_exit_ready_pp0_iter26_reg          |    1|   0|    1|          0|
    |ap_loop_exit_ready_pp0_iter27_reg          |    1|   0|    1|          0|
    |ap_loop_exit_ready_pp0_iter28_reg          |    1|   0|    1|          0|
    |ap_loop_exit_ready_pp0_iter29_reg          |    1|   0|    1|          0|
    |ap_loop_exit_ready_pp0_iter2_reg           |    1|   0|    1|          0|
    |ap_loop_exit_ready_pp0_iter30_reg          |    1|   0|    1|          0|
    |ap_loop_exit_ready_pp0_iter31_reg          |    1|   0|    1|          0|
    |ap_loop_exit_ready_pp0_iter32_reg          |    1|   0|    1|          0|
    |ap_loop_exit_ready_pp0_iter33_reg          |    1|   0|    1|          0|
    |ap_loop_exit_ready_pp0_iter34_reg          |    1|   0|    1|          0|
    |ap_loop_exit_ready_pp0_iter35_reg          |    1|   0|    1|          0|
    |ap_loop_exit_ready_pp0_iter36_reg          |    1|   0|    1|          0|
    |ap_loop_exit_ready_pp0_iter37_reg          |    1|   0|    1|          0|
    |ap_loop_exit_ready_pp0_iter38_reg          |    1|   0|    1|          0|
    |ap_loop_exit_ready_pp0_iter39_reg          |    1|   0|    1|          0|
    |ap_loop_exit_ready_pp0_iter3_reg           |    1|   0|    1|          0|
    |ap_loop_exit_ready_pp0_iter40_reg          |    1|   0|    1|          0|
    |ap_loop_exit_ready_pp0_iter41_reg          |    1|   0|    1|          0|
    |ap_loop_exit_ready_pp0_iter42_reg          |    1|   0|    1|          0|
    |ap_loop_exit_ready_pp0_iter43_reg          |    1|   0|    1|          0|
    |ap_loop_exit_ready_pp0_iter44_reg          |    1|   0|    1|          0|
    |ap_loop_exit_ready_pp0_iter45_reg          |    1|   0|    1|          0|
    |ap_loop_exit_ready_pp0_iter46_reg          |    1|   0|    1|          0|
    |ap_loop_exit_ready_pp0_iter47_reg          |    1|   0|    1|          0|
    |ap_loop_exit_ready_pp0_iter48_reg          |    1|   0|    1|          0|
    |ap_loop_exit_ready_pp0_iter49_reg          |    1|   0|    1|          0|
    |ap_loop_exit_ready_pp0_iter4_reg           |    1|   0|    1|          0|
    |ap_loop_exit_ready_pp0_iter50_reg          |    1|   0|    1|          0|
    |ap_loop_exit_ready_pp0_iter51_reg          |    1|   0|    1|          0|
    |ap_loop_exit_ready_pp0_iter52_reg          |    1|   0|    1|          0|
    |ap_loop_exit_ready_pp0_iter53_reg          |    1|   0|    1|          0|
    |ap_loop_exit_ready_pp0_iter54_reg          |    1|   0|    1|          0|
    |ap_loop_exit_ready_pp0_iter55_reg          |    1|   0|    1|          0|
    |ap_loop_exit_ready_pp0_iter56_reg          |    1|   0|    1|          0|
    |ap_loop_exit_ready_pp0_iter57_reg          |    1|   0|    1|          0|
    |ap_loop_exit_ready_pp0_iter58_reg          |    1|   0|    1|          0|
    |ap_loop_exit_ready_pp0_iter59_reg          |    1|   0|    1|          0|
    |ap_loop_exit_ready_pp0_iter5_reg           |    1|   0|    1|          0|
    |ap_loop_exit_ready_pp0_iter60_reg          |    1|   0|    1|          0|
    |ap_loop_exit_ready_pp0_iter61_reg          |    1|   0|    1|          0|
    |ap_loop_exit_ready_pp0_iter62_reg          |    1|   0|    1|          0|
    |ap_loop_exit_ready_pp0_iter63_reg          |    1|   0|    1|          0|
    |ap_loop_exit_ready_pp0_iter64_reg          |    1|   0|    1|          0|
    |ap_loop_exit_ready_pp0_iter65_reg          |    1|   0|    1|          0|
    |ap_loop_exit_ready_pp0_iter66_reg          |    1|   0|    1|          0|
    |ap_loop_exit_ready_pp0_iter67_reg          |    1|   0|    1|          0|
    |ap_loop_exit_ready_pp0_iter68_reg          |    1|   0|    1|          0|
    |ap_loop_exit_ready_pp0_iter69_reg          |    1|   0|    1|          0|
    |ap_loop_exit_ready_pp0_iter6_reg           |    1|   0|    1|          0|
    |ap_loop_exit_ready_pp0_iter70_reg          |    1|   0|    1|          0|
    |ap_loop_exit_ready_pp0_iter71_reg          |    1|   0|    1|          0|
    |ap_loop_exit_ready_pp0_iter72_reg          |    1|   0|    1|          0|
    |ap_loop_exit_ready_pp0_iter73_reg          |    1|   0|    1|          0|
    |ap_loop_exit_ready_pp0_iter74_reg          |    1|   0|    1|          0|
    |ap_loop_exit_ready_pp0_iter75_reg          |    1|   0|    1|          0|
    |ap_loop_exit_ready_pp0_iter76_reg          |    1|   0|    1|          0|
    |ap_loop_exit_ready_pp0_iter77_reg          |    1|   0|    1|          0|
    |ap_loop_exit_ready_pp0_iter78_reg          |    1|   0|    1|          0|
    |ap_loop_exit_ready_pp0_iter79_reg          |    1|   0|    1|          0|
    |ap_loop_exit_ready_pp0_iter7_reg           |    1|   0|    1|          0|
    |ap_loop_exit_ready_pp0_iter80_reg          |    1|   0|    1|          0|
    |ap_loop_exit_ready_pp0_iter81_reg          |    1|   0|    1|          0|
    |ap_loop_exit_ready_pp0_iter82_reg          |    1|   0|    1|          0|
    |ap_loop_exit_ready_pp0_iter83_reg          |    1|   0|    1|          0|
    |ap_loop_exit_ready_pp0_iter84_reg          |    1|   0|    1|          0|
    |ap_loop_exit_ready_pp0_iter85_reg          |    1|   0|    1|          0|
    |ap_loop_exit_ready_pp0_iter86_reg          |    1|   0|    1|          0|
    |ap_loop_exit_ready_pp0_iter87_reg          |    1|   0|    1|          0|
    |ap_loop_exit_ready_pp0_iter88_reg          |    1|   0|    1|          0|
    |ap_loop_exit_ready_pp0_iter89_reg          |    1|   0|    1|          0|
    |ap_loop_exit_ready_pp0_iter8_reg           |    1|   0|    1|          0|
    |ap_loop_exit_ready_pp0_iter90_reg          |    1|   0|    1|          0|
    |ap_loop_exit_ready_pp0_iter91_reg          |    1|   0|    1|          0|
    |ap_loop_exit_ready_pp0_iter92_reg          |    1|   0|    1|          0|
    |ap_loop_exit_ready_pp0_iter93_reg          |    1|   0|    1|          0|
    |ap_loop_exit_ready_pp0_iter94_reg          |    1|   0|    1|          0|
    |ap_loop_exit_ready_pp0_iter95_reg          |    1|   0|    1|          0|
    |ap_loop_exit_ready_pp0_iter96_reg          |    1|   0|    1|          0|
    |ap_loop_exit_ready_pp0_iter97_reg          |    1|   0|    1|          0|
    |ap_loop_exit_ready_pp0_iter98_reg          |    1|   0|    1|          0|
    |ap_loop_exit_ready_pp0_iter99_reg          |    1|   0|    1|          0|
    |ap_loop_exit_ready_pp0_iter9_reg           |    1|   0|    1|          0|
    |bits_100_reg_12507                         |   16|   0|   16|          0|
    |bits_101_reg_12512                         |   16|   0|   16|          0|
    |bits_102_reg_12517                         |   16|   0|   16|          0|
    |bits_103_reg_12522                         |   16|   0|   16|          0|
    |bits_104_reg_12527                         |   16|   0|   16|          0|
    |bits_105_reg_12532                         |   16|   0|   16|          0|
    |bits_106_reg_12537                         |   16|   0|   16|          0|
    |bits_107_reg_12542                         |   16|   0|   16|          0|
    |bits_108_reg_12547                         |   16|   0|   16|          0|
    |bits_109_reg_12552                         |   16|   0|   16|          0|
    |bits_10_reg_12057                          |   16|   0|   16|          0|
    |bits_110_reg_12557                         |   16|   0|   16|          0|
    |bits_111_reg_12562                         |   16|   0|   16|          0|
    |bits_112_reg_12567                         |   16|   0|   16|          0|
    |bits_113_reg_12572                         |   16|   0|   16|          0|
    |bits_114_reg_12577                         |   16|   0|   16|          0|
    |bits_115_reg_12582                         |   16|   0|   16|          0|
    |bits_116_reg_12587                         |   16|   0|   16|          0|
    |bits_117_reg_12592                         |   16|   0|   16|          0|
    |bits_118_reg_12597                         |   16|   0|   16|          0|
    |bits_119_reg_12602                         |   16|   0|   16|          0|
    |bits_11_reg_12062                          |   16|   0|   16|          0|
    |bits_120_reg_12607                         |   16|   0|   16|          0|
    |bits_121_reg_12612                         |   16|   0|   16|          0|
    |bits_122_reg_12617                         |   16|   0|   16|          0|
    |bits_123_reg_12622                         |   16|   0|   16|          0|
    |bits_124_reg_12627                         |   16|   0|   16|          0|
    |bits_125_reg_12632                         |   16|   0|   16|          0|
    |bits_126_reg_12637                         |   16|   0|   16|          0|
    |bits_127_reg_12642                         |   16|   0|   16|          0|
    |bits_128_reg_12647                         |   16|   0|   16|          0|
    |bits_129_reg_12652                         |   16|   0|   16|          0|
    |bits_12_reg_12067                          |   16|   0|   16|          0|
    |bits_13_reg_12072                          |   16|   0|   16|          0|
    |bits_14_reg_12077                          |   16|   0|   16|          0|
    |bits_15_reg_12082                          |   16|   0|   16|          0|
    |bits_16_reg_12087                          |   16|   0|   16|          0|
    |bits_17_reg_12092                          |   16|   0|   16|          0|
    |bits_18_reg_12097                          |   16|   0|   16|          0|
    |bits_19_reg_12102                          |   16|   0|   16|          0|
    |bits_1_reg_12012                           |   16|   0|   16|          0|
    |bits_20_reg_12107                          |   16|   0|   16|          0|
    |bits_21_reg_12112                          |   16|   0|   16|          0|
    |bits_22_reg_12117                          |   16|   0|   16|          0|
    |bits_23_reg_12122                          |   16|   0|   16|          0|
    |bits_24_reg_12127                          |   16|   0|   16|          0|
    |bits_25_reg_12132                          |   16|   0|   16|          0|
    |bits_26_reg_12137                          |   16|   0|   16|          0|
    |bits_27_reg_12142                          |   16|   0|   16|          0|
    |bits_28_reg_12147                          |   16|   0|   16|          0|
    |bits_29_reg_12152                          |   16|   0|   16|          0|
    |bits_2_reg_12017                           |   16|   0|   16|          0|
    |bits_30_reg_12157                          |   16|   0|   16|          0|
    |bits_31_reg_12162                          |   16|   0|   16|          0|
    |bits_32_reg_12167                          |   16|   0|   16|          0|
    |bits_33_reg_12172                          |   16|   0|   16|          0|
    |bits_34_reg_12177                          |   16|   0|   16|          0|
    |bits_35_reg_12182                          |   16|   0|   16|          0|
    |bits_36_reg_12187                          |   16|   0|   16|          0|
    |bits_37_reg_12192                          |   16|   0|   16|          0|
    |bits_38_reg_12197                          |   16|   0|   16|          0|
    |bits_39_reg_12202                          |   16|   0|   16|          0|
    |bits_3_reg_12022                           |   16|   0|   16|          0|
    |bits_40_reg_12207                          |   16|   0|   16|          0|
    |bits_41_reg_12212                          |   16|   0|   16|          0|
    |bits_42_reg_12217                          |   16|   0|   16|          0|
    |bits_43_reg_12222                          |   16|   0|   16|          0|
    |bits_44_reg_12227                          |   16|   0|   16|          0|
    |bits_45_reg_12232                          |   16|   0|   16|          0|
    |bits_46_reg_12237                          |   16|   0|   16|          0|
    |bits_47_reg_12242                          |   16|   0|   16|          0|
    |bits_48_reg_12247                          |   16|   0|   16|          0|
    |bits_49_reg_12252                          |   16|   0|   16|          0|
    |bits_4_reg_12027                           |   16|   0|   16|          0|
    |bits_50_reg_12257                          |   16|   0|   16|          0|
    |bits_51_reg_12262                          |   16|   0|   16|          0|
    |bits_52_reg_12267                          |   16|   0|   16|          0|
    |bits_53_reg_12272                          |   16|   0|   16|          0|
    |bits_54_reg_12277                          |   16|   0|   16|          0|
    |bits_55_reg_12282                          |   16|   0|   16|          0|
    |bits_56_reg_12287                          |   16|   0|   16|          0|
    |bits_57_reg_12292                          |   16|   0|   16|          0|
    |bits_58_reg_12297                          |   16|   0|   16|          0|
    |bits_59_reg_12302                          |   16|   0|   16|          0|
    |bits_5_reg_12032                           |   16|   0|   16|          0|
    |bits_60_reg_12307                          |   16|   0|   16|          0|
    |bits_61_reg_12312                          |   16|   0|   16|          0|
    |bits_62_reg_12317                          |   16|   0|   16|          0|
    |bits_63_reg_12322                          |   16|   0|   16|          0|
    |bits_64_reg_12327                          |   16|   0|   16|          0|
    |bits_65_reg_12332                          |   16|   0|   16|          0|
    |bits_66_reg_12337                          |   16|   0|   16|          0|
    |bits_67_reg_12342                          |   16|   0|   16|          0|
    |bits_68_reg_12347                          |   16|   0|   16|          0|
    |bits_69_reg_12352                          |   16|   0|   16|          0|
    |bits_6_reg_12037                           |   16|   0|   16|          0|
    |bits_70_reg_12357                          |   16|   0|   16|          0|
    |bits_71_reg_12362                          |   16|   0|   16|          0|
    |bits_72_reg_12367                          |   16|   0|   16|          0|
    |bits_73_reg_12372                          |   16|   0|   16|          0|
    |bits_74_reg_12377                          |   16|   0|   16|          0|
    |bits_75_reg_12382                          |   16|   0|   16|          0|
    |bits_76_reg_12387                          |   16|   0|   16|          0|
    |bits_77_reg_12392                          |   16|   0|   16|          0|
    |bits_78_reg_12397                          |   16|   0|   16|          0|
    |bits_79_reg_12402                          |   16|   0|   16|          0|
    |bits_7_reg_12042                           |   16|   0|   16|          0|
    |bits_80_reg_12407                          |   16|   0|   16|          0|
    |bits_81_reg_12412                          |   16|   0|   16|          0|
    |bits_82_reg_12417                          |   16|   0|   16|          0|
    |bits_83_reg_12422                          |   16|   0|   16|          0|
    |bits_84_reg_12427                          |   16|   0|   16|          0|
    |bits_85_reg_12432                          |   16|   0|   16|          0|
    |bits_86_reg_12437                          |   16|   0|   16|          0|
    |bits_87_reg_12442                          |   16|   0|   16|          0|
    |bits_88_reg_12447                          |   16|   0|   16|          0|
    |bits_89_reg_12452                          |   16|   0|   16|          0|
    |bits_8_reg_12047                           |   16|   0|   16|          0|
    |bits_90_reg_12457                          |   16|   0|   16|          0|
    |bits_91_reg_12462                          |   16|   0|   16|          0|
    |bits_92_reg_12467                          |   16|   0|   16|          0|
    |bits_93_reg_12472                          |   16|   0|   16|          0|
    |bits_94_reg_12477                          |   16|   0|   16|          0|
    |bits_95_reg_12482                          |   16|   0|   16|          0|
    |bits_96_reg_12487                          |   16|   0|   16|          0|
    |bits_97_reg_12492                          |   16|   0|   16|          0|
    |bits_98_reg_12497                          |   16|   0|   16|          0|
    |bits_99_reg_12502                          |   16|   0|   16|          0|
    |bits_9_reg_12052                           |   16|   0|   16|          0|
    |bits_reg_12007                             |   16|   0|   16|          0|
    |ci_fu_814                                  |   10|   0|   10|          0|
    |cond1251_reg_11764                         |    1|   0|    1|          0|
    |cond1251_reg_11764_pp0_iter83_reg          |    1|   0|    1|          0|
    |do_load_reg_11674                          |    1|   0|    1|          0|
    |do_load_reg_11674_pp0_iter9_reg            |    1|   0|    1|          0|
    |first_iter_1_reg_11654                     |    1|   0|    1|          0|
    |gmem_wf_addr_read_reg_11769                |  256|   0|  256|          0|
    |icmp_ln253_1_reg_11658                     |    1|   0|    1|          0|
    |icmp_ln253_1_reg_11658_pp0_iter7_reg       |    1|   0|    1|          0|
    |icmp_ln253_reg_11607                       |    1|   0|    1|          0|
    |icmp_ln259_reg_11611                       |    1|   0|    1|          0|
    |icmp_ln263_reg_11711                       |    1|   0|    1|          0|
    |indvar_flatten139_fu_898                   |   11|   0|   11|          0|
    |kw_reg_11775                               |    4|   0|    4|          0|
    |mul1_reg_13462                             |   16|   0|   16|          0|
    |mul2_reg_13467                             |   16|   0|   16|          0|
    |mul3_reg_13472                             |   16|   0|   16|          0|
    |mul411_10_reg_13897                        |   16|   0|   16|          0|
    |mul411_11_reg_13937                        |   16|   0|   16|          0|
    |mul411_12_reg_13977                        |   16|   0|   16|          0|
    |mul411_13_reg_14017                        |   16|   0|   16|          0|
    |mul411_14_reg_14057                        |   16|   0|   16|          0|
    |mul411_1_reg_13497                         |   16|   0|   16|          0|
    |mul411_2_reg_13537                         |   16|   0|   16|          0|
    |mul411_3_reg_13577                         |   16|   0|   16|          0|
    |mul411_4_reg_13617                         |   16|   0|   16|          0|
    |mul411_5_reg_13657                         |   16|   0|   16|          0|
    |mul411_6_reg_13697                         |   16|   0|   16|          0|
    |mul411_7_reg_13737                         |   16|   0|   16|          0|
    |mul411_8_reg_13777                         |   16|   0|   16|          0|
    |mul411_9_reg_13817                         |   16|   0|   16|          0|
    |mul411_s_reg_13857                         |   16|   0|   16|          0|
    |mul412_10_reg_13902                        |   16|   0|   16|          0|
    |mul412_11_reg_13942                        |   16|   0|   16|          0|
    |mul412_12_reg_13982                        |   16|   0|   16|          0|
    |mul412_13_reg_14022                        |   16|   0|   16|          0|
    |mul412_14_reg_14062                        |   16|   0|   16|          0|
    |mul412_1_reg_13502                         |   16|   0|   16|          0|
    |mul412_2_reg_13542                         |   16|   0|   16|          0|
    |mul412_3_reg_13582                         |   16|   0|   16|          0|
    |mul412_4_reg_13622                         |   16|   0|   16|          0|
    |mul412_5_reg_13662                         |   16|   0|   16|          0|
    |mul412_6_reg_13702                         |   16|   0|   16|          0|
    |mul412_7_reg_13742                         |   16|   0|   16|          0|
    |mul412_8_reg_13782                         |   16|   0|   16|          0|
    |mul412_9_reg_13822                         |   16|   0|   16|          0|
    |mul412_s_reg_13862                         |   16|   0|   16|          0|
    |mul414_10_reg_13907                        |   16|   0|   16|          0|
    |mul414_11_reg_13947                        |   16|   0|   16|          0|
    |mul414_12_reg_13987                        |   16|   0|   16|          0|
    |mul414_13_reg_14027                        |   16|   0|   16|          0|
    |mul414_14_reg_14067                        |   16|   0|   16|          0|
    |mul414_1_reg_13507                         |   16|   0|   16|          0|
    |mul414_2_reg_13547                         |   16|   0|   16|          0|
    |mul414_3_reg_13587                         |   16|   0|   16|          0|
    |mul414_4_reg_13627                         |   16|   0|   16|          0|
    |mul414_5_reg_13667                         |   16|   0|   16|          0|
    |mul414_6_reg_13707                         |   16|   0|   16|          0|
    |mul414_7_reg_13747                         |   16|   0|   16|          0|
    |mul414_8_reg_13787                         |   16|   0|   16|          0|
    |mul414_9_reg_13827                         |   16|   0|   16|          0|
    |mul414_s_reg_13867                         |   16|   0|   16|          0|
    |mul415_10_reg_13912                        |   16|   0|   16|          0|
    |mul415_11_reg_13952                        |   16|   0|   16|          0|
    |mul415_12_reg_13992                        |   16|   0|   16|          0|
    |mul415_13_reg_14032                        |   16|   0|   16|          0|
    |mul415_14_reg_14072                        |   16|   0|   16|          0|
    |mul415_1_reg_13512                         |   16|   0|   16|          0|
    |mul415_2_reg_13552                         |   16|   0|   16|          0|
    |mul415_3_reg_13592                         |   16|   0|   16|          0|
    |mul415_4_reg_13632                         |   16|   0|   16|          0|
    |mul415_5_reg_13672                         |   16|   0|   16|          0|
    |mul415_6_reg_13712                         |   16|   0|   16|          0|
    |mul415_7_reg_13752                         |   16|   0|   16|          0|
    |mul415_8_reg_13792                         |   16|   0|   16|          0|
    |mul415_9_reg_13832                         |   16|   0|   16|          0|
    |mul415_s_reg_13872                         |   16|   0|   16|          0|
    |mul418_10_reg_13917                        |   16|   0|   16|          0|
    |mul418_11_reg_13957                        |   16|   0|   16|          0|
    |mul418_12_reg_13997                        |   16|   0|   16|          0|
    |mul418_13_reg_14037                        |   16|   0|   16|          0|
    |mul418_14_reg_14077                        |   16|   0|   16|          0|
    |mul418_1_reg_13517                         |   16|   0|   16|          0|
    |mul418_2_reg_13557                         |   16|   0|   16|          0|
    |mul418_3_reg_13597                         |   16|   0|   16|          0|
    |mul418_4_reg_13637                         |   16|   0|   16|          0|
    |mul418_5_reg_13677                         |   16|   0|   16|          0|
    |mul418_6_reg_13717                         |   16|   0|   16|          0|
    |mul418_7_reg_13757                         |   16|   0|   16|          0|
    |mul418_8_reg_13797                         |   16|   0|   16|          0|
    |mul418_9_reg_13837                         |   16|   0|   16|          0|
    |mul418_s_reg_13877                         |   16|   0|   16|          0|
    |mul419_10_reg_13922                        |   16|   0|   16|          0|
    |mul419_11_reg_13962                        |   16|   0|   16|          0|
    |mul419_12_reg_14002                        |   16|   0|   16|          0|
    |mul419_13_reg_14042                        |   16|   0|   16|          0|
    |mul419_14_reg_14082                        |   16|   0|   16|          0|
    |mul419_1_reg_13522                         |   16|   0|   16|          0|
    |mul419_2_reg_13562                         |   16|   0|   16|          0|
    |mul419_3_reg_13602                         |   16|   0|   16|          0|
    |mul419_4_reg_13642                         |   16|   0|   16|          0|
    |mul419_5_reg_13682                         |   16|   0|   16|          0|
    |mul419_6_reg_13722                         |   16|   0|   16|          0|
    |mul419_7_reg_13762                         |   16|   0|   16|          0|
    |mul419_8_reg_13802                         |   16|   0|   16|          0|
    |mul419_9_reg_13842                         |   16|   0|   16|          0|
    |mul419_s_reg_13882                         |   16|   0|   16|          0|
    |mul421_10_reg_13927                        |   16|   0|   16|          0|
    |mul421_11_reg_13967                        |   16|   0|   16|          0|
    |mul421_12_reg_14007                        |   16|   0|   16|          0|
    |mul421_13_reg_14047                        |   16|   0|   16|          0|
    |mul421_14_reg_14087                        |   16|   0|   16|          0|
    |mul421_1_reg_13527                         |   16|   0|   16|          0|
    |mul421_2_reg_13567                         |   16|   0|   16|          0|
    |mul421_3_reg_13607                         |   16|   0|   16|          0|
    |mul421_4_reg_13647                         |   16|   0|   16|          0|
    |mul421_5_reg_13687                         |   16|   0|   16|          0|
    |mul421_6_reg_13727                         |   16|   0|   16|          0|
    |mul421_7_reg_13767                         |   16|   0|   16|          0|
    |mul421_8_reg_13807                         |   16|   0|   16|          0|
    |mul421_9_reg_13847                         |   16|   0|   16|          0|
    |mul421_s_reg_13887                         |   16|   0|   16|          0|
    |mul422_10_reg_13932                        |   16|   0|   16|          0|
    |mul422_11_reg_13972                        |   16|   0|   16|          0|
    |mul422_12_reg_14012                        |   16|   0|   16|          0|
    |mul422_13_reg_14052                        |   16|   0|   16|          0|
    |mul422_14_reg_14092                        |   16|   0|   16|          0|
    |mul422_1_reg_13532                         |   16|   0|   16|          0|
    |mul422_2_reg_13572                         |   16|   0|   16|          0|
    |mul422_3_reg_13612                         |   16|   0|   16|          0|
    |mul422_4_reg_13652                         |   16|   0|   16|          0|
    |mul422_5_reg_13692                         |   16|   0|   16|          0|
    |mul422_6_reg_13732                         |   16|   0|   16|          0|
    |mul422_7_reg_13772                         |   16|   0|   16|          0|
    |mul422_8_reg_13812                         |   16|   0|   16|          0|
    |mul422_9_reg_13852                         |   16|   0|   16|          0|
    |mul422_s_reg_13892                         |   16|   0|   16|          0|
    |mul4_reg_13477                             |   16|   0|   16|          0|
    |mul5_reg_13482                             |   16|   0|   16|          0|
    |mul6_reg_13487                             |   16|   0|   16|          0|
    |mul7_reg_13492                             |   16|   0|   16|          0|
    |mul_reg_13457                              |   16|   0|   16|          0|
    |phi_ln272_10_fu_838                        |  128|   0|  128|          0|
    |phi_ln272_11_fu_834                        |  128|   0|  128|          0|
    |phi_ln272_12_fu_830                        |  128|   0|  128|          0|
    |phi_ln272_13_fu_826                        |  128|   0|  128|          0|
    |phi_ln272_14_fu_822                        |  128|   0|  128|          0|
    |phi_ln272_15_fu_818                        |  128|   0|  128|          0|
    |phi_ln272_1_fu_874                         |  128|   0|  128|          0|
    |phi_ln272_2_fu_870                         |  128|   0|  128|          0|
    |phi_ln272_3_fu_866                         |  128|   0|  128|          0|
    |phi_ln272_4_fu_862                         |  128|   0|  128|          0|
    |phi_ln272_5_fu_858                         |  128|   0|  128|          0|
    |phi_ln272_6_fu_854                         |  128|   0|  128|          0|
    |phi_ln272_7_fu_850                         |  128|   0|  128|          0|
    |phi_ln272_8_fu_846                         |  128|   0|  128|          0|
    |phi_ln272_9_fu_842                         |  128|   0|  128|          0|
    |phi_ln272_fu_878                           |  128|   0|  128|          0|
    |ping_128_phi_fu_886                        |   32|   0|   32|          0|
    |ping_1_fu_890                              |   32|   0|   32|          0|
    |ping_34_fu_882                             |   32|   0|   32|          0|
    |psum_100_fu_1166                           |   16|   0|   16|          0|
    |psum_101_fu_1162                           |   16|   0|   16|          0|
    |psum_102_fu_1158                           |   16|   0|   16|          0|
    |psum_103_fu_1154                           |   16|   0|   16|          0|
    |psum_104_fu_1150                           |   16|   0|   16|          0|
    |psum_105_fu_1146                           |   16|   0|   16|          0|
    |psum_106_fu_1142                           |   16|   0|   16|          0|
    |psum_107_fu_1138                           |   16|   0|   16|          0|
    |psum_108_fu_1134                           |   16|   0|   16|          0|
    |psum_109_fu_1130                           |   16|   0|   16|          0|
    |psum_110_fu_1126                           |   16|   0|   16|          0|
    |psum_111_fu_1122                           |   16|   0|   16|          0|
    |psum_112_fu_1118                           |   16|   0|   16|          0|
    |psum_113_fu_1114                           |   16|   0|   16|          0|
    |psum_114_fu_1110                           |   16|   0|   16|          0|
    |psum_115_fu_1106                           |   16|   0|   16|          0|
    |psum_116_fu_1102                           |   16|   0|   16|          0|
    |psum_117_fu_1098                           |   16|   0|   16|          0|
    |psum_118_fu_1094                           |   16|   0|   16|          0|
    |psum_119_fu_1090                           |   16|   0|   16|          0|
    |psum_120_fu_1086                           |   16|   0|   16|          0|
    |psum_121_fu_1082                           |   16|   0|   16|          0|
    |psum_122_fu_1078                           |   16|   0|   16|          0|
    |psum_123_fu_1074                           |   16|   0|   16|          0|
    |psum_124_fu_1070                           |   16|   0|   16|          0|
    |psum_125_fu_1066                           |   16|   0|   16|          0|
    |psum_126_fu_1062                           |   16|   0|   16|          0|
    |psum_127_fu_1058                           |   16|   0|   16|          0|
    |psum_128_fu_1054                           |   16|   0|   16|          0|
    |psum_129_fu_1050                           |   16|   0|   16|          0|
    |psum_130_fu_1046                           |   16|   0|   16|          0|
    |psum_131_fu_1042                           |   16|   0|   16|          0|
    |psum_132_fu_1038                           |   16|   0|   16|          0|
    |psum_133_fu_1034                           |   16|   0|   16|          0|
    |psum_134_fu_1030                           |   16|   0|   16|          0|
    |psum_135_fu_1026                           |   16|   0|   16|          0|
    |psum_136_fu_1022                           |   16|   0|   16|          0|
    |psum_137_fu_1018                           |   16|   0|   16|          0|
    |psum_138_fu_1014                           |   16|   0|   16|          0|
    |psum_139_fu_1010                           |   16|   0|   16|          0|
    |psum_140_fu_1006                           |   16|   0|   16|          0|
    |psum_141_fu_1002                           |   16|   0|   16|          0|
    |psum_142_fu_998                            |   16|   0|   16|          0|
    |psum_143_fu_994                            |   16|   0|   16|          0|
    |psum_144_fu_990                            |   16|   0|   16|          0|
    |psum_145_fu_986                            |   16|   0|   16|          0|
    |psum_146_fu_982                            |   16|   0|   16|          0|
    |psum_147_fu_978                            |   16|   0|   16|          0|
    |psum_148_fu_974                            |   16|   0|   16|          0|
    |psum_149_fu_970                            |   16|   0|   16|          0|
    |psum_150_fu_966                            |   16|   0|   16|          0|
    |psum_151_fu_962                            |   16|   0|   16|          0|
    |psum_152_fu_958                            |   16|   0|   16|          0|
    |psum_153_fu_954                            |   16|   0|   16|          0|
    |psum_154_fu_950                            |   16|   0|   16|          0|
    |psum_155_fu_946                            |   16|   0|   16|          0|
    |psum_156_fu_942                            |   16|   0|   16|          0|
    |psum_157_fu_938                            |   16|   0|   16|          0|
    |psum_158_fu_934                            |   16|   0|   16|          0|
    |psum_159_fu_930                            |   16|   0|   16|          0|
    |psum_160_fu_926                            |   16|   0|   16|          0|
    |psum_161_fu_922                            |   16|   0|   16|          0|
    |psum_162_fu_918                            |   16|   0|   16|          0|
    |psum_163_fu_914                            |   16|   0|   16|          0|
    |psum_164_fu_910                            |   16|   0|   16|          0|
    |psum_165_fu_906                            |   16|   0|   16|          0|
    |psum_166_fu_902                            |   16|   0|   16|          0|
    |psum_295_reg_14761                         |   16|   0|   16|          0|
    |psum_296_reg_14773                         |   16|   0|   16|          0|
    |psum_297_reg_14785                         |   16|   0|   16|          0|
    |psum_298_reg_14797                         |   16|   0|   16|          0|
    |psum_299_reg_14809                         |   16|   0|   16|          0|
    |psum_300_reg_14821                         |   16|   0|   16|          0|
    |psum_301_reg_14833                         |   16|   0|   16|          0|
    |psum_302_reg_14845                         |   16|   0|   16|          0|
    |psum_303_reg_14857                         |   16|   0|   16|          0|
    |psum_304_reg_14869                         |   16|   0|   16|          0|
    |psum_305_reg_14881                         |   16|   0|   16|          0|
    |psum_306_reg_14893                         |   16|   0|   16|          0|
    |psum_307_reg_14905                         |   16|   0|   16|          0|
    |psum_308_reg_14917                         |   16|   0|   16|          0|
    |psum_309_reg_14737                         |   16|   0|   16|          0|
    |psum_39_reg_14749                          |   16|   0|   16|          0|
    |psum_40_fu_1406                            |   16|   0|   16|          0|
    |psum_41_fu_1402                            |   16|   0|   16|          0|
    |psum_42_fu_1398                            |   16|   0|   16|          0|
    |psum_43_fu_1394                            |   16|   0|   16|          0|
    |psum_44_fu_1390                            |   16|   0|   16|          0|
    |psum_45_fu_1386                            |   16|   0|   16|          0|
    |psum_46_fu_1382                            |   16|   0|   16|          0|
    |psum_47_fu_1378                            |   16|   0|   16|          0|
    |psum_48_fu_1374                            |   16|   0|   16|          0|
    |psum_49_fu_1370                            |   16|   0|   16|          0|
    |psum_50_fu_1366                            |   16|   0|   16|          0|
    |psum_51_fu_1362                            |   16|   0|   16|          0|
    |psum_52_fu_1358                            |   16|   0|   16|          0|
    |psum_53_fu_1354                            |   16|   0|   16|          0|
    |psum_54_fu_1350                            |   16|   0|   16|          0|
    |psum_55_fu_1346                            |   16|   0|   16|          0|
    |psum_56_fu_1342                            |   16|   0|   16|          0|
    |psum_57_fu_1338                            |   16|   0|   16|          0|
    |psum_58_fu_1334                            |   16|   0|   16|          0|
    |psum_59_fu_1330                            |   16|   0|   16|          0|
    |psum_60_fu_1326                            |   16|   0|   16|          0|
    |psum_61_fu_1322                            |   16|   0|   16|          0|
    |psum_62_fu_1318                            |   16|   0|   16|          0|
    |psum_63_fu_1314                            |   16|   0|   16|          0|
    |psum_64_fu_1310                            |   16|   0|   16|          0|
    |psum_65_fu_1306                            |   16|   0|   16|          0|
    |psum_66_fu_1302                            |   16|   0|   16|          0|
    |psum_67_fu_1298                            |   16|   0|   16|          0|
    |psum_68_fu_1294                            |   16|   0|   16|          0|
    |psum_69_fu_1290                            |   16|   0|   16|          0|
    |psum_70_fu_1286                            |   16|   0|   16|          0|
    |psum_71_fu_1282                            |   16|   0|   16|          0|
    |psum_72_fu_1278                            |   16|   0|   16|          0|
    |psum_73_fu_1274                            |   16|   0|   16|          0|
    |psum_74_fu_1270                            |   16|   0|   16|          0|
    |psum_75_fu_1266                            |   16|   0|   16|          0|
    |psum_76_fu_1262                            |   16|   0|   16|          0|
    |psum_77_fu_1258                            |   16|   0|   16|          0|
    |psum_78_fu_1254                            |   16|   0|   16|          0|
    |psum_79_fu_1250                            |   16|   0|   16|          0|
    |psum_80_fu_1246                            |   16|   0|   16|          0|
    |psum_81_fu_1242                            |   16|   0|   16|          0|
    |psum_82_fu_1238                            |   16|   0|   16|          0|
    |psum_83_fu_1234                            |   16|   0|   16|          0|
    |psum_84_fu_1230                            |   16|   0|   16|          0|
    |psum_85_fu_1226                            |   16|   0|   16|          0|
    |psum_86_fu_1222                            |   16|   0|   16|          0|
    |psum_87_fu_1218                            |   16|   0|   16|          0|
    |psum_88_fu_1214                            |   16|   0|   16|          0|
    |psum_89_fu_1210                            |   16|   0|   16|          0|
    |psum_90_fu_1206                            |   16|   0|   16|          0|
    |psum_91_fu_1202                            |   16|   0|   16|          0|
    |psum_92_fu_1198                            |   16|   0|   16|          0|
    |psum_93_fu_1194                            |   16|   0|   16|          0|
    |psum_94_fu_1190                            |   16|   0|   16|          0|
    |psum_95_fu_1186                            |   16|   0|   16|          0|
    |psum_96_fu_1182                            |   16|   0|   16|          0|
    |psum_97_fu_1178                            |   16|   0|   16|          0|
    |psum_98_fu_1174                            |   16|   0|   16|          0|
    |psum_99_fu_1170                            |   16|   0|   16|          0|
    |psum_fu_1410                               |   16|   0|   16|          0|
    |select_ln127_cast_reg_10578                |   10|   0|   10|          0|
    |select_ln237_16_reg_11634                  |   10|   0|   10|          0|
    |select_ln237_18_reg_11641                  |    4|   0|    4|          0|
    |select_ln252_cast_cast_reg_10573           |   10|   0|   23|         13|
    |select_ln253_reg_11648                     |    4|   0|    4|          0|
    |select_ln259_reg_11733                     |    5|   0|    5|          0|
    |select_ln272_1_reg_11972                   |  256|   0|  256|          0|
    |select_ln272_reg_11897                     |  256|   0|  256|          0|
    |slot_reg_11758                             |    2|   0|    2|          0|
    |step_fu_894                                |    4|   0|    4|          0|
    |tmp_24_reg_14582                           |   16|   0|   16|          0|
    |tmp_25_reg_14587                           |   16|   0|   16|          0|
    |tmp_26_reg_14592                           |   16|   0|   16|          0|
    |tmp_27_reg_14597                           |   16|   0|   16|          0|
    |tmp_28_reg_14602                           |   16|   0|   16|          0|
    |tmp_29_reg_14607                           |   16|   0|   16|          0|
    |tmp_30_reg_14612                           |   16|   0|   16|          0|
    |tmp_31_reg_14617                           |   16|   0|   16|          0|
    |tmp_32_reg_14622                           |   16|   0|   16|          0|
    |tmp_33_reg_14627                           |   16|   0|   16|          0|
    |tmp_34_reg_14632                           |   16|   0|   16|          0|
    |tmp_35_reg_14637                           |   16|   0|   16|          0|
    |tmp_36_reg_14642                           |   16|   0|   16|          0|
    |tmp_37_reg_14647                           |   16|   0|   16|          0|
    |tmp_38_reg_11902                           |  256|   0|  256|          0|
    |tmp_39_reg_11664                           |    3|   0|    3|          0|
    |tmp_42_reg_11907                           |  256|   0|  256|          0|
    |tmp_43_reg_11912                           |  256|   0|  256|          0|
    |tmp_44_reg_11917                           |  256|   0|  256|          0|
    |tmp_45_reg_11922                           |  256|   0|  256|          0|
    |tmp_46_reg_11927                           |  256|   0|  256|          0|
    |tmp_47_reg_11932                           |  256|   0|  256|          0|
    |tmp_48_reg_11937                           |  256|   0|  256|          0|
    |tmp_49_reg_11942                           |  256|   0|  256|          0|
    |tmp_50_reg_11947                           |  256|   0|  256|          0|
    |tmp_51_reg_11952                           |  256|   0|  256|          0|
    |tmp_52_reg_11957                           |  256|   0|  256|          0|
    |tmp_53_reg_11962                           |  256|   0|  256|          0|
    |tmp_54_reg_11967                           |  256|   0|  256|          0|
    |tmp_55_reg_14732                           |   16|   0|   16|          0|
    |tmp_s_reg_14577                            |   16|   0|   16|          0|
    |trunc_ln250_1_reg_11793                    |    2|   0|    2|          0|
    |trunc_ln250_reg_11785                      |    3|   0|    3|          0|
    |trunc_ln264_reg_11977                      |   16|   0|   16|          0|
    |trunc_ln2_reg_11685                        |    3|   0|    3|          0|
    |trunc_ln_reg_11738                         |   59|   0|   59|          0|
    |u_160_reg_11982                            |   16|   0|   16|          0|
    |u_161_reg_11987                            |   16|   0|   16|          0|
    |u_162_reg_11992                            |   16|   0|   16|          0|
    |u_163_reg_11997                            |   16|   0|   16|          0|
    |u_164_reg_12002                            |   16|   0|   16|          0|
    |w_reg_1_fu_810                             |  128|   0|  128|          0|
    |w_reg_reg_11892                            |  256|   0|  256|          0|
    |widx_reg_11705                             |    6|   0|    6|          0|
    |wn_base_reg_11680                          |   19|   0|   19|          0|
    |and_ln279_reg_11743                        |   64|  32|    1|          0|
    |first_iter_1_reg_11654                     |   64|  32|    1|          0|
    |icmp_ln253_reg_11607                       |   64|  32|    1|          0|
    |icmp_ln259_reg_11611                       |   64|  32|    1|          0|
    |icmp_ln263_reg_11711                       |   64|  32|    1|          0|
    |select_ln237_16_reg_11634                  |   64|  32|   10|          0|
    |select_ln237_18_reg_11641                  |   64|  32|    4|          0|
    |select_ln253_reg_11648                     |   64|  32|    4|          0|
    |slot_reg_11758                             |   64|  32|    2|          0|
    |trunc_ln2_reg_11685                        |   64|  32|    3|          0|
    |widx_reg_11705                             |   64|  32|    6|          0|
    +-------------------------------------------+-----+----+-----+-----------+
    |Total                                      |16576| 352|15919|         13|
    +-------------------------------------------+-----+----+-----+-----------+



================================================================
== Interface
================================================================
* Summary: 
+----------------------------------------------------------------------------------------------+-----+-----+------------+-------------------------------------------------------------------------------------+--------------+
|                                           RTL Ports                                          | Dir | Bits|  Protocol  |                                    Source Object                                    |    C Type    |
+----------------------------------------------------------------------------------------------+-----+-----+------------+-------------------------------------------------------------------------------------+--------------+
|ap_clk                                                                                        |   in|    1|  ap_ctrl_hs|                        Universal_Engine_Kernel<16, half>_Pipeline_CONV_CORE_MAC_LOOP|  return value|
|ap_rst                                                                                        |   in|    1|  ap_ctrl_hs|                        Universal_Engine_Kernel<16, half>_Pipeline_CONV_CORE_MAC_LOOP|  return value|
|ap_start                                                                                      |   in|    1|  ap_ctrl_hs|                        Universal_Engine_Kernel<16, half>_Pipeline_CONV_CORE_MAC_LOOP|  return value|
|ap_done                                                                                       |  out|    1|  ap_ctrl_hs|                        Universal_Engine_Kernel<16, half>_Pipeline_CONV_CORE_MAC_LOOP|  return value|
|ap_idle                                                                                       |  out|    1|  ap_ctrl_hs|                        Universal_Engine_Kernel<16, half>_Pipeline_CONV_CORE_MAC_LOOP|  return value|
|ap_ready                                                                                      |  out|    1|  ap_ctrl_hs|                        Universal_Engine_Kernel<16, half>_Pipeline_CONV_CORE_MAC_LOOP|  return value|
|grp_fu_6913_p_din0                                                                            |  out|   16|  ap_ctrl_hs|                        Universal_Engine_Kernel<16, half>_Pipeline_CONV_CORE_MAC_LOOP|  return value|
|grp_fu_6913_p_din1                                                                            |  out|   16|  ap_ctrl_hs|                        Universal_Engine_Kernel<16, half>_Pipeline_CONV_CORE_MAC_LOOP|  return value|
|grp_fu_6913_p_dout0                                                                           |   in|   16|  ap_ctrl_hs|                        Universal_Engine_Kernel<16, half>_Pipeline_CONV_CORE_MAC_LOOP|  return value|
|grp_fu_6913_p_ce                                                                              |  out|    1|  ap_ctrl_hs|                        Universal_Engine_Kernel<16, half>_Pipeline_CONV_CORE_MAC_LOOP|  return value|
|grp_fu_6917_p_din0                                                                            |  out|   16|  ap_ctrl_hs|                        Universal_Engine_Kernel<16, half>_Pipeline_CONV_CORE_MAC_LOOP|  return value|
|grp_fu_6917_p_din1                                                                            |  out|   16|  ap_ctrl_hs|                        Universal_Engine_Kernel<16, half>_Pipeline_CONV_CORE_MAC_LOOP|  return value|
|grp_fu_6917_p_dout0                                                                           |   in|   16|  ap_ctrl_hs|                        Universal_Engine_Kernel<16, half>_Pipeline_CONV_CORE_MAC_LOOP|  return value|
|grp_fu_6917_p_ce                                                                              |  out|    1|  ap_ctrl_hs|                        Universal_Engine_Kernel<16, half>_Pipeline_CONV_CORE_MAC_LOOP|  return value|
|grp_fu_6921_p_din0                                                                            |  out|   16|  ap_ctrl_hs|                        Universal_Engine_Kernel<16, half>_Pipeline_CONV_CORE_MAC_LOOP|  return value|
|grp_fu_6921_p_din1                                                                            |  out|   16|  ap_ctrl_hs|                        Universal_Engine_Kernel<16, half>_Pipeline_CONV_CORE_MAC_LOOP|  return value|
|grp_fu_6921_p_dout0                                                                           |   in|   16|  ap_ctrl_hs|                        Universal_Engine_Kernel<16, half>_Pipeline_CONV_CORE_MAC_LOOP|  return value|
|grp_fu_6921_p_ce                                                                              |  out|    1|  ap_ctrl_hs|                        Universal_Engine_Kernel<16, half>_Pipeline_CONV_CORE_MAC_LOOP|  return value|
|grp_fu_6925_p_din0                                                                            |  out|   16|  ap_ctrl_hs|                        Universal_Engine_Kernel<16, half>_Pipeline_CONV_CORE_MAC_LOOP|  return value|
|grp_fu_6925_p_din1                                                                            |  out|   16|  ap_ctrl_hs|                        Universal_Engine_Kernel<16, half>_Pipeline_CONV_CORE_MAC_LOOP|  return value|
|grp_fu_6925_p_dout0                                                                           |   in|   16|  ap_ctrl_hs|                        Universal_Engine_Kernel<16, half>_Pipeline_CONV_CORE_MAC_LOOP|  return value|
|grp_fu_6925_p_ce                                                                              |  out|    1|  ap_ctrl_hs|                        Universal_Engine_Kernel<16, half>_Pipeline_CONV_CORE_MAC_LOOP|  return value|
|grp_fu_6929_p_din0                                                                            |  out|   16|  ap_ctrl_hs|                        Universal_Engine_Kernel<16, half>_Pipeline_CONV_CORE_MAC_LOOP|  return value|
|grp_fu_6929_p_din1                                                                            |  out|   16|  ap_ctrl_hs|                        Universal_Engine_Kernel<16, half>_Pipeline_CONV_CORE_MAC_LOOP|  return value|
|grp_fu_6929_p_dout0                                                                           |   in|   16|  ap_ctrl_hs|                        Universal_Engine_Kernel<16, half>_Pipeline_CONV_CORE_MAC_LOOP|  return value|
|grp_fu_6929_p_ce                                                                              |  out|    1|  ap_ctrl_hs|                        Universal_Engine_Kernel<16, half>_Pipeline_CONV_CORE_MAC_LOOP|  return value|
|grp_fu_6933_p_din0                                                                            |  out|   16|  ap_ctrl_hs|                        Universal_Engine_Kernel<16, half>_Pipeline_CONV_CORE_MAC_LOOP|  return value|
|grp_fu_6933_p_din1                                                                            |  out|   16|  ap_ctrl_hs|                        Universal_Engine_Kernel<16, half>_Pipeline_CONV_CORE_MAC_LOOP|  return value|
|grp_fu_6933_p_dout0                                                                           |   in|   16|  ap_ctrl_hs|                        Universal_Engine_Kernel<16, half>_Pipeline_CONV_CORE_MAC_LOOP|  return value|
|grp_fu_6933_p_ce                                                                              |  out|    1|  ap_ctrl_hs|                        Universal_Engine_Kernel<16, half>_Pipeline_CONV_CORE_MAC_LOOP|  return value|
|grp_fu_6937_p_din0                                                                            |  out|   16|  ap_ctrl_hs|                        Universal_Engine_Kernel<16, half>_Pipeline_CONV_CORE_MAC_LOOP|  return value|
|grp_fu_6937_p_din1                                                                            |  out|   16|  ap_ctrl_hs|                        Universal_Engine_Kernel<16, half>_Pipeline_CONV_CORE_MAC_LOOP|  return value|
|grp_fu_6937_p_dout0                                                                           |   in|   16|  ap_ctrl_hs|                        Universal_Engine_Kernel<16, half>_Pipeline_CONV_CORE_MAC_LOOP|  return value|
|grp_fu_6937_p_ce                                                                              |  out|    1|  ap_ctrl_hs|                        Universal_Engine_Kernel<16, half>_Pipeline_CONV_CORE_MAC_LOOP|  return value|
|grp_fu_6941_p_din0                                                                            |  out|   16|  ap_ctrl_hs|                        Universal_Engine_Kernel<16, half>_Pipeline_CONV_CORE_MAC_LOOP|  return value|
|grp_fu_6941_p_din1                                                                            |  out|   16|  ap_ctrl_hs|                        Universal_Engine_Kernel<16, half>_Pipeline_CONV_CORE_MAC_LOOP|  return value|
|grp_fu_6941_p_dout0                                                                           |   in|   16|  ap_ctrl_hs|                        Universal_Engine_Kernel<16, half>_Pipeline_CONV_CORE_MAC_LOOP|  return value|
|grp_fu_6941_p_ce                                                                              |  out|    1|  ap_ctrl_hs|                        Universal_Engine_Kernel<16, half>_Pipeline_CONV_CORE_MAC_LOOP|  return value|
|grp_fu_6945_p_din0                                                                            |  out|   16|  ap_ctrl_hs|                        Universal_Engine_Kernel<16, half>_Pipeline_CONV_CORE_MAC_LOOP|  return value|
|grp_fu_6945_p_din1                                                                            |  out|   16|  ap_ctrl_hs|                        Universal_Engine_Kernel<16, half>_Pipeline_CONV_CORE_MAC_LOOP|  return value|
|grp_fu_6945_p_dout0                                                                           |   in|   16|  ap_ctrl_hs|                        Universal_Engine_Kernel<16, half>_Pipeline_CONV_CORE_MAC_LOOP|  return value|
|grp_fu_6945_p_ce                                                                              |  out|    1|  ap_ctrl_hs|                        Universal_Engine_Kernel<16, half>_Pipeline_CONV_CORE_MAC_LOOP|  return value|
|grp_fu_6949_p_din0                                                                            |  out|   16|  ap_ctrl_hs|                        Universal_Engine_Kernel<16, half>_Pipeline_CONV_CORE_MAC_LOOP|  return value|
|grp_fu_6949_p_din1                                                                            |  out|   16|  ap_ctrl_hs|                        Universal_Engine_Kernel<16, half>_Pipeline_CONV_CORE_MAC_LOOP|  return value|
|grp_fu_6949_p_dout0                                                                           |   in|   16|  ap_ctrl_hs|                        Universal_Engine_Kernel<16, half>_Pipeline_CONV_CORE_MAC_LOOP|  return value|
|grp_fu_6949_p_ce                                                                              |  out|    1|  ap_ctrl_hs|                        Universal_Engine_Kernel<16, half>_Pipeline_CONV_CORE_MAC_LOOP|  return value|
|grp_fu_6953_p_din0                                                                            |  out|   16|  ap_ctrl_hs|                        Universal_Engine_Kernel<16, half>_Pipeline_CONV_CORE_MAC_LOOP|  return value|
|grp_fu_6953_p_din1                                                                            |  out|   16|  ap_ctrl_hs|                        Universal_Engine_Kernel<16, half>_Pipeline_CONV_CORE_MAC_LOOP|  return value|
|grp_fu_6953_p_dout0                                                                           |   in|   16|  ap_ctrl_hs|                        Universal_Engine_Kernel<16, half>_Pipeline_CONV_CORE_MAC_LOOP|  return value|
|grp_fu_6953_p_ce                                                                              |  out|    1|  ap_ctrl_hs|                        Universal_Engine_Kernel<16, half>_Pipeline_CONV_CORE_MAC_LOOP|  return value|
|grp_fu_6957_p_din0                                                                            |  out|   16|  ap_ctrl_hs|                        Universal_Engine_Kernel<16, half>_Pipeline_CONV_CORE_MAC_LOOP|  return value|
|grp_fu_6957_p_din1                                                                            |  out|   16|  ap_ctrl_hs|                        Universal_Engine_Kernel<16, half>_Pipeline_CONV_CORE_MAC_LOOP|  return value|
|grp_fu_6957_p_dout0                                                                           |   in|   16|  ap_ctrl_hs|                        Universal_Engine_Kernel<16, half>_Pipeline_CONV_CORE_MAC_LOOP|  return value|
|grp_fu_6957_p_ce                                                                              |  out|    1|  ap_ctrl_hs|                        Universal_Engine_Kernel<16, half>_Pipeline_CONV_CORE_MAC_LOOP|  return value|
|grp_fu_6961_p_din0                                                                            |  out|   16|  ap_ctrl_hs|                        Universal_Engine_Kernel<16, half>_Pipeline_CONV_CORE_MAC_LOOP|  return value|
|grp_fu_6961_p_din1                                                                            |  out|   16|  ap_ctrl_hs|                        Universal_Engine_Kernel<16, half>_Pipeline_CONV_CORE_MAC_LOOP|  return value|
|grp_fu_6961_p_dout0                                                                           |   in|   16|  ap_ctrl_hs|                        Universal_Engine_Kernel<16, half>_Pipeline_CONV_CORE_MAC_LOOP|  return value|
|grp_fu_6961_p_ce                                                                              |  out|    1|  ap_ctrl_hs|                        Universal_Engine_Kernel<16, half>_Pipeline_CONV_CORE_MAC_LOOP|  return value|
|grp_fu_6965_p_din0                                                                            |  out|   16|  ap_ctrl_hs|                        Universal_Engine_Kernel<16, half>_Pipeline_CONV_CORE_MAC_LOOP|  return value|
|grp_fu_6965_p_din1                                                                            |  out|   16|  ap_ctrl_hs|                        Universal_Engine_Kernel<16, half>_Pipeline_CONV_CORE_MAC_LOOP|  return value|
|grp_fu_6965_p_dout0                                                                           |   in|   16|  ap_ctrl_hs|                        Universal_Engine_Kernel<16, half>_Pipeline_CONV_CORE_MAC_LOOP|  return value|
|grp_fu_6965_p_ce                                                                              |  out|    1|  ap_ctrl_hs|                        Universal_Engine_Kernel<16, half>_Pipeline_CONV_CORE_MAC_LOOP|  return value|
|grp_fu_6969_p_din0                                                                            |  out|   16|  ap_ctrl_hs|                        Universal_Engine_Kernel<16, half>_Pipeline_CONV_CORE_MAC_LOOP|  return value|
|grp_fu_6969_p_din1                                                                            |  out|   16|  ap_ctrl_hs|                        Universal_Engine_Kernel<16, half>_Pipeline_CONV_CORE_MAC_LOOP|  return value|
|grp_fu_6969_p_dout0                                                                           |   in|   16|  ap_ctrl_hs|                        Universal_Engine_Kernel<16, half>_Pipeline_CONV_CORE_MAC_LOOP|  return value|
|grp_fu_6969_p_ce                                                                              |  out|    1|  ap_ctrl_hs|                        Universal_Engine_Kernel<16, half>_Pipeline_CONV_CORE_MAC_LOOP|  return value|
|grp_fu_6973_p_din0                                                                            |  out|   16|  ap_ctrl_hs|                        Universal_Engine_Kernel<16, half>_Pipeline_CONV_CORE_MAC_LOOP|  return value|
|grp_fu_6973_p_din1                                                                            |  out|   16|  ap_ctrl_hs|                        Universal_Engine_Kernel<16, half>_Pipeline_CONV_CORE_MAC_LOOP|  return value|
|grp_fu_6973_p_dout0                                                                           |   in|   16|  ap_ctrl_hs|                        Universal_Engine_Kernel<16, half>_Pipeline_CONV_CORE_MAC_LOOP|  return value|
|grp_fu_6973_p_ce                                                                              |  out|    1|  ap_ctrl_hs|                        Universal_Engine_Kernel<16, half>_Pipeline_CONV_CORE_MAC_LOOP|  return value|
|grp_fu_6977_p_din0                                                                            |  out|   16|  ap_ctrl_hs|                        Universal_Engine_Kernel<16, half>_Pipeline_CONV_CORE_MAC_LOOP|  return value|
|grp_fu_6977_p_din1                                                                            |  out|   16|  ap_ctrl_hs|                        Universal_Engine_Kernel<16, half>_Pipeline_CONV_CORE_MAC_LOOP|  return value|
|grp_fu_6977_p_dout0                                                                           |   in|   16|  ap_ctrl_hs|                        Universal_Engine_Kernel<16, half>_Pipeline_CONV_CORE_MAC_LOOP|  return value|
|grp_fu_6977_p_ce                                                                              |  out|    1|  ap_ctrl_hs|                        Universal_Engine_Kernel<16, half>_Pipeline_CONV_CORE_MAC_LOOP|  return value|
|grp_fu_6981_p_din0                                                                            |  out|   16|  ap_ctrl_hs|                        Universal_Engine_Kernel<16, half>_Pipeline_CONV_CORE_MAC_LOOP|  return value|
|grp_fu_6981_p_din1                                                                            |  out|   16|  ap_ctrl_hs|                        Universal_Engine_Kernel<16, half>_Pipeline_CONV_CORE_MAC_LOOP|  return value|
|grp_fu_6981_p_dout0                                                                           |   in|   16|  ap_ctrl_hs|                        Universal_Engine_Kernel<16, half>_Pipeline_CONV_CORE_MAC_LOOP|  return value|
|grp_fu_6981_p_ce                                                                              |  out|    1|  ap_ctrl_hs|                        Universal_Engine_Kernel<16, half>_Pipeline_CONV_CORE_MAC_LOOP|  return value|
|grp_fu_6985_p_din0                                                                            |  out|   16|  ap_ctrl_hs|                        Universal_Engine_Kernel<16, half>_Pipeline_CONV_CORE_MAC_LOOP|  return value|
|grp_fu_6985_p_din1                                                                            |  out|   16|  ap_ctrl_hs|                        Universal_Engine_Kernel<16, half>_Pipeline_CONV_CORE_MAC_LOOP|  return value|
|grp_fu_6985_p_dout0                                                                           |   in|   16|  ap_ctrl_hs|                        Universal_Engine_Kernel<16, half>_Pipeline_CONV_CORE_MAC_LOOP|  return value|
|grp_fu_6985_p_ce                                                                              |  out|    1|  ap_ctrl_hs|                        Universal_Engine_Kernel<16, half>_Pipeline_CONV_CORE_MAC_LOOP|  return value|
|grp_fu_6989_p_din0                                                                            |  out|   16|  ap_ctrl_hs|                        Universal_Engine_Kernel<16, half>_Pipeline_CONV_CORE_MAC_LOOP|  return value|
|grp_fu_6989_p_din1                                                                            |  out|   16|  ap_ctrl_hs|                        Universal_Engine_Kernel<16, half>_Pipeline_CONV_CORE_MAC_LOOP|  return value|
|grp_fu_6989_p_dout0                                                                           |   in|   16|  ap_ctrl_hs|                        Universal_Engine_Kernel<16, half>_Pipeline_CONV_CORE_MAC_LOOP|  return value|
|grp_fu_6989_p_ce                                                                              |  out|    1|  ap_ctrl_hs|                        Universal_Engine_Kernel<16, half>_Pipeline_CONV_CORE_MAC_LOOP|  return value|
|grp_fu_6993_p_din0                                                                            |  out|   16|  ap_ctrl_hs|                        Universal_Engine_Kernel<16, half>_Pipeline_CONV_CORE_MAC_LOOP|  return value|
|grp_fu_6993_p_din1                                                                            |  out|   16|  ap_ctrl_hs|                        Universal_Engine_Kernel<16, half>_Pipeline_CONV_CORE_MAC_LOOP|  return value|
|grp_fu_6993_p_dout0                                                                           |   in|   16|  ap_ctrl_hs|                        Universal_Engine_Kernel<16, half>_Pipeline_CONV_CORE_MAC_LOOP|  return value|
|grp_fu_6993_p_ce                                                                              |  out|    1|  ap_ctrl_hs|                        Universal_Engine_Kernel<16, half>_Pipeline_CONV_CORE_MAC_LOOP|  return value|
|grp_fu_6997_p_din0                                                                            |  out|   16|  ap_ctrl_hs|                        Universal_Engine_Kernel<16, half>_Pipeline_CONV_CORE_MAC_LOOP|  return value|
|grp_fu_6997_p_din1                                                                            |  out|   16|  ap_ctrl_hs|                        Universal_Engine_Kernel<16, half>_Pipeline_CONV_CORE_MAC_LOOP|  return value|
|grp_fu_6997_p_dout0                                                                           |   in|   16|  ap_ctrl_hs|                        Universal_Engine_Kernel<16, half>_Pipeline_CONV_CORE_MAC_LOOP|  return value|
|grp_fu_6997_p_ce                                                                              |  out|    1|  ap_ctrl_hs|                        Universal_Engine_Kernel<16, half>_Pipeline_CONV_CORE_MAC_LOOP|  return value|
|grp_fu_7001_p_din0                                                                            |  out|   16|  ap_ctrl_hs|                        Universal_Engine_Kernel<16, half>_Pipeline_CONV_CORE_MAC_LOOP|  return value|
|grp_fu_7001_p_din1                                                                            |  out|   16|  ap_ctrl_hs|                        Universal_Engine_Kernel<16, half>_Pipeline_CONV_CORE_MAC_LOOP|  return value|
|grp_fu_7001_p_dout0                                                                           |   in|   16|  ap_ctrl_hs|                        Universal_Engine_Kernel<16, half>_Pipeline_CONV_CORE_MAC_LOOP|  return value|
|grp_fu_7001_p_ce                                                                              |  out|    1|  ap_ctrl_hs|                        Universal_Engine_Kernel<16, half>_Pipeline_CONV_CORE_MAC_LOOP|  return value|
|grp_fu_7005_p_din0                                                                            |  out|   16|  ap_ctrl_hs|                        Universal_Engine_Kernel<16, half>_Pipeline_CONV_CORE_MAC_LOOP|  return value|
|grp_fu_7005_p_din1                                                                            |  out|   16|  ap_ctrl_hs|                        Universal_Engine_Kernel<16, half>_Pipeline_CONV_CORE_MAC_LOOP|  return value|
|grp_fu_7005_p_dout0                                                                           |   in|   16|  ap_ctrl_hs|                        Universal_Engine_Kernel<16, half>_Pipeline_CONV_CORE_MAC_LOOP|  return value|
|grp_fu_7005_p_ce                                                                              |  out|    1|  ap_ctrl_hs|                        Universal_Engine_Kernel<16, half>_Pipeline_CONV_CORE_MAC_LOOP|  return value|
|grp_fu_7009_p_din0                                                                            |  out|   16|  ap_ctrl_hs|                        Universal_Engine_Kernel<16, half>_Pipeline_CONV_CORE_MAC_LOOP|  return value|
|grp_fu_7009_p_din1                                                                            |  out|   16|  ap_ctrl_hs|                        Universal_Engine_Kernel<16, half>_Pipeline_CONV_CORE_MAC_LOOP|  return value|
|grp_fu_7009_p_dout0                                                                           |   in|   16|  ap_ctrl_hs|                        Universal_Engine_Kernel<16, half>_Pipeline_CONV_CORE_MAC_LOOP|  return value|
|grp_fu_7009_p_ce                                                                              |  out|    1|  ap_ctrl_hs|                        Universal_Engine_Kernel<16, half>_Pipeline_CONV_CORE_MAC_LOOP|  return value|
|grp_fu_7013_p_din0                                                                            |  out|   16|  ap_ctrl_hs|                        Universal_Engine_Kernel<16, half>_Pipeline_CONV_CORE_MAC_LOOP|  return value|
|grp_fu_7013_p_din1                                                                            |  out|   16|  ap_ctrl_hs|                        Universal_Engine_Kernel<16, half>_Pipeline_CONV_CORE_MAC_LOOP|  return value|
|grp_fu_7013_p_dout0                                                                           |   in|   16|  ap_ctrl_hs|                        Universal_Engine_Kernel<16, half>_Pipeline_CONV_CORE_MAC_LOOP|  return value|
|grp_fu_7013_p_ce                                                                              |  out|    1|  ap_ctrl_hs|                        Universal_Engine_Kernel<16, half>_Pipeline_CONV_CORE_MAC_LOOP|  return value|
|grp_fu_7017_p_din0                                                                            |  out|   16|  ap_ctrl_hs|                        Universal_Engine_Kernel<16, half>_Pipeline_CONV_CORE_MAC_LOOP|  return value|
|grp_fu_7017_p_din1                                                                            |  out|   16|  ap_ctrl_hs|                        Universal_Engine_Kernel<16, half>_Pipeline_CONV_CORE_MAC_LOOP|  return value|
|grp_fu_7017_p_dout0                                                                           |   in|   16|  ap_ctrl_hs|                        Universal_Engine_Kernel<16, half>_Pipeline_CONV_CORE_MAC_LOOP|  return value|
|grp_fu_7017_p_ce                                                                              |  out|    1|  ap_ctrl_hs|                        Universal_Engine_Kernel<16, half>_Pipeline_CONV_CORE_MAC_LOOP|  return value|
|grp_fu_7021_p_din0                                                                            |  out|   16|  ap_ctrl_hs|                        Universal_Engine_Kernel<16, half>_Pipeline_CONV_CORE_MAC_LOOP|  return value|
|grp_fu_7021_p_din1                                                                            |  out|   16|  ap_ctrl_hs|                        Universal_Engine_Kernel<16, half>_Pipeline_CONV_CORE_MAC_LOOP|  return value|
|grp_fu_7021_p_dout0                                                                           |   in|   16|  ap_ctrl_hs|                        Universal_Engine_Kernel<16, half>_Pipeline_CONV_CORE_MAC_LOOP|  return value|
|grp_fu_7021_p_ce                                                                              |  out|    1|  ap_ctrl_hs|                        Universal_Engine_Kernel<16, half>_Pipeline_CONV_CORE_MAC_LOOP|  return value|
|grp_fu_7025_p_din0                                                                            |  out|   16|  ap_ctrl_hs|                        Universal_Engine_Kernel<16, half>_Pipeline_CONV_CORE_MAC_LOOP|  return value|
|grp_fu_7025_p_din1                                                                            |  out|   16|  ap_ctrl_hs|                        Universal_Engine_Kernel<16, half>_Pipeline_CONV_CORE_MAC_LOOP|  return value|
|grp_fu_7025_p_dout0                                                                           |   in|   16|  ap_ctrl_hs|                        Universal_Engine_Kernel<16, half>_Pipeline_CONV_CORE_MAC_LOOP|  return value|
|grp_fu_7025_p_ce                                                                              |  out|    1|  ap_ctrl_hs|                        Universal_Engine_Kernel<16, half>_Pipeline_CONV_CORE_MAC_LOOP|  return value|
|grp_fu_7029_p_din0                                                                            |  out|   16|  ap_ctrl_hs|                        Universal_Engine_Kernel<16, half>_Pipeline_CONV_CORE_MAC_LOOP|  return value|
|grp_fu_7029_p_din1                                                                            |  out|   16|  ap_ctrl_hs|                        Universal_Engine_Kernel<16, half>_Pipeline_CONV_CORE_MAC_LOOP|  return value|
|grp_fu_7029_p_dout0                                                                           |   in|   16|  ap_ctrl_hs|                        Universal_Engine_Kernel<16, half>_Pipeline_CONV_CORE_MAC_LOOP|  return value|
|grp_fu_7029_p_ce                                                                              |  out|    1|  ap_ctrl_hs|                        Universal_Engine_Kernel<16, half>_Pipeline_CONV_CORE_MAC_LOOP|  return value|
|grp_fu_7033_p_din0                                                                            |  out|   16|  ap_ctrl_hs|                        Universal_Engine_Kernel<16, half>_Pipeline_CONV_CORE_MAC_LOOP|  return value|
|grp_fu_7033_p_din1                                                                            |  out|   16|  ap_ctrl_hs|                        Universal_Engine_Kernel<16, half>_Pipeline_CONV_CORE_MAC_LOOP|  return value|
|grp_fu_7033_p_dout0                                                                           |   in|   16|  ap_ctrl_hs|                        Universal_Engine_Kernel<16, half>_Pipeline_CONV_CORE_MAC_LOOP|  return value|
|grp_fu_7033_p_ce                                                                              |  out|    1|  ap_ctrl_hs|                        Universal_Engine_Kernel<16, half>_Pipeline_CONV_CORE_MAC_LOOP|  return value|
|grp_fu_7037_p_din0                                                                            |  out|   16|  ap_ctrl_hs|                        Universal_Engine_Kernel<16, half>_Pipeline_CONV_CORE_MAC_LOOP|  return value|
|grp_fu_7037_p_din1                                                                            |  out|   16|  ap_ctrl_hs|                        Universal_Engine_Kernel<16, half>_Pipeline_CONV_CORE_MAC_LOOP|  return value|
|grp_fu_7037_p_dout0                                                                           |   in|   16|  ap_ctrl_hs|                        Universal_Engine_Kernel<16, half>_Pipeline_CONV_CORE_MAC_LOOP|  return value|
|grp_fu_7037_p_ce                                                                              |  out|    1|  ap_ctrl_hs|                        Universal_Engine_Kernel<16, half>_Pipeline_CONV_CORE_MAC_LOOP|  return value|
|grp_fu_7041_p_din0                                                                            |  out|   16|  ap_ctrl_hs|                        Universal_Engine_Kernel<16, half>_Pipeline_CONV_CORE_MAC_LOOP|  return value|
|grp_fu_7041_p_din1                                                                            |  out|   16|  ap_ctrl_hs|                        Universal_Engine_Kernel<16, half>_Pipeline_CONV_CORE_MAC_LOOP|  return value|
|grp_fu_7041_p_dout0                                                                           |   in|   16|  ap_ctrl_hs|                        Universal_Engine_Kernel<16, half>_Pipeline_CONV_CORE_MAC_LOOP|  return value|
|grp_fu_7041_p_ce                                                                              |  out|    1|  ap_ctrl_hs|                        Universal_Engine_Kernel<16, half>_Pipeline_CONV_CORE_MAC_LOOP|  return value|
|grp_fu_7045_p_din0                                                                            |  out|   16|  ap_ctrl_hs|                        Universal_Engine_Kernel<16, half>_Pipeline_CONV_CORE_MAC_LOOP|  return value|
|grp_fu_7045_p_din1                                                                            |  out|   16|  ap_ctrl_hs|                        Universal_Engine_Kernel<16, half>_Pipeline_CONV_CORE_MAC_LOOP|  return value|
|grp_fu_7045_p_dout0                                                                           |   in|   16|  ap_ctrl_hs|                        Universal_Engine_Kernel<16, half>_Pipeline_CONV_CORE_MAC_LOOP|  return value|
|grp_fu_7045_p_ce                                                                              |  out|    1|  ap_ctrl_hs|                        Universal_Engine_Kernel<16, half>_Pipeline_CONV_CORE_MAC_LOOP|  return value|
|grp_fu_7049_p_din0                                                                            |  out|   16|  ap_ctrl_hs|                        Universal_Engine_Kernel<16, half>_Pipeline_CONV_CORE_MAC_LOOP|  return value|
|grp_fu_7049_p_din1                                                                            |  out|   16|  ap_ctrl_hs|                        Universal_Engine_Kernel<16, half>_Pipeline_CONV_CORE_MAC_LOOP|  return value|
|grp_fu_7049_p_dout0                                                                           |   in|   16|  ap_ctrl_hs|                        Universal_Engine_Kernel<16, half>_Pipeline_CONV_CORE_MAC_LOOP|  return value|
|grp_fu_7049_p_ce                                                                              |  out|    1|  ap_ctrl_hs|                        Universal_Engine_Kernel<16, half>_Pipeline_CONV_CORE_MAC_LOOP|  return value|
|grp_fu_7053_p_din0                                                                            |  out|   16|  ap_ctrl_hs|                        Universal_Engine_Kernel<16, half>_Pipeline_CONV_CORE_MAC_LOOP|  return value|
|grp_fu_7053_p_din1                                                                            |  out|   16|  ap_ctrl_hs|                        Universal_Engine_Kernel<16, half>_Pipeline_CONV_CORE_MAC_LOOP|  return value|
|grp_fu_7053_p_dout0                                                                           |   in|   16|  ap_ctrl_hs|                        Universal_Engine_Kernel<16, half>_Pipeline_CONV_CORE_MAC_LOOP|  return value|
|grp_fu_7053_p_ce                                                                              |  out|    1|  ap_ctrl_hs|                        Universal_Engine_Kernel<16, half>_Pipeline_CONV_CORE_MAC_LOOP|  return value|
|grp_fu_7057_p_din0                                                                            |  out|   16|  ap_ctrl_hs|                        Universal_Engine_Kernel<16, half>_Pipeline_CONV_CORE_MAC_LOOP|  return value|
|grp_fu_7057_p_din1                                                                            |  out|   16|  ap_ctrl_hs|                        Universal_Engine_Kernel<16, half>_Pipeline_CONV_CORE_MAC_LOOP|  return value|
|grp_fu_7057_p_dout0                                                                           |   in|   16|  ap_ctrl_hs|                        Universal_Engine_Kernel<16, half>_Pipeline_CONV_CORE_MAC_LOOP|  return value|
|grp_fu_7057_p_ce                                                                              |  out|    1|  ap_ctrl_hs|                        Universal_Engine_Kernel<16, half>_Pipeline_CONV_CORE_MAC_LOOP|  return value|
|grp_fu_7061_p_din0                                                                            |  out|   16|  ap_ctrl_hs|                        Universal_Engine_Kernel<16, half>_Pipeline_CONV_CORE_MAC_LOOP|  return value|
|grp_fu_7061_p_din1                                                                            |  out|   16|  ap_ctrl_hs|                        Universal_Engine_Kernel<16, half>_Pipeline_CONV_CORE_MAC_LOOP|  return value|
|grp_fu_7061_p_dout0                                                                           |   in|   16|  ap_ctrl_hs|                        Universal_Engine_Kernel<16, half>_Pipeline_CONV_CORE_MAC_LOOP|  return value|
|grp_fu_7061_p_ce                                                                              |  out|    1|  ap_ctrl_hs|                        Universal_Engine_Kernel<16, half>_Pipeline_CONV_CORE_MAC_LOOP|  return value|
|grp_fu_7065_p_din0                                                                            |  out|   16|  ap_ctrl_hs|                        Universal_Engine_Kernel<16, half>_Pipeline_CONV_CORE_MAC_LOOP|  return value|
|grp_fu_7065_p_din1                                                                            |  out|   16|  ap_ctrl_hs|                        Universal_Engine_Kernel<16, half>_Pipeline_CONV_CORE_MAC_LOOP|  return value|
|grp_fu_7065_p_dout0                                                                           |   in|   16|  ap_ctrl_hs|                        Universal_Engine_Kernel<16, half>_Pipeline_CONV_CORE_MAC_LOOP|  return value|
|grp_fu_7065_p_ce                                                                              |  out|    1|  ap_ctrl_hs|                        Universal_Engine_Kernel<16, half>_Pipeline_CONV_CORE_MAC_LOOP|  return value|
|grp_fu_7069_p_din0                                                                            |  out|   16|  ap_ctrl_hs|                        Universal_Engine_Kernel<16, half>_Pipeline_CONV_CORE_MAC_LOOP|  return value|
|grp_fu_7069_p_din1                                                                            |  out|   16|  ap_ctrl_hs|                        Universal_Engine_Kernel<16, half>_Pipeline_CONV_CORE_MAC_LOOP|  return value|
|grp_fu_7069_p_dout0                                                                           |   in|   16|  ap_ctrl_hs|                        Universal_Engine_Kernel<16, half>_Pipeline_CONV_CORE_MAC_LOOP|  return value|
|grp_fu_7069_p_ce                                                                              |  out|    1|  ap_ctrl_hs|                        Universal_Engine_Kernel<16, half>_Pipeline_CONV_CORE_MAC_LOOP|  return value|
|grp_fu_7073_p_din0                                                                            |  out|   16|  ap_ctrl_hs|                        Universal_Engine_Kernel<16, half>_Pipeline_CONV_CORE_MAC_LOOP|  return value|
|grp_fu_7073_p_din1                                                                            |  out|   16|  ap_ctrl_hs|                        Universal_Engine_Kernel<16, half>_Pipeline_CONV_CORE_MAC_LOOP|  return value|
|grp_fu_7073_p_dout0                                                                           |   in|   16|  ap_ctrl_hs|                        Universal_Engine_Kernel<16, half>_Pipeline_CONV_CORE_MAC_LOOP|  return value|
|grp_fu_7073_p_ce                                                                              |  out|    1|  ap_ctrl_hs|                        Universal_Engine_Kernel<16, half>_Pipeline_CONV_CORE_MAC_LOOP|  return value|
|grp_fu_7077_p_din0                                                                            |  out|   16|  ap_ctrl_hs|                        Universal_Engine_Kernel<16, half>_Pipeline_CONV_CORE_MAC_LOOP|  return value|
|grp_fu_7077_p_din1                                                                            |  out|   16|  ap_ctrl_hs|                        Universal_Engine_Kernel<16, half>_Pipeline_CONV_CORE_MAC_LOOP|  return value|
|grp_fu_7077_p_dout0                                                                           |   in|   16|  ap_ctrl_hs|                        Universal_Engine_Kernel<16, half>_Pipeline_CONV_CORE_MAC_LOOP|  return value|
|grp_fu_7077_p_ce                                                                              |  out|    1|  ap_ctrl_hs|                        Universal_Engine_Kernel<16, half>_Pipeline_CONV_CORE_MAC_LOOP|  return value|
|grp_fu_7081_p_din0                                                                            |  out|   16|  ap_ctrl_hs|                        Universal_Engine_Kernel<16, half>_Pipeline_CONV_CORE_MAC_LOOP|  return value|
|grp_fu_7081_p_din1                                                                            |  out|   16|  ap_ctrl_hs|                        Universal_Engine_Kernel<16, half>_Pipeline_CONV_CORE_MAC_LOOP|  return value|
|grp_fu_7081_p_dout0                                                                           |   in|   16|  ap_ctrl_hs|                        Universal_Engine_Kernel<16, half>_Pipeline_CONV_CORE_MAC_LOOP|  return value|
|grp_fu_7081_p_ce                                                                              |  out|    1|  ap_ctrl_hs|                        Universal_Engine_Kernel<16, half>_Pipeline_CONV_CORE_MAC_LOOP|  return value|
|grp_fu_7085_p_din0                                                                            |  out|   16|  ap_ctrl_hs|                        Universal_Engine_Kernel<16, half>_Pipeline_CONV_CORE_MAC_LOOP|  return value|
|grp_fu_7085_p_din1                                                                            |  out|   16|  ap_ctrl_hs|                        Universal_Engine_Kernel<16, half>_Pipeline_CONV_CORE_MAC_LOOP|  return value|
|grp_fu_7085_p_dout0                                                                           |   in|   16|  ap_ctrl_hs|                        Universal_Engine_Kernel<16, half>_Pipeline_CONV_CORE_MAC_LOOP|  return value|
|grp_fu_7085_p_ce                                                                              |  out|    1|  ap_ctrl_hs|                        Universal_Engine_Kernel<16, half>_Pipeline_CONV_CORE_MAC_LOOP|  return value|
|grp_fu_7089_p_din0                                                                            |  out|   16|  ap_ctrl_hs|                        Universal_Engine_Kernel<16, half>_Pipeline_CONV_CORE_MAC_LOOP|  return value|
|grp_fu_7089_p_din1                                                                            |  out|   16|  ap_ctrl_hs|                        Universal_Engine_Kernel<16, half>_Pipeline_CONV_CORE_MAC_LOOP|  return value|
|grp_fu_7089_p_dout0                                                                           |   in|   16|  ap_ctrl_hs|                        Universal_Engine_Kernel<16, half>_Pipeline_CONV_CORE_MAC_LOOP|  return value|
|grp_fu_7089_p_ce                                                                              |  out|    1|  ap_ctrl_hs|                        Universal_Engine_Kernel<16, half>_Pipeline_CONV_CORE_MAC_LOOP|  return value|
|grp_fu_7093_p_din0                                                                            |  out|   16|  ap_ctrl_hs|                        Universal_Engine_Kernel<16, half>_Pipeline_CONV_CORE_MAC_LOOP|  return value|
|grp_fu_7093_p_din1                                                                            |  out|   16|  ap_ctrl_hs|                        Universal_Engine_Kernel<16, half>_Pipeline_CONV_CORE_MAC_LOOP|  return value|
|grp_fu_7093_p_dout0                                                                           |   in|   16|  ap_ctrl_hs|                        Universal_Engine_Kernel<16, half>_Pipeline_CONV_CORE_MAC_LOOP|  return value|
|grp_fu_7093_p_ce                                                                              |  out|    1|  ap_ctrl_hs|                        Universal_Engine_Kernel<16, half>_Pipeline_CONV_CORE_MAC_LOOP|  return value|
|grp_fu_7097_p_din0                                                                            |  out|   16|  ap_ctrl_hs|                        Universal_Engine_Kernel<16, half>_Pipeline_CONV_CORE_MAC_LOOP|  return value|
|grp_fu_7097_p_din1                                                                            |  out|   16|  ap_ctrl_hs|                        Universal_Engine_Kernel<16, half>_Pipeline_CONV_CORE_MAC_LOOP|  return value|
|grp_fu_7097_p_dout0                                                                           |   in|   16|  ap_ctrl_hs|                        Universal_Engine_Kernel<16, half>_Pipeline_CONV_CORE_MAC_LOOP|  return value|
|grp_fu_7097_p_ce                                                                              |  out|    1|  ap_ctrl_hs|                        Universal_Engine_Kernel<16, half>_Pipeline_CONV_CORE_MAC_LOOP|  return value|
|grp_fu_7101_p_din0                                                                            |  out|   16|  ap_ctrl_hs|                        Universal_Engine_Kernel<16, half>_Pipeline_CONV_CORE_MAC_LOOP|  return value|
|grp_fu_7101_p_din1                                                                            |  out|   16|  ap_ctrl_hs|                        Universal_Engine_Kernel<16, half>_Pipeline_CONV_CORE_MAC_LOOP|  return value|
|grp_fu_7101_p_dout0                                                                           |   in|   16|  ap_ctrl_hs|                        Universal_Engine_Kernel<16, half>_Pipeline_CONV_CORE_MAC_LOOP|  return value|
|grp_fu_7101_p_ce                                                                              |  out|    1|  ap_ctrl_hs|                        Universal_Engine_Kernel<16, half>_Pipeline_CONV_CORE_MAC_LOOP|  return value|
|grp_fu_7169_p_din0                                                                            |  out|   16|  ap_ctrl_hs|                        Universal_Engine_Kernel<16, half>_Pipeline_CONV_CORE_MAC_LOOP|  return value|
|grp_fu_7169_p_din1                                                                            |  out|   16|  ap_ctrl_hs|                        Universal_Engine_Kernel<16, half>_Pipeline_CONV_CORE_MAC_LOOP|  return value|
|grp_fu_7169_p_dout0                                                                           |   in|   16|  ap_ctrl_hs|                        Universal_Engine_Kernel<16, half>_Pipeline_CONV_CORE_MAC_LOOP|  return value|
|grp_fu_7169_p_ce                                                                              |  out|    1|  ap_ctrl_hs|                        Universal_Engine_Kernel<16, half>_Pipeline_CONV_CORE_MAC_LOOP|  return value|
|grp_fu_7173_p_din0                                                                            |  out|   16|  ap_ctrl_hs|                        Universal_Engine_Kernel<16, half>_Pipeline_CONV_CORE_MAC_LOOP|  return value|
|grp_fu_7173_p_din1                                                                            |  out|   16|  ap_ctrl_hs|                        Universal_Engine_Kernel<16, half>_Pipeline_CONV_CORE_MAC_LOOP|  return value|
|grp_fu_7173_p_dout0                                                                           |   in|   16|  ap_ctrl_hs|                        Universal_Engine_Kernel<16, half>_Pipeline_CONV_CORE_MAC_LOOP|  return value|
|grp_fu_7173_p_ce                                                                              |  out|    1|  ap_ctrl_hs|                        Universal_Engine_Kernel<16, half>_Pipeline_CONV_CORE_MAC_LOOP|  return value|
|grp_fu_7177_p_din0                                                                            |  out|   16|  ap_ctrl_hs|                        Universal_Engine_Kernel<16, half>_Pipeline_CONV_CORE_MAC_LOOP|  return value|
|grp_fu_7177_p_din1                                                                            |  out|   16|  ap_ctrl_hs|                        Universal_Engine_Kernel<16, half>_Pipeline_CONV_CORE_MAC_LOOP|  return value|
|grp_fu_7177_p_dout0                                                                           |   in|   16|  ap_ctrl_hs|                        Universal_Engine_Kernel<16, half>_Pipeline_CONV_CORE_MAC_LOOP|  return value|
|grp_fu_7177_p_ce                                                                              |  out|    1|  ap_ctrl_hs|                        Universal_Engine_Kernel<16, half>_Pipeline_CONV_CORE_MAC_LOOP|  return value|
|grp_fu_7181_p_din0                                                                            |  out|   16|  ap_ctrl_hs|                        Universal_Engine_Kernel<16, half>_Pipeline_CONV_CORE_MAC_LOOP|  return value|
|grp_fu_7181_p_din1                                                                            |  out|   16|  ap_ctrl_hs|                        Universal_Engine_Kernel<16, half>_Pipeline_CONV_CORE_MAC_LOOP|  return value|
|grp_fu_7181_p_dout0                                                                           |   in|   16|  ap_ctrl_hs|                        Universal_Engine_Kernel<16, half>_Pipeline_CONV_CORE_MAC_LOOP|  return value|
|grp_fu_7181_p_ce                                                                              |  out|    1|  ap_ctrl_hs|                        Universal_Engine_Kernel<16, half>_Pipeline_CONV_CORE_MAC_LOOP|  return value|
|grp_fu_7185_p_din0                                                                            |  out|   16|  ap_ctrl_hs|                        Universal_Engine_Kernel<16, half>_Pipeline_CONV_CORE_MAC_LOOP|  return value|
|grp_fu_7185_p_din1                                                                            |  out|   16|  ap_ctrl_hs|                        Universal_Engine_Kernel<16, half>_Pipeline_CONV_CORE_MAC_LOOP|  return value|
|grp_fu_7185_p_dout0                                                                           |   in|   16|  ap_ctrl_hs|                        Universal_Engine_Kernel<16, half>_Pipeline_CONV_CORE_MAC_LOOP|  return value|
|grp_fu_7185_p_ce                                                                              |  out|    1|  ap_ctrl_hs|                        Universal_Engine_Kernel<16, half>_Pipeline_CONV_CORE_MAC_LOOP|  return value|
|grp_fu_7189_p_din0                                                                            |  out|   16|  ap_ctrl_hs|                        Universal_Engine_Kernel<16, half>_Pipeline_CONV_CORE_MAC_LOOP|  return value|
|grp_fu_7189_p_din1                                                                            |  out|   16|  ap_ctrl_hs|                        Universal_Engine_Kernel<16, half>_Pipeline_CONV_CORE_MAC_LOOP|  return value|
|grp_fu_7189_p_dout0                                                                           |   in|   16|  ap_ctrl_hs|                        Universal_Engine_Kernel<16, half>_Pipeline_CONV_CORE_MAC_LOOP|  return value|
|grp_fu_7189_p_ce                                                                              |  out|    1|  ap_ctrl_hs|                        Universal_Engine_Kernel<16, half>_Pipeline_CONV_CORE_MAC_LOOP|  return value|
|grp_fu_7193_p_din0                                                                            |  out|   16|  ap_ctrl_hs|                        Universal_Engine_Kernel<16, half>_Pipeline_CONV_CORE_MAC_LOOP|  return value|
|grp_fu_7193_p_din1                                                                            |  out|   16|  ap_ctrl_hs|                        Universal_Engine_Kernel<16, half>_Pipeline_CONV_CORE_MAC_LOOP|  return value|
|grp_fu_7193_p_dout0                                                                           |   in|   16|  ap_ctrl_hs|                        Universal_Engine_Kernel<16, half>_Pipeline_CONV_CORE_MAC_LOOP|  return value|
|grp_fu_7193_p_ce                                                                              |  out|    1|  ap_ctrl_hs|                        Universal_Engine_Kernel<16, half>_Pipeline_CONV_CORE_MAC_LOOP|  return value|
|grp_fu_7197_p_din0                                                                            |  out|   16|  ap_ctrl_hs|                        Universal_Engine_Kernel<16, half>_Pipeline_CONV_CORE_MAC_LOOP|  return value|
|grp_fu_7197_p_din1                                                                            |  out|   16|  ap_ctrl_hs|                        Universal_Engine_Kernel<16, half>_Pipeline_CONV_CORE_MAC_LOOP|  return value|
|grp_fu_7197_p_dout0                                                                           |   in|   16|  ap_ctrl_hs|                        Universal_Engine_Kernel<16, half>_Pipeline_CONV_CORE_MAC_LOOP|  return value|
|grp_fu_7197_p_ce                                                                              |  out|    1|  ap_ctrl_hs|                        Universal_Engine_Kernel<16, half>_Pipeline_CONV_CORE_MAC_LOOP|  return value|
|grp_fu_7201_p_din0                                                                            |  out|   16|  ap_ctrl_hs|                        Universal_Engine_Kernel<16, half>_Pipeline_CONV_CORE_MAC_LOOP|  return value|
|grp_fu_7201_p_din1                                                                            |  out|   16|  ap_ctrl_hs|                        Universal_Engine_Kernel<16, half>_Pipeline_CONV_CORE_MAC_LOOP|  return value|
|grp_fu_7201_p_dout0                                                                           |   in|   16|  ap_ctrl_hs|                        Universal_Engine_Kernel<16, half>_Pipeline_CONV_CORE_MAC_LOOP|  return value|
|grp_fu_7201_p_ce                                                                              |  out|    1|  ap_ctrl_hs|                        Universal_Engine_Kernel<16, half>_Pipeline_CONV_CORE_MAC_LOOP|  return value|
|grp_fu_7205_p_din0                                                                            |  out|   16|  ap_ctrl_hs|                        Universal_Engine_Kernel<16, half>_Pipeline_CONV_CORE_MAC_LOOP|  return value|
|grp_fu_7205_p_din1                                                                            |  out|   16|  ap_ctrl_hs|                        Universal_Engine_Kernel<16, half>_Pipeline_CONV_CORE_MAC_LOOP|  return value|
|grp_fu_7205_p_dout0                                                                           |   in|   16|  ap_ctrl_hs|                        Universal_Engine_Kernel<16, half>_Pipeline_CONV_CORE_MAC_LOOP|  return value|
|grp_fu_7205_p_ce                                                                              |  out|    1|  ap_ctrl_hs|                        Universal_Engine_Kernel<16, half>_Pipeline_CONV_CORE_MAC_LOOP|  return value|
|grp_fu_7209_p_din0                                                                            |  out|   16|  ap_ctrl_hs|                        Universal_Engine_Kernel<16, half>_Pipeline_CONV_CORE_MAC_LOOP|  return value|
|grp_fu_7209_p_din1                                                                            |  out|   16|  ap_ctrl_hs|                        Universal_Engine_Kernel<16, half>_Pipeline_CONV_CORE_MAC_LOOP|  return value|
|grp_fu_7209_p_dout0                                                                           |   in|   16|  ap_ctrl_hs|                        Universal_Engine_Kernel<16, half>_Pipeline_CONV_CORE_MAC_LOOP|  return value|
|grp_fu_7209_p_ce                                                                              |  out|    1|  ap_ctrl_hs|                        Universal_Engine_Kernel<16, half>_Pipeline_CONV_CORE_MAC_LOOP|  return value|
|grp_fu_7213_p_din0                                                                            |  out|   16|  ap_ctrl_hs|                        Universal_Engine_Kernel<16, half>_Pipeline_CONV_CORE_MAC_LOOP|  return value|
|grp_fu_7213_p_din1                                                                            |  out|   16|  ap_ctrl_hs|                        Universal_Engine_Kernel<16, half>_Pipeline_CONV_CORE_MAC_LOOP|  return value|
|grp_fu_7213_p_dout0                                                                           |   in|   16|  ap_ctrl_hs|                        Universal_Engine_Kernel<16, half>_Pipeline_CONV_CORE_MAC_LOOP|  return value|
|grp_fu_7213_p_ce                                                                              |  out|    1|  ap_ctrl_hs|                        Universal_Engine_Kernel<16, half>_Pipeline_CONV_CORE_MAC_LOOP|  return value|
|grp_fu_7217_p_din0                                                                            |  out|   16|  ap_ctrl_hs|                        Universal_Engine_Kernel<16, half>_Pipeline_CONV_CORE_MAC_LOOP|  return value|
|grp_fu_7217_p_din1                                                                            |  out|   16|  ap_ctrl_hs|                        Universal_Engine_Kernel<16, half>_Pipeline_CONV_CORE_MAC_LOOP|  return value|
|grp_fu_7217_p_dout0                                                                           |   in|   16|  ap_ctrl_hs|                        Universal_Engine_Kernel<16, half>_Pipeline_CONV_CORE_MAC_LOOP|  return value|
|grp_fu_7217_p_ce                                                                              |  out|    1|  ap_ctrl_hs|                        Universal_Engine_Kernel<16, half>_Pipeline_CONV_CORE_MAC_LOOP|  return value|
|grp_fu_7221_p_din0                                                                            |  out|   16|  ap_ctrl_hs|                        Universal_Engine_Kernel<16, half>_Pipeline_CONV_CORE_MAC_LOOP|  return value|
|grp_fu_7221_p_din1                                                                            |  out|   16|  ap_ctrl_hs|                        Universal_Engine_Kernel<16, half>_Pipeline_CONV_CORE_MAC_LOOP|  return value|
|grp_fu_7221_p_dout0                                                                           |   in|   16|  ap_ctrl_hs|                        Universal_Engine_Kernel<16, half>_Pipeline_CONV_CORE_MAC_LOOP|  return value|
|grp_fu_7221_p_ce                                                                              |  out|    1|  ap_ctrl_hs|                        Universal_Engine_Kernel<16, half>_Pipeline_CONV_CORE_MAC_LOOP|  return value|
|grp_fu_7225_p_din0                                                                            |  out|   16|  ap_ctrl_hs|                        Universal_Engine_Kernel<16, half>_Pipeline_CONV_CORE_MAC_LOOP|  return value|
|grp_fu_7225_p_din1                                                                            |  out|   16|  ap_ctrl_hs|                        Universal_Engine_Kernel<16, half>_Pipeline_CONV_CORE_MAC_LOOP|  return value|
|grp_fu_7225_p_dout0                                                                           |   in|   16|  ap_ctrl_hs|                        Universal_Engine_Kernel<16, half>_Pipeline_CONV_CORE_MAC_LOOP|  return value|
|grp_fu_7225_p_ce                                                                              |  out|    1|  ap_ctrl_hs|                        Universal_Engine_Kernel<16, half>_Pipeline_CONV_CORE_MAC_LOOP|  return value|
|grp_fu_7229_p_din0                                                                            |  out|   16|  ap_ctrl_hs|                        Universal_Engine_Kernel<16, half>_Pipeline_CONV_CORE_MAC_LOOP|  return value|
|grp_fu_7229_p_din1                                                                            |  out|   16|  ap_ctrl_hs|                        Universal_Engine_Kernel<16, half>_Pipeline_CONV_CORE_MAC_LOOP|  return value|
|grp_fu_7229_p_dout0                                                                           |   in|   16|  ap_ctrl_hs|                        Universal_Engine_Kernel<16, half>_Pipeline_CONV_CORE_MAC_LOOP|  return value|
|grp_fu_7229_p_ce                                                                              |  out|    1|  ap_ctrl_hs|                        Universal_Engine_Kernel<16, half>_Pipeline_CONV_CORE_MAC_LOOP|  return value|
|m_axi_gmem_wf_0_AWVALID                                                                       |  out|    1|       m_axi|                                                                              gmem_wf|       pointer|
|m_axi_gmem_wf_0_AWREADY                                                                       |   in|    1|       m_axi|                                                                              gmem_wf|       pointer|
|m_axi_gmem_wf_0_AWADDR                                                                        |  out|   64|       m_axi|                                                                              gmem_wf|       pointer|
|m_axi_gmem_wf_0_AWID                                                                          |  out|    1|       m_axi|                                                                              gmem_wf|       pointer|
|m_axi_gmem_wf_0_AWLEN                                                                         |  out|   32|       m_axi|                                                                              gmem_wf|       pointer|
|m_axi_gmem_wf_0_AWSIZE                                                                        |  out|    3|       m_axi|                                                                              gmem_wf|       pointer|
|m_axi_gmem_wf_0_AWBURST                                                                       |  out|    2|       m_axi|                                                                              gmem_wf|       pointer|
|m_axi_gmem_wf_0_AWLOCK                                                                        |  out|    2|       m_axi|                                                                              gmem_wf|       pointer|
|m_axi_gmem_wf_0_AWCACHE                                                                       |  out|    4|       m_axi|                                                                              gmem_wf|       pointer|
|m_axi_gmem_wf_0_AWPROT                                                                        |  out|    3|       m_axi|                                                                              gmem_wf|       pointer|
|m_axi_gmem_wf_0_AWQOS                                                                         |  out|    4|       m_axi|                                                                              gmem_wf|       pointer|
|m_axi_gmem_wf_0_AWREGION                                                                      |  out|    4|       m_axi|                                                                              gmem_wf|       pointer|
|m_axi_gmem_wf_0_AWUSER                                                                        |  out|    1|       m_axi|                                                                              gmem_wf|       pointer|
|m_axi_gmem_wf_0_WVALID                                                                        |  out|    1|       m_axi|                                                                              gmem_wf|       pointer|
|m_axi_gmem_wf_0_WREADY                                                                        |   in|    1|       m_axi|                                                                              gmem_wf|       pointer|
|m_axi_gmem_wf_0_WDATA                                                                         |  out|  256|       m_axi|                                                                              gmem_wf|       pointer|
|m_axi_gmem_wf_0_WSTRB                                                                         |  out|   32|       m_axi|                                                                              gmem_wf|       pointer|
|m_axi_gmem_wf_0_WLAST                                                                         |  out|    1|       m_axi|                                                                              gmem_wf|       pointer|
|m_axi_gmem_wf_0_WID                                                                           |  out|    1|       m_axi|                                                                              gmem_wf|       pointer|
|m_axi_gmem_wf_0_WUSER                                                                         |  out|    1|       m_axi|                                                                              gmem_wf|       pointer|
|m_axi_gmem_wf_0_ARVALID                                                                       |  out|    1|       m_axi|                                                                              gmem_wf|       pointer|
|m_axi_gmem_wf_0_ARREADY                                                                       |   in|    1|       m_axi|                                                                              gmem_wf|       pointer|
|m_axi_gmem_wf_0_ARADDR                                                                        |  out|   64|       m_axi|                                                                              gmem_wf|       pointer|
|m_axi_gmem_wf_0_ARID                                                                          |  out|    1|       m_axi|                                                                              gmem_wf|       pointer|
|m_axi_gmem_wf_0_ARLEN                                                                         |  out|   32|       m_axi|                                                                              gmem_wf|       pointer|
|m_axi_gmem_wf_0_ARSIZE                                                                        |  out|    3|       m_axi|                                                                              gmem_wf|       pointer|
|m_axi_gmem_wf_0_ARBURST                                                                       |  out|    2|       m_axi|                                                                              gmem_wf|       pointer|
|m_axi_gmem_wf_0_ARLOCK                                                                        |  out|    2|       m_axi|                                                                              gmem_wf|       pointer|
|m_axi_gmem_wf_0_ARCACHE                                                                       |  out|    4|       m_axi|                                                                              gmem_wf|       pointer|
|m_axi_gmem_wf_0_ARPROT                                                                        |  out|    3|       m_axi|                                                                              gmem_wf|       pointer|
|m_axi_gmem_wf_0_ARQOS                                                                         |  out|    4|       m_axi|                                                                              gmem_wf|       pointer|
|m_axi_gmem_wf_0_ARREGION                                                                      |  out|    4|       m_axi|                                                                              gmem_wf|       pointer|
|m_axi_gmem_wf_0_ARUSER                                                                        |  out|    1|       m_axi|                                                                              gmem_wf|       pointer|
|m_axi_gmem_wf_0_RVALID                                                                        |   in|    1|       m_axi|                                                                              gmem_wf|       pointer|
|m_axi_gmem_wf_0_RREADY                                                                        |  out|    1|       m_axi|                                                                              gmem_wf|       pointer|
|m_axi_gmem_wf_0_RDATA                                                                         |   in|  256|       m_axi|                                                                              gmem_wf|       pointer|
|m_axi_gmem_wf_0_RLAST                                                                         |   in|    1|       m_axi|                                                                              gmem_wf|       pointer|
|m_axi_gmem_wf_0_RID                                                                           |   in|    1|       m_axi|                                                                              gmem_wf|       pointer|
|m_axi_gmem_wf_0_RFIFONUM                                                                      |   in|   11|       m_axi|                                                                              gmem_wf|       pointer|
|m_axi_gmem_wf_0_RUSER                                                                         |   in|    1|       m_axi|                                                                              gmem_wf|       pointer|
|m_axi_gmem_wf_0_RRESP                                                                         |   in|    2|       m_axi|                                                                              gmem_wf|       pointer|
|m_axi_gmem_wf_0_BVALID                                                                        |   in|    1|       m_axi|                                                                              gmem_wf|       pointer|
|m_axi_gmem_wf_0_BREADY                                                                        |  out|    1|       m_axi|                                                                              gmem_wf|       pointer|
|m_axi_gmem_wf_0_BRESP                                                                         |   in|    2|       m_axi|                                                                              gmem_wf|       pointer|
|m_axi_gmem_wf_0_BID                                                                           |   in|    1|       m_axi|                                                                              gmem_wf|       pointer|
|m_axi_gmem_wf_0_BUSER                                                                         |   in|    1|       m_axi|                                                                              gmem_wf|       pointer|
|ping                                                                                          |   in|   32|     ap_none|                                                                                 ping|        scalar|
|bound137                                                                                      |   in|   11|     ap_none|                                                                             bound137|        scalar|
|empty_105                                                                                     |   in|    2|     ap_none|                                                                            empty_105|        scalar|
|w_buf_address0                                                                                |  out|    6|   ap_memory|                                                                                w_buf|         array|
|w_buf_ce0                                                                                     |  out|    1|   ap_memory|                                                                                w_buf|         array|
|w_buf_we0                                                                                     |  out|    1|   ap_memory|                                                                                w_buf|         array|
|w_buf_d0                                                                                      |  out|  256|   ap_memory|                                                                                w_buf|         array|
|w_buf_q0                                                                                      |   in|  256|   ap_memory|                                                                                w_buf|         array|
|w_buf_1_address0                                                                              |  out|    6|   ap_memory|                                                                              w_buf_1|         array|
|w_buf_1_ce0                                                                                   |  out|    1|   ap_memory|                                                                              w_buf_1|         array|
|w_buf_1_we0                                                                                   |  out|    1|   ap_memory|                                                                              w_buf_1|         array|
|w_buf_1_d0                                                                                    |  out|  256|   ap_memory|                                                                              w_buf_1|         array|
|w_buf_1_q0                                                                                    |   in|  256|   ap_memory|                                                                              w_buf_1|         array|
|select_ln127                                                                                  |   in|    9|     ap_none|                                                                         select_ln127|        scalar|
|empty_106                                                                                     |   in|   12|     ap_none|                                                                            empty_106|        scalar|
|empty                                                                                         |   in|   14|     ap_none|                                                                                empty|        scalar|
|cmp288                                                                                        |   in|    1|     ap_none|                                                                               cmp288|        scalar|
|select_ln252                                                                                  |   in|    9|     ap_none|                                                                         select_ln252|        scalar|
|idx1                                                                                          |   in|   24|     ap_none|                                                                                 idx1|        scalar|
|W_ptr                                                                                         |   in|   64|     ap_none|                                                                                W_ptr|        scalar|
|wide_trip_count                                                                               |   in|    5|     ap_none|                                                                      wide_trip_count|        scalar|
|psum_285_reload                                                                               |   in|   16|     ap_none|                                                                      psum_285_reload|        scalar|
|psum_284_reload                                                                               |   in|   16|     ap_none|                                                                      psum_284_reload|        scalar|
|psum_283_reload                                                                               |   in|   16|     ap_none|                                                                      psum_283_reload|        scalar|
|psum_282_reload                                                                               |   in|   16|     ap_none|                                                                      psum_282_reload|        scalar|
|psum_281_reload                                                                               |   in|   16|     ap_none|                                                                      psum_281_reload|        scalar|
|psum_280_reload                                                                               |   in|   16|     ap_none|                                                                      psum_280_reload|        scalar|
|psum_279_reload                                                                               |   in|   16|     ap_none|                                                                      psum_279_reload|        scalar|
|psum_286_reload                                                                               |   in|   16|     ap_none|                                                                      psum_286_reload|        scalar|
|psum_277_reload                                                                               |   in|   16|     ap_none|                                                                      psum_277_reload|        scalar|
|psum_276_reload                                                                               |   in|   16|     ap_none|                                                                      psum_276_reload|        scalar|
|psum_275_reload                                                                               |   in|   16|     ap_none|                                                                      psum_275_reload|        scalar|
|psum_274_reload                                                                               |   in|   16|     ap_none|                                                                      psum_274_reload|        scalar|
|psum_273_reload                                                                               |   in|   16|     ap_none|                                                                      psum_273_reload|        scalar|
|psum_272_reload                                                                               |   in|   16|     ap_none|                                                                      psum_272_reload|        scalar|
|psum_271_reload                                                                               |   in|   16|     ap_none|                                                                      psum_271_reload|        scalar|
|psum_278_reload                                                                               |   in|   16|     ap_none|                                                                      psum_278_reload|        scalar|
|psum_269_reload                                                                               |   in|   16|     ap_none|                                                                      psum_269_reload|        scalar|
|psum_268_reload                                                                               |   in|   16|     ap_none|                                                                      psum_268_reload|        scalar|
|psum_267_reload                                                                               |   in|   16|     ap_none|                                                                      psum_267_reload|        scalar|
|psum_266_reload                                                                               |   in|   16|     ap_none|                                                                      psum_266_reload|        scalar|
|psum_265_reload                                                                               |   in|   16|     ap_none|                                                                      psum_265_reload|        scalar|
|psum_264_reload                                                                               |   in|   16|     ap_none|                                                                      psum_264_reload|        scalar|
|psum_263_reload                                                                               |   in|   16|     ap_none|                                                                      psum_263_reload|        scalar|
|psum_270_reload                                                                               |   in|   16|     ap_none|                                                                      psum_270_reload|        scalar|
|psum_261_reload                                                                               |   in|   16|     ap_none|                                                                      psum_261_reload|        scalar|
|psum_260_reload                                                                               |   in|   16|     ap_none|                                                                      psum_260_reload|        scalar|
|psum_259_reload                                                                               |   in|   16|     ap_none|                                                                      psum_259_reload|        scalar|
|psum_258_reload                                                                               |   in|   16|     ap_none|                                                                      psum_258_reload|        scalar|
|psum_257_reload                                                                               |   in|   16|     ap_none|                                                                      psum_257_reload|        scalar|
|psum_256_reload                                                                               |   in|   16|     ap_none|                                                                      psum_256_reload|        scalar|
|psum_255_reload                                                                               |   in|   16|     ap_none|                                                                      psum_255_reload|        scalar|
|psum_262_reload                                                                               |   in|   16|     ap_none|                                                                      psum_262_reload|        scalar|
|psum_253_reload                                                                               |   in|   16|     ap_none|                                                                      psum_253_reload|        scalar|
|psum_252_reload                                                                               |   in|   16|     ap_none|                                                                      psum_252_reload|        scalar|
|psum_251_reload                                                                               |   in|   16|     ap_none|                                                                      psum_251_reload|        scalar|
|psum_250_reload                                                                               |   in|   16|     ap_none|                                                                      psum_250_reload|        scalar|
|psum_249_reload                                                                               |   in|   16|     ap_none|                                                                      psum_249_reload|        scalar|
|psum_248_reload                                                                               |   in|   16|     ap_none|                                                                      psum_248_reload|        scalar|
|psum_247_reload                                                                               |   in|   16|     ap_none|                                                                      psum_247_reload|        scalar|
|psum_254_reload                                                                               |   in|   16|     ap_none|                                                                      psum_254_reload|        scalar|
|psum_245_reload                                                                               |   in|   16|     ap_none|                                                                      psum_245_reload|        scalar|
|psum_244_reload                                                                               |   in|   16|     ap_none|                                                                      psum_244_reload|        scalar|
|psum_243_reload                                                                               |   in|   16|     ap_none|                                                                      psum_243_reload|        scalar|
|psum_242_reload                                                                               |   in|   16|     ap_none|                                                                      psum_242_reload|        scalar|
|psum_241_reload                                                                               |   in|   16|     ap_none|                                                                      psum_241_reload|        scalar|
|psum_240_reload                                                                               |   in|   16|     ap_none|                                                                      psum_240_reload|        scalar|
|psum_239_reload                                                                               |   in|   16|     ap_none|                                                                      psum_239_reload|        scalar|
|psum_246_reload                                                                               |   in|   16|     ap_none|                                                                      psum_246_reload|        scalar|
|psum_237_reload                                                                               |   in|   16|     ap_none|                                                                      psum_237_reload|        scalar|
|psum_236_reload                                                                               |   in|   16|     ap_none|                                                                      psum_236_reload|        scalar|
|psum_235_reload                                                                               |   in|   16|     ap_none|                                                                      psum_235_reload|        scalar|
|psum_234_reload                                                                               |   in|   16|     ap_none|                                                                      psum_234_reload|        scalar|
|psum_233_reload                                                                               |   in|   16|     ap_none|                                                                      psum_233_reload|        scalar|
|psum_232_reload                                                                               |   in|   16|     ap_none|                                                                      psum_232_reload|        scalar|
|psum_231_reload                                                                               |   in|   16|     ap_none|                                                                      psum_231_reload|        scalar|
|psum_238_reload                                                                               |   in|   16|     ap_none|                                                                      psum_238_reload|        scalar|
|psum_229_reload                                                                               |   in|   16|     ap_none|                                                                      psum_229_reload|        scalar|
|psum_228_reload                                                                               |   in|   16|     ap_none|                                                                      psum_228_reload|        scalar|
|psum_227_reload                                                                               |   in|   16|     ap_none|                                                                      psum_227_reload|        scalar|
|psum_226_reload                                                                               |   in|   16|     ap_none|                                                                      psum_226_reload|        scalar|
|psum_225_reload                                                                               |   in|   16|     ap_none|                                                                      psum_225_reload|        scalar|
|psum_224_reload                                                                               |   in|   16|     ap_none|                                                                      psum_224_reload|        scalar|
|psum_223_reload                                                                               |   in|   16|     ap_none|                                                                      psum_223_reload|        scalar|
|psum_230_reload                                                                               |   in|   16|     ap_none|                                                                      psum_230_reload|        scalar|
|psum_221_reload                                                                               |   in|   16|     ap_none|                                                                      psum_221_reload|        scalar|
|psum_220_reload                                                                               |   in|   16|     ap_none|                                                                      psum_220_reload|        scalar|
|psum_219_reload                                                                               |   in|   16|     ap_none|                                                                      psum_219_reload|        scalar|
|psum_218_reload                                                                               |   in|   16|     ap_none|                                                                      psum_218_reload|        scalar|
|psum_217_reload                                                                               |   in|   16|     ap_none|                                                                      psum_217_reload|        scalar|
|psum_216_reload                                                                               |   in|   16|     ap_none|                                                                      psum_216_reload|        scalar|
|psum_215_reload                                                                               |   in|   16|     ap_none|                                                                      psum_215_reload|        scalar|
|psum_222_reload                                                                               |   in|   16|     ap_none|                                                                      psum_222_reload|        scalar|
|psum_213_reload                                                                               |   in|   16|     ap_none|                                                                      psum_213_reload|        scalar|
|psum_212_reload                                                                               |   in|   16|     ap_none|                                                                      psum_212_reload|        scalar|
|psum_211_reload                                                                               |   in|   16|     ap_none|                                                                      psum_211_reload|        scalar|
|psum_210_reload                                                                               |   in|   16|     ap_none|                                                                      psum_210_reload|        scalar|
|psum_209_reload                                                                               |   in|   16|     ap_none|                                                                      psum_209_reload|        scalar|
|psum_208_reload                                                                               |   in|   16|     ap_none|                                                                      psum_208_reload|        scalar|
|psum_207_reload                                                                               |   in|   16|     ap_none|                                                                      psum_207_reload|        scalar|
|psum_214_reload                                                                               |   in|   16|     ap_none|                                                                      psum_214_reload|        scalar|
|psum_205_reload                                                                               |   in|   16|     ap_none|                                                                      psum_205_reload|        scalar|
|psum_204_reload                                                                               |   in|   16|     ap_none|                                                                      psum_204_reload|        scalar|
|psum_203_reload                                                                               |   in|   16|     ap_none|                                                                      psum_203_reload|        scalar|
|psum_202_reload                                                                               |   in|   16|     ap_none|                                                                      psum_202_reload|        scalar|
|psum_201_reload                                                                               |   in|   16|     ap_none|                                                                      psum_201_reload|        scalar|
|psum_200_reload                                                                               |   in|   16|     ap_none|                                                                      psum_200_reload|        scalar|
|psum_199_reload                                                                               |   in|   16|     ap_none|                                                                      psum_199_reload|        scalar|
|psum_206_reload                                                                               |   in|   16|     ap_none|                                                                      psum_206_reload|        scalar|
|psum_197_reload                                                                               |   in|   16|     ap_none|                                                                      psum_197_reload|        scalar|
|psum_196_reload                                                                               |   in|   16|     ap_none|                                                                      psum_196_reload|        scalar|
|psum_195_reload                                                                               |   in|   16|     ap_none|                                                                      psum_195_reload|        scalar|
|psum_194_reload                                                                               |   in|   16|     ap_none|                                                                      psum_194_reload|        scalar|
|psum_193_reload                                                                               |   in|   16|     ap_none|                                                                      psum_193_reload|        scalar|
|psum_192_reload                                                                               |   in|   16|     ap_none|                                                                      psum_192_reload|        scalar|
|psum_191_reload                                                                               |   in|   16|     ap_none|                                                                      psum_191_reload|        scalar|
|psum_198_reload                                                                               |   in|   16|     ap_none|                                                                      psum_198_reload|        scalar|
|psum_189_reload                                                                               |   in|   16|     ap_none|                                                                      psum_189_reload|        scalar|
|psum_188_reload                                                                               |   in|   16|     ap_none|                                                                      psum_188_reload|        scalar|
|psum_187_reload                                                                               |   in|   16|     ap_none|                                                                      psum_187_reload|        scalar|
|psum_186_reload                                                                               |   in|   16|     ap_none|                                                                      psum_186_reload|        scalar|
|psum_185_reload                                                                               |   in|   16|     ap_none|                                                                      psum_185_reload|        scalar|
|psum_184_reload                                                                               |   in|   16|     ap_none|                                                                      psum_184_reload|        scalar|
|psum_183_reload                                                                               |   in|   16|     ap_none|                                                                      psum_183_reload|        scalar|
|psum_190_reload                                                                               |   in|   16|     ap_none|                                                                      psum_190_reload|        scalar|
|psum_181_reload                                                                               |   in|   16|     ap_none|                                                                      psum_181_reload|        scalar|
|psum_180_reload                                                                               |   in|   16|     ap_none|                                                                      psum_180_reload|        scalar|
|psum_179_reload                                                                               |   in|   16|     ap_none|                                                                      psum_179_reload|        scalar|
|psum_178_reload                                                                               |   in|   16|     ap_none|                                                                      psum_178_reload|        scalar|
|psum_177_reload                                                                               |   in|   16|     ap_none|                                                                      psum_177_reload|        scalar|
|psum_176_reload                                                                               |   in|   16|     ap_none|                                                                      psum_176_reload|        scalar|
|psum_175_reload                                                                               |   in|   16|     ap_none|                                                                      psum_175_reload|        scalar|
|psum_182_reload                                                                               |   in|   16|     ap_none|                                                                      psum_182_reload|        scalar|
|psum_173_reload                                                                               |   in|   16|     ap_none|                                                                      psum_173_reload|        scalar|
|psum_172_reload                                                                               |   in|   16|     ap_none|                                                                      psum_172_reload|        scalar|
|psum_171_reload                                                                               |   in|   16|     ap_none|                                                                      psum_171_reload|        scalar|
|psum_170_reload                                                                               |   in|   16|     ap_none|                                                                      psum_170_reload|        scalar|
|psum_169_reload                                                                               |   in|   16|     ap_none|                                                                      psum_169_reload|        scalar|
|psum_168_reload                                                                               |   in|   16|     ap_none|                                                                      psum_168_reload|        scalar|
|psum_167_reload                                                                               |   in|   16|     ap_none|                                                                      psum_167_reload|        scalar|
|psum_174_reload                                                                               |   in|   16|     ap_none|                                                                      psum_174_reload|        scalar|
|psum_293_reload                                                                               |   in|   16|     ap_none|                                                                      psum_293_reload|        scalar|
|psum_292_reload                                                                               |   in|   16|     ap_none|                                                                      psum_292_reload|        scalar|
|psum_291_reload                                                                               |   in|   16|     ap_none|                                                                      psum_291_reload|        scalar|
|psum_290_reload                                                                               |   in|   16|     ap_none|                                                                      psum_290_reload|        scalar|
|psum_289_reload                                                                               |   in|   16|     ap_none|                                                                      psum_289_reload|        scalar|
|psum_288_reload                                                                               |   in|   16|     ap_none|                                                                      psum_288_reload|        scalar|
|psum_287_reload                                                                               |   in|   16|     ap_none|                                                                      psum_287_reload|        scalar|
|psum_294_reload                                                                               |   in|   16|     ap_none|                                                                      psum_294_reload|        scalar|
|ping_128_phi_out                                                                              |  out|   32|      ap_vld|                                                                     ping_128_phi_out|       pointer|
|ping_128_phi_out_ap_vld                                                                       |  out|    1|      ap_vld|                                                                     ping_128_phi_out|       pointer|
|psum_load_out                                                                                 |  out|   16|      ap_vld|                                                                        psum_load_out|       pointer|
|psum_load_out_ap_vld                                                                          |  out|    1|      ap_vld|                                                                        psum_load_out|       pointer|
|psum_40_load_out                                                                              |  out|   16|      ap_vld|                                                                     psum_40_load_out|       pointer|
|psum_40_load_out_ap_vld                                                                       |  out|    1|      ap_vld|                                                                     psum_40_load_out|       pointer|
|psum_41_load_out                                                                              |  out|   16|      ap_vld|                                                                     psum_41_load_out|       pointer|
|psum_41_load_out_ap_vld                                                                       |  out|    1|      ap_vld|                                                                     psum_41_load_out|       pointer|
|psum_42_load_out                                                                              |  out|   16|      ap_vld|                                                                     psum_42_load_out|       pointer|
|psum_42_load_out_ap_vld                                                                       |  out|    1|      ap_vld|                                                                     psum_42_load_out|       pointer|
|psum_43_load_out                                                                              |  out|   16|      ap_vld|                                                                     psum_43_load_out|       pointer|
|psum_43_load_out_ap_vld                                                                       |  out|    1|      ap_vld|                                                                     psum_43_load_out|       pointer|
|psum_44_load_out                                                                              |  out|   16|      ap_vld|                                                                     psum_44_load_out|       pointer|
|psum_44_load_out_ap_vld                                                                       |  out|    1|      ap_vld|                                                                     psum_44_load_out|       pointer|
|psum_45_load_out                                                                              |  out|   16|      ap_vld|                                                                     psum_45_load_out|       pointer|
|psum_45_load_out_ap_vld                                                                       |  out|    1|      ap_vld|                                                                     psum_45_load_out|       pointer|
|psum_46_load_out                                                                              |  out|   16|      ap_vld|                                                                     psum_46_load_out|       pointer|
|psum_46_load_out_ap_vld                                                                       |  out|    1|      ap_vld|                                                                     psum_46_load_out|       pointer|
|psum_47_load_out                                                                              |  out|   16|      ap_vld|                                                                     psum_47_load_out|       pointer|
|psum_47_load_out_ap_vld                                                                       |  out|    1|      ap_vld|                                                                     psum_47_load_out|       pointer|
|psum_48_load_out                                                                              |  out|   16|      ap_vld|                                                                     psum_48_load_out|       pointer|
|psum_48_load_out_ap_vld                                                                       |  out|    1|      ap_vld|                                                                     psum_48_load_out|       pointer|
|psum_49_load_out                                                                              |  out|   16|      ap_vld|                                                                     psum_49_load_out|       pointer|
|psum_49_load_out_ap_vld                                                                       |  out|    1|      ap_vld|                                                                     psum_49_load_out|       pointer|
|psum_50_load_out                                                                              |  out|   16|      ap_vld|                                                                     psum_50_load_out|       pointer|
|psum_50_load_out_ap_vld                                                                       |  out|    1|      ap_vld|                                                                     psum_50_load_out|       pointer|
|psum_51_load_out                                                                              |  out|   16|      ap_vld|                                                                     psum_51_load_out|       pointer|
|psum_51_load_out_ap_vld                                                                       |  out|    1|      ap_vld|                                                                     psum_51_load_out|       pointer|
|psum_52_load_out                                                                              |  out|   16|      ap_vld|                                                                     psum_52_load_out|       pointer|
|psum_52_load_out_ap_vld                                                                       |  out|    1|      ap_vld|                                                                     psum_52_load_out|       pointer|
|psum_53_load_out                                                                              |  out|   16|      ap_vld|                                                                     psum_53_load_out|       pointer|
|psum_53_load_out_ap_vld                                                                       |  out|    1|      ap_vld|                                                                     psum_53_load_out|       pointer|
|psum_54_load_out                                                                              |  out|   16|      ap_vld|                                                                     psum_54_load_out|       pointer|
|psum_54_load_out_ap_vld                                                                       |  out|    1|      ap_vld|                                                                     psum_54_load_out|       pointer|
|psum_55_load_out                                                                              |  out|   16|      ap_vld|                                                                     psum_55_load_out|       pointer|
|psum_55_load_out_ap_vld                                                                       |  out|    1|      ap_vld|                                                                     psum_55_load_out|       pointer|
|psum_56_load_out                                                                              |  out|   16|      ap_vld|                                                                     psum_56_load_out|       pointer|
|psum_56_load_out_ap_vld                                                                       |  out|    1|      ap_vld|                                                                     psum_56_load_out|       pointer|
|psum_57_load_out                                                                              |  out|   16|      ap_vld|                                                                     psum_57_load_out|       pointer|
|psum_57_load_out_ap_vld                                                                       |  out|    1|      ap_vld|                                                                     psum_57_load_out|       pointer|
|psum_58_load_out                                                                              |  out|   16|      ap_vld|                                                                     psum_58_load_out|       pointer|
|psum_58_load_out_ap_vld                                                                       |  out|    1|      ap_vld|                                                                     psum_58_load_out|       pointer|
|psum_59_load_out                                                                              |  out|   16|      ap_vld|                                                                     psum_59_load_out|       pointer|
|psum_59_load_out_ap_vld                                                                       |  out|    1|      ap_vld|                                                                     psum_59_load_out|       pointer|
|psum_60_load_out                                                                              |  out|   16|      ap_vld|                                                                     psum_60_load_out|       pointer|
|psum_60_load_out_ap_vld                                                                       |  out|    1|      ap_vld|                                                                     psum_60_load_out|       pointer|
|psum_61_load_out                                                                              |  out|   16|      ap_vld|                                                                     psum_61_load_out|       pointer|
|psum_61_load_out_ap_vld                                                                       |  out|    1|      ap_vld|                                                                     psum_61_load_out|       pointer|
|psum_62_load_out                                                                              |  out|   16|      ap_vld|                                                                     psum_62_load_out|       pointer|
|psum_62_load_out_ap_vld                                                                       |  out|    1|      ap_vld|                                                                     psum_62_load_out|       pointer|
|psum_63_load_out                                                                              |  out|   16|      ap_vld|                                                                     psum_63_load_out|       pointer|
|psum_63_load_out_ap_vld                                                                       |  out|    1|      ap_vld|                                                                     psum_63_load_out|       pointer|
|psum_64_load_out                                                                              |  out|   16|      ap_vld|                                                                     psum_64_load_out|       pointer|
|psum_64_load_out_ap_vld                                                                       |  out|    1|      ap_vld|                                                                     psum_64_load_out|       pointer|
|psum_65_load_out                                                                              |  out|   16|      ap_vld|                                                                     psum_65_load_out|       pointer|
|psum_65_load_out_ap_vld                                                                       |  out|    1|      ap_vld|                                                                     psum_65_load_out|       pointer|
|psum_66_load_out                                                                              |  out|   16|      ap_vld|                                                                     psum_66_load_out|       pointer|
|psum_66_load_out_ap_vld                                                                       |  out|    1|      ap_vld|                                                                     psum_66_load_out|       pointer|
|psum_67_load_out                                                                              |  out|   16|      ap_vld|                                                                     psum_67_load_out|       pointer|
|psum_67_load_out_ap_vld                                                                       |  out|    1|      ap_vld|                                                                     psum_67_load_out|       pointer|
|psum_68_load_out                                                                              |  out|   16|      ap_vld|                                                                     psum_68_load_out|       pointer|
|psum_68_load_out_ap_vld                                                                       |  out|    1|      ap_vld|                                                                     psum_68_load_out|       pointer|
|psum_69_load_out                                                                              |  out|   16|      ap_vld|                                                                     psum_69_load_out|       pointer|
|psum_69_load_out_ap_vld                                                                       |  out|    1|      ap_vld|                                                                     psum_69_load_out|       pointer|
|psum_70_load_out                                                                              |  out|   16|      ap_vld|                                                                     psum_70_load_out|       pointer|
|psum_70_load_out_ap_vld                                                                       |  out|    1|      ap_vld|                                                                     psum_70_load_out|       pointer|
|psum_71_load_out                                                                              |  out|   16|      ap_vld|                                                                     psum_71_load_out|       pointer|
|psum_71_load_out_ap_vld                                                                       |  out|    1|      ap_vld|                                                                     psum_71_load_out|       pointer|
|psum_72_load_out                                                                              |  out|   16|      ap_vld|                                                                     psum_72_load_out|       pointer|
|psum_72_load_out_ap_vld                                                                       |  out|    1|      ap_vld|                                                                     psum_72_load_out|       pointer|
|psum_73_load_out                                                                              |  out|   16|      ap_vld|                                                                     psum_73_load_out|       pointer|
|psum_73_load_out_ap_vld                                                                       |  out|    1|      ap_vld|                                                                     psum_73_load_out|       pointer|
|psum_74_load_out                                                                              |  out|   16|      ap_vld|                                                                     psum_74_load_out|       pointer|
|psum_74_load_out_ap_vld                                                                       |  out|    1|      ap_vld|                                                                     psum_74_load_out|       pointer|
|psum_75_load_out                                                                              |  out|   16|      ap_vld|                                                                     psum_75_load_out|       pointer|
|psum_75_load_out_ap_vld                                                                       |  out|    1|      ap_vld|                                                                     psum_75_load_out|       pointer|
|psum_76_load_out                                                                              |  out|   16|      ap_vld|                                                                     psum_76_load_out|       pointer|
|psum_76_load_out_ap_vld                                                                       |  out|    1|      ap_vld|                                                                     psum_76_load_out|       pointer|
|psum_77_load_out                                                                              |  out|   16|      ap_vld|                                                                     psum_77_load_out|       pointer|
|psum_77_load_out_ap_vld                                                                       |  out|    1|      ap_vld|                                                                     psum_77_load_out|       pointer|
|psum_78_load_out                                                                              |  out|   16|      ap_vld|                                                                     psum_78_load_out|       pointer|
|psum_78_load_out_ap_vld                                                                       |  out|    1|      ap_vld|                                                                     psum_78_load_out|       pointer|
|psum_79_load_out                                                                              |  out|   16|      ap_vld|                                                                     psum_79_load_out|       pointer|
|psum_79_load_out_ap_vld                                                                       |  out|    1|      ap_vld|                                                                     psum_79_load_out|       pointer|
|psum_80_load_out                                                                              |  out|   16|      ap_vld|                                                                     psum_80_load_out|       pointer|
|psum_80_load_out_ap_vld                                                                       |  out|    1|      ap_vld|                                                                     psum_80_load_out|       pointer|
|psum_81_load_out                                                                              |  out|   16|      ap_vld|                                                                     psum_81_load_out|       pointer|
|psum_81_load_out_ap_vld                                                                       |  out|    1|      ap_vld|                                                                     psum_81_load_out|       pointer|
|psum_82_load_out                                                                              |  out|   16|      ap_vld|                                                                     psum_82_load_out|       pointer|
|psum_82_load_out_ap_vld                                                                       |  out|    1|      ap_vld|                                                                     psum_82_load_out|       pointer|
|psum_83_load_out                                                                              |  out|   16|      ap_vld|                                                                     psum_83_load_out|       pointer|
|psum_83_load_out_ap_vld                                                                       |  out|    1|      ap_vld|                                                                     psum_83_load_out|       pointer|
|psum_84_load_out                                                                              |  out|   16|      ap_vld|                                                                     psum_84_load_out|       pointer|
|psum_84_load_out_ap_vld                                                                       |  out|    1|      ap_vld|                                                                     psum_84_load_out|       pointer|
|psum_85_load_out                                                                              |  out|   16|      ap_vld|                                                                     psum_85_load_out|       pointer|
|psum_85_load_out_ap_vld                                                                       |  out|    1|      ap_vld|                                                                     psum_85_load_out|       pointer|
|psum_86_load_out                                                                              |  out|   16|      ap_vld|                                                                     psum_86_load_out|       pointer|
|psum_86_load_out_ap_vld                                                                       |  out|    1|      ap_vld|                                                                     psum_86_load_out|       pointer|
|psum_87_load_out                                                                              |  out|   16|      ap_vld|                                                                     psum_87_load_out|       pointer|
|psum_87_load_out_ap_vld                                                                       |  out|    1|      ap_vld|                                                                     psum_87_load_out|       pointer|
|psum_88_load_out                                                                              |  out|   16|      ap_vld|                                                                     psum_88_load_out|       pointer|
|psum_88_load_out_ap_vld                                                                       |  out|    1|      ap_vld|                                                                     psum_88_load_out|       pointer|
|psum_89_load_out                                                                              |  out|   16|      ap_vld|                                                                     psum_89_load_out|       pointer|
|psum_89_load_out_ap_vld                                                                       |  out|    1|      ap_vld|                                                                     psum_89_load_out|       pointer|
|psum_90_load_out                                                                              |  out|   16|      ap_vld|                                                                     psum_90_load_out|       pointer|
|psum_90_load_out_ap_vld                                                                       |  out|    1|      ap_vld|                                                                     psum_90_load_out|       pointer|
|psum_91_load_out                                                                              |  out|   16|      ap_vld|                                                                     psum_91_load_out|       pointer|
|psum_91_load_out_ap_vld                                                                       |  out|    1|      ap_vld|                                                                     psum_91_load_out|       pointer|
|psum_92_load_out                                                                              |  out|   16|      ap_vld|                                                                     psum_92_load_out|       pointer|
|psum_92_load_out_ap_vld                                                                       |  out|    1|      ap_vld|                                                                     psum_92_load_out|       pointer|
|psum_93_load_out                                                                              |  out|   16|      ap_vld|                                                                     psum_93_load_out|       pointer|
|psum_93_load_out_ap_vld                                                                       |  out|    1|      ap_vld|                                                                     psum_93_load_out|       pointer|
|psum_94_load_out                                                                              |  out|   16|      ap_vld|                                                                     psum_94_load_out|       pointer|
|psum_94_load_out_ap_vld                                                                       |  out|    1|      ap_vld|                                                                     psum_94_load_out|       pointer|
|psum_95_load_out                                                                              |  out|   16|      ap_vld|                                                                     psum_95_load_out|       pointer|
|psum_95_load_out_ap_vld                                                                       |  out|    1|      ap_vld|                                                                     psum_95_load_out|       pointer|
|psum_96_load_out                                                                              |  out|   16|      ap_vld|                                                                     psum_96_load_out|       pointer|
|psum_96_load_out_ap_vld                                                                       |  out|    1|      ap_vld|                                                                     psum_96_load_out|       pointer|
|psum_97_load_out                                                                              |  out|   16|      ap_vld|                                                                     psum_97_load_out|       pointer|
|psum_97_load_out_ap_vld                                                                       |  out|    1|      ap_vld|                                                                     psum_97_load_out|       pointer|
|psum_98_load_out                                                                              |  out|   16|      ap_vld|                                                                     psum_98_load_out|       pointer|
|psum_98_load_out_ap_vld                                                                       |  out|    1|      ap_vld|                                                                     psum_98_load_out|       pointer|
|psum_99_load_out                                                                              |  out|   16|      ap_vld|                                                                     psum_99_load_out|       pointer|
|psum_99_load_out_ap_vld                                                                       |  out|    1|      ap_vld|                                                                     psum_99_load_out|       pointer|
|psum_100_load_out                                                                             |  out|   16|      ap_vld|                                                                    psum_100_load_out|       pointer|
|psum_100_load_out_ap_vld                                                                      |  out|    1|      ap_vld|                                                                    psum_100_load_out|       pointer|
|psum_101_load_out                                                                             |  out|   16|      ap_vld|                                                                    psum_101_load_out|       pointer|
|psum_101_load_out_ap_vld                                                                      |  out|    1|      ap_vld|                                                                    psum_101_load_out|       pointer|
|psum_102_load_out                                                                             |  out|   16|      ap_vld|                                                                    psum_102_load_out|       pointer|
|psum_102_load_out_ap_vld                                                                      |  out|    1|      ap_vld|                                                                    psum_102_load_out|       pointer|
|psum_103_load_out                                                                             |  out|   16|      ap_vld|                                                                    psum_103_load_out|       pointer|
|psum_103_load_out_ap_vld                                                                      |  out|    1|      ap_vld|                                                                    psum_103_load_out|       pointer|
|psum_104_load_out                                                                             |  out|   16|      ap_vld|                                                                    psum_104_load_out|       pointer|
|psum_104_load_out_ap_vld                                                                      |  out|    1|      ap_vld|                                                                    psum_104_load_out|       pointer|
|psum_105_load_out                                                                             |  out|   16|      ap_vld|                                                                    psum_105_load_out|       pointer|
|psum_105_load_out_ap_vld                                                                      |  out|    1|      ap_vld|                                                                    psum_105_load_out|       pointer|
|psum_106_load_out                                                                             |  out|   16|      ap_vld|                                                                    psum_106_load_out|       pointer|
|psum_106_load_out_ap_vld                                                                      |  out|    1|      ap_vld|                                                                    psum_106_load_out|       pointer|
|psum_107_load_out                                                                             |  out|   16|      ap_vld|                                                                    psum_107_load_out|       pointer|
|psum_107_load_out_ap_vld                                                                      |  out|    1|      ap_vld|                                                                    psum_107_load_out|       pointer|
|psum_108_load_out                                                                             |  out|   16|      ap_vld|                                                                    psum_108_load_out|       pointer|
|psum_108_load_out_ap_vld                                                                      |  out|    1|      ap_vld|                                                                    psum_108_load_out|       pointer|
|psum_109_load_out                                                                             |  out|   16|      ap_vld|                                                                    psum_109_load_out|       pointer|
|psum_109_load_out_ap_vld                                                                      |  out|    1|      ap_vld|                                                                    psum_109_load_out|       pointer|
|psum_110_load_out                                                                             |  out|   16|      ap_vld|                                                                    psum_110_load_out|       pointer|
|psum_110_load_out_ap_vld                                                                      |  out|    1|      ap_vld|                                                                    psum_110_load_out|       pointer|
|psum_111_load_out                                                                             |  out|   16|      ap_vld|                                                                    psum_111_load_out|       pointer|
|psum_111_load_out_ap_vld                                                                      |  out|    1|      ap_vld|                                                                    psum_111_load_out|       pointer|
|psum_112_load_out                                                                             |  out|   16|      ap_vld|                                                                    psum_112_load_out|       pointer|
|psum_112_load_out_ap_vld                                                                      |  out|    1|      ap_vld|                                                                    psum_112_load_out|       pointer|
|psum_113_load_out                                                                             |  out|   16|      ap_vld|                                                                    psum_113_load_out|       pointer|
|psum_113_load_out_ap_vld                                                                      |  out|    1|      ap_vld|                                                                    psum_113_load_out|       pointer|
|psum_114_load_out                                                                             |  out|   16|      ap_vld|                                                                    psum_114_load_out|       pointer|
|psum_114_load_out_ap_vld                                                                      |  out|    1|      ap_vld|                                                                    psum_114_load_out|       pointer|
|psum_115_load_out                                                                             |  out|   16|      ap_vld|                                                                    psum_115_load_out|       pointer|
|psum_115_load_out_ap_vld                                                                      |  out|    1|      ap_vld|                                                                    psum_115_load_out|       pointer|
|psum_116_load_out                                                                             |  out|   16|      ap_vld|                                                                    psum_116_load_out|       pointer|
|psum_116_load_out_ap_vld                                                                      |  out|    1|      ap_vld|                                                                    psum_116_load_out|       pointer|
|psum_117_load_out                                                                             |  out|   16|      ap_vld|                                                                    psum_117_load_out|       pointer|
|psum_117_load_out_ap_vld                                                                      |  out|    1|      ap_vld|                                                                    psum_117_load_out|       pointer|
|psum_118_load_out                                                                             |  out|   16|      ap_vld|                                                                    psum_118_load_out|       pointer|
|psum_118_load_out_ap_vld                                                                      |  out|    1|      ap_vld|                                                                    psum_118_load_out|       pointer|
|psum_119_load_out                                                                             |  out|   16|      ap_vld|                                                                    psum_119_load_out|       pointer|
|psum_119_load_out_ap_vld                                                                      |  out|    1|      ap_vld|                                                                    psum_119_load_out|       pointer|
|psum_120_load_out                                                                             |  out|   16|      ap_vld|                                                                    psum_120_load_out|       pointer|
|psum_120_load_out_ap_vld                                                                      |  out|    1|      ap_vld|                                                                    psum_120_load_out|       pointer|
|psum_121_load_out                                                                             |  out|   16|      ap_vld|                                                                    psum_121_load_out|       pointer|
|psum_121_load_out_ap_vld                                                                      |  out|    1|      ap_vld|                                                                    psum_121_load_out|       pointer|
|psum_122_load_out                                                                             |  out|   16|      ap_vld|                                                                    psum_122_load_out|       pointer|
|psum_122_load_out_ap_vld                                                                      |  out|    1|      ap_vld|                                                                    psum_122_load_out|       pointer|
|psum_123_load_out                                                                             |  out|   16|      ap_vld|                                                                    psum_123_load_out|       pointer|
|psum_123_load_out_ap_vld                                                                      |  out|    1|      ap_vld|                                                                    psum_123_load_out|       pointer|
|psum_124_load_out                                                                             |  out|   16|      ap_vld|                                                                    psum_124_load_out|       pointer|
|psum_124_load_out_ap_vld                                                                      |  out|    1|      ap_vld|                                                                    psum_124_load_out|       pointer|
|psum_125_load_out                                                                             |  out|   16|      ap_vld|                                                                    psum_125_load_out|       pointer|
|psum_125_load_out_ap_vld                                                                      |  out|    1|      ap_vld|                                                                    psum_125_load_out|       pointer|
|psum_126_load_out                                                                             |  out|   16|      ap_vld|                                                                    psum_126_load_out|       pointer|
|psum_126_load_out_ap_vld                                                                      |  out|    1|      ap_vld|                                                                    psum_126_load_out|       pointer|
|psum_127_load_out                                                                             |  out|   16|      ap_vld|                                                                    psum_127_load_out|       pointer|
|psum_127_load_out_ap_vld                                                                      |  out|    1|      ap_vld|                                                                    psum_127_load_out|       pointer|
|psum_128_load_out                                                                             |  out|   16|      ap_vld|                                                                    psum_128_load_out|       pointer|
|psum_128_load_out_ap_vld                                                                      |  out|    1|      ap_vld|                                                                    psum_128_load_out|       pointer|
|psum_129_load_out                                                                             |  out|   16|      ap_vld|                                                                    psum_129_load_out|       pointer|
|psum_129_load_out_ap_vld                                                                      |  out|    1|      ap_vld|                                                                    psum_129_load_out|       pointer|
|psum_130_load_out                                                                             |  out|   16|      ap_vld|                                                                    psum_130_load_out|       pointer|
|psum_130_load_out_ap_vld                                                                      |  out|    1|      ap_vld|                                                                    psum_130_load_out|       pointer|
|psum_131_load_out                                                                             |  out|   16|      ap_vld|                                                                    psum_131_load_out|       pointer|
|psum_131_load_out_ap_vld                                                                      |  out|    1|      ap_vld|                                                                    psum_131_load_out|       pointer|
|psum_132_load_out                                                                             |  out|   16|      ap_vld|                                                                    psum_132_load_out|       pointer|
|psum_132_load_out_ap_vld                                                                      |  out|    1|      ap_vld|                                                                    psum_132_load_out|       pointer|
|psum_133_load_out                                                                             |  out|   16|      ap_vld|                                                                    psum_133_load_out|       pointer|
|psum_133_load_out_ap_vld                                                                      |  out|    1|      ap_vld|                                                                    psum_133_load_out|       pointer|
|psum_134_load_out                                                                             |  out|   16|      ap_vld|                                                                    psum_134_load_out|       pointer|
|psum_134_load_out_ap_vld                                                                      |  out|    1|      ap_vld|                                                                    psum_134_load_out|       pointer|
|psum_135_load_out                                                                             |  out|   16|      ap_vld|                                                                    psum_135_load_out|       pointer|
|psum_135_load_out_ap_vld                                                                      |  out|    1|      ap_vld|                                                                    psum_135_load_out|       pointer|
|psum_136_load_out                                                                             |  out|   16|      ap_vld|                                                                    psum_136_load_out|       pointer|
|psum_136_load_out_ap_vld                                                                      |  out|    1|      ap_vld|                                                                    psum_136_load_out|       pointer|
|psum_137_load_out                                                                             |  out|   16|      ap_vld|                                                                    psum_137_load_out|       pointer|
|psum_137_load_out_ap_vld                                                                      |  out|    1|      ap_vld|                                                                    psum_137_load_out|       pointer|
|psum_138_load_out                                                                             |  out|   16|      ap_vld|                                                                    psum_138_load_out|       pointer|
|psum_138_load_out_ap_vld                                                                      |  out|    1|      ap_vld|                                                                    psum_138_load_out|       pointer|
|psum_139_load_out                                                                             |  out|   16|      ap_vld|                                                                    psum_139_load_out|       pointer|
|psum_139_load_out_ap_vld                                                                      |  out|    1|      ap_vld|                                                                    psum_139_load_out|       pointer|
|psum_140_load_out                                                                             |  out|   16|      ap_vld|                                                                    psum_140_load_out|       pointer|
|psum_140_load_out_ap_vld                                                                      |  out|    1|      ap_vld|                                                                    psum_140_load_out|       pointer|
|psum_141_load_out                                                                             |  out|   16|      ap_vld|                                                                    psum_141_load_out|       pointer|
|psum_141_load_out_ap_vld                                                                      |  out|    1|      ap_vld|                                                                    psum_141_load_out|       pointer|
|psum_142_load_out                                                                             |  out|   16|      ap_vld|                                                                    psum_142_load_out|       pointer|
|psum_142_load_out_ap_vld                                                                      |  out|    1|      ap_vld|                                                                    psum_142_load_out|       pointer|
|psum_143_load_out                                                                             |  out|   16|      ap_vld|                                                                    psum_143_load_out|       pointer|
|psum_143_load_out_ap_vld                                                                      |  out|    1|      ap_vld|                                                                    psum_143_load_out|       pointer|
|psum_144_load_out                                                                             |  out|   16|      ap_vld|                                                                    psum_144_load_out|       pointer|
|psum_144_load_out_ap_vld                                                                      |  out|    1|      ap_vld|                                                                    psum_144_load_out|       pointer|
|psum_145_load_out                                                                             |  out|   16|      ap_vld|                                                                    psum_145_load_out|       pointer|
|psum_145_load_out_ap_vld                                                                      |  out|    1|      ap_vld|                                                                    psum_145_load_out|       pointer|
|psum_146_load_out                                                                             |  out|   16|      ap_vld|                                                                    psum_146_load_out|       pointer|
|psum_146_load_out_ap_vld                                                                      |  out|    1|      ap_vld|                                                                    psum_146_load_out|       pointer|
|psum_147_load_out                                                                             |  out|   16|      ap_vld|                                                                    psum_147_load_out|       pointer|
|psum_147_load_out_ap_vld                                                                      |  out|    1|      ap_vld|                                                                    psum_147_load_out|       pointer|
|psum_148_load_out                                                                             |  out|   16|      ap_vld|                                                                    psum_148_load_out|       pointer|
|psum_148_load_out_ap_vld                                                                      |  out|    1|      ap_vld|                                                                    psum_148_load_out|       pointer|
|psum_149_load_out                                                                             |  out|   16|      ap_vld|                                                                    psum_149_load_out|       pointer|
|psum_149_load_out_ap_vld                                                                      |  out|    1|      ap_vld|                                                                    psum_149_load_out|       pointer|
|psum_150_load_out                                                                             |  out|   16|      ap_vld|                                                                    psum_150_load_out|       pointer|
|psum_150_load_out_ap_vld                                                                      |  out|    1|      ap_vld|                                                                    psum_150_load_out|       pointer|
|psum_151_load_out                                                                             |  out|   16|      ap_vld|                                                                    psum_151_load_out|       pointer|
|psum_151_load_out_ap_vld                                                                      |  out|    1|      ap_vld|                                                                    psum_151_load_out|       pointer|
|psum_152_load_out                                                                             |  out|   16|      ap_vld|                                                                    psum_152_load_out|       pointer|
|psum_152_load_out_ap_vld                                                                      |  out|    1|      ap_vld|                                                                    psum_152_load_out|       pointer|
|psum_153_load_out                                                                             |  out|   16|      ap_vld|                                                                    psum_153_load_out|       pointer|
|psum_153_load_out_ap_vld                                                                      |  out|    1|      ap_vld|                                                                    psum_153_load_out|       pointer|
|psum_154_load_out                                                                             |  out|   16|      ap_vld|                                                                    psum_154_load_out|       pointer|
|psum_154_load_out_ap_vld                                                                      |  out|    1|      ap_vld|                                                                    psum_154_load_out|       pointer|
|psum_155_load_out                                                                             |  out|   16|      ap_vld|                                                                    psum_155_load_out|       pointer|
|psum_155_load_out_ap_vld                                                                      |  out|    1|      ap_vld|                                                                    psum_155_load_out|       pointer|
|psum_156_load_out                                                                             |  out|   16|      ap_vld|                                                                    psum_156_load_out|       pointer|
|psum_156_load_out_ap_vld                                                                      |  out|    1|      ap_vld|                                                                    psum_156_load_out|       pointer|
|psum_157_load_out                                                                             |  out|   16|      ap_vld|                                                                    psum_157_load_out|       pointer|
|psum_157_load_out_ap_vld                                                                      |  out|    1|      ap_vld|                                                                    psum_157_load_out|       pointer|
|psum_158_load_out                                                                             |  out|   16|      ap_vld|                                                                    psum_158_load_out|       pointer|
|psum_158_load_out_ap_vld                                                                      |  out|    1|      ap_vld|                                                                    psum_158_load_out|       pointer|
|psum_159_load_out                                                                             |  out|   16|      ap_vld|                                                                    psum_159_load_out|       pointer|
|psum_159_load_out_ap_vld                                                                      |  out|    1|      ap_vld|                                                                    psum_159_load_out|       pointer|
|psum_160_load_out                                                                             |  out|   16|      ap_vld|                                                                    psum_160_load_out|       pointer|
|psum_160_load_out_ap_vld                                                                      |  out|    1|      ap_vld|                                                                    psum_160_load_out|       pointer|
|psum_161_load_out                                                                             |  out|   16|      ap_vld|                                                                    psum_161_load_out|       pointer|
|psum_161_load_out_ap_vld                                                                      |  out|    1|      ap_vld|                                                                    psum_161_load_out|       pointer|
|psum_162_load_out                                                                             |  out|   16|      ap_vld|                                                                    psum_162_load_out|       pointer|
|psum_162_load_out_ap_vld                                                                      |  out|    1|      ap_vld|                                                                    psum_162_load_out|       pointer|
|psum_163_load_out                                                                             |  out|   16|      ap_vld|                                                                    psum_163_load_out|       pointer|
|psum_163_load_out_ap_vld                                                                      |  out|    1|      ap_vld|                                                                    psum_163_load_out|       pointer|
|psum_164_load_out                                                                             |  out|   16|      ap_vld|                                                                    psum_164_load_out|       pointer|
|psum_164_load_out_ap_vld                                                                      |  out|    1|      ap_vld|                                                                    psum_164_load_out|       pointer|
|psum_165_load_out                                                                             |  out|   16|      ap_vld|                                                                    psum_165_load_out|       pointer|
|psum_165_load_out_ap_vld                                                                      |  out|    1|      ap_vld|                                                                    psum_165_load_out|       pointer|
|psum_166_load_out                                                                             |  out|   16|      ap_vld|                                                                    psum_166_load_out|       pointer|
|psum_166_load_out_ap_vld                                                                      |  out|    1|      ap_vld|                                                                    psum_166_load_out|       pointer|
|void_Universal_Engine_Kernel_ap_uint_const_ap_uint_const_ap_uint_const_ap_uin_9_address0      |  out|    8|   ap_memory|      void_Universal_Engine_Kernel_ap_uint_const_ap_uint_const_ap_uint_const_ap_uin_9|         array|
|void_Universal_Engine_Kernel_ap_uint_const_ap_uint_const_ap_uint_const_ap_uin_9_ce0           |  out|    1|   ap_memory|      void_Universal_Engine_Kernel_ap_uint_const_ap_uint_const_ap_uint_const_ap_uin_9|         array|
|void_Universal_Engine_Kernel_ap_uint_const_ap_uint_const_ap_uint_const_ap_uin_9_q0            |   in|  256|   ap_memory|      void_Universal_Engine_Kernel_ap_uint_const_ap_uint_const_ap_uint_const_ap_uin_9|         array|
|void_Universal_Engine_Kernel_ap_uint_const_ap_uint_const_ap_uint_const_ap_uin_8_address0      |  out|    8|   ap_memory|      void_Universal_Engine_Kernel_ap_uint_const_ap_uint_const_ap_uint_const_ap_uin_8|         array|
|void_Universal_Engine_Kernel_ap_uint_const_ap_uint_const_ap_uint_const_ap_uin_8_ce0           |  out|    1|   ap_memory|      void_Universal_Engine_Kernel_ap_uint_const_ap_uint_const_ap_uint_const_ap_uin_8|         array|
|void_Universal_Engine_Kernel_ap_uint_const_ap_uint_const_ap_uint_const_ap_uin_8_q0            |   in|  256|   ap_memory|      void_Universal_Engine_Kernel_ap_uint_const_ap_uint_const_ap_uint_const_ap_uin_8|         array|
|void_Universal_Engine_Kernel_ap_uint_const_ap_uint_const_ap_uint_const_ap_uin_7_address0      |  out|    8|   ap_memory|      void_Universal_Engine_Kernel_ap_uint_const_ap_uint_const_ap_uint_const_ap_uin_7|         array|
|void_Universal_Engine_Kernel_ap_uint_const_ap_uint_const_ap_uint_const_ap_uin_7_ce0           |  out|    1|   ap_memory|      void_Universal_Engine_Kernel_ap_uint_const_ap_uint_const_ap_uint_const_ap_uin_7|         array|
|void_Universal_Engine_Kernel_ap_uint_const_ap_uint_const_ap_uint_const_ap_uin_7_q0            |   in|  256|   ap_memory|      void_Universal_Engine_Kernel_ap_uint_const_ap_uint_const_ap_uint_const_ap_uin_7|         array|
|void_Universal_Engine_Kernel_ap_uint_const_ap_uint_const_ap_uint_const_ap_uin_6_address0      |  out|    8|   ap_memory|      void_Universal_Engine_Kernel_ap_uint_const_ap_uint_const_ap_uint_const_ap_uin_6|         array|
|void_Universal_Engine_Kernel_ap_uint_const_ap_uint_const_ap_uint_const_ap_uin_6_ce0           |  out|    1|   ap_memory|      void_Universal_Engine_Kernel_ap_uint_const_ap_uint_const_ap_uint_const_ap_uin_6|         array|
|void_Universal_Engine_Kernel_ap_uint_const_ap_uint_const_ap_uint_const_ap_uin_6_q0            |   in|  256|   ap_memory|      void_Universal_Engine_Kernel_ap_uint_const_ap_uint_const_ap_uint_const_ap_uin_6|         array|
|void_Universal_Engine_Kernel_ap_uint_const_ap_uint_const_ap_uint_const_ap_uin_5_address0      |  out|    8|   ap_memory|      void_Universal_Engine_Kernel_ap_uint_const_ap_uint_const_ap_uint_const_ap_uin_5|         array|
|void_Universal_Engine_Kernel_ap_uint_const_ap_uint_const_ap_uint_const_ap_uin_5_ce0           |  out|    1|   ap_memory|      void_Universal_Engine_Kernel_ap_uint_const_ap_uint_const_ap_uint_const_ap_uin_5|         array|
|void_Universal_Engine_Kernel_ap_uint_const_ap_uint_const_ap_uint_const_ap_uin_5_q0            |   in|  256|   ap_memory|      void_Universal_Engine_Kernel_ap_uint_const_ap_uint_const_ap_uint_const_ap_uin_5|         array|
|void_Universal_Engine_Kernel_ap_uint_const_ap_uint_const_ap_uint_const_ap_uin_4_address0      |  out|    8|   ap_memory|      void_Universal_Engine_Kernel_ap_uint_const_ap_uint_const_ap_uint_const_ap_uin_4|         array|
|void_Universal_Engine_Kernel_ap_uint_const_ap_uint_const_ap_uint_const_ap_uin_4_ce0           |  out|    1|   ap_memory|      void_Universal_Engine_Kernel_ap_uint_const_ap_uint_const_ap_uint_const_ap_uin_4|         array|
|void_Universal_Engine_Kernel_ap_uint_const_ap_uint_const_ap_uint_const_ap_uin_4_q0            |   in|  256|   ap_memory|      void_Universal_Engine_Kernel_ap_uint_const_ap_uint_const_ap_uint_const_ap_uin_4|         array|
|void_Universal_Engine_Kernel_ap_uint_const_ap_uint_const_ap_uint_const_ap_uin_3_address0      |  out|    8|   ap_memory|      void_Universal_Engine_Kernel_ap_uint_const_ap_uint_const_ap_uint_const_ap_uin_3|         array|
|void_Universal_Engine_Kernel_ap_uint_const_ap_uint_const_ap_uint_const_ap_uin_3_ce0           |  out|    1|   ap_memory|      void_Universal_Engine_Kernel_ap_uint_const_ap_uint_const_ap_uint_const_ap_uin_3|         array|
|void_Universal_Engine_Kernel_ap_uint_const_ap_uint_const_ap_uint_const_ap_uin_3_q0            |   in|  256|   ap_memory|      void_Universal_Engine_Kernel_ap_uint_const_ap_uint_const_ap_uint_const_ap_uin_3|         array|
|void_Universal_Engine_Kernel_ap_uint_const_ap_uint_const_ap_uint_const_ap_uin_2_address0      |  out|    8|   ap_memory|      void_Universal_Engine_Kernel_ap_uint_const_ap_uint_const_ap_uint_const_ap_uin_2|         array|
|void_Universal_Engine_Kernel_ap_uint_const_ap_uint_const_ap_uint_const_ap_uin_2_ce0           |  out|    1|   ap_memory|      void_Universal_Engine_Kernel_ap_uint_const_ap_uint_const_ap_uint_const_ap_uin_2|         array|
|void_Universal_Engine_Kernel_ap_uint_const_ap_uint_const_ap_uint_const_ap_uin_2_q0            |   in|  256|   ap_memory|      void_Universal_Engine_Kernel_ap_uint_const_ap_uint_const_ap_uint_const_ap_uin_2|         array|
|void_Universal_Engine_Kernel_ap_uint_const_ap_uint_const_ap_uint_const_ap_uin_1_address0      |  out|    8|   ap_memory|      void_Universal_Engine_Kernel_ap_uint_const_ap_uint_const_ap_uint_const_ap_uin_1|         array|
|void_Universal_Engine_Kernel_ap_uint_const_ap_uint_const_ap_uint_const_ap_uin_1_ce0           |  out|    1|   ap_memory|      void_Universal_Engine_Kernel_ap_uint_const_ap_uint_const_ap_uint_const_ap_uin_1|         array|
|void_Universal_Engine_Kernel_ap_uint_const_ap_uint_const_ap_uint_const_ap_uin_1_q0            |   in|  256|   ap_memory|      void_Universal_Engine_Kernel_ap_uint_const_ap_uint_const_ap_uint_const_ap_uin_1|         array|
|void_Universal_Engine_Kernel_ap_uint_const_ap_uint_const_ap_uint_const_ap_uin_address0        |  out|    8|   ap_memory|        void_Universal_Engine_Kernel_ap_uint_const_ap_uint_const_ap_uint_const_ap_uin|         array|
|void_Universal_Engine_Kernel_ap_uint_const_ap_uint_const_ap_uint_const_ap_uin_ce0             |  out|    1|   ap_memory|        void_Universal_Engine_Kernel_ap_uint_const_ap_uint_const_ap_uint_const_ap_uin|         array|
|void_Universal_Engine_Kernel_ap_uint_const_ap_uint_const_ap_uint_const_ap_uin_q0              |   in|  256|   ap_memory|        void_Universal_Engine_Kernel_ap_uint_const_ap_uint_const_ap_uint_const_ap_uin|         array|
|p_ZZL23Universal_Engine_KernelILi16EDhEvPK7ap_uintILi256EES3_S3_S3_S3_S3_S3_PS1_S_5_address0  |  out|    8|   ap_memory|  p_ZZL23Universal_Engine_KernelILi16EDhEvPK7ap_uintILi256EES3_S3_S3_S3_S3_S3_PS1_S_5|         array|
|p_ZZL23Universal_Engine_KernelILi16EDhEvPK7ap_uintILi256EES3_S3_S3_S3_S3_S3_PS1_S_5_ce0       |  out|    1|   ap_memory|  p_ZZL23Universal_Engine_KernelILi16EDhEvPK7ap_uintILi256EES3_S3_S3_S3_S3_S3_PS1_S_5|         array|
|p_ZZL23Universal_Engine_KernelILi16EDhEvPK7ap_uintILi256EES3_S3_S3_S3_S3_S3_PS1_S_5_q0        |   in|  256|   ap_memory|  p_ZZL23Universal_Engine_KernelILi16EDhEvPK7ap_uintILi256EES3_S3_S3_S3_S3_S3_PS1_S_5|         array|
|p_ZZL23Universal_Engine_KernelILi16EDhEvPK7ap_uintILi256EES3_S3_S3_S3_S3_S3_PS1_S_4_address0  |  out|    8|   ap_memory|  p_ZZL23Universal_Engine_KernelILi16EDhEvPK7ap_uintILi256EES3_S3_S3_S3_S3_S3_PS1_S_4|         array|
|p_ZZL23Universal_Engine_KernelILi16EDhEvPK7ap_uintILi256EES3_S3_S3_S3_S3_S3_PS1_S_4_ce0       |  out|    1|   ap_memory|  p_ZZL23Universal_Engine_KernelILi16EDhEvPK7ap_uintILi256EES3_S3_S3_S3_S3_S3_PS1_S_4|         array|
|p_ZZL23Universal_Engine_KernelILi16EDhEvPK7ap_uintILi256EES3_S3_S3_S3_S3_S3_PS1_S_4_q0        |   in|  256|   ap_memory|  p_ZZL23Universal_Engine_KernelILi16EDhEvPK7ap_uintILi256EES3_S3_S3_S3_S3_S3_PS1_S_4|         array|
|p_ZZL23Universal_Engine_KernelILi16EDhEvPK7ap_uintILi256EES3_S3_S3_S3_S3_S3_PS1_S_3_address0  |  out|    8|   ap_memory|  p_ZZL23Universal_Engine_KernelILi16EDhEvPK7ap_uintILi256EES3_S3_S3_S3_S3_S3_PS1_S_3|         array|
|p_ZZL23Universal_Engine_KernelILi16EDhEvPK7ap_uintILi256EES3_S3_S3_S3_S3_S3_PS1_S_3_ce0       |  out|    1|   ap_memory|  p_ZZL23Universal_Engine_KernelILi16EDhEvPK7ap_uintILi256EES3_S3_S3_S3_S3_S3_PS1_S_3|         array|
|p_ZZL23Universal_Engine_KernelILi16EDhEvPK7ap_uintILi256EES3_S3_S3_S3_S3_S3_PS1_S_3_q0        |   in|  256|   ap_memory|  p_ZZL23Universal_Engine_KernelILi16EDhEvPK7ap_uintILi256EES3_S3_S3_S3_S3_S3_PS1_S_3|         array|
|p_ZZL23Universal_Engine_KernelILi16EDhEvPK7ap_uintILi256EES3_S3_S3_S3_S3_S3_PS1_S_2_address0  |  out|    8|   ap_memory|  p_ZZL23Universal_Engine_KernelILi16EDhEvPK7ap_uintILi256EES3_S3_S3_S3_S3_S3_PS1_S_2|         array|
|p_ZZL23Universal_Engine_KernelILi16EDhEvPK7ap_uintILi256EES3_S3_S3_S3_S3_S3_PS1_S_2_ce0       |  out|    1|   ap_memory|  p_ZZL23Universal_Engine_KernelILi16EDhEvPK7ap_uintILi256EES3_S3_S3_S3_S3_S3_PS1_S_2|         array|
|p_ZZL23Universal_Engine_KernelILi16EDhEvPK7ap_uintILi256EES3_S3_S3_S3_S3_S3_PS1_S_2_q0        |   in|  256|   ap_memory|  p_ZZL23Universal_Engine_KernelILi16EDhEvPK7ap_uintILi256EES3_S3_S3_S3_S3_S3_PS1_S_2|         array|
|p_ZZL23Universal_Engine_KernelILi16EDhEvPK7ap_uintILi256EES3_S3_S3_S3_S3_S3_PS1_S_1_address0  |  out|    8|   ap_memory|  p_ZZL23Universal_Engine_KernelILi16EDhEvPK7ap_uintILi256EES3_S3_S3_S3_S3_S3_PS1_S_1|         array|
|p_ZZL23Universal_Engine_KernelILi16EDhEvPK7ap_uintILi256EES3_S3_S3_S3_S3_S3_PS1_S_1_ce0       |  out|    1|   ap_memory|  p_ZZL23Universal_Engine_KernelILi16EDhEvPK7ap_uintILi256EES3_S3_S3_S3_S3_S3_PS1_S_1|         array|
|p_ZZL23Universal_Engine_KernelILi16EDhEvPK7ap_uintILi256EES3_S3_S3_S3_S3_S3_PS1_S_1_q0        |   in|  256|   ap_memory|  p_ZZL23Universal_Engine_KernelILi16EDhEvPK7ap_uintILi256EES3_S3_S3_S3_S3_S3_PS1_S_1|         array|
|p_ZZL23Universal_Engine_KernelILi16EDhEvPK7ap_uintILi256EES3_S3_S3_S3_S3_S3_PS1_S_address0    |  out|    8|   ap_memory|    p_ZZL23Universal_Engine_KernelILi16EDhEvPK7ap_uintILi256EES3_S3_S3_S3_S3_S3_PS1_S|         array|
|p_ZZL23Universal_Engine_KernelILi16EDhEvPK7ap_uintILi256EES3_S3_S3_S3_S3_S3_PS1_S_ce0         |  out|    1|   ap_memory|    p_ZZL23Universal_Engine_KernelILi16EDhEvPK7ap_uintILi256EES3_S3_S3_S3_S3_S3_PS1_S|         array|
|p_ZZL23Universal_Engine_KernelILi16EDhEvPK7ap_uintILi256EES3_S3_S3_S3_S3_S3_PS1_S_q0          |   in|  256|   ap_memory|    p_ZZL23Universal_Engine_KernelILi16EDhEvPK7ap_uintILi256EES3_S3_S3_S3_S3_S3_PS1_S|         array|
+----------------------------------------------------------------------------------------------+-----+-----+------------+-------------------------------------------------------------------------------------+--------------+

