

================================================================
== Vitis HLS Report for 'dct_1d'
================================================================
* Date:           Tue Dec  2 13:52:37 2025

* Version:        2024.2 (Build 5238294 on Nov  8 2024)
* Project:        dct
* Solution:       hls (Vivado IP Flow Target)
* Product family: zynq
* Target device:  xc7z020-clg400-1


================================================================
== Performance Estimates
================================================================
+ Timing: 
    * Summary: 
    +--------+----------+----------+------------+
    |  Clock |  Target  | Estimated| Uncertainty|
    +--------+----------+----------+------------+
    |ap_clk  |  10.00 ns|  7.157 ns|     2.70 ns|
    +--------+----------+----------+------------+

+ Latency: 
    * Summary: 
    +---------+---------+----------+----------+-----+-----+---------+
    |  Latency (cycles) |  Latency (absolute) |  Interval | Pipeline|
    |   min   |   max   |    min   |    max   | min | max |   Type  |
    +---------+---------+----------+----------+-----+-----+---------+
    |       16|       16|  0.160 us|  0.160 us|    4|    4|      yes|
    +---------+---------+----------+----------+-----+-----+---------+

    + Detail: 
        * Instance: 
        N/A

        * Loop: 
        N/A

============================================================
+ Verbose Summary: Synthesis Manager
============================================================
InlineROM: 1
ExposeGlobal: 0
============================================================
+ Verbose Summary: CDFG Model
============================================================
IsTopModel: 0
ResetActiveHigh: 1
IsCombinational: 0
IsDatapathOnly: 0
HasWiredReturn: 1
HasMFsm: 2
HasVarLatency: 0
IsPipeline: 1
IsRtlPipelined: 1
IsInstanceOverlapped: 0
IsDontTouch: 0
HasImplIP: 0
IsGatedGlobalClock: 0

+ Individual pipeline summary: 
  * Pipeline-0: initiation interval (II) = 4, depth = 17


============================================================
+ Verbose Summary: Schedule
============================================================
* Number of FSM states : 17
* Pipeline : 1
  Pipeline-0 : II = 4, D = 17, States = { 1 2 3 4 5 6 7 8 9 10 11 12 13 14 15 16 17 }
* Dataflow Pipeline: 0

* FSM state transitions: 
1 --> 2 
2 --> 3 
3 --> 4 
4 --> 5 
5 --> 6 
6 --> 7 
7 --> 8 
8 --> 9 
9 --> 10 
10 --> 11 
11 --> 12 
12 --> 13 
13 --> 14 
14 --> 15 
15 --> 16 
16 --> 17 
17 --> 

* FSM state operations: 

State 1 <SV = 0> <Delay = 3.25>
ST_1 : Operation 18 [1/1] (0.00ns)   --->   "%src_offset_read = read i3 @_ssdm_op_Read.ap_auto.i3, i3 %src_offset" [../source/dct.c:44]   --->   Operation 18 'read' 'src_offset_read' <Predicate = true> <Delay = 0.00>
ST_1 : Operation 19 [1/1] (0.00ns)   --->   "%tmp_5 = bitconcatenate i6 @_ssdm_op_BitConcatenate.i6.i3.i3, i3 %src_offset_read, i3 0" [../source/dct.c:44]   --->   Operation 19 'bitconcatenate' 'tmp_5' <Predicate = true> <Delay = 0.00>
ST_1 : Operation 20 [1/1] (0.00ns)   --->   "%zext_ln44_1 = zext i6 %tmp_5" [../source/dct.c:44]   --->   Operation 20 'zext' 'zext_ln44_1' <Predicate = true> <Delay = 0.00>
ST_1 : Operation 21 [1/1] (0.00ns)   --->   "%src_addr = getelementptr i16 %src, i64 0, i64 %zext_ln44_1" [../source/dct.c:44]   --->   Operation 21 'getelementptr' 'src_addr' <Predicate = true> <Delay = 0.00>
ST_1 : Operation 22 [1/1] (0.00ns)   --->   "%tmp_10 = bitconcatenate i6 @_ssdm_op_BitConcatenate.i6.i3.i3, i3 %src_offset_read, i3 1" [../source/dct.c:44]   --->   Operation 22 'bitconcatenate' 'tmp_10' <Predicate = true> <Delay = 0.00>
ST_1 : Operation 23 [1/1] (0.00ns)   --->   "%zext_ln44_2 = zext i6 %tmp_10" [../source/dct.c:44]   --->   Operation 23 'zext' 'zext_ln44_2' <Predicate = true> <Delay = 0.00>
ST_1 : Operation 24 [1/1] (0.00ns)   --->   "%src_addr_1 = getelementptr i16 %src, i64 0, i64 %zext_ln44_2" [../source/dct.c:44]   --->   Operation 24 'getelementptr' 'src_addr_1' <Predicate = true> <Delay = 0.00>
ST_1 : Operation 25 [2/2] (3.25ns)   --->   "%src_load = load i6 %src_addr" [../source/dct.c:44]   --->   Operation 25 'load' 'src_load' <Predicate = true> <Delay = 3.25> <CoreInst = "RAM">   --->   Core 81 'RAM' <Latency = 1> <II = 1> <Delay = 3.25> <Storage> <Opcode : 'load' 'store'> <Ports = 2> <Width = 16> <Depth = 64> <RAM>
ST_1 : Operation 26 [2/2] (3.25ns)   --->   "%src_load_1 = load i6 %src_addr_1" [../source/dct.c:44]   --->   Operation 26 'load' 'src_load_1' <Predicate = true> <Delay = 3.25> <CoreInst = "RAM">   --->   Core 81 'RAM' <Latency = 1> <II = 1> <Delay = 3.25> <Storage> <Opcode : 'load' 'store'> <Ports = 2> <Width = 16> <Depth = 64> <RAM>

State 2 <SV = 1> <Delay = 3.25>
ST_2 : Operation 27 [1/1] (0.00ns)   --->   "%tmp_11 = bitconcatenate i6 @_ssdm_op_BitConcatenate.i6.i3.i3, i3 %src_offset_read, i3 2" [../source/dct.c:44]   --->   Operation 27 'bitconcatenate' 'tmp_11' <Predicate = true> <Delay = 0.00>
ST_2 : Operation 28 [1/1] (0.00ns)   --->   "%zext_ln44_3 = zext i6 %tmp_11" [../source/dct.c:44]   --->   Operation 28 'zext' 'zext_ln44_3' <Predicate = true> <Delay = 0.00>
ST_2 : Operation 29 [1/1] (0.00ns)   --->   "%src_addr_2 = getelementptr i16 %src, i64 0, i64 %zext_ln44_3" [../source/dct.c:44]   --->   Operation 29 'getelementptr' 'src_addr_2' <Predicate = true> <Delay = 0.00>
ST_2 : Operation 30 [1/1] (0.00ns)   --->   "%tmp_12 = bitconcatenate i6 @_ssdm_op_BitConcatenate.i6.i3.i3, i3 %src_offset_read, i3 3" [../source/dct.c:44]   --->   Operation 30 'bitconcatenate' 'tmp_12' <Predicate = true> <Delay = 0.00>
ST_2 : Operation 31 [1/1] (0.00ns)   --->   "%zext_ln44_4 = zext i6 %tmp_12" [../source/dct.c:44]   --->   Operation 31 'zext' 'zext_ln44_4' <Predicate = true> <Delay = 0.00>
ST_2 : Operation 32 [1/1] (0.00ns)   --->   "%src_addr_3 = getelementptr i16 %src, i64 0, i64 %zext_ln44_4" [../source/dct.c:44]   --->   Operation 32 'getelementptr' 'src_addr_3' <Predicate = true> <Delay = 0.00>
ST_2 : Operation 33 [1/2] ( I:3.25ns O:3.25ns )   --->   "%src_load = load i6 %src_addr" [../source/dct.c:44]   --->   Operation 33 'load' 'src_load' <Predicate = true> <Delay = 3.25> <CoreInst = "RAM">   --->   Core 81 'RAM' <Latency = 1> <II = 1> <Delay = 3.25> <Storage> <Opcode : 'load' 'store'> <Ports = 2> <Width = 16> <Depth = 64> <RAM>
ST_2 : Operation 34 [1/2] ( I:3.25ns O:3.25ns )   --->   "%src_load_1 = load i6 %src_addr_1" [../source/dct.c:44]   --->   Operation 34 'load' 'src_load_1' <Predicate = true> <Delay = 3.25> <CoreInst = "RAM">   --->   Core 81 'RAM' <Latency = 1> <II = 1> <Delay = 3.25> <Storage> <Opcode : 'load' 'store'> <Ports = 2> <Width = 16> <Depth = 64> <RAM>
ST_2 : Operation 35 [2/2] (3.25ns)   --->   "%src_load_2 = load i6 %src_addr_2" [../source/dct.c:44]   --->   Operation 35 'load' 'src_load_2' <Predicate = true> <Delay = 3.25> <CoreInst = "RAM">   --->   Core 81 'RAM' <Latency = 1> <II = 1> <Delay = 3.25> <Storage> <Opcode : 'load' 'store'> <Ports = 2> <Width = 16> <Depth = 64> <RAM>
ST_2 : Operation 36 [2/2] (3.25ns)   --->   "%src_load_3 = load i6 %src_addr_3" [../source/dct.c:44]   --->   Operation 36 'load' 'src_load_3' <Predicate = true> <Delay = 3.25> <CoreInst = "RAM">   --->   Core 81 'RAM' <Latency = 1> <II = 1> <Delay = 3.25> <Storage> <Opcode : 'load' 'store'> <Ports = 2> <Width = 16> <Depth = 64> <RAM>

State 3 <SV = 2> <Delay = 5.58>
ST_3 : Operation 37 [1/1] (0.00ns)   --->   "%tmp_13 = bitconcatenate i6 @_ssdm_op_BitConcatenate.i6.i3.i3, i3 %src_offset_read, i3 4" [../source/dct.c:44]   --->   Operation 37 'bitconcatenate' 'tmp_13' <Predicate = true> <Delay = 0.00>
ST_3 : Operation 38 [1/1] (0.00ns)   --->   "%zext_ln44_5 = zext i6 %tmp_13" [../source/dct.c:44]   --->   Operation 38 'zext' 'zext_ln44_5' <Predicate = true> <Delay = 0.00>
ST_3 : Operation 39 [1/1] (0.00ns)   --->   "%src_addr_4 = getelementptr i16 %src, i64 0, i64 %zext_ln44_5" [../source/dct.c:44]   --->   Operation 39 'getelementptr' 'src_addr_4' <Predicate = true> <Delay = 0.00>
ST_3 : Operation 40 [1/1] (0.00ns)   --->   "%tmp_16 = bitconcatenate i6 @_ssdm_op_BitConcatenate.i6.i3.i3, i3 %src_offset_read, i3 7" [../source/dct.c:44]   --->   Operation 40 'bitconcatenate' 'tmp_16' <Predicate = true> <Delay = 0.00>
ST_3 : Operation 41 [1/1] (0.00ns)   --->   "%zext_ln44_8 = zext i6 %tmp_16" [../source/dct.c:44]   --->   Operation 41 'zext' 'zext_ln44_8' <Predicate = true> <Delay = 0.00>
ST_3 : Operation 42 [1/1] (0.00ns)   --->   "%src_addr_7 = getelementptr i16 %src, i64 0, i64 %zext_ln44_8" [../source/dct.c:44]   --->   Operation 42 'getelementptr' 'src_addr_7' <Predicate = true> <Delay = 0.00>
ST_3 : Operation 43 [1/2] ( I:3.25ns O:3.25ns )   --->   "%src_load_2 = load i6 %src_addr_2" [../source/dct.c:44]   --->   Operation 43 'load' 'src_load_2' <Predicate = true> <Delay = 3.25> <CoreInst = "RAM">   --->   Core 81 'RAM' <Latency = 1> <II = 1> <Delay = 3.25> <Storage> <Opcode : 'load' 'store'> <Ports = 2> <Width = 16> <Depth = 64> <RAM>
ST_3 : Operation 44 [1/2] ( I:3.25ns O:3.25ns )   --->   "%src_load_3 = load i6 %src_addr_3" [../source/dct.c:44]   --->   Operation 44 'load' 'src_load_3' <Predicate = true> <Delay = 3.25> <CoreInst = "RAM">   --->   Core 81 'RAM' <Latency = 1> <II = 1> <Delay = 3.25> <Storage> <Opcode : 'load' 'store'> <Ports = 2> <Width = 16> <Depth = 64> <RAM>
ST_3 : Operation 45 [2/2] (3.25ns)   --->   "%src_load_4 = load i6 %src_addr_4" [../source/dct.c:44]   --->   Operation 45 'load' 'src_load_4' <Predicate = true> <Delay = 3.25> <CoreInst = "RAM">   --->   Core 81 'RAM' <Latency = 1> <II = 1> <Delay = 3.25> <Storage> <Opcode : 'load' 'store'> <Ports = 2> <Width = 16> <Depth = 64> <RAM>
ST_3 : Operation 46 [2/2] (3.25ns)   --->   "%src_load_7 = load i6 %src_addr_7" [../source/dct.c:44]   --->   Operation 46 'load' 'src_load_7' <Predicate = true> <Delay = 3.25> <CoreInst = "RAM">   --->   Core 81 'RAM' <Latency = 1> <II = 1> <Delay = 3.25> <Storage> <Opcode : 'load' 'store'> <Ports = 2> <Width = 16> <Depth = 64> <RAM>
ST_3 : Operation 47 [1/1] (0.00ns)   --->   "%sext_ln44_11 = sext i16 %src_load_1" [../source/dct.c:44]   --->   Operation 47 'sext' 'sext_ln44_11' <Predicate = true> <Delay = 0.00>
ST_3 : Operation 48 [1/1] (5.58ns)   --->   "%mul_ln44 = mul i29 %sext_ln44_11, i29 9633" [../source/dct.c:44]   --->   Operation 48 'mul' 'mul_ln44' <Predicate = true> <Delay = 5.58> <CoreInst = "Multiplier">   --->   Core 3 'Multiplier' <Latency = 0> <II = 1> <Delay = 5.58> <FuncUnit> <Opcode : 'mul'> <InPorts = 2> <OutPorts = 1>

State 4 <SV = 3> <Delay = 5.95>
ST_4 : Operation 49 [1/1] (0.00ns)   --->   "%dst_offset_read = read i3 @_ssdm_op_Read.ap_auto.i3, i3 %dst_offset" [../source/dct.c:44]   --->   Operation 49 'read' 'dst_offset_read' <Predicate = true> <Delay = 0.00>
ST_4 : Operation 50 [1/1] (0.00ns)   --->   "%tmp_14 = bitconcatenate i6 @_ssdm_op_BitConcatenate.i6.i3.i3, i3 %src_offset_read, i3 5" [../source/dct.c:44]   --->   Operation 50 'bitconcatenate' 'tmp_14' <Predicate = true> <Delay = 0.00>
ST_4 : Operation 51 [1/1] (0.00ns)   --->   "%zext_ln44_6 = zext i6 %tmp_14" [../source/dct.c:44]   --->   Operation 51 'zext' 'zext_ln44_6' <Predicate = true> <Delay = 0.00>
ST_4 : Operation 52 [1/1] (0.00ns)   --->   "%src_addr_5 = getelementptr i16 %src, i64 0, i64 %zext_ln44_6" [../source/dct.c:44]   --->   Operation 52 'getelementptr' 'src_addr_5' <Predicate = true> <Delay = 0.00>
ST_4 : Operation 53 [1/1] (0.00ns)   --->   "%tmp_15 = bitconcatenate i6 @_ssdm_op_BitConcatenate.i6.i3.i3, i3 %src_offset_read, i3 6" [../source/dct.c:44]   --->   Operation 53 'bitconcatenate' 'tmp_15' <Predicate = true> <Delay = 0.00>
ST_4 : Operation 54 [1/1] (0.00ns)   --->   "%zext_ln44_7 = zext i6 %tmp_15" [../source/dct.c:44]   --->   Operation 54 'zext' 'zext_ln44_7' <Predicate = true> <Delay = 0.00>
ST_4 : Operation 55 [1/1] (0.00ns)   --->   "%src_addr_6 = getelementptr i16 %src, i64 0, i64 %zext_ln44_7" [../source/dct.c:44]   --->   Operation 55 'getelementptr' 'src_addr_6' <Predicate = true> <Delay = 0.00>
ST_4 : Operation 56 [1/1] (0.00ns)   --->   "%sext_ln44_3 = sext i16 %src_load_3" [../source/dct.c:44]   --->   Operation 56 'sext' 'sext_ln44_3' <Predicate = true> <Delay = 0.00>
ST_4 : Operation 57 [1/2] ( I:3.25ns O:3.25ns )   --->   "%src_load_4 = load i6 %src_addr_4" [../source/dct.c:44]   --->   Operation 57 'load' 'src_load_4' <Predicate = true> <Delay = 3.25> <CoreInst = "RAM">   --->   Core 81 'RAM' <Latency = 1> <II = 1> <Delay = 3.25> <Storage> <Opcode : 'load' 'store'> <Ports = 2> <Width = 16> <Depth = 64> <RAM>
ST_4 : Operation 58 [1/1] (0.00ns)   --->   "%sext_ln33_1 = sext i16 %src_load_4" [../source/dct.c:33]   --->   Operation 58 'sext' 'sext_ln33_1' <Predicate = true> <Delay = 0.00>
ST_4 : Operation 59 [2/2] (3.25ns)   --->   "%src_load_5 = load i6 %src_addr_5" [../source/dct.c:44]   --->   Operation 59 'load' 'src_load_5' <Predicate = true> <Delay = 3.25> <CoreInst = "RAM">   --->   Core 81 'RAM' <Latency = 1> <II = 1> <Delay = 3.25> <Storage> <Opcode : 'load' 'store'> <Ports = 2> <Width = 16> <Depth = 64> <RAM>
ST_4 : Operation 60 [2/2] (3.25ns)   --->   "%src_load_6 = load i6 %src_addr_6" [../source/dct.c:44]   --->   Operation 60 'load' 'src_load_6' <Predicate = true> <Delay = 3.25> <CoreInst = "RAM">   --->   Core 81 'RAM' <Latency = 1> <II = 1> <Delay = 3.25> <Storage> <Opcode : 'load' 'store'> <Ports = 2> <Width = 16> <Depth = 64> <RAM>
ST_4 : Operation 61 [1/2] ( I:3.25ns O:3.25ns )   --->   "%src_load_7 = load i6 %src_addr_7" [../source/dct.c:44]   --->   Operation 61 'load' 'src_load_7' <Predicate = true> <Delay = 3.25> <CoreInst = "RAM">   --->   Core 81 'RAM' <Latency = 1> <II = 1> <Delay = 3.25> <Storage> <Opcode : 'load' 'store'> <Ports = 2> <Width = 16> <Depth = 64> <RAM>
ST_4 : Operation 62 [1/1] (0.00ns)   --->   "%sext_ln44_13 = sext i16 %src_load_7" [../source/dct.c:44]   --->   Operation 62 'sext' 'sext_ln44_13' <Predicate = true> <Delay = 0.00>
ST_4 : Operation 63 [3/3] (1.05ns) (grouped into DSP with root node add_ln46_11)   --->   "%mul_ln44_2 = mul i29 %sext_ln44_13, i29 536859550" [../source/dct.c:44]   --->   Operation 63 'mul' 'mul_ln44_2' <Predicate = true> <Delay = 1.05> <CoreInst = "DSP48">   --->   Core 116 'DSP48' <Latency = 3> <II = 1> <Delay = 2.15> <IPBlock> <Opcode : '' 'add' 'sub' 'mul' 'select'> <InPorts = 0> <OutPorts = 1> <Sync> <CReg>
ST_4 : Operation 64 [1/1] (1.65ns) (grouped into DSP with root node add_ln46_8)   --->   "%tmp4 = sub i17 %sext_ln44_3, i17 %sext_ln33_1" [../source/dct.c:44]   --->   Operation 64 'sub' 'tmp4' <Predicate = true> <Delay = 1.65> <CoreInst = "DSP48">   --->   Core 116 'DSP48' <Latency = 3> <II = 1> <Delay = 2.15> <IPBlock> <Opcode : '' 'add' 'sub' 'mul' 'select'> <InPorts = 0> <OutPorts = 1> <Sync> <CReg>
ST_4 : Operation 65 [1/1] (0.00ns) (grouped into DSP with root node add_ln46_8)   --->   "%tmp4_cast = sext i17 %tmp4" [../source/dct.c:44]   --->   Operation 65 'sext' 'tmp4_cast' <Predicate = true> <Delay = 0.00>
ST_4 : Operation 66 [3/3] (1.05ns) (grouped into DSP with root node add_ln46_8)   --->   "%tmp5 = mul i29 %tmp4_cast, i29 2260" [../source/dct.c:44]   --->   Operation 66 'mul' 'tmp5' <Predicate = true> <Delay = 1.05> <CoreInst = "DSP48">   --->   Core 116 'DSP48' <Latency = 3> <II = 1> <Delay = 2.15> <IPBlock> <Opcode : '' 'add' 'sub' 'mul' 'select'> <InPorts = 0> <OutPorts = 1> <Sync> <CReg>
ST_4 : Operation 67 [1/1] (0.00ns)   --->   "%sext_ln44_14 = sext i16 %src_load_2" [../source/dct.c:44]   --->   Operation 67 'sext' 'sext_ln44_14' <Predicate = true> <Delay = 0.00>
ST_4 : Operation 68 [1/1] (5.58ns)   --->   "%mul_ln44_3 = mul i29 %sext_ln44_14, i29 536859550" [../source/dct.c:44]   --->   Operation 68 'mul' 'mul_ln44_3' <Predicate = true> <Delay = 5.58> <CoreInst = "Multiplier">   --->   Core 3 'Multiplier' <Latency = 0> <II = 1> <Delay = 5.58> <FuncUnit> <Opcode : 'mul'> <InPorts = 2> <OutPorts = 1>
ST_4 : Operation 69 [1/1] (1.65ns) (grouped into DSP with root node add_ln46_14)   --->   "%tmp22 = sub i17 %sext_ln33_1, i17 %sext_ln44_3" [../source/dct.c:33]   --->   Operation 69 'sub' 'tmp22' <Predicate = true> <Delay = 1.65> <CoreInst = "DSP48">   --->   Core 116 'DSP48' <Latency = 3> <II = 1> <Delay = 2.15> <IPBlock> <Opcode : '' 'add' 'sub' 'mul' 'select'> <InPorts = 0> <OutPorts = 1> <Sync> <CReg>
ST_4 : Operation 70 [1/1] (0.00ns) (grouped into DSP with root node add_ln46_14)   --->   "%tmp22_cast = sext i17 %tmp22" [../source/dct.c:33]   --->   Operation 70 'sext' 'tmp22_cast' <Predicate = true> <Delay = 0.00>
ST_4 : Operation 71 [3/3] (1.05ns) (grouped into DSP with root node add_ln46_14)   --->   "%tmp23 = mul i29 %tmp22_cast, i29 6436" [../source/dct.c:33]   --->   Operation 71 'mul' 'tmp23' <Predicate = true> <Delay = 1.05> <CoreInst = "DSP48">   --->   Core 116 'DSP48' <Latency = 3> <II = 1> <Delay = 2.15> <IPBlock> <Opcode : '' 'add' 'sub' 'mul' 'select'> <InPorts = 0> <OutPorts = 1> <Sync> <CReg>
ST_4 : Operation 72 [1/1] (0.00ns)   --->   "%sext_ln44_16 = sext i16 %src_load_3" [../source/dct.c:44]   --->   Operation 72 'sext' 'sext_ln44_16' <Predicate = true> <Delay = 0.00>
ST_4 : Operation 73 [1/1] (5.58ns)   --->   "%mul_ln44_7 = mul i29 %sext_ln44_16, i29 9633" [../source/dct.c:44]   --->   Operation 73 'mul' 'mul_ln44_7' <Predicate = true> <Delay = 5.58> <CoreInst = "Multiplier">   --->   Core 3 'Multiplier' <Latency = 0> <II = 1> <Delay = 5.58> <FuncUnit> <Opcode : 'mul'> <InPorts = 2> <OutPorts = 1>
ST_4 : Operation 74 [1/1] (0.00ns)   --->   "%sext_ln44_17 = sext i16 %src_load_4" [../source/dct.c:44]   --->   Operation 74 'sext' 'sext_ln44_17' <Predicate = true> <Delay = 0.00>
ST_4 : Operation 75 [3/3] (1.05ns) (grouped into DSP with root node add_ln46_19)   --->   "%mul_ln44_8 = mul i29 %sext_ln44_17, i29 536861280" [../source/dct.c:44]   --->   Operation 75 'mul' 'mul_ln44_8' <Predicate = true> <Delay = 1.05> <CoreInst = "DSP48">   --->   Core 116 'DSP48' <Latency = 3> <II = 1> <Delay = 2.15> <IPBlock> <Opcode : '' 'add' 'sub' 'mul' 'select'> <InPorts = 0> <OutPorts = 1> <Sync> <CReg>
ST_4 : Operation 76 [3/3] (1.05ns) (grouped into DSP with root node add_ln46_25)   --->   "%mul_ln44_12 = mul i29 %sext_ln44_17, i29 11363" [../source/dct.c:44]   --->   Operation 76 'mul' 'mul_ln44_12' <Predicate = true> <Delay = 1.05> <CoreInst = "DSP48">   --->   Core 116 'DSP48' <Latency = 3> <II = 1> <Delay = 2.15> <IPBlock> <Opcode : '' 'add' 'sub' 'mul' 'select'> <InPorts = 0> <OutPorts = 1> <Sync> <CReg>

State 5 <SV = 4> <Delay = 7.15>
ST_5 : Operation 77 [1/1] (0.00ns)   --->   "%sext_ln44 = sext i16 %src_load" [../source/dct.c:44]   --->   Operation 77 'sext' 'sext_ln44' <Predicate = true> <Delay = 0.00>
ST_5 : Operation 78 [1/1] (0.00ns)   --->   "%sext_ln44_1 = sext i16 %src_load_1" [../source/dct.c:44]   --->   Operation 78 'sext' 'sext_ln44_1' <Predicate = true> <Delay = 0.00>
ST_5 : Operation 79 [1/1] (0.00ns)   --->   "%sext_ln44_2 = sext i16 %src_load_2" [../source/dct.c:44]   --->   Operation 79 'sext' 'sext_ln44_2' <Predicate = true> <Delay = 0.00>
ST_5 : Operation 80 [1/1] (0.00ns)   --->   "%sext_ln33 = sext i16 %src_load_4" [../source/dct.c:33]   --->   Operation 80 'sext' 'sext_ln33' <Predicate = true> <Delay = 0.00>
ST_5 : Operation 81 [1/2] ( I:3.25ns O:3.25ns )   --->   "%src_load_5 = load i6 %src_addr_5" [../source/dct.c:44]   --->   Operation 81 'load' 'src_load_5' <Predicate = true> <Delay = 3.25> <CoreInst = "RAM">   --->   Core 81 'RAM' <Latency = 1> <II = 1> <Delay = 3.25> <Storage> <Opcode : 'load' 'store'> <Ports = 2> <Width = 16> <Depth = 64> <RAM>
ST_5 : Operation 82 [1/1] (0.00ns)   --->   "%sext_ln44_5 = sext i16 %src_load_5" [../source/dct.c:44]   --->   Operation 82 'sext' 'sext_ln44_5' <Predicate = true> <Delay = 0.00>
ST_5 : Operation 83 [1/2] ( I:3.25ns O:3.25ns )   --->   "%src_load_6 = load i6 %src_addr_6" [../source/dct.c:44]   --->   Operation 83 'load' 'src_load_6' <Predicate = true> <Delay = 3.25> <CoreInst = "RAM">   --->   Core 81 'RAM' <Latency = 1> <II = 1> <Delay = 3.25> <Storage> <Opcode : 'load' 'store'> <Ports = 2> <Width = 16> <Depth = 64> <RAM>
ST_5 : Operation 84 [1/1] (0.00ns)   --->   "%sext_ln44_6 = sext i16 %src_load_6" [../source/dct.c:44]   --->   Operation 84 'sext' 'sext_ln44_6' <Predicate = true> <Delay = 0.00>
ST_5 : Operation 85 [1/1] (0.00ns)   --->   "%sext_ln44_8 = sext i16 %src_load_7" [../source/dct.c:44]   --->   Operation 85 'sext' 'sext_ln44_8' <Predicate = true> <Delay = 0.00>
ST_5 : Operation 86 [1/1] (0.00ns)   --->   "%sext_ln44_9 = sext i16 %src_load_7" [../source/dct.c:44]   --->   Operation 86 'sext' 'sext_ln44_9' <Predicate = true> <Delay = 0.00>
ST_5 : Operation 87 [1/1] (0.00ns)   --->   "%shl_ln = bitconcatenate i29 @_ssdm_op_BitConcatenate.i29.i16.i13, i16 %src_load_7, i13 0" [../source/dct.c:44]   --->   Operation 87 'bitconcatenate' 'shl_ln' <Predicate = true> <Delay = 0.00>
ST_5 : Operation 88 [1/1] (2.07ns)   --->   "%tmp = add i16 %src_load_2, i16 %src_load_1" [../source/dct.c:44]   --->   Operation 88 'add' 'tmp' <Predicate = true> <Delay = 2.07> <CoreInst = "Adder">   --->   Core 1 'Adder' <Latency = 0> <II = 1> <Delay = 2.07> <FuncUnit> <Opcode : 'add' 'sub'> <InPorts = 2> <OutPorts = 1>
ST_5 : Operation 89 [1/1] (0.00ns) (grouped into TernaryAdder)   --->   "%tmp1 = add i16 %src_load_5, i16 %src_load_6" [../source/dct.c:44]   --->   Operation 89 'add' 'tmp1' <Predicate = true> <Delay = 0.00> <CoreInst = "TAddSub">   --->   Core 10 'TAddSub' <Latency = 0> <II = 1> <Delay = 2.14> <IPBlock> <Opcode : '' 'add' 'sub'> <InPorts = 3> <OutPorts = 1> <Sync> <CReg>
ST_5 : Operation 90 [1/1] (3.90ns) (root node of TernaryAdder)   --->   "%tmp235 = add i16 %tmp1, i16 %tmp" [../source/dct.c:44]   --->   Operation 90 'add' 'tmp235' <Predicate = true> <Delay = 3.90> <CoreInst = "TAddSub">   --->   Core 10 'TAddSub' <Latency = 0> <II = 1> <Delay = 2.14> <IPBlock> <Opcode : '' 'add' 'sub'> <InPorts = 3> <OutPorts = 1> <Sync> <CReg>
ST_5 : Operation 91 [1/1] (0.00ns)   --->   "%tmp_4 = bitconcatenate i29 @_ssdm_op_BitConcatenate.i29.i16.i13, i16 %src_load, i13 4096" [../source/dct.c:44]   --->   Operation 91 'bitconcatenate' 'tmp_4' <Predicate = true> <Delay = 0.00>
ST_5 : Operation 92 [1/1] (2.07ns)   --->   "%tmp5733 = add i16 %src_load_4, i16 %src_load_3" [../source/dct.c:44]   --->   Operation 92 'add' 'tmp5733' <Predicate = true> <Delay = 2.07> <CoreInst = "Adder">   --->   Core 1 'Adder' <Latency = 0> <II = 1> <Delay = 2.07> <FuncUnit> <Opcode : 'add' 'sub'> <InPorts = 2> <OutPorts = 1>
ST_5 : Operation 93 [1/1] (0.00ns)   --->   "%tmp20 = bitconcatenate i29 @_ssdm_op_BitConcatenate.i29.i16.i13, i16 %tmp5733, i13 0" [../source/dct.c:44]   --->   Operation 93 'bitconcatenate' 'tmp20' <Predicate = true> <Delay = 0.00>
ST_5 : Operation 94 [1/1] (0.00ns) (grouped into TernaryAdder)   --->   "%add_ln44 = add i29 %tmp_4, i29 %shl_ln" [../source/dct.c:44]   --->   Operation 94 'add' 'add_ln44' <Predicate = true> <Delay = 0.00> <CoreInst = "TAddSub">   --->   Core 10 'TAddSub' <Latency = 0> <II = 1> <Delay = 2.14> <IPBlock> <Opcode : '' 'add' 'sub'> <InPorts = 3> <OutPorts = 1> <Sync> <CReg>
ST_5 : Operation 95 [1/1] (4.28ns) (root node of TernaryAdder)   --->   "%tmp_21 = add i29 %add_ln44, i29 %tmp20" [../source/dct.c:44]   --->   Operation 95 'add' 'tmp_21' <Predicate = true> <Delay = 4.28> <CoreInst = "TAddSub">   --->   Core 10 'TAddSub' <Latency = 0> <II = 1> <Delay = 2.14> <IPBlock> <Opcode : '' 'add' 'sub'> <InPorts = 3> <OutPorts = 1> <Sync> <CReg>
ST_5 : Operation 96 [1/1] (0.00ns)   --->   "%sext_ln44_12 = sext i16 %src_load_6" [../source/dct.c:44]   --->   Operation 96 'sext' 'sext_ln44_12' <Predicate = true> <Delay = 0.00>
ST_5 : Operation 97 [3/3] (1.05ns) (grouped into DSP with root node add_ln46_10)   --->   "%mul_ln44_1 = mul i29 %sext_ln44_12, i29 536861280" [../source/dct.c:44]   --->   Operation 97 'mul' 'mul_ln44_1' <Predicate = true> <Delay = 1.05> <CoreInst = "DSP48">   --->   Core 116 'DSP48' <Latency = 3> <II = 1> <Delay = 2.15> <IPBlock> <Opcode : '' 'add' 'sub' 'mul' 'select'> <InPorts = 0> <OutPorts = 1> <Sync> <CReg>
ST_5 : Operation 98 [2/3] (1.05ns) (grouped into DSP with root node add_ln46_11)   --->   "%mul_ln44_2 = mul i29 %sext_ln44_13, i29 536859550" [../source/dct.c:44]   --->   Operation 98 'mul' 'mul_ln44_2' <Predicate = true> <Delay = 1.05> <CoreInst = "DSP48">   --->   Core 116 'DSP48' <Latency = 3> <II = 1> <Delay = 2.15> <IPBlock> <Opcode : '' 'add' 'sub' 'mul' 'select'> <InPorts = 0> <OutPorts = 1> <Sync> <CReg>
ST_5 : Operation 99 [2/3] (1.05ns) (grouped into DSP with root node add_ln46_8)   --->   "%tmp5 = mul i29 %tmp4_cast, i29 2260" [../source/dct.c:44]   --->   Operation 99 'mul' 'tmp5' <Predicate = true> <Delay = 1.05> <CoreInst = "DSP48">   --->   Core 116 'DSP48' <Latency = 3> <II = 1> <Delay = 2.15> <IPBlock> <Opcode : '' 'add' 'sub' 'mul' 'select'> <InPorts = 0> <OutPorts = 1> <Sync> <CReg>
ST_5 : Operation 100 [1/1] (2.07ns)   --->   "%tmp7 = sub i17 %sext_ln44_2, i17 %sext_ln44_5" [../source/dct.c:44]   --->   Operation 100 'sub' 'tmp7' <Predicate = true> <Delay = 2.07> <CoreInst = "Adder">   --->   Core 1 'Adder' <Latency = 0> <II = 1> <Delay = 2.07> <FuncUnit> <Opcode : 'add' 'sub'> <InPorts = 2> <OutPorts = 1>
ST_5 : Operation 101 [1/1] (2.07ns)   --->   "%tmp17 = sub i17 %sext_ln44, i17 %sext_ln44_3" [../source/dct.c:44]   --->   Operation 101 'sub' 'tmp17' <Predicate = true> <Delay = 2.07> <CoreInst = "Adder">   --->   Core 1 'Adder' <Latency = 0> <II = 1> <Delay = 2.07> <FuncUnit> <Opcode : 'add' 'sub'> <InPorts = 2> <OutPorts = 1>
ST_5 : Operation 102 [1/1] (0.00ns)   --->   "%tmp17_cast = sext i17 %tmp17" [../source/dct.c:44]   --->   Operation 102 'sext' 'tmp17_cast' <Predicate = true> <Delay = 0.00>
ST_5 : Operation 103 [1/1] (0.00ns) (grouped into TernaryAdder)   --->   "%tmp18 = sub i18 %tmp17_cast, i18 %sext_ln33" [../source/dct.c:44]   --->   Operation 103 'sub' 'tmp18' <Predicate = true> <Delay = 0.00> <CoreInst = "TAddSub">   --->   Core 10 'TAddSub' <Latency = 0> <II = 1> <Delay = 2.14> <IPBlock> <Opcode : '' 'add' 'sub'> <InPorts = 3> <OutPorts = 1> <Sync> <CReg>
ST_5 : Operation 104 [1/1] (3.96ns) (root node of TernaryAdder)   --->   "%tmp19 = add i18 %tmp18, i18 %sext_ln44_9" [../source/dct.c:44]   --->   Operation 104 'add' 'tmp19' <Predicate = true> <Delay = 3.96> <CoreInst = "TAddSub">   --->   Core 10 'TAddSub' <Latency = 0> <II = 1> <Delay = 2.14> <IPBlock> <Opcode : '' 'add' 'sub'> <InPorts = 3> <OutPorts = 1> <Sync> <CReg>
ST_5 : Operation 105 [3/3] (1.05ns) (grouped into DSP with root node add_ln46_17)   --->   "%mul_ln44_5 = mul i29 %sext_ln44_13, i29 536861280" [../source/dct.c:44]   --->   Operation 105 'mul' 'mul_ln44_5' <Predicate = true> <Delay = 1.05> <CoreInst = "DSP48">   --->   Core 116 'DSP48' <Latency = 3> <II = 1> <Delay = 2.15> <IPBlock> <Opcode : '' 'add' 'sub' 'mul' 'select'> <InPorts = 0> <OutPorts = 1> <Sync> <CReg>
ST_5 : Operation 106 [2/3] (1.05ns) (grouped into DSP with root node add_ln46_14)   --->   "%tmp23 = mul i29 %tmp22_cast, i29 6436" [../source/dct.c:33]   --->   Operation 106 'mul' 'tmp23' <Predicate = true> <Delay = 1.05> <CoreInst = "DSP48">   --->   Core 116 'DSP48' <Latency = 3> <II = 1> <Delay = 2.15> <IPBlock> <Opcode : '' 'add' 'sub' 'mul' 'select'> <InPorts = 0> <OutPorts = 1> <Sync> <CReg>
ST_5 : Operation 107 [1/1] (2.07ns)   --->   "%tmp25 = sub i17 %sext_ln44_6, i17 %sext_ln44_1" [../source/dct.c:44]   --->   Operation 107 'sub' 'tmp25' <Predicate = true> <Delay = 2.07> <CoreInst = "Adder">   --->   Core 1 'Adder' <Latency = 0> <II = 1> <Delay = 2.07> <FuncUnit> <Opcode : 'add' 'sub'> <InPorts = 2> <OutPorts = 1>
ST_5 : Operation 108 [1/1] (0.00ns)   --->   "%tmp25_cast17 = sext i17 %tmp25" [../source/dct.c:44]   --->   Operation 108 'sext' 'tmp25_cast17' <Predicate = true> <Delay = 0.00>
ST_5 : Operation 109 [3/3] (1.05ns) (grouped into DSP with root node add_ln46_16)   --->   "%mul_ln46_2 = mul i29 %tmp25_cast17, i29 2260" [../source/dct.c:46]   --->   Operation 109 'mul' 'mul_ln46_2' <Predicate = true> <Delay = 1.05> <CoreInst = "DSP48">   --->   Core 116 'DSP48' <Latency = 3> <II = 1> <Delay = 2.15> <IPBlock> <Opcode : '' 'add' 'sub' 'mul' 'select'> <InPorts = 0> <OutPorts = 1> <Sync> <CReg>
ST_5 : Operation 110 [1/1] (2.07ns)   --->   "%tmp27 = add i17 %sext_ln44_6, i17 %sext_ln44_5" [../source/dct.c:44]   --->   Operation 110 'add' 'tmp27' <Predicate = true> <Delay = 2.07> <CoreInst = "Adder">   --->   Core 1 'Adder' <Latency = 0> <II = 1> <Delay = 2.07> <FuncUnit> <Opcode : 'add' 'sub'> <InPorts = 2> <OutPorts = 1>
ST_5 : Operation 111 [1/1] (0.00ns)   --->   "%empty = trunc i17 %tmp27" [../source/dct.c:44]   --->   Operation 111 'trunc' 'empty' <Predicate = true> <Delay = 0.00>
ST_5 : Operation 112 [2/3] (1.05ns) (grouped into DSP with root node add_ln46_19)   --->   "%mul_ln44_8 = mul i29 %sext_ln44_17, i29 536861280" [../source/dct.c:44]   --->   Operation 112 'mul' 'mul_ln44_8' <Predicate = true> <Delay = 1.05> <CoreInst = "DSP48">   --->   Core 116 'DSP48' <Latency = 3> <II = 1> <Delay = 2.15> <IPBlock> <Opcode : '' 'add' 'sub' 'mul' 'select'> <InPorts = 0> <OutPorts = 1> <Sync> <CReg>
ST_5 : Operation 113 [1/1] (2.07ns)   --->   "%tmp35 = sub i17 %sext_ln44, i17 %sext_ln44_8" [../source/dct.c:44]   --->   Operation 113 'sub' 'tmp35' <Predicate = true> <Delay = 2.07> <CoreInst = "Adder">   --->   Core 1 'Adder' <Latency = 0> <II = 1> <Delay = 2.07> <FuncUnit> <Opcode : 'add' 'sub'> <InPorts = 2> <OutPorts = 1>
ST_5 : Operation 114 [1/1] (0.00ns)   --->   "%sext_ln46 = sext i17 %tmp35" [../source/dct.c:46]   --->   Operation 114 'sext' 'sext_ln46' <Predicate = true> <Delay = 0.00>
ST_5 : Operation 115 [3/3] (1.05ns) (grouped into DSP with root node add_ln46_22)   --->   "%mul_ln46_3 = mul i29 %sext_ln46, i29 6436" [../source/dct.c:46]   --->   Operation 115 'mul' 'mul_ln46_3' <Predicate = true> <Delay = 1.05> <CoreInst = "DSP48">   --->   Core 116 'DSP48' <Latency = 3> <II = 1> <Delay = 2.15> <IPBlock> <Opcode : '' 'add' 'sub' 'mul' 'select'> <InPorts = 0> <OutPorts = 1> <Sync> <CReg>
ST_5 : Operation 116 [1/1] (5.58ns)   --->   "%mul_ln44_11 = mul i29 %sext_ln44_16, i29 536859550" [../source/dct.c:44]   --->   Operation 116 'mul' 'mul_ln44_11' <Predicate = true> <Delay = 5.58> <CoreInst = "Multiplier">   --->   Core 3 'Multiplier' <Latency = 0> <II = 1> <Delay = 5.58> <FuncUnit> <Opcode : 'mul'> <InPorts = 2> <OutPorts = 1>
ST_5 : Operation 117 [2/3] (1.05ns) (grouped into DSP with root node add_ln46_25)   --->   "%mul_ln44_12 = mul i29 %sext_ln44_17, i29 11363" [../source/dct.c:44]   --->   Operation 117 'mul' 'mul_ln44_12' <Predicate = true> <Delay = 1.05> <CoreInst = "DSP48">   --->   Core 116 'DSP48' <Latency = 3> <II = 1> <Delay = 2.15> <IPBlock> <Opcode : '' 'add' 'sub' 'mul' 'select'> <InPorts = 0> <OutPorts = 1> <Sync> <CReg>

State 6 <SV = 5> <Delay = 6.74>
ST_6 : Operation 118 [1/1] (0.00ns)   --->   "%tmp_1 = bitconcatenate i6 @_ssdm_op_BitConcatenate.i6.i3.i3, i3 %dst_offset_read, i3 0" [../source/dct.c:44]   --->   Operation 118 'bitconcatenate' 'tmp_1' <Predicate = true> <Delay = 0.00>
ST_6 : Operation 119 [1/1] (0.00ns)   --->   "%zext_ln44 = zext i6 %tmp_1" [../source/dct.c:44]   --->   Operation 119 'zext' 'zext_ln44' <Predicate = true> <Delay = 0.00>
ST_6 : Operation 120 [1/1] (0.00ns)   --->   "%dst_addr = getelementptr i16 %dst, i64 0, i64 %zext_ln44" [../source/dct.c:44]   --->   Operation 120 'getelementptr' 'dst_addr' <Predicate = true> <Delay = 0.00>
ST_6 : Operation 121 [1/1] (0.00ns)   --->   "%sext_ln44_4 = sext i16 %src_load_5" [../source/dct.c:44]   --->   Operation 121 'sext' 'sext_ln44_4' <Predicate = true> <Delay = 0.00>
ST_6 : Operation 122 [1/1] (0.00ns)   --->   "%tmp3 = bitconcatenate i29 @_ssdm_op_BitConcatenate.i29.i16.i13, i16 %tmp235, i13 0" [../source/dct.c:44]   --->   Operation 122 'bitconcatenate' 'tmp3' <Predicate = true> <Delay = 0.00>
ST_6 : Operation 123 [1/1] (2.46ns)   --->   "%add_ln46 = add i29 %tmp_21, i29 %tmp3" [../source/dct.c:46]   --->   Operation 123 'add' 'add_ln46' <Predicate = true> <Delay = 2.46> <CoreInst = "Adder">   --->   Core 1 'Adder' <Latency = 0> <II = 1> <Delay = 2.46> <FuncUnit> <Opcode : 'add' 'sub'> <InPorts = 2> <OutPorts = 1>
ST_6 : Operation 124 [1/1] (0.00ns)   --->   "%trunc_ln = partselect i16 @_ssdm_op_PartSelect.i16.i29.i32.i32, i29 %add_ln46, i32 13, i32 28" [../source/dct.c:46]   --->   Operation 124 'partselect' 'trunc_ln' <Predicate = true> <Delay = 0.00>
ST_6 : Operation 125 [1/1] ( I:3.25ns O:3.25ns )   --->   "%store_ln46 = store i16 %trunc_ln, i6 %dst_addr" [../source/dct.c:46]   --->   Operation 125 'store' 'store_ln46' <Predicate = true> <Delay = 3.25> <CoreInst = "RAM">   --->   Core 81 'RAM' <Latency = 1> <II = 1> <Delay = 3.25> <Storage> <Opcode : 'load' 'store'> <Ports = 2> <Width = 16> <Depth = 64> <RAM>
ST_6 : Operation 126 [1/1] (0.00ns)   --->   "%sext_ln44_10 = sext i16 %src_load" [../source/dct.c:44]   --->   Operation 126 'sext' 'sext_ln44_10' <Predicate = true> <Delay = 0.00>
ST_6 : Operation 127 [3/3] (1.05ns) (grouped into DSP with root node add_ln46_9)   --->   "%mul_ln33 = mul i29 %sext_ln44_10, i29 11363" [../source/dct.c:33]   --->   Operation 127 'mul' 'mul_ln33' <Predicate = true> <Delay = 1.05> <CoreInst = "DSP48">   --->   Core 116 'DSP48' <Latency = 3> <II = 1> <Delay = 2.15> <IPBlock> <Opcode : '' 'add' 'sub' 'mul' 'select'> <InPorts = 0> <OutPorts = 1> <Sync> <CReg>
ST_6 : Operation 128 [2/3] (1.05ns) (grouped into DSP with root node add_ln46_10)   --->   "%mul_ln44_1 = mul i29 %sext_ln44_12, i29 536861280" [../source/dct.c:44]   --->   Operation 128 'mul' 'mul_ln44_1' <Predicate = true> <Delay = 1.05> <CoreInst = "DSP48">   --->   Core 116 'DSP48' <Latency = 3> <II = 1> <Delay = 2.15> <IPBlock> <Opcode : '' 'add' 'sub' 'mul' 'select'> <InPorts = 0> <OutPorts = 1> <Sync> <CReg>
ST_6 : Operation 129 [1/3] (0.00ns) (grouped into DSP with root node add_ln46_11)   --->   "%mul_ln44_2 = mul i29 %sext_ln44_13, i29 536859550" [../source/dct.c:44]   --->   Operation 129 'mul' 'mul_ln44_2' <Predicate = true> <Delay = 0.00> <CoreInst = "DSP48">   --->   Core 116 'DSP48' <Latency = 3> <II = 1> <Delay = 2.15> <IPBlock> <Opcode : '' 'add' 'sub' 'mul' 'select'> <InPorts = 0> <OutPorts = 1> <Sync> <CReg>
ST_6 : Operation 130 [1/3] (0.00ns) (grouped into DSP with root node add_ln46_8)   --->   "%tmp5 = mul i29 %tmp4_cast, i29 2260" [../source/dct.c:44]   --->   Operation 130 'mul' 'tmp5' <Predicate = true> <Delay = 0.00> <CoreInst = "DSP48">   --->   Core 116 'DSP48' <Latency = 3> <II = 1> <Delay = 2.15> <IPBlock> <Opcode : '' 'add' 'sub' 'mul' 'select'> <InPorts = 0> <OutPorts = 1> <Sync> <CReg>
ST_6 : Operation 131 [1/1] (0.00ns)   --->   "%tmp7_cast15 = sext i17 %tmp7" [../source/dct.c:44]   --->   Operation 131 'sext' 'tmp7_cast15' <Predicate = true> <Delay = 0.00>
ST_6 : Operation 132 [1/1] (5.58ns)   --->   "%mul_ln46 = mul i29 %tmp7_cast15, i29 6436" [../source/dct.c:46]   --->   Operation 132 'mul' 'mul_ln46' <Predicate = true> <Delay = 5.58> <CoreInst = "Multiplier">   --->   Core 3 'Multiplier' <Latency = 0> <II = 1> <Delay = 5.58> <FuncUnit> <Opcode : 'mul'> <InPorts = 2> <OutPorts = 1>
ST_6 : Operation 133 [2/2] (2.10ns) (root node of the DSP)   --->   "%add_ln46_8 = add i29 %mul_ln44, i29 %tmp5" [../source/dct.c:46]   --->   Operation 133 'add' 'add_ln46_8' <Predicate = true> <Delay = 2.10> <CoreInst = "DSP48">   --->   Core 116 'DSP48' <Latency = 3> <II = 1> <Delay = 2.15> <IPBlock> <Opcode : '' 'add' 'sub' 'mul' 'select'> <InPorts = 0> <OutPorts = 1> <Sync> <CReg>
ST_6 : Operation 134 [2/2] (2.10ns) (root node of the DSP)   --->   "%add_ln46_11 = add i29 %mul_ln44_2, i29 4096" [../source/dct.c:46]   --->   Operation 134 'add' 'add_ln46_11' <Predicate = true> <Delay = 2.10> <CoreInst = "DSP48">   --->   Core 116 'DSP48' <Latency = 3> <II = 1> <Delay = 2.15> <IPBlock> <Opcode : '' 'add' 'sub' 'mul' 'select'> <InPorts = 0> <OutPorts = 1> <Sync> <CReg>
ST_6 : Operation 135 [1/1] (2.07ns)   --->   "%tmp11 = sub i17 %sext_ln44_1, i17 %sext_ln44_2" [../source/dct.c:44]   --->   Operation 135 'sub' 'tmp11' <Predicate = true> <Delay = 2.07> <CoreInst = "Adder">   --->   Core 1 'Adder' <Latency = 0> <II = 1> <Delay = 2.07> <FuncUnit> <Opcode : 'add' 'sub'> <InPorts = 2> <OutPorts = 1>
ST_6 : Operation 136 [1/1] (0.00ns)   --->   "%tmp11_cast = sext i17 %tmp11" [../source/dct.c:44]   --->   Operation 136 'sext' 'tmp11_cast' <Predicate = true> <Delay = 0.00>
ST_6 : Operation 137 [1/1] (2.10ns)   --->   "%tmp12 = sub i18 %tmp11_cast, i18 %sext_ln44_4" [../source/dct.c:44]   --->   Operation 137 'sub' 'tmp12' <Predicate = true> <Delay = 2.10> <CoreInst = "Adder">   --->   Core 1 'Adder' <Latency = 0> <II = 1> <Delay = 2.10> <FuncUnit> <Opcode : 'add' 'sub'> <InPorts = 2> <OutPorts = 1>
ST_6 : Operation 138 [1/1] (0.00ns)   --->   "%tmp19_cast = sext i18 %tmp19" [../source/dct.c:44]   --->   Operation 138 'sext' 'tmp19_cast' <Predicate = true> <Delay = 0.00>
ST_6 : Operation 139 [3/3] (1.05ns) (grouped into DSP with root node add_ln46_13)   --->   "%mul_ln46_1 = mul i29 %tmp19_cast, i29 10703" [../source/dct.c:46]   --->   Operation 139 'mul' 'mul_ln46_1' <Predicate = true> <Delay = 1.05> <CoreInst = "DSP48">   --->   Core 116 'DSP48' <Latency = 3> <II = 1> <Delay = 2.15> <IPBlock> <Opcode : '' 'add' 'sub' 'mul' 'select'> <InPorts = 0> <OutPorts = 1> <Sync> <CReg>
ST_6 : Operation 140 [3/3] (1.05ns) (grouped into DSP with root node add_ln46_15)   --->   "%mul_ln33_1 = mul i29 %sext_ln44_10, i29 9633" [../source/dct.c:33]   --->   Operation 140 'mul' 'mul_ln33_1' <Predicate = true> <Delay = 1.05> <CoreInst = "DSP48">   --->   Core 116 'DSP48' <Latency = 3> <II = 1> <Delay = 2.15> <IPBlock> <Opcode : '' 'add' 'sub' 'mul' 'select'> <InPorts = 0> <OutPorts = 1> <Sync> <CReg>
ST_6 : Operation 141 [1/1] (0.00ns)   --->   "%sext_ln44_15 = sext i16 %src_load_5" [../source/dct.c:44]   --->   Operation 141 'sext' 'sext_ln44_15' <Predicate = true> <Delay = 0.00>
ST_6 : Operation 142 [1/1] (5.58ns)   --->   "%mul_ln44_4 = mul i29 %sext_ln44_15, i29 11363" [../source/dct.c:44]   --->   Operation 142 'mul' 'mul_ln44_4' <Predicate = true> <Delay = 5.58> <CoreInst = "Multiplier">   --->   Core 3 'Multiplier' <Latency = 0> <II = 1> <Delay = 5.58> <FuncUnit> <Opcode : 'mul'> <InPorts = 2> <OutPorts = 1>
ST_6 : Operation 143 [2/3] (1.05ns) (grouped into DSP with root node add_ln46_17)   --->   "%mul_ln44_5 = mul i29 %sext_ln44_13, i29 536861280" [../source/dct.c:44]   --->   Operation 143 'mul' 'mul_ln44_5' <Predicate = true> <Delay = 1.05> <CoreInst = "DSP48">   --->   Core 116 'DSP48' <Latency = 3> <II = 1> <Delay = 2.15> <IPBlock> <Opcode : '' 'add' 'sub' 'mul' 'select'> <InPorts = 0> <OutPorts = 1> <Sync> <CReg>
ST_6 : Operation 144 [1/3] (0.00ns) (grouped into DSP with root node add_ln46_14)   --->   "%tmp23 = mul i29 %tmp22_cast, i29 6436" [../source/dct.c:33]   --->   Operation 144 'mul' 'tmp23' <Predicate = true> <Delay = 0.00> <CoreInst = "DSP48">   --->   Core 116 'DSP48' <Latency = 3> <II = 1> <Delay = 2.15> <IPBlock> <Opcode : '' 'add' 'sub' 'mul' 'select'> <InPorts = 0> <OutPorts = 1> <Sync> <CReg>
ST_6 : Operation 145 [2/3] (1.05ns) (grouped into DSP with root node add_ln46_16)   --->   "%mul_ln46_2 = mul i29 %tmp25_cast17, i29 2260" [../source/dct.c:46]   --->   Operation 145 'mul' 'mul_ln46_2' <Predicate = true> <Delay = 1.05> <CoreInst = "DSP48">   --->   Core 116 'DSP48' <Latency = 3> <II = 1> <Delay = 2.15> <IPBlock> <Opcode : '' 'add' 'sub' 'mul' 'select'> <InPorts = 0> <OutPorts = 1> <Sync> <CReg>
ST_6 : Operation 146 [2/2] (2.10ns) (root node of the DSP)   --->   "%add_ln46_14 = add i29 %mul_ln44_3, i29 %tmp23" [../source/dct.c:46]   --->   Operation 146 'add' 'add_ln46_14' <Predicate = true> <Delay = 2.10> <CoreInst = "DSP48">   --->   Core 116 'DSP48' <Latency = 3> <II = 1> <Delay = 2.15> <IPBlock> <Opcode : '' 'add' 'sub' 'mul' 'select'> <InPorts = 0> <OutPorts = 1> <Sync> <CReg>
ST_6 : Operation 147 [1/1] (0.00ns)   --->   "%tmp27_cast = sext i17 %tmp27" [../source/dct.c:44]   --->   Operation 147 'sext' 'tmp27_cast' <Predicate = true> <Delay = 0.00>
ST_6 : Operation 148 [1/1] (0.00ns)   --->   "%p_shl1 = bitconcatenate i29 @_ssdm_op_BitConcatenate.i29.i16.i13, i16 %empty, i13 0" [../source/dct.c:44]   --->   Operation 148 'bitconcatenate' 'p_shl1' <Predicate = true> <Delay = 0.00>
ST_6 : Operation 149 [1/1] (0.00ns) (grouped into TernaryAdder)   --->   "%tmp28 = sub i29 %tmp27_cast, i29 %p_shl1" [../source/dct.c:44]   --->   Operation 149 'sub' 'tmp28' <Predicate = true> <Delay = 0.00> <CoreInst = "TAddSub">   --->   Core 10 'TAddSub' <Latency = 0> <II = 1> <Delay = 2.14> <IPBlock> <Opcode : '' 'add' 'sub'> <InPorts = 3> <OutPorts = 1> <Sync> <CReg>
ST_6 : Operation 150 [1/1] (0.00ns)   --->   "%p_shl = bitconcatenate i29 @_ssdm_op_BitConcatenate.i29.i16.i13, i16 %tmp, i13 0" [../source/dct.c:46]   --->   Operation 150 'bitconcatenate' 'p_shl' <Predicate = true> <Delay = 0.00>
ST_6 : Operation 151 [1/1] (2.46ns)   --->   "%sub_ln46 = sub i29 %tmp_21, i29 %p_shl" [../source/dct.c:46]   --->   Operation 151 'sub' 'sub_ln46' <Predicate = true> <Delay = 2.46> <CoreInst = "Adder">   --->   Core 1 'Adder' <Latency = 0> <II = 1> <Delay = 2.46> <FuncUnit> <Opcode : 'add' 'sub'> <InPorts = 2> <OutPorts = 1>
ST_6 : Operation 152 [1/1] (4.28ns) (root node of TernaryAdder)   --->   "%add_ln46_4 = add i29 %sub_ln46, i29 %tmp28" [../source/dct.c:46]   --->   Operation 152 'add' 'add_ln46_4' <Predicate = true> <Delay = 4.28> <CoreInst = "TAddSub">   --->   Core 10 'TAddSub' <Latency = 0> <II = 1> <Delay = 2.14> <IPBlock> <Opcode : '' 'add' 'sub'> <InPorts = 3> <OutPorts = 1> <Sync> <CReg>
ST_6 : Operation 153 [1/1] (0.00ns)   --->   "%trunc_ln46_4 = partselect i16 @_ssdm_op_PartSelect.i16.i29.i32.i32, i29 %add_ln46_4, i32 13, i32 28" [../source/dct.c:46]   --->   Operation 153 'partselect' 'trunc_ln46_4' <Predicate = true> <Delay = 0.00>
ST_6 : Operation 154 [1/3] (0.00ns) (grouped into DSP with root node add_ln46_19)   --->   "%mul_ln44_8 = mul i29 %sext_ln44_17, i29 536861280" [../source/dct.c:44]   --->   Operation 154 'mul' 'mul_ln44_8' <Predicate = true> <Delay = 0.00> <CoreInst = "DSP48">   --->   Core 116 'DSP48' <Latency = 3> <II = 1> <Delay = 2.15> <IPBlock> <Opcode : '' 'add' 'sub' 'mul' 'select'> <InPorts = 0> <OutPorts = 1> <Sync> <CReg>
ST_6 : Operation 155 [3/3] (1.05ns) (grouped into DSP with root node add_ln46_21)   --->   "%mul_ln44_9 = mul i29 %sext_ln44_12, i29 11363" [../source/dct.c:44]   --->   Operation 155 'mul' 'mul_ln44_9' <Predicate = true> <Delay = 1.05> <CoreInst = "DSP48">   --->   Core 116 'DSP48' <Latency = 3> <II = 1> <Delay = 2.15> <IPBlock> <Opcode : '' 'add' 'sub' 'mul' 'select'> <InPorts = 0> <OutPorts = 1> <Sync> <CReg>
ST_6 : Operation 156 [2/3] (1.05ns) (grouped into DSP with root node add_ln46_22)   --->   "%mul_ln46_3 = mul i29 %sext_ln46, i29 6436" [../source/dct.c:46]   --->   Operation 156 'mul' 'mul_ln46_3' <Predicate = true> <Delay = 1.05> <CoreInst = "DSP48">   --->   Core 116 'DSP48' <Latency = 3> <II = 1> <Delay = 2.15> <IPBlock> <Opcode : '' 'add' 'sub' 'mul' 'select'> <InPorts = 0> <OutPorts = 1> <Sync> <CReg>
ST_6 : Operation 157 [2/2] (2.10ns) (root node of the DSP)   --->   "%add_ln46_19 = add i29 %mul_ln44_7, i29 %mul_ln44_8" [../source/dct.c:46]   --->   Operation 157 'add' 'add_ln46_19' <Predicate = true> <Delay = 2.10> <CoreInst = "DSP48">   --->   Core 116 'DSP48' <Latency = 3> <II = 1> <Delay = 2.15> <IPBlock> <Opcode : '' 'add' 'sub' 'mul' 'select'> <InPorts = 0> <OutPorts = 1> <Sync> <CReg>
ST_6 : Operation 158 [1/1] (2.07ns)   --->   "%tmp39 = sub i17 %sext_ln44_2, i17 %sext_ln44_1" [../source/dct.c:44]   --->   Operation 158 'sub' 'tmp39' <Predicate = true> <Delay = 2.07> <CoreInst = "Adder">   --->   Core 1 'Adder' <Latency = 0> <II = 1> <Delay = 2.07> <FuncUnit> <Opcode : 'add' 'sub'> <InPorts = 2> <OutPorts = 1>
ST_6 : Operation 159 [1/1] (0.00ns)   --->   "%tmp39_cast = sext i17 %tmp39" [../source/dct.c:44]   --->   Operation 159 'sext' 'tmp39_cast' <Predicate = true> <Delay = 0.00>
ST_6 : Operation 160 [1/1] (2.10ns)   --->   "%tmp40 = add i18 %tmp39_cast, i18 %sext_ln44_4" [../source/dct.c:44]   --->   Operation 160 'add' 'tmp40' <Predicate = true> <Delay = 2.10> <CoreInst = "Adder">   --->   Core 1 'Adder' <Latency = 0> <II = 1> <Delay = 2.10> <FuncUnit> <Opcode : 'add' 'sub'> <InPorts = 2> <OutPorts = 1>
ST_6 : Operation 161 [1/3] (0.00ns) (grouped into DSP with root node add_ln46_25)   --->   "%mul_ln44_12 = mul i29 %sext_ln44_17, i29 11363" [../source/dct.c:44]   --->   Operation 161 'mul' 'mul_ln44_12' <Predicate = true> <Delay = 0.00> <CoreInst = "DSP48">   --->   Core 116 'DSP48' <Latency = 3> <II = 1> <Delay = 2.15> <IPBlock> <Opcode : '' 'add' 'sub' 'mul' 'select'> <InPorts = 0> <OutPorts = 1> <Sync> <CReg>
ST_6 : Operation 162 [3/3] (1.05ns) (grouped into DSP with root node add_ln46_28)   --->   "%mul_ln46_5 = mul i29 %sext_ln46, i29 2260" [../source/dct.c:46]   --->   Operation 162 'mul' 'mul_ln46_5' <Predicate = true> <Delay = 1.05> <CoreInst = "DSP48">   --->   Core 116 'DSP48' <Latency = 3> <II = 1> <Delay = 2.15> <IPBlock> <Opcode : '' 'add' 'sub' 'mul' 'select'> <InPorts = 0> <OutPorts = 1> <Sync> <CReg>
ST_6 : Operation 163 [2/2] (2.10ns) (root node of the DSP)   --->   "%add_ln46_25 = add i29 %mul_ln44_11, i29 %mul_ln44_12" [../source/dct.c:46]   --->   Operation 163 'add' 'add_ln46_25' <Predicate = true> <Delay = 2.10> <CoreInst = "DSP48">   --->   Core 116 'DSP48' <Latency = 3> <II = 1> <Delay = 2.15> <IPBlock> <Opcode : '' 'add' 'sub' 'mul' 'select'> <InPorts = 0> <OutPorts = 1> <Sync> <CReg>

State 7 <SV = 6> <Delay = 5.58>
ST_7 : Operation 164 [1/1] (0.00ns)   --->   "%tmp_7 = bitconcatenate i6 @_ssdm_op_BitConcatenate.i6.i3.i3, i3 %dst_offset_read, i3 4" [../source/dct.c:46]   --->   Operation 164 'bitconcatenate' 'tmp_7' <Predicate = true> <Delay = 0.00>
ST_7 : Operation 165 [1/1] (0.00ns)   --->   "%zext_ln46_3 = zext i6 %tmp_7" [../source/dct.c:46]   --->   Operation 165 'zext' 'zext_ln46_3' <Predicate = true> <Delay = 0.00>
ST_7 : Operation 166 [1/1] (0.00ns)   --->   "%dst_addr_4 = getelementptr i16 %dst, i64 0, i64 %zext_ln46_3" [../source/dct.c:46]   --->   Operation 166 'getelementptr' 'dst_addr_4' <Predicate = true> <Delay = 0.00>
ST_7 : Operation 167 [1/1] (0.00ns)   --->   "%sext_ln44_7 = sext i16 %src_load_6" [../source/dct.c:44]   --->   Operation 167 'sext' 'sext_ln44_7' <Predicate = true> <Delay = 0.00>
ST_7 : Operation 168 [2/3] (1.05ns) (grouped into DSP with root node add_ln46_9)   --->   "%mul_ln33 = mul i29 %sext_ln44_10, i29 11363" [../source/dct.c:33]   --->   Operation 168 'mul' 'mul_ln33' <Predicate = true> <Delay = 1.05> <CoreInst = "DSP48">   --->   Core 116 'DSP48' <Latency = 3> <II = 1> <Delay = 2.15> <IPBlock> <Opcode : '' 'add' 'sub' 'mul' 'select'> <InPorts = 0> <OutPorts = 1> <Sync> <CReg>
ST_7 : Operation 169 [1/3] (0.00ns) (grouped into DSP with root node add_ln46_10)   --->   "%mul_ln44_1 = mul i29 %sext_ln44_12, i29 536861280" [../source/dct.c:44]   --->   Operation 169 'mul' 'mul_ln44_1' <Predicate = true> <Delay = 0.00> <CoreInst = "DSP48">   --->   Core 116 'DSP48' <Latency = 3> <II = 1> <Delay = 2.15> <IPBlock> <Opcode : '' 'add' 'sub' 'mul' 'select'> <InPorts = 0> <OutPorts = 1> <Sync> <CReg>
ST_7 : Operation 170 [1/2] (2.10ns) (root node of the DSP)   --->   "%add_ln46_8 = add i29 %mul_ln44, i29 %tmp5" [../source/dct.c:46]   --->   Operation 170 'add' 'add_ln46_8' <Predicate = true> <Delay = 2.10> <CoreInst = "DSP48">   --->   Core 116 'DSP48' <Latency = 3> <II = 1> <Delay = 2.15> <IPBlock> <Opcode : '' 'add' 'sub' 'mul' 'select'> <InPorts = 0> <OutPorts = 1> <Sync> <CReg>
ST_7 : Operation 171 [2/2] (2.10ns) (root node of the DSP)   --->   "%add_ln46_10 = add i29 %mul_ln46, i29 %mul_ln44_1" [../source/dct.c:46]   --->   Operation 171 'add' 'add_ln46_10' <Predicate = true> <Delay = 2.10> <CoreInst = "DSP48">   --->   Core 116 'DSP48' <Latency = 3> <II = 1> <Delay = 2.15> <IPBlock> <Opcode : '' 'add' 'sub' 'mul' 'select'> <InPorts = 0> <OutPorts = 1> <Sync> <CReg>
ST_7 : Operation 172 [1/2] (2.10ns) (root node of the DSP)   --->   "%add_ln46_11 = add i29 %mul_ln44_2, i29 4096" [../source/dct.c:46]   --->   Operation 172 'add' 'add_ln46_11' <Predicate = true> <Delay = 2.10> <CoreInst = "DSP48">   --->   Core 116 'DSP48' <Latency = 3> <II = 1> <Delay = 2.15> <IPBlock> <Opcode : '' 'add' 'sub' 'mul' 'select'> <InPorts = 0> <OutPorts = 1> <Sync> <CReg>
ST_7 : Operation 173 [1/1] (1.65ns) (grouped into DSP with root node add_ln46_2)   --->   "%tmp13 = add i18 %tmp12, i18 %sext_ln44_7" [../source/dct.c:44]   --->   Operation 173 'add' 'tmp13' <Predicate = true> <Delay = 1.65> <CoreInst = "DSP48">   --->   Core 116 'DSP48' <Latency = 3> <II = 1> <Delay = 2.15> <IPBlock> <Opcode : '' 'add' 'sub' 'mul' 'select'> <InPorts = 0> <OutPorts = 1> <Sync> <CReg>
ST_7 : Operation 174 [1/1] (0.00ns) (grouped into DSP with root node add_ln46_2)   --->   "%tmp13_cast = sext i18 %tmp13" [../source/dct.c:44]   --->   Operation 174 'sext' 'tmp13_cast' <Predicate = true> <Delay = 0.00>
ST_7 : Operation 175 [3/3] (1.05ns) (grouped into DSP with root node add_ln46_2)   --->   "%tmp14 = mul i29 %tmp13_cast, i29 4433" [../source/dct.c:44]   --->   Operation 175 'mul' 'tmp14' <Predicate = true> <Delay = 1.05> <CoreInst = "DSP48">   --->   Core 116 'DSP48' <Latency = 3> <II = 1> <Delay = 2.15> <IPBlock> <Opcode : '' 'add' 'sub' 'mul' 'select'> <InPorts = 0> <OutPorts = 1> <Sync> <CReg>
ST_7 : Operation 176 [2/3] (1.05ns) (grouped into DSP with root node add_ln46_13)   --->   "%mul_ln46_1 = mul i29 %tmp19_cast, i29 10703" [../source/dct.c:46]   --->   Operation 176 'mul' 'mul_ln46_1' <Predicate = true> <Delay = 1.05> <CoreInst = "DSP48">   --->   Core 116 'DSP48' <Latency = 3> <II = 1> <Delay = 2.15> <IPBlock> <Opcode : '' 'add' 'sub' 'mul' 'select'> <InPorts = 0> <OutPorts = 1> <Sync> <CReg>
ST_7 : Operation 177 [2/3] (1.05ns) (grouped into DSP with root node add_ln46_15)   --->   "%mul_ln33_1 = mul i29 %sext_ln44_10, i29 9633" [../source/dct.c:33]   --->   Operation 177 'mul' 'mul_ln33_1' <Predicate = true> <Delay = 1.05> <CoreInst = "DSP48">   --->   Core 116 'DSP48' <Latency = 3> <II = 1> <Delay = 2.15> <IPBlock> <Opcode : '' 'add' 'sub' 'mul' 'select'> <InPorts = 0> <OutPorts = 1> <Sync> <CReg>
ST_7 : Operation 178 [1/3] (0.00ns) (grouped into DSP with root node add_ln46_17)   --->   "%mul_ln44_5 = mul i29 %sext_ln44_13, i29 536861280" [../source/dct.c:44]   --->   Operation 178 'mul' 'mul_ln44_5' <Predicate = true> <Delay = 0.00> <CoreInst = "DSP48">   --->   Core 116 'DSP48' <Latency = 3> <II = 1> <Delay = 2.15> <IPBlock> <Opcode : '' 'add' 'sub' 'mul' 'select'> <InPorts = 0> <OutPorts = 1> <Sync> <CReg>
ST_7 : Operation 179 [1/3] (0.00ns) (grouped into DSP with root node add_ln46_16)   --->   "%mul_ln46_2 = mul i29 %tmp25_cast17, i29 2260" [../source/dct.c:46]   --->   Operation 179 'mul' 'mul_ln46_2' <Predicate = true> <Delay = 0.00> <CoreInst = "DSP48">   --->   Core 116 'DSP48' <Latency = 3> <II = 1> <Delay = 2.15> <IPBlock> <Opcode : '' 'add' 'sub' 'mul' 'select'> <InPorts = 0> <OutPorts = 1> <Sync> <CReg>
ST_7 : Operation 180 [1/2] (2.10ns) (root node of the DSP)   --->   "%add_ln46_14 = add i29 %mul_ln44_3, i29 %tmp23" [../source/dct.c:46]   --->   Operation 180 'add' 'add_ln46_14' <Predicate = true> <Delay = 2.10> <CoreInst = "DSP48">   --->   Core 116 'DSP48' <Latency = 3> <II = 1> <Delay = 2.15> <IPBlock> <Opcode : '' 'add' 'sub' 'mul' 'select'> <InPorts = 0> <OutPorts = 1> <Sync> <CReg>
ST_7 : Operation 181 [2/2] (2.10ns) (root node of the DSP)   --->   "%add_ln46_16 = add i29 %mul_ln44_4, i29 %mul_ln46_2" [../source/dct.c:46]   --->   Operation 181 'add' 'add_ln46_16' <Predicate = true> <Delay = 2.10> <CoreInst = "DSP48">   --->   Core 116 'DSP48' <Latency = 3> <II = 1> <Delay = 2.15> <IPBlock> <Opcode : '' 'add' 'sub' 'mul' 'select'> <InPorts = 0> <OutPorts = 1> <Sync> <CReg>
ST_7 : Operation 182 [2/2] (2.10ns) (root node of the DSP)   --->   "%add_ln46_17 = add i29 %mul_ln44_5, i29 4096" [../source/dct.c:46]   --->   Operation 182 'add' 'add_ln46_17' <Predicate = true> <Delay = 2.10> <CoreInst = "DSP48">   --->   Core 116 'DSP48' <Latency = 3> <II = 1> <Delay = 2.15> <IPBlock> <Opcode : '' 'add' 'sub' 'mul' 'select'> <InPorts = 0> <OutPorts = 1> <Sync> <CReg>
ST_7 : Operation 183 [1/1] ( I:3.25ns O:3.25ns )   --->   "%store_ln46 = store i16 %trunc_ln46_4, i6 %dst_addr_4" [../source/dct.c:46]   --->   Operation 183 'store' 'store_ln46' <Predicate = true> <Delay = 3.25> <CoreInst = "RAM">   --->   Core 81 'RAM' <Latency = 1> <II = 1> <Delay = 3.25> <Storage> <Opcode : 'load' 'store'> <Ports = 2> <Width = 16> <Depth = 64> <RAM>
ST_7 : Operation 184 [3/3] (1.05ns) (grouped into DSP with root node add_ln46_20)   --->   "%mul_ln44_6 = mul i29 %sext_ln44_11, i29 536859550" [../source/dct.c:44]   --->   Operation 184 'mul' 'mul_ln44_6' <Predicate = true> <Delay = 1.05> <CoreInst = "DSP48">   --->   Core 116 'DSP48' <Latency = 3> <II = 1> <Delay = 2.15> <IPBlock> <Opcode : '' 'add' 'sub' 'mul' 'select'> <InPorts = 0> <OutPorts = 1> <Sync> <CReg>
ST_7 : Operation 185 [2/3] (1.05ns) (grouped into DSP with root node add_ln46_21)   --->   "%mul_ln44_9 = mul i29 %sext_ln44_12, i29 11363" [../source/dct.c:44]   --->   Operation 185 'mul' 'mul_ln44_9' <Predicate = true> <Delay = 1.05> <CoreInst = "DSP48">   --->   Core 116 'DSP48' <Latency = 3> <II = 1> <Delay = 2.15> <IPBlock> <Opcode : '' 'add' 'sub' 'mul' 'select'> <InPorts = 0> <OutPorts = 1> <Sync> <CReg>
ST_7 : Operation 186 [1/1] (5.58ns)   --->   "%tmp33 = mul i29 %tmp7_cast15, i29 2260" [../source/dct.c:44]   --->   Operation 186 'mul' 'tmp33' <Predicate = true> <Delay = 5.58> <CoreInst = "Multiplier">   --->   Core 3 'Multiplier' <Latency = 0> <II = 1> <Delay = 5.58> <FuncUnit> <Opcode : 'mul'> <InPorts = 2> <OutPorts = 1>
ST_7 : Operation 187 [1/3] (0.00ns) (grouped into DSP with root node add_ln46_22)   --->   "%mul_ln46_3 = mul i29 %sext_ln46, i29 6436" [../source/dct.c:46]   --->   Operation 187 'mul' 'mul_ln46_3' <Predicate = true> <Delay = 0.00> <CoreInst = "DSP48">   --->   Core 116 'DSP48' <Latency = 3> <II = 1> <Delay = 2.15> <IPBlock> <Opcode : '' 'add' 'sub' 'mul' 'select'> <InPorts = 0> <OutPorts = 1> <Sync> <CReg>
ST_7 : Operation 188 [1/2] (2.10ns) (root node of the DSP)   --->   "%add_ln46_19 = add i29 %mul_ln44_7, i29 %mul_ln44_8" [../source/dct.c:46]   --->   Operation 188 'add' 'add_ln46_19' <Predicate = true> <Delay = 2.10> <CoreInst = "DSP48">   --->   Core 116 'DSP48' <Latency = 3> <II = 1> <Delay = 2.15> <IPBlock> <Opcode : '' 'add' 'sub' 'mul' 'select'> <InPorts = 0> <OutPorts = 1> <Sync> <CReg>
ST_7 : Operation 189 [2/2] (2.10ns) (root node of the DSP)   --->   "%add_ln46_22 = add i29 %mul_ln46_3, i29 4096" [../source/dct.c:46]   --->   Operation 189 'add' 'add_ln46_22' <Predicate = true> <Delay = 2.10> <CoreInst = "DSP48">   --->   Core 116 'DSP48' <Latency = 3> <II = 1> <Delay = 2.15> <IPBlock> <Opcode : '' 'add' 'sub' 'mul' 'select'> <InPorts = 0> <OutPorts = 1> <Sync> <CReg>
ST_7 : Operation 190 [3/3] (1.05ns) (grouped into DSP with root node add_ln46_24)   --->   "%mul_ln46_4 = mul i29 %tmp19_cast, i29 4433" [../source/dct.c:46]   --->   Operation 190 'mul' 'mul_ln46_4' <Predicate = true> <Delay = 1.05> <CoreInst = "DSP48">   --->   Core 116 'DSP48' <Latency = 3> <II = 1> <Delay = 2.15> <IPBlock> <Opcode : '' 'add' 'sub' 'mul' 'select'> <InPorts = 0> <OutPorts = 1> <Sync> <CReg>
ST_7 : Operation 191 [3/3] (1.05ns) (grouped into DSP with root node add_ln46_26)   --->   "%mul_ln44_10 = mul i29 %sext_ln44_14, i29 9633" [../source/dct.c:44]   --->   Operation 191 'mul' 'mul_ln44_10' <Predicate = true> <Delay = 1.05> <CoreInst = "DSP48">   --->   Core 116 'DSP48' <Latency = 3> <II = 1> <Delay = 2.15> <IPBlock> <Opcode : '' 'add' 'sub' 'mul' 'select'> <InPorts = 0> <OutPorts = 1> <Sync> <CReg>
ST_7 : Operation 192 [2/3] (1.05ns) (grouped into DSP with root node add_ln46_28)   --->   "%mul_ln46_5 = mul i29 %sext_ln46, i29 2260" [../source/dct.c:46]   --->   Operation 192 'mul' 'mul_ln46_5' <Predicate = true> <Delay = 1.05> <CoreInst = "DSP48">   --->   Core 116 'DSP48' <Latency = 3> <II = 1> <Delay = 2.15> <IPBlock> <Opcode : '' 'add' 'sub' 'mul' 'select'> <InPorts = 0> <OutPorts = 1> <Sync> <CReg>
ST_7 : Operation 193 [1/2] (2.10ns) (root node of the DSP)   --->   "%add_ln46_25 = add i29 %mul_ln44_11, i29 %mul_ln44_12" [../source/dct.c:46]   --->   Operation 193 'add' 'add_ln46_25' <Predicate = true> <Delay = 2.10> <CoreInst = "DSP48">   --->   Core 116 'DSP48' <Latency = 3> <II = 1> <Delay = 2.15> <IPBlock> <Opcode : '' 'add' 'sub' 'mul' 'select'> <InPorts = 0> <OutPorts = 1> <Sync> <CReg>

State 8 <SV = 7> <Delay = 2.10>
ST_8 : Operation 194 [1/3] (0.00ns) (grouped into DSP with root node add_ln46_9)   --->   "%mul_ln33 = mul i29 %sext_ln44_10, i29 11363" [../source/dct.c:33]   --->   Operation 194 'mul' 'mul_ln33' <Predicate = true> <Delay = 0.00> <CoreInst = "DSP48">   --->   Core 116 'DSP48' <Latency = 3> <II = 1> <Delay = 2.15> <IPBlock> <Opcode : '' 'add' 'sub' 'mul' 'select'> <InPorts = 0> <OutPorts = 1> <Sync> <CReg>
ST_8 : Operation 195 [2/2] (2.10ns) (root node of the DSP)   --->   "%add_ln46_9 = add i29 %add_ln46_8, i29 %mul_ln33" [../source/dct.c:46]   --->   Operation 195 'add' 'add_ln46_9' <Predicate = true> <Delay = 2.10> <CoreInst = "DSP48">   --->   Core 116 'DSP48' <Latency = 3> <II = 1> <Delay = 2.15> <IPBlock> <Opcode : '' 'add' 'sub' 'mul' 'select'> <InPorts = 0> <OutPorts = 1> <Sync> <CReg>
ST_8 : Operation 196 [1/2] (2.10ns) (root node of the DSP)   --->   "%add_ln46_10 = add i29 %mul_ln46, i29 %mul_ln44_1" [../source/dct.c:46]   --->   Operation 196 'add' 'add_ln46_10' <Predicate = true> <Delay = 2.10> <CoreInst = "DSP48">   --->   Core 116 'DSP48' <Latency = 3> <II = 1> <Delay = 2.15> <IPBlock> <Opcode : '' 'add' 'sub' 'mul' 'select'> <InPorts = 0> <OutPorts = 1> <Sync> <CReg>
ST_8 : Operation 197 [2/3] (1.05ns) (grouped into DSP with root node add_ln46_2)   --->   "%tmp14 = mul i29 %tmp13_cast, i29 4433" [../source/dct.c:44]   --->   Operation 197 'mul' 'tmp14' <Predicate = true> <Delay = 1.05> <CoreInst = "DSP48">   --->   Core 116 'DSP48' <Latency = 3> <II = 1> <Delay = 2.15> <IPBlock> <Opcode : '' 'add' 'sub' 'mul' 'select'> <InPorts = 0> <OutPorts = 1> <Sync> <CReg>
ST_8 : Operation 198 [1/3] (0.00ns) (grouped into DSP with root node add_ln46_13)   --->   "%mul_ln46_1 = mul i29 %tmp19_cast, i29 10703" [../source/dct.c:46]   --->   Operation 198 'mul' 'mul_ln46_1' <Predicate = true> <Delay = 0.00> <CoreInst = "DSP48">   --->   Core 116 'DSP48' <Latency = 3> <II = 1> <Delay = 2.15> <IPBlock> <Opcode : '' 'add' 'sub' 'mul' 'select'> <InPorts = 0> <OutPorts = 1> <Sync> <CReg>
ST_8 : Operation 199 [2/2] (2.10ns) (root node of the DSP)   --->   "%add_ln46_13 = add i29 %mul_ln46_1, i29 4096" [../source/dct.c:46]   --->   Operation 199 'add' 'add_ln46_13' <Predicate = true> <Delay = 2.10> <CoreInst = "DSP48">   --->   Core 116 'DSP48' <Latency = 3> <II = 1> <Delay = 2.15> <IPBlock> <Opcode : '' 'add' 'sub' 'mul' 'select'> <InPorts = 0> <OutPorts = 1> <Sync> <CReg>
ST_8 : Operation 200 [1/3] (0.00ns) (grouped into DSP with root node add_ln46_15)   --->   "%mul_ln33_1 = mul i29 %sext_ln44_10, i29 9633" [../source/dct.c:33]   --->   Operation 200 'mul' 'mul_ln33_1' <Predicate = true> <Delay = 0.00> <CoreInst = "DSP48">   --->   Core 116 'DSP48' <Latency = 3> <II = 1> <Delay = 2.15> <IPBlock> <Opcode : '' 'add' 'sub' 'mul' 'select'> <InPorts = 0> <OutPorts = 1> <Sync> <CReg>
ST_8 : Operation 201 [2/2] (2.10ns) (root node of the DSP)   --->   "%add_ln46_15 = add i29 %add_ln46_14, i29 %mul_ln33_1" [../source/dct.c:46]   --->   Operation 201 'add' 'add_ln46_15' <Predicate = true> <Delay = 2.10> <CoreInst = "DSP48">   --->   Core 116 'DSP48' <Latency = 3> <II = 1> <Delay = 2.15> <IPBlock> <Opcode : '' 'add' 'sub' 'mul' 'select'> <InPorts = 0> <OutPorts = 1> <Sync> <CReg>
ST_8 : Operation 202 [1/2] (2.10ns) (root node of the DSP)   --->   "%add_ln46_16 = add i29 %mul_ln44_4, i29 %mul_ln46_2" [../source/dct.c:46]   --->   Operation 202 'add' 'add_ln46_16' <Predicate = true> <Delay = 2.10> <CoreInst = "DSP48">   --->   Core 116 'DSP48' <Latency = 3> <II = 1> <Delay = 2.15> <IPBlock> <Opcode : '' 'add' 'sub' 'mul' 'select'> <InPorts = 0> <OutPorts = 1> <Sync> <CReg>
ST_8 : Operation 203 [1/2] (2.10ns) (root node of the DSP)   --->   "%add_ln46_17 = add i29 %mul_ln44_5, i29 4096" [../source/dct.c:46]   --->   Operation 203 'add' 'add_ln46_17' <Predicate = true> <Delay = 2.10> <CoreInst = "DSP48">   --->   Core 116 'DSP48' <Latency = 3> <II = 1> <Delay = 2.15> <IPBlock> <Opcode : '' 'add' 'sub' 'mul' 'select'> <InPorts = 0> <OutPorts = 1> <Sync> <CReg>
ST_8 : Operation 204 [2/3] (1.05ns) (grouped into DSP with root node add_ln46_20)   --->   "%mul_ln44_6 = mul i29 %sext_ln44_11, i29 536859550" [../source/dct.c:44]   --->   Operation 204 'mul' 'mul_ln44_6' <Predicate = true> <Delay = 1.05> <CoreInst = "DSP48">   --->   Core 116 'DSP48' <Latency = 3> <II = 1> <Delay = 2.15> <IPBlock> <Opcode : '' 'add' 'sub' 'mul' 'select'> <InPorts = 0> <OutPorts = 1> <Sync> <CReg>
ST_8 : Operation 205 [1/3] (0.00ns) (grouped into DSP with root node add_ln46_21)   --->   "%mul_ln44_9 = mul i29 %sext_ln44_12, i29 11363" [../source/dct.c:44]   --->   Operation 205 'mul' 'mul_ln44_9' <Predicate = true> <Delay = 0.00> <CoreInst = "DSP48">   --->   Core 116 'DSP48' <Latency = 3> <II = 1> <Delay = 2.15> <IPBlock> <Opcode : '' 'add' 'sub' 'mul' 'select'> <InPorts = 0> <OutPorts = 1> <Sync> <CReg>
ST_8 : Operation 206 [2/2] (2.10ns) (root node of the DSP)   --->   "%add_ln46_21 = add i29 %tmp33, i29 %mul_ln44_9" [../source/dct.c:46]   --->   Operation 206 'add' 'add_ln46_21' <Predicate = true> <Delay = 2.10> <CoreInst = "DSP48">   --->   Core 116 'DSP48' <Latency = 3> <II = 1> <Delay = 2.15> <IPBlock> <Opcode : '' 'add' 'sub' 'mul' 'select'> <InPorts = 0> <OutPorts = 1> <Sync> <CReg>
ST_8 : Operation 207 [1/2] (2.10ns) (root node of the DSP)   --->   "%add_ln46_22 = add i29 %mul_ln46_3, i29 4096" [../source/dct.c:46]   --->   Operation 207 'add' 'add_ln46_22' <Predicate = true> <Delay = 2.10> <CoreInst = "DSP48">   --->   Core 116 'DSP48' <Latency = 3> <II = 1> <Delay = 2.15> <IPBlock> <Opcode : '' 'add' 'sub' 'mul' 'select'> <InPorts = 0> <OutPorts = 1> <Sync> <CReg>
ST_8 : Operation 208 [2/3] (1.05ns) (grouped into DSP with root node add_ln46_24)   --->   "%mul_ln46_4 = mul i29 %tmp19_cast, i29 4433" [../source/dct.c:46]   --->   Operation 208 'mul' 'mul_ln46_4' <Predicate = true> <Delay = 1.05> <CoreInst = "DSP48">   --->   Core 116 'DSP48' <Latency = 3> <II = 1> <Delay = 2.15> <IPBlock> <Opcode : '' 'add' 'sub' 'mul' 'select'> <InPorts = 0> <OutPorts = 1> <Sync> <CReg>
ST_8 : Operation 209 [2/3] (1.05ns) (grouped into DSP with root node add_ln46_26)   --->   "%mul_ln44_10 = mul i29 %sext_ln44_14, i29 9633" [../source/dct.c:44]   --->   Operation 209 'mul' 'mul_ln44_10' <Predicate = true> <Delay = 1.05> <CoreInst = "DSP48">   --->   Core 116 'DSP48' <Latency = 3> <II = 1> <Delay = 2.15> <IPBlock> <Opcode : '' 'add' 'sub' 'mul' 'select'> <InPorts = 0> <OutPorts = 1> <Sync> <CReg>
ST_8 : Operation 210 [1/3] (0.00ns) (grouped into DSP with root node add_ln46_28)   --->   "%mul_ln46_5 = mul i29 %sext_ln46, i29 2260" [../source/dct.c:46]   --->   Operation 210 'mul' 'mul_ln46_5' <Predicate = true> <Delay = 0.00> <CoreInst = "DSP48">   --->   Core 116 'DSP48' <Latency = 3> <II = 1> <Delay = 2.15> <IPBlock> <Opcode : '' 'add' 'sub' 'mul' 'select'> <InPorts = 0> <OutPorts = 1> <Sync> <CReg>
ST_8 : Operation 211 [2/2] (2.10ns) (root node of the DSP)   --->   "%add_ln46_28 = add i29 %mul_ln46_5, i29 4096" [../source/dct.c:46]   --->   Operation 211 'add' 'add_ln46_28' <Predicate = true> <Delay = 2.10> <CoreInst = "DSP48">   --->   Core 116 'DSP48' <Latency = 3> <II = 1> <Delay = 2.15> <IPBlock> <Opcode : '' 'add' 'sub' 'mul' 'select'> <InPorts = 0> <OutPorts = 1> <Sync> <CReg>

State 9 <SV = 8> <Delay = 6.38>
ST_9 : Operation 212 [1/2] (2.10ns) (root node of the DSP)   --->   "%add_ln46_9 = add i29 %add_ln46_8, i29 %mul_ln33" [../source/dct.c:46]   --->   Operation 212 'add' 'add_ln46_9' <Predicate = true> <Delay = 2.10> <CoreInst = "DSP48">   --->   Core 116 'DSP48' <Latency = 3> <II = 1> <Delay = 2.15> <IPBlock> <Opcode : '' 'add' 'sub' 'mul' 'select'> <InPorts = 0> <OutPorts = 1> <Sync> <CReg>
ST_9 : Operation 213 [1/1] (0.00ns) (grouped into TernaryAdder)   --->   "%add_ln46_12 = add i29 %add_ln46_11, i29 %add_ln46_10" [../source/dct.c:46]   --->   Operation 213 'add' 'add_ln46_12' <Predicate = true> <Delay = 0.00> <CoreInst = "TAddSub">   --->   Core 10 'TAddSub' <Latency = 0> <II = 1> <Delay = 2.14> <IPBlock> <Opcode : '' 'add' 'sub'> <InPorts = 3> <OutPorts = 1> <Sync> <CReg>
ST_9 : Operation 214 [1/1] (4.28ns) (root node of TernaryAdder)   --->   "%add_ln46_1 = add i29 %add_ln46_12, i29 %add_ln46_9" [../source/dct.c:46]   --->   Operation 214 'add' 'add_ln46_1' <Predicate = true> <Delay = 4.28> <CoreInst = "TAddSub">   --->   Core 10 'TAddSub' <Latency = 0> <II = 1> <Delay = 2.14> <IPBlock> <Opcode : '' 'add' 'sub'> <InPorts = 3> <OutPorts = 1> <Sync> <CReg>
ST_9 : Operation 215 [1/1] (0.00ns)   --->   "%trunc_ln46_1 = partselect i16 @_ssdm_op_PartSelect.i16.i29.i32.i32, i29 %add_ln46_1, i32 13, i32 28" [../source/dct.c:46]   --->   Operation 215 'partselect' 'trunc_ln46_1' <Predicate = true> <Delay = 0.00>
ST_9 : Operation 216 [1/3] (0.00ns) (grouped into DSP with root node add_ln46_2)   --->   "%tmp14 = mul i29 %tmp13_cast, i29 4433" [../source/dct.c:44]   --->   Operation 216 'mul' 'tmp14' <Predicate = true> <Delay = 0.00> <CoreInst = "DSP48">   --->   Core 116 'DSP48' <Latency = 3> <II = 1> <Delay = 2.15> <IPBlock> <Opcode : '' 'add' 'sub' 'mul' 'select'> <InPorts = 0> <OutPorts = 1> <Sync> <CReg>
ST_9 : Operation 217 [1/2] (2.10ns) (root node of the DSP)   --->   "%add_ln46_13 = add i29 %mul_ln46_1, i29 4096" [../source/dct.c:46]   --->   Operation 217 'add' 'add_ln46_13' <Predicate = true> <Delay = 2.10> <CoreInst = "DSP48">   --->   Core 116 'DSP48' <Latency = 3> <II = 1> <Delay = 2.15> <IPBlock> <Opcode : '' 'add' 'sub' 'mul' 'select'> <InPorts = 0> <OutPorts = 1> <Sync> <CReg>
ST_9 : Operation 218 [2/2] (2.10ns) (root node of the DSP)   --->   "%add_ln46_2 = add i29 %add_ln46_13, i29 %tmp14" [../source/dct.c:46]   --->   Operation 218 'add' 'add_ln46_2' <Predicate = true> <Delay = 2.10> <CoreInst = "DSP48">   --->   Core 116 'DSP48' <Latency = 3> <II = 1> <Delay = 2.15> <IPBlock> <Opcode : '' 'add' 'sub' 'mul' 'select'> <InPorts = 0> <OutPorts = 1> <Sync> <CReg>
ST_9 : Operation 219 [1/2] (2.10ns) (root node of the DSP)   --->   "%add_ln46_15 = add i29 %add_ln46_14, i29 %mul_ln33_1" [../source/dct.c:46]   --->   Operation 219 'add' 'add_ln46_15' <Predicate = true> <Delay = 2.10> <CoreInst = "DSP48">   --->   Core 116 'DSP48' <Latency = 3> <II = 1> <Delay = 2.15> <IPBlock> <Opcode : '' 'add' 'sub' 'mul' 'select'> <InPorts = 0> <OutPorts = 1> <Sync> <CReg>
ST_9 : Operation 220 [1/1] (0.00ns) (grouped into TernaryAdder)   --->   "%add_ln46_18 = add i29 %add_ln46_17, i29 %add_ln46_16" [../source/dct.c:46]   --->   Operation 220 'add' 'add_ln46_18' <Predicate = true> <Delay = 0.00> <CoreInst = "TAddSub">   --->   Core 10 'TAddSub' <Latency = 0> <II = 1> <Delay = 2.14> <IPBlock> <Opcode : '' 'add' 'sub'> <InPorts = 3> <OutPorts = 1> <Sync> <CReg>
ST_9 : Operation 221 [1/1] (4.28ns) (root node of TernaryAdder)   --->   "%add_ln46_3 = add i29 %add_ln46_18, i29 %add_ln46_15" [../source/dct.c:46]   --->   Operation 221 'add' 'add_ln46_3' <Predicate = true> <Delay = 4.28> <CoreInst = "TAddSub">   --->   Core 10 'TAddSub' <Latency = 0> <II = 1> <Delay = 2.14> <IPBlock> <Opcode : '' 'add' 'sub'> <InPorts = 3> <OutPorts = 1> <Sync> <CReg>
ST_9 : Operation 222 [1/1] (0.00ns)   --->   "%trunc_ln46_3 = partselect i16 @_ssdm_op_PartSelect.i16.i29.i32.i32, i29 %add_ln46_3, i32 13, i32 28" [../source/dct.c:46]   --->   Operation 222 'partselect' 'trunc_ln46_3' <Predicate = true> <Delay = 0.00>
ST_9 : Operation 223 [1/3] (0.00ns) (grouped into DSP with root node add_ln46_20)   --->   "%mul_ln44_6 = mul i29 %sext_ln44_11, i29 536859550" [../source/dct.c:44]   --->   Operation 223 'mul' 'mul_ln44_6' <Predicate = true> <Delay = 0.00> <CoreInst = "DSP48">   --->   Core 116 'DSP48' <Latency = 3> <II = 1> <Delay = 2.15> <IPBlock> <Opcode : '' 'add' 'sub' 'mul' 'select'> <InPorts = 0> <OutPorts = 1> <Sync> <CReg>
ST_9 : Operation 224 [2/2] (2.10ns) (root node of the DSP)   --->   "%add_ln46_20 = add i29 %add_ln46_19, i29 %mul_ln44_6" [../source/dct.c:46]   --->   Operation 224 'add' 'add_ln46_20' <Predicate = true> <Delay = 2.10> <CoreInst = "DSP48">   --->   Core 116 'DSP48' <Latency = 3> <II = 1> <Delay = 2.15> <IPBlock> <Opcode : '' 'add' 'sub' 'mul' 'select'> <InPorts = 0> <OutPorts = 1> <Sync> <CReg>
ST_9 : Operation 225 [1/2] (2.10ns) (root node of the DSP)   --->   "%add_ln46_21 = add i29 %tmp33, i29 %mul_ln44_9" [../source/dct.c:46]   --->   Operation 225 'add' 'add_ln46_21' <Predicate = true> <Delay = 2.10> <CoreInst = "DSP48">   --->   Core 116 'DSP48' <Latency = 3> <II = 1> <Delay = 2.15> <IPBlock> <Opcode : '' 'add' 'sub' 'mul' 'select'> <InPorts = 0> <OutPorts = 1> <Sync> <CReg>
ST_9 : Operation 226 [1/3] (0.00ns) (grouped into DSP with root node add_ln46_24)   --->   "%mul_ln46_4 = mul i29 %tmp19_cast, i29 4433" [../source/dct.c:46]   --->   Operation 226 'mul' 'mul_ln46_4' <Predicate = true> <Delay = 0.00> <CoreInst = "DSP48">   --->   Core 116 'DSP48' <Latency = 3> <II = 1> <Delay = 2.15> <IPBlock> <Opcode : '' 'add' 'sub' 'mul' 'select'> <InPorts = 0> <OutPorts = 1> <Sync> <CReg>
ST_9 : Operation 227 [2/2] (2.10ns) (root node of the DSP)   --->   "%add_ln46_24 = add i29 %mul_ln46_4, i29 4096" [../source/dct.c:46]   --->   Operation 227 'add' 'add_ln46_24' <Predicate = true> <Delay = 2.10> <CoreInst = "DSP48">   --->   Core 116 'DSP48' <Latency = 3> <II = 1> <Delay = 2.15> <IPBlock> <Opcode : '' 'add' 'sub' 'mul' 'select'> <InPorts = 0> <OutPorts = 1> <Sync> <CReg>
ST_9 : Operation 228 [1/3] (0.00ns) (grouped into DSP with root node add_ln46_26)   --->   "%mul_ln44_10 = mul i29 %sext_ln44_14, i29 9633" [../source/dct.c:44]   --->   Operation 228 'mul' 'mul_ln44_10' <Predicate = true> <Delay = 0.00> <CoreInst = "DSP48">   --->   Core 116 'DSP48' <Latency = 3> <II = 1> <Delay = 2.15> <IPBlock> <Opcode : '' 'add' 'sub' 'mul' 'select'> <InPorts = 0> <OutPorts = 1> <Sync> <CReg>
ST_9 : Operation 229 [1/1] (5.58ns)   --->   "%mul_ln44_13 = mul i29 %sext_ln44_15, i29 536861280" [../source/dct.c:44]   --->   Operation 229 'mul' 'mul_ln44_13' <Predicate = true> <Delay = 5.58> <CoreInst = "Multiplier">   --->   Core 3 'Multiplier' <Latency = 0> <II = 1> <Delay = 5.58> <FuncUnit> <Opcode : 'mul'> <InPorts = 2> <OutPorts = 1>
ST_9 : Operation 230 [3/3] (1.05ns) (grouped into DSP with root node add_ln46_27)   --->   "%tmp51 = mul i29 %tmp25_cast17, i29 6436" [../source/dct.c:44]   --->   Operation 230 'mul' 'tmp51' <Predicate = true> <Delay = 1.05> <CoreInst = "DSP48">   --->   Core 116 'DSP48' <Latency = 3> <II = 1> <Delay = 2.15> <IPBlock> <Opcode : '' 'add' 'sub' 'mul' 'select'> <InPorts = 0> <OutPorts = 1> <Sync> <CReg>
ST_9 : Operation 231 [2/2] (2.10ns) (root node of the DSP)   --->   "%add_ln46_26 = add i29 %add_ln46_25, i29 %mul_ln44_10" [../source/dct.c:46]   --->   Operation 231 'add' 'add_ln46_26' <Predicate = true> <Delay = 2.10> <CoreInst = "DSP48">   --->   Core 116 'DSP48' <Latency = 3> <II = 1> <Delay = 2.15> <IPBlock> <Opcode : '' 'add' 'sub' 'mul' 'select'> <InPorts = 0> <OutPorts = 1> <Sync> <CReg>
ST_9 : Operation 232 [1/2] (2.10ns) (root node of the DSP)   --->   "%add_ln46_28 = add i29 %mul_ln46_5, i29 4096" [../source/dct.c:46]   --->   Operation 232 'add' 'add_ln46_28' <Predicate = true> <Delay = 2.10> <CoreInst = "DSP48">   --->   Core 116 'DSP48' <Latency = 3> <II = 1> <Delay = 2.15> <IPBlock> <Opcode : '' 'add' 'sub' 'mul' 'select'> <InPorts = 0> <OutPorts = 1> <Sync> <CReg>

State 10 <SV = 9> <Delay = 6.38>
ST_10 : Operation 233 [1/1] (0.00ns)   --->   "%tmp_2 = bitconcatenate i6 @_ssdm_op_BitConcatenate.i6.i3.i3, i3 %dst_offset_read, i3 1" [../source/dct.c:46]   --->   Operation 233 'bitconcatenate' 'tmp_2' <Predicate = true> <Delay = 0.00>
ST_10 : Operation 234 [1/1] (0.00ns)   --->   "%zext_ln46 = zext i6 %tmp_2" [../source/dct.c:46]   --->   Operation 234 'zext' 'zext_ln46' <Predicate = true> <Delay = 0.00>
ST_10 : Operation 235 [1/1] (0.00ns)   --->   "%dst_addr_1 = getelementptr i16 %dst, i64 0, i64 %zext_ln46" [../source/dct.c:46]   --->   Operation 235 'getelementptr' 'dst_addr_1' <Predicate = true> <Delay = 0.00>
ST_10 : Operation 236 [1/1] ( I:3.25ns O:3.25ns )   --->   "%store_ln46 = store i16 %trunc_ln46_1, i6 %dst_addr_1" [../source/dct.c:46]   --->   Operation 236 'store' 'store_ln46' <Predicate = true> <Delay = 3.25> <CoreInst = "RAM">   --->   Core 81 'RAM' <Latency = 1> <II = 1> <Delay = 3.25> <Storage> <Opcode : 'load' 'store'> <Ports = 2> <Width = 16> <Depth = 64> <RAM>
ST_10 : Operation 237 [1/2] (2.10ns) (root node of the DSP)   --->   "%add_ln46_2 = add i29 %add_ln46_13, i29 %tmp14" [../source/dct.c:46]   --->   Operation 237 'add' 'add_ln46_2' <Predicate = true> <Delay = 2.10> <CoreInst = "DSP48">   --->   Core 116 'DSP48' <Latency = 3> <II = 1> <Delay = 2.15> <IPBlock> <Opcode : '' 'add' 'sub' 'mul' 'select'> <InPorts = 0> <OutPorts = 1> <Sync> <CReg>
ST_10 : Operation 238 [1/1] (0.00ns)   --->   "%trunc_ln46_2 = partselect i16 @_ssdm_op_PartSelect.i16.i29.i32.i32, i29 %add_ln46_2, i32 13, i32 28" [../source/dct.c:46]   --->   Operation 238 'partselect' 'trunc_ln46_2' <Predicate = true> <Delay = 0.00>
ST_10 : Operation 239 [1/2] (2.10ns) (root node of the DSP)   --->   "%add_ln46_20 = add i29 %add_ln46_19, i29 %mul_ln44_6" [../source/dct.c:46]   --->   Operation 239 'add' 'add_ln46_20' <Predicate = true> <Delay = 2.10> <CoreInst = "DSP48">   --->   Core 116 'DSP48' <Latency = 3> <II = 1> <Delay = 2.15> <IPBlock> <Opcode : '' 'add' 'sub' 'mul' 'select'> <InPorts = 0> <OutPorts = 1> <Sync> <CReg>
ST_10 : Operation 240 [1/1] (0.00ns) (grouped into TernaryAdder)   --->   "%add_ln46_23 = add i29 %add_ln46_22, i29 %add_ln46_21" [../source/dct.c:46]   --->   Operation 240 'add' 'add_ln46_23' <Predicate = true> <Delay = 0.00> <CoreInst = "TAddSub">   --->   Core 10 'TAddSub' <Latency = 0> <II = 1> <Delay = 2.14> <IPBlock> <Opcode : '' 'add' 'sub'> <InPorts = 3> <OutPorts = 1> <Sync> <CReg>
ST_10 : Operation 241 [1/1] (4.28ns) (root node of TernaryAdder)   --->   "%add_ln46_5 = add i29 %add_ln46_23, i29 %add_ln46_20" [../source/dct.c:46]   --->   Operation 241 'add' 'add_ln46_5' <Predicate = true> <Delay = 4.28> <CoreInst = "TAddSub">   --->   Core 10 'TAddSub' <Latency = 0> <II = 1> <Delay = 2.14> <IPBlock> <Opcode : '' 'add' 'sub'> <InPorts = 3> <OutPorts = 1> <Sync> <CReg>
ST_10 : Operation 242 [1/1] (0.00ns)   --->   "%trunc_ln46_5 = partselect i16 @_ssdm_op_PartSelect.i16.i29.i32.i32, i29 %add_ln46_5, i32 13, i32 28" [../source/dct.c:46]   --->   Operation 242 'partselect' 'trunc_ln46_5' <Predicate = true> <Delay = 0.00>
ST_10 : Operation 243 [1/2] (2.10ns) (root node of the DSP)   --->   "%add_ln46_24 = add i29 %mul_ln46_4, i29 4096" [../source/dct.c:46]   --->   Operation 243 'add' 'add_ln46_24' <Predicate = true> <Delay = 2.10> <CoreInst = "DSP48">   --->   Core 116 'DSP48' <Latency = 3> <II = 1> <Delay = 2.15> <IPBlock> <Opcode : '' 'add' 'sub' 'mul' 'select'> <InPorts = 0> <OutPorts = 1> <Sync> <CReg>
ST_10 : Operation 244 [2/3] (1.05ns) (grouped into DSP with root node add_ln46_27)   --->   "%tmp51 = mul i29 %tmp25_cast17, i29 6436" [../source/dct.c:44]   --->   Operation 244 'mul' 'tmp51' <Predicate = true> <Delay = 1.05> <CoreInst = "DSP48">   --->   Core 116 'DSP48' <Latency = 3> <II = 1> <Delay = 2.15> <IPBlock> <Opcode : '' 'add' 'sub' 'mul' 'select'> <InPorts = 0> <OutPorts = 1> <Sync> <CReg>
ST_10 : Operation 245 [1/2] (2.10ns) (root node of the DSP)   --->   "%add_ln46_26 = add i29 %add_ln46_25, i29 %mul_ln44_10" [../source/dct.c:46]   --->   Operation 245 'add' 'add_ln46_26' <Predicate = true> <Delay = 2.10> <CoreInst = "DSP48">   --->   Core 116 'DSP48' <Latency = 3> <II = 1> <Delay = 2.15> <IPBlock> <Opcode : '' 'add' 'sub' 'mul' 'select'> <InPorts = 0> <OutPorts = 1> <Sync> <CReg>

State 11 <SV = 10> <Delay = 3.25>
ST_11 : Operation 246 [1/1] (0.00ns)   --->   "%tmp_3 = bitconcatenate i6 @_ssdm_op_BitConcatenate.i6.i3.i3, i3 %dst_offset_read, i3 2" [../source/dct.c:46]   --->   Operation 246 'bitconcatenate' 'tmp_3' <Predicate = true> <Delay = 0.00>
ST_11 : Operation 247 [1/1] (0.00ns)   --->   "%zext_ln46_1 = zext i6 %tmp_3" [../source/dct.c:46]   --->   Operation 247 'zext' 'zext_ln46_1' <Predicate = true> <Delay = 0.00>
ST_11 : Operation 248 [1/1] (0.00ns)   --->   "%dst_addr_2 = getelementptr i16 %dst, i64 0, i64 %zext_ln46_1" [../source/dct.c:46]   --->   Operation 248 'getelementptr' 'dst_addr_2' <Predicate = true> <Delay = 0.00>
ST_11 : Operation 249 [1/1] ( I:3.25ns O:3.25ns )   --->   "%store_ln46 = store i16 %trunc_ln46_2, i6 %dst_addr_2" [../source/dct.c:46]   --->   Operation 249 'store' 'store_ln46' <Predicate = true> <Delay = 3.25> <CoreInst = "RAM">   --->   Core 81 'RAM' <Latency = 1> <II = 1> <Delay = 3.25> <Storage> <Opcode : 'load' 'store'> <Ports = 2> <Width = 16> <Depth = 64> <RAM>
ST_11 : Operation 250 [1/1] (1.65ns) (grouped into DSP with root node add_ln46_6)   --->   "%tmp41 = sub i18 %tmp40, i18 %sext_ln44_7" [../source/dct.c:44]   --->   Operation 250 'sub' 'tmp41' <Predicate = true> <Delay = 1.65> <CoreInst = "DSP48">   --->   Core 116 'DSP48' <Latency = 3> <II = 1> <Delay = 2.15> <IPBlock> <Opcode : '' 'add' 'sub' 'mul' 'select'> <InPorts = 0> <OutPorts = 1> <Sync> <CReg>
ST_11 : Operation 251 [1/1] (0.00ns) (grouped into DSP with root node add_ln46_6)   --->   "%tmp41_cast = sext i18 %tmp41" [../source/dct.c:44]   --->   Operation 251 'sext' 'tmp41_cast' <Predicate = true> <Delay = 0.00>
ST_11 : Operation 252 [3/3] (1.05ns) (grouped into DSP with root node add_ln46_6)   --->   "%tmp42 = mul i29 %tmp41_cast, i29 10703" [../source/dct.c:44]   --->   Operation 252 'mul' 'tmp42' <Predicate = true> <Delay = 1.05> <CoreInst = "DSP48">   --->   Core 116 'DSP48' <Latency = 3> <II = 1> <Delay = 2.15> <IPBlock> <Opcode : '' 'add' 'sub' 'mul' 'select'> <InPorts = 0> <OutPorts = 1> <Sync> <CReg>
ST_11 : Operation 253 [1/3] (0.00ns) (grouped into DSP with root node add_ln46_27)   --->   "%tmp51 = mul i29 %tmp25_cast17, i29 6436" [../source/dct.c:44]   --->   Operation 253 'mul' 'tmp51' <Predicate = true> <Delay = 0.00> <CoreInst = "DSP48">   --->   Core 116 'DSP48' <Latency = 3> <II = 1> <Delay = 2.15> <IPBlock> <Opcode : '' 'add' 'sub' 'mul' 'select'> <InPorts = 0> <OutPorts = 1> <Sync> <CReg>
ST_11 : Operation 254 [2/2] (2.10ns) (root node of the DSP)   --->   "%add_ln46_27 = add i29 %mul_ln44_13, i29 %tmp51" [../source/dct.c:46]   --->   Operation 254 'add' 'add_ln46_27' <Predicate = true> <Delay = 2.10> <CoreInst = "DSP48">   --->   Core 116 'DSP48' <Latency = 3> <II = 1> <Delay = 2.15> <IPBlock> <Opcode : '' 'add' 'sub' 'mul' 'select'> <InPorts = 0> <OutPorts = 1> <Sync> <CReg>

State 12 <SV = 11> <Delay = 6.38>
ST_12 : Operation 255 [1/1] (0.00ns)   --->   "%tmp_6 = bitconcatenate i6 @_ssdm_op_BitConcatenate.i6.i3.i3, i3 %dst_offset_read, i3 3" [../source/dct.c:46]   --->   Operation 255 'bitconcatenate' 'tmp_6' <Predicate = true> <Delay = 0.00>
ST_12 : Operation 256 [1/1] (0.00ns)   --->   "%zext_ln46_2 = zext i6 %tmp_6" [../source/dct.c:46]   --->   Operation 256 'zext' 'zext_ln46_2' <Predicate = true> <Delay = 0.00>
ST_12 : Operation 257 [1/1] (0.00ns)   --->   "%dst_addr_3 = getelementptr i16 %dst, i64 0, i64 %zext_ln46_2" [../source/dct.c:46]   --->   Operation 257 'getelementptr' 'dst_addr_3' <Predicate = true> <Delay = 0.00>
ST_12 : Operation 258 [1/1] (0.00ns)   --->   "%tmp_8 = bitconcatenate i6 @_ssdm_op_BitConcatenate.i6.i3.i3, i3 %dst_offset_read, i3 5" [../source/dct.c:46]   --->   Operation 258 'bitconcatenate' 'tmp_8' <Predicate = true> <Delay = 0.00>
ST_12 : Operation 259 [1/1] (0.00ns)   --->   "%zext_ln46_4 = zext i6 %tmp_8" [../source/dct.c:46]   --->   Operation 259 'zext' 'zext_ln46_4' <Predicate = true> <Delay = 0.00>
ST_12 : Operation 260 [1/1] (0.00ns)   --->   "%dst_addr_5 = getelementptr i16 %dst, i64 0, i64 %zext_ln46_4" [../source/dct.c:46]   --->   Operation 260 'getelementptr' 'dst_addr_5' <Predicate = true> <Delay = 0.00>
ST_12 : Operation 261 [1/1] ( I:3.25ns O:3.25ns )   --->   "%store_ln46 = store i16 %trunc_ln46_3, i6 %dst_addr_3" [../source/dct.c:46]   --->   Operation 261 'store' 'store_ln46' <Predicate = true> <Delay = 3.25> <CoreInst = "RAM">   --->   Core 81 'RAM' <Latency = 1> <II = 1> <Delay = 3.25> <Storage> <Opcode : 'load' 'store'> <Ports = 2> <Width = 16> <Depth = 64> <RAM>
ST_12 : Operation 262 [1/1] ( I:3.25ns O:3.25ns )   --->   "%store_ln46 = store i16 %trunc_ln46_5, i6 %dst_addr_5" [../source/dct.c:46]   --->   Operation 262 'store' 'store_ln46' <Predicate = true> <Delay = 3.25> <CoreInst = "RAM">   --->   Core 81 'RAM' <Latency = 1> <II = 1> <Delay = 3.25> <Storage> <Opcode : 'load' 'store'> <Ports = 2> <Width = 16> <Depth = 64> <RAM>
ST_12 : Operation 263 [2/3] (1.05ns) (grouped into DSP with root node add_ln46_6)   --->   "%tmp42 = mul i29 %tmp41_cast, i29 10703" [../source/dct.c:44]   --->   Operation 263 'mul' 'tmp42' <Predicate = true> <Delay = 1.05> <CoreInst = "DSP48">   --->   Core 116 'DSP48' <Latency = 3> <II = 1> <Delay = 2.15> <IPBlock> <Opcode : '' 'add' 'sub' 'mul' 'select'> <InPorts = 0> <OutPorts = 1> <Sync> <CReg>
ST_12 : Operation 264 [1/2] (2.10ns) (root node of the DSP)   --->   "%add_ln46_27 = add i29 %mul_ln44_13, i29 %tmp51" [../source/dct.c:46]   --->   Operation 264 'add' 'add_ln46_27' <Predicate = true> <Delay = 2.10> <CoreInst = "DSP48">   --->   Core 116 'DSP48' <Latency = 3> <II = 1> <Delay = 2.15> <IPBlock> <Opcode : '' 'add' 'sub' 'mul' 'select'> <InPorts = 0> <OutPorts = 1> <Sync> <CReg>
ST_12 : Operation 265 [1/1] (0.00ns) (grouped into TernaryAdder)   --->   "%add_ln46_29 = add i29 %add_ln46_28, i29 %add_ln46_27" [../source/dct.c:46]   --->   Operation 265 'add' 'add_ln46_29' <Predicate = true> <Delay = 0.00> <CoreInst = "TAddSub">   --->   Core 10 'TAddSub' <Latency = 0> <II = 1> <Delay = 2.14> <IPBlock> <Opcode : '' 'add' 'sub'> <InPorts = 3> <OutPorts = 1> <Sync> <CReg>
ST_12 : Operation 266 [1/1] (4.28ns) (root node of TernaryAdder)   --->   "%add_ln46_7 = add i29 %add_ln46_29, i29 %add_ln46_26" [../source/dct.c:46]   --->   Operation 266 'add' 'add_ln46_7' <Predicate = true> <Delay = 4.28> <CoreInst = "TAddSub">   --->   Core 10 'TAddSub' <Latency = 0> <II = 1> <Delay = 2.14> <IPBlock> <Opcode : '' 'add' 'sub'> <InPorts = 3> <OutPorts = 1> <Sync> <CReg>
ST_12 : Operation 267 [1/1] (0.00ns)   --->   "%trunc_ln46_7 = partselect i16 @_ssdm_op_PartSelect.i16.i29.i32.i32, i29 %add_ln46_7, i32 13, i32 28" [../source/dct.c:46]   --->   Operation 267 'partselect' 'trunc_ln46_7' <Predicate = true> <Delay = 0.00>

State 13 <SV = 12> <Delay = 3.25>
ST_13 : Operation 268 [1/1] (0.00ns)   --->   "%tmp_s = bitconcatenate i6 @_ssdm_op_BitConcatenate.i6.i3.i3, i3 %dst_offset_read, i3 7" [../source/dct.c:46]   --->   Operation 268 'bitconcatenate' 'tmp_s' <Predicate = true> <Delay = 0.00>
ST_13 : Operation 269 [1/1] (0.00ns)   --->   "%zext_ln46_6 = zext i6 %tmp_s" [../source/dct.c:46]   --->   Operation 269 'zext' 'zext_ln46_6' <Predicate = true> <Delay = 0.00>
ST_13 : Operation 270 [1/1] (0.00ns)   --->   "%dst_addr_7 = getelementptr i16 %dst, i64 0, i64 %zext_ln46_6" [../source/dct.c:46]   --->   Operation 270 'getelementptr' 'dst_addr_7' <Predicate = true> <Delay = 0.00>
ST_13 : Operation 271 [1/3] (0.00ns) (grouped into DSP with root node add_ln46_6)   --->   "%tmp42 = mul i29 %tmp41_cast, i29 10703" [../source/dct.c:44]   --->   Operation 271 'mul' 'tmp42' <Predicate = true> <Delay = 0.00> <CoreInst = "DSP48">   --->   Core 116 'DSP48' <Latency = 3> <II = 1> <Delay = 2.15> <IPBlock> <Opcode : '' 'add' 'sub' 'mul' 'select'> <InPorts = 0> <OutPorts = 1> <Sync> <CReg>
ST_13 : Operation 272 [2/2] (2.10ns) (root node of the DSP)   --->   "%add_ln46_6 = add i29 %add_ln46_24, i29 %tmp42" [../source/dct.c:46]   --->   Operation 272 'add' 'add_ln46_6' <Predicate = true> <Delay = 2.10> <CoreInst = "DSP48">   --->   Core 116 'DSP48' <Latency = 3> <II = 1> <Delay = 2.15> <IPBlock> <Opcode : '' 'add' 'sub' 'mul' 'select'> <InPorts = 0> <OutPorts = 1> <Sync> <CReg>
ST_13 : Operation 273 [1/1] ( I:3.25ns O:3.25ns )   --->   "%store_ln46 = store i16 %trunc_ln46_7, i6 %dst_addr_7" [../source/dct.c:46]   --->   Operation 273 'store' 'store_ln46' <Predicate = true> <Delay = 3.25> <CoreInst = "RAM">   --->   Core 81 'RAM' <Latency = 1> <II = 1> <Delay = 3.25> <Storage> <Opcode : 'load' 'store'> <Ports = 2> <Width = 16> <Depth = 64> <RAM>

State 14 <SV = 13> <Delay = 2.10>
ST_14 : Operation 274 [1/2] (2.10ns) (root node of the DSP)   --->   "%add_ln46_6 = add i29 %add_ln46_24, i29 %tmp42" [../source/dct.c:46]   --->   Operation 274 'add' 'add_ln46_6' <Predicate = true> <Delay = 2.10> <CoreInst = "DSP48">   --->   Core 116 'DSP48' <Latency = 3> <II = 1> <Delay = 2.15> <IPBlock> <Opcode : '' 'add' 'sub' 'mul' 'select'> <InPorts = 0> <OutPorts = 1> <Sync> <CReg>
ST_14 : Operation 275 [1/1] (0.00ns)   --->   "%trunc_ln46_6 = partselect i16 @_ssdm_op_PartSelect.i16.i29.i32.i32, i29 %add_ln46_6, i32 13, i32 28" [../source/dct.c:46]   --->   Operation 275 'partselect' 'trunc_ln46_6' <Predicate = true> <Delay = 0.00>

State 15 <SV = 14> <Delay = 0.00>

State 16 <SV = 15> <Delay = 0.00>

State 17 <SV = 16> <Delay = 3.25>
ST_17 : Operation 276 [1/1] (0.00ns)   --->   "%tmp_9 = bitconcatenate i6 @_ssdm_op_BitConcatenate.i6.i3.i3, i3 %dst_offset_read, i3 6" [../source/dct.c:46]   --->   Operation 276 'bitconcatenate' 'tmp_9' <Predicate = true> <Delay = 0.00>
ST_17 : Operation 277 [1/1] (0.00ns)   --->   "%zext_ln46_5 = zext i6 %tmp_9" [../source/dct.c:46]   --->   Operation 277 'zext' 'zext_ln46_5' <Predicate = true> <Delay = 0.00>
ST_17 : Operation 278 [1/1] (0.00ns)   --->   "%dst_addr_6 = getelementptr i16 %dst, i64 0, i64 %zext_ln46_5" [../source/dct.c:46]   --->   Operation 278 'getelementptr' 'dst_addr_6' <Predicate = true> <Delay = 0.00>
ST_17 : Operation 279 [1/1] (0.00ns)   --->   "%specpipeline_ln44 = specpipeline void @_ssdm_op_SpecPipeline, i32 4294967295, i32 0, i32 0, i32 0, void @empty_0" [../source/dct.c:44]   --->   Operation 279 'specpipeline' 'specpipeline_ln44' <Predicate = true> <Delay = 0.00>
ST_17 : Operation 280 [1/1] ( I:3.25ns O:3.25ns )   --->   "%store_ln46 = store i16 %trunc_ln46_6, i6 %dst_addr_6" [../source/dct.c:46]   --->   Operation 280 'store' 'store_ln46' <Predicate = true> <Delay = 3.25> <CoreInst = "RAM">   --->   Core 81 'RAM' <Latency = 1> <II = 1> <Delay = 3.25> <Storage> <Opcode : 'load' 'store'> <Ports = 2> <Width = 16> <Depth = 64> <RAM>
ST_17 : Operation 281 [1/1] (0.00ns)   --->   "%ret_ln48 = ret" [../source/dct.c:48]   --->   Operation 281 'ret' 'ret_ln48' <Predicate = true> <Delay = 0.00>


============================================================
+ Verbose Summary: Binding
============================================================
STG Binding: 
---------------- STG Properties BEGIN ----------------
- Is combinational: 0
- Is one-state seq: 0
- Is datapath-only: 0
- Is pipelined: 1
- Is top level: 0
Port [ Return ] is wired: 1; IO mode=ap_ctrl_hs:ce=0
Port [ src]:  wired=1; compound=1; hidden=0; nouse=0; global=0; static=0; extern=0; dir=0; type=1; pingpong=0; private_global=0; MemPort=[11]; IO mode=ap_memory:ce=0
Port [ src_offset]:  wired=1; compound=0; hidden=0; nouse=0; global=0; static=0; extern=0; dir=0; type=0; pingpong=0; private_global=0; IO mode=ap_none:ce=0
Port [ dst]:  wired=1; compound=1; hidden=0; nouse=0; global=0; static=0; extern=0; dir=1; type=1; pingpong=0; private_global=0; MemPort=[00]; IO mode=ap_memory:ce=0
Port [ dst_offset]:  wired=1; compound=0; hidden=0; nouse=0; global=0; static=0; extern=0; dir=0; type=0; pingpong=0; private_global=0; IO mode=ap_none:ce=0
---------------- STG Properties END ------------------

---------------- Datapath Model BEGIN ----------------

<LifeTime>
<method=bitvector/>
src_offset_read   (read          ) [ 001110000000000000]
tmp_5             (bitconcatenate) [ 000000000000000000]
zext_ln44_1       (zext          ) [ 000000000000000000]
src_addr          (getelementptr ) [ 001000000000000000]
tmp_10            (bitconcatenate) [ 000000000000000000]
zext_ln44_2       (zext          ) [ 000000000000000000]
src_addr_1        (getelementptr ) [ 001000000000000000]
tmp_11            (bitconcatenate) [ 000000000000000000]
zext_ln44_3       (zext          ) [ 000000000000000000]
src_addr_2        (getelementptr ) [ 000100000000000000]
tmp_12            (bitconcatenate) [ 000000000000000000]
zext_ln44_4       (zext          ) [ 000000000000000000]
src_addr_3        (getelementptr ) [ 000100000000000000]
src_load          (load          ) [ 011111100000000000]
src_load_1        (load          ) [ 010111000000000000]
tmp_13            (bitconcatenate) [ 000000000000000000]
zext_ln44_5       (zext          ) [ 000000000000000000]
src_addr_4        (getelementptr ) [ 000010000000000000]
tmp_16            (bitconcatenate) [ 000000000000000000]
zext_ln44_8       (zext          ) [ 000000000000000000]
src_addr_7        (getelementptr ) [ 000010000000000000]
src_load_2        (load          ) [ 010011000000000000]
src_load_3        (load          ) [ 010011000000000000]
sext_ln44_11      (sext          ) [ 011111111100000000]
mul_ln44          (mul           ) [ 011111110000000000]
dst_offset_read   (read          ) [ 011111111111111111]
tmp_14            (bitconcatenate) [ 000000000000000000]
zext_ln44_6       (zext          ) [ 000000000000000000]
src_addr_5        (getelementptr ) [ 010001000000000000]
tmp_15            (bitconcatenate) [ 000000000000000000]
zext_ln44_7       (zext          ) [ 000000000000000000]
src_addr_6        (getelementptr ) [ 010001000000000000]
sext_ln44_3       (sext          ) [ 010001000000000000]
src_load_4        (load          ) [ 010001000000000000]
sext_ln33_1       (sext          ) [ 000000000000000000]
src_load_7        (load          ) [ 010001000000000000]
sext_ln44_13      (sext          ) [ 011101110000000000]
tmp4              (sub           ) [ 000000000000000000]
tmp4_cast         (sext          ) [ 011001100000000000]
sext_ln44_14      (sext          ) [ 011111111100000000]
mul_ln44_3        (mul           ) [ 011101110000000000]
tmp22             (sub           ) [ 000000000000000000]
tmp22_cast        (sext          ) [ 011001100000000000]
sext_ln44_16      (sext          ) [ 010001000000000000]
mul_ln44_7        (mul           ) [ 011101110000000000]
sext_ln44_17      (sext          ) [ 011001100000000000]
sext_ln44         (sext          ) [ 000000000000000000]
sext_ln44_1       (sext          ) [ 001000100000000000]
sext_ln44_2       (sext          ) [ 001000100000000000]
sext_ln33         (sext          ) [ 000000000000000000]
src_load_5        (load          ) [ 001000100000000000]
sext_ln44_5       (sext          ) [ 000000000000000000]
src_load_6        (load          ) [ 001100110000000000]
sext_ln44_6       (sext          ) [ 000000000000000000]
sext_ln44_8       (sext          ) [ 000000000000000000]
sext_ln44_9       (sext          ) [ 000000000000000000]
shl_ln            (bitconcatenate) [ 000000000000000000]
tmp               (add           ) [ 001000100000000000]
tmp1              (add           ) [ 000000000000000000]
tmp235            (add           ) [ 001000100000000000]
tmp_4             (bitconcatenate) [ 000000000000000000]
tmp5733           (add           ) [ 000000000000000000]
tmp20             (bitconcatenate) [ 000000000000000000]
add_ln44          (add           ) [ 000000000000000000]
tmp_21            (add           ) [ 001000100000000000]
sext_ln44_12      (sext          ) [ 001110111000000000]
tmp7              (sub           ) [ 001000100000000000]
tmp17             (sub           ) [ 000000000000000000]
tmp17_cast        (sext          ) [ 000000000000000000]
tmp18             (sub           ) [ 000000000000000000]
tmp19             (add           ) [ 001000100000000000]
tmp25             (sub           ) [ 000000000000000000]
tmp25_cast17      (sext          ) [ 011110111111000000]
tmp27             (add           ) [ 001000100000000000]
empty             (trunc         ) [ 001000100000000000]
tmp35             (sub           ) [ 000000000000000000]
sext_ln46         (sext          ) [ 001110111000000000]
mul_ln44_11       (mul           ) [ 001100110000000000]
tmp_1             (bitconcatenate) [ 000000000000000000]
zext_ln44         (zext          ) [ 000000000000000000]
dst_addr          (getelementptr ) [ 000000000000000000]
sext_ln44_4       (sext          ) [ 000000000000000000]
tmp3              (bitconcatenate) [ 000000000000000000]
add_ln46          (add           ) [ 000000000000000000]
trunc_ln          (partselect    ) [ 000000000000000000]
store_ln46        (store         ) [ 000000000000000000]
sext_ln44_10      (sext          ) [ 000110011000000000]
mul_ln44_2        (mul           ) [ 000100010000000000]
tmp5              (mul           ) [ 000100010000000000]
tmp7_cast15       (sext          ) [ 000100010000000000]
mul_ln46          (mul           ) [ 000110011000000000]
tmp11             (sub           ) [ 000000000000000000]
tmp11_cast        (sext          ) [ 000000000000000000]
tmp12             (sub           ) [ 000100010000000000]
tmp19_cast        (sext          ) [ 010110011100000000]
sext_ln44_15      (sext          ) [ 010110011100000000]
mul_ln44_4        (mul           ) [ 000110011000000000]
tmp23             (mul           ) [ 000100010000000000]
tmp27_cast        (sext          ) [ 000000000000000000]
p_shl1            (bitconcatenate) [ 000000000000000000]
tmp28             (sub           ) [ 000000000000000000]
p_shl             (bitconcatenate) [ 000000000000000000]
sub_ln46          (sub           ) [ 000000000000000000]
add_ln46_4        (add           ) [ 000000000000000000]
trunc_ln46_4      (partselect    ) [ 000100010000000000]
mul_ln44_8        (mul           ) [ 000100010000000000]
tmp39             (sub           ) [ 000000000000000000]
tmp39_cast        (sext          ) [ 000000000000000000]
tmp40             (add           ) [ 011110011111000000]
mul_ln44_12       (mul           ) [ 000100010000000000]
tmp_7             (bitconcatenate) [ 000000000000000000]
zext_ln46_3       (zext          ) [ 000000000000000000]
dst_addr_4        (getelementptr ) [ 000000000000000000]
sext_ln44_7       (sext          ) [ 011110001111000000]
mul_ln44_1        (mul           ) [ 000010001000000000]
add_ln46_8        (add           ) [ 010010001100000000]
add_ln46_11       (add           ) [ 010010001100000000]
tmp13             (add           ) [ 000000000000000000]
tmp13_cast        (sext          ) [ 010010001100000000]
mul_ln44_5        (mul           ) [ 000010001000000000]
mul_ln46_2        (mul           ) [ 000010001000000000]
add_ln46_14       (add           ) [ 010010001100000000]
store_ln46        (store         ) [ 000000000000000000]
tmp33             (mul           ) [ 010010001100000000]
mul_ln46_3        (mul           ) [ 000010001000000000]
add_ln46_19       (add           ) [ 011010001110000000]
add_ln46_25       (add           ) [ 011010001110000000]
mul_ln33          (mul           ) [ 010000000100000000]
add_ln46_10       (add           ) [ 010000000100000000]
mul_ln46_1        (mul           ) [ 010000000100000000]
mul_ln33_1        (mul           ) [ 010000000100000000]
add_ln46_16       (add           ) [ 010000000100000000]
add_ln46_17       (add           ) [ 010000000100000000]
mul_ln44_9        (mul           ) [ 010000000100000000]
add_ln46_22       (add           ) [ 011000000110000000]
mul_ln46_5        (mul           ) [ 010000000100000000]
add_ln46_9        (add           ) [ 000000000000000000]
add_ln46_12       (add           ) [ 000000000000000000]
add_ln46_1        (add           ) [ 000000000000000000]
trunc_ln46_1      (partselect    ) [ 001000000010000000]
tmp14             (mul           ) [ 001000000010000000]
add_ln46_13       (add           ) [ 001000000010000000]
add_ln46_15       (add           ) [ 000000000000000000]
add_ln46_18       (add           ) [ 000000000000000000]
add_ln46_3        (add           ) [ 000000000000000000]
trunc_ln46_3      (partselect    ) [ 001110000011100000]
mul_ln44_6        (mul           ) [ 001000000010000000]
add_ln46_21       (add           ) [ 001000000010000000]
mul_ln46_4        (mul           ) [ 001000000010000000]
mul_ln44_10       (mul           ) [ 001000000010000000]
mul_ln44_13       (mul           ) [ 001110000011100000]
add_ln46_28       (add           ) [ 001110000011100000]
tmp_2             (bitconcatenate) [ 000000000000000000]
zext_ln46         (zext          ) [ 000000000000000000]
dst_addr_1        (getelementptr ) [ 000000000000000000]
store_ln46        (store         ) [ 000000000000000000]
add_ln46_2        (add           ) [ 000000000000000000]
trunc_ln46_2      (partselect    ) [ 000100000001000000]
add_ln46_20       (add           ) [ 000000000000000000]
add_ln46_23       (add           ) [ 000000000000000000]
add_ln46_5        (add           ) [ 000000000000000000]
trunc_ln46_5      (partselect    ) [ 000110000001100000]
add_ln46_24       (add           ) [ 011110000001111000]
add_ln46_26       (add           ) [ 000110000001100000]
tmp_3             (bitconcatenate) [ 000000000000000000]
zext_ln46_1       (zext          ) [ 000000000000000000]
dst_addr_2        (getelementptr ) [ 000000000000000000]
store_ln46        (store         ) [ 000000000000000000]
tmp41             (sub           ) [ 000000000000000000]
tmp41_cast        (sext          ) [ 010010000000110000]
tmp51             (mul           ) [ 000010000000100000]
tmp_6             (bitconcatenate) [ 000000000000000000]
zext_ln46_2       (zext          ) [ 000000000000000000]
dst_addr_3        (getelementptr ) [ 000000000000000000]
tmp_8             (bitconcatenate) [ 000000000000000000]
zext_ln46_4       (zext          ) [ 000000000000000000]
dst_addr_5        (getelementptr ) [ 000000000000000000]
store_ln46        (store         ) [ 000000000000000000]
store_ln46        (store         ) [ 000000000000000000]
add_ln46_27       (add           ) [ 000000000000000000]
add_ln46_29       (add           ) [ 000000000000000000]
add_ln46_7        (add           ) [ 000000000000000000]
trunc_ln46_7      (partselect    ) [ 010000000000010000]
tmp_s             (bitconcatenate) [ 000000000000000000]
zext_ln46_6       (zext          ) [ 000000000000000000]
dst_addr_7        (getelementptr ) [ 000000000000000000]
tmp42             (mul           ) [ 001000000000001000]
store_ln46        (store         ) [ 000000000000000000]
add_ln46_6        (add           ) [ 000000000000000000]
trunc_ln46_6      (partselect    ) [ 010110000000000111]
tmp_9             (bitconcatenate) [ 000000000000000000]
zext_ln46_5       (zext          ) [ 000000000000000000]
dst_addr_6        (getelementptr ) [ 000000000000000000]
specpipeline_ln44 (specpipeline  ) [ 000000000000000000]
store_ln46        (store         ) [ 000000000000000000]
ret_ln48          (ret           ) [ 000000000000000000]
</LifeTime>

<model>

<comp_list>
<comp id="0" class="1000" name="src">
<pin_list>
<pin id="1" dir="1" index="0" bw="1" slack="0"/>
</pin_list>
<bind>
<StgValue><ssdm name="src"/><MemPortTyVec>1 1 </MemPortTyVec>
</StgValue>
</bind>
</comp>

<comp id="2" class="1000" name="src_offset">
<pin_list>
<pin id="3" dir="1" index="0" bw="1" slack="0"/>
</pin_list>
<bind>
<StgValue><ssdm name="src_offset"/></StgValue>
</bind>
</comp>

<comp id="4" class="1000" name="dst">
<pin_list>
<pin id="5" dir="1" index="0" bw="1" slack="0"/>
</pin_list>
<bind>
<StgValue><ssdm name="dst"/><MemPortTyVec>0 0 </MemPortTyVec>
</StgValue>
</bind>
</comp>

<comp id="6" class="1000" name="dst_offset">
<pin_list>
<pin id="7" dir="1" index="0" bw="1" slack="0"/>
</pin_list>
<bind>
<StgValue><ssdm name="dst_offset"/></StgValue>
</bind>
</comp>

<comp id="8" class="1001" name="const_8">
<pin_list>
<pin id="9" dir="1" index="0" bw="1" slack="0"/>
</pin_list>
<bind>
<StgValue><ssdm name="_ssdm_op_Read.ap_auto.i3"/></StgValue>
</bind>
</comp>

<comp id="10" class="1001" name="const_10">
<pin_list>
<pin id="11" dir="1" index="0" bw="1" slack="0"/>
</pin_list>
<bind>
<StgValue><ssdm name="_ssdm_op_BitConcatenate.i6.i3.i3"/></StgValue>
</bind>
</comp>

<comp id="12" class="1001" name="const_12">
<pin_list>
<pin id="13" dir="1" index="0" bw="1" slack="0"/>
</pin_list>
<bind>
<StgValue><ssdm name=""/></StgValue>
</bind>
</comp>

<comp id="14" class="1001" name="const_14">
<pin_list>
<pin id="15" dir="1" index="0" bw="1" slack="0"/>
</pin_list>
<bind>
<StgValue><ssdm name=""/></StgValue>
</bind>
</comp>

<comp id="16" class="1001" name="const_16">
<pin_list>
<pin id="17" dir="1" index="0" bw="1" slack="0"/>
</pin_list>
<bind>
<StgValue><ssdm name=""/></StgValue>
</bind>
</comp>

<comp id="18" class="1001" name="const_18">
<pin_list>
<pin id="19" dir="1" index="0" bw="1" slack="0"/>
</pin_list>
<bind>
<StgValue><ssdm name=""/></StgValue>
</bind>
</comp>

<comp id="20" class="1001" name="const_20">
<pin_list>
<pin id="21" dir="1" index="0" bw="1" slack="0"/>
</pin_list>
<bind>
<StgValue><ssdm name=""/></StgValue>
</bind>
</comp>

<comp id="22" class="1001" name="const_22">
<pin_list>
<pin id="23" dir="1" index="0" bw="1" slack="0"/>
</pin_list>
<bind>
<StgValue><ssdm name=""/></StgValue>
</bind>
</comp>

<comp id="24" class="1001" name="const_24">
<pin_list>
<pin id="25" dir="1" index="0" bw="1" slack="0"/>
</pin_list>
<bind>
<StgValue><ssdm name=""/></StgValue>
</bind>
</comp>

<comp id="26" class="1001" name="const_26">
<pin_list>
<pin id="27" dir="1" index="0" bw="1" slack="0"/>
</pin_list>
<bind>
<StgValue><ssdm name=""/></StgValue>
</bind>
</comp>

<comp id="28" class="1001" name="const_28">
<pin_list>
<pin id="29" dir="1" index="0" bw="1" slack="0"/>
</pin_list>
<bind>
<StgValue><ssdm name=""/></StgValue>
</bind>
</comp>

<comp id="30" class="1001" name="const_30">
<pin_list>
<pin id="31" dir="1" index="0" bw="1" slack="0"/>
</pin_list>
<bind>
<StgValue><ssdm name=""/></StgValue>
</bind>
</comp>

<comp id="32" class="1001" name="const_32">
<pin_list>
<pin id="33" dir="1" index="0" bw="1" slack="0"/>
</pin_list>
<bind>
<StgValue><ssdm name=""/></StgValue>
</bind>
</comp>

<comp id="34" class="1001" name="const_34">
<pin_list>
<pin id="35" dir="1" index="0" bw="1" slack="0"/>
</pin_list>
<bind>
<StgValue><ssdm name=""/></StgValue>
</bind>
</comp>

<comp id="36" class="1001" name="const_36">
<pin_list>
<pin id="37" dir="1" index="0" bw="1" slack="0"/>
</pin_list>
<bind>
<StgValue><ssdm name=""/></StgValue>
</bind>
</comp>

<comp id="38" class="1001" name="const_38">
<pin_list>
<pin id="39" dir="1" index="0" bw="1" slack="0"/>
</pin_list>
<bind>
<StgValue><ssdm name=""/></StgValue>
</bind>
</comp>

<comp id="40" class="1001" name="const_40">
<pin_list>
<pin id="41" dir="1" index="0" bw="1" slack="0"/>
</pin_list>
<bind>
<StgValue><ssdm name=""/></StgValue>
</bind>
</comp>

<comp id="42" class="1001" name="const_42">
<pin_list>
<pin id="43" dir="1" index="0" bw="1" slack="0"/>
</pin_list>
<bind>
<StgValue><ssdm name="_ssdm_op_BitConcatenate.i29.i16.i13"/></StgValue>
</bind>
</comp>

<comp id="44" class="1001" name="const_44">
<pin_list>
<pin id="45" dir="1" index="0" bw="1" slack="0"/>
</pin_list>
<bind>
<StgValue><ssdm name=""/></StgValue>
</bind>
</comp>

<comp id="46" class="1001" name="const_46">
<pin_list>
<pin id="47" dir="1" index="0" bw="1" slack="0"/>
</pin_list>
<bind>
<StgValue><ssdm name=""/></StgValue>
</bind>
</comp>

<comp id="48" class="1001" name="const_48">
<pin_list>
<pin id="49" dir="1" index="0" bw="1" slack="0"/>
</pin_list>
<bind>
<StgValue><ssdm name="_ssdm_op_PartSelect.i16.i29.i32.i32"/></StgValue>
</bind>
</comp>

<comp id="50" class="1001" name="const_50">
<pin_list>
<pin id="51" dir="1" index="0" bw="1" slack="0"/>
</pin_list>
<bind>
<StgValue><ssdm name=""/></StgValue>
</bind>
</comp>

<comp id="52" class="1001" name="const_52">
<pin_list>
<pin id="53" dir="1" index="0" bw="1" slack="0"/>
</pin_list>
<bind>
<StgValue><ssdm name=""/></StgValue>
</bind>
</comp>

<comp id="54" class="1001" name="const_54">
<pin_list>
<pin id="55" dir="1" index="0" bw="1" slack="0"/>
</pin_list>
<bind>
<StgValue><ssdm name=""/></StgValue>
</bind>
</comp>

<comp id="56" class="1001" name="const_56">
<pin_list>
<pin id="57" dir="1" index="0" bw="1" slack="0"/>
</pin_list>
<bind>
<StgValue><ssdm name=""/></StgValue>
</bind>
</comp>

<comp id="58" class="1001" name="const_58">
<pin_list>
<pin id="59" dir="1" index="0" bw="1" slack="0"/>
</pin_list>
<bind>
<StgValue><ssdm name=""/></StgValue>
</bind>
</comp>

<comp id="60" class="1001" name="const_60">
<pin_list>
<pin id="61" dir="1" index="0" bw="1" slack="2147483647"/>
</pin_list>
<bind>
<StgValue><ssdm name="_ssdm_op_SpecPipeline"/></StgValue>
</bind>
</comp>

<comp id="62" class="1001" name="const_62">
<pin_list>
<pin id="63" dir="1" index="0" bw="1" slack="2147483647"/>
</pin_list>
<bind>
<StgValue><ssdm name=""/></StgValue>
</bind>
</comp>

<comp id="64" class="1001" name="const_64">
<pin_list>
<pin id="65" dir="1" index="0" bw="1" slack="2147483647"/>
</pin_list>
<bind>
<StgValue><ssdm name=""/></StgValue>
</bind>
</comp>

<comp id="66" class="1001" name="const_66">
<pin_list>
<pin id="67" dir="1" index="0" bw="1" slack="2147483647"/>
</pin_list>
<bind>
<StgValue><ssdm name="empty_0"/></StgValue>
</bind>
</comp>

<comp id="68" class="1004" name="src_offset_read_read_fu_68">
<pin_list>
<pin id="69" dir="0" index="0" bw="3" slack="0"/>
<pin id="70" dir="0" index="1" bw="3" slack="0"/>
<pin id="71" dir="1" index="2" bw="3" slack="0"/>
</pin_list>
<bind>
<opcode="read(1150) " fcode="read"/>
<opset="src_offset_read/1 "/>
</bind>
</comp>

<comp id="74" class="1004" name="dst_offset_read_read_fu_74">
<pin_list>
<pin id="75" dir="0" index="0" bw="3" slack="0"/>
<pin id="76" dir="0" index="1" bw="3" slack="0"/>
<pin id="77" dir="1" index="2" bw="3" slack="2"/>
</pin_list>
<bind>
<opcode="read(1150) " fcode="read"/>
<opset="dst_offset_read/4 "/>
</bind>
</comp>

<comp id="80" class="1004" name="src_addr_gep_fu_80">
<pin_list>
<pin id="81" dir="0" index="0" bw="16" slack="0"/>
<pin id="82" dir="0" index="1" bw="1" slack="0"/>
<pin id="83" dir="0" index="2" bw="6" slack="0"/>
<pin id="84" dir="1" index="3" bw="6" slack="0"/>
</pin_list>
<bind>
<opcode="getelementptr(29) " fcode="getelementptr"/>
<opset="src_addr/1 "/>
</bind>
</comp>

<comp id="87" class="1004" name="src_addr_1_gep_fu_87">
<pin_list>
<pin id="88" dir="0" index="0" bw="16" slack="0"/>
<pin id="89" dir="0" index="1" bw="1" slack="0"/>
<pin id="90" dir="0" index="2" bw="6" slack="0"/>
<pin id="91" dir="1" index="3" bw="6" slack="0"/>
</pin_list>
<bind>
<opcode="getelementptr(29) " fcode="getelementptr"/>
<opset="src_addr_1/1 "/>
</bind>
</comp>

<comp id="94" class="1004" name="grp_access_fu_94">
<pin_list>
<pin id="95" dir="0" index="0" bw="6" slack="0"/>
<pin id="96" dir="0" index="1" bw="16" slack="2147483647"/>
<pin id="97" dir="0" index="2" bw="0" slack="0"/>
<pin id="99" dir="0" index="4" bw="6" slack="2147483647"/>
<pin id="100" dir="0" index="5" bw="16" slack="2147483647"/>
<pin id="101" dir="0" index="6" bw="0" slack="2147483647"/>
<pin id="98" dir="1" index="3" bw="16" slack="0"/>
<pin id="102" dir="1" index="7" bw="16" slack="0"/>
</pin_list>
<bind>
<opcode="load(27) " fcode="load"/>
<opset="src_load/1 src_load_1/1 src_load_2/2 src_load_3/2 src_load_4/3 src_load_7/3 src_load_5/4 src_load_6/4 "/>
</bind>
</comp>

<comp id="105" class="1004" name="src_addr_2_gep_fu_105">
<pin_list>
<pin id="106" dir="0" index="0" bw="16" slack="0"/>
<pin id="107" dir="0" index="1" bw="1" slack="0"/>
<pin id="108" dir="0" index="2" bw="6" slack="0"/>
<pin id="109" dir="1" index="3" bw="6" slack="0"/>
</pin_list>
<bind>
<opcode="getelementptr(29) " fcode="getelementptr"/>
<opset="src_addr_2/2 "/>
</bind>
</comp>

<comp id="112" class="1004" name="src_addr_3_gep_fu_112">
<pin_list>
<pin id="113" dir="0" index="0" bw="16" slack="0"/>
<pin id="114" dir="0" index="1" bw="1" slack="0"/>
<pin id="115" dir="0" index="2" bw="6" slack="0"/>
<pin id="116" dir="1" index="3" bw="6" slack="0"/>
</pin_list>
<bind>
<opcode="getelementptr(29) " fcode="getelementptr"/>
<opset="src_addr_3/2 "/>
</bind>
</comp>

<comp id="121" class="1004" name="src_addr_4_gep_fu_121">
<pin_list>
<pin id="122" dir="0" index="0" bw="16" slack="0"/>
<pin id="123" dir="0" index="1" bw="1" slack="0"/>
<pin id="124" dir="0" index="2" bw="6" slack="0"/>
<pin id="125" dir="1" index="3" bw="6" slack="0"/>
</pin_list>
<bind>
<opcode="getelementptr(29) " fcode="getelementptr"/>
<opset="src_addr_4/3 "/>
</bind>
</comp>

<comp id="128" class="1004" name="src_addr_7_gep_fu_128">
<pin_list>
<pin id="129" dir="0" index="0" bw="16" slack="0"/>
<pin id="130" dir="0" index="1" bw="1" slack="0"/>
<pin id="131" dir="0" index="2" bw="6" slack="0"/>
<pin id="132" dir="1" index="3" bw="6" slack="0"/>
</pin_list>
<bind>
<opcode="getelementptr(29) " fcode="getelementptr"/>
<opset="src_addr_7/3 "/>
</bind>
</comp>

<comp id="137" class="1004" name="src_addr_5_gep_fu_137">
<pin_list>
<pin id="138" dir="0" index="0" bw="16" slack="0"/>
<pin id="139" dir="0" index="1" bw="1" slack="0"/>
<pin id="140" dir="0" index="2" bw="6" slack="0"/>
<pin id="141" dir="1" index="3" bw="6" slack="0"/>
</pin_list>
<bind>
<opcode="getelementptr(29) " fcode="getelementptr"/>
<opset="src_addr_5/4 "/>
</bind>
</comp>

<comp id="144" class="1004" name="src_addr_6_gep_fu_144">
<pin_list>
<pin id="145" dir="0" index="0" bw="16" slack="0"/>
<pin id="146" dir="0" index="1" bw="1" slack="0"/>
<pin id="147" dir="0" index="2" bw="6" slack="0"/>
<pin id="148" dir="1" index="3" bw="6" slack="0"/>
</pin_list>
<bind>
<opcode="getelementptr(29) " fcode="getelementptr"/>
<opset="src_addr_6/4 "/>
</bind>
</comp>

<comp id="153" class="1004" name="dst_addr_gep_fu_153">
<pin_list>
<pin id="154" dir="0" index="0" bw="16" slack="0"/>
<pin id="155" dir="0" index="1" bw="1" slack="0"/>
<pin id="156" dir="0" index="2" bw="6" slack="0"/>
<pin id="157" dir="1" index="3" bw="6" slack="0"/>
</pin_list>
<bind>
<opcode="getelementptr(29) " fcode="getelementptr"/>
<opset="dst_addr/6 "/>
</bind>
</comp>

<comp id="160" class="1004" name="grp_access_fu_160">
<pin_list>
<pin id="161" dir="0" index="0" bw="6" slack="0"/>
<pin id="162" dir="0" index="1" bw="16" slack="1"/>
<pin id="163" dir="0" index="2" bw="0" slack="0"/>
<pin id="165" dir="0" index="4" bw="6" slack="0"/>
<pin id="166" dir="0" index="5" bw="16" slack="2147483647"/>
<pin id="167" dir="0" index="6" bw="0" slack="2147483647"/>
<pin id="164" dir="1" index="3" bw="16" slack="2147483647"/>
<pin id="168" dir="1" index="7" bw="16" slack="2147483647"/>
</pin_list>
<bind>
<opcode="store(28) " fcode="store"/>
<opset="store_ln46/6 store_ln46/7 store_ln46/10 store_ln46/11 store_ln46/12 store_ln46/12 store_ln46/13 store_ln46/17 "/>
</bind>
</comp>

<comp id="170" class="1004" name="dst_addr_4_gep_fu_170">
<pin_list>
<pin id="171" dir="0" index="0" bw="16" slack="0"/>
<pin id="172" dir="0" index="1" bw="1" slack="0"/>
<pin id="173" dir="0" index="2" bw="6" slack="0"/>
<pin id="174" dir="1" index="3" bw="6" slack="0"/>
</pin_list>
<bind>
<opcode="getelementptr(29) " fcode="getelementptr"/>
<opset="dst_addr_4/7 "/>
</bind>
</comp>

<comp id="178" class="1004" name="dst_addr_1_gep_fu_178">
<pin_list>
<pin id="179" dir="0" index="0" bw="16" slack="0"/>
<pin id="180" dir="0" index="1" bw="1" slack="0"/>
<pin id="181" dir="0" index="2" bw="6" slack="0"/>
<pin id="182" dir="1" index="3" bw="6" slack="0"/>
</pin_list>
<bind>
<opcode="getelementptr(29) " fcode="getelementptr"/>
<opset="dst_addr_1/10 "/>
</bind>
</comp>

<comp id="186" class="1004" name="dst_addr_2_gep_fu_186">
<pin_list>
<pin id="187" dir="0" index="0" bw="16" slack="0"/>
<pin id="188" dir="0" index="1" bw="1" slack="0"/>
<pin id="189" dir="0" index="2" bw="6" slack="0"/>
<pin id="190" dir="1" index="3" bw="6" slack="0"/>
</pin_list>
<bind>
<opcode="getelementptr(29) " fcode="getelementptr"/>
<opset="dst_addr_2/11 "/>
</bind>
</comp>

<comp id="194" class="1004" name="dst_addr_3_gep_fu_194">
<pin_list>
<pin id="195" dir="0" index="0" bw="16" slack="0"/>
<pin id="196" dir="0" index="1" bw="1" slack="0"/>
<pin id="197" dir="0" index="2" bw="6" slack="0"/>
<pin id="198" dir="1" index="3" bw="6" slack="0"/>
</pin_list>
<bind>
<opcode="getelementptr(29) " fcode="getelementptr"/>
<opset="dst_addr_3/12 "/>
</bind>
</comp>

<comp id="201" class="1004" name="dst_addr_5_gep_fu_201">
<pin_list>
<pin id="202" dir="0" index="0" bw="16" slack="0"/>
<pin id="203" dir="0" index="1" bw="1" slack="0"/>
<pin id="204" dir="0" index="2" bw="6" slack="0"/>
<pin id="205" dir="1" index="3" bw="6" slack="0"/>
</pin_list>
<bind>
<opcode="getelementptr(29) " fcode="getelementptr"/>
<opset="dst_addr_5/12 "/>
</bind>
</comp>

<comp id="210" class="1004" name="dst_addr_7_gep_fu_210">
<pin_list>
<pin id="211" dir="0" index="0" bw="16" slack="0"/>
<pin id="212" dir="0" index="1" bw="1" slack="0"/>
<pin id="213" dir="0" index="2" bw="6" slack="0"/>
<pin id="214" dir="1" index="3" bw="6" slack="0"/>
</pin_list>
<bind>
<opcode="getelementptr(29) " fcode="getelementptr"/>
<opset="dst_addr_7/13 "/>
</bind>
</comp>

<comp id="218" class="1004" name="dst_addr_6_gep_fu_218">
<pin_list>
<pin id="219" dir="0" index="0" bw="16" slack="0"/>
<pin id="220" dir="0" index="1" bw="1" slack="0"/>
<pin id="221" dir="0" index="2" bw="6" slack="0"/>
<pin id="222" dir="1" index="3" bw="6" slack="0"/>
</pin_list>
<bind>
<opcode="getelementptr(29) " fcode="getelementptr"/>
<opset="dst_addr_6/17 "/>
</bind>
</comp>

<comp id="226" class="1005" name="reg_226">
<pin_list>
<pin id="227" dir="0" index="0" bw="16" slack="1"/>
<pin id="228" dir="1" index="1" bw="16" slack="1"/>
</pin_list>
<bind>
<opset="src_load_1 src_load_5 "/>
</bind>
</comp>

<comp id="231" class="1005" name="reg_231">
<pin_list>
<pin id="232" dir="0" index="0" bw="16" slack="1"/>
<pin id="233" dir="1" index="1" bw="16" slack="1"/>
</pin_list>
<bind>
<opset="src_load_2 src_load_6 "/>
</bind>
</comp>

<comp id="236" class="1004" name="tmp_5_fu_236">
<pin_list>
<pin id="237" dir="0" index="0" bw="6" slack="0"/>
<pin id="238" dir="0" index="1" bw="3" slack="0"/>
<pin id="239" dir="0" index="2" bw="1" slack="0"/>
<pin id="240" dir="1" index="3" bw="6" slack="0"/>
</pin_list>
<bind>
<opcode="bitconcatenate(1004) " fcode="bitconcatenate"/>
<opset="tmp_5/1 "/>
</bind>
</comp>

<comp id="244" class="1004" name="zext_ln44_1_fu_244">
<pin_list>
<pin id="245" dir="0" index="0" bw="6" slack="0"/>
<pin id="246" dir="1" index="1" bw="64" slack="0"/>
</pin_list>
<bind>
<opcode="zext(34) " fcode="zext"/>
<opset="zext_ln44_1/1 "/>
</bind>
</comp>

<comp id="249" class="1004" name="tmp_10_fu_249">
<pin_list>
<pin id="250" dir="0" index="0" bw="6" slack="0"/>
<pin id="251" dir="0" index="1" bw="3" slack="0"/>
<pin id="252" dir="0" index="2" bw="1" slack="0"/>
<pin id="253" dir="1" index="3" bw="6" slack="0"/>
</pin_list>
<bind>
<opcode="bitconcatenate(1004) " fcode="bitconcatenate"/>
<opset="tmp_10/1 "/>
</bind>
</comp>

<comp id="257" class="1004" name="zext_ln44_2_fu_257">
<pin_list>
<pin id="258" dir="0" index="0" bw="6" slack="0"/>
<pin id="259" dir="1" index="1" bw="64" slack="0"/>
</pin_list>
<bind>
<opcode="zext(34) " fcode="zext"/>
<opset="zext_ln44_2/1 "/>
</bind>
</comp>

<comp id="262" class="1004" name="tmp_11_fu_262">
<pin_list>
<pin id="263" dir="0" index="0" bw="6" slack="0"/>
<pin id="264" dir="0" index="1" bw="3" slack="1"/>
<pin id="265" dir="0" index="2" bw="3" slack="0"/>
<pin id="266" dir="1" index="3" bw="6" slack="0"/>
</pin_list>
<bind>
<opcode="bitconcatenate(1004) " fcode="bitconcatenate"/>
<opset="tmp_11/2 "/>
</bind>
</comp>

<comp id="269" class="1004" name="zext_ln44_3_fu_269">
<pin_list>
<pin id="270" dir="0" index="0" bw="6" slack="0"/>
<pin id="271" dir="1" index="1" bw="64" slack="0"/>
</pin_list>
<bind>
<opcode="zext(34) " fcode="zext"/>
<opset="zext_ln44_3/2 "/>
</bind>
</comp>

<comp id="274" class="1004" name="tmp_12_fu_274">
<pin_list>
<pin id="275" dir="0" index="0" bw="6" slack="0"/>
<pin id="276" dir="0" index="1" bw="3" slack="1"/>
<pin id="277" dir="0" index="2" bw="3" slack="0"/>
<pin id="278" dir="1" index="3" bw="6" slack="0"/>
</pin_list>
<bind>
<opcode="bitconcatenate(1004) " fcode="bitconcatenate"/>
<opset="tmp_12/2 "/>
</bind>
</comp>

<comp id="281" class="1004" name="zext_ln44_4_fu_281">
<pin_list>
<pin id="282" dir="0" index="0" bw="6" slack="0"/>
<pin id="283" dir="1" index="1" bw="64" slack="0"/>
</pin_list>
<bind>
<opcode="zext(34) " fcode="zext"/>
<opset="zext_ln44_4/2 "/>
</bind>
</comp>

<comp id="286" class="1004" name="tmp_13_fu_286">
<pin_list>
<pin id="287" dir="0" index="0" bw="6" slack="0"/>
<pin id="288" dir="0" index="1" bw="3" slack="2"/>
<pin id="289" dir="0" index="2" bw="3" slack="0"/>
<pin id="290" dir="1" index="3" bw="6" slack="0"/>
</pin_list>
<bind>
<opcode="bitconcatenate(1004) " fcode="bitconcatenate"/>
<opset="tmp_13/3 "/>
</bind>
</comp>

<comp id="293" class="1004" name="zext_ln44_5_fu_293">
<pin_list>
<pin id="294" dir="0" index="0" bw="6" slack="0"/>
<pin id="295" dir="1" index="1" bw="64" slack="0"/>
</pin_list>
<bind>
<opcode="zext(34) " fcode="zext"/>
<opset="zext_ln44_5/3 "/>
</bind>
</comp>

<comp id="298" class="1004" name="tmp_16_fu_298">
<pin_list>
<pin id="299" dir="0" index="0" bw="6" slack="0"/>
<pin id="300" dir="0" index="1" bw="3" slack="2"/>
<pin id="301" dir="0" index="2" bw="1" slack="0"/>
<pin id="302" dir="1" index="3" bw="6" slack="0"/>
</pin_list>
<bind>
<opcode="bitconcatenate(1004) " fcode="bitconcatenate"/>
<opset="tmp_16/3 "/>
</bind>
</comp>

<comp id="305" class="1004" name="zext_ln44_8_fu_305">
<pin_list>
<pin id="306" dir="0" index="0" bw="6" slack="0"/>
<pin id="307" dir="1" index="1" bw="64" slack="0"/>
</pin_list>
<bind>
<opcode="zext(34) " fcode="zext"/>
<opset="zext_ln44_8/3 "/>
</bind>
</comp>

<comp id="310" class="1004" name="sext_ln44_11_fu_310">
<pin_list>
<pin id="311" dir="0" index="0" bw="16" slack="1"/>
<pin id="312" dir="1" index="1" bw="29" slack="0"/>
</pin_list>
<bind>
<opcode="sext(35) " fcode="sext"/>
<opset="sext_ln44_11/3 "/>
</bind>
</comp>

<comp id="314" class="1004" name="mul_ln44_fu_314">
<pin_list>
<pin id="315" dir="0" index="0" bw="16" slack="0"/>
<pin id="316" dir="0" index="1" bw="15" slack="0"/>
<pin id="317" dir="1" index="2" bw="29" slack="3"/>
</pin_list>
<bind>
<opcode="mul(12) " fcode="mul"/>
<opset="mul_ln44/3 "/>
</bind>
</comp>

<comp id="320" class="1004" name="tmp_14_fu_320">
<pin_list>
<pin id="321" dir="0" index="0" bw="6" slack="0"/>
<pin id="322" dir="0" index="1" bw="3" slack="3"/>
<pin id="323" dir="0" index="2" bw="3" slack="0"/>
<pin id="324" dir="1" index="3" bw="6" slack="0"/>
</pin_list>
<bind>
<opcode="bitconcatenate(1004) " fcode="bitconcatenate"/>
<opset="tmp_14/4 "/>
</bind>
</comp>

<comp id="327" class="1004" name="zext_ln44_6_fu_327">
<pin_list>
<pin id="328" dir="0" index="0" bw="6" slack="0"/>
<pin id="329" dir="1" index="1" bw="64" slack="0"/>
</pin_list>
<bind>
<opcode="zext(34) " fcode="zext"/>
<opset="zext_ln44_6/4 "/>
</bind>
</comp>

<comp id="332" class="1004" name="tmp_15_fu_332">
<pin_list>
<pin id="333" dir="0" index="0" bw="6" slack="0"/>
<pin id="334" dir="0" index="1" bw="3" slack="3"/>
<pin id="335" dir="0" index="2" bw="2" slack="0"/>
<pin id="336" dir="1" index="3" bw="6" slack="0"/>
</pin_list>
<bind>
<opcode="bitconcatenate(1004) " fcode="bitconcatenate"/>
<opset="tmp_15/4 "/>
</bind>
</comp>

<comp id="339" class="1004" name="zext_ln44_7_fu_339">
<pin_list>
<pin id="340" dir="0" index="0" bw="6" slack="0"/>
<pin id="341" dir="1" index="1" bw="64" slack="0"/>
</pin_list>
<bind>
<opcode="zext(34) " fcode="zext"/>
<opset="zext_ln44_7/4 "/>
</bind>
</comp>

<comp id="344" class="1004" name="sext_ln44_3_fu_344">
<pin_list>
<pin id="345" dir="0" index="0" bw="16" slack="1"/>
<pin id="346" dir="1" index="1" bw="17" slack="0"/>
</pin_list>
<bind>
<opcode="sext(35) " fcode="sext"/>
<opset="sext_ln44_3/4 "/>
</bind>
</comp>

<comp id="347" class="1004" name="sext_ln33_1_fu_347">
<pin_list>
<pin id="348" dir="0" index="0" bw="16" slack="0"/>
<pin id="349" dir="1" index="1" bw="17" slack="0"/>
</pin_list>
<bind>
<opcode="sext(35) " fcode="sext"/>
<opset="sext_ln33_1/4 "/>
</bind>
</comp>

<comp id="351" class="1004" name="sext_ln44_13_fu_351">
<pin_list>
<pin id="352" dir="0" index="0" bw="16" slack="0"/>
<pin id="353" dir="1" index="1" bw="29" slack="0"/>
</pin_list>
<bind>
<opcode="sext(35) " fcode="sext"/>
<opset="sext_ln44_13/4 "/>
</bind>
</comp>

<comp id="355" class="1004" name="sext_ln44_14_fu_355">
<pin_list>
<pin id="356" dir="0" index="0" bw="16" slack="1"/>
<pin id="357" dir="1" index="1" bw="29" slack="0"/>
</pin_list>
<bind>
<opcode="sext(35) " fcode="sext"/>
<opset="sext_ln44_14/4 "/>
</bind>
</comp>

<comp id="359" class="1004" name="mul_ln44_3_fu_359">
<pin_list>
<pin id="360" dir="0" index="0" bw="16" slack="0"/>
<pin id="361" dir="0" index="1" bw="15" slack="0"/>
<pin id="362" dir="1" index="2" bw="29" slack="2"/>
</pin_list>
<bind>
<opcode="mul(12) " fcode="mul"/>
<opset="mul_ln44_3/4 "/>
</bind>
</comp>

<comp id="365" class="1004" name="sext_ln44_16_fu_365">
<pin_list>
<pin id="366" dir="0" index="0" bw="16" slack="1"/>
<pin id="367" dir="1" index="1" bw="29" slack="0"/>
</pin_list>
<bind>
<opcode="sext(35) " fcode="sext"/>
<opset="sext_ln44_16/4 "/>
</bind>
</comp>

<comp id="368" class="1004" name="mul_ln44_7_fu_368">
<pin_list>
<pin id="369" dir="0" index="0" bw="16" slack="0"/>
<pin id="370" dir="0" index="1" bw="15" slack="0"/>
<pin id="371" dir="1" index="2" bw="29" slack="2"/>
</pin_list>
<bind>
<opcode="mul(12) " fcode="mul"/>
<opset="mul_ln44_7/4 "/>
</bind>
</comp>

<comp id="374" class="1004" name="sext_ln44_17_fu_374">
<pin_list>
<pin id="375" dir="0" index="0" bw="16" slack="0"/>
<pin id="376" dir="1" index="1" bw="29" slack="0"/>
</pin_list>
<bind>
<opcode="sext(35) " fcode="sext"/>
<opset="sext_ln44_17/4 "/>
</bind>
</comp>

<comp id="378" class="1004" name="sext_ln44_fu_378">
<pin_list>
<pin id="379" dir="0" index="0" bw="16" slack="3"/>
<pin id="380" dir="1" index="1" bw="17" slack="0"/>
</pin_list>
<bind>
<opcode="sext(35) " fcode="sext"/>
<opset="sext_ln44/5 "/>
</bind>
</comp>

<comp id="381" class="1004" name="sext_ln44_1_fu_381">
<pin_list>
<pin id="382" dir="0" index="0" bw="16" slack="3"/>
<pin id="383" dir="1" index="1" bw="17" slack="0"/>
</pin_list>
<bind>
<opcode="sext(35) " fcode="sext"/>
<opset="sext_ln44_1/5 "/>
</bind>
</comp>

<comp id="385" class="1004" name="sext_ln44_2_fu_385">
<pin_list>
<pin id="386" dir="0" index="0" bw="16" slack="2"/>
<pin id="387" dir="1" index="1" bw="17" slack="0"/>
</pin_list>
<bind>
<opcode="sext(35) " fcode="sext"/>
<opset="sext_ln44_2/5 "/>
</bind>
</comp>

<comp id="389" class="1004" name="sext_ln33_fu_389">
<pin_list>
<pin id="390" dir="0" index="0" bw="16" slack="1"/>
<pin id="391" dir="1" index="1" bw="18" slack="0"/>
</pin_list>
<bind>
<opcode="sext(35) " fcode="sext"/>
<opset="sext_ln33/5 "/>
</bind>
</comp>

<comp id="392" class="1004" name="sext_ln44_5_fu_392">
<pin_list>
<pin id="393" dir="0" index="0" bw="16" slack="0"/>
<pin id="394" dir="1" index="1" bw="17" slack="0"/>
</pin_list>
<bind>
<opcode="sext(35) " fcode="sext"/>
<opset="sext_ln44_5/5 "/>
</bind>
</comp>

<comp id="396" class="1004" name="sext_ln44_6_fu_396">
<pin_list>
<pin id="397" dir="0" index="0" bw="16" slack="0"/>
<pin id="398" dir="1" index="1" bw="17" slack="0"/>
</pin_list>
<bind>
<opcode="sext(35) " fcode="sext"/>
<opset="sext_ln44_6/5 "/>
</bind>
</comp>

<comp id="400" class="1004" name="sext_ln44_8_fu_400">
<pin_list>
<pin id="401" dir="0" index="0" bw="16" slack="1"/>
<pin id="402" dir="1" index="1" bw="17" slack="0"/>
</pin_list>
<bind>
<opcode="sext(35) " fcode="sext"/>
<opset="sext_ln44_8/5 "/>
</bind>
</comp>

<comp id="403" class="1004" name="sext_ln44_9_fu_403">
<pin_list>
<pin id="404" dir="0" index="0" bw="16" slack="1"/>
<pin id="405" dir="1" index="1" bw="18" slack="0"/>
</pin_list>
<bind>
<opcode="sext(35) " fcode="sext"/>
<opset="sext_ln44_9/5 "/>
</bind>
</comp>

<comp id="406" class="1004" name="shl_ln_fu_406">
<pin_list>
<pin id="407" dir="0" index="0" bw="29" slack="0"/>
<pin id="408" dir="0" index="1" bw="16" slack="1"/>
<pin id="409" dir="0" index="2" bw="1" slack="0"/>
<pin id="410" dir="1" index="3" bw="29" slack="0"/>
</pin_list>
<bind>
<opcode="bitconcatenate(1004) " fcode="bitconcatenate"/>
<opset="shl_ln/5 "/>
</bind>
</comp>

<comp id="413" class="1004" name="tmp_fu_413">
<pin_list>
<pin id="414" dir="0" index="0" bw="16" slack="2"/>
<pin id="415" dir="0" index="1" bw="16" slack="3"/>
<pin id="416" dir="1" index="2" bw="16" slack="0"/>
</pin_list>
<bind>
<opcode="add(8) " fcode="add"/>
<opset="tmp/5 "/>
</bind>
</comp>

<comp id="419" class="1004" name="tmp1_fu_419">
<pin_list>
<pin id="420" dir="0" index="0" bw="16" slack="0"/>
<pin id="421" dir="0" index="1" bw="16" slack="0"/>
<pin id="422" dir="1" index="2" bw="16" slack="0"/>
</pin_list>
<bind>
<opcode="add(8) " fcode="add"/>
<opset="tmp1/5 "/>
</bind>
</comp>

<comp id="425" class="1004" name="tmp235_fu_425">
<pin_list>
<pin id="426" dir="0" index="0" bw="16" slack="0"/>
<pin id="427" dir="0" index="1" bw="16" slack="0"/>
<pin id="428" dir="1" index="2" bw="16" slack="1"/>
</pin_list>
<bind>
<opcode="add(8) " fcode="add"/>
<opset="tmp235/5 "/>
</bind>
</comp>

<comp id="431" class="1004" name="tmp_4_fu_431">
<pin_list>
<pin id="432" dir="0" index="0" bw="29" slack="0"/>
<pin id="433" dir="0" index="1" bw="16" slack="3"/>
<pin id="434" dir="0" index="2" bw="13" slack="0"/>
<pin id="435" dir="1" index="3" bw="29" slack="0"/>
</pin_list>
<bind>
<opcode="bitconcatenate(1004) " fcode="bitconcatenate"/>
<opset="tmp_4/5 "/>
</bind>
</comp>

<comp id="438" class="1004" name="tmp5733_fu_438">
<pin_list>
<pin id="439" dir="0" index="0" bw="16" slack="1"/>
<pin id="440" dir="0" index="1" bw="16" slack="2"/>
<pin id="441" dir="1" index="2" bw="16" slack="0"/>
</pin_list>
<bind>
<opcode="add(8) " fcode="add"/>
<opset="tmp5733/5 "/>
</bind>
</comp>

<comp id="442" class="1004" name="tmp20_fu_442">
<pin_list>
<pin id="443" dir="0" index="0" bw="29" slack="0"/>
<pin id="444" dir="0" index="1" bw="16" slack="0"/>
<pin id="445" dir="0" index="2" bw="1" slack="0"/>
<pin id="446" dir="1" index="3" bw="29" slack="0"/>
</pin_list>
<bind>
<opcode="bitconcatenate(1004) " fcode="bitconcatenate"/>
<opset="tmp20/5 "/>
</bind>
</comp>

<comp id="450" class="1004" name="add_ln44_fu_450">
<pin_list>
<pin id="451" dir="0" index="0" bw="29" slack="0"/>
<pin id="452" dir="0" index="1" bw="29" slack="0"/>
<pin id="453" dir="1" index="2" bw="29" slack="0"/>
</pin_list>
<bind>
<opcode="add(8) " fcode="add"/>
<opset="add_ln44/5 "/>
</bind>
</comp>

<comp id="456" class="1004" name="tmp_21_fu_456">
<pin_list>
<pin id="457" dir="0" index="0" bw="29" slack="0"/>
<pin id="458" dir="0" index="1" bw="29" slack="0"/>
<pin id="459" dir="1" index="2" bw="29" slack="1"/>
</pin_list>
<bind>
<opcode="add(8) " fcode="add"/>
<opset="tmp_21/5 "/>
</bind>
</comp>

<comp id="462" class="1004" name="sext_ln44_12_fu_462">
<pin_list>
<pin id="463" dir="0" index="0" bw="16" slack="0"/>
<pin id="464" dir="1" index="1" bw="29" slack="0"/>
</pin_list>
<bind>
<opcode="sext(35) " fcode="sext"/>
<opset="sext_ln44_12/5 "/>
</bind>
</comp>

<comp id="466" class="1004" name="tmp7_fu_466">
<pin_list>
<pin id="467" dir="0" index="0" bw="16" slack="0"/>
<pin id="468" dir="0" index="1" bw="16" slack="0"/>
<pin id="469" dir="1" index="2" bw="17" slack="1"/>
</pin_list>
<bind>
<opcode="sub(10) " fcode="sub"/>
<opset="tmp7/5 "/>
</bind>
</comp>

<comp id="472" class="1004" name="tmp17_fu_472">
<pin_list>
<pin id="473" dir="0" index="0" bw="16" slack="0"/>
<pin id="474" dir="0" index="1" bw="16" slack="1"/>
<pin id="475" dir="1" index="2" bw="17" slack="0"/>
</pin_list>
<bind>
<opcode="sub(10) " fcode="sub"/>
<opset="tmp17/5 "/>
</bind>
</comp>

<comp id="477" class="1004" name="tmp17_cast_fu_477">
<pin_list>
<pin id="478" dir="0" index="0" bw="17" slack="0"/>
<pin id="479" dir="1" index="1" bw="18" slack="0"/>
</pin_list>
<bind>
<opcode="sext(35) " fcode="sext"/>
<opset="tmp17_cast/5 "/>
</bind>
</comp>

<comp id="481" class="1004" name="tmp18_fu_481">
<pin_list>
<pin id="482" dir="0" index="0" bw="17" slack="0"/>
<pin id="483" dir="0" index="1" bw="16" slack="0"/>
<pin id="484" dir="1" index="2" bw="18" slack="0"/>
</pin_list>
<bind>
<opcode="sub(10) " fcode="sub"/>
<opset="tmp18/5 "/>
</bind>
</comp>

<comp id="487" class="1004" name="tmp19_fu_487">
<pin_list>
<pin id="488" dir="0" index="0" bw="18" slack="0"/>
<pin id="489" dir="0" index="1" bw="16" slack="0"/>
<pin id="490" dir="1" index="2" bw="18" slack="1"/>
</pin_list>
<bind>
<opcode="add(8) " fcode="add"/>
<opset="tmp19/5 "/>
</bind>
</comp>

<comp id="493" class="1004" name="tmp25_fu_493">
<pin_list>
<pin id="494" dir="0" index="0" bw="16" slack="0"/>
<pin id="495" dir="0" index="1" bw="16" slack="0"/>
<pin id="496" dir="1" index="2" bw="17" slack="0"/>
</pin_list>
<bind>
<opcode="sub(10) " fcode="sub"/>
<opset="tmp25/5 "/>
</bind>
</comp>

<comp id="499" class="1004" name="tmp25_cast17_fu_499">
<pin_list>
<pin id="500" dir="0" index="0" bw="17" slack="0"/>
<pin id="501" dir="1" index="1" bw="29" slack="0"/>
</pin_list>
<bind>
<opcode="sext(35) " fcode="sext"/>
<opset="tmp25_cast17/5 "/>
</bind>
</comp>

<comp id="503" class="1004" name="tmp27_fu_503">
<pin_list>
<pin id="504" dir="0" index="0" bw="16" slack="0"/>
<pin id="505" dir="0" index="1" bw="16" slack="0"/>
<pin id="506" dir="1" index="2" bw="17" slack="0"/>
</pin_list>
<bind>
<opcode="add(8) " fcode="add"/>
<opset="tmp27/5 "/>
</bind>
</comp>

<comp id="509" class="1004" name="empty_fu_509">
<pin_list>
<pin id="510" dir="0" index="0" bw="17" slack="0"/>
<pin id="511" dir="1" index="1" bw="16" slack="1"/>
</pin_list>
<bind>
<opcode="trunc(33) " fcode="trunc"/>
<opset="empty/5 "/>
</bind>
</comp>

<comp id="513" class="1004" name="tmp35_fu_513">
<pin_list>
<pin id="514" dir="0" index="0" bw="16" slack="0"/>
<pin id="515" dir="0" index="1" bw="16" slack="0"/>
<pin id="516" dir="1" index="2" bw="17" slack="0"/>
</pin_list>
<bind>
<opcode="sub(10) " fcode="sub"/>
<opset="tmp35/5 "/>
</bind>
</comp>

<comp id="519" class="1004" name="sext_ln46_fu_519">
<pin_list>
<pin id="520" dir="0" index="0" bw="17" slack="0"/>
<pin id="521" dir="1" index="1" bw="29" slack="0"/>
</pin_list>
<bind>
<opcode="sext(35) " fcode="sext"/>
<opset="sext_ln46/5 "/>
</bind>
</comp>

<comp id="523" class="1004" name="mul_ln44_11_fu_523">
<pin_list>
<pin id="524" dir="0" index="0" bw="16" slack="1"/>
<pin id="525" dir="0" index="1" bw="15" slack="0"/>
<pin id="526" dir="1" index="2" bw="29" slack="1"/>
</pin_list>
<bind>
<opcode="mul(12) " fcode="mul"/>
<opset="mul_ln44_11/5 "/>
</bind>
</comp>

<comp id="528" class="1004" name="tmp_1_fu_528">
<pin_list>
<pin id="529" dir="0" index="0" bw="6" slack="0"/>
<pin id="530" dir="0" index="1" bw="3" slack="2"/>
<pin id="531" dir="0" index="2" bw="1" slack="0"/>
<pin id="532" dir="1" index="3" bw="6" slack="0"/>
</pin_list>
<bind>
<opcode="bitconcatenate(1004) " fcode="bitconcatenate"/>
<opset="tmp_1/6 "/>
</bind>
</comp>

<comp id="535" class="1004" name="zext_ln44_fu_535">
<pin_list>
<pin id="536" dir="0" index="0" bw="6" slack="0"/>
<pin id="537" dir="1" index="1" bw="64" slack="0"/>
</pin_list>
<bind>
<opcode="zext(34) " fcode="zext"/>
<opset="zext_ln44/6 "/>
</bind>
</comp>

<comp id="540" class="1004" name="sext_ln44_4_fu_540">
<pin_list>
<pin id="541" dir="0" index="0" bw="16" slack="1"/>
<pin id="542" dir="1" index="1" bw="18" slack="0"/>
</pin_list>
<bind>
<opcode="sext(35) " fcode="sext"/>
<opset="sext_ln44_4/6 "/>
</bind>
</comp>

<comp id="544" class="1004" name="tmp3_fu_544">
<pin_list>
<pin id="545" dir="0" index="0" bw="29" slack="0"/>
<pin id="546" dir="0" index="1" bw="16" slack="1"/>
<pin id="547" dir="0" index="2" bw="1" slack="0"/>
<pin id="548" dir="1" index="3" bw="29" slack="0"/>
</pin_list>
<bind>
<opcode="bitconcatenate(1004) " fcode="bitconcatenate"/>
<opset="tmp3/6 "/>
</bind>
</comp>

<comp id="551" class="1004" name="add_ln46_fu_551">
<pin_list>
<pin id="552" dir="0" index="0" bw="29" slack="1"/>
<pin id="553" dir="0" index="1" bw="29" slack="0"/>
<pin id="554" dir="1" index="2" bw="29" slack="0"/>
</pin_list>
<bind>
<opcode="add(8) " fcode="add"/>
<opset="add_ln46/6 "/>
</bind>
</comp>

<comp id="556" class="1004" name="trunc_ln_fu_556">
<pin_list>
<pin id="557" dir="0" index="0" bw="16" slack="0"/>
<pin id="558" dir="0" index="1" bw="29" slack="0"/>
<pin id="559" dir="0" index="2" bw="5" slack="0"/>
<pin id="560" dir="0" index="3" bw="6" slack="0"/>
<pin id="561" dir="1" index="4" bw="16" slack="0"/>
</pin_list>
<bind>
<opcode="partselect(1002) " fcode="partselect"/>
<opset="trunc_ln/6 "/>
</bind>
</comp>

<comp id="567" class="1004" name="sext_ln44_10_fu_567">
<pin_list>
<pin id="568" dir="0" index="0" bw="16" slack="4"/>
<pin id="569" dir="1" index="1" bw="29" slack="0"/>
</pin_list>
<bind>
<opcode="sext(35) " fcode="sext"/>
<opset="sext_ln44_10/6 "/>
</bind>
</comp>

<comp id="570" class="1004" name="tmp7_cast15_fu_570">
<pin_list>
<pin id="571" dir="0" index="0" bw="17" slack="1"/>
<pin id="572" dir="1" index="1" bw="29" slack="0"/>
</pin_list>
<bind>
<opcode="sext(35) " fcode="sext"/>
<opset="tmp7_cast15/6 "/>
</bind>
</comp>

<comp id="573" class="1004" name="mul_ln46_fu_573">
<pin_list>
<pin id="574" dir="0" index="0" bw="17" slack="0"/>
<pin id="575" dir="0" index="1" bw="14" slack="0"/>
<pin id="576" dir="1" index="2" bw="29" slack="1"/>
</pin_list>
<bind>
<opcode="mul(12) " fcode="mul"/>
<opset="mul_ln46/6 "/>
</bind>
</comp>

<comp id="579" class="1004" name="tmp11_fu_579">
<pin_list>
<pin id="580" dir="0" index="0" bw="16" slack="1"/>
<pin id="581" dir="0" index="1" bw="16" slack="1"/>
<pin id="582" dir="1" index="2" bw="17" slack="0"/>
</pin_list>
<bind>
<opcode="sub(10) " fcode="sub"/>
<opset="tmp11/6 "/>
</bind>
</comp>

<comp id="583" class="1004" name="tmp11_cast_fu_583">
<pin_list>
<pin id="584" dir="0" index="0" bw="17" slack="0"/>
<pin id="585" dir="1" index="1" bw="18" slack="0"/>
</pin_list>
<bind>
<opcode="sext(35) " fcode="sext"/>
<opset="tmp11_cast/6 "/>
</bind>
</comp>

<comp id="587" class="1004" name="tmp12_fu_587">
<pin_list>
<pin id="588" dir="0" index="0" bw="17" slack="0"/>
<pin id="589" dir="0" index="1" bw="16" slack="0"/>
<pin id="590" dir="1" index="2" bw="18" slack="1"/>
</pin_list>
<bind>
<opcode="sub(10) " fcode="sub"/>
<opset="tmp12/6 "/>
</bind>
</comp>

<comp id="593" class="1004" name="tmp19_cast_fu_593">
<pin_list>
<pin id="594" dir="0" index="0" bw="18" slack="1"/>
<pin id="595" dir="1" index="1" bw="29" slack="0"/>
</pin_list>
<bind>
<opcode="sext(35) " fcode="sext"/>
<opset="tmp19_cast/6 "/>
</bind>
</comp>

<comp id="596" class="1004" name="sext_ln44_15_fu_596">
<pin_list>
<pin id="597" dir="0" index="0" bw="16" slack="1"/>
<pin id="598" dir="1" index="1" bw="29" slack="0"/>
</pin_list>
<bind>
<opcode="sext(35) " fcode="sext"/>
<opset="sext_ln44_15/6 "/>
</bind>
</comp>

<comp id="600" class="1004" name="mul_ln44_4_fu_600">
<pin_list>
<pin id="601" dir="0" index="0" bw="16" slack="0"/>
<pin id="602" dir="0" index="1" bw="15" slack="0"/>
<pin id="603" dir="1" index="2" bw="29" slack="1"/>
</pin_list>
<bind>
<opcode="mul(12) " fcode="mul"/>
<opset="mul_ln44_4/6 "/>
</bind>
</comp>

<comp id="606" class="1004" name="tmp27_cast_fu_606">
<pin_list>
<pin id="607" dir="0" index="0" bw="17" slack="1"/>
<pin id="608" dir="1" index="1" bw="29" slack="0"/>
</pin_list>
<bind>
<opcode="sext(35) " fcode="sext"/>
<opset="tmp27_cast/6 "/>
</bind>
</comp>

<comp id="609" class="1004" name="p_shl1_fu_609">
<pin_list>
<pin id="610" dir="0" index="0" bw="29" slack="0"/>
<pin id="611" dir="0" index="1" bw="16" slack="1"/>
<pin id="612" dir="0" index="2" bw="1" slack="0"/>
<pin id="613" dir="1" index="3" bw="29" slack="0"/>
</pin_list>
<bind>
<opcode="bitconcatenate(1004) " fcode="bitconcatenate"/>
<opset="p_shl1/6 "/>
</bind>
</comp>

<comp id="616" class="1004" name="tmp28_fu_616">
<pin_list>
<pin id="617" dir="0" index="0" bw="17" slack="0"/>
<pin id="618" dir="0" index="1" bw="29" slack="0"/>
<pin id="619" dir="1" index="2" bw="29" slack="0"/>
</pin_list>
<bind>
<opcode="sub(10) " fcode="sub"/>
<opset="tmp28/6 "/>
</bind>
</comp>

<comp id="622" class="1004" name="p_shl_fu_622">
<pin_list>
<pin id="623" dir="0" index="0" bw="29" slack="0"/>
<pin id="624" dir="0" index="1" bw="16" slack="1"/>
<pin id="625" dir="0" index="2" bw="1" slack="0"/>
<pin id="626" dir="1" index="3" bw="29" slack="0"/>
</pin_list>
<bind>
<opcode="bitconcatenate(1004) " fcode="bitconcatenate"/>
<opset="p_shl/6 "/>
</bind>
</comp>

<comp id="629" class="1004" name="sub_ln46_fu_629">
<pin_list>
<pin id="630" dir="0" index="0" bw="29" slack="1"/>
<pin id="631" dir="0" index="1" bw="29" slack="0"/>
<pin id="632" dir="1" index="2" bw="29" slack="0"/>
</pin_list>
<bind>
<opcode="sub(10) " fcode="sub"/>
<opset="sub_ln46/6 "/>
</bind>
</comp>

<comp id="634" class="1004" name="add_ln46_4_fu_634">
<pin_list>
<pin id="635" dir="0" index="0" bw="29" slack="0"/>
<pin id="636" dir="0" index="1" bw="29" slack="0"/>
<pin id="637" dir="1" index="2" bw="29" slack="0"/>
</pin_list>
<bind>
<opcode="add(8) " fcode="add"/>
<opset="add_ln46_4/6 "/>
</bind>
</comp>

<comp id="640" class="1004" name="trunc_ln46_4_fu_640">
<pin_list>
<pin id="641" dir="0" index="0" bw="16" slack="0"/>
<pin id="642" dir="0" index="1" bw="29" slack="0"/>
<pin id="643" dir="0" index="2" bw="5" slack="0"/>
<pin id="644" dir="0" index="3" bw="6" slack="0"/>
<pin id="645" dir="1" index="4" bw="16" slack="1"/>
</pin_list>
<bind>
<opcode="partselect(1002) " fcode="partselect"/>
<opset="trunc_ln46_4/6 "/>
</bind>
</comp>

<comp id="650" class="1004" name="tmp39_fu_650">
<pin_list>
<pin id="651" dir="0" index="0" bw="16" slack="1"/>
<pin id="652" dir="0" index="1" bw="16" slack="1"/>
<pin id="653" dir="1" index="2" bw="17" slack="0"/>
</pin_list>
<bind>
<opcode="sub(10) " fcode="sub"/>
<opset="tmp39/6 "/>
</bind>
</comp>

<comp id="654" class="1004" name="tmp39_cast_fu_654">
<pin_list>
<pin id="655" dir="0" index="0" bw="17" slack="0"/>
<pin id="656" dir="1" index="1" bw="18" slack="0"/>
</pin_list>
<bind>
<opcode="sext(35) " fcode="sext"/>
<opset="tmp39_cast/6 "/>
</bind>
</comp>

<comp id="658" class="1004" name="tmp40_fu_658">
<pin_list>
<pin id="659" dir="0" index="0" bw="17" slack="0"/>
<pin id="660" dir="0" index="1" bw="16" slack="0"/>
<pin id="661" dir="1" index="2" bw="18" slack="5"/>
</pin_list>
<bind>
<opcode="add(8) " fcode="add"/>
<opset="tmp40/6 "/>
</bind>
</comp>

<comp id="664" class="1004" name="tmp_7_fu_664">
<pin_list>
<pin id="665" dir="0" index="0" bw="6" slack="0"/>
<pin id="666" dir="0" index="1" bw="3" slack="3"/>
<pin id="667" dir="0" index="2" bw="3" slack="0"/>
<pin id="668" dir="1" index="3" bw="6" slack="0"/>
</pin_list>
<bind>
<opcode="bitconcatenate(1004) " fcode="bitconcatenate"/>
<opset="tmp_7/7 "/>
</bind>
</comp>

<comp id="671" class="1004" name="zext_ln46_3_fu_671">
<pin_list>
<pin id="672" dir="0" index="0" bw="6" slack="0"/>
<pin id="673" dir="1" index="1" bw="64" slack="0"/>
</pin_list>
<bind>
<opcode="zext(34) " fcode="zext"/>
<opset="zext_ln46_3/7 "/>
</bind>
</comp>

<comp id="676" class="1004" name="sext_ln44_7_fu_676">
<pin_list>
<pin id="677" dir="0" index="0" bw="16" slack="2"/>
<pin id="678" dir="1" index="1" bw="18" slack="0"/>
</pin_list>
<bind>
<opcode="sext(35) " fcode="sext"/>
<opset="sext_ln44_7/7 "/>
</bind>
</comp>

<comp id="680" class="1004" name="tmp33_fu_680">
<pin_list>
<pin id="681" dir="0" index="0" bw="17" slack="1"/>
<pin id="682" dir="0" index="1" bw="13" slack="0"/>
<pin id="683" dir="1" index="2" bw="29" slack="1"/>
</pin_list>
<bind>
<opcode="mul(12) " fcode="mul"/>
<opset="tmp33/7 "/>
</bind>
</comp>

<comp id="685" class="1004" name="add_ln46_12_fu_685">
<pin_list>
<pin id="686" dir="0" index="0" bw="29" slack="2"/>
<pin id="687" dir="0" index="1" bw="29" slack="1"/>
<pin id="688" dir="1" index="2" bw="29" slack="0"/>
</pin_list>
<bind>
<opcode="add(8) " fcode="add"/>
<opset="add_ln46_12/9 "/>
</bind>
</comp>

<comp id="689" class="1004" name="add_ln46_1_fu_689">
<pin_list>
<pin id="690" dir="0" index="0" bw="29" slack="0"/>
<pin id="691" dir="0" index="1" bw="29" slack="0"/>
<pin id="692" dir="1" index="2" bw="29" slack="0"/>
</pin_list>
<bind>
<opcode="add(8) " fcode="add"/>
<opset="add_ln46_1/9 "/>
</bind>
</comp>

<comp id="694" class="1004" name="trunc_ln46_1_fu_694">
<pin_list>
<pin id="695" dir="0" index="0" bw="16" slack="0"/>
<pin id="696" dir="0" index="1" bw="29" slack="0"/>
<pin id="697" dir="0" index="2" bw="5" slack="0"/>
<pin id="698" dir="0" index="3" bw="6" slack="0"/>
<pin id="699" dir="1" index="4" bw="16" slack="1"/>
</pin_list>
<bind>
<opcode="partselect(1002) " fcode="partselect"/>
<opset="trunc_ln46_1/9 "/>
</bind>
</comp>

<comp id="704" class="1004" name="add_ln46_18_fu_704">
<pin_list>
<pin id="705" dir="0" index="0" bw="29" slack="1"/>
<pin id="706" dir="0" index="1" bw="29" slack="1"/>
<pin id="707" dir="1" index="2" bw="29" slack="0"/>
</pin_list>
<bind>
<opcode="add(8) " fcode="add"/>
<opset="add_ln46_18/9 "/>
</bind>
</comp>

<comp id="708" class="1004" name="add_ln46_3_fu_708">
<pin_list>
<pin id="709" dir="0" index="0" bw="29" slack="0"/>
<pin id="710" dir="0" index="1" bw="29" slack="0"/>
<pin id="711" dir="1" index="2" bw="29" slack="0"/>
</pin_list>
<bind>
<opcode="add(8) " fcode="add"/>
<opset="add_ln46_3/9 "/>
</bind>
</comp>

<comp id="713" class="1004" name="trunc_ln46_3_fu_713">
<pin_list>
<pin id="714" dir="0" index="0" bw="16" slack="0"/>
<pin id="715" dir="0" index="1" bw="29" slack="0"/>
<pin id="716" dir="0" index="2" bw="5" slack="0"/>
<pin id="717" dir="0" index="3" bw="6" slack="0"/>
<pin id="718" dir="1" index="4" bw="16" slack="3"/>
</pin_list>
<bind>
<opcode="partselect(1002) " fcode="partselect"/>
<opset="trunc_ln46_3/9 "/>
</bind>
</comp>

<comp id="723" class="1004" name="mul_ln44_13_fu_723">
<pin_list>
<pin id="724" dir="0" index="0" bw="16" slack="3"/>
<pin id="725" dir="0" index="1" bw="15" slack="0"/>
<pin id="726" dir="1" index="2" bw="29" slack="2"/>
</pin_list>
<bind>
<opcode="mul(12) " fcode="mul"/>
<opset="mul_ln44_13/9 "/>
</bind>
</comp>

<comp id="728" class="1004" name="tmp_2_fu_728">
<pin_list>
<pin id="729" dir="0" index="0" bw="6" slack="0"/>
<pin id="730" dir="0" index="1" bw="3" slack="6"/>
<pin id="731" dir="0" index="2" bw="1" slack="0"/>
<pin id="732" dir="1" index="3" bw="6" slack="0"/>
</pin_list>
<bind>
<opcode="bitconcatenate(1004) " fcode="bitconcatenate"/>
<opset="tmp_2/10 "/>
</bind>
</comp>

<comp id="735" class="1004" name="zext_ln46_fu_735">
<pin_list>
<pin id="736" dir="0" index="0" bw="6" slack="0"/>
<pin id="737" dir="1" index="1" bw="64" slack="0"/>
</pin_list>
<bind>
<opcode="zext(34) " fcode="zext"/>
<opset="zext_ln46/10 "/>
</bind>
</comp>

<comp id="740" class="1004" name="trunc_ln46_2_fu_740">
<pin_list>
<pin id="741" dir="0" index="0" bw="16" slack="0"/>
<pin id="742" dir="0" index="1" bw="29" slack="0"/>
<pin id="743" dir="0" index="2" bw="5" slack="0"/>
<pin id="744" dir="0" index="3" bw="6" slack="0"/>
<pin id="745" dir="1" index="4" bw="16" slack="1"/>
</pin_list>
<bind>
<opcode="partselect(1002) " fcode="partselect"/>
<opset="trunc_ln46_2/10 "/>
</bind>
</comp>

<comp id="749" class="1004" name="add_ln46_23_fu_749">
<pin_list>
<pin id="750" dir="0" index="0" bw="29" slack="2"/>
<pin id="751" dir="0" index="1" bw="29" slack="1"/>
<pin id="752" dir="1" index="2" bw="29" slack="0"/>
</pin_list>
<bind>
<opcode="add(8) " fcode="add"/>
<opset="add_ln46_23/10 "/>
</bind>
</comp>

<comp id="753" class="1004" name="add_ln46_5_fu_753">
<pin_list>
<pin id="754" dir="0" index="0" bw="29" slack="0"/>
<pin id="755" dir="0" index="1" bw="29" slack="0"/>
<pin id="756" dir="1" index="2" bw="29" slack="0"/>
</pin_list>
<bind>
<opcode="add(8) " fcode="add"/>
<opset="add_ln46_5/10 "/>
</bind>
</comp>

<comp id="758" class="1004" name="trunc_ln46_5_fu_758">
<pin_list>
<pin id="759" dir="0" index="0" bw="16" slack="0"/>
<pin id="760" dir="0" index="1" bw="29" slack="0"/>
<pin id="761" dir="0" index="2" bw="5" slack="0"/>
<pin id="762" dir="0" index="3" bw="6" slack="0"/>
<pin id="763" dir="1" index="4" bw="16" slack="2"/>
</pin_list>
<bind>
<opcode="partselect(1002) " fcode="partselect"/>
<opset="trunc_ln46_5/10 "/>
</bind>
</comp>

<comp id="768" class="1004" name="tmp_3_fu_768">
<pin_list>
<pin id="769" dir="0" index="0" bw="6" slack="0"/>
<pin id="770" dir="0" index="1" bw="3" slack="7"/>
<pin id="771" dir="0" index="2" bw="3" slack="0"/>
<pin id="772" dir="1" index="3" bw="6" slack="0"/>
</pin_list>
<bind>
<opcode="bitconcatenate(1004) " fcode="bitconcatenate"/>
<opset="tmp_3/11 "/>
</bind>
</comp>

<comp id="775" class="1004" name="zext_ln46_1_fu_775">
<pin_list>
<pin id="776" dir="0" index="0" bw="6" slack="0"/>
<pin id="777" dir="1" index="1" bw="64" slack="0"/>
</pin_list>
<bind>
<opcode="zext(34) " fcode="zext"/>
<opset="zext_ln46_1/11 "/>
</bind>
</comp>

<comp id="780" class="1004" name="tmp_6_fu_780">
<pin_list>
<pin id="781" dir="0" index="0" bw="6" slack="0"/>
<pin id="782" dir="0" index="1" bw="3" slack="8"/>
<pin id="783" dir="0" index="2" bw="3" slack="0"/>
<pin id="784" dir="1" index="3" bw="6" slack="0"/>
</pin_list>
<bind>
<opcode="bitconcatenate(1004) " fcode="bitconcatenate"/>
<opset="tmp_6/12 "/>
</bind>
</comp>

<comp id="787" class="1004" name="zext_ln46_2_fu_787">
<pin_list>
<pin id="788" dir="0" index="0" bw="6" slack="0"/>
<pin id="789" dir="1" index="1" bw="64" slack="0"/>
</pin_list>
<bind>
<opcode="zext(34) " fcode="zext"/>
<opset="zext_ln46_2/12 "/>
</bind>
</comp>

<comp id="792" class="1004" name="tmp_8_fu_792">
<pin_list>
<pin id="793" dir="0" index="0" bw="6" slack="0"/>
<pin id="794" dir="0" index="1" bw="3" slack="8"/>
<pin id="795" dir="0" index="2" bw="3" slack="0"/>
<pin id="796" dir="1" index="3" bw="6" slack="0"/>
</pin_list>
<bind>
<opcode="bitconcatenate(1004) " fcode="bitconcatenate"/>
<opset="tmp_8/12 "/>
</bind>
</comp>

<comp id="799" class="1004" name="zext_ln46_4_fu_799">
<pin_list>
<pin id="800" dir="0" index="0" bw="6" slack="0"/>
<pin id="801" dir="1" index="1" bw="64" slack="0"/>
</pin_list>
<bind>
<opcode="zext(34) " fcode="zext"/>
<opset="zext_ln46_4/12 "/>
</bind>
</comp>

<comp id="804" class="1004" name="add_ln46_29_fu_804">
<pin_list>
<pin id="805" dir="0" index="0" bw="29" slack="3"/>
<pin id="806" dir="0" index="1" bw="29" slack="0"/>
<pin id="807" dir="1" index="2" bw="29" slack="0"/>
</pin_list>
<bind>
<opcode="add(8) " fcode="add"/>
<opset="add_ln46_29/12 "/>
</bind>
</comp>

<comp id="808" class="1004" name="add_ln46_7_fu_808">
<pin_list>
<pin id="809" dir="0" index="0" bw="29" slack="0"/>
<pin id="810" dir="0" index="1" bw="29" slack="2"/>
<pin id="811" dir="1" index="2" bw="29" slack="0"/>
</pin_list>
<bind>
<opcode="add(8) " fcode="add"/>
<opset="add_ln46_7/12 "/>
</bind>
</comp>

<comp id="813" class="1004" name="trunc_ln46_7_fu_813">
<pin_list>
<pin id="814" dir="0" index="0" bw="16" slack="0"/>
<pin id="815" dir="0" index="1" bw="29" slack="0"/>
<pin id="816" dir="0" index="2" bw="5" slack="0"/>
<pin id="817" dir="0" index="3" bw="6" slack="0"/>
<pin id="818" dir="1" index="4" bw="16" slack="1"/>
</pin_list>
<bind>
<opcode="partselect(1002) " fcode="partselect"/>
<opset="trunc_ln46_7/12 "/>
</bind>
</comp>

<comp id="823" class="1004" name="tmp_s_fu_823">
<pin_list>
<pin id="824" dir="0" index="0" bw="6" slack="0"/>
<pin id="825" dir="0" index="1" bw="3" slack="9"/>
<pin id="826" dir="0" index="2" bw="1" slack="0"/>
<pin id="827" dir="1" index="3" bw="6" slack="0"/>
</pin_list>
<bind>
<opcode="bitconcatenate(1004) " fcode="bitconcatenate"/>
<opset="tmp_s/13 "/>
</bind>
</comp>

<comp id="830" class="1004" name="zext_ln46_6_fu_830">
<pin_list>
<pin id="831" dir="0" index="0" bw="6" slack="0"/>
<pin id="832" dir="1" index="1" bw="64" slack="0"/>
</pin_list>
<bind>
<opcode="zext(34) " fcode="zext"/>
<opset="zext_ln46_6/13 "/>
</bind>
</comp>

<comp id="835" class="1004" name="trunc_ln46_6_fu_835">
<pin_list>
<pin id="836" dir="0" index="0" bw="16" slack="0"/>
<pin id="837" dir="0" index="1" bw="29" slack="0"/>
<pin id="838" dir="0" index="2" bw="5" slack="0"/>
<pin id="839" dir="0" index="3" bw="6" slack="0"/>
<pin id="840" dir="1" index="4" bw="16" slack="3"/>
</pin_list>
<bind>
<opcode="partselect(1002) " fcode="partselect"/>
<opset="trunc_ln46_6/14 "/>
</bind>
</comp>

<comp id="844" class="1004" name="tmp_9_fu_844">
<pin_list>
<pin id="845" dir="0" index="0" bw="6" slack="0"/>
<pin id="846" dir="0" index="1" bw="3" slack="13"/>
<pin id="847" dir="0" index="2" bw="2" slack="0"/>
<pin id="848" dir="1" index="3" bw="6" slack="0"/>
</pin_list>
<bind>
<opcode="bitconcatenate(1004) " fcode="bitconcatenate"/>
<opset="tmp_9/17 "/>
</bind>
</comp>

<comp id="851" class="1004" name="zext_ln46_5_fu_851">
<pin_list>
<pin id="852" dir="0" index="0" bw="6" slack="0"/>
<pin id="853" dir="1" index="1" bw="64" slack="0"/>
</pin_list>
<bind>
<opcode="zext(34) " fcode="zext"/>
<opset="zext_ln46_5/17 "/>
</bind>
</comp>

<comp id="856" class="1007" name="grp_fu_856">
<pin_list>
<pin id="857" dir="0" index="0" bw="16" slack="0"/>
<pin id="858" dir="0" index="1" bw="15" slack="0"/>
<pin id="859" dir="0" index="2" bw="13" slack="0"/>
<pin id="860" dir="1" index="3" bw="29" slack="2"/>
</pin_list>
<bind>
<opcode="muladd(1172) " fcode="muladd"/>
<opset="mul_ln44_2/4 add_ln46_11/6 "/>
</bind>
</comp>

<comp id="864" class="1007" name="grp_fu_864">
<pin_list>
<pin id="865" dir="0" index="0" bw="16" slack="0"/>
<pin id="866" dir="0" index="1" bw="16" slack="0"/>
<pin id="867" dir="0" index="2" bw="12" slack="0"/>
<pin id="868" dir="0" index="3" bw="29" slack="2147483647"/>
<pin id="869" dir="1" index="4" bw="29" slack="1"/>
</pin_list>
<bind>
<opcode="submuladd(1176) " fcode="submuladd"/>
<opset="tmp4/4 tmp4_cast/4 tmp5/4 add_ln46_8/6 "/>
</bind>
</comp>

<comp id="873" class="1007" name="grp_fu_873">
<pin_list>
<pin id="874" dir="0" index="0" bw="16" slack="0"/>
<pin id="875" dir="0" index="1" bw="16" slack="0"/>
<pin id="876" dir="0" index="2" bw="13" slack="0"/>
<pin id="877" dir="0" index="3" bw="29" slack="2147483647"/>
<pin id="878" dir="1" index="4" bw="29" slack="1"/>
</pin_list>
<bind>
<opcode="submuladd(1176) " fcode="submuladd"/>
<opset="tmp22/4 tmp22_cast/4 tmp23/4 add_ln46_14/6 "/>
</bind>
</comp>

<comp id="882" class="1007" name="grp_fu_882">
<pin_list>
<pin id="883" dir="0" index="0" bw="16" slack="0"/>
<pin id="884" dir="0" index="1" bw="15" slack="0"/>
<pin id="885" dir="0" index="2" bw="29" slack="2147483647"/>
<pin id="886" dir="1" index="3" bw="29" slack="2"/>
</pin_list>
<bind>
<opcode="muladd(1172) " fcode="muladd"/>
<opset="mul_ln44_8/4 add_ln46_19/6 "/>
</bind>
</comp>

<comp id="889" class="1007" name="grp_fu_889">
<pin_list>
<pin id="890" dir="0" index="0" bw="16" slack="0"/>
<pin id="891" dir="0" index="1" bw="14" slack="0"/>
<pin id="892" dir="0" index="2" bw="29" slack="2147483647"/>
<pin id="893" dir="1" index="3" bw="29" slack="2"/>
</pin_list>
<bind>
<opcode="muladd(1172) " fcode="muladd"/>
<opset="mul_ln44_12/4 add_ln46_25/6 "/>
</bind>
</comp>

<comp id="896" class="1007" name="grp_fu_896">
<pin_list>
<pin id="897" dir="0" index="0" bw="16" slack="0"/>
<pin id="898" dir="0" index="1" bw="15" slack="0"/>
<pin id="899" dir="0" index="2" bw="29" slack="2147483647"/>
<pin id="900" dir="1" index="3" bw="29" slack="1"/>
</pin_list>
<bind>
<opcode="muladd(1172) " fcode="muladd"/>
<opset="mul_ln44_1/5 add_ln46_10/7 "/>
</bind>
</comp>

<comp id="903" class="1007" name="grp_fu_903">
<pin_list>
<pin id="904" dir="0" index="0" bw="16" slack="1"/>
<pin id="905" dir="0" index="1" bw="15" slack="0"/>
<pin id="906" dir="0" index="2" bw="13" slack="0"/>
<pin id="907" dir="1" index="3" bw="29" slack="1"/>
</pin_list>
<bind>
<opcode="muladd(1172) " fcode="muladd"/>
<opset="mul_ln44_5/5 add_ln46_17/7 "/>
</bind>
</comp>

<comp id="910" class="1007" name="grp_fu_910">
<pin_list>
<pin id="911" dir="0" index="0" bw="17" slack="0"/>
<pin id="912" dir="0" index="1" bw="12" slack="0"/>
<pin id="913" dir="0" index="2" bw="29" slack="2147483647"/>
<pin id="914" dir="1" index="3" bw="29" slack="1"/>
</pin_list>
<bind>
<opcode="muladd(1172) " fcode="muladd"/>
<opset="mul_ln46_2/5 add_ln46_16/7 "/>
</bind>
</comp>

<comp id="917" class="1007" name="grp_fu_917">
<pin_list>
<pin id="918" dir="0" index="0" bw="17" slack="0"/>
<pin id="919" dir="0" index="1" bw="13" slack="0"/>
<pin id="920" dir="0" index="2" bw="13" slack="0"/>
<pin id="921" dir="1" index="3" bw="29" slack="2"/>
</pin_list>
<bind>
<opcode="muladd(1172) " fcode="muladd"/>
<opset="mul_ln46_3/5 add_ln46_22/7 "/>
</bind>
</comp>

<comp id="925" class="1007" name="grp_fu_925">
<pin_list>
<pin id="926" dir="0" index="0" bw="16" slack="0"/>
<pin id="927" dir="0" index="1" bw="14" slack="0"/>
<pin id="928" dir="0" index="2" bw="29" slack="2147483647"/>
<pin id="929" dir="1" index="3" bw="29" slack="0"/>
</pin_list>
<bind>
<opcode="muladd(1172) " fcode="muladd"/>
<opset="mul_ln33/6 add_ln46_9/8 "/>
</bind>
</comp>

<comp id="933" class="1007" name="grp_fu_933">
<pin_list>
<pin id="934" dir="0" index="0" bw="18" slack="0"/>
<pin id="935" dir="0" index="1" bw="14" slack="0"/>
<pin id="936" dir="0" index="2" bw="13" slack="0"/>
<pin id="937" dir="1" index="3" bw="29" slack="0"/>
</pin_list>
<bind>
<opcode="muladd(1172) " fcode="muladd"/>
<opset="mul_ln46_1/6 add_ln46_13/8 "/>
</bind>
</comp>

<comp id="941" class="1007" name="grp_fu_941">
<pin_list>
<pin id="942" dir="0" index="0" bw="16" slack="0"/>
<pin id="943" dir="0" index="1" bw="14" slack="0"/>
<pin id="944" dir="0" index="2" bw="29" slack="2147483647"/>
<pin id="945" dir="1" index="3" bw="29" slack="0"/>
</pin_list>
<bind>
<opcode="muladd(1172) " fcode="muladd"/>
<opset="mul_ln33_1/6 add_ln46_15/8 "/>
</bind>
</comp>

<comp id="949" class="1007" name="grp_fu_949">
<pin_list>
<pin id="950" dir="0" index="0" bw="16" slack="1"/>
<pin id="951" dir="0" index="1" bw="14" slack="0"/>
<pin id="952" dir="0" index="2" bw="29" slack="2147483647"/>
<pin id="953" dir="1" index="3" bw="29" slack="1"/>
</pin_list>
<bind>
<opcode="muladd(1172) " fcode="muladd"/>
<opset="mul_ln44_9/6 add_ln46_21/8 "/>
</bind>
</comp>

<comp id="955" class="1007" name="grp_fu_955">
<pin_list>
<pin id="956" dir="0" index="0" bw="17" slack="1"/>
<pin id="957" dir="0" index="1" bw="12" slack="0"/>
<pin id="958" dir="0" index="2" bw="13" slack="0"/>
<pin id="959" dir="1" index="3" bw="29" slack="3"/>
</pin_list>
<bind>
<opcode="muladd(1172) " fcode="muladd"/>
<opset="mul_ln46_5/6 add_ln46_28/8 "/>
</bind>
</comp>

<comp id="962" class="1007" name="grp_fu_962">
<pin_list>
<pin id="963" dir="0" index="0" bw="18" slack="1"/>
<pin id="964" dir="0" index="1" bw="16" slack="0"/>
<pin id="965" dir="0" index="2" bw="13" slack="0"/>
<pin id="966" dir="0" index="3" bw="29" slack="0"/>
<pin id="967" dir="1" index="4" bw="29" slack="0"/>
</pin_list>
<bind>
<opcode="addmuladd(1175) " fcode="addmuladd"/>
<opset="tmp13/7 tmp13_cast/7 tmp14/7 add_ln46_2/9 "/>
</bind>
</comp>

<comp id="972" class="1007" name="grp_fu_972">
<pin_list>
<pin id="973" dir="0" index="0" bw="16" slack="2"/>
<pin id="974" dir="0" index="1" bw="15" slack="0"/>
<pin id="975" dir="0" index="2" bw="29" slack="2147483647"/>
<pin id="976" dir="1" index="3" bw="29" slack="0"/>
</pin_list>
<bind>
<opcode="muladd(1172) " fcode="muladd"/>
<opset="mul_ln44_6/7 add_ln46_20/9 "/>
</bind>
</comp>

<comp id="979" class="1007" name="grp_fu_979">
<pin_list>
<pin id="980" dir="0" index="0" bw="18" slack="1"/>
<pin id="981" dir="0" index="1" bw="13" slack="0"/>
<pin id="982" dir="0" index="2" bw="13" slack="0"/>
<pin id="983" dir="1" index="3" bw="29" slack="3"/>
</pin_list>
<bind>
<opcode="muladd(1172) " fcode="muladd"/>
<opset="mul_ln46_4/7 add_ln46_24/9 "/>
</bind>
</comp>

<comp id="986" class="1007" name="grp_fu_986">
<pin_list>
<pin id="987" dir="0" index="0" bw="16" slack="2"/>
<pin id="988" dir="0" index="1" bw="14" slack="0"/>
<pin id="989" dir="0" index="2" bw="29" slack="2147483647"/>
<pin id="990" dir="1" index="3" bw="29" slack="2"/>
</pin_list>
<bind>
<opcode="muladd(1172) " fcode="muladd"/>
<opset="mul_ln44_10/7 add_ln46_26/9 "/>
</bind>
</comp>

<comp id="992" class="1007" name="grp_fu_992">
<pin_list>
<pin id="993" dir="0" index="0" bw="17" slack="2"/>
<pin id="994" dir="0" index="1" bw="13" slack="0"/>
<pin id="995" dir="0" index="2" bw="29" slack="2147483647"/>
<pin id="996" dir="1" index="3" bw="29" slack="0"/>
</pin_list>
<bind>
<opcode="muladd(1172) " fcode="muladd"/>
<opset="tmp51/9 add_ln46_27/11 "/>
</bind>
</comp>

<comp id="999" class="1007" name="grp_fu_999">
<pin_list>
<pin id="1000" dir="0" index="0" bw="18" slack="3"/>
<pin id="1001" dir="0" index="1" bw="16" slack="4"/>
<pin id="1002" dir="0" index="2" bw="14" slack="0"/>
<pin id="1003" dir="0" index="3" bw="29" slack="2147483647"/>
<pin id="1004" dir="1" index="4" bw="29" slack="0"/>
</pin_list>
<bind>
<opcode="submuladd(1176) " fcode="submuladd"/>
<opset="tmp41/11 tmp41_cast/11 tmp42/11 add_ln46_6/13 "/>
</bind>
</comp>

<comp id="1007" class="1005" name="src_offset_read_reg_1007">
<pin_list>
<pin id="1008" dir="0" index="0" bw="3" slack="1"/>
<pin id="1009" dir="1" index="1" bw="3" slack="1"/>
</pin_list>
<bind>
<opset="src_offset_read "/>
</bind>
</comp>

<comp id="1017" class="1005" name="src_addr_reg_1017">
<pin_list>
<pin id="1018" dir="0" index="0" bw="6" slack="1"/>
<pin id="1019" dir="1" index="1" bw="6" slack="1"/>
</pin_list>
<bind>
<opset="src_addr "/>
</bind>
</comp>

<comp id="1022" class="1005" name="src_addr_1_reg_1022">
<pin_list>
<pin id="1023" dir="0" index="0" bw="6" slack="1"/>
<pin id="1024" dir="1" index="1" bw="6" slack="1"/>
</pin_list>
<bind>
<opset="src_addr_1 "/>
</bind>
</comp>

<comp id="1027" class="1005" name="src_addr_2_reg_1027">
<pin_list>
<pin id="1028" dir="0" index="0" bw="6" slack="1"/>
<pin id="1029" dir="1" index="1" bw="6" slack="1"/>
</pin_list>
<bind>
<opset="src_addr_2 "/>
</bind>
</comp>

<comp id="1032" class="1005" name="src_addr_3_reg_1032">
<pin_list>
<pin id="1033" dir="0" index="0" bw="6" slack="1"/>
<pin id="1034" dir="1" index="1" bw="6" slack="1"/>
</pin_list>
<bind>
<opset="src_addr_3 "/>
</bind>
</comp>

<comp id="1037" class="1005" name="src_load_reg_1037">
<pin_list>
<pin id="1038" dir="0" index="0" bw="16" slack="3"/>
<pin id="1039" dir="1" index="1" bw="16" slack="3"/>
</pin_list>
<bind>
<opset="src_load "/>
</bind>
</comp>

<comp id="1044" class="1005" name="src_addr_4_reg_1044">
<pin_list>
<pin id="1045" dir="0" index="0" bw="6" slack="1"/>
<pin id="1046" dir="1" index="1" bw="6" slack="1"/>
</pin_list>
<bind>
<opset="src_addr_4 "/>
</bind>
</comp>

<comp id="1049" class="1005" name="src_addr_7_reg_1049">
<pin_list>
<pin id="1050" dir="0" index="0" bw="6" slack="1"/>
<pin id="1051" dir="1" index="1" bw="6" slack="1"/>
</pin_list>
<bind>
<opset="src_addr_7 "/>
</bind>
</comp>

<comp id="1054" class="1005" name="src_load_3_reg_1054">
<pin_list>
<pin id="1055" dir="0" index="0" bw="16" slack="1"/>
<pin id="1056" dir="1" index="1" bw="16" slack="1"/>
</pin_list>
<bind>
<opset="src_load_3 "/>
</bind>
</comp>

<comp id="1061" class="1005" name="sext_ln44_11_reg_1061">
<pin_list>
<pin id="1062" dir="0" index="0" bw="29" slack="4"/>
<pin id="1063" dir="1" index="1" bw="29" slack="4"/>
</pin_list>
<bind>
<opset="sext_ln44_11 "/>
</bind>
</comp>

<comp id="1066" class="1005" name="mul_ln44_reg_1066">
<pin_list>
<pin id="1067" dir="0" index="0" bw="29" slack="3"/>
<pin id="1068" dir="1" index="1" bw="29" slack="3"/>
</pin_list>
<bind>
<opset="mul_ln44 "/>
</bind>
</comp>

<comp id="1071" class="1005" name="dst_offset_read_reg_1071">
<pin_list>
<pin id="1072" dir="0" index="0" bw="3" slack="2"/>
<pin id="1073" dir="1" index="1" bw="3" slack="2"/>
</pin_list>
<bind>
<opset="dst_offset_read "/>
</bind>
</comp>

<comp id="1083" class="1005" name="src_addr_5_reg_1083">
<pin_list>
<pin id="1084" dir="0" index="0" bw="6" slack="1"/>
<pin id="1085" dir="1" index="1" bw="6" slack="1"/>
</pin_list>
<bind>
<opset="src_addr_5 "/>
</bind>
</comp>

<comp id="1088" class="1005" name="src_addr_6_reg_1088">
<pin_list>
<pin id="1089" dir="0" index="0" bw="6" slack="1"/>
<pin id="1090" dir="1" index="1" bw="6" slack="1"/>
</pin_list>
<bind>
<opset="src_addr_6 "/>
</bind>
</comp>

<comp id="1093" class="1005" name="sext_ln44_3_reg_1093">
<pin_list>
<pin id="1094" dir="0" index="0" bw="17" slack="1"/>
<pin id="1095" dir="1" index="1" bw="17" slack="1"/>
</pin_list>
<bind>
<opset="sext_ln44_3 "/>
</bind>
</comp>

<comp id="1098" class="1005" name="src_load_4_reg_1098">
<pin_list>
<pin id="1099" dir="0" index="0" bw="16" slack="1"/>
<pin id="1100" dir="1" index="1" bw="16" slack="1"/>
</pin_list>
<bind>
<opset="src_load_4 "/>
</bind>
</comp>

<comp id="1104" class="1005" name="src_load_7_reg_1104">
<pin_list>
<pin id="1105" dir="0" index="0" bw="16" slack="1"/>
<pin id="1106" dir="1" index="1" bw="16" slack="1"/>
</pin_list>
<bind>
<opset="src_load_7 "/>
</bind>
</comp>

<comp id="1111" class="1005" name="sext_ln44_13_reg_1111">
<pin_list>
<pin id="1112" dir="0" index="0" bw="29" slack="1"/>
<pin id="1113" dir="1" index="1" bw="29" slack="1"/>
</pin_list>
<bind>
<opset="sext_ln44_13 "/>
</bind>
</comp>

<comp id="1117" class="1005" name="sext_ln44_14_reg_1117">
<pin_list>
<pin id="1118" dir="0" index="0" bw="29" slack="3"/>
<pin id="1119" dir="1" index="1" bw="29" slack="3"/>
</pin_list>
<bind>
<opset="sext_ln44_14 "/>
</bind>
</comp>

<comp id="1122" class="1005" name="mul_ln44_3_reg_1122">
<pin_list>
<pin id="1123" dir="0" index="0" bw="29" slack="2"/>
<pin id="1124" dir="1" index="1" bw="29" slack="2"/>
</pin_list>
<bind>
<opset="mul_ln44_3 "/>
</bind>
</comp>

<comp id="1127" class="1005" name="sext_ln44_16_reg_1127">
<pin_list>
<pin id="1128" dir="0" index="0" bw="29" slack="1"/>
<pin id="1129" dir="1" index="1" bw="29" slack="1"/>
</pin_list>
<bind>
<opset="sext_ln44_16 "/>
</bind>
</comp>

<comp id="1132" class="1005" name="mul_ln44_7_reg_1132">
<pin_list>
<pin id="1133" dir="0" index="0" bw="29" slack="2"/>
<pin id="1134" dir="1" index="1" bw="29" slack="2"/>
</pin_list>
<bind>
<opset="mul_ln44_7 "/>
</bind>
</comp>

<comp id="1137" class="1005" name="sext_ln44_17_reg_1137">
<pin_list>
<pin id="1138" dir="0" index="0" bw="29" slack="1"/>
<pin id="1139" dir="1" index="1" bw="29" slack="1"/>
</pin_list>
<bind>
<opset="sext_ln44_17 "/>
</bind>
</comp>

<comp id="1143" class="1005" name="sext_ln44_1_reg_1143">
<pin_list>
<pin id="1144" dir="0" index="0" bw="17" slack="1"/>
<pin id="1145" dir="1" index="1" bw="17" slack="1"/>
</pin_list>
<bind>
<opset="sext_ln44_1 "/>
</bind>
</comp>

<comp id="1149" class="1005" name="sext_ln44_2_reg_1149">
<pin_list>
<pin id="1150" dir="0" index="0" bw="17" slack="1"/>
<pin id="1151" dir="1" index="1" bw="17" slack="1"/>
</pin_list>
<bind>
<opset="sext_ln44_2 "/>
</bind>
</comp>

<comp id="1155" class="1005" name="tmp_reg_1155">
<pin_list>
<pin id="1156" dir="0" index="0" bw="16" slack="1"/>
<pin id="1157" dir="1" index="1" bw="16" slack="1"/>
</pin_list>
<bind>
<opset="tmp "/>
</bind>
</comp>

<comp id="1160" class="1005" name="tmp235_reg_1160">
<pin_list>
<pin id="1161" dir="0" index="0" bw="16" slack="1"/>
<pin id="1162" dir="1" index="1" bw="16" slack="1"/>
</pin_list>
<bind>
<opset="tmp235 "/>
</bind>
</comp>

<comp id="1165" class="1005" name="tmp_21_reg_1165">
<pin_list>
<pin id="1166" dir="0" index="0" bw="29" slack="1"/>
<pin id="1167" dir="1" index="1" bw="29" slack="1"/>
</pin_list>
<bind>
<opset="tmp_21 "/>
</bind>
</comp>

<comp id="1171" class="1005" name="sext_ln44_12_reg_1171">
<pin_list>
<pin id="1172" dir="0" index="0" bw="29" slack="1"/>
<pin id="1173" dir="1" index="1" bw="29" slack="1"/>
</pin_list>
<bind>
<opset="sext_ln44_12 "/>
</bind>
</comp>

<comp id="1177" class="1005" name="tmp7_reg_1177">
<pin_list>
<pin id="1178" dir="0" index="0" bw="17" slack="1"/>
<pin id="1179" dir="1" index="1" bw="17" slack="1"/>
</pin_list>
<bind>
<opset="tmp7 "/>
</bind>
</comp>

<comp id="1182" class="1005" name="tmp19_reg_1182">
<pin_list>
<pin id="1183" dir="0" index="0" bw="18" slack="1"/>
<pin id="1184" dir="1" index="1" bw="18" slack="1"/>
</pin_list>
<bind>
<opset="tmp19 "/>
</bind>
</comp>

<comp id="1187" class="1005" name="tmp25_cast17_reg_1187">
<pin_list>
<pin id="1188" dir="0" index="0" bw="29" slack="1"/>
<pin id="1189" dir="1" index="1" bw="29" slack="1"/>
</pin_list>
<bind>
<opset="tmp25_cast17 "/>
</bind>
</comp>

<comp id="1193" class="1005" name="tmp27_reg_1193">
<pin_list>
<pin id="1194" dir="0" index="0" bw="17" slack="1"/>
<pin id="1195" dir="1" index="1" bw="17" slack="1"/>
</pin_list>
<bind>
<opset="tmp27 "/>
</bind>
</comp>

<comp id="1198" class="1005" name="empty_reg_1198">
<pin_list>
<pin id="1199" dir="0" index="0" bw="16" slack="1"/>
<pin id="1200" dir="1" index="1" bw="16" slack="1"/>
</pin_list>
<bind>
<opset="empty "/>
</bind>
</comp>

<comp id="1203" class="1005" name="sext_ln46_reg_1203">
<pin_list>
<pin id="1204" dir="0" index="0" bw="29" slack="1"/>
<pin id="1205" dir="1" index="1" bw="29" slack="1"/>
</pin_list>
<bind>
<opset="sext_ln46 "/>
</bind>
</comp>

<comp id="1209" class="1005" name="mul_ln44_11_reg_1209">
<pin_list>
<pin id="1210" dir="0" index="0" bw="29" slack="1"/>
<pin id="1211" dir="1" index="1" bw="29" slack="1"/>
</pin_list>
<bind>
<opset="mul_ln44_11 "/>
</bind>
</comp>

<comp id="1214" class="1005" name="sext_ln44_10_reg_1214">
<pin_list>
<pin id="1215" dir="0" index="0" bw="29" slack="1"/>
<pin id="1216" dir="1" index="1" bw="29" slack="1"/>
</pin_list>
<bind>
<opset="sext_ln44_10 "/>
</bind>
</comp>

<comp id="1220" class="1005" name="tmp7_cast15_reg_1220">
<pin_list>
<pin id="1221" dir="0" index="0" bw="29" slack="1"/>
<pin id="1222" dir="1" index="1" bw="29" slack="1"/>
</pin_list>
<bind>
<opset="tmp7_cast15 "/>
</bind>
</comp>

<comp id="1225" class="1005" name="mul_ln46_reg_1225">
<pin_list>
<pin id="1226" dir="0" index="0" bw="29" slack="1"/>
<pin id="1227" dir="1" index="1" bw="29" slack="1"/>
</pin_list>
<bind>
<opset="mul_ln46 "/>
</bind>
</comp>

<comp id="1230" class="1005" name="tmp12_reg_1230">
<pin_list>
<pin id="1231" dir="0" index="0" bw="18" slack="1"/>
<pin id="1232" dir="1" index="1" bw="18" slack="1"/>
</pin_list>
<bind>
<opset="tmp12 "/>
</bind>
</comp>

<comp id="1235" class="1005" name="tmp19_cast_reg_1235">
<pin_list>
<pin id="1236" dir="0" index="0" bw="29" slack="1"/>
<pin id="1237" dir="1" index="1" bw="29" slack="1"/>
</pin_list>
<bind>
<opset="tmp19_cast "/>
</bind>
</comp>

<comp id="1241" class="1005" name="sext_ln44_15_reg_1241">
<pin_list>
<pin id="1242" dir="0" index="0" bw="29" slack="3"/>
<pin id="1243" dir="1" index="1" bw="29" slack="3"/>
</pin_list>
<bind>
<opset="sext_ln44_15 "/>
</bind>
</comp>

<comp id="1246" class="1005" name="mul_ln44_4_reg_1246">
<pin_list>
<pin id="1247" dir="0" index="0" bw="29" slack="1"/>
<pin id="1248" dir="1" index="1" bw="29" slack="1"/>
</pin_list>
<bind>
<opset="mul_ln44_4 "/>
</bind>
</comp>

<comp id="1251" class="1005" name="trunc_ln46_4_reg_1251">
<pin_list>
<pin id="1252" dir="0" index="0" bw="16" slack="1"/>
<pin id="1253" dir="1" index="1" bw="16" slack="1"/>
</pin_list>
<bind>
<opset="trunc_ln46_4 "/>
</bind>
</comp>

<comp id="1256" class="1005" name="tmp40_reg_1256">
<pin_list>
<pin id="1257" dir="0" index="0" bw="18" slack="5"/>
<pin id="1258" dir="1" index="1" bw="18" slack="5"/>
</pin_list>
<bind>
<opset="tmp40 "/>
</bind>
</comp>

<comp id="1261" class="1005" name="sext_ln44_7_reg_1261">
<pin_list>
<pin id="1262" dir="0" index="0" bw="18" slack="4"/>
<pin id="1263" dir="1" index="1" bw="18" slack="4"/>
</pin_list>
<bind>
<opset="sext_ln44_7 "/>
</bind>
</comp>

<comp id="1266" class="1005" name="add_ln46_8_reg_1266">
<pin_list>
<pin id="1267" dir="0" index="0" bw="29" slack="1"/>
<pin id="1268" dir="1" index="1" bw="29" slack="1"/>
</pin_list>
<bind>
<opset="add_ln46_8 "/>
</bind>
</comp>

<comp id="1271" class="1005" name="add_ln46_11_reg_1271">
<pin_list>
<pin id="1272" dir="0" index="0" bw="29" slack="2"/>
<pin id="1273" dir="1" index="1" bw="29" slack="2"/>
</pin_list>
<bind>
<opset="add_ln46_11 "/>
</bind>
</comp>

<comp id="1276" class="1005" name="add_ln46_14_reg_1276">
<pin_list>
<pin id="1277" dir="0" index="0" bw="29" slack="1"/>
<pin id="1278" dir="1" index="1" bw="29" slack="1"/>
</pin_list>
<bind>
<opset="add_ln46_14 "/>
</bind>
</comp>

<comp id="1281" class="1005" name="tmp33_reg_1281">
<pin_list>
<pin id="1282" dir="0" index="0" bw="29" slack="1"/>
<pin id="1283" dir="1" index="1" bw="29" slack="1"/>
</pin_list>
<bind>
<opset="tmp33 "/>
</bind>
</comp>

<comp id="1286" class="1005" name="add_ln46_19_reg_1286">
<pin_list>
<pin id="1287" dir="0" index="0" bw="29" slack="2"/>
<pin id="1288" dir="1" index="1" bw="29" slack="2"/>
</pin_list>
<bind>
<opset="add_ln46_19 "/>
</bind>
</comp>

<comp id="1291" class="1005" name="add_ln46_25_reg_1291">
<pin_list>
<pin id="1292" dir="0" index="0" bw="29" slack="2"/>
<pin id="1293" dir="1" index="1" bw="29" slack="2"/>
</pin_list>
<bind>
<opset="add_ln46_25 "/>
</bind>
</comp>

<comp id="1296" class="1005" name="add_ln46_10_reg_1296">
<pin_list>
<pin id="1297" dir="0" index="0" bw="29" slack="1"/>
<pin id="1298" dir="1" index="1" bw="29" slack="1"/>
</pin_list>
<bind>
<opset="add_ln46_10 "/>
</bind>
</comp>

<comp id="1301" class="1005" name="add_ln46_16_reg_1301">
<pin_list>
<pin id="1302" dir="0" index="0" bw="29" slack="1"/>
<pin id="1303" dir="1" index="1" bw="29" slack="1"/>
</pin_list>
<bind>
<opset="add_ln46_16 "/>
</bind>
</comp>

<comp id="1306" class="1005" name="add_ln46_17_reg_1306">
<pin_list>
<pin id="1307" dir="0" index="0" bw="29" slack="1"/>
<pin id="1308" dir="1" index="1" bw="29" slack="1"/>
</pin_list>
<bind>
<opset="add_ln46_17 "/>
</bind>
</comp>

<comp id="1311" class="1005" name="add_ln46_22_reg_1311">
<pin_list>
<pin id="1312" dir="0" index="0" bw="29" slack="2"/>
<pin id="1313" dir="1" index="1" bw="29" slack="2"/>
</pin_list>
<bind>
<opset="add_ln46_22 "/>
</bind>
</comp>

<comp id="1316" class="1005" name="trunc_ln46_1_reg_1316">
<pin_list>
<pin id="1317" dir="0" index="0" bw="16" slack="1"/>
<pin id="1318" dir="1" index="1" bw="16" slack="1"/>
</pin_list>
<bind>
<opset="trunc_ln46_1 "/>
</bind>
</comp>

<comp id="1321" class="1005" name="add_ln46_13_reg_1321">
<pin_list>
<pin id="1322" dir="0" index="0" bw="29" slack="1"/>
<pin id="1323" dir="1" index="1" bw="29" slack="1"/>
</pin_list>
<bind>
<opset="add_ln46_13 "/>
</bind>
</comp>

<comp id="1326" class="1005" name="trunc_ln46_3_reg_1326">
<pin_list>
<pin id="1327" dir="0" index="0" bw="16" slack="3"/>
<pin id="1328" dir="1" index="1" bw="16" slack="3"/>
</pin_list>
<bind>
<opset="trunc_ln46_3 "/>
</bind>
</comp>

<comp id="1331" class="1005" name="add_ln46_21_reg_1331">
<pin_list>
<pin id="1332" dir="0" index="0" bw="29" slack="1"/>
<pin id="1333" dir="1" index="1" bw="29" slack="1"/>
</pin_list>
<bind>
<opset="add_ln46_21 "/>
</bind>
</comp>

<comp id="1336" class="1005" name="mul_ln44_13_reg_1336">
<pin_list>
<pin id="1337" dir="0" index="0" bw="29" slack="2"/>
<pin id="1338" dir="1" index="1" bw="29" slack="2"/>
</pin_list>
<bind>
<opset="mul_ln44_13 "/>
</bind>
</comp>

<comp id="1341" class="1005" name="add_ln46_28_reg_1341">
<pin_list>
<pin id="1342" dir="0" index="0" bw="29" slack="3"/>
<pin id="1343" dir="1" index="1" bw="29" slack="3"/>
</pin_list>
<bind>
<opset="add_ln46_28 "/>
</bind>
</comp>

<comp id="1346" class="1005" name="trunc_ln46_2_reg_1346">
<pin_list>
<pin id="1347" dir="0" index="0" bw="16" slack="1"/>
<pin id="1348" dir="1" index="1" bw="16" slack="1"/>
</pin_list>
<bind>
<opset="trunc_ln46_2 "/>
</bind>
</comp>

<comp id="1351" class="1005" name="trunc_ln46_5_reg_1351">
<pin_list>
<pin id="1352" dir="0" index="0" bw="16" slack="2"/>
<pin id="1353" dir="1" index="1" bw="16" slack="2"/>
</pin_list>
<bind>
<opset="trunc_ln46_5 "/>
</bind>
</comp>

<comp id="1356" class="1005" name="add_ln46_24_reg_1356">
<pin_list>
<pin id="1357" dir="0" index="0" bw="29" slack="3"/>
<pin id="1358" dir="1" index="1" bw="29" slack="3"/>
</pin_list>
<bind>
<opset="add_ln46_24 "/>
</bind>
</comp>

<comp id="1361" class="1005" name="add_ln46_26_reg_1361">
<pin_list>
<pin id="1362" dir="0" index="0" bw="29" slack="2"/>
<pin id="1363" dir="1" index="1" bw="29" slack="2"/>
</pin_list>
<bind>
<opset="add_ln46_26 "/>
</bind>
</comp>

<comp id="1366" class="1005" name="trunc_ln46_7_reg_1366">
<pin_list>
<pin id="1367" dir="0" index="0" bw="16" slack="1"/>
<pin id="1368" dir="1" index="1" bw="16" slack="1"/>
</pin_list>
<bind>
<opset="trunc_ln46_7 "/>
</bind>
</comp>

<comp id="1371" class="1005" name="trunc_ln46_6_reg_1371">
<pin_list>
<pin id="1372" dir="0" index="0" bw="16" slack="3"/>
<pin id="1373" dir="1" index="1" bw="16" slack="3"/>
</pin_list>
<bind>
<opset="trunc_ln46_6 "/>
</bind>
</comp>

</comp_list>

<net_list>
<net id="72"><net_src comp="8" pin="0"/><net_sink comp="68" pin=0"/></net>

<net id="73"><net_src comp="2" pin="0"/><net_sink comp="68" pin=1"/></net>

<net id="78"><net_src comp="8" pin="0"/><net_sink comp="74" pin=0"/></net>

<net id="79"><net_src comp="6" pin="0"/><net_sink comp="74" pin=1"/></net>

<net id="85"><net_src comp="0" pin="0"/><net_sink comp="80" pin=0"/></net>

<net id="86"><net_src comp="14" pin="0"/><net_sink comp="80" pin=1"/></net>

<net id="92"><net_src comp="0" pin="0"/><net_sink comp="87" pin=0"/></net>

<net id="93"><net_src comp="14" pin="0"/><net_sink comp="87" pin=1"/></net>

<net id="103"><net_src comp="80" pin="3"/><net_sink comp="94" pin=2"/></net>

<net id="104"><net_src comp="87" pin="3"/><net_sink comp="94" pin=0"/></net>

<net id="110"><net_src comp="0" pin="0"/><net_sink comp="105" pin=0"/></net>

<net id="111"><net_src comp="14" pin="0"/><net_sink comp="105" pin=1"/></net>

<net id="117"><net_src comp="0" pin="0"/><net_sink comp="112" pin=0"/></net>

<net id="118"><net_src comp="14" pin="0"/><net_sink comp="112" pin=1"/></net>

<net id="119"><net_src comp="105" pin="3"/><net_sink comp="94" pin=2"/></net>

<net id="120"><net_src comp="112" pin="3"/><net_sink comp="94" pin=0"/></net>

<net id="126"><net_src comp="0" pin="0"/><net_sink comp="121" pin=0"/></net>

<net id="127"><net_src comp="14" pin="0"/><net_sink comp="121" pin=1"/></net>

<net id="133"><net_src comp="0" pin="0"/><net_sink comp="128" pin=0"/></net>

<net id="134"><net_src comp="14" pin="0"/><net_sink comp="128" pin=1"/></net>

<net id="135"><net_src comp="121" pin="3"/><net_sink comp="94" pin=2"/></net>

<net id="136"><net_src comp="128" pin="3"/><net_sink comp="94" pin=0"/></net>

<net id="142"><net_src comp="0" pin="0"/><net_sink comp="137" pin=0"/></net>

<net id="143"><net_src comp="14" pin="0"/><net_sink comp="137" pin=1"/></net>

<net id="149"><net_src comp="0" pin="0"/><net_sink comp="144" pin=0"/></net>

<net id="150"><net_src comp="14" pin="0"/><net_sink comp="144" pin=1"/></net>

<net id="151"><net_src comp="137" pin="3"/><net_sink comp="94" pin=2"/></net>

<net id="152"><net_src comp="144" pin="3"/><net_sink comp="94" pin=0"/></net>

<net id="158"><net_src comp="4" pin="0"/><net_sink comp="153" pin=0"/></net>

<net id="159"><net_src comp="14" pin="0"/><net_sink comp="153" pin=1"/></net>

<net id="169"><net_src comp="153" pin="3"/><net_sink comp="160" pin=2"/></net>

<net id="175"><net_src comp="4" pin="0"/><net_sink comp="170" pin=0"/></net>

<net id="176"><net_src comp="14" pin="0"/><net_sink comp="170" pin=1"/></net>

<net id="177"><net_src comp="170" pin="3"/><net_sink comp="160" pin=2"/></net>

<net id="183"><net_src comp="4" pin="0"/><net_sink comp="178" pin=0"/></net>

<net id="184"><net_src comp="14" pin="0"/><net_sink comp="178" pin=1"/></net>

<net id="185"><net_src comp="178" pin="3"/><net_sink comp="160" pin=0"/></net>

<net id="191"><net_src comp="4" pin="0"/><net_sink comp="186" pin=0"/></net>

<net id="192"><net_src comp="14" pin="0"/><net_sink comp="186" pin=1"/></net>

<net id="193"><net_src comp="186" pin="3"/><net_sink comp="160" pin=0"/></net>

<net id="199"><net_src comp="4" pin="0"/><net_sink comp="194" pin=0"/></net>

<net id="200"><net_src comp="14" pin="0"/><net_sink comp="194" pin=1"/></net>

<net id="206"><net_src comp="4" pin="0"/><net_sink comp="201" pin=0"/></net>

<net id="207"><net_src comp="14" pin="0"/><net_sink comp="201" pin=1"/></net>

<net id="208"><net_src comp="194" pin="3"/><net_sink comp="160" pin=2"/></net>

<net id="209"><net_src comp="201" pin="3"/><net_sink comp="160" pin=0"/></net>

<net id="215"><net_src comp="4" pin="0"/><net_sink comp="210" pin=0"/></net>

<net id="216"><net_src comp="14" pin="0"/><net_sink comp="210" pin=1"/></net>

<net id="217"><net_src comp="210" pin="3"/><net_sink comp="160" pin=2"/></net>

<net id="223"><net_src comp="4" pin="0"/><net_sink comp="218" pin=0"/></net>

<net id="224"><net_src comp="14" pin="0"/><net_sink comp="218" pin=1"/></net>

<net id="225"><net_src comp="218" pin="3"/><net_sink comp="160" pin=0"/></net>

<net id="229"><net_src comp="94" pin="3"/><net_sink comp="226" pin=0"/></net>

<net id="230"><net_src comp="94" pin="7"/><net_sink comp="226" pin=0"/></net>

<net id="234"><net_src comp="94" pin="7"/><net_sink comp="231" pin=0"/></net>

<net id="235"><net_src comp="94" pin="3"/><net_sink comp="231" pin=0"/></net>

<net id="241"><net_src comp="10" pin="0"/><net_sink comp="236" pin=0"/></net>

<net id="242"><net_src comp="68" pin="2"/><net_sink comp="236" pin=1"/></net>

<net id="243"><net_src comp="12" pin="0"/><net_sink comp="236" pin=2"/></net>

<net id="247"><net_src comp="236" pin="3"/><net_sink comp="244" pin=0"/></net>

<net id="248"><net_src comp="244" pin="1"/><net_sink comp="80" pin=2"/></net>

<net id="254"><net_src comp="10" pin="0"/><net_sink comp="249" pin=0"/></net>

<net id="255"><net_src comp="68" pin="2"/><net_sink comp="249" pin=1"/></net>

<net id="256"><net_src comp="16" pin="0"/><net_sink comp="249" pin=2"/></net>

<net id="260"><net_src comp="249" pin="3"/><net_sink comp="257" pin=0"/></net>

<net id="261"><net_src comp="257" pin="1"/><net_sink comp="87" pin=2"/></net>

<net id="267"><net_src comp="10" pin="0"/><net_sink comp="262" pin=0"/></net>

<net id="268"><net_src comp="18" pin="0"/><net_sink comp="262" pin=2"/></net>

<net id="272"><net_src comp="262" pin="3"/><net_sink comp="269" pin=0"/></net>

<net id="273"><net_src comp="269" pin="1"/><net_sink comp="105" pin=2"/></net>

<net id="279"><net_src comp="10" pin="0"/><net_sink comp="274" pin=0"/></net>

<net id="280"><net_src comp="20" pin="0"/><net_sink comp="274" pin=2"/></net>

<net id="284"><net_src comp="274" pin="3"/><net_sink comp="281" pin=0"/></net>

<net id="285"><net_src comp="281" pin="1"/><net_sink comp="112" pin=2"/></net>

<net id="291"><net_src comp="10" pin="0"/><net_sink comp="286" pin=0"/></net>

<net id="292"><net_src comp="22" pin="0"/><net_sink comp="286" pin=2"/></net>

<net id="296"><net_src comp="286" pin="3"/><net_sink comp="293" pin=0"/></net>

<net id="297"><net_src comp="293" pin="1"/><net_sink comp="121" pin=2"/></net>

<net id="303"><net_src comp="10" pin="0"/><net_sink comp="298" pin=0"/></net>

<net id="304"><net_src comp="24" pin="0"/><net_sink comp="298" pin=2"/></net>

<net id="308"><net_src comp="298" pin="3"/><net_sink comp="305" pin=0"/></net>

<net id="309"><net_src comp="305" pin="1"/><net_sink comp="128" pin=2"/></net>

<net id="313"><net_src comp="226" pin="1"/><net_sink comp="310" pin=0"/></net>

<net id="318"><net_src comp="310" pin="1"/><net_sink comp="314" pin=0"/></net>

<net id="319"><net_src comp="26" pin="0"/><net_sink comp="314" pin=1"/></net>

<net id="325"><net_src comp="10" pin="0"/><net_sink comp="320" pin=0"/></net>

<net id="326"><net_src comp="28" pin="0"/><net_sink comp="320" pin=2"/></net>

<net id="330"><net_src comp="320" pin="3"/><net_sink comp="327" pin=0"/></net>

<net id="331"><net_src comp="327" pin="1"/><net_sink comp="137" pin=2"/></net>

<net id="337"><net_src comp="10" pin="0"/><net_sink comp="332" pin=0"/></net>

<net id="338"><net_src comp="30" pin="0"/><net_sink comp="332" pin=2"/></net>

<net id="342"><net_src comp="332" pin="3"/><net_sink comp="339" pin=0"/></net>

<net id="343"><net_src comp="339" pin="1"/><net_sink comp="144" pin=2"/></net>

<net id="350"><net_src comp="94" pin="7"/><net_sink comp="347" pin=0"/></net>

<net id="354"><net_src comp="94" pin="3"/><net_sink comp="351" pin=0"/></net>

<net id="358"><net_src comp="231" pin="1"/><net_sink comp="355" pin=0"/></net>

<net id="363"><net_src comp="355" pin="1"/><net_sink comp="359" pin=0"/></net>

<net id="364"><net_src comp="32" pin="0"/><net_sink comp="359" pin=1"/></net>

<net id="372"><net_src comp="365" pin="1"/><net_sink comp="368" pin=0"/></net>

<net id="373"><net_src comp="26" pin="0"/><net_sink comp="368" pin=1"/></net>

<net id="377"><net_src comp="94" pin="7"/><net_sink comp="374" pin=0"/></net>

<net id="384"><net_src comp="226" pin="1"/><net_sink comp="381" pin=0"/></net>

<net id="388"><net_src comp="231" pin="1"/><net_sink comp="385" pin=0"/></net>

<net id="395"><net_src comp="94" pin="7"/><net_sink comp="392" pin=0"/></net>

<net id="399"><net_src comp="94" pin="3"/><net_sink comp="396" pin=0"/></net>

<net id="411"><net_src comp="42" pin="0"/><net_sink comp="406" pin=0"/></net>

<net id="412"><net_src comp="44" pin="0"/><net_sink comp="406" pin=2"/></net>

<net id="417"><net_src comp="231" pin="1"/><net_sink comp="413" pin=0"/></net>

<net id="418"><net_src comp="226" pin="1"/><net_sink comp="413" pin=1"/></net>

<net id="423"><net_src comp="94" pin="7"/><net_sink comp="419" pin=0"/></net>

<net id="424"><net_src comp="94" pin="3"/><net_sink comp="419" pin=1"/></net>

<net id="429"><net_src comp="419" pin="2"/><net_sink comp="425" pin=0"/></net>

<net id="430"><net_src comp="413" pin="2"/><net_sink comp="425" pin=1"/></net>

<net id="436"><net_src comp="42" pin="0"/><net_sink comp="431" pin=0"/></net>

<net id="437"><net_src comp="46" pin="0"/><net_sink comp="431" pin=2"/></net>

<net id="447"><net_src comp="42" pin="0"/><net_sink comp="442" pin=0"/></net>

<net id="448"><net_src comp="438" pin="2"/><net_sink comp="442" pin=1"/></net>

<net id="449"><net_src comp="44" pin="0"/><net_sink comp="442" pin=2"/></net>

<net id="454"><net_src comp="431" pin="3"/><net_sink comp="450" pin=0"/></net>

<net id="455"><net_src comp="406" pin="3"/><net_sink comp="450" pin=1"/></net>

<net id="460"><net_src comp="450" pin="2"/><net_sink comp="456" pin=0"/></net>

<net id="461"><net_src comp="442" pin="3"/><net_sink comp="456" pin=1"/></net>

<net id="465"><net_src comp="94" pin="3"/><net_sink comp="462" pin=0"/></net>

<net id="470"><net_src comp="385" pin="1"/><net_sink comp="466" pin=0"/></net>

<net id="471"><net_src comp="392" pin="1"/><net_sink comp="466" pin=1"/></net>

<net id="476"><net_src comp="378" pin="1"/><net_sink comp="472" pin=0"/></net>

<net id="480"><net_src comp="472" pin="2"/><net_sink comp="477" pin=0"/></net>

<net id="485"><net_src comp="477" pin="1"/><net_sink comp="481" pin=0"/></net>

<net id="486"><net_src comp="389" pin="1"/><net_sink comp="481" pin=1"/></net>

<net id="491"><net_src comp="481" pin="2"/><net_sink comp="487" pin=0"/></net>

<net id="492"><net_src comp="403" pin="1"/><net_sink comp="487" pin=1"/></net>

<net id="497"><net_src comp="396" pin="1"/><net_sink comp="493" pin=0"/></net>

<net id="498"><net_src comp="381" pin="1"/><net_sink comp="493" pin=1"/></net>

<net id="502"><net_src comp="493" pin="2"/><net_sink comp="499" pin=0"/></net>

<net id="507"><net_src comp="396" pin="1"/><net_sink comp="503" pin=0"/></net>

<net id="508"><net_src comp="392" pin="1"/><net_sink comp="503" pin=1"/></net>

<net id="512"><net_src comp="503" pin="2"/><net_sink comp="509" pin=0"/></net>

<net id="517"><net_src comp="378" pin="1"/><net_sink comp="513" pin=0"/></net>

<net id="518"><net_src comp="400" pin="1"/><net_sink comp="513" pin=1"/></net>

<net id="522"><net_src comp="513" pin="2"/><net_sink comp="519" pin=0"/></net>

<net id="527"><net_src comp="32" pin="0"/><net_sink comp="523" pin=1"/></net>

<net id="533"><net_src comp="10" pin="0"/><net_sink comp="528" pin=0"/></net>

<net id="534"><net_src comp="12" pin="0"/><net_sink comp="528" pin=2"/></net>

<net id="538"><net_src comp="528" pin="3"/><net_sink comp="535" pin=0"/></net>

<net id="539"><net_src comp="535" pin="1"/><net_sink comp="153" pin=2"/></net>

<net id="543"><net_src comp="226" pin="1"/><net_sink comp="540" pin=0"/></net>

<net id="549"><net_src comp="42" pin="0"/><net_sink comp="544" pin=0"/></net>

<net id="550"><net_src comp="44" pin="0"/><net_sink comp="544" pin=2"/></net>

<net id="555"><net_src comp="544" pin="3"/><net_sink comp="551" pin=1"/></net>

<net id="562"><net_src comp="48" pin="0"/><net_sink comp="556" pin=0"/></net>

<net id="563"><net_src comp="551" pin="2"/><net_sink comp="556" pin=1"/></net>

<net id="564"><net_src comp="50" pin="0"/><net_sink comp="556" pin=2"/></net>

<net id="565"><net_src comp="52" pin="0"/><net_sink comp="556" pin=3"/></net>

<net id="566"><net_src comp="556" pin="4"/><net_sink comp="160" pin=4"/></net>

<net id="577"><net_src comp="570" pin="1"/><net_sink comp="573" pin=0"/></net>

<net id="578"><net_src comp="36" pin="0"/><net_sink comp="573" pin=1"/></net>

<net id="586"><net_src comp="579" pin="2"/><net_sink comp="583" pin=0"/></net>

<net id="591"><net_src comp="583" pin="1"/><net_sink comp="587" pin=0"/></net>

<net id="592"><net_src comp="540" pin="1"/><net_sink comp="587" pin=1"/></net>

<net id="599"><net_src comp="226" pin="1"/><net_sink comp="596" pin=0"/></net>

<net id="604"><net_src comp="596" pin="1"/><net_sink comp="600" pin=0"/></net>

<net id="605"><net_src comp="40" pin="0"/><net_sink comp="600" pin=1"/></net>

<net id="614"><net_src comp="42" pin="0"/><net_sink comp="609" pin=0"/></net>

<net id="615"><net_src comp="44" pin="0"/><net_sink comp="609" pin=2"/></net>

<net id="620"><net_src comp="606" pin="1"/><net_sink comp="616" pin=0"/></net>

<net id="621"><net_src comp="609" pin="3"/><net_sink comp="616" pin=1"/></net>

<net id="627"><net_src comp="42" pin="0"/><net_sink comp="622" pin=0"/></net>

<net id="628"><net_src comp="44" pin="0"/><net_sink comp="622" pin=2"/></net>

<net id="633"><net_src comp="622" pin="3"/><net_sink comp="629" pin=1"/></net>

<net id="638"><net_src comp="629" pin="2"/><net_sink comp="634" pin=0"/></net>

<net id="639"><net_src comp="616" pin="2"/><net_sink comp="634" pin=1"/></net>

<net id="646"><net_src comp="48" pin="0"/><net_sink comp="640" pin=0"/></net>

<net id="647"><net_src comp="634" pin="2"/><net_sink comp="640" pin=1"/></net>

<net id="648"><net_src comp="50" pin="0"/><net_sink comp="640" pin=2"/></net>

<net id="649"><net_src comp="52" pin="0"/><net_sink comp="640" pin=3"/></net>

<net id="657"><net_src comp="650" pin="2"/><net_sink comp="654" pin=0"/></net>

<net id="662"><net_src comp="654" pin="1"/><net_sink comp="658" pin=0"/></net>

<net id="663"><net_src comp="540" pin="1"/><net_sink comp="658" pin=1"/></net>

<net id="669"><net_src comp="10" pin="0"/><net_sink comp="664" pin=0"/></net>

<net id="670"><net_src comp="22" pin="0"/><net_sink comp="664" pin=2"/></net>

<net id="674"><net_src comp="664" pin="3"/><net_sink comp="671" pin=0"/></net>

<net id="675"><net_src comp="671" pin="1"/><net_sink comp="170" pin=2"/></net>

<net id="679"><net_src comp="231" pin="1"/><net_sink comp="676" pin=0"/></net>

<net id="684"><net_src comp="34" pin="0"/><net_sink comp="680" pin=1"/></net>

<net id="693"><net_src comp="685" pin="2"/><net_sink comp="689" pin=0"/></net>

<net id="700"><net_src comp="48" pin="0"/><net_sink comp="694" pin=0"/></net>

<net id="701"><net_src comp="689" pin="2"/><net_sink comp="694" pin=1"/></net>

<net id="702"><net_src comp="50" pin="0"/><net_sink comp="694" pin=2"/></net>

<net id="703"><net_src comp="52" pin="0"/><net_sink comp="694" pin=3"/></net>

<net id="712"><net_src comp="704" pin="2"/><net_sink comp="708" pin=0"/></net>

<net id="719"><net_src comp="48" pin="0"/><net_sink comp="713" pin=0"/></net>

<net id="720"><net_src comp="708" pin="2"/><net_sink comp="713" pin=1"/></net>

<net id="721"><net_src comp="50" pin="0"/><net_sink comp="713" pin=2"/></net>

<net id="722"><net_src comp="52" pin="0"/><net_sink comp="713" pin=3"/></net>

<net id="727"><net_src comp="38" pin="0"/><net_sink comp="723" pin=1"/></net>

<net id="733"><net_src comp="10" pin="0"/><net_sink comp="728" pin=0"/></net>

<net id="734"><net_src comp="16" pin="0"/><net_sink comp="728" pin=2"/></net>

<net id="738"><net_src comp="728" pin="3"/><net_sink comp="735" pin=0"/></net>

<net id="739"><net_src comp="735" pin="1"/><net_sink comp="178" pin=2"/></net>

<net id="746"><net_src comp="48" pin="0"/><net_sink comp="740" pin=0"/></net>

<net id="747"><net_src comp="50" pin="0"/><net_sink comp="740" pin=2"/></net>

<net id="748"><net_src comp="52" pin="0"/><net_sink comp="740" pin=3"/></net>

<net id="757"><net_src comp="749" pin="2"/><net_sink comp="753" pin=0"/></net>

<net id="764"><net_src comp="48" pin="0"/><net_sink comp="758" pin=0"/></net>

<net id="765"><net_src comp="753" pin="2"/><net_sink comp="758" pin=1"/></net>

<net id="766"><net_src comp="50" pin="0"/><net_sink comp="758" pin=2"/></net>

<net id="767"><net_src comp="52" pin="0"/><net_sink comp="758" pin=3"/></net>

<net id="773"><net_src comp="10" pin="0"/><net_sink comp="768" pin=0"/></net>

<net id="774"><net_src comp="18" pin="0"/><net_sink comp="768" pin=2"/></net>

<net id="778"><net_src comp="768" pin="3"/><net_sink comp="775" pin=0"/></net>

<net id="779"><net_src comp="775" pin="1"/><net_sink comp="186" pin=2"/></net>

<net id="785"><net_src comp="10" pin="0"/><net_sink comp="780" pin=0"/></net>

<net id="786"><net_src comp="20" pin="0"/><net_sink comp="780" pin=2"/></net>

<net id="790"><net_src comp="780" pin="3"/><net_sink comp="787" pin=0"/></net>

<net id="791"><net_src comp="787" pin="1"/><net_sink comp="194" pin=2"/></net>

<net id="797"><net_src comp="10" pin="0"/><net_sink comp="792" pin=0"/></net>

<net id="798"><net_src comp="28" pin="0"/><net_sink comp="792" pin=2"/></net>

<net id="802"><net_src comp="792" pin="3"/><net_sink comp="799" pin=0"/></net>

<net id="803"><net_src comp="799" pin="1"/><net_sink comp="201" pin=2"/></net>

<net id="812"><net_src comp="804" pin="2"/><net_sink comp="808" pin=0"/></net>

<net id="819"><net_src comp="48" pin="0"/><net_sink comp="813" pin=0"/></net>

<net id="820"><net_src comp="808" pin="2"/><net_sink comp="813" pin=1"/></net>

<net id="821"><net_src comp="50" pin="0"/><net_sink comp="813" pin=2"/></net>

<net id="822"><net_src comp="52" pin="0"/><net_sink comp="813" pin=3"/></net>

<net id="828"><net_src comp="10" pin="0"/><net_sink comp="823" pin=0"/></net>

<net id="829"><net_src comp="24" pin="0"/><net_sink comp="823" pin=2"/></net>

<net id="833"><net_src comp="823" pin="3"/><net_sink comp="830" pin=0"/></net>

<net id="834"><net_src comp="830" pin="1"/><net_sink comp="210" pin=2"/></net>

<net id="841"><net_src comp="48" pin="0"/><net_sink comp="835" pin=0"/></net>

<net id="842"><net_src comp="50" pin="0"/><net_sink comp="835" pin=2"/></net>

<net id="843"><net_src comp="52" pin="0"/><net_sink comp="835" pin=3"/></net>

<net id="849"><net_src comp="10" pin="0"/><net_sink comp="844" pin=0"/></net>

<net id="850"><net_src comp="30" pin="0"/><net_sink comp="844" pin=2"/></net>

<net id="854"><net_src comp="844" pin="3"/><net_sink comp="851" pin=0"/></net>

<net id="855"><net_src comp="851" pin="1"/><net_sink comp="218" pin=2"/></net>

<net id="861"><net_src comp="351" pin="1"/><net_sink comp="856" pin=0"/></net>

<net id="862"><net_src comp="32" pin="0"/><net_sink comp="856" pin=1"/></net>

<net id="863"><net_src comp="54" pin="0"/><net_sink comp="856" pin=2"/></net>

<net id="870"><net_src comp="344" pin="1"/><net_sink comp="864" pin=0"/></net>

<net id="871"><net_src comp="347" pin="1"/><net_sink comp="864" pin=1"/></net>

<net id="872"><net_src comp="34" pin="0"/><net_sink comp="864" pin=2"/></net>

<net id="879"><net_src comp="347" pin="1"/><net_sink comp="873" pin=0"/></net>

<net id="880"><net_src comp="344" pin="1"/><net_sink comp="873" pin=1"/></net>

<net id="881"><net_src comp="36" pin="0"/><net_sink comp="873" pin=2"/></net>

<net id="887"><net_src comp="374" pin="1"/><net_sink comp="882" pin=0"/></net>

<net id="888"><net_src comp="38" pin="0"/><net_sink comp="882" pin=1"/></net>

<net id="894"><net_src comp="374" pin="1"/><net_sink comp="889" pin=0"/></net>

<net id="895"><net_src comp="40" pin="0"/><net_sink comp="889" pin=1"/></net>

<net id="901"><net_src comp="462" pin="1"/><net_sink comp="896" pin=0"/></net>

<net id="902"><net_src comp="38" pin="0"/><net_sink comp="896" pin=1"/></net>

<net id="908"><net_src comp="38" pin="0"/><net_sink comp="903" pin=1"/></net>

<net id="909"><net_src comp="54" pin="0"/><net_sink comp="903" pin=2"/></net>

<net id="915"><net_src comp="499" pin="1"/><net_sink comp="910" pin=0"/></net>

<net id="916"><net_src comp="34" pin="0"/><net_sink comp="910" pin=1"/></net>

<net id="922"><net_src comp="519" pin="1"/><net_sink comp="917" pin=0"/></net>

<net id="923"><net_src comp="36" pin="0"/><net_sink comp="917" pin=1"/></net>

<net id="924"><net_src comp="54" pin="0"/><net_sink comp="917" pin=2"/></net>

<net id="930"><net_src comp="567" pin="1"/><net_sink comp="925" pin=0"/></net>

<net id="931"><net_src comp="40" pin="0"/><net_sink comp="925" pin=1"/></net>

<net id="932"><net_src comp="925" pin="3"/><net_sink comp="689" pin=1"/></net>

<net id="938"><net_src comp="593" pin="1"/><net_sink comp="933" pin=0"/></net>

<net id="939"><net_src comp="56" pin="0"/><net_sink comp="933" pin=1"/></net>

<net id="940"><net_src comp="54" pin="0"/><net_sink comp="933" pin=2"/></net>

<net id="946"><net_src comp="567" pin="1"/><net_sink comp="941" pin=0"/></net>

<net id="947"><net_src comp="26" pin="0"/><net_sink comp="941" pin=1"/></net>

<net id="948"><net_src comp="941" pin="3"/><net_sink comp="708" pin=1"/></net>

<net id="954"><net_src comp="40" pin="0"/><net_sink comp="949" pin=1"/></net>

<net id="960"><net_src comp="34" pin="0"/><net_sink comp="955" pin=1"/></net>

<net id="961"><net_src comp="54" pin="0"/><net_sink comp="955" pin=2"/></net>

<net id="968"><net_src comp="676" pin="1"/><net_sink comp="962" pin=1"/></net>

<net id="969"><net_src comp="58" pin="0"/><net_sink comp="962" pin=2"/></net>

<net id="970"><net_src comp="933" pin="3"/><net_sink comp="962" pin=3"/></net>

<net id="971"><net_src comp="962" pin="4"/><net_sink comp="740" pin=1"/></net>

<net id="977"><net_src comp="32" pin="0"/><net_sink comp="972" pin=1"/></net>

<net id="978"><net_src comp="972" pin="3"/><net_sink comp="753" pin=1"/></net>

<net id="984"><net_src comp="58" pin="0"/><net_sink comp="979" pin=1"/></net>

<net id="985"><net_src comp="54" pin="0"/><net_sink comp="979" pin=2"/></net>

<net id="991"><net_src comp="26" pin="0"/><net_sink comp="986" pin=1"/></net>

<net id="997"><net_src comp="36" pin="0"/><net_sink comp="992" pin=1"/></net>

<net id="998"><net_src comp="992" pin="3"/><net_sink comp="804" pin=1"/></net>

<net id="1005"><net_src comp="56" pin="0"/><net_sink comp="999" pin=2"/></net>

<net id="1006"><net_src comp="999" pin="4"/><net_sink comp="835" pin=1"/></net>

<net id="1010"><net_src comp="68" pin="2"/><net_sink comp="1007" pin=0"/></net>

<net id="1011"><net_src comp="1007" pin="1"/><net_sink comp="262" pin=1"/></net>

<net id="1012"><net_src comp="1007" pin="1"/><net_sink comp="274" pin=1"/></net>

<net id="1013"><net_src comp="1007" pin="1"/><net_sink comp="286" pin=1"/></net>

<net id="1014"><net_src comp="1007" pin="1"/><net_sink comp="298" pin=1"/></net>

<net id="1015"><net_src comp="1007" pin="1"/><net_sink comp="320" pin=1"/></net>

<net id="1016"><net_src comp="1007" pin="1"/><net_sink comp="332" pin=1"/></net>

<net id="1020"><net_src comp="80" pin="3"/><net_sink comp="1017" pin=0"/></net>

<net id="1021"><net_src comp="1017" pin="1"/><net_sink comp="94" pin=2"/></net>

<net id="1025"><net_src comp="87" pin="3"/><net_sink comp="1022" pin=0"/></net>

<net id="1026"><net_src comp="1022" pin="1"/><net_sink comp="94" pin=0"/></net>

<net id="1030"><net_src comp="105" pin="3"/><net_sink comp="1027" pin=0"/></net>

<net id="1031"><net_src comp="1027" pin="1"/><net_sink comp="94" pin=2"/></net>

<net id="1035"><net_src comp="112" pin="3"/><net_sink comp="1032" pin=0"/></net>

<net id="1036"><net_src comp="1032" pin="1"/><net_sink comp="94" pin=0"/></net>

<net id="1040"><net_src comp="94" pin="7"/><net_sink comp="1037" pin=0"/></net>

<net id="1041"><net_src comp="1037" pin="1"/><net_sink comp="378" pin=0"/></net>

<net id="1042"><net_src comp="1037" pin="1"/><net_sink comp="431" pin=1"/></net>

<net id="1043"><net_src comp="1037" pin="1"/><net_sink comp="567" pin=0"/></net>

<net id="1047"><net_src comp="121" pin="3"/><net_sink comp="1044" pin=0"/></net>

<net id="1048"><net_src comp="1044" pin="1"/><net_sink comp="94" pin=2"/></net>

<net id="1052"><net_src comp="128" pin="3"/><net_sink comp="1049" pin=0"/></net>

<net id="1053"><net_src comp="1049" pin="1"/><net_sink comp="94" pin=0"/></net>

<net id="1057"><net_src comp="94" pin="3"/><net_sink comp="1054" pin=0"/></net>

<net id="1058"><net_src comp="1054" pin="1"/><net_sink comp="344" pin=0"/></net>

<net id="1059"><net_src comp="1054" pin="1"/><net_sink comp="365" pin=0"/></net>

<net id="1060"><net_src comp="1054" pin="1"/><net_sink comp="438" pin=1"/></net>

<net id="1064"><net_src comp="310" pin="1"/><net_sink comp="1061" pin=0"/></net>

<net id="1065"><net_src comp="1061" pin="1"/><net_sink comp="972" pin=0"/></net>

<net id="1069"><net_src comp="314" pin="2"/><net_sink comp="1066" pin=0"/></net>

<net id="1070"><net_src comp="1066" pin="1"/><net_sink comp="864" pin=0"/></net>

<net id="1074"><net_src comp="74" pin="2"/><net_sink comp="1071" pin=0"/></net>

<net id="1075"><net_src comp="1071" pin="1"/><net_sink comp="528" pin=1"/></net>

<net id="1076"><net_src comp="1071" pin="1"/><net_sink comp="664" pin=1"/></net>

<net id="1077"><net_src comp="1071" pin="1"/><net_sink comp="728" pin=1"/></net>

<net id="1078"><net_src comp="1071" pin="1"/><net_sink comp="768" pin=1"/></net>

<net id="1079"><net_src comp="1071" pin="1"/><net_sink comp="780" pin=1"/></net>

<net id="1080"><net_src comp="1071" pin="1"/><net_sink comp="792" pin=1"/></net>

<net id="1081"><net_src comp="1071" pin="1"/><net_sink comp="823" pin=1"/></net>

<net id="1082"><net_src comp="1071" pin="1"/><net_sink comp="844" pin=1"/></net>

<net id="1086"><net_src comp="137" pin="3"/><net_sink comp="1083" pin=0"/></net>

<net id="1087"><net_src comp="1083" pin="1"/><net_sink comp="94" pin=2"/></net>

<net id="1091"><net_src comp="144" pin="3"/><net_sink comp="1088" pin=0"/></net>

<net id="1092"><net_src comp="1088" pin="1"/><net_sink comp="94" pin=0"/></net>

<net id="1096"><net_src comp="344" pin="1"/><net_sink comp="1093" pin=0"/></net>

<net id="1097"><net_src comp="1093" pin="1"/><net_sink comp="472" pin=1"/></net>

<net id="1101"><net_src comp="94" pin="7"/><net_sink comp="1098" pin=0"/></net>

<net id="1102"><net_src comp="1098" pin="1"/><net_sink comp="389" pin=0"/></net>

<net id="1103"><net_src comp="1098" pin="1"/><net_sink comp="438" pin=0"/></net>

<net id="1107"><net_src comp="94" pin="3"/><net_sink comp="1104" pin=0"/></net>

<net id="1108"><net_src comp="1104" pin="1"/><net_sink comp="400" pin=0"/></net>

<net id="1109"><net_src comp="1104" pin="1"/><net_sink comp="403" pin=0"/></net>

<net id="1110"><net_src comp="1104" pin="1"/><net_sink comp="406" pin=1"/></net>

<net id="1114"><net_src comp="351" pin="1"/><net_sink comp="1111" pin=0"/></net>

<net id="1115"><net_src comp="1111" pin="1"/><net_sink comp="856" pin=0"/></net>

<net id="1116"><net_src comp="1111" pin="1"/><net_sink comp="903" pin=0"/></net>

<net id="1120"><net_src comp="355" pin="1"/><net_sink comp="1117" pin=0"/></net>

<net id="1121"><net_src comp="1117" pin="1"/><net_sink comp="986" pin=0"/></net>

<net id="1125"><net_src comp="359" pin="2"/><net_sink comp="1122" pin=0"/></net>

<net id="1126"><net_src comp="1122" pin="1"/><net_sink comp="873" pin=0"/></net>

<net id="1130"><net_src comp="365" pin="1"/><net_sink comp="1127" pin=0"/></net>

<net id="1131"><net_src comp="1127" pin="1"/><net_sink comp="523" pin=0"/></net>

<net id="1135"><net_src comp="368" pin="2"/><net_sink comp="1132" pin=0"/></net>

<net id="1136"><net_src comp="1132" pin="1"/><net_sink comp="882" pin=0"/></net>

<net id="1140"><net_src comp="374" pin="1"/><net_sink comp="1137" pin=0"/></net>

<net id="1141"><net_src comp="1137" pin="1"/><net_sink comp="882" pin=0"/></net>

<net id="1142"><net_src comp="1137" pin="1"/><net_sink comp="889" pin=0"/></net>

<net id="1146"><net_src comp="381" pin="1"/><net_sink comp="1143" pin=0"/></net>

<net id="1147"><net_src comp="1143" pin="1"/><net_sink comp="579" pin=0"/></net>

<net id="1148"><net_src comp="1143" pin="1"/><net_sink comp="650" pin=1"/></net>

<net id="1152"><net_src comp="385" pin="1"/><net_sink comp="1149" pin=0"/></net>

<net id="1153"><net_src comp="1149" pin="1"/><net_sink comp="579" pin=1"/></net>

<net id="1154"><net_src comp="1149" pin="1"/><net_sink comp="650" pin=0"/></net>

<net id="1158"><net_src comp="413" pin="2"/><net_sink comp="1155" pin=0"/></net>

<net id="1159"><net_src comp="1155" pin="1"/><net_sink comp="622" pin=1"/></net>

<net id="1163"><net_src comp="425" pin="2"/><net_sink comp="1160" pin=0"/></net>

<net id="1164"><net_src comp="1160" pin="1"/><net_sink comp="544" pin=1"/></net>

<net id="1168"><net_src comp="456" pin="2"/><net_sink comp="1165" pin=0"/></net>

<net id="1169"><net_src comp="1165" pin="1"/><net_sink comp="551" pin=0"/></net>

<net id="1170"><net_src comp="1165" pin="1"/><net_sink comp="629" pin=0"/></net>

<net id="1174"><net_src comp="462" pin="1"/><net_sink comp="1171" pin=0"/></net>

<net id="1175"><net_src comp="1171" pin="1"/><net_sink comp="896" pin=0"/></net>

<net id="1176"><net_src comp="1171" pin="1"/><net_sink comp="949" pin=0"/></net>

<net id="1180"><net_src comp="466" pin="2"/><net_sink comp="1177" pin=0"/></net>

<net id="1181"><net_src comp="1177" pin="1"/><net_sink comp="570" pin=0"/></net>

<net id="1185"><net_src comp="487" pin="2"/><net_sink comp="1182" pin=0"/></net>

<net id="1186"><net_src comp="1182" pin="1"/><net_sink comp="593" pin=0"/></net>

<net id="1190"><net_src comp="499" pin="1"/><net_sink comp="1187" pin=0"/></net>

<net id="1191"><net_src comp="1187" pin="1"/><net_sink comp="910" pin=0"/></net>

<net id="1192"><net_src comp="1187" pin="1"/><net_sink comp="992" pin=0"/></net>

<net id="1196"><net_src comp="503" pin="2"/><net_sink comp="1193" pin=0"/></net>

<net id="1197"><net_src comp="1193" pin="1"/><net_sink comp="606" pin=0"/></net>

<net id="1201"><net_src comp="509" pin="1"/><net_sink comp="1198" pin=0"/></net>

<net id="1202"><net_src comp="1198" pin="1"/><net_sink comp="609" pin=1"/></net>

<net id="1206"><net_src comp="519" pin="1"/><net_sink comp="1203" pin=0"/></net>

<net id="1207"><net_src comp="1203" pin="1"/><net_sink comp="917" pin=0"/></net>

<net id="1208"><net_src comp="1203" pin="1"/><net_sink comp="955" pin=0"/></net>

<net id="1212"><net_src comp="523" pin="2"/><net_sink comp="1209" pin=0"/></net>

<net id="1213"><net_src comp="1209" pin="1"/><net_sink comp="889" pin=0"/></net>

<net id="1217"><net_src comp="567" pin="1"/><net_sink comp="1214" pin=0"/></net>

<net id="1218"><net_src comp="1214" pin="1"/><net_sink comp="925" pin=0"/></net>

<net id="1219"><net_src comp="1214" pin="1"/><net_sink comp="941" pin=0"/></net>

<net id="1223"><net_src comp="570" pin="1"/><net_sink comp="1220" pin=0"/></net>

<net id="1224"><net_src comp="1220" pin="1"/><net_sink comp="680" pin=0"/></net>

<net id="1228"><net_src comp="573" pin="2"/><net_sink comp="1225" pin=0"/></net>

<net id="1229"><net_src comp="1225" pin="1"/><net_sink comp="896" pin=0"/></net>

<net id="1233"><net_src comp="587" pin="2"/><net_sink comp="1230" pin=0"/></net>

<net id="1234"><net_src comp="1230" pin="1"/><net_sink comp="962" pin=0"/></net>

<net id="1238"><net_src comp="593" pin="1"/><net_sink comp="1235" pin=0"/></net>

<net id="1239"><net_src comp="1235" pin="1"/><net_sink comp="933" pin=0"/></net>

<net id="1240"><net_src comp="1235" pin="1"/><net_sink comp="979" pin=0"/></net>

<net id="1244"><net_src comp="596" pin="1"/><net_sink comp="1241" pin=0"/></net>

<net id="1245"><net_src comp="1241" pin="1"/><net_sink comp="723" pin=0"/></net>

<net id="1249"><net_src comp="600" pin="2"/><net_sink comp="1246" pin=0"/></net>

<net id="1250"><net_src comp="1246" pin="1"/><net_sink comp="910" pin=0"/></net>

<net id="1254"><net_src comp="640" pin="4"/><net_sink comp="1251" pin=0"/></net>

<net id="1255"><net_src comp="1251" pin="1"/><net_sink comp="160" pin=4"/></net>

<net id="1259"><net_src comp="658" pin="2"/><net_sink comp="1256" pin=0"/></net>

<net id="1260"><net_src comp="1256" pin="1"/><net_sink comp="999" pin=0"/></net>

<net id="1264"><net_src comp="676" pin="1"/><net_sink comp="1261" pin=0"/></net>

<net id="1265"><net_src comp="1261" pin="1"/><net_sink comp="999" pin=1"/></net>

<net id="1269"><net_src comp="864" pin="4"/><net_sink comp="1266" pin=0"/></net>

<net id="1270"><net_src comp="1266" pin="1"/><net_sink comp="925" pin=0"/></net>

<net id="1274"><net_src comp="856" pin="3"/><net_sink comp="1271" pin=0"/></net>

<net id="1275"><net_src comp="1271" pin="1"/><net_sink comp="685" pin=0"/></net>

<net id="1279"><net_src comp="873" pin="4"/><net_sink comp="1276" pin=0"/></net>

<net id="1280"><net_src comp="1276" pin="1"/><net_sink comp="941" pin=0"/></net>

<net id="1284"><net_src comp="680" pin="2"/><net_sink comp="1281" pin=0"/></net>

<net id="1285"><net_src comp="1281" pin="1"/><net_sink comp="949" pin=0"/></net>

<net id="1289"><net_src comp="882" pin="3"/><net_sink comp="1286" pin=0"/></net>

<net id="1290"><net_src comp="1286" pin="1"/><net_sink comp="972" pin=0"/></net>

<net id="1294"><net_src comp="889" pin="3"/><net_sink comp="1291" pin=0"/></net>

<net id="1295"><net_src comp="1291" pin="1"/><net_sink comp="986" pin=0"/></net>

<net id="1299"><net_src comp="896" pin="3"/><net_sink comp="1296" pin=0"/></net>

<net id="1300"><net_src comp="1296" pin="1"/><net_sink comp="685" pin=1"/></net>

<net id="1304"><net_src comp="910" pin="3"/><net_sink comp="1301" pin=0"/></net>

<net id="1305"><net_src comp="1301" pin="1"/><net_sink comp="704" pin=1"/></net>

<net id="1309"><net_src comp="903" pin="3"/><net_sink comp="1306" pin=0"/></net>

<net id="1310"><net_src comp="1306" pin="1"/><net_sink comp="704" pin=0"/></net>

<net id="1314"><net_src comp="917" pin="3"/><net_sink comp="1311" pin=0"/></net>

<net id="1315"><net_src comp="1311" pin="1"/><net_sink comp="749" pin=0"/></net>

<net id="1319"><net_src comp="694" pin="4"/><net_sink comp="1316" pin=0"/></net>

<net id="1320"><net_src comp="1316" pin="1"/><net_sink comp="160" pin=1"/></net>

<net id="1324"><net_src comp="933" pin="3"/><net_sink comp="1321" pin=0"/></net>

<net id="1325"><net_src comp="1321" pin="1"/><net_sink comp="962" pin=0"/></net>

<net id="1329"><net_src comp="713" pin="4"/><net_sink comp="1326" pin=0"/></net>

<net id="1330"><net_src comp="1326" pin="1"/><net_sink comp="160" pin=4"/></net>

<net id="1334"><net_src comp="949" pin="3"/><net_sink comp="1331" pin=0"/></net>

<net id="1335"><net_src comp="1331" pin="1"/><net_sink comp="749" pin=1"/></net>

<net id="1339"><net_src comp="723" pin="2"/><net_sink comp="1336" pin=0"/></net>

<net id="1340"><net_src comp="1336" pin="1"/><net_sink comp="992" pin=0"/></net>

<net id="1344"><net_src comp="955" pin="3"/><net_sink comp="1341" pin=0"/></net>

<net id="1345"><net_src comp="1341" pin="1"/><net_sink comp="804" pin=0"/></net>

<net id="1349"><net_src comp="740" pin="4"/><net_sink comp="1346" pin=0"/></net>

<net id="1350"><net_src comp="1346" pin="1"/><net_sink comp="160" pin=1"/></net>

<net id="1354"><net_src comp="758" pin="4"/><net_sink comp="1351" pin=0"/></net>

<net id="1355"><net_src comp="1351" pin="1"/><net_sink comp="160" pin=1"/></net>

<net id="1359"><net_src comp="979" pin="3"/><net_sink comp="1356" pin=0"/></net>

<net id="1360"><net_src comp="1356" pin="1"/><net_sink comp="999" pin=0"/></net>

<net id="1364"><net_src comp="986" pin="3"/><net_sink comp="1361" pin=0"/></net>

<net id="1365"><net_src comp="1361" pin="1"/><net_sink comp="808" pin=1"/></net>

<net id="1369"><net_src comp="813" pin="4"/><net_sink comp="1366" pin=0"/></net>

<net id="1370"><net_src comp="1366" pin="1"/><net_sink comp="160" pin=4"/></net>

<net id="1374"><net_src comp="835" pin="4"/><net_sink comp="1371" pin=0"/></net>

<net id="1375"><net_src comp="1371" pin="1"/><net_sink comp="160" pin=1"/></net>

</net_list>

</model> 
---------------- Datapath Model END ------------------

* FSMD analyzer results:
  - Output states:
	Port: dst | {6 7 10 11 12 13 17 }
 - Input state : 
	Port: dct_1d : src | {1 2 3 4 5 }
	Port: dct_1d : src_offset | {1 }
	Port: dct_1d : dst_offset | {4 }
  - Chain level:
	State 1
		zext_ln44_1 : 1
		src_addr : 2
		zext_ln44_2 : 1
		src_addr_1 : 2
		src_load : 3
		src_load_1 : 3
	State 2
		zext_ln44_3 : 1
		src_addr_2 : 2
		zext_ln44_4 : 1
		src_addr_3 : 2
		src_load_2 : 3
		src_load_3 : 3
	State 3
		zext_ln44_5 : 1
		src_addr_4 : 2
		zext_ln44_8 : 1
		src_addr_7 : 2
		src_load_4 : 3
		src_load_7 : 3
		mul_ln44 : 1
	State 4
		zext_ln44_6 : 1
		src_addr_5 : 2
		zext_ln44_7 : 1
		src_addr_6 : 2
		sext_ln33_1 : 1
		src_load_5 : 3
		src_load_6 : 3
		sext_ln44_13 : 1
		mul_ln44_2 : 2
		tmp4 : 2
		tmp4_cast : 3
		tmp5 : 4
		mul_ln44_3 : 1
		tmp22 : 2
		tmp22_cast : 3
		tmp23 : 4
		mul_ln44_7 : 1
		sext_ln44_17 : 1
		mul_ln44_8 : 2
		mul_ln44_12 : 2
	State 5
		sext_ln44_5 : 1
		sext_ln44_6 : 1
		tmp1 : 1
		tmp235 : 2
		tmp20 : 1
		add_ln44 : 1
		tmp_21 : 2
		sext_ln44_12 : 1
		mul_ln44_1 : 2
		tmp7 : 2
		tmp17 : 1
		tmp17_cast : 2
		tmp18 : 3
		tmp19 : 4
		tmp25 : 2
		tmp25_cast17 : 3
		mul_ln46_2 : 4
		tmp27 : 2
		empty : 3
		tmp35 : 1
		sext_ln46 : 2
		mul_ln46_3 : 3
	State 6
		zext_ln44 : 1
		dst_addr : 2
		add_ln46 : 1
		trunc_ln : 2
		store_ln46 : 3
		mul_ln33 : 1
		mul_ln46 : 1
		add_ln46_8 : 1
		add_ln46_11 : 1
		tmp11_cast : 1
		tmp12 : 2
		mul_ln46_1 : 1
		mul_ln33_1 : 1
		mul_ln44_4 : 1
		add_ln46_14 : 1
		tmp28 : 1
		sub_ln46 : 1
		add_ln46_4 : 2
		trunc_ln46_4 : 3
		add_ln46_19 : 1
		tmp39_cast : 1
		tmp40 : 2
		add_ln46_25 : 1
	State 7
		zext_ln46_3 : 1
		dst_addr_4 : 2
		add_ln46_10 : 1
		tmp13 : 1
		tmp13_cast : 2
		tmp14 : 3
		add_ln46_16 : 1
		add_ln46_17 : 1
		store_ln46 : 3
		add_ln46_22 : 1
	State 8
		add_ln46_9 : 1
		add_ln46_13 : 1
		add_ln46_15 : 1
		add_ln46_21 : 1
		add_ln46_28 : 1
	State 9
		add_ln46_1 : 1
		trunc_ln46_1 : 2
		add_ln46_2 : 1
		add_ln46_3 : 1
		trunc_ln46_3 : 2
		add_ln46_20 : 1
		add_ln46_24 : 1
		add_ln46_26 : 1
	State 10
		zext_ln46 : 1
		dst_addr_1 : 2
		store_ln46 : 3
		trunc_ln46_2 : 1
		add_ln46_5 : 1
		trunc_ln46_5 : 2
	State 11
		zext_ln46_1 : 1
		dst_addr_2 : 2
		store_ln46 : 3
		tmp41_cast : 1
		tmp42 : 2
		add_ln46_27 : 1
	State 12
		zext_ln46_2 : 1
		dst_addr_3 : 2
		zext_ln46_4 : 1
		dst_addr_5 : 2
		store_ln46 : 3
		store_ln46 : 3
		add_ln46_29 : 1
		add_ln46_7 : 2
		trunc_ln46_7 : 3
	State 13
		zext_ln46_6 : 1
		dst_addr_7 : 2
		add_ln46_6 : 1
		store_ln46 : 3
	State 14
		trunc_ln46_6 : 1
	State 15
	State 16
	State 17
		zext_ln46_5 : 1
		dst_addr_6 : 2
		store_ln46 : 3


============================================================
+ Verbose Summary: Datapath Resource usage 
============================================================

* Functional unit list:
|----------|----------------------------|---------|---------|---------|
| Operation|       Functional Unit      |   DSP   |    FF   |   LUT   |
|----------|----------------------------|---------|---------|---------|
|          |         tmp_fu_413         |    0    |    0    |    23   |
|          |         tmp1_fu_419        |    0    |    0    |    16   |
|          |        tmp235_fu_425       |    0    |    0    |    16   |
|          |       tmp5733_fu_438       |    0    |    0    |    23   |
|          |       add_ln44_fu_450      |    0    |    0    |    29   |
|          |        tmp_21_fu_456       |    0    |    0    |    29   |
|          |        tmp19_fu_487        |    0    |    0    |    18   |
|          |        tmp27_fu_503        |    0    |    0    |    23   |
|          |       add_ln46_fu_551      |    0    |    0    |    36   |
|    add   |      add_ln46_4_fu_634     |    0    |    0    |    29   |
|          |        tmp40_fu_658        |    0    |    0    |    24   |
|          |     add_ln46_12_fu_685     |    0    |    0    |    29   |
|          |      add_ln46_1_fu_689     |    0    |    0    |    29   |
|          |     add_ln46_18_fu_704     |    0    |    0    |    29   |
|          |      add_ln46_3_fu_708     |    0    |    0    |    29   |
|          |     add_ln46_23_fu_749     |    0    |    0    |    29   |
|          |      add_ln46_5_fu_753     |    0    |    0    |    29   |
|          |     add_ln46_29_fu_804     |    0    |    0    |    29   |
|          |      add_ln46_7_fu_808     |    0    |    0    |    29   |
|----------|----------------------------|---------|---------|---------|
|          |         tmp7_fu_466        |    0    |    0    |    23   |
|          |        tmp17_fu_472        |    0    |    0    |    23   |
|          |        tmp18_fu_481        |    0    |    0    |    17   |
|          |        tmp25_fu_493        |    0    |    0    |    23   |
|    sub   |        tmp35_fu_513        |    0    |    0    |    23   |
|          |        tmp11_fu_579        |    0    |    0    |    23   |
|          |        tmp12_fu_587        |    0    |    0    |    24   |
|          |        tmp28_fu_616        |    0    |    0    |    29   |
|          |       sub_ln46_fu_629      |    0    |    0    |    36   |
|          |        tmp39_fu_650        |    0    |    0    |    23   |
|----------|----------------------------|---------|---------|---------|
|          |       mul_ln44_fu_314      |    1    |    0    |    6    |
|          |      mul_ln44_3_fu_359     |    1    |    0    |    6    |
|          |      mul_ln44_7_fu_368     |    1    |    0    |    6    |
|    mul   |     mul_ln44_11_fu_523     |    1    |    0    |    6    |
|          |       mul_ln46_fu_573      |    1    |    0    |    6    |
|          |      mul_ln44_4_fu_600     |    1    |    0    |    6    |
|          |        tmp33_fu_680        |    1    |    0    |    6    |
|          |     mul_ln44_13_fu_723     |    1    |    0    |    6    |
|----------|----------------------------|---------|---------|---------|
|          |         grp_fu_856         |    1    |    0    |    0    |
|          |         grp_fu_882         |    1    |    0    |    0    |
|          |         grp_fu_889         |    1    |    0    |    0    |
|          |         grp_fu_896         |    1    |    0    |    0    |
|          |         grp_fu_903         |    1    |    0    |    0    |
|          |         grp_fu_910         |    1    |    0    |    0    |
|          |         grp_fu_917         |    1    |    0    |    0    |
|  muladd  |         grp_fu_925         |    1    |    0    |    0    |
|          |         grp_fu_933         |    1    |    0    |    0    |
|          |         grp_fu_941         |    1    |    0    |    0    |
|          |         grp_fu_949         |    1    |    0    |    0    |
|          |         grp_fu_955         |    1    |    0    |    0    |
|          |         grp_fu_972         |    1    |    0    |    0    |
|          |         grp_fu_979         |    1    |    0    |    0    |
|          |         grp_fu_986         |    1    |    0    |    0    |
|          |         grp_fu_992         |    1    |    0    |    0    |
|----------|----------------------------|---------|---------|---------|
|          |         grp_fu_864         |    1    |    0    |    0    |
| submuladd|         grp_fu_873         |    1    |    0    |    0    |
|          |         grp_fu_999         |    1    |    0    |    0    |
|----------|----------------------------|---------|---------|---------|
| addmuladd|         grp_fu_962         |    1    |    0    |    0    |
|----------|----------------------------|---------|---------|---------|
|   read   | src_offset_read_read_fu_68 |    0    |    0    |    0    |
|          | dst_offset_read_read_fu_74 |    0    |    0    |    0    |
|----------|----------------------------|---------|---------|---------|
|          |        tmp_5_fu_236        |    0    |    0    |    0    |
|          |        tmp_10_fu_249       |    0    |    0    |    0    |
|          |        tmp_11_fu_262       |    0    |    0    |    0    |
|          |        tmp_12_fu_274       |    0    |    0    |    0    |
|          |        tmp_13_fu_286       |    0    |    0    |    0    |
|          |        tmp_16_fu_298       |    0    |    0    |    0    |
|          |        tmp_14_fu_320       |    0    |    0    |    0    |
|          |        tmp_15_fu_332       |    0    |    0    |    0    |
|          |        shl_ln_fu_406       |    0    |    0    |    0    |
|          |        tmp_4_fu_431        |    0    |    0    |    0    |
|bitconcatenate|        tmp20_fu_442        |    0    |    0    |    0    |
|          |        tmp_1_fu_528        |    0    |    0    |    0    |
|          |         tmp3_fu_544        |    0    |    0    |    0    |
|          |        p_shl1_fu_609       |    0    |    0    |    0    |
|          |        p_shl_fu_622        |    0    |    0    |    0    |
|          |        tmp_7_fu_664        |    0    |    0    |    0    |
|          |        tmp_2_fu_728        |    0    |    0    |    0    |
|          |        tmp_3_fu_768        |    0    |    0    |    0    |
|          |        tmp_6_fu_780        |    0    |    0    |    0    |
|          |        tmp_8_fu_792        |    0    |    0    |    0    |
|          |        tmp_s_fu_823        |    0    |    0    |    0    |
|          |        tmp_9_fu_844        |    0    |    0    |    0    |
|----------|----------------------------|---------|---------|---------|
|          |     zext_ln44_1_fu_244     |    0    |    0    |    0    |
|          |     zext_ln44_2_fu_257     |    0    |    0    |    0    |
|          |     zext_ln44_3_fu_269     |    0    |    0    |    0    |
|          |     zext_ln44_4_fu_281     |    0    |    0    |    0    |
|          |     zext_ln44_5_fu_293     |    0    |    0    |    0    |
|          |     zext_ln44_8_fu_305     |    0    |    0    |    0    |
|          |     zext_ln44_6_fu_327     |    0    |    0    |    0    |
|   zext   |     zext_ln44_7_fu_339     |    0    |    0    |    0    |
|          |      zext_ln44_fu_535      |    0    |    0    |    0    |
|          |     zext_ln46_3_fu_671     |    0    |    0    |    0    |
|          |      zext_ln46_fu_735      |    0    |    0    |    0    |
|          |     zext_ln46_1_fu_775     |    0    |    0    |    0    |
|          |     zext_ln46_2_fu_787     |    0    |    0    |    0    |
|          |     zext_ln46_4_fu_799     |    0    |    0    |    0    |
|          |     zext_ln46_6_fu_830     |    0    |    0    |    0    |
|          |     zext_ln46_5_fu_851     |    0    |    0    |    0    |
|----------|----------------------------|---------|---------|---------|
|          |     sext_ln44_11_fu_310    |    0    |    0    |    0    |
|          |     sext_ln44_3_fu_344     |    0    |    0    |    0    |
|          |     sext_ln33_1_fu_347     |    0    |    0    |    0    |
|          |     sext_ln44_13_fu_351    |    0    |    0    |    0    |
|          |     sext_ln44_14_fu_355    |    0    |    0    |    0    |
|          |     sext_ln44_16_fu_365    |    0    |    0    |    0    |
|          |     sext_ln44_17_fu_374    |    0    |    0    |    0    |
|          |      sext_ln44_fu_378      |    0    |    0    |    0    |
|          |     sext_ln44_1_fu_381     |    0    |    0    |    0    |
|          |     sext_ln44_2_fu_385     |    0    |    0    |    0    |
|          |      sext_ln33_fu_389      |    0    |    0    |    0    |
|          |     sext_ln44_5_fu_392     |    0    |    0    |    0    |
|          |     sext_ln44_6_fu_396     |    0    |    0    |    0    |
|   sext   |     sext_ln44_8_fu_400     |    0    |    0    |    0    |
|          |     sext_ln44_9_fu_403     |    0    |    0    |    0    |
|          |     sext_ln44_12_fu_462    |    0    |    0    |    0    |
|          |      tmp17_cast_fu_477     |    0    |    0    |    0    |
|          |     tmp25_cast17_fu_499    |    0    |    0    |    0    |
|          |      sext_ln46_fu_519      |    0    |    0    |    0    |
|          |     sext_ln44_4_fu_540     |    0    |    0    |    0    |
|          |     sext_ln44_10_fu_567    |    0    |    0    |    0    |
|          |     tmp7_cast15_fu_570     |    0    |    0    |    0    |
|          |      tmp11_cast_fu_583     |    0    |    0    |    0    |
|          |      tmp19_cast_fu_593     |    0    |    0    |    0    |
|          |     sext_ln44_15_fu_596    |    0    |    0    |    0    |
|          |      tmp27_cast_fu_606     |    0    |    0    |    0    |
|          |      tmp39_cast_fu_654     |    0    |    0    |    0    |
|          |     sext_ln44_7_fu_676     |    0    |    0    |    0    |
|----------|----------------------------|---------|---------|---------|
|   trunc  |        empty_fu_509        |    0    |    0    |    0    |
|----------|----------------------------|---------|---------|---------|
|          |       trunc_ln_fu_556      |    0    |    0    |    0    |
|          |     trunc_ln46_4_fu_640    |    0    |    0    |    0    |
|          |     trunc_ln46_1_fu_694    |    0    |    0    |    0    |
|partselect|     trunc_ln46_3_fu_713    |    0    |    0    |    0    |
|          |     trunc_ln46_2_fu_740    |    0    |    0    |    0    |
|          |     trunc_ln46_5_fu_758    |    0    |    0    |    0    |
|          |     trunc_ln46_7_fu_813    |    0    |    0    |    0    |
|          |     trunc_ln46_6_fu_835    |    0    |    0    |    0    |
|----------|----------------------------|---------|---------|---------|
|   Total  |                            |    28   |    0    |   790   |
|----------|----------------------------|---------|---------|---------|

Memories:
N/A

* Register list:
+------------------------+--------+
|                        |   FF   |
+------------------------+--------+
|  add_ln46_10_reg_1296  |   29   |
|  add_ln46_11_reg_1271  |   29   |
|  add_ln46_13_reg_1321  |   29   |
|  add_ln46_14_reg_1276  |   29   |
|  add_ln46_16_reg_1301  |   29   |
|  add_ln46_17_reg_1306  |   29   |
|  add_ln46_19_reg_1286  |   29   |
|  add_ln46_21_reg_1331  |   29   |
|  add_ln46_22_reg_1311  |   29   |
|  add_ln46_24_reg_1356  |   29   |
|  add_ln46_25_reg_1291  |   29   |
|  add_ln46_26_reg_1361  |   29   |
|  add_ln46_28_reg_1341  |   29   |
|   add_ln46_8_reg_1266  |   29   |
|dst_offset_read_reg_1071|    3   |
|     empty_reg_1198     |   16   |
|  mul_ln44_11_reg_1209  |   29   |
|  mul_ln44_13_reg_1336  |   29   |
|   mul_ln44_3_reg_1122  |   29   |
|   mul_ln44_4_reg_1246  |   29   |
|   mul_ln44_7_reg_1132  |   29   |
|    mul_ln44_reg_1066   |   29   |
|    mul_ln46_reg_1225   |   29   |
|         reg_226        |   16   |
|         reg_231        |   16   |
|  sext_ln44_10_reg_1214 |   29   |
|  sext_ln44_11_reg_1061 |   29   |
|  sext_ln44_12_reg_1171 |   29   |
|  sext_ln44_13_reg_1111 |   29   |
|  sext_ln44_14_reg_1117 |   29   |
|  sext_ln44_15_reg_1241 |   29   |
|  sext_ln44_16_reg_1127 |   29   |
|  sext_ln44_17_reg_1137 |   29   |
|  sext_ln44_1_reg_1143  |   17   |
|  sext_ln44_2_reg_1149  |   17   |
|  sext_ln44_3_reg_1093  |   17   |
|  sext_ln44_7_reg_1261  |   18   |
|   sext_ln46_reg_1203   |   29   |
|   src_addr_1_reg_1022  |    6   |
|   src_addr_2_reg_1027  |    6   |
|   src_addr_3_reg_1032  |    6   |
|   src_addr_4_reg_1044  |    6   |
|   src_addr_5_reg_1083  |    6   |
|   src_addr_6_reg_1088  |    6   |
|   src_addr_7_reg_1049  |    6   |
|    src_addr_reg_1017   |    6   |
|   src_load_3_reg_1054  |   16   |
|   src_load_4_reg_1098  |   16   |
|   src_load_7_reg_1104  |   16   |
|    src_load_reg_1037   |   16   |
|src_offset_read_reg_1007|    3   |
|     tmp12_reg_1230     |   18   |
|   tmp19_cast_reg_1235  |   29   |
|     tmp19_reg_1182     |   18   |
|     tmp235_reg_1160    |   16   |
|  tmp25_cast17_reg_1187 |   29   |
|     tmp27_reg_1193     |   17   |
|     tmp33_reg_1281     |   29   |
|     tmp40_reg_1256     |   18   |
|  tmp7_cast15_reg_1220  |   29   |
|      tmp7_reg_1177     |   17   |
|     tmp_21_reg_1165    |   29   |
|      tmp_reg_1155      |   16   |
|  trunc_ln46_1_reg_1316 |   16   |
|  trunc_ln46_2_reg_1346 |   16   |
|  trunc_ln46_3_reg_1326 |   16   |
|  trunc_ln46_4_reg_1251 |   16   |
|  trunc_ln46_5_reg_1351 |   16   |
|  trunc_ln46_6_reg_1371 |   16   |
|  trunc_ln46_7_reg_1366 |   16   |
+------------------------+--------+
|          Total         |  1482  |
+------------------------+--------+

* Multiplexer (MUX) list: 
|-------------------|------|------|------|--------||---------||---------||---------|
|        Comp       |  Pin | Size |  BW  | S x BW ||  Delay  ||    FF   ||   LUT   |
|-------------------|------|------|------|--------||---------||---------||---------|
|  grp_access_fu_94 |  p0  |   8  |   6  |   48   ||    0    ||    42   |
|  grp_access_fu_94 |  p2  |   8  |   0  |    0   ||    0    ||    42   |
| grp_access_fu_160 |  p0  |   4  |   6  |   24   ||    0    ||    20   |
| grp_access_fu_160 |  p1  |   4  |  16  |   64   ||    0    ||    20   |
| grp_access_fu_160 |  p2  |   4  |   0  |    0   ||    0    ||    20   |
| grp_access_fu_160 |  p4  |   4  |   6  |   24   ||    0    ||    20   |
|      reg_226      |  p0  |   2  |  16  |   32   ||    0    ||    9    |
|      reg_231      |  p0  |   2  |  16  |   32   ||    0    ||    9    |
|     grp_fu_856    |  p0  |   2  |  16  |   32   ||    0    ||    9    |
|     grp_fu_864    |  p0  |   2  |  16  |   32   ||    0    ||    9    |
|     grp_fu_873    |  p0  |   2  |  16  |   32   ||    0    ||    9    |
|     grp_fu_882    |  p0  |   3  |  16  |   48   ||    0    ||    14   |
|     grp_fu_889    |  p0  |   3  |  16  |   48   ||    0    ||    14   |
|     grp_fu_896    |  p0  |   3  |  16  |   48   ||    0    ||    14   |
|     grp_fu_910    |  p0  |   3  |  17  |   51   ||    0    ||    14   |
|     grp_fu_917    |  p0  |   2  |  17  |   34   ||    0    ||    9    |
|     grp_fu_925    |  p0  |   3  |  16  |   48   ||    0    ||    14   |
|     grp_fu_933    |  p0  |   2  |  18  |   36   ||    0    ||    9    |
|     grp_fu_941    |  p0  |   3  |  16  |   48   ||    0    ||    14   |
|     grp_fu_949    |  p0  |   2  |  16  |   32   ||    0    ||    9    |
|     grp_fu_962    |  p0  |   2  |  18  |   36   ||    0    ||    9    |
|     grp_fu_972    |  p0  |   2  |  16  |   32   ||    0    ||    9    |
|     grp_fu_986    |  p0  |   2  |  16  |   32   ||    0    ||    9    |
|     grp_fu_992    |  p0  |   2  |  17  |   34   ||    0    ||    9    |
|     grp_fu_999    |  p0  |   2  |  18  |   36   ||    0    ||    9    |
|-------------------|------|------|------|--------||---------||---------||---------|
|       Total       |      |      |      |   883  || 42.8018 ||    0    ||   365   |
|-------------------|------|------|------|--------||---------||---------||---------|



* Summary:
+-----------+--------+--------+--------+--------+
|           |   DSP  |  Delay |   FF   |   LUT  |
+-----------+--------+--------+--------+--------+
|  Function |   28   |    -   |    0   |   790  |
|   Memory  |    -   |    -   |    -   |    -   |
|Multiplexer|    -   |   42   |    0   |   365  |
|  Register |    -   |    -   |  1482  |    -   |
+-----------+--------+--------+--------+--------+
|   Total   |   28   |   42   |  1482  |  1155  |
+-----------+--------+--------+--------+--------+
