

================================================================
== Vitis HLS Report for 'ucb3_bench_top_Pipeline_NORM_WRITE7'
================================================================
* Date:           Wed May 13 20:35:23 2026

* Version:        2024.2 (Build 5238294 on Nov  8 2024)
* Project:        prj
* Solution:       solution1 (Vitis Kernel Flow Target)
* Product family: zynquplus
* Target device:  xczu7ev-ffvc1156-2-e


================================================================
== Performance Estimates
================================================================
+ Timing: 
    * Summary: 
    +--------+---------+----------+------------+
    |  Clock |  Target | Estimated| Uncertainty|
    +--------+---------+----------+------------+
    |ap_clk  |  3.33 ns|  2.433 ns|     0.90 ns|
    +--------+---------+----------+------------+

+ Latency: 
    * Summary: 
    +---------+---------+-----------+-----------+-----+-----+------------------------------------------------+
    |  Latency (cycles) |   Latency (absolute)  |  Interval |                    Pipeline                    |
    |   min   |   max   |    min    |    max    | min | max |                      Type                      |
    +---------+---------+-----------+-----------+-----+-----+------------------------------------------------+
    |       28|       28|  93.324 ns|  93.324 ns|    5|    5|  loop auto-rewind stp (delay=0 clock cycles(s))|
    +---------+---------+-----------+-----------+-----+-----+------------------------------------------------+

    + Detail: 
        * Instance: 
        N/A

        * Loop: 
        +--------------+---------+---------+----------+-----------+-----------+------+----------+
        |              |  Latency (cycles) | Iteration|  Initiation Interval  | Trip |          |
        |   Loop Name  |   min   |   max   |  Latency |  achieved |   target  | Count| Pipelined|
        +--------------+---------+---------+----------+-----------+-----------+------+----------+
        |- NORM_WRITE  |       26|       26|        24|          1|          1|     4|       yes|
        +--------------+---------+---------+----------+-----------+-----------+------+----------+



================================================================
== Utilization Estimates
================================================================
* Summary: 
+-----------------+---------+------+--------+--------+-----+
|       Name      | BRAM_18K|  DSP |   FF   |   LUT  | URAM|
+-----------------+---------+------+--------+--------+-----+
|DSP              |        -|     -|       -|       -|    -|
|Expression       |        -|     -|       0|     589|    -|
|FIFO             |        -|     -|       -|       -|    -|
|Instance         |        -|     -|       -|       -|    -|
|Memory           |        -|     -|       -|       -|    -|
|Multiplexer      |        -|     -|       0|      54|    -|
|Register         |        -|     -|    2874|     128|    -|
+-----------------+---------+------+--------+--------+-----+
|Total            |        0|     0|    2874|     771|    0|
+-----------------+---------+------+--------+--------+-----+
|Available        |      624|  1728|  460800|  230400|   96|
+-----------------+---------+------+--------+--------+-----+
|Utilization (%)  |        0|     0|      ~0|      ~0|    0|
+-----------------+---------+------+--------+--------+-----+

+ Detail: 
    * Instance: 
    N/A

    * DSP: 
    N/A

    * Memory: 
    N/A

    * FIFO: 
    N/A

    * Expression: 
    +---------------------------+----------+----+---+-----+------------+------------+
    |       Variable Name       | Operation| DSP| FF| LUT | Bitwidth P0| Bitwidth P1|
    +---------------------------+----------+----+---+-----+------------+------------+
    |add_ln216_fu_779_p2        |         +|   0|  0|   10|           3|           1|
    |add_ln223_fu_793_p2        |         +|   0|  0|   20|          13|          13|
    |ap_block_pp0_stage0_11001  |       and|   0|  0|    2|           1|           1|
    |ap_block_state24_io_grp1   |       and|   0|  0|    2|           1|           1|
    |icmp_ln216_fu_773_p2       |      icmp|   0|  0|   12|           3|           4|
    |icmp_ln223_fu_829_p2       |      icmp|   0|  0|   13|           6|           4|
    |norm_12_fu_1218_p3         |    select|   0|  0|   16|           1|          16|
    |norm_13_fu_1225_p3         |    select|   0|  0|   16|           1|          16|
    |norm_14_fu_1232_p3         |    select|   0|  0|   16|           1|          16|
    |norm_15_fu_1239_p3         |    select|   0|  0|   16|           1|          16|
    |select_ln18_10_fu_1359_p3  |    select|   0|  0|   16|           1|           1|
    |select_ln18_11_fu_1370_p3  |    select|   0|  0|   16|           1|           1|
    |select_ln18_12_fu_1381_p3  |    select|   0|  0|   16|           1|           1|
    |select_ln18_13_fu_1392_p3  |    select|   0|  0|   16|           1|           1|
    |select_ln18_14_fu_1403_p3  |    select|   0|  0|   16|           1|           1|
    |select_ln18_15_fu_1414_p3  |    select|   0|  0|   16|           1|           1|
    |select_ln18_1_fu_1260_p3   |    select|   0|  0|   16|           1|           1|
    |select_ln18_2_fu_1271_p3   |    select|   0|  0|   16|           1|           1|
    |select_ln18_3_fu_1282_p3   |    select|   0|  0|   16|           1|           1|
    |select_ln18_4_fu_1293_p3   |    select|   0|  0|   16|           1|           1|
    |select_ln18_5_fu_1304_p3   |    select|   0|  0|   16|           1|           1|
    |select_ln18_6_fu_1315_p3   |    select|   0|  0|   16|           1|           1|
    |select_ln18_7_fu_1326_p3   |    select|   0|  0|   16|           1|           1|
    |select_ln18_8_fu_1337_p3   |    select|   0|  0|   16|           1|           1|
    |select_ln18_9_fu_1348_p3   |    select|   0|  0|   16|           1|           1|
    |select_ln18_fu_1249_p3     |    select|   0|  0|   16|           1|           1|
    |select_ln216_fu_1474_p3    |    select|   0|  0|  208|           1|           1|
    |ap_enable_pp0              |       xor|   0|  0|    2|           1|           2|
    +---------------------------+----------+----+---+-----+------------+------------+
    |Total                      |          |   0|  0|  589|          49|         107|
    +---------------------------+----------+----+---+-----+------------+------------+

    * Multiplexer: 
    +-------------------------+----+-----------+-----+-----------+
    |           Name          | LUT| Input Size| Bits| Total Bits|
    +-------------------------+----+-----------+-----+-----------+
    |ap_done_int              |   9|          2|    1|          2|
    |ap_enable_reg_pp0_iter1  |   9|          2|    1|          2|
    |ap_sig_allocacmp_cw_1    |   9|          2|    3|          6|
    |cw_fu_150                |   9|          2|    3|          6|
    |gmem_out_blk_n_W         |   9|          2|    1|          2|
    |phi_ln230_2_fu_146       |   9|          2|  256|        512|
    +-------------------------+----+-----------+-----+-----------+
    |Total                    |  54|         12|  265|        530|
    +-------------------------+----+-----------+-----+-----------+

    * Register: 
    +------------------------------------------------------------------------------------------------------------------------------------------------------------------------------+-----+----+-----+-----------+
    |                                                                                     Name                                                                                     |  FF | LUT| Bits| Const Bits|
    +------------------------------------------------------------------------------------------------------------------------------------------------------------------------------+-----+----+-----+-----------+
    |add322_i394_1_reg_2387                                                                                                                                                        |   16|   0|   16|          0|
    |add322_i394_2_reg_2392                                                                                                                                                        |   16|   0|   16|          0|
    |add322_i394_3_reg_2397                                                                                                                                                        |   16|   0|   16|          0|
    |add322_i394_s_reg_2382                                                                                                                                                        |   16|   0|   16|          0|
    |ap_CS_fsm                                                                                                                                                                     |    1|   0|    1|          0|
    |ap_done_reg                                                                                                                                                                   |    1|   0|    1|          0|
    |ap_enable_reg_pp0_iter1                                                                                                                                                       |    1|   0|    1|          0|
    |ap_enable_reg_pp0_iter10                                                                                                                                                      |    1|   0|    1|          0|
    |ap_enable_reg_pp0_iter11                                                                                                                                                      |    1|   0|    1|          0|
    |ap_enable_reg_pp0_iter12                                                                                                                                                      |    1|   0|    1|          0|
    |ap_enable_reg_pp0_iter13                                                                                                                                                      |    1|   0|    1|          0|
    |ap_enable_reg_pp0_iter14                                                                                                                                                      |    1|   0|    1|          0|
    |ap_enable_reg_pp0_iter15                                                                                                                                                      |    1|   0|    1|          0|
    |ap_enable_reg_pp0_iter16                                                                                                                                                      |    1|   0|    1|          0|
    |ap_enable_reg_pp0_iter17                                                                                                                                                      |    1|   0|    1|          0|
    |ap_enable_reg_pp0_iter18                                                                                                                                                      |    1|   0|    1|          0|
    |ap_enable_reg_pp0_iter19                                                                                                                                                      |    1|   0|    1|          0|
    |ap_enable_reg_pp0_iter2                                                                                                                                                       |    1|   0|    1|          0|
    |ap_enable_reg_pp0_iter20                                                                                                                                                      |    1|   0|    1|          0|
    |ap_enable_reg_pp0_iter21                                                                                                                                                      |    1|   0|    1|          0|
    |ap_enable_reg_pp0_iter22                                                                                                                                                      |    1|   0|    1|          0|
    |ap_enable_reg_pp0_iter23                                                                                                                                                      |    1|   0|    1|          0|
    |ap_enable_reg_pp0_iter3                                                                                                                                                       |    1|   0|    1|          0|
    |ap_enable_reg_pp0_iter4                                                                                                                                                       |    1|   0|    1|          0|
    |ap_enable_reg_pp0_iter5                                                                                                                                                       |    1|   0|    1|          0|
    |ap_enable_reg_pp0_iter6                                                                                                                                                       |    1|   0|    1|          0|
    |ap_enable_reg_pp0_iter7                                                                                                                                                       |    1|   0|    1|          0|
    |ap_enable_reg_pp0_iter8                                                                                                                                                       |    1|   0|    1|          0|
    |ap_enable_reg_pp0_iter9                                                                                                                                                       |    1|   0|    1|          0|
    |ap_loop_exit_ready_pp0_iter10_reg                                                                                                                                             |    1|   0|    1|          0|
    |ap_loop_exit_ready_pp0_iter11_reg                                                                                                                                             |    1|   0|    1|          0|
    |ap_loop_exit_ready_pp0_iter12_reg                                                                                                                                             |    1|   0|    1|          0|
    |ap_loop_exit_ready_pp0_iter13_reg                                                                                                                                             |    1|   0|    1|          0|
    |ap_loop_exit_ready_pp0_iter14_reg                                                                                                                                             |    1|   0|    1|          0|
    |ap_loop_exit_ready_pp0_iter15_reg                                                                                                                                             |    1|   0|    1|          0|
    |ap_loop_exit_ready_pp0_iter16_reg                                                                                                                                             |    1|   0|    1|          0|
    |ap_loop_exit_ready_pp0_iter17_reg                                                                                                                                             |    1|   0|    1|          0|
    |ap_loop_exit_ready_pp0_iter18_reg                                                                                                                                             |    1|   0|    1|          0|
    |ap_loop_exit_ready_pp0_iter19_reg                                                                                                                                             |    1|   0|    1|          0|
    |ap_loop_exit_ready_pp0_iter1_reg                                                                                                                                              |    1|   0|    1|          0|
    |ap_loop_exit_ready_pp0_iter20_reg                                                                                                                                             |    1|   0|    1|          0|
    |ap_loop_exit_ready_pp0_iter21_reg                                                                                                                                             |    1|   0|    1|          0|
    |ap_loop_exit_ready_pp0_iter22_reg                                                                                                                                             |    1|   0|    1|          0|
    |ap_loop_exit_ready_pp0_iter2_reg                                                                                                                                              |    1|   0|    1|          0|
    |ap_loop_exit_ready_pp0_iter3_reg                                                                                                                                              |    1|   0|    1|          0|
    |ap_loop_exit_ready_pp0_iter4_reg                                                                                                                                              |    1|   0|    1|          0|
    |ap_loop_exit_ready_pp0_iter5_reg                                                                                                                                              |    1|   0|    1|          0|
    |ap_loop_exit_ready_pp0_iter6_reg                                                                                                                                              |    1|   0|    1|          0|
    |ap_loop_exit_ready_pp0_iter7_reg                                                                                                                                              |    1|   0|    1|          0|
    |ap_loop_exit_ready_pp0_iter8_reg                                                                                                                                              |    1|   0|    1|          0|
    |ap_loop_exit_ready_pp0_iter9_reg                                                                                                                                              |    1|   0|    1|          0|
    |cw_1_reg_1550                                                                                                                                                                 |    3|   0|    3|          0|
    |cw_fu_150                                                                                                                                                                     |    3|   0|    3|          0|
    |icmp_ln223_reg_1702                                                                                                                                                           |    1|   0|    1|          0|
    |mul320_i2_reg_1830                                                                                                                                                            |   16|   0|   16|          0|
    |mul320_i392_10_reg_1940                                                                                                                                                       |   16|   0|   16|          0|
    |mul320_i392_11_reg_1950                                                                                                                                                       |   16|   0|   16|          0|
    |mul320_i392_12_reg_1960                                                                                                                                                       |   16|   0|   16|          0|
    |mul320_i392_13_reg_1970                                                                                                                                                       |   16|   0|   16|          0|
    |mul320_i392_14_reg_1980                                                                                                                                                       |   16|   0|   16|          0|
    |mul320_i392_1_reg_1840                                                                                                                                                        |   16|   0|   16|          0|
    |mul320_i392_2_reg_1850                                                                                                                                                        |   16|   0|   16|          0|
    |mul320_i392_3_reg_1860                                                                                                                                                        |   16|   0|   16|          0|
    |mul320_i392_4_reg_1870                                                                                                                                                        |   16|   0|   16|          0|
    |mul320_i392_5_reg_1880                                                                                                                                                        |   16|   0|   16|          0|
    |mul320_i392_6_reg_1890                                                                                                                                                        |   16|   0|   16|          0|
    |mul320_i392_7_reg_1900                                                                                                                                                        |   16|   0|   16|          0|
    |mul320_i392_8_reg_1910                                                                                                                                                        |   16|   0|   16|          0|
    |mul320_i392_9_reg_1920                                                                                                                                                        |   16|   0|   16|          0|
    |mul320_i392_s_reg_1930                                                                                                                                                        |   16|   0|   16|          0|
    |mul321_i2_reg_2075                                                                                                                                                            |   16|   0|   16|          0|
    |mul321_i393_10_reg_2185                                                                                                                                                       |   16|   0|   16|          0|
    |mul321_i393_11_reg_2195                                                                                                                                                       |   16|   0|   16|          0|
    |mul321_i393_12_reg_2205                                                                                                                                                       |   16|   0|   16|          0|
    |mul321_i393_13_reg_2215                                                                                                                                                       |   16|   0|   16|          0|
    |mul321_i393_14_reg_2225                                                                                                                                                       |   16|   0|   16|          0|
    |mul321_i393_1_reg_2085                                                                                                                                                        |   16|   0|   16|          0|
    |mul321_i393_2_reg_2095                                                                                                                                                        |   16|   0|   16|          0|
    |mul321_i393_3_reg_2105                                                                                                                                                        |   16|   0|   16|          0|
    |mul321_i393_4_reg_2115                                                                                                                                                        |   16|   0|   16|          0|
    |mul321_i393_5_reg_2125                                                                                                                                                        |   16|   0|   16|          0|
    |mul321_i393_6_reg_2135                                                                                                                                                        |   16|   0|   16|          0|
    |mul321_i393_7_reg_2145                                                                                                                                                        |   16|   0|   16|          0|
    |mul321_i393_8_reg_2155                                                                                                                                                        |   16|   0|   16|          0|
    |mul321_i393_9_reg_2165                                                                                                                                                        |   16|   0|   16|          0|
    |mul321_i393_s_reg_2175                                                                                                                                                        |   16|   0|   16|          0|
    |norm_10_reg_2370                                                                                                                                                              |   16|   0|   16|          0|
    |norm_10_reg_2370_pp0_iter21_reg                                                                                                                                               |   16|   0|   16|          0|
    |norm_11_reg_2376                                                                                                                                                              |   16|   0|   16|          0|
    |norm_11_reg_2376_pp0_iter21_reg                                                                                                                                               |   16|   0|   16|          0|
    |norm_12_reg_2402                                                                                                                                                              |   16|   0|   16|          0|
    |norm_13_reg_2408                                                                                                                                                              |   16|   0|   16|          0|
    |norm_14_reg_2414                                                                                                                                                              |   16|   0|   16|          0|
    |norm_15_reg_2420                                                                                                                                                              |   16|   0|   16|          0|
    |norm_1_reg_2316                                                                                                                                                               |   16|   0|   16|          0|
    |norm_1_reg_2316_pp0_iter21_reg                                                                                                                                                |   16|   0|   16|          0|
    |norm_2_reg_2322                                                                                                                                                               |   16|   0|   16|          0|
    |norm_2_reg_2322_pp0_iter21_reg                                                                                                                                                |   16|   0|   16|          0|
    |norm_3_reg_2328                                                                                                                                                               |   16|   0|   16|          0|
    |norm_3_reg_2328_pp0_iter21_reg                                                                                                                                                |   16|   0|   16|          0|
    |norm_4_reg_2334                                                                                                                                                               |   16|   0|   16|          0|
    |norm_4_reg_2334_pp0_iter21_reg                                                                                                                                                |   16|   0|   16|          0|
    |norm_5_reg_2340                                                                                                                                                               |   16|   0|   16|          0|
    |norm_5_reg_2340_pp0_iter21_reg                                                                                                                                                |   16|   0|   16|          0|
    |norm_6_reg_2346                                                                                                                                                               |   16|   0|   16|          0|
    |norm_6_reg_2346_pp0_iter21_reg                                                                                                                                                |   16|   0|   16|          0|
    |norm_7_reg_2352                                                                                                                                                               |   16|   0|   16|          0|
    |norm_7_reg_2352_pp0_iter21_reg                                                                                                                                                |   16|   0|   16|          0|
    |norm_8_reg_2358                                                                                                                                                               |   16|   0|   16|          0|
    |norm_8_reg_2358_pp0_iter21_reg                                                                                                                                                |   16|   0|   16|          0|
    |norm_9_reg_2364                                                                                                                                                               |   16|   0|   16|          0|
    |norm_9_reg_2364_pp0_iter21_reg                                                                                                                                                |   16|   0|   16|          0|
    |norm_reg_2310                                                                                                                                                                 |   16|   0|   16|          0|
    |norm_reg_2310_pp0_iter21_reg                                                                                                                                                  |   16|   0|   16|          0|
    |phi_ln230_2_fu_146                                                                                                                                                            |  256|   0|  256|          0|
    |select_ln18_10_reg_2486                                                                                                                                                       |   16|   0|   16|          0|
    |select_ln18_11_reg_2492                                                                                                                                                       |   16|   0|   16|          0|
    |select_ln18_12_reg_2498                                                                                                                                                       |   16|   0|   16|          0|
    |select_ln18_13_reg_2504                                                                                                                                                       |   16|   0|   16|          0|
    |select_ln18_14_reg_2510                                                                                                                                                       |   16|   0|   16|          0|
    |select_ln18_15_reg_2516                                                                                                                                                       |   16|   0|   16|          0|
    |select_ln18_1_reg_2432                                                                                                                                                        |   16|   0|   16|          0|
    |select_ln18_2_reg_2438                                                                                                                                                        |   16|   0|   16|          0|
    |select_ln18_3_reg_2444                                                                                                                                                        |   16|   0|   16|          0|
    |select_ln18_4_reg_2450                                                                                                                                                        |   16|   0|   16|          0|
    |select_ln18_5_reg_2456                                                                                                                                                        |   16|   0|   16|          0|
    |select_ln18_6_reg_2462                                                                                                                                                        |   16|   0|   16|          0|
    |select_ln18_7_reg_2468                                                                                                                                                        |   16|   0|   16|          0|
    |select_ln18_8_reg_2474                                                                                                                                                        |   16|   0|   16|          0|
    |select_ln18_9_reg_2480                                                                                                                                                        |   16|   0|   16|          0|
    |select_ln18_reg_2426                                                                                                                                                          |   16|   0|   16|          0|
    |sub319_i2_reg_1730                                                                                                                                                            |   16|   0|   16|          0|
    |sub319_i391_10_reg_1785                                                                                                                                                       |   16|   0|   16|          0|
    |sub319_i391_11_reg_1790                                                                                                                                                       |   16|   0|   16|          0|
    |sub319_i391_12_reg_1795                                                                                                                                                       |   16|   0|   16|          0|
    |sub319_i391_13_reg_1800                                                                                                                                                       |   16|   0|   16|          0|
    |sub319_i391_14_reg_1805                                                                                                                                                       |   16|   0|   16|          0|
    |sub319_i391_1_reg_1735                                                                                                                                                        |   16|   0|   16|          0|
    |sub319_i391_2_reg_1740                                                                                                                                                        |   16|   0|   16|          0|
    |sub319_i391_3_reg_1745                                                                                                                                                        |   16|   0|   16|          0|
    |sub319_i391_4_reg_1750                                                                                                                                                        |   16|   0|   16|          0|
    |sub319_i391_5_reg_1755                                                                                                                                                        |   16|   0|   16|          0|
    |sub319_i391_6_reg_1760                                                                                                                                                        |   16|   0|   16|          0|
    |sub319_i391_7_reg_1765                                                                                                                                                        |   16|   0|   16|          0|
    |sub319_i391_8_reg_1770                                                                                                                                                        |   16|   0|   16|          0|
    |sub319_i391_9_reg_1775                                                                                                                                                        |   16|   0|   16|          0|
    |sub319_i391_s_reg_1780                                                                                                                                                        |   16|   0|   16|          0|
    |trunc_ln216_reg_1815                                                                                                                                                          |    1|   0|    1|          0|
    |u_10_reg_1875                                                                                                                                                                 |   16|   0|   16|          0|
    |u_11_reg_2120                                                                                                                                                                 |   16|   0|   16|          0|
    |u_12_reg_1885                                                                                                                                                                 |   16|   0|   16|          0|
    |u_13_reg_2130                                                                                                                                                                 |   16|   0|   16|          0|
    |u_14_reg_1895                                                                                                                                                                 |   16|   0|   16|          0|
    |u_15_reg_2140                                                                                                                                                                 |   16|   0|   16|          0|
    |u_16_reg_1905                                                                                                                                                                 |   16|   0|   16|          0|
    |u_17_reg_2150                                                                                                                                                                 |   16|   0|   16|          0|
    |u_18_reg_1915                                                                                                                                                                 |   16|   0|   16|          0|
    |u_19_reg_2160                                                                                                                                                                 |   16|   0|   16|          0|
    |u_1_reg_2070                                                                                                                                                                  |   16|   0|   16|          0|
    |u_20_reg_1925                                                                                                                                                                 |   16|   0|   16|          0|
    |u_21_reg_2170                                                                                                                                                                 |   16|   0|   16|          0|
    |u_22_reg_1935                                                                                                                                                                 |   16|   0|   16|          0|
    |u_23_reg_2180                                                                                                                                                                 |   16|   0|   16|          0|
    |u_24_reg_2190                                                                                                                                                                 |   16|   0|   16|          0|
    |u_25_reg_1945                                                                                                                                                                 |   16|   0|   16|          0|
    |u_26_reg_2200                                                                                                                                                                 |   16|   0|   16|          0|
    |u_27_reg_1955                                                                                                                                                                 |   16|   0|   16|          0|
    |u_28_reg_2210                                                                                                                                                                 |   16|   0|   16|          0|
    |u_29_reg_1965                                                                                                                                                                 |   16|   0|   16|          0|
    |u_2_reg_1835                                                                                                                                                                  |   16|   0|   16|          0|
    |u_30_reg_2220                                                                                                                                                                 |   16|   0|   16|          0|
    |u_31_reg_1975                                                                                                                                                                 |   16|   0|   16|          0|
    |u_3_reg_2080                                                                                                                                                                  |   16|   0|   16|          0|
    |u_4_reg_1845                                                                                                                                                                  |   16|   0|   16|          0|
    |u_5_reg_2090                                                                                                                                                                  |   16|   0|   16|          0|
    |u_6_reg_1855                                                                                                                                                                  |   16|   0|   16|          0|
    |u_7_reg_2100                                                                                                                                                                  |   16|   0|   16|          0|
    |u_8_reg_1865                                                                                                                                                                  |   16|   0|   16|          0|
    |u_9_reg_2110                                                                                                                                                                  |   16|   0|   16|          0|
    |u_reg_1825                                                                                                                                                                    |   16|   0|   16|          0|
    |val_10_reg_1692                                                                                                                                                               |   16|   0|   16|          0|
    |val_11_reg_1697                                                                                                                                                               |   16|   0|   16|          0|
    |val_1_reg_1647                                                                                                                                                                |   16|   0|   16|          0|
    |val_2_reg_1652                                                                                                                                                                |   16|   0|   16|          0|
    |val_3_reg_1657                                                                                                                                                                |   16|   0|   16|          0|
    |val_4_reg_1662                                                                                                                                                                |   16|   0|   16|          0|
    |val_5_reg_1667                                                                                                                                                                |   16|   0|   16|          0|
    |val_6_reg_1672                                                                                                                                                                |   16|   0|   16|          0|
    |val_7_reg_1677                                                                                                                                                                |   16|   0|   16|          0|
    |val_8_reg_1682                                                                                                                                                                |   16|   0|   16|          0|
    |val_9_reg_1687                                                                                                                                                                |   16|   0|   16|          0|
    |val_reg_1642                                                                                                                                                                  |   16|   0|   16|          0|
    |void_UpConv_Fused_Row_Bench_8_ap_uint_256_ap_uint_256_const_ap_uint_256_const_ap_uint_256_const_ap_uint_256_const_ap_uint_256_decimal16_int_int_int_int_int_row_732_reg_1710  |   16|   0|   16|          0|
    |void_UpConv_Fused_Row_Bench_8_ap_uint_256_ap_uint_256_const_ap_uint_256_const_ap_uint_256_const_ap_uint_256_const_ap_uint_256_decimal16_int_int_int_int_int_row_733_reg_1715  |   16|   0|   16|          0|
    |void_UpConv_Fused_Row_Bench_8_ap_uint_256_ap_uint_256_const_ap_uint_256_const_ap_uint_256_const_ap_uint_256_const_ap_uint_256_decimal16_int_int_int_int_int_row_734_reg_1720  |   16|   0|   16|          0|
    |void_UpConv_Fused_Row_Bench_8_ap_uint_256_ap_uint_256_const_ap_uint_256_const_ap_uint_256_const_ap_uint_256_const_ap_uint_256_decimal16_int_int_int_int_int_row_735_reg_1725  |   16|   0|   16|          0|
    |zext_ln216_reg_1810                                                                                                                                                           |    3|   0|   64|         61|
    |cw_1_reg_1550                                                                                                                                                                 |   64|  32|    3|          0|
    |icmp_ln223_reg_1702                                                                                                                                                           |   64|  32|    1|          0|
    |trunc_ln216_reg_1815                                                                                                                                                          |   64|  32|    1|          0|
    |zext_ln216_reg_1810                                                                                                                                                           |   64|  32|   64|         61|
    +------------------------------------------------------------------------------------------------------------------------------------------------------------------------------+-----+----+-----+-----------+
    |Total                                                                                                                                                                         | 2874| 128| 2748|        122|
    +------------------------------------------------------------------------------------------------------------------------------------------------------------------------------+-----+----+-----+-----------+



================================================================
== Interface
================================================================
* Summary: 
+----------------------------------------------------------------------------------------------+-----+-----+------------+-------------------------------------------------------------------------------------+--------------+
|                                           RTL Ports                                          | Dir | Bits|  Protocol  |                                    Source Object                                    |    C Type    |
+----------------------------------------------------------------------------------------------+-----+-----+------------+-------------------------------------------------------------------------------------+--------------+
|ap_clk                                                                                        |   in|    1|  ap_ctrl_hs|                                                  ucb3_bench_top_Pipeline_NORM_WRITE7|  return value|
|ap_rst                                                                                        |   in|    1|  ap_ctrl_hs|                                                  ucb3_bench_top_Pipeline_NORM_WRITE7|  return value|
|ap_start                                                                                      |   in|    1|  ap_ctrl_hs|                                                  ucb3_bench_top_Pipeline_NORM_WRITE7|  return value|
|ap_done                                                                                       |  out|    1|  ap_ctrl_hs|                                                  ucb3_bench_top_Pipeline_NORM_WRITE7|  return value|
|ap_idle                                                                                       |  out|    1|  ap_ctrl_hs|                                                  ucb3_bench_top_Pipeline_NORM_WRITE7|  return value|
|ap_ready                                                                                      |  out|    1|  ap_ctrl_hs|                                                  ucb3_bench_top_Pipeline_NORM_WRITE7|  return value|
|grp_fu_396_p_din0                                                                             |  out|   16|  ap_ctrl_hs|                                                  ucb3_bench_top_Pipeline_NORM_WRITE7|  return value|
|grp_fu_396_p_din1                                                                             |  out|   16|  ap_ctrl_hs|                                                  ucb3_bench_top_Pipeline_NORM_WRITE7|  return value|
|grp_fu_396_p_dout0                                                                            |   in|   16|  ap_ctrl_hs|                                                  ucb3_bench_top_Pipeline_NORM_WRITE7|  return value|
|grp_fu_396_p_ce                                                                               |  out|    1|  ap_ctrl_hs|                                                  ucb3_bench_top_Pipeline_NORM_WRITE7|  return value|
|grp_fu_400_p_din0                                                                             |  out|   16|  ap_ctrl_hs|                                                  ucb3_bench_top_Pipeline_NORM_WRITE7|  return value|
|grp_fu_400_p_din1                                                                             |  out|   16|  ap_ctrl_hs|                                                  ucb3_bench_top_Pipeline_NORM_WRITE7|  return value|
|grp_fu_400_p_dout0                                                                            |   in|   16|  ap_ctrl_hs|                                                  ucb3_bench_top_Pipeline_NORM_WRITE7|  return value|
|grp_fu_400_p_ce                                                                               |  out|    1|  ap_ctrl_hs|                                                  ucb3_bench_top_Pipeline_NORM_WRITE7|  return value|
|grp_fu_404_p_din0                                                                             |  out|   16|  ap_ctrl_hs|                                                  ucb3_bench_top_Pipeline_NORM_WRITE7|  return value|
|grp_fu_404_p_din1                                                                             |  out|   16|  ap_ctrl_hs|                                                  ucb3_bench_top_Pipeline_NORM_WRITE7|  return value|
|grp_fu_404_p_dout0                                                                            |   in|   16|  ap_ctrl_hs|                                                  ucb3_bench_top_Pipeline_NORM_WRITE7|  return value|
|grp_fu_404_p_ce                                                                               |  out|    1|  ap_ctrl_hs|                                                  ucb3_bench_top_Pipeline_NORM_WRITE7|  return value|
|grp_fu_408_p_din0                                                                             |  out|   16|  ap_ctrl_hs|                                                  ucb3_bench_top_Pipeline_NORM_WRITE7|  return value|
|grp_fu_408_p_din1                                                                             |  out|   16|  ap_ctrl_hs|                                                  ucb3_bench_top_Pipeline_NORM_WRITE7|  return value|
|grp_fu_408_p_dout0                                                                            |   in|   16|  ap_ctrl_hs|                                                  ucb3_bench_top_Pipeline_NORM_WRITE7|  return value|
|grp_fu_408_p_ce                                                                               |  out|    1|  ap_ctrl_hs|                                                  ucb3_bench_top_Pipeline_NORM_WRITE7|  return value|
|grp_fu_412_p_din0                                                                             |  out|   16|  ap_ctrl_hs|                                                  ucb3_bench_top_Pipeline_NORM_WRITE7|  return value|
|grp_fu_412_p_din1                                                                             |  out|   16|  ap_ctrl_hs|                                                  ucb3_bench_top_Pipeline_NORM_WRITE7|  return value|
|grp_fu_412_p_dout0                                                                            |   in|   16|  ap_ctrl_hs|                                                  ucb3_bench_top_Pipeline_NORM_WRITE7|  return value|
|grp_fu_412_p_ce                                                                               |  out|    1|  ap_ctrl_hs|                                                  ucb3_bench_top_Pipeline_NORM_WRITE7|  return value|
|grp_fu_416_p_din0                                                                             |  out|   16|  ap_ctrl_hs|                                                  ucb3_bench_top_Pipeline_NORM_WRITE7|  return value|
|grp_fu_416_p_din1                                                                             |  out|   16|  ap_ctrl_hs|                                                  ucb3_bench_top_Pipeline_NORM_WRITE7|  return value|
|grp_fu_416_p_dout0                                                                            |   in|   16|  ap_ctrl_hs|                                                  ucb3_bench_top_Pipeline_NORM_WRITE7|  return value|
|grp_fu_416_p_ce                                                                               |  out|    1|  ap_ctrl_hs|                                                  ucb3_bench_top_Pipeline_NORM_WRITE7|  return value|
|grp_fu_420_p_din0                                                                             |  out|   16|  ap_ctrl_hs|                                                  ucb3_bench_top_Pipeline_NORM_WRITE7|  return value|
|grp_fu_420_p_din1                                                                             |  out|   16|  ap_ctrl_hs|                                                  ucb3_bench_top_Pipeline_NORM_WRITE7|  return value|
|grp_fu_420_p_dout0                                                                            |   in|   16|  ap_ctrl_hs|                                                  ucb3_bench_top_Pipeline_NORM_WRITE7|  return value|
|grp_fu_420_p_ce                                                                               |  out|    1|  ap_ctrl_hs|                                                  ucb3_bench_top_Pipeline_NORM_WRITE7|  return value|
|grp_fu_424_p_din0                                                                             |  out|   16|  ap_ctrl_hs|                                                  ucb3_bench_top_Pipeline_NORM_WRITE7|  return value|
|grp_fu_424_p_din1                                                                             |  out|   16|  ap_ctrl_hs|                                                  ucb3_bench_top_Pipeline_NORM_WRITE7|  return value|
|grp_fu_424_p_dout0                                                                            |   in|   16|  ap_ctrl_hs|                                                  ucb3_bench_top_Pipeline_NORM_WRITE7|  return value|
|grp_fu_424_p_ce                                                                               |  out|    1|  ap_ctrl_hs|                                                  ucb3_bench_top_Pipeline_NORM_WRITE7|  return value|
|grp_fu_428_p_din0                                                                             |  out|   16|  ap_ctrl_hs|                                                  ucb3_bench_top_Pipeline_NORM_WRITE7|  return value|
|grp_fu_428_p_din1                                                                             |  out|   16|  ap_ctrl_hs|                                                  ucb3_bench_top_Pipeline_NORM_WRITE7|  return value|
|grp_fu_428_p_dout0                                                                            |   in|   16|  ap_ctrl_hs|                                                  ucb3_bench_top_Pipeline_NORM_WRITE7|  return value|
|grp_fu_428_p_ce                                                                               |  out|    1|  ap_ctrl_hs|                                                  ucb3_bench_top_Pipeline_NORM_WRITE7|  return value|
|grp_fu_432_p_din0                                                                             |  out|   16|  ap_ctrl_hs|                                                  ucb3_bench_top_Pipeline_NORM_WRITE7|  return value|
|grp_fu_432_p_din1                                                                             |  out|   16|  ap_ctrl_hs|                                                  ucb3_bench_top_Pipeline_NORM_WRITE7|  return value|
|grp_fu_432_p_dout0                                                                            |   in|   16|  ap_ctrl_hs|                                                  ucb3_bench_top_Pipeline_NORM_WRITE7|  return value|
|grp_fu_432_p_ce                                                                               |  out|    1|  ap_ctrl_hs|                                                  ucb3_bench_top_Pipeline_NORM_WRITE7|  return value|
|grp_fu_436_p_din0                                                                             |  out|   16|  ap_ctrl_hs|                                                  ucb3_bench_top_Pipeline_NORM_WRITE7|  return value|
|grp_fu_436_p_din1                                                                             |  out|   16|  ap_ctrl_hs|                                                  ucb3_bench_top_Pipeline_NORM_WRITE7|  return value|
|grp_fu_436_p_dout0                                                                            |   in|   16|  ap_ctrl_hs|                                                  ucb3_bench_top_Pipeline_NORM_WRITE7|  return value|
|grp_fu_436_p_ce                                                                               |  out|    1|  ap_ctrl_hs|                                                  ucb3_bench_top_Pipeline_NORM_WRITE7|  return value|
|grp_fu_440_p_din0                                                                             |  out|   16|  ap_ctrl_hs|                                                  ucb3_bench_top_Pipeline_NORM_WRITE7|  return value|
|grp_fu_440_p_din1                                                                             |  out|   16|  ap_ctrl_hs|                                                  ucb3_bench_top_Pipeline_NORM_WRITE7|  return value|
|grp_fu_440_p_dout0                                                                            |   in|   16|  ap_ctrl_hs|                                                  ucb3_bench_top_Pipeline_NORM_WRITE7|  return value|
|grp_fu_440_p_ce                                                                               |  out|    1|  ap_ctrl_hs|                                                  ucb3_bench_top_Pipeline_NORM_WRITE7|  return value|
|grp_fu_444_p_din0                                                                             |  out|   16|  ap_ctrl_hs|                                                  ucb3_bench_top_Pipeline_NORM_WRITE7|  return value|
|grp_fu_444_p_din1                                                                             |  out|   16|  ap_ctrl_hs|                                                  ucb3_bench_top_Pipeline_NORM_WRITE7|  return value|
|grp_fu_444_p_dout0                                                                            |   in|   16|  ap_ctrl_hs|                                                  ucb3_bench_top_Pipeline_NORM_WRITE7|  return value|
|grp_fu_444_p_ce                                                                               |  out|    1|  ap_ctrl_hs|                                                  ucb3_bench_top_Pipeline_NORM_WRITE7|  return value|
|grp_fu_448_p_din0                                                                             |  out|   16|  ap_ctrl_hs|                                                  ucb3_bench_top_Pipeline_NORM_WRITE7|  return value|
|grp_fu_448_p_din1                                                                             |  out|   16|  ap_ctrl_hs|                                                  ucb3_bench_top_Pipeline_NORM_WRITE7|  return value|
|grp_fu_448_p_dout0                                                                            |   in|   16|  ap_ctrl_hs|                                                  ucb3_bench_top_Pipeline_NORM_WRITE7|  return value|
|grp_fu_448_p_ce                                                                               |  out|    1|  ap_ctrl_hs|                                                  ucb3_bench_top_Pipeline_NORM_WRITE7|  return value|
|grp_fu_452_p_din0                                                                             |  out|   16|  ap_ctrl_hs|                                                  ucb3_bench_top_Pipeline_NORM_WRITE7|  return value|
|grp_fu_452_p_din1                                                                             |  out|   16|  ap_ctrl_hs|                                                  ucb3_bench_top_Pipeline_NORM_WRITE7|  return value|
|grp_fu_452_p_dout0                                                                            |   in|   16|  ap_ctrl_hs|                                                  ucb3_bench_top_Pipeline_NORM_WRITE7|  return value|
|grp_fu_452_p_ce                                                                               |  out|    1|  ap_ctrl_hs|                                                  ucb3_bench_top_Pipeline_NORM_WRITE7|  return value|
|grp_fu_456_p_din0                                                                             |  out|   16|  ap_ctrl_hs|                                                  ucb3_bench_top_Pipeline_NORM_WRITE7|  return value|
|grp_fu_456_p_din1                                                                             |  out|   16|  ap_ctrl_hs|                                                  ucb3_bench_top_Pipeline_NORM_WRITE7|  return value|
|grp_fu_456_p_dout0                                                                            |   in|   16|  ap_ctrl_hs|                                                  ucb3_bench_top_Pipeline_NORM_WRITE7|  return value|
|grp_fu_456_p_ce                                                                               |  out|    1|  ap_ctrl_hs|                                                  ucb3_bench_top_Pipeline_NORM_WRITE7|  return value|
|grp_fu_460_p_din0                                                                             |  out|   16|  ap_ctrl_hs|                                                  ucb3_bench_top_Pipeline_NORM_WRITE7|  return value|
|grp_fu_460_p_din1                                                                             |  out|   16|  ap_ctrl_hs|                                                  ucb3_bench_top_Pipeline_NORM_WRITE7|  return value|
|grp_fu_460_p_dout0                                                                            |   in|   16|  ap_ctrl_hs|                                                  ucb3_bench_top_Pipeline_NORM_WRITE7|  return value|
|grp_fu_460_p_ce                                                                               |  out|    1|  ap_ctrl_hs|                                                  ucb3_bench_top_Pipeline_NORM_WRITE7|  return value|
|grp_fu_464_p_din0                                                                             |  out|   16|  ap_ctrl_hs|                                                  ucb3_bench_top_Pipeline_NORM_WRITE7|  return value|
|grp_fu_464_p_din1                                                                             |  out|   16|  ap_ctrl_hs|                                                  ucb3_bench_top_Pipeline_NORM_WRITE7|  return value|
|grp_fu_464_p_dout0                                                                            |   in|   16|  ap_ctrl_hs|                                                  ucb3_bench_top_Pipeline_NORM_WRITE7|  return value|
|grp_fu_464_p_ce                                                                               |  out|    1|  ap_ctrl_hs|                                                  ucb3_bench_top_Pipeline_NORM_WRITE7|  return value|
|grp_fu_468_p_din0                                                                             |  out|   16|  ap_ctrl_hs|                                                  ucb3_bench_top_Pipeline_NORM_WRITE7|  return value|
|grp_fu_468_p_din1                                                                             |  out|   16|  ap_ctrl_hs|                                                  ucb3_bench_top_Pipeline_NORM_WRITE7|  return value|
|grp_fu_468_p_dout0                                                                            |   in|   16|  ap_ctrl_hs|                                                  ucb3_bench_top_Pipeline_NORM_WRITE7|  return value|
|grp_fu_468_p_ce                                                                               |  out|    1|  ap_ctrl_hs|                                                  ucb3_bench_top_Pipeline_NORM_WRITE7|  return value|
|grp_fu_472_p_din0                                                                             |  out|   16|  ap_ctrl_hs|                                                  ucb3_bench_top_Pipeline_NORM_WRITE7|  return value|
|grp_fu_472_p_din1                                                                             |  out|   16|  ap_ctrl_hs|                                                  ucb3_bench_top_Pipeline_NORM_WRITE7|  return value|
|grp_fu_472_p_dout0                                                                            |   in|   16|  ap_ctrl_hs|                                                  ucb3_bench_top_Pipeline_NORM_WRITE7|  return value|
|grp_fu_472_p_ce                                                                               |  out|    1|  ap_ctrl_hs|                                                  ucb3_bench_top_Pipeline_NORM_WRITE7|  return value|
|grp_fu_476_p_din0                                                                             |  out|   16|  ap_ctrl_hs|                                                  ucb3_bench_top_Pipeline_NORM_WRITE7|  return value|
|grp_fu_476_p_din1                                                                             |  out|   16|  ap_ctrl_hs|                                                  ucb3_bench_top_Pipeline_NORM_WRITE7|  return value|
|grp_fu_476_p_dout0                                                                            |   in|   16|  ap_ctrl_hs|                                                  ucb3_bench_top_Pipeline_NORM_WRITE7|  return value|
|grp_fu_476_p_ce                                                                               |  out|    1|  ap_ctrl_hs|                                                  ucb3_bench_top_Pipeline_NORM_WRITE7|  return value|
|grp_fu_480_p_din0                                                                             |  out|   16|  ap_ctrl_hs|                                                  ucb3_bench_top_Pipeline_NORM_WRITE7|  return value|
|grp_fu_480_p_din1                                                                             |  out|   16|  ap_ctrl_hs|                                                  ucb3_bench_top_Pipeline_NORM_WRITE7|  return value|
|grp_fu_480_p_dout0                                                                            |   in|   16|  ap_ctrl_hs|                                                  ucb3_bench_top_Pipeline_NORM_WRITE7|  return value|
|grp_fu_480_p_ce                                                                               |  out|    1|  ap_ctrl_hs|                                                  ucb3_bench_top_Pipeline_NORM_WRITE7|  return value|
|grp_fu_484_p_din0                                                                             |  out|   16|  ap_ctrl_hs|                                                  ucb3_bench_top_Pipeline_NORM_WRITE7|  return value|
|grp_fu_484_p_din1                                                                             |  out|   16|  ap_ctrl_hs|                                                  ucb3_bench_top_Pipeline_NORM_WRITE7|  return value|
|grp_fu_484_p_dout0                                                                            |   in|   16|  ap_ctrl_hs|                                                  ucb3_bench_top_Pipeline_NORM_WRITE7|  return value|
|grp_fu_484_p_ce                                                                               |  out|    1|  ap_ctrl_hs|                                                  ucb3_bench_top_Pipeline_NORM_WRITE7|  return value|
|grp_fu_488_p_din0                                                                             |  out|   16|  ap_ctrl_hs|                                                  ucb3_bench_top_Pipeline_NORM_WRITE7|  return value|
|grp_fu_488_p_din1                                                                             |  out|   16|  ap_ctrl_hs|                                                  ucb3_bench_top_Pipeline_NORM_WRITE7|  return value|
|grp_fu_488_p_dout0                                                                            |   in|   16|  ap_ctrl_hs|                                                  ucb3_bench_top_Pipeline_NORM_WRITE7|  return value|
|grp_fu_488_p_ce                                                                               |  out|    1|  ap_ctrl_hs|                                                  ucb3_bench_top_Pipeline_NORM_WRITE7|  return value|
|grp_fu_492_p_din0                                                                             |  out|   16|  ap_ctrl_hs|                                                  ucb3_bench_top_Pipeline_NORM_WRITE7|  return value|
|grp_fu_492_p_din1                                                                             |  out|   16|  ap_ctrl_hs|                                                  ucb3_bench_top_Pipeline_NORM_WRITE7|  return value|
|grp_fu_492_p_dout0                                                                            |   in|   16|  ap_ctrl_hs|                                                  ucb3_bench_top_Pipeline_NORM_WRITE7|  return value|
|grp_fu_492_p_ce                                                                               |  out|    1|  ap_ctrl_hs|                                                  ucb3_bench_top_Pipeline_NORM_WRITE7|  return value|
|grp_fu_496_p_din0                                                                             |  out|   16|  ap_ctrl_hs|                                                  ucb3_bench_top_Pipeline_NORM_WRITE7|  return value|
|grp_fu_496_p_din1                                                                             |  out|   16|  ap_ctrl_hs|                                                  ucb3_bench_top_Pipeline_NORM_WRITE7|  return value|
|grp_fu_496_p_dout0                                                                            |   in|   16|  ap_ctrl_hs|                                                  ucb3_bench_top_Pipeline_NORM_WRITE7|  return value|
|grp_fu_496_p_ce                                                                               |  out|    1|  ap_ctrl_hs|                                                  ucb3_bench_top_Pipeline_NORM_WRITE7|  return value|
|grp_fu_500_p_din0                                                                             |  out|   16|  ap_ctrl_hs|                                                  ucb3_bench_top_Pipeline_NORM_WRITE7|  return value|
|grp_fu_500_p_din1                                                                             |  out|   16|  ap_ctrl_hs|                                                  ucb3_bench_top_Pipeline_NORM_WRITE7|  return value|
|grp_fu_500_p_dout0                                                                            |   in|   16|  ap_ctrl_hs|                                                  ucb3_bench_top_Pipeline_NORM_WRITE7|  return value|
|grp_fu_500_p_ce                                                                               |  out|    1|  ap_ctrl_hs|                                                  ucb3_bench_top_Pipeline_NORM_WRITE7|  return value|
|grp_fu_504_p_din0                                                                             |  out|   16|  ap_ctrl_hs|                                                  ucb3_bench_top_Pipeline_NORM_WRITE7|  return value|
|grp_fu_504_p_din1                                                                             |  out|   16|  ap_ctrl_hs|                                                  ucb3_bench_top_Pipeline_NORM_WRITE7|  return value|
|grp_fu_504_p_dout0                                                                            |   in|   16|  ap_ctrl_hs|                                                  ucb3_bench_top_Pipeline_NORM_WRITE7|  return value|
|grp_fu_504_p_ce                                                                               |  out|    1|  ap_ctrl_hs|                                                  ucb3_bench_top_Pipeline_NORM_WRITE7|  return value|
|grp_fu_508_p_din0                                                                             |  out|   16|  ap_ctrl_hs|                                                  ucb3_bench_top_Pipeline_NORM_WRITE7|  return value|
|grp_fu_508_p_din1                                                                             |  out|   16|  ap_ctrl_hs|                                                  ucb3_bench_top_Pipeline_NORM_WRITE7|  return value|
|grp_fu_508_p_dout0                                                                            |   in|   16|  ap_ctrl_hs|                                                  ucb3_bench_top_Pipeline_NORM_WRITE7|  return value|
|grp_fu_508_p_ce                                                                               |  out|    1|  ap_ctrl_hs|                                                  ucb3_bench_top_Pipeline_NORM_WRITE7|  return value|
|grp_fu_512_p_din0                                                                             |  out|   16|  ap_ctrl_hs|                                                  ucb3_bench_top_Pipeline_NORM_WRITE7|  return value|
|grp_fu_512_p_din1                                                                             |  out|   16|  ap_ctrl_hs|                                                  ucb3_bench_top_Pipeline_NORM_WRITE7|  return value|
|grp_fu_512_p_dout0                                                                            |   in|   16|  ap_ctrl_hs|                                                  ucb3_bench_top_Pipeline_NORM_WRITE7|  return value|
|grp_fu_512_p_ce                                                                               |  out|    1|  ap_ctrl_hs|                                                  ucb3_bench_top_Pipeline_NORM_WRITE7|  return value|
|grp_fu_516_p_din0                                                                             |  out|   16|  ap_ctrl_hs|                                                  ucb3_bench_top_Pipeline_NORM_WRITE7|  return value|
|grp_fu_516_p_din1                                                                             |  out|   16|  ap_ctrl_hs|                                                  ucb3_bench_top_Pipeline_NORM_WRITE7|  return value|
|grp_fu_516_p_dout0                                                                            |   in|   16|  ap_ctrl_hs|                                                  ucb3_bench_top_Pipeline_NORM_WRITE7|  return value|
|grp_fu_516_p_ce                                                                               |  out|    1|  ap_ctrl_hs|                                                  ucb3_bench_top_Pipeline_NORM_WRITE7|  return value|
|grp_fu_520_p_din0                                                                             |  out|   16|  ap_ctrl_hs|                                                  ucb3_bench_top_Pipeline_NORM_WRITE7|  return value|
|grp_fu_520_p_din1                                                                             |  out|   16|  ap_ctrl_hs|                                                  ucb3_bench_top_Pipeline_NORM_WRITE7|  return value|
|grp_fu_520_p_dout0                                                                            |   in|   16|  ap_ctrl_hs|                                                  ucb3_bench_top_Pipeline_NORM_WRITE7|  return value|
|grp_fu_520_p_ce                                                                               |  out|    1|  ap_ctrl_hs|                                                  ucb3_bench_top_Pipeline_NORM_WRITE7|  return value|
|grp_fu_524_p_din0                                                                             |  out|   16|  ap_ctrl_hs|                                                  ucb3_bench_top_Pipeline_NORM_WRITE7|  return value|
|grp_fu_524_p_din1                                                                             |  out|   16|  ap_ctrl_hs|                                                  ucb3_bench_top_Pipeline_NORM_WRITE7|  return value|
|grp_fu_524_p_dout0                                                                            |   in|   16|  ap_ctrl_hs|                                                  ucb3_bench_top_Pipeline_NORM_WRITE7|  return value|
|grp_fu_524_p_ce                                                                               |  out|    1|  ap_ctrl_hs|                                                  ucb3_bench_top_Pipeline_NORM_WRITE7|  return value|
|grp_fu_528_p_din0                                                                             |  out|   16|  ap_ctrl_hs|                                                  ucb3_bench_top_Pipeline_NORM_WRITE7|  return value|
|grp_fu_528_p_din1                                                                             |  out|   16|  ap_ctrl_hs|                                                  ucb3_bench_top_Pipeline_NORM_WRITE7|  return value|
|grp_fu_528_p_dout0                                                                            |   in|   16|  ap_ctrl_hs|                                                  ucb3_bench_top_Pipeline_NORM_WRITE7|  return value|
|grp_fu_528_p_ce                                                                               |  out|    1|  ap_ctrl_hs|                                                  ucb3_bench_top_Pipeline_NORM_WRITE7|  return value|
|grp_fu_532_p_din0                                                                             |  out|   16|  ap_ctrl_hs|                                                  ucb3_bench_top_Pipeline_NORM_WRITE7|  return value|
|grp_fu_532_p_din1                                                                             |  out|   16|  ap_ctrl_hs|                                                  ucb3_bench_top_Pipeline_NORM_WRITE7|  return value|
|grp_fu_532_p_dout0                                                                            |   in|   16|  ap_ctrl_hs|                                                  ucb3_bench_top_Pipeline_NORM_WRITE7|  return value|
|grp_fu_532_p_ce                                                                               |  out|    1|  ap_ctrl_hs|                                                  ucb3_bench_top_Pipeline_NORM_WRITE7|  return value|
|grp_fu_536_p_din0                                                                             |  out|   16|  ap_ctrl_hs|                                                  ucb3_bench_top_Pipeline_NORM_WRITE7|  return value|
|grp_fu_536_p_din1                                                                             |  out|   16|  ap_ctrl_hs|                                                  ucb3_bench_top_Pipeline_NORM_WRITE7|  return value|
|grp_fu_536_p_dout0                                                                            |   in|   16|  ap_ctrl_hs|                                                  ucb3_bench_top_Pipeline_NORM_WRITE7|  return value|
|grp_fu_536_p_ce                                                                               |  out|    1|  ap_ctrl_hs|                                                  ucb3_bench_top_Pipeline_NORM_WRITE7|  return value|
|grp_fu_540_p_din0                                                                             |  out|   16|  ap_ctrl_hs|                                                  ucb3_bench_top_Pipeline_NORM_WRITE7|  return value|
|grp_fu_540_p_din1                                                                             |  out|   16|  ap_ctrl_hs|                                                  ucb3_bench_top_Pipeline_NORM_WRITE7|  return value|
|grp_fu_540_p_dout0                                                                            |   in|   16|  ap_ctrl_hs|                                                  ucb3_bench_top_Pipeline_NORM_WRITE7|  return value|
|grp_fu_540_p_ce                                                                               |  out|    1|  ap_ctrl_hs|                                                  ucb3_bench_top_Pipeline_NORM_WRITE7|  return value|
|grp_fu_544_p_din0                                                                             |  out|   16|  ap_ctrl_hs|                                                  ucb3_bench_top_Pipeline_NORM_WRITE7|  return value|
|grp_fu_544_p_din1                                                                             |  out|   16|  ap_ctrl_hs|                                                  ucb3_bench_top_Pipeline_NORM_WRITE7|  return value|
|grp_fu_544_p_dout0                                                                            |   in|   16|  ap_ctrl_hs|                                                  ucb3_bench_top_Pipeline_NORM_WRITE7|  return value|
|grp_fu_544_p_ce                                                                               |  out|    1|  ap_ctrl_hs|                                                  ucb3_bench_top_Pipeline_NORM_WRITE7|  return value|
|grp_fu_548_p_din0                                                                             |  out|   16|  ap_ctrl_hs|                                                  ucb3_bench_top_Pipeline_NORM_WRITE7|  return value|
|grp_fu_548_p_din1                                                                             |  out|   16|  ap_ctrl_hs|                                                  ucb3_bench_top_Pipeline_NORM_WRITE7|  return value|
|grp_fu_548_p_dout0                                                                            |   in|   16|  ap_ctrl_hs|                                                  ucb3_bench_top_Pipeline_NORM_WRITE7|  return value|
|grp_fu_548_p_ce                                                                               |  out|    1|  ap_ctrl_hs|                                                  ucb3_bench_top_Pipeline_NORM_WRITE7|  return value|
|grp_fu_552_p_din0                                                                             |  out|   16|  ap_ctrl_hs|                                                  ucb3_bench_top_Pipeline_NORM_WRITE7|  return value|
|grp_fu_552_p_din1                                                                             |  out|   16|  ap_ctrl_hs|                                                  ucb3_bench_top_Pipeline_NORM_WRITE7|  return value|
|grp_fu_552_p_dout0                                                                            |   in|   16|  ap_ctrl_hs|                                                  ucb3_bench_top_Pipeline_NORM_WRITE7|  return value|
|grp_fu_552_p_ce                                                                               |  out|    1|  ap_ctrl_hs|                                                  ucb3_bench_top_Pipeline_NORM_WRITE7|  return value|
|grp_fu_556_p_din0                                                                             |  out|   16|  ap_ctrl_hs|                                                  ucb3_bench_top_Pipeline_NORM_WRITE7|  return value|
|grp_fu_556_p_din1                                                                             |  out|   16|  ap_ctrl_hs|                                                  ucb3_bench_top_Pipeline_NORM_WRITE7|  return value|
|grp_fu_556_p_dout0                                                                            |   in|   16|  ap_ctrl_hs|                                                  ucb3_bench_top_Pipeline_NORM_WRITE7|  return value|
|grp_fu_556_p_ce                                                                               |  out|    1|  ap_ctrl_hs|                                                  ucb3_bench_top_Pipeline_NORM_WRITE7|  return value|
|grp_fu_560_p_din0                                                                             |  out|   16|  ap_ctrl_hs|                                                  ucb3_bench_top_Pipeline_NORM_WRITE7|  return value|
|grp_fu_560_p_din1                                                                             |  out|   16|  ap_ctrl_hs|                                                  ucb3_bench_top_Pipeline_NORM_WRITE7|  return value|
|grp_fu_560_p_dout0                                                                            |   in|   16|  ap_ctrl_hs|                                                  ucb3_bench_top_Pipeline_NORM_WRITE7|  return value|
|grp_fu_560_p_ce                                                                               |  out|    1|  ap_ctrl_hs|                                                  ucb3_bench_top_Pipeline_NORM_WRITE7|  return value|
|grp_fu_564_p_din0                                                                             |  out|   16|  ap_ctrl_hs|                                                  ucb3_bench_top_Pipeline_NORM_WRITE7|  return value|
|grp_fu_564_p_din1                                                                             |  out|   16|  ap_ctrl_hs|                                                  ucb3_bench_top_Pipeline_NORM_WRITE7|  return value|
|grp_fu_564_p_dout0                                                                            |   in|   16|  ap_ctrl_hs|                                                  ucb3_bench_top_Pipeline_NORM_WRITE7|  return value|
|grp_fu_564_p_ce                                                                               |  out|    1|  ap_ctrl_hs|                                                  ucb3_bench_top_Pipeline_NORM_WRITE7|  return value|
|grp_fu_568_p_din0                                                                             |  out|   16|  ap_ctrl_hs|                                                  ucb3_bench_top_Pipeline_NORM_WRITE7|  return value|
|grp_fu_568_p_din1                                                                             |  out|   16|  ap_ctrl_hs|                                                  ucb3_bench_top_Pipeline_NORM_WRITE7|  return value|
|grp_fu_568_p_dout0                                                                            |   in|   16|  ap_ctrl_hs|                                                  ucb3_bench_top_Pipeline_NORM_WRITE7|  return value|
|grp_fu_568_p_ce                                                                               |  out|    1|  ap_ctrl_hs|                                                  ucb3_bench_top_Pipeline_NORM_WRITE7|  return value|
|grp_fu_572_p_din0                                                                             |  out|   16|  ap_ctrl_hs|                                                  ucb3_bench_top_Pipeline_NORM_WRITE7|  return value|
|grp_fu_572_p_din1                                                                             |  out|   16|  ap_ctrl_hs|                                                  ucb3_bench_top_Pipeline_NORM_WRITE7|  return value|
|grp_fu_572_p_dout0                                                                            |   in|   16|  ap_ctrl_hs|                                                  ucb3_bench_top_Pipeline_NORM_WRITE7|  return value|
|grp_fu_572_p_ce                                                                               |  out|    1|  ap_ctrl_hs|                                                  ucb3_bench_top_Pipeline_NORM_WRITE7|  return value|
|grp_fu_576_p_din0                                                                             |  out|   16|  ap_ctrl_hs|                                                  ucb3_bench_top_Pipeline_NORM_WRITE7|  return value|
|grp_fu_576_p_din1                                                                             |  out|   16|  ap_ctrl_hs|                                                  ucb3_bench_top_Pipeline_NORM_WRITE7|  return value|
|grp_fu_576_p_dout0                                                                            |   in|   16|  ap_ctrl_hs|                                                  ucb3_bench_top_Pipeline_NORM_WRITE7|  return value|
|grp_fu_576_p_ce                                                                               |  out|    1|  ap_ctrl_hs|                                                  ucb3_bench_top_Pipeline_NORM_WRITE7|  return value|
|grp_fu_580_p_din0                                                                             |  out|   16|  ap_ctrl_hs|                                                  ucb3_bench_top_Pipeline_NORM_WRITE7|  return value|
|grp_fu_580_p_din1                                                                             |  out|   16|  ap_ctrl_hs|                                                  ucb3_bench_top_Pipeline_NORM_WRITE7|  return value|
|grp_fu_580_p_dout0                                                                            |   in|   16|  ap_ctrl_hs|                                                  ucb3_bench_top_Pipeline_NORM_WRITE7|  return value|
|grp_fu_580_p_ce                                                                               |  out|    1|  ap_ctrl_hs|                                                  ucb3_bench_top_Pipeline_NORM_WRITE7|  return value|
|grp_fu_584_p_din0                                                                             |  out|   16|  ap_ctrl_hs|                                                  ucb3_bench_top_Pipeline_NORM_WRITE7|  return value|
|grp_fu_584_p_din1                                                                             |  out|   16|  ap_ctrl_hs|                                                  ucb3_bench_top_Pipeline_NORM_WRITE7|  return value|
|grp_fu_584_p_dout0                                                                            |   in|   16|  ap_ctrl_hs|                                                  ucb3_bench_top_Pipeline_NORM_WRITE7|  return value|
|grp_fu_584_p_ce                                                                               |  out|    1|  ap_ctrl_hs|                                                  ucb3_bench_top_Pipeline_NORM_WRITE7|  return value|
|grp_fu_588_p_din0                                                                             |  out|   16|  ap_ctrl_hs|                                                  ucb3_bench_top_Pipeline_NORM_WRITE7|  return value|
|grp_fu_588_p_din1                                                                             |  out|   16|  ap_ctrl_hs|                                                  ucb3_bench_top_Pipeline_NORM_WRITE7|  return value|
|grp_fu_588_p_dout0                                                                            |   in|   16|  ap_ctrl_hs|                                                  ucb3_bench_top_Pipeline_NORM_WRITE7|  return value|
|grp_fu_588_p_ce                                                                               |  out|    1|  ap_ctrl_hs|                                                  ucb3_bench_top_Pipeline_NORM_WRITE7|  return value|
|grp_fu_592_p_din0                                                                             |  out|   16|  ap_ctrl_hs|                                                  ucb3_bench_top_Pipeline_NORM_WRITE7|  return value|
|grp_fu_592_p_din1                                                                             |  out|   16|  ap_ctrl_hs|                                                  ucb3_bench_top_Pipeline_NORM_WRITE7|  return value|
|grp_fu_592_p_dout0                                                                            |   in|   16|  ap_ctrl_hs|                                                  ucb3_bench_top_Pipeline_NORM_WRITE7|  return value|
|grp_fu_592_p_ce                                                                               |  out|    1|  ap_ctrl_hs|                                                  ucb3_bench_top_Pipeline_NORM_WRITE7|  return value|
|grp_fu_596_p_din0                                                                             |  out|   16|  ap_ctrl_hs|                                                  ucb3_bench_top_Pipeline_NORM_WRITE7|  return value|
|grp_fu_596_p_din1                                                                             |  out|   16|  ap_ctrl_hs|                                                  ucb3_bench_top_Pipeline_NORM_WRITE7|  return value|
|grp_fu_596_p_dout0                                                                            |   in|   16|  ap_ctrl_hs|                                                  ucb3_bench_top_Pipeline_NORM_WRITE7|  return value|
|grp_fu_596_p_ce                                                                               |  out|    1|  ap_ctrl_hs|                                                  ucb3_bench_top_Pipeline_NORM_WRITE7|  return value|
|grp_fu_600_p_din0                                                                             |  out|   16|  ap_ctrl_hs|                                                  ucb3_bench_top_Pipeline_NORM_WRITE7|  return value|
|grp_fu_600_p_din1                                                                             |  out|   16|  ap_ctrl_hs|                                                  ucb3_bench_top_Pipeline_NORM_WRITE7|  return value|
|grp_fu_600_p_dout0                                                                            |   in|   16|  ap_ctrl_hs|                                                  ucb3_bench_top_Pipeline_NORM_WRITE7|  return value|
|grp_fu_600_p_ce                                                                               |  out|    1|  ap_ctrl_hs|                                                  ucb3_bench_top_Pipeline_NORM_WRITE7|  return value|
|grp_fu_604_p_din0                                                                             |  out|   16|  ap_ctrl_hs|                                                  ucb3_bench_top_Pipeline_NORM_WRITE7|  return value|
|grp_fu_604_p_din1                                                                             |  out|   16|  ap_ctrl_hs|                                                  ucb3_bench_top_Pipeline_NORM_WRITE7|  return value|
|grp_fu_604_p_dout0                                                                            |   in|   16|  ap_ctrl_hs|                                                  ucb3_bench_top_Pipeline_NORM_WRITE7|  return value|
|grp_fu_604_p_ce                                                                               |  out|    1|  ap_ctrl_hs|                                                  ucb3_bench_top_Pipeline_NORM_WRITE7|  return value|
|grp_fu_608_p_din0                                                                             |  out|   16|  ap_ctrl_hs|                                                  ucb3_bench_top_Pipeline_NORM_WRITE7|  return value|
|grp_fu_608_p_din1                                                                             |  out|   16|  ap_ctrl_hs|                                                  ucb3_bench_top_Pipeline_NORM_WRITE7|  return value|
|grp_fu_608_p_dout0                                                                            |   in|   16|  ap_ctrl_hs|                                                  ucb3_bench_top_Pipeline_NORM_WRITE7|  return value|
|grp_fu_608_p_ce                                                                               |  out|    1|  ap_ctrl_hs|                                                  ucb3_bench_top_Pipeline_NORM_WRITE7|  return value|
|grp_fu_612_p_din0                                                                             |  out|   16|  ap_ctrl_hs|                                                  ucb3_bench_top_Pipeline_NORM_WRITE7|  return value|
|grp_fu_612_p_din1                                                                             |  out|   16|  ap_ctrl_hs|                                                  ucb3_bench_top_Pipeline_NORM_WRITE7|  return value|
|grp_fu_612_p_dout0                                                                            |   in|   16|  ap_ctrl_hs|                                                  ucb3_bench_top_Pipeline_NORM_WRITE7|  return value|
|grp_fu_612_p_ce                                                                               |  out|    1|  ap_ctrl_hs|                                                  ucb3_bench_top_Pipeline_NORM_WRITE7|  return value|
|grp_fu_616_p_din0                                                                             |  out|   16|  ap_ctrl_hs|                                                  ucb3_bench_top_Pipeline_NORM_WRITE7|  return value|
|grp_fu_616_p_din1                                                                             |  out|   16|  ap_ctrl_hs|                                                  ucb3_bench_top_Pipeline_NORM_WRITE7|  return value|
|grp_fu_616_p_dout0                                                                            |   in|   16|  ap_ctrl_hs|                                                  ucb3_bench_top_Pipeline_NORM_WRITE7|  return value|
|grp_fu_616_p_ce                                                                               |  out|    1|  ap_ctrl_hs|                                                  ucb3_bench_top_Pipeline_NORM_WRITE7|  return value|
|grp_fu_620_p_din0                                                                             |  out|   16|  ap_ctrl_hs|                                                  ucb3_bench_top_Pipeline_NORM_WRITE7|  return value|
|grp_fu_620_p_din1                                                                             |  out|   16|  ap_ctrl_hs|                                                  ucb3_bench_top_Pipeline_NORM_WRITE7|  return value|
|grp_fu_620_p_dout0                                                                            |   in|   16|  ap_ctrl_hs|                                                  ucb3_bench_top_Pipeline_NORM_WRITE7|  return value|
|grp_fu_620_p_ce                                                                               |  out|    1|  ap_ctrl_hs|                                                  ucb3_bench_top_Pipeline_NORM_WRITE7|  return value|
|grp_fu_624_p_din0                                                                             |  out|   16|  ap_ctrl_hs|                                                  ucb3_bench_top_Pipeline_NORM_WRITE7|  return value|
|grp_fu_624_p_din1                                                                             |  out|   16|  ap_ctrl_hs|                                                  ucb3_bench_top_Pipeline_NORM_WRITE7|  return value|
|grp_fu_624_p_dout0                                                                            |   in|   16|  ap_ctrl_hs|                                                  ucb3_bench_top_Pipeline_NORM_WRITE7|  return value|
|grp_fu_624_p_ce                                                                               |  out|    1|  ap_ctrl_hs|                                                  ucb3_bench_top_Pipeline_NORM_WRITE7|  return value|
|grp_fu_628_p_din0                                                                             |  out|   16|  ap_ctrl_hs|                                                  ucb3_bench_top_Pipeline_NORM_WRITE7|  return value|
|grp_fu_628_p_din1                                                                             |  out|   16|  ap_ctrl_hs|                                                  ucb3_bench_top_Pipeline_NORM_WRITE7|  return value|
|grp_fu_628_p_dout0                                                                            |   in|   16|  ap_ctrl_hs|                                                  ucb3_bench_top_Pipeline_NORM_WRITE7|  return value|
|grp_fu_628_p_ce                                                                               |  out|    1|  ap_ctrl_hs|                                                  ucb3_bench_top_Pipeline_NORM_WRITE7|  return value|
|grp_fu_632_p_din0                                                                             |  out|   16|  ap_ctrl_hs|                                                  ucb3_bench_top_Pipeline_NORM_WRITE7|  return value|
|grp_fu_632_p_din1                                                                             |  out|   16|  ap_ctrl_hs|                                                  ucb3_bench_top_Pipeline_NORM_WRITE7|  return value|
|grp_fu_632_p_dout0                                                                            |   in|   16|  ap_ctrl_hs|                                                  ucb3_bench_top_Pipeline_NORM_WRITE7|  return value|
|grp_fu_632_p_ce                                                                               |  out|    1|  ap_ctrl_hs|                                                  ucb3_bench_top_Pipeline_NORM_WRITE7|  return value|
|grp_fu_636_p_din0                                                                             |  out|   16|  ap_ctrl_hs|                                                  ucb3_bench_top_Pipeline_NORM_WRITE7|  return value|
|grp_fu_636_p_din1                                                                             |  out|   16|  ap_ctrl_hs|                                                  ucb3_bench_top_Pipeline_NORM_WRITE7|  return value|
|grp_fu_636_p_dout0                                                                            |   in|   16|  ap_ctrl_hs|                                                  ucb3_bench_top_Pipeline_NORM_WRITE7|  return value|
|grp_fu_636_p_ce                                                                               |  out|    1|  ap_ctrl_hs|                                                  ucb3_bench_top_Pipeline_NORM_WRITE7|  return value|
|grp_fu_640_p_din0                                                                             |  out|   16|  ap_ctrl_hs|                                                  ucb3_bench_top_Pipeline_NORM_WRITE7|  return value|
|grp_fu_640_p_din1                                                                             |  out|   16|  ap_ctrl_hs|                                                  ucb3_bench_top_Pipeline_NORM_WRITE7|  return value|
|grp_fu_640_p_dout0                                                                            |   in|   16|  ap_ctrl_hs|                                                  ucb3_bench_top_Pipeline_NORM_WRITE7|  return value|
|grp_fu_640_p_ce                                                                               |  out|    1|  ap_ctrl_hs|                                                  ucb3_bench_top_Pipeline_NORM_WRITE7|  return value|
|grp_fu_644_p_din0                                                                             |  out|   16|  ap_ctrl_hs|                                                  ucb3_bench_top_Pipeline_NORM_WRITE7|  return value|
|grp_fu_644_p_din1                                                                             |  out|   16|  ap_ctrl_hs|                                                  ucb3_bench_top_Pipeline_NORM_WRITE7|  return value|
|grp_fu_644_p_dout0                                                                            |   in|   16|  ap_ctrl_hs|                                                  ucb3_bench_top_Pipeline_NORM_WRITE7|  return value|
|grp_fu_644_p_ce                                                                               |  out|    1|  ap_ctrl_hs|                                                  ucb3_bench_top_Pipeline_NORM_WRITE7|  return value|
|grp_fu_648_p_din0                                                                             |  out|   16|  ap_ctrl_hs|                                                  ucb3_bench_top_Pipeline_NORM_WRITE7|  return value|
|grp_fu_648_p_din1                                                                             |  out|   16|  ap_ctrl_hs|                                                  ucb3_bench_top_Pipeline_NORM_WRITE7|  return value|
|grp_fu_648_p_dout0                                                                            |   in|   16|  ap_ctrl_hs|                                                  ucb3_bench_top_Pipeline_NORM_WRITE7|  return value|
|grp_fu_648_p_ce                                                                               |  out|    1|  ap_ctrl_hs|                                                  ucb3_bench_top_Pipeline_NORM_WRITE7|  return value|
|grp_fu_652_p_din0                                                                             |  out|   16|  ap_ctrl_hs|                                                  ucb3_bench_top_Pipeline_NORM_WRITE7|  return value|
|grp_fu_652_p_din1                                                                             |  out|   16|  ap_ctrl_hs|                                                  ucb3_bench_top_Pipeline_NORM_WRITE7|  return value|
|grp_fu_652_p_opcode                                                                           |  out|    5|  ap_ctrl_hs|                                                  ucb3_bench_top_Pipeline_NORM_WRITE7|  return value|
|grp_fu_652_p_dout0                                                                            |   in|    1|  ap_ctrl_hs|                                                  ucb3_bench_top_Pipeline_NORM_WRITE7|  return value|
|grp_fu_652_p_ce                                                                               |  out|    1|  ap_ctrl_hs|                                                  ucb3_bench_top_Pipeline_NORM_WRITE7|  return value|
|grp_fu_656_p_din0                                                                             |  out|   16|  ap_ctrl_hs|                                                  ucb3_bench_top_Pipeline_NORM_WRITE7|  return value|
|grp_fu_656_p_din1                                                                             |  out|   16|  ap_ctrl_hs|                                                  ucb3_bench_top_Pipeline_NORM_WRITE7|  return value|
|grp_fu_656_p_opcode                                                                           |  out|    5|  ap_ctrl_hs|                                                  ucb3_bench_top_Pipeline_NORM_WRITE7|  return value|
|grp_fu_656_p_dout0                                                                            |   in|    1|  ap_ctrl_hs|                                                  ucb3_bench_top_Pipeline_NORM_WRITE7|  return value|
|grp_fu_656_p_ce                                                                               |  out|    1|  ap_ctrl_hs|                                                  ucb3_bench_top_Pipeline_NORM_WRITE7|  return value|
|grp_fu_660_p_din0                                                                             |  out|   16|  ap_ctrl_hs|                                                  ucb3_bench_top_Pipeline_NORM_WRITE7|  return value|
|grp_fu_660_p_din1                                                                             |  out|   16|  ap_ctrl_hs|                                                  ucb3_bench_top_Pipeline_NORM_WRITE7|  return value|
|grp_fu_660_p_opcode                                                                           |  out|    5|  ap_ctrl_hs|                                                  ucb3_bench_top_Pipeline_NORM_WRITE7|  return value|
|grp_fu_660_p_dout0                                                                            |   in|    1|  ap_ctrl_hs|                                                  ucb3_bench_top_Pipeline_NORM_WRITE7|  return value|
|grp_fu_660_p_ce                                                                               |  out|    1|  ap_ctrl_hs|                                                  ucb3_bench_top_Pipeline_NORM_WRITE7|  return value|
|grp_fu_664_p_din0                                                                             |  out|   16|  ap_ctrl_hs|                                                  ucb3_bench_top_Pipeline_NORM_WRITE7|  return value|
|grp_fu_664_p_din1                                                                             |  out|   16|  ap_ctrl_hs|                                                  ucb3_bench_top_Pipeline_NORM_WRITE7|  return value|
|grp_fu_664_p_opcode                                                                           |  out|    5|  ap_ctrl_hs|                                                  ucb3_bench_top_Pipeline_NORM_WRITE7|  return value|
|grp_fu_664_p_dout0                                                                            |   in|    1|  ap_ctrl_hs|                                                  ucb3_bench_top_Pipeline_NORM_WRITE7|  return value|
|grp_fu_664_p_ce                                                                               |  out|    1|  ap_ctrl_hs|                                                  ucb3_bench_top_Pipeline_NORM_WRITE7|  return value|
|grp_fu_668_p_din0                                                                             |  out|   16|  ap_ctrl_hs|                                                  ucb3_bench_top_Pipeline_NORM_WRITE7|  return value|
|grp_fu_668_p_din1                                                                             |  out|   16|  ap_ctrl_hs|                                                  ucb3_bench_top_Pipeline_NORM_WRITE7|  return value|
|grp_fu_668_p_opcode                                                                           |  out|    5|  ap_ctrl_hs|                                                  ucb3_bench_top_Pipeline_NORM_WRITE7|  return value|
|grp_fu_668_p_dout0                                                                            |   in|    1|  ap_ctrl_hs|                                                  ucb3_bench_top_Pipeline_NORM_WRITE7|  return value|
|grp_fu_668_p_ce                                                                               |  out|    1|  ap_ctrl_hs|                                                  ucb3_bench_top_Pipeline_NORM_WRITE7|  return value|
|grp_fu_672_p_din0                                                                             |  out|   16|  ap_ctrl_hs|                                                  ucb3_bench_top_Pipeline_NORM_WRITE7|  return value|
|grp_fu_672_p_din1                                                                             |  out|   16|  ap_ctrl_hs|                                                  ucb3_bench_top_Pipeline_NORM_WRITE7|  return value|
|grp_fu_672_p_opcode                                                                           |  out|    5|  ap_ctrl_hs|                                                  ucb3_bench_top_Pipeline_NORM_WRITE7|  return value|
|grp_fu_672_p_dout0                                                                            |   in|    1|  ap_ctrl_hs|                                                  ucb3_bench_top_Pipeline_NORM_WRITE7|  return value|
|grp_fu_672_p_ce                                                                               |  out|    1|  ap_ctrl_hs|                                                  ucb3_bench_top_Pipeline_NORM_WRITE7|  return value|
|grp_fu_676_p_din0                                                                             |  out|   16|  ap_ctrl_hs|                                                  ucb3_bench_top_Pipeline_NORM_WRITE7|  return value|
|grp_fu_676_p_din1                                                                             |  out|   16|  ap_ctrl_hs|                                                  ucb3_bench_top_Pipeline_NORM_WRITE7|  return value|
|grp_fu_676_p_opcode                                                                           |  out|    5|  ap_ctrl_hs|                                                  ucb3_bench_top_Pipeline_NORM_WRITE7|  return value|
|grp_fu_676_p_dout0                                                                            |   in|    1|  ap_ctrl_hs|                                                  ucb3_bench_top_Pipeline_NORM_WRITE7|  return value|
|grp_fu_676_p_ce                                                                               |  out|    1|  ap_ctrl_hs|                                                  ucb3_bench_top_Pipeline_NORM_WRITE7|  return value|
|grp_fu_680_p_din0                                                                             |  out|   16|  ap_ctrl_hs|                                                  ucb3_bench_top_Pipeline_NORM_WRITE7|  return value|
|grp_fu_680_p_din1                                                                             |  out|   16|  ap_ctrl_hs|                                                  ucb3_bench_top_Pipeline_NORM_WRITE7|  return value|
|grp_fu_680_p_opcode                                                                           |  out|    5|  ap_ctrl_hs|                                                  ucb3_bench_top_Pipeline_NORM_WRITE7|  return value|
|grp_fu_680_p_dout0                                                                            |   in|    1|  ap_ctrl_hs|                                                  ucb3_bench_top_Pipeline_NORM_WRITE7|  return value|
|grp_fu_680_p_ce                                                                               |  out|    1|  ap_ctrl_hs|                                                  ucb3_bench_top_Pipeline_NORM_WRITE7|  return value|
|grp_fu_684_p_din0                                                                             |  out|   16|  ap_ctrl_hs|                                                  ucb3_bench_top_Pipeline_NORM_WRITE7|  return value|
|grp_fu_684_p_din1                                                                             |  out|   16|  ap_ctrl_hs|                                                  ucb3_bench_top_Pipeline_NORM_WRITE7|  return value|
|grp_fu_684_p_opcode                                                                           |  out|    5|  ap_ctrl_hs|                                                  ucb3_bench_top_Pipeline_NORM_WRITE7|  return value|
|grp_fu_684_p_dout0                                                                            |   in|    1|  ap_ctrl_hs|                                                  ucb3_bench_top_Pipeline_NORM_WRITE7|  return value|
|grp_fu_684_p_ce                                                                               |  out|    1|  ap_ctrl_hs|                                                  ucb3_bench_top_Pipeline_NORM_WRITE7|  return value|
|grp_fu_688_p_din0                                                                             |  out|   16|  ap_ctrl_hs|                                                  ucb3_bench_top_Pipeline_NORM_WRITE7|  return value|
|grp_fu_688_p_din1                                                                             |  out|   16|  ap_ctrl_hs|                                                  ucb3_bench_top_Pipeline_NORM_WRITE7|  return value|
|grp_fu_688_p_opcode                                                                           |  out|    5|  ap_ctrl_hs|                                                  ucb3_bench_top_Pipeline_NORM_WRITE7|  return value|
|grp_fu_688_p_dout0                                                                            |   in|    1|  ap_ctrl_hs|                                                  ucb3_bench_top_Pipeline_NORM_WRITE7|  return value|
|grp_fu_688_p_ce                                                                               |  out|    1|  ap_ctrl_hs|                                                  ucb3_bench_top_Pipeline_NORM_WRITE7|  return value|
|grp_fu_692_p_din0                                                                             |  out|   16|  ap_ctrl_hs|                                                  ucb3_bench_top_Pipeline_NORM_WRITE7|  return value|
|grp_fu_692_p_din1                                                                             |  out|   16|  ap_ctrl_hs|                                                  ucb3_bench_top_Pipeline_NORM_WRITE7|  return value|
|grp_fu_692_p_opcode                                                                           |  out|    5|  ap_ctrl_hs|                                                  ucb3_bench_top_Pipeline_NORM_WRITE7|  return value|
|grp_fu_692_p_dout0                                                                            |   in|    1|  ap_ctrl_hs|                                                  ucb3_bench_top_Pipeline_NORM_WRITE7|  return value|
|grp_fu_692_p_ce                                                                               |  out|    1|  ap_ctrl_hs|                                                  ucb3_bench_top_Pipeline_NORM_WRITE7|  return value|
|grp_fu_696_p_din0                                                                             |  out|   16|  ap_ctrl_hs|                                                  ucb3_bench_top_Pipeline_NORM_WRITE7|  return value|
|grp_fu_696_p_din1                                                                             |  out|   16|  ap_ctrl_hs|                                                  ucb3_bench_top_Pipeline_NORM_WRITE7|  return value|
|grp_fu_696_p_opcode                                                                           |  out|    5|  ap_ctrl_hs|                                                  ucb3_bench_top_Pipeline_NORM_WRITE7|  return value|
|grp_fu_696_p_dout0                                                                            |   in|    1|  ap_ctrl_hs|                                                  ucb3_bench_top_Pipeline_NORM_WRITE7|  return value|
|grp_fu_696_p_ce                                                                               |  out|    1|  ap_ctrl_hs|                                                  ucb3_bench_top_Pipeline_NORM_WRITE7|  return value|
|grp_fu_700_p_din0                                                                             |  out|   16|  ap_ctrl_hs|                                                  ucb3_bench_top_Pipeline_NORM_WRITE7|  return value|
|grp_fu_700_p_din1                                                                             |  out|   16|  ap_ctrl_hs|                                                  ucb3_bench_top_Pipeline_NORM_WRITE7|  return value|
|grp_fu_700_p_opcode                                                                           |  out|    5|  ap_ctrl_hs|                                                  ucb3_bench_top_Pipeline_NORM_WRITE7|  return value|
|grp_fu_700_p_dout0                                                                            |   in|    1|  ap_ctrl_hs|                                                  ucb3_bench_top_Pipeline_NORM_WRITE7|  return value|
|grp_fu_700_p_ce                                                                               |  out|    1|  ap_ctrl_hs|                                                  ucb3_bench_top_Pipeline_NORM_WRITE7|  return value|
|grp_fu_704_p_din0                                                                             |  out|   16|  ap_ctrl_hs|                                                  ucb3_bench_top_Pipeline_NORM_WRITE7|  return value|
|grp_fu_704_p_din1                                                                             |  out|   16|  ap_ctrl_hs|                                                  ucb3_bench_top_Pipeline_NORM_WRITE7|  return value|
|grp_fu_704_p_opcode                                                                           |  out|    5|  ap_ctrl_hs|                                                  ucb3_bench_top_Pipeline_NORM_WRITE7|  return value|
|grp_fu_704_p_dout0                                                                            |   in|    1|  ap_ctrl_hs|                                                  ucb3_bench_top_Pipeline_NORM_WRITE7|  return value|
|grp_fu_704_p_ce                                                                               |  out|    1|  ap_ctrl_hs|                                                  ucb3_bench_top_Pipeline_NORM_WRITE7|  return value|
|grp_fu_708_p_din0                                                                             |  out|   16|  ap_ctrl_hs|                                                  ucb3_bench_top_Pipeline_NORM_WRITE7|  return value|
|grp_fu_708_p_din1                                                                             |  out|   16|  ap_ctrl_hs|                                                  ucb3_bench_top_Pipeline_NORM_WRITE7|  return value|
|grp_fu_708_p_opcode                                                                           |  out|    5|  ap_ctrl_hs|                                                  ucb3_bench_top_Pipeline_NORM_WRITE7|  return value|
|grp_fu_708_p_dout0                                                                            |   in|    1|  ap_ctrl_hs|                                                  ucb3_bench_top_Pipeline_NORM_WRITE7|  return value|
|grp_fu_708_p_ce                                                                               |  out|    1|  ap_ctrl_hs|                                                  ucb3_bench_top_Pipeline_NORM_WRITE7|  return value|
|grp_fu_712_p_din0                                                                             |  out|   16|  ap_ctrl_hs|                                                  ucb3_bench_top_Pipeline_NORM_WRITE7|  return value|
|grp_fu_712_p_din1                                                                             |  out|   16|  ap_ctrl_hs|                                                  ucb3_bench_top_Pipeline_NORM_WRITE7|  return value|
|grp_fu_712_p_opcode                                                                           |  out|    5|  ap_ctrl_hs|                                                  ucb3_bench_top_Pipeline_NORM_WRITE7|  return value|
|grp_fu_712_p_dout0                                                                            |   in|    1|  ap_ctrl_hs|                                                  ucb3_bench_top_Pipeline_NORM_WRITE7|  return value|
|grp_fu_712_p_ce                                                                               |  out|    1|  ap_ctrl_hs|                                                  ucb3_bench_top_Pipeline_NORM_WRITE7|  return value|
|m_axi_gmem_out_0_AWVALID                                                                      |  out|    1|       m_axi|                                                                             gmem_out|       pointer|
|m_axi_gmem_out_0_AWREADY                                                                      |   in|    1|       m_axi|                                                                             gmem_out|       pointer|
|m_axi_gmem_out_0_AWADDR                                                                       |  out|   64|       m_axi|                                                                             gmem_out|       pointer|
|m_axi_gmem_out_0_AWID                                                                         |  out|    1|       m_axi|                                                                             gmem_out|       pointer|
|m_axi_gmem_out_0_AWLEN                                                                        |  out|   32|       m_axi|                                                                             gmem_out|       pointer|
|m_axi_gmem_out_0_AWSIZE                                                                       |  out|    3|       m_axi|                                                                             gmem_out|       pointer|
|m_axi_gmem_out_0_AWBURST                                                                      |  out|    2|       m_axi|                                                                             gmem_out|       pointer|
|m_axi_gmem_out_0_AWLOCK                                                                       |  out|    2|       m_axi|                                                                             gmem_out|       pointer|
|m_axi_gmem_out_0_AWCACHE                                                                      |  out|    4|       m_axi|                                                                             gmem_out|       pointer|
|m_axi_gmem_out_0_AWPROT                                                                       |  out|    3|       m_axi|                                                                             gmem_out|       pointer|
|m_axi_gmem_out_0_AWQOS                                                                        |  out|    4|       m_axi|                                                                             gmem_out|       pointer|
|m_axi_gmem_out_0_AWREGION                                                                     |  out|    4|       m_axi|                                                                             gmem_out|       pointer|
|m_axi_gmem_out_0_AWUSER                                                                       |  out|    1|       m_axi|                                                                             gmem_out|       pointer|
|m_axi_gmem_out_0_WVALID                                                                       |  out|    1|       m_axi|                                                                             gmem_out|       pointer|
|m_axi_gmem_out_0_WREADY                                                                       |   in|    1|       m_axi|                                                                             gmem_out|       pointer|
|m_axi_gmem_out_0_WDATA                                                                        |  out|  512|       m_axi|                                                                             gmem_out|       pointer|
|m_axi_gmem_out_0_WSTRB                                                                        |  out|   64|       m_axi|                                                                             gmem_out|       pointer|
|m_axi_gmem_out_0_WLAST                                                                        |  out|    1|       m_axi|                                                                             gmem_out|       pointer|
|m_axi_gmem_out_0_WID                                                                          |  out|    1|       m_axi|                                                                             gmem_out|       pointer|
|m_axi_gmem_out_0_WUSER                                                                        |  out|    1|       m_axi|                                                                             gmem_out|       pointer|
|m_axi_gmem_out_0_ARVALID                                                                      |  out|    1|       m_axi|                                                                             gmem_out|       pointer|
|m_axi_gmem_out_0_ARREADY                                                                      |   in|    1|       m_axi|                                                                             gmem_out|       pointer|
|m_axi_gmem_out_0_ARADDR                                                                       |  out|   64|       m_axi|                                                                             gmem_out|       pointer|
|m_axi_gmem_out_0_ARID                                                                         |  out|    1|       m_axi|                                                                             gmem_out|       pointer|
|m_axi_gmem_out_0_ARLEN                                                                        |  out|   32|       m_axi|                                                                             gmem_out|       pointer|
|m_axi_gmem_out_0_ARSIZE                                                                       |  out|    3|       m_axi|                                                                             gmem_out|       pointer|
|m_axi_gmem_out_0_ARBURST                                                                      |  out|    2|       m_axi|                                                                             gmem_out|       pointer|
|m_axi_gmem_out_0_ARLOCK                                                                       |  out|    2|       m_axi|                                                                             gmem_out|       pointer|
|m_axi_gmem_out_0_ARCACHE                                                                      |  out|    4|       m_axi|                                                                             gmem_out|       pointer|
|m_axi_gmem_out_0_ARPROT                                                                       |  out|    3|       m_axi|                                                                             gmem_out|       pointer|
|m_axi_gmem_out_0_ARQOS                                                                        |  out|    4|       m_axi|                                                                             gmem_out|       pointer|
|m_axi_gmem_out_0_ARREGION                                                                     |  out|    4|       m_axi|                                                                             gmem_out|       pointer|
|m_axi_gmem_out_0_ARUSER                                                                       |  out|    1|       m_axi|                                                                             gmem_out|       pointer|
|m_axi_gmem_out_0_RVALID                                                                       |   in|    1|       m_axi|                                                                             gmem_out|       pointer|
|m_axi_gmem_out_0_RREADY                                                                       |  out|    1|       m_axi|                                                                             gmem_out|       pointer|
|m_axi_gmem_out_0_RDATA                                                                        |   in|  512|       m_axi|                                                                             gmem_out|       pointer|
|m_axi_gmem_out_0_RLAST                                                                        |   in|    1|       m_axi|                                                                             gmem_out|       pointer|
|m_axi_gmem_out_0_RID                                                                          |   in|    1|       m_axi|                                                                             gmem_out|       pointer|
|m_axi_gmem_out_0_RFIFONUM                                                                     |   in|    9|       m_axi|                                                                             gmem_out|       pointer|
|m_axi_gmem_out_0_RUSER                                                                        |   in|    1|       m_axi|                                                                             gmem_out|       pointer|
|m_axi_gmem_out_0_RRESP                                                                        |   in|    2|       m_axi|                                                                             gmem_out|       pointer|
|m_axi_gmem_out_0_BVALID                                                                       |   in|    1|       m_axi|                                                                             gmem_out|       pointer|
|m_axi_gmem_out_0_BREADY                                                                       |  out|    1|       m_axi|                                                                             gmem_out|       pointer|
|m_axi_gmem_out_0_BRESP                                                                        |   in|    2|       m_axi|                                                                             gmem_out|       pointer|
|m_axi_gmem_out_0_BID                                                                          |   in|    1|       m_axi|                                                                             gmem_out|       pointer|
|m_axi_gmem_out_0_BUSER                                                                        |   in|    1|       m_axi|                                                                             gmem_out|       pointer|
|sext_ln196_2                                                                                  |   in|   58|     ap_none|                                                                         sext_ln196_2|        scalar|
|mul_ln205_2                                                                                   |   in|   13|     ap_none|                                                                          mul_ln205_2|        scalar|
|g_buf_2_address0                                                                              |  out|    5|   ap_memory|                                                                              g_buf_2|         array|
|g_buf_2_ce0                                                                                   |  out|    1|   ap_memory|                                                                              g_buf_2|         array|
|g_buf_2_q0                                                                                    |   in|  256|   ap_memory|                                                                              g_buf_2|         array|
|be_buf_2_address0                                                                             |  out|    5|   ap_memory|                                                                             be_buf_2|         array|
|be_buf_2_ce0                                                                                  |  out|    1|   ap_memory|                                                                             be_buf_2|         array|
|be_buf_2_q0                                                                                   |   in|  256|   ap_memory|                                                                             be_buf_2|         array|
|conv318_i2                                                                                    |   in|   16|     ap_none|                                                                           conv318_i2|        scalar|
|inv_std_2                                                                                     |   in|   16|     ap_none|                                                                            inv_std_2|        scalar|
|void_UpConv_Fused_Row_Bench_ap_uint_ap_uint_const_ap_uint_const_ap_uint_const_9_address0      |  out|   13|   ap_memory|      void_UpConv_Fused_Row_Bench_ap_uint_ap_uint_const_ap_uint_const_ap_uint_const_9|         array|
|void_UpConv_Fused_Row_Bench_ap_uint_ap_uint_const_ap_uint_const_ap_uint_const_9_ce0           |  out|    1|   ap_memory|      void_UpConv_Fused_Row_Bench_ap_uint_ap_uint_const_ap_uint_const_ap_uint_const_9|         array|
|void_UpConv_Fused_Row_Bench_ap_uint_ap_uint_const_ap_uint_const_ap_uint_const_9_q0            |   in|   16|   ap_memory|      void_UpConv_Fused_Row_Bench_ap_uint_ap_uint_const_ap_uint_const_ap_uint_const_9|         array|
|void_UpConv_Fused_Row_Bench_ap_uint_ap_uint_const_ap_uint_const_ap_uint_const_8_address0      |  out|   13|   ap_memory|      void_UpConv_Fused_Row_Bench_ap_uint_ap_uint_const_ap_uint_const_ap_uint_const_8|         array|
|void_UpConv_Fused_Row_Bench_ap_uint_ap_uint_const_ap_uint_const_ap_uint_const_8_ce0           |  out|    1|   ap_memory|      void_UpConv_Fused_Row_Bench_ap_uint_ap_uint_const_ap_uint_const_ap_uint_const_8|         array|
|void_UpConv_Fused_Row_Bench_ap_uint_ap_uint_const_ap_uint_const_ap_uint_const_8_q0            |   in|   16|   ap_memory|      void_UpConv_Fused_Row_Bench_ap_uint_ap_uint_const_ap_uint_const_ap_uint_const_8|         array|
|void_UpConv_Fused_Row_Bench_ap_uint_ap_uint_const_ap_uint_const_ap_uint_const_7_address0      |  out|   13|   ap_memory|      void_UpConv_Fused_Row_Bench_ap_uint_ap_uint_const_ap_uint_const_ap_uint_const_7|         array|
|void_UpConv_Fused_Row_Bench_ap_uint_ap_uint_const_ap_uint_const_ap_uint_const_7_ce0           |  out|    1|   ap_memory|      void_UpConv_Fused_Row_Bench_ap_uint_ap_uint_const_ap_uint_const_ap_uint_const_7|         array|
|void_UpConv_Fused_Row_Bench_ap_uint_ap_uint_const_ap_uint_const_ap_uint_const_7_q0            |   in|   16|   ap_memory|      void_UpConv_Fused_Row_Bench_ap_uint_ap_uint_const_ap_uint_const_ap_uint_const_7|         array|
|void_UpConv_Fused_Row_Bench_ap_uint_ap_uint_const_ap_uint_const_ap_uint_const_6_address0      |  out|   13|   ap_memory|      void_UpConv_Fused_Row_Bench_ap_uint_ap_uint_const_ap_uint_const_ap_uint_const_6|         array|
|void_UpConv_Fused_Row_Bench_ap_uint_ap_uint_const_ap_uint_const_ap_uint_const_6_ce0           |  out|    1|   ap_memory|      void_UpConv_Fused_Row_Bench_ap_uint_ap_uint_const_ap_uint_const_ap_uint_const_6|         array|
|void_UpConv_Fused_Row_Bench_ap_uint_ap_uint_const_ap_uint_const_ap_uint_const_6_q0            |   in|   16|   ap_memory|      void_UpConv_Fused_Row_Bench_ap_uint_ap_uint_const_ap_uint_const_ap_uint_const_6|         array|
|void_UpConv_Fused_Row_Bench_ap_uint_ap_uint_const_ap_uint_const_ap_uint_const_5_address0      |  out|   13|   ap_memory|      void_UpConv_Fused_Row_Bench_ap_uint_ap_uint_const_ap_uint_const_ap_uint_const_5|         array|
|void_UpConv_Fused_Row_Bench_ap_uint_ap_uint_const_ap_uint_const_ap_uint_const_5_ce0           |  out|    1|   ap_memory|      void_UpConv_Fused_Row_Bench_ap_uint_ap_uint_const_ap_uint_const_ap_uint_const_5|         array|
|void_UpConv_Fused_Row_Bench_ap_uint_ap_uint_const_ap_uint_const_ap_uint_const_5_q0            |   in|   16|   ap_memory|      void_UpConv_Fused_Row_Bench_ap_uint_ap_uint_const_ap_uint_const_ap_uint_const_5|         array|
|void_UpConv_Fused_Row_Bench_ap_uint_ap_uint_const_ap_uint_const_ap_uint_const_4_address0      |  out|   13|   ap_memory|      void_UpConv_Fused_Row_Bench_ap_uint_ap_uint_const_ap_uint_const_ap_uint_const_4|         array|
|void_UpConv_Fused_Row_Bench_ap_uint_ap_uint_const_ap_uint_const_ap_uint_const_4_ce0           |  out|    1|   ap_memory|      void_UpConv_Fused_Row_Bench_ap_uint_ap_uint_const_ap_uint_const_ap_uint_const_4|         array|
|void_UpConv_Fused_Row_Bench_ap_uint_ap_uint_const_ap_uint_const_ap_uint_const_4_q0            |   in|   16|   ap_memory|      void_UpConv_Fused_Row_Bench_ap_uint_ap_uint_const_ap_uint_const_ap_uint_const_4|         array|
|void_UpConv_Fused_Row_Bench_ap_uint_ap_uint_const_ap_uint_const_ap_uint_const_3_address0      |  out|   13|   ap_memory|      void_UpConv_Fused_Row_Bench_ap_uint_ap_uint_const_ap_uint_const_ap_uint_const_3|         array|
|void_UpConv_Fused_Row_Bench_ap_uint_ap_uint_const_ap_uint_const_ap_uint_const_3_ce0           |  out|    1|   ap_memory|      void_UpConv_Fused_Row_Bench_ap_uint_ap_uint_const_ap_uint_const_ap_uint_const_3|         array|
|void_UpConv_Fused_Row_Bench_ap_uint_ap_uint_const_ap_uint_const_ap_uint_const_3_q0            |   in|   16|   ap_memory|      void_UpConv_Fused_Row_Bench_ap_uint_ap_uint_const_ap_uint_const_ap_uint_const_3|         array|
|void_UpConv_Fused_Row_Bench_ap_uint_ap_uint_const_ap_uint_const_ap_uint_const_2_address0      |  out|   13|   ap_memory|      void_UpConv_Fused_Row_Bench_ap_uint_ap_uint_const_ap_uint_const_ap_uint_const_2|         array|
|void_UpConv_Fused_Row_Bench_ap_uint_ap_uint_const_ap_uint_const_ap_uint_const_2_ce0           |  out|    1|   ap_memory|      void_UpConv_Fused_Row_Bench_ap_uint_ap_uint_const_ap_uint_const_ap_uint_const_2|         array|
|void_UpConv_Fused_Row_Bench_ap_uint_ap_uint_const_ap_uint_const_ap_uint_const_2_q0            |   in|   16|   ap_memory|      void_UpConv_Fused_Row_Bench_ap_uint_ap_uint_const_ap_uint_const_ap_uint_const_2|         array|
|void_UpConv_Fused_Row_Bench_ap_uint_ap_uint_const_ap_uint_const_ap_uint_const_1_address0      |  out|   13|   ap_memory|      void_UpConv_Fused_Row_Bench_ap_uint_ap_uint_const_ap_uint_const_ap_uint_const_1|         array|
|void_UpConv_Fused_Row_Bench_ap_uint_ap_uint_const_ap_uint_const_ap_uint_const_1_ce0           |  out|    1|   ap_memory|      void_UpConv_Fused_Row_Bench_ap_uint_ap_uint_const_ap_uint_const_ap_uint_const_1|         array|
|void_UpConv_Fused_Row_Bench_ap_uint_ap_uint_const_ap_uint_const_ap_uint_const_1_q0            |   in|   16|   ap_memory|      void_UpConv_Fused_Row_Bench_ap_uint_ap_uint_const_ap_uint_const_ap_uint_const_1|         array|
|void_UpConv_Fused_Row_Bench_ap_uint_ap_uint_const_ap_uint_const_ap_uint_const_address0        |  out|   13|   ap_memory|        void_UpConv_Fused_Row_Bench_ap_uint_ap_uint_const_ap_uint_const_ap_uint_const|         array|
|void_UpConv_Fused_Row_Bench_ap_uint_ap_uint_const_ap_uint_const_ap_uint_const_ce0             |  out|    1|   ap_memory|        void_UpConv_Fused_Row_Bench_ap_uint_ap_uint_const_ap_uint_const_ap_uint_const|         array|
|void_UpConv_Fused_Row_Bench_ap_uint_ap_uint_const_ap_uint_const_ap_uint_const_q0              |   in|   16|   ap_memory|        void_UpConv_Fused_Row_Bench_ap_uint_ap_uint_const_ap_uint_const_ap_uint_const|         array|
|p_ZZ22UpConv_Fused_Row_BenchILi8EEvP7ap_uintILi256EEPKS1_S4_S4_S4_S2_DhiiiiiE7row_5_address0  |  out|   13|   ap_memory|  p_ZZ22UpConv_Fused_Row_BenchILi8EEvP7ap_uintILi256EEPKS1_S4_S4_S4_S2_DhiiiiiE7row_5|         array|
|p_ZZ22UpConv_Fused_Row_BenchILi8EEvP7ap_uintILi256EEPKS1_S4_S4_S4_S2_DhiiiiiE7row_5_ce0       |  out|    1|   ap_memory|  p_ZZ22UpConv_Fused_Row_BenchILi8EEvP7ap_uintILi256EEPKS1_S4_S4_S4_S2_DhiiiiiE7row_5|         array|
|p_ZZ22UpConv_Fused_Row_BenchILi8EEvP7ap_uintILi256EEPKS1_S4_S4_S4_S2_DhiiiiiE7row_5_q0        |   in|   16|   ap_memory|  p_ZZ22UpConv_Fused_Row_BenchILi8EEvP7ap_uintILi256EEPKS1_S4_S4_S4_S2_DhiiiiiE7row_5|         array|
|p_ZZ22UpConv_Fused_Row_BenchILi8EEvP7ap_uintILi256EEPKS1_S4_S4_S4_S2_DhiiiiiE7row_4_address0  |  out|   13|   ap_memory|  p_ZZ22UpConv_Fused_Row_BenchILi8EEvP7ap_uintILi256EEPKS1_S4_S4_S4_S2_DhiiiiiE7row_4|         array|
|p_ZZ22UpConv_Fused_Row_BenchILi8EEvP7ap_uintILi256EEPKS1_S4_S4_S4_S2_DhiiiiiE7row_4_ce0       |  out|    1|   ap_memory|  p_ZZ22UpConv_Fused_Row_BenchILi8EEvP7ap_uintILi256EEPKS1_S4_S4_S4_S2_DhiiiiiE7row_4|         array|
|p_ZZ22UpConv_Fused_Row_BenchILi8EEvP7ap_uintILi256EEPKS1_S4_S4_S4_S2_DhiiiiiE7row_4_q0        |   in|   16|   ap_memory|  p_ZZ22UpConv_Fused_Row_BenchILi8EEvP7ap_uintILi256EEPKS1_S4_S4_S4_S2_DhiiiiiE7row_4|         array|
|p_ZZ22UpConv_Fused_Row_BenchILi8EEvP7ap_uintILi256EEPKS1_S4_S4_S4_S2_DhiiiiiE7row_3_address0  |  out|   13|   ap_memory|  p_ZZ22UpConv_Fused_Row_BenchILi8EEvP7ap_uintILi256EEPKS1_S4_S4_S4_S2_DhiiiiiE7row_3|         array|
|p_ZZ22UpConv_Fused_Row_BenchILi8EEvP7ap_uintILi256EEPKS1_S4_S4_S4_S2_DhiiiiiE7row_3_ce0       |  out|    1|   ap_memory|  p_ZZ22UpConv_Fused_Row_BenchILi8EEvP7ap_uintILi256EEPKS1_S4_S4_S4_S2_DhiiiiiE7row_3|         array|
|p_ZZ22UpConv_Fused_Row_BenchILi8EEvP7ap_uintILi256EEPKS1_S4_S4_S4_S2_DhiiiiiE7row_3_q0        |   in|   16|   ap_memory|  p_ZZ22UpConv_Fused_Row_BenchILi8EEvP7ap_uintILi256EEPKS1_S4_S4_S4_S2_DhiiiiiE7row_3|         array|
|p_ZZ22UpConv_Fused_Row_BenchILi8EEvP7ap_uintILi256EEPKS1_S4_S4_S4_S2_DhiiiiiE7row_2_address0  |  out|   13|   ap_memory|  p_ZZ22UpConv_Fused_Row_BenchILi8EEvP7ap_uintILi256EEPKS1_S4_S4_S4_S2_DhiiiiiE7row_2|         array|
|p_ZZ22UpConv_Fused_Row_BenchILi8EEvP7ap_uintILi256EEPKS1_S4_S4_S4_S2_DhiiiiiE7row_2_ce0       |  out|    1|   ap_memory|  p_ZZ22UpConv_Fused_Row_BenchILi8EEvP7ap_uintILi256EEPKS1_S4_S4_S4_S2_DhiiiiiE7row_2|         array|
|p_ZZ22UpConv_Fused_Row_BenchILi8EEvP7ap_uintILi256EEPKS1_S4_S4_S4_S2_DhiiiiiE7row_2_q0        |   in|   16|   ap_memory|  p_ZZ22UpConv_Fused_Row_BenchILi8EEvP7ap_uintILi256EEPKS1_S4_S4_S4_S2_DhiiiiiE7row_2|         array|
|p_ZZ22UpConv_Fused_Row_BenchILi8EEvP7ap_uintILi256EEPKS1_S4_S4_S4_S2_DhiiiiiE7row_1_address0  |  out|   13|   ap_memory|  p_ZZ22UpConv_Fused_Row_BenchILi8EEvP7ap_uintILi256EEPKS1_S4_S4_S4_S2_DhiiiiiE7row_1|         array|
|p_ZZ22UpConv_Fused_Row_BenchILi8EEvP7ap_uintILi256EEPKS1_S4_S4_S4_S2_DhiiiiiE7row_1_ce0       |  out|    1|   ap_memory|  p_ZZ22UpConv_Fused_Row_BenchILi8EEvP7ap_uintILi256EEPKS1_S4_S4_S4_S2_DhiiiiiE7row_1|         array|
|p_ZZ22UpConv_Fused_Row_BenchILi8EEvP7ap_uintILi256EEPKS1_S4_S4_S4_S2_DhiiiiiE7row_1_q0        |   in|   16|   ap_memory|  p_ZZ22UpConv_Fused_Row_BenchILi8EEvP7ap_uintILi256EEPKS1_S4_S4_S4_S2_DhiiiiiE7row_1|         array|
|p_ZZ22UpConv_Fused_Row_BenchILi8EEvP7ap_uintILi256EEPKS1_S4_S4_S4_S2_DhiiiiiE7row_address0    |  out|   13|   ap_memory|    p_ZZ22UpConv_Fused_Row_BenchILi8EEvP7ap_uintILi256EEPKS1_S4_S4_S4_S2_DhiiiiiE7row|         array|
|p_ZZ22UpConv_Fused_Row_BenchILi8EEvP7ap_uintILi256EEPKS1_S4_S4_S4_S2_DhiiiiiE7row_ce0         |  out|    1|   ap_memory|    p_ZZ22UpConv_Fused_Row_BenchILi8EEvP7ap_uintILi256EEPKS1_S4_S4_S4_S2_DhiiiiiE7row|         array|
|p_ZZ22UpConv_Fused_Row_BenchILi8EEvP7ap_uintILi256EEPKS1_S4_S4_S4_S2_DhiiiiiE7row_q0          |   in|   16|   ap_memory|    p_ZZ22UpConv_Fused_Row_BenchILi8EEvP7ap_uintILi256EEPKS1_S4_S4_S4_S2_DhiiiiiE7row|         array|
+----------------------------------------------------------------------------------------------+-----+-----+------------+-------------------------------------------------------------------------------------+--------------+

