STT,Block Type,Block,Type,Layer Name,In Channels,Out Channels,Resolution (HxW),OFM,OFM_SIZE (byte),OFM_TYPE,IFM,IFM_SIZE (byte),IFM_TYPE,Weight Shape,Weight Params,Weight Size (Byte),kernel,padding,stride,Weight Storage DType,Weight Notes
1,__io_cast_in__,Hyperprior,Cast,__io_cast_in__/Hyperprior/Add_3_output_0,220,220,16x16,"[1, 220, 16, 16]",112640,float16,"[1, 220, 16, 16]",225280,float32,N/A,0,0,,,,N/A,
2,Generator,conv_block_init,Constant,/Generator/conv_block_init/conv_block_init.0/Constant,N/A,N/A,N/A,[1],8,int64,N/A,0,N/A,N/A,0,0,,,,N/A,
3,,,Constant,/Generator/conv_block_init/conv_block_init.0/Constant_1,N/A,N/A,N/A,[],2,float16,N/A,0,N/A,N/A,0,0,,,,N/A,
4,,,Constant,/Generator/conv_block_init/conv_block_init.0/Constant_2,N/A,N/A,N/A,[],2,float16,N/A,0,N/A,N/A,0,0,,,,N/A,
5,,,Constant,/Generator/conv_block_init/conv_block_init.0/Constant_3,N/A,N/A,N/A,[],2,float16,N/A,0,N/A,N/A,0,0,,,,N/A,
6,,,Constant,/Generator/conv_block_init/pre_pad/Constant,N/A,N/A,N/A,[1],8,int64,N/A,0,N/A,N/A,0,0,,,,N/A,
7,,,Constant,/Generator/conv_block_init/pre_pad/Constant_1,N/A,N/A,N/A,[4],32,int64,N/A,0,N/A,N/A,0,0,,,,N/A,
8,,,ConstantOfShape,/Generator/conv_block_init/pre_pad/ConstantOfShape,N/A,N/A,N/A,[4],32,int64,[1],8,int64,N/A,0,0,,,,N/A,
9,,,Concat,/Generator/conv_block_init/pre_pad/Concat,N/A,N/A,N/A,[8],64,int64,[4],32,int64,N/A,0,0,,,,N/A,
10,,,Constant,/Generator/conv_block_init/pre_pad/Constant_2,N/A,N/A,N/A,[2],16,int64,N/A,0,N/A,N/A,0,0,,,,N/A,
11,,,Reshape,/Generator/conv_block_init/pre_pad/Reshape,N/A,N/A,N/A,"[4, 2]",64,int64,[8],64,int64,N/A,0,0,,,,N/A,
12,,,Constant,/Generator/conv_block_init/pre_pad/Constant_3,N/A,N/A,N/A,[1],8,int64,N/A,0,N/A,N/A,0,0,,,,N/A,
13,,,Constant,/Generator/conv_block_init/pre_pad/Constant_4,N/A,N/A,N/A,[1],8,int64,N/A,0,N/A,N/A,0,0,,,,N/A,
14,,,Constant,/Generator/conv_block_init/pre_pad/Constant_5,N/A,N/A,N/A,[1],8,int64,N/A,0,N/A,N/A,0,0,,,,N/A,
15,,,Constant,/Generator/conv_block_init/pre_pad/Constant_6,N/A,N/A,N/A,[1],8,int64,N/A,0,N/A,N/A,0,0,,,,N/A,
16,,,Slice,/Generator/conv_block_init/pre_pad/Slice,N/A,N/A,N/A,"[4, 2]",64,int64,"[4, 2]",64,int64,N/A,0,0,,,,N/A,
17,,,Transpose,/Generator/conv_block_init/pre_pad/Transpose,N/A,N/A,N/A,"[2, 4]",64,int64,"[4, 2]",64,int64,N/A,0,0,,,,N/A,
18,,,Constant,/Generator/conv_block_init/pre_pad/Constant_7,N/A,N/A,N/A,[1],8,int64,N/A,0,N/A,N/A,0,0,,,,N/A,
19,,,Reshape,/Generator/conv_block_init/pre_pad/Reshape_1,N/A,N/A,N/A,[8],64,int64,"[2, 4]",64,int64,N/A,0,0,,,,N/A,
20,,,Cast,/Generator/conv_block_init/pre_pad/Cast,N/A,N/A,N/A,[8],64,int64,[8],64,int64,N/A,0,0,,,,N/A,
21,,,Constant,/Generator/conv_block_init/conv_block_init.3/Constant,N/A,N/A,N/A,[1],8,int64,N/A,0,N/A,N/A,0,0,,,,N/A,
22,,,Constant,/Generator/conv_block_init/conv_block_init.3/Constant_1,N/A,N/A,N/A,[],2,float16,N/A,0,N/A,N/A,0,0,,,,N/A,
23,,,Constant,/Generator/conv_block_init/conv_block_init.3/Constant_2,N/A,N/A,N/A,[],2,float16,N/A,0,N/A,N/A,0,0,,,,N/A,
24,,,Constant,/Generator/conv_block_init/conv_block_init.3/Constant_3,N/A,N/A,N/A,[],2,float16,N/A,0,N/A,N/A,0,0,,,,N/A,
25,,resblock_0,Constant,/Generator/resblock_0/pad/Constant,N/A,N/A,N/A,[1],8,int64,N/A,0,N/A,N/A,0,0,,,,N/A,
26,,,Constant,/Generator/resblock_0/pad/Constant_1,N/A,N/A,N/A,[4],32,int64,N/A,0,N/A,N/A,0,0,,,,N/A,
27,,,ConstantOfShape,/Generator/resblock_0/pad/ConstantOfShape,N/A,N/A,N/A,[4],32,int64,[1],8,int64,N/A,0,0,,,,N/A,
28,,,Concat,/Generator/resblock_0/pad/Concat,N/A,N/A,N/A,[8],64,int64,[4],32,int64,N/A,0,0,,,,N/A,
29,,,Constant,/Generator/resblock_0/pad/Constant_2,N/A,N/A,N/A,[2],16,int64,N/A,0,N/A,N/A,0,0,,,,N/A,
30,,,Reshape,/Generator/resblock_0/pad/Reshape,N/A,N/A,N/A,"[4, 2]",64,int64,[8],64,int64,N/A,0,0,,,,N/A,
31,,,Constant,/Generator/resblock_0/pad/Constant_3,N/A,N/A,N/A,[1],8,int64,N/A,0,N/A,N/A,0,0,,,,N/A,
32,,,Constant,/Generator/resblock_0/pad/Constant_4,N/A,N/A,N/A,[1],8,int64,N/A,0,N/A,N/A,0,0,,,,N/A,
33,,,Constant,/Generator/resblock_0/pad/Constant_5,N/A,N/A,N/A,[1],8,int64,N/A,0,N/A,N/A,0,0,,,,N/A,
34,,,Constant,/Generator/resblock_0/pad/Constant_6,N/A,N/A,N/A,[1],8,int64,N/A,0,N/A,N/A,0,0,,,,N/A,
35,,,Slice,/Generator/resblock_0/pad/Slice,N/A,N/A,N/A,"[4, 2]",64,int64,"[4, 2]",64,int64,N/A,0,0,,,,N/A,
36,,,Transpose,/Generator/resblock_0/pad/Transpose,N/A,N/A,N/A,"[2, 4]",64,int64,"[4, 2]",64,int64,N/A,0,0,,,,N/A,
37,,,Constant,/Generator/resblock_0/pad/Constant_7,N/A,N/A,N/A,[1],8,int64,N/A,0,N/A,N/A,0,0,,,,N/A,
38,,,Reshape,/Generator/resblock_0/pad/Reshape_1,N/A,N/A,N/A,[8],64,int64,"[2, 4]",64,int64,N/A,0,0,,,,N/A,
39,,,Cast,/Generator/resblock_0/pad/Cast,N/A,N/A,N/A,[8],64,int64,[8],64,int64,N/A,0,0,,,,N/A,
40,,,Constant,/Generator/resblock_0/norm1/Constant,N/A,N/A,N/A,[1],8,int64,N/A,0,N/A,N/A,0,0,,,,N/A,
41,,,Constant,/Generator/resblock_0/norm1/Constant_1,N/A,N/A,N/A,[],2,float16,N/A,0,N/A,N/A,0,0,,,,N/A,
42,,,Constant,/Generator/resblock_0/norm1/Constant_2,N/A,N/A,N/A,[],2,float16,N/A,0,N/A,N/A,0,0,,,,N/A,
43,,,Constant,/Generator/resblock_0/norm1/Constant_3,N/A,N/A,N/A,[],2,float16,N/A,0,N/A,N/A,0,0,,,,N/A,
44,,,Constant,/Generator/resblock_0/pad_1/Constant,N/A,N/A,N/A,[1],8,int64,N/A,0,N/A,N/A,0,0,,,,N/A,
45,,,Constant,/Generator/resblock_0/pad_1/Constant_1,N/A,N/A,N/A,[4],32,int64,N/A,0,N/A,N/A,0,0,,,,N/A,
46,,,ConstantOfShape,/Generator/resblock_0/pad_1/ConstantOfShape,N/A,N/A,N/A,[4],32,int64,[1],8,int64,N/A,0,0,,,,N/A,
47,,,Concat,/Generator/resblock_0/pad_1/Concat,N/A,N/A,N/A,[8],64,int64,[4],32,int64,N/A,0,0,,,,N/A,
48,,,Constant,/Generator/resblock_0/pad_1/Constant_2,N/A,N/A,N/A,[2],16,int64,N/A,0,N/A,N/A,0,0,,,,N/A,
49,,,Reshape,/Generator/resblock_0/pad_1/Reshape,N/A,N/A,N/A,"[4, 2]",64,int64,[8],64,int64,N/A,0,0,,,,N/A,
50,,,Constant,/Generator/resblock_0/pad_1/Constant_3,N/A,N/A,N/A,[1],8,int64,N/A,0,N/A,N/A,0,0,,,,N/A,
51,,,Constant,/Generator/resblock_0/pad_1/Constant_4,N/A,N/A,N/A,[1],8,int64,N/A,0,N/A,N/A,0,0,,,,N/A,
52,,,Constant,/Generator/resblock_0/pad_1/Constant_5,N/A,N/A,N/A,[1],8,int64,N/A,0,N/A,N/A,0,0,,,,N/A,
53,,,Constant,/Generator/resblock_0/pad_1/Constant_6,N/A,N/A,N/A,[1],8,int64,N/A,0,N/A,N/A,0,0,,,,N/A,
54,,,Slice,/Generator/resblock_0/pad_1/Slice,N/A,N/A,N/A,"[4, 2]",64,int64,"[4, 2]",64,int64,N/A,0,0,,,,N/A,
55,,,Transpose,/Generator/resblock_0/pad_1/Transpose,N/A,N/A,N/A,"[2, 4]",64,int64,"[4, 2]",64,int64,N/A,0,0,,,,N/A,
56,,,Constant,/Generator/resblock_0/pad_1/Constant_7,N/A,N/A,N/A,[1],8,int64,N/A,0,N/A,N/A,0,0,,,,N/A,
57,,,Reshape,/Generator/resblock_0/pad_1/Reshape_1,N/A,N/A,N/A,[8],64,int64,"[2, 4]",64,int64,N/A,0,0,,,,N/A,
58,,,Cast,/Generator/resblock_0/pad_1/Cast,N/A,N/A,N/A,[8],64,int64,[8],64,int64,N/A,0,0,,,,N/A,
59,,,Constant,/Generator/resblock_0/norm2/Constant,N/A,N/A,N/A,[1],8,int64,N/A,0,N/A,N/A,0,0,,,,N/A,
60,,,Constant,/Generator/resblock_0/norm2/Constant_1,N/A,N/A,N/A,[],2,float16,N/A,0,N/A,N/A,0,0,,,,N/A,
61,,,Constant,/Generator/resblock_0/norm2/Constant_2,N/A,N/A,N/A,[],2,float16,N/A,0,N/A,N/A,0,0,,,,N/A,
62,,,Constant,/Generator/resblock_0/norm2/Constant_3,N/A,N/A,N/A,[],2,float16,N/A,0,N/A,N/A,0,0,,,,N/A,
63,,resblock_1,Constant,/Generator/resblock_1/pad/Constant,N/A,N/A,N/A,[1],8,int64,N/A,0,N/A,N/A,0,0,,,,N/A,
64,,,Constant,/Generator/resblock_1/pad/Constant_1,N/A,N/A,N/A,[4],32,int64,N/A,0,N/A,N/A,0,0,,,,N/A,
65,,,ConstantOfShape,/Generator/resblock_1/pad/ConstantOfShape,N/A,N/A,N/A,[4],32,int64,[1],8,int64,N/A,0,0,,,,N/A,
66,,,Concat,/Generator/resblock_1/pad/Concat,N/A,N/A,N/A,[8],64,int64,[4],32,int64,N/A,0,0,,,,N/A,
67,,,Constant,/Generator/resblock_1/pad/Constant_2,N/A,N/A,N/A,[2],16,int64,N/A,0,N/A,N/A,0,0,,,,N/A,
68,,,Reshape,/Generator/resblock_1/pad/Reshape,N/A,N/A,N/A,"[4, 2]",64,int64,[8],64,int64,N/A,0,0,,,,N/A,
69,,,Constant,/Generator/resblock_1/pad/Constant_3,N/A,N/A,N/A,[1],8,int64,N/A,0,N/A,N/A,0,0,,,,N/A,
70,,,Constant,/Generator/resblock_1/pad/Constant_4,N/A,N/A,N/A,[1],8,int64,N/A,0,N/A,N/A,0,0,,,,N/A,
71,,,Constant,/Generator/resblock_1/pad/Constant_5,N/A,N/A,N/A,[1],8,int64,N/A,0,N/A,N/A,0,0,,,,N/A,
72,,,Constant,/Generator/resblock_1/pad/Constant_6,N/A,N/A,N/A,[1],8,int64,N/A,0,N/A,N/A,0,0,,,,N/A,
73,,,Slice,/Generator/resblock_1/pad/Slice,N/A,N/A,N/A,"[4, 2]",64,int64,"[4, 2]",64,int64,N/A,0,0,,,,N/A,
74,,,Transpose,/Generator/resblock_1/pad/Transpose,N/A,N/A,N/A,"[2, 4]",64,int64,"[4, 2]",64,int64,N/A,0,0,,,,N/A,
75,,,Constant,/Generator/resblock_1/pad/Constant_7,N/A,N/A,N/A,[1],8,int64,N/A,0,N/A,N/A,0,0,,,,N/A,
76,,,Reshape,/Generator/resblock_1/pad/Reshape_1,N/A,N/A,N/A,[8],64,int64,"[2, 4]",64,int64,N/A,0,0,,,,N/A,
77,,,Cast,/Generator/resblock_1/pad/Cast,N/A,N/A,N/A,[8],64,int64,[8],64,int64,N/A,0,0,,,,N/A,
78,,,Constant,/Generator/resblock_1/norm1/Constant,N/A,N/A,N/A,[1],8,int64,N/A,0,N/A,N/A,0,0,,,,N/A,
79,,,Constant,/Generator/resblock_1/norm1/Constant_1,N/A,N/A,N/A,[],2,float16,N/A,0,N/A,N/A,0,0,,,,N/A,
80,,,Constant,/Generator/resblock_1/norm1/Constant_2,N/A,N/A,N/A,[],2,float16,N/A,0,N/A,N/A,0,0,,,,N/A,
81,,,Constant,/Generator/resblock_1/norm1/Constant_3,N/A,N/A,N/A,[],2,float16,N/A,0,N/A,N/A,0,0,,,,N/A,
82,,,Constant,/Generator/resblock_1/pad_1/Constant,N/A,N/A,N/A,[1],8,int64,N/A,0,N/A,N/A,0,0,,,,N/A,
83,,,Constant,/Generator/resblock_1/pad_1/Constant_1,N/A,N/A,N/A,[4],32,int64,N/A,0,N/A,N/A,0,0,,,,N/A,
84,,,ConstantOfShape,/Generator/resblock_1/pad_1/ConstantOfShape,N/A,N/A,N/A,[4],32,int64,[1],8,int64,N/A,0,0,,,,N/A,
85,,,Concat,/Generator/resblock_1/pad_1/Concat,N/A,N/A,N/A,[8],64,int64,[4],32,int64,N/A,0,0,,,,N/A,
86,,,Constant,/Generator/resblock_1/pad_1/Constant_2,N/A,N/A,N/A,[2],16,int64,N/A,0,N/A,N/A,0,0,,,,N/A,
87,,,Reshape,/Generator/resblock_1/pad_1/Reshape,N/A,N/A,N/A,"[4, 2]",64,int64,[8],64,int64,N/A,0,0,,,,N/A,
88,,,Constant,/Generator/resblock_1/pad_1/Constant_3,N/A,N/A,N/A,[1],8,int64,N/A,0,N/A,N/A,0,0,,,,N/A,
89,,,Constant,/Generator/resblock_1/pad_1/Constant_4,N/A,N/A,N/A,[1],8,int64,N/A,0,N/A,N/A,0,0,,,,N/A,
90,,,Constant,/Generator/resblock_1/pad_1/Constant_5,N/A,N/A,N/A,[1],8,int64,N/A,0,N/A,N/A,0,0,,,,N/A,
91,,,Constant,/Generator/resblock_1/pad_1/Constant_6,N/A,N/A,N/A,[1],8,int64,N/A,0,N/A,N/A,0,0,,,,N/A,
92,,,Slice,/Generator/resblock_1/pad_1/Slice,N/A,N/A,N/A,"[4, 2]",64,int64,"[4, 2]",64,int64,N/A,0,0,,,,N/A,
93,,,Transpose,/Generator/resblock_1/pad_1/Transpose,N/A,N/A,N/A,"[2, 4]",64,int64,"[4, 2]",64,int64,N/A,0,0,,,,N/A,
94,,,Constant,/Generator/resblock_1/pad_1/Constant_7,N/A,N/A,N/A,[1],8,int64,N/A,0,N/A,N/A,0,0,,,,N/A,
95,,,Reshape,/Generator/resblock_1/pad_1/Reshape_1,N/A,N/A,N/A,[8],64,int64,"[2, 4]",64,int64,N/A,0,0,,,,N/A,
96,,,Cast,/Generator/resblock_1/pad_1/Cast,N/A,N/A,N/A,[8],64,int64,[8],64,int64,N/A,0,0,,,,N/A,
97,,,Constant,/Generator/resblock_1/norm2/Constant,N/A,N/A,N/A,[1],8,int64,N/A,0,N/A,N/A,0,0,,,,N/A,
98,,,Constant,/Generator/resblock_1/norm2/Constant_1,N/A,N/A,N/A,[],2,float16,N/A,0,N/A,N/A,0,0,,,,N/A,
99,,,Constant,/Generator/resblock_1/norm2/Constant_2,N/A,N/A,N/A,[],2,float16,N/A,0,N/A,N/A,0,0,,,,N/A,
100,,,Constant,/Generator/resblock_1/norm2/Constant_3,N/A,N/A,N/A,[],2,float16,N/A,0,N/A,N/A,0,0,,,,N/A,
101,,resblock_2,Constant,/Generator/resblock_2/pad/Constant,N/A,N/A,N/A,[1],8,int64,N/A,0,N/A,N/A,0,0,,,,N/A,
102,,,Constant,/Generator/resblock_2/pad/Constant_1,N/A,N/A,N/A,[4],32,int64,N/A,0,N/A,N/A,0,0,,,,N/A,
103,,,ConstantOfShape,/Generator/resblock_2/pad/ConstantOfShape,N/A,N/A,N/A,[4],32,int64,[1],8,int64,N/A,0,0,,,,N/A,
104,,,Concat,/Generator/resblock_2/pad/Concat,N/A,N/A,N/A,[8],64,int64,[4],32,int64,N/A,0,0,,,,N/A,
105,,,Constant,/Generator/resblock_2/pad/Constant_2,N/A,N/A,N/A,[2],16,int64,N/A,0,N/A,N/A,0,0,,,,N/A,
106,,,Reshape,/Generator/resblock_2/pad/Reshape,N/A,N/A,N/A,"[4, 2]",64,int64,[8],64,int64,N/A,0,0,,,,N/A,
107,,,Constant,/Generator/resblock_2/pad/Constant_3,N/A,N/A,N/A,[1],8,int64,N/A,0,N/A,N/A,0,0,,,,N/A,
108,,,Constant,/Generator/resblock_2/pad/Constant_4,N/A,N/A,N/A,[1],8,int64,N/A,0,N/A,N/A,0,0,,,,N/A,
109,,,Constant,/Generator/resblock_2/pad/Constant_5,N/A,N/A,N/A,[1],8,int64,N/A,0,N/A,N/A,0,0,,,,N/A,
110,,,Constant,/Generator/resblock_2/pad/Constant_6,N/A,N/A,N/A,[1],8,int64,N/A,0,N/A,N/A,0,0,,,,N/A,
111,,,Slice,/Generator/resblock_2/pad/Slice,N/A,N/A,N/A,"[4, 2]",64,int64,"[4, 2]",64,int64,N/A,0,0,,,,N/A,
112,,,Transpose,/Generator/resblock_2/pad/Transpose,N/A,N/A,N/A,"[2, 4]",64,int64,"[4, 2]",64,int64,N/A,0,0,,,,N/A,
113,,,Constant,/Generator/resblock_2/pad/Constant_7,N/A,N/A,N/A,[1],8,int64,N/A,0,N/A,N/A,0,0,,,,N/A,
114,,,Reshape,/Generator/resblock_2/pad/Reshape_1,N/A,N/A,N/A,[8],64,int64,"[2, 4]",64,int64,N/A,0,0,,,,N/A,
115,,,Cast,/Generator/resblock_2/pad/Cast,N/A,N/A,N/A,[8],64,int64,[8],64,int64,N/A,0,0,,,,N/A,
116,,,Constant,/Generator/resblock_2/norm1/Constant,N/A,N/A,N/A,[1],8,int64,N/A,0,N/A,N/A,0,0,,,,N/A,
117,,,Constant,/Generator/resblock_2/norm1/Constant_1,N/A,N/A,N/A,[],2,float16,N/A,0,N/A,N/A,0,0,,,,N/A,
118,,,Constant,/Generator/resblock_2/norm1/Constant_2,N/A,N/A,N/A,[],2,float16,N/A,0,N/A,N/A,0,0,,,,N/A,
119,,,Constant,/Generator/resblock_2/norm1/Constant_3,N/A,N/A,N/A,[],2,float16,N/A,0,N/A,N/A,0,0,,,,N/A,
120,,,Constant,/Generator/resblock_2/pad_1/Constant,N/A,N/A,N/A,[1],8,int64,N/A,0,N/A,N/A,0,0,,,,N/A,
121,,,Constant,/Generator/resblock_2/pad_1/Constant_1,N/A,N/A,N/A,[4],32,int64,N/A,0,N/A,N/A,0,0,,,,N/A,
122,,,ConstantOfShape,/Generator/resblock_2/pad_1/ConstantOfShape,N/A,N/A,N/A,[4],32,int64,[1],8,int64,N/A,0,0,,,,N/A,
123,,,Concat,/Generator/resblock_2/pad_1/Concat,N/A,N/A,N/A,[8],64,int64,[4],32,int64,N/A,0,0,,,,N/A,
124,,,Constant,/Generator/resblock_2/pad_1/Constant_2,N/A,N/A,N/A,[2],16,int64,N/A,0,N/A,N/A,0,0,,,,N/A,
125,,,Reshape,/Generator/resblock_2/pad_1/Reshape,N/A,N/A,N/A,"[4, 2]",64,int64,[8],64,int64,N/A,0,0,,,,N/A,
126,,,Constant,/Generator/resblock_2/pad_1/Constant_3,N/A,N/A,N/A,[1],8,int64,N/A,0,N/A,N/A,0,0,,,,N/A,
127,,,Constant,/Generator/resblock_2/pad_1/Constant_4,N/A,N/A,N/A,[1],8,int64,N/A,0,N/A,N/A,0,0,,,,N/A,
128,,,Constant,/Generator/resblock_2/pad_1/Constant_5,N/A,N/A,N/A,[1],8,int64,N/A,0,N/A,N/A,0,0,,,,N/A,
129,,,Constant,/Generator/resblock_2/pad_1/Constant_6,N/A,N/A,N/A,[1],8,int64,N/A,0,N/A,N/A,0,0,,,,N/A,
130,,,Slice,/Generator/resblock_2/pad_1/Slice,N/A,N/A,N/A,"[4, 2]",64,int64,"[4, 2]",64,int64,N/A,0,0,,,,N/A,
131,,,Transpose,/Generator/resblock_2/pad_1/Transpose,N/A,N/A,N/A,"[2, 4]",64,int64,"[4, 2]",64,int64,N/A,0,0,,,,N/A,
132,,,Constant,/Generator/resblock_2/pad_1/Constant_7,N/A,N/A,N/A,[1],8,int64,N/A,0,N/A,N/A,0,0,,,,N/A,
133,,,Reshape,/Generator/resblock_2/pad_1/Reshape_1,N/A,N/A,N/A,[8],64,int64,"[2, 4]",64,int64,N/A,0,0,,,,N/A,
134,,,Cast,/Generator/resblock_2/pad_1/Cast,N/A,N/A,N/A,[8],64,int64,[8],64,int64,N/A,0,0,,,,N/A,
135,,,Constant,/Generator/resblock_2/norm2/Constant,N/A,N/A,N/A,[1],8,int64,N/A,0,N/A,N/A,0,0,,,,N/A,
136,,,Constant,/Generator/resblock_2/norm2/Constant_1,N/A,N/A,N/A,[],2,float16,N/A,0,N/A,N/A,0,0,,,,N/A,
137,,,Constant,/Generator/resblock_2/norm2/Constant_2,N/A,N/A,N/A,[],2,float16,N/A,0,N/A,N/A,0,0,,,,N/A,
138,,,Constant,/Generator/resblock_2/norm2/Constant_3,N/A,N/A,N/A,[],2,float16,N/A,0,N/A,N/A,0,0,,,,N/A,
139,,resblock_3,Constant,/Generator/resblock_3/pad/Constant,N/A,N/A,N/A,[1],8,int64,N/A,0,N/A,N/A,0,0,,,,N/A,
140,,,Constant,/Generator/resblock_3/pad/Constant_1,N/A,N/A,N/A,[4],32,int64,N/A,0,N/A,N/A,0,0,,,,N/A,
141,,,ConstantOfShape,/Generator/resblock_3/pad/ConstantOfShape,N/A,N/A,N/A,[4],32,int64,[1],8,int64,N/A,0,0,,,,N/A,
142,,,Concat,/Generator/resblock_3/pad/Concat,N/A,N/A,N/A,[8],64,int64,[4],32,int64,N/A,0,0,,,,N/A,
143,,,Constant,/Generator/resblock_3/pad/Constant_2,N/A,N/A,N/A,[2],16,int64,N/A,0,N/A,N/A,0,0,,,,N/A,
144,,,Reshape,/Generator/resblock_3/pad/Reshape,N/A,N/A,N/A,"[4, 2]",64,int64,[8],64,int64,N/A,0,0,,,,N/A,
145,,,Constant,/Generator/resblock_3/pad/Constant_3,N/A,N/A,N/A,[1],8,int64,N/A,0,N/A,N/A,0,0,,,,N/A,
146,,,Constant,/Generator/resblock_3/pad/Constant_4,N/A,N/A,N/A,[1],8,int64,N/A,0,N/A,N/A,0,0,,,,N/A,
147,,,Constant,/Generator/resblock_3/pad/Constant_5,N/A,N/A,N/A,[1],8,int64,N/A,0,N/A,N/A,0,0,,,,N/A,
148,,,Constant,/Generator/resblock_3/pad/Constant_6,N/A,N/A,N/A,[1],8,int64,N/A,0,N/A,N/A,0,0,,,,N/A,
149,,,Slice,/Generator/resblock_3/pad/Slice,N/A,N/A,N/A,"[4, 2]",64,int64,"[4, 2]",64,int64,N/A,0,0,,,,N/A,
150,,,Transpose,/Generator/resblock_3/pad/Transpose,N/A,N/A,N/A,"[2, 4]",64,int64,"[4, 2]",64,int64,N/A,0,0,,,,N/A,
151,,,Constant,/Generator/resblock_3/pad/Constant_7,N/A,N/A,N/A,[1],8,int64,N/A,0,N/A,N/A,0,0,,,,N/A,
152,,,Reshape,/Generator/resblock_3/pad/Reshape_1,N/A,N/A,N/A,[8],64,int64,"[2, 4]",64,int64,N/A,0,0,,,,N/A,
153,,,Cast,/Generator/resblock_3/pad/Cast,N/A,N/A,N/A,[8],64,int64,[8],64,int64,N/A,0,0,,,,N/A,
154,,,Constant,/Generator/resblock_3/norm1/Constant,N/A,N/A,N/A,[1],8,int64,N/A,0,N/A,N/A,0,0,,,,N/A,
155,,,Constant,/Generator/resblock_3/norm1/Constant_1,N/A,N/A,N/A,[],2,float16,N/A,0,N/A,N/A,0,0,,,,N/A,
156,,,Constant,/Generator/resblock_3/norm1/Constant_2,N/A,N/A,N/A,[],2,float16,N/A,0,N/A,N/A,0,0,,,,N/A,
157,,,Constant,/Generator/resblock_3/norm1/Constant_3,N/A,N/A,N/A,[],2,float16,N/A,0,N/A,N/A,0,0,,,,N/A,
158,,,Constant,/Generator/resblock_3/pad_1/Constant,N/A,N/A,N/A,[1],8,int64,N/A,0,N/A,N/A,0,0,,,,N/A,
159,,,Constant,/Generator/resblock_3/pad_1/Constant_1,N/A,N/A,N/A,[4],32,int64,N/A,0,N/A,N/A,0,0,,,,N/A,
160,,,ConstantOfShape,/Generator/resblock_3/pad_1/ConstantOfShape,N/A,N/A,N/A,[4],32,int64,[1],8,int64,N/A,0,0,,,,N/A,
161,,,Concat,/Generator/resblock_3/pad_1/Concat,N/A,N/A,N/A,[8],64,int64,[4],32,int64,N/A,0,0,,,,N/A,
162,,,Constant,/Generator/resblock_3/pad_1/Constant_2,N/A,N/A,N/A,[2],16,int64,N/A,0,N/A,N/A,0,0,,,,N/A,
163,,,Reshape,/Generator/resblock_3/pad_1/Reshape,N/A,N/A,N/A,"[4, 2]",64,int64,[8],64,int64,N/A,0,0,,,,N/A,
164,,,Constant,/Generator/resblock_3/pad_1/Constant_3,N/A,N/A,N/A,[1],8,int64,N/A,0,N/A,N/A,0,0,,,,N/A,
165,,,Constant,/Generator/resblock_3/pad_1/Constant_4,N/A,N/A,N/A,[1],8,int64,N/A,0,N/A,N/A,0,0,,,,N/A,
166,,,Constant,/Generator/resblock_3/pad_1/Constant_5,N/A,N/A,N/A,[1],8,int64,N/A,0,N/A,N/A,0,0,,,,N/A,
167,,,Constant,/Generator/resblock_3/pad_1/Constant_6,N/A,N/A,N/A,[1],8,int64,N/A,0,N/A,N/A,0,0,,,,N/A,
168,,,Slice,/Generator/resblock_3/pad_1/Slice,N/A,N/A,N/A,"[4, 2]",64,int64,"[4, 2]",64,int64,N/A,0,0,,,,N/A,
169,,,Transpose,/Generator/resblock_3/pad_1/Transpose,N/A,N/A,N/A,"[2, 4]",64,int64,"[4, 2]",64,int64,N/A,0,0,,,,N/A,
170,,,Constant,/Generator/resblock_3/pad_1/Constant_7,N/A,N/A,N/A,[1],8,int64,N/A,0,N/A,N/A,0,0,,,,N/A,
171,,,Reshape,/Generator/resblock_3/pad_1/Reshape_1,N/A,N/A,N/A,[8],64,int64,"[2, 4]",64,int64,N/A,0,0,,,,N/A,
172,,,Cast,/Generator/resblock_3/pad_1/Cast,N/A,N/A,N/A,[8],64,int64,[8],64,int64,N/A,0,0,,,,N/A,
173,,,Constant,/Generator/resblock_3/norm2/Constant,N/A,N/A,N/A,[1],8,int64,N/A,0,N/A,N/A,0,0,,,,N/A,
174,,,Constant,/Generator/resblock_3/norm2/Constant_1,N/A,N/A,N/A,[],2,float16,N/A,0,N/A,N/A,0,0,,,,N/A,
175,,,Constant,/Generator/resblock_3/norm2/Constant_2,N/A,N/A,N/A,[],2,float16,N/A,0,N/A,N/A,0,0,,,,N/A,
176,,,Constant,/Generator/resblock_3/norm2/Constant_3,N/A,N/A,N/A,[],2,float16,N/A,0,N/A,N/A,0,0,,,,N/A,
177,,resblock_4,Constant,/Generator/resblock_4/pad/Constant,N/A,N/A,N/A,[1],8,int64,N/A,0,N/A,N/A,0,0,,,,N/A,
178,,,Constant,/Generator/resblock_4/pad/Constant_1,N/A,N/A,N/A,[4],32,int64,N/A,0,N/A,N/A,0,0,,,,N/A,
179,,,ConstantOfShape,/Generator/resblock_4/pad/ConstantOfShape,N/A,N/A,N/A,[4],32,int64,[1],8,int64,N/A,0,0,,,,N/A,
180,,,Concat,/Generator/resblock_4/pad/Concat,N/A,N/A,N/A,[8],64,int64,[4],32,int64,N/A,0,0,,,,N/A,
181,,,Constant,/Generator/resblock_4/pad/Constant_2,N/A,N/A,N/A,[2],16,int64,N/A,0,N/A,N/A,0,0,,,,N/A,
182,,,Reshape,/Generator/resblock_4/pad/Reshape,N/A,N/A,N/A,"[4, 2]",64,int64,[8],64,int64,N/A,0,0,,,,N/A,
183,,,Constant,/Generator/resblock_4/pad/Constant_3,N/A,N/A,N/A,[1],8,int64,N/A,0,N/A,N/A,0,0,,,,N/A,
184,,,Constant,/Generator/resblock_4/pad/Constant_4,N/A,N/A,N/A,[1],8,int64,N/A,0,N/A,N/A,0,0,,,,N/A,
185,,,Constant,/Generator/resblock_4/pad/Constant_5,N/A,N/A,N/A,[1],8,int64,N/A,0,N/A,N/A,0,0,,,,N/A,
186,,,Constant,/Generator/resblock_4/pad/Constant_6,N/A,N/A,N/A,[1],8,int64,N/A,0,N/A,N/A,0,0,,,,N/A,
187,,,Slice,/Generator/resblock_4/pad/Slice,N/A,N/A,N/A,"[4, 2]",64,int64,"[4, 2]",64,int64,N/A,0,0,,,,N/A,
188,,,Transpose,/Generator/resblock_4/pad/Transpose,N/A,N/A,N/A,"[2, 4]",64,int64,"[4, 2]",64,int64,N/A,0,0,,,,N/A,
189,,,Constant,/Generator/resblock_4/pad/Constant_7,N/A,N/A,N/A,[1],8,int64,N/A,0,N/A,N/A,0,0,,,,N/A,
190,,,Reshape,/Generator/resblock_4/pad/Reshape_1,N/A,N/A,N/A,[8],64,int64,"[2, 4]",64,int64,N/A,0,0,,,,N/A,
191,,,Cast,/Generator/resblock_4/pad/Cast,N/A,N/A,N/A,[8],64,int64,[8],64,int64,N/A,0,0,,,,N/A,
192,,,Constant,/Generator/resblock_4/norm1/Constant,N/A,N/A,N/A,[1],8,int64,N/A,0,N/A,N/A,0,0,,,,N/A,
193,,,Constant,/Generator/resblock_4/norm1/Constant_1,N/A,N/A,N/A,[],2,float16,N/A,0,N/A,N/A,0,0,,,,N/A,
194,,,Constant,/Generator/resblock_4/norm1/Constant_2,N/A,N/A,N/A,[],2,float16,N/A,0,N/A,N/A,0,0,,,,N/A,
195,,,Constant,/Generator/resblock_4/norm1/Constant_3,N/A,N/A,N/A,[],2,float16,N/A,0,N/A,N/A,0,0,,,,N/A,
196,,,Constant,/Generator/resblock_4/pad_1/Constant,N/A,N/A,N/A,[1],8,int64,N/A,0,N/A,N/A,0,0,,,,N/A,
197,,,Constant,/Generator/resblock_4/pad_1/Constant_1,N/A,N/A,N/A,[4],32,int64,N/A,0,N/A,N/A,0,0,,,,N/A,
198,,,ConstantOfShape,/Generator/resblock_4/pad_1/ConstantOfShape,N/A,N/A,N/A,[4],32,int64,[1],8,int64,N/A,0,0,,,,N/A,
199,,,Concat,/Generator/resblock_4/pad_1/Concat,N/A,N/A,N/A,[8],64,int64,[4],32,int64,N/A,0,0,,,,N/A,
200,,,Constant,/Generator/resblock_4/pad_1/Constant_2,N/A,N/A,N/A,[2],16,int64,N/A,0,N/A,N/A,0,0,,,,N/A,
201,,,Reshape,/Generator/resblock_4/pad_1/Reshape,N/A,N/A,N/A,"[4, 2]",64,int64,[8],64,int64,N/A,0,0,,,,N/A,
202,,,Constant,/Generator/resblock_4/pad_1/Constant_3,N/A,N/A,N/A,[1],8,int64,N/A,0,N/A,N/A,0,0,,,,N/A,
203,,,Constant,/Generator/resblock_4/pad_1/Constant_4,N/A,N/A,N/A,[1],8,int64,N/A,0,N/A,N/A,0,0,,,,N/A,
204,,,Constant,/Generator/resblock_4/pad_1/Constant_5,N/A,N/A,N/A,[1],8,int64,N/A,0,N/A,N/A,0,0,,,,N/A,
205,,,Constant,/Generator/resblock_4/pad_1/Constant_6,N/A,N/A,N/A,[1],8,int64,N/A,0,N/A,N/A,0,0,,,,N/A,
206,,,Slice,/Generator/resblock_4/pad_1/Slice,N/A,N/A,N/A,"[4, 2]",64,int64,"[4, 2]",64,int64,N/A,0,0,,,,N/A,
207,,,Transpose,/Generator/resblock_4/pad_1/Transpose,N/A,N/A,N/A,"[2, 4]",64,int64,"[4, 2]",64,int64,N/A,0,0,,,,N/A,
208,,,Constant,/Generator/resblock_4/pad_1/Constant_7,N/A,N/A,N/A,[1],8,int64,N/A,0,N/A,N/A,0,0,,,,N/A,
209,,,Reshape,/Generator/resblock_4/pad_1/Reshape_1,N/A,N/A,N/A,[8],64,int64,"[2, 4]",64,int64,N/A,0,0,,,,N/A,
210,,,Cast,/Generator/resblock_4/pad_1/Cast,N/A,N/A,N/A,[8],64,int64,[8],64,int64,N/A,0,0,,,,N/A,
211,,,Constant,/Generator/resblock_4/norm2/Constant,N/A,N/A,N/A,[1],8,int64,N/A,0,N/A,N/A,0,0,,,,N/A,
212,,,Constant,/Generator/resblock_4/norm2/Constant_1,N/A,N/A,N/A,[],2,float16,N/A,0,N/A,N/A,0,0,,,,N/A,
213,,,Constant,/Generator/resblock_4/norm2/Constant_2,N/A,N/A,N/A,[],2,float16,N/A,0,N/A,N/A,0,0,,,,N/A,
214,,,Constant,/Generator/resblock_4/norm2/Constant_3,N/A,N/A,N/A,[],2,float16,N/A,0,N/A,N/A,0,0,,,,N/A,
215,,resblock_5,Constant,/Generator/resblock_5/pad/Constant,N/A,N/A,N/A,[1],8,int64,N/A,0,N/A,N/A,0,0,,,,N/A,
216,,,Constant,/Generator/resblock_5/pad/Constant_1,N/A,N/A,N/A,[4],32,int64,N/A,0,N/A,N/A,0,0,,,,N/A,
217,,,ConstantOfShape,/Generator/resblock_5/pad/ConstantOfShape,N/A,N/A,N/A,[4],32,int64,[1],8,int64,N/A,0,0,,,,N/A,
218,,,Concat,/Generator/resblock_5/pad/Concat,N/A,N/A,N/A,[8],64,int64,[4],32,int64,N/A,0,0,,,,N/A,
219,,,Constant,/Generator/resblock_5/pad/Constant_2,N/A,N/A,N/A,[2],16,int64,N/A,0,N/A,N/A,0,0,,,,N/A,
220,,,Reshape,/Generator/resblock_5/pad/Reshape,N/A,N/A,N/A,"[4, 2]",64,int64,[8],64,int64,N/A,0,0,,,,N/A,
221,,,Constant,/Generator/resblock_5/pad/Constant_3,N/A,N/A,N/A,[1],8,int64,N/A,0,N/A,N/A,0,0,,,,N/A,
222,,,Constant,/Generator/resblock_5/pad/Constant_4,N/A,N/A,N/A,[1],8,int64,N/A,0,N/A,N/A,0,0,,,,N/A,
223,,,Constant,/Generator/resblock_5/pad/Constant_5,N/A,N/A,N/A,[1],8,int64,N/A,0,N/A,N/A,0,0,,,,N/A,
224,,,Constant,/Generator/resblock_5/pad/Constant_6,N/A,N/A,N/A,[1],8,int64,N/A,0,N/A,N/A,0,0,,,,N/A,
225,,,Slice,/Generator/resblock_5/pad/Slice,N/A,N/A,N/A,"[4, 2]",64,int64,"[4, 2]",64,int64,N/A,0,0,,,,N/A,
226,,,Transpose,/Generator/resblock_5/pad/Transpose,N/A,N/A,N/A,"[2, 4]",64,int64,"[4, 2]",64,int64,N/A,0,0,,,,N/A,
227,,,Constant,/Generator/resblock_5/pad/Constant_7,N/A,N/A,N/A,[1],8,int64,N/A,0,N/A,N/A,0,0,,,,N/A,
228,,,Reshape,/Generator/resblock_5/pad/Reshape_1,N/A,N/A,N/A,[8],64,int64,"[2, 4]",64,int64,N/A,0,0,,,,N/A,
229,,,Cast,/Generator/resblock_5/pad/Cast,N/A,N/A,N/A,[8],64,int64,[8],64,int64,N/A,0,0,,,,N/A,
230,,,Constant,/Generator/resblock_5/norm1/Constant,N/A,N/A,N/A,[1],8,int64,N/A,0,N/A,N/A,0,0,,,,N/A,
231,,,Constant,/Generator/resblock_5/norm1/Constant_1,N/A,N/A,N/A,[],2,float16,N/A,0,N/A,N/A,0,0,,,,N/A,
232,,,Constant,/Generator/resblock_5/norm1/Constant_2,N/A,N/A,N/A,[],2,float16,N/A,0,N/A,N/A,0,0,,,,N/A,
233,,,Constant,/Generator/resblock_5/norm1/Constant_3,N/A,N/A,N/A,[],2,float16,N/A,0,N/A,N/A,0,0,,,,N/A,
234,,,Constant,/Generator/resblock_5/pad_1/Constant,N/A,N/A,N/A,[1],8,int64,N/A,0,N/A,N/A,0,0,,,,N/A,
235,,,Constant,/Generator/resblock_5/pad_1/Constant_1,N/A,N/A,N/A,[4],32,int64,N/A,0,N/A,N/A,0,0,,,,N/A,
236,,,ConstantOfShape,/Generator/resblock_5/pad_1/ConstantOfShape,N/A,N/A,N/A,[4],32,int64,[1],8,int64,N/A,0,0,,,,N/A,
237,,,Concat,/Generator/resblock_5/pad_1/Concat,N/A,N/A,N/A,[8],64,int64,[4],32,int64,N/A,0,0,,,,N/A,
238,,,Constant,/Generator/resblock_5/pad_1/Constant_2,N/A,N/A,N/A,[2],16,int64,N/A,0,N/A,N/A,0,0,,,,N/A,
239,,,Reshape,/Generator/resblock_5/pad_1/Reshape,N/A,N/A,N/A,"[4, 2]",64,int64,[8],64,int64,N/A,0,0,,,,N/A,
240,,,Constant,/Generator/resblock_5/pad_1/Constant_3,N/A,N/A,N/A,[1],8,int64,N/A,0,N/A,N/A,0,0,,,,N/A,
241,,,Constant,/Generator/resblock_5/pad_1/Constant_4,N/A,N/A,N/A,[1],8,int64,N/A,0,N/A,N/A,0,0,,,,N/A,
242,,,Constant,/Generator/resblock_5/pad_1/Constant_5,N/A,N/A,N/A,[1],8,int64,N/A,0,N/A,N/A,0,0,,,,N/A,
243,,,Constant,/Generator/resblock_5/pad_1/Constant_6,N/A,N/A,N/A,[1],8,int64,N/A,0,N/A,N/A,0,0,,,,N/A,
244,,,Slice,/Generator/resblock_5/pad_1/Slice,N/A,N/A,N/A,"[4, 2]",64,int64,"[4, 2]",64,int64,N/A,0,0,,,,N/A,
245,,,Transpose,/Generator/resblock_5/pad_1/Transpose,N/A,N/A,N/A,"[2, 4]",64,int64,"[4, 2]",64,int64,N/A,0,0,,,,N/A,
246,,,Constant,/Generator/resblock_5/pad_1/Constant_7,N/A,N/A,N/A,[1],8,int64,N/A,0,N/A,N/A,0,0,,,,N/A,
247,,,Reshape,/Generator/resblock_5/pad_1/Reshape_1,N/A,N/A,N/A,[8],64,int64,"[2, 4]",64,int64,N/A,0,0,,,,N/A,
248,,,Cast,/Generator/resblock_5/pad_1/Cast,N/A,N/A,N/A,[8],64,int64,[8],64,int64,N/A,0,0,,,,N/A,
249,,,Constant,/Generator/resblock_5/norm2/Constant,N/A,N/A,N/A,[1],8,int64,N/A,0,N/A,N/A,0,0,,,,N/A,
250,,,Constant,/Generator/resblock_5/norm2/Constant_1,N/A,N/A,N/A,[],2,float16,N/A,0,N/A,N/A,0,0,,,,N/A,
251,,,Constant,/Generator/resblock_5/norm2/Constant_2,N/A,N/A,N/A,[],2,float16,N/A,0,N/A,N/A,0,0,,,,N/A,
252,,,Constant,/Generator/resblock_5/norm2/Constant_3,N/A,N/A,N/A,[],2,float16,N/A,0,N/A,N/A,0,0,,,,N/A,
253,,resblock_6,Constant,/Generator/resblock_6/pad/Constant,N/A,N/A,N/A,[1],8,int64,N/A,0,N/A,N/A,0,0,,,,N/A,
254,,,Constant,/Generator/resblock_6/pad/Constant_1,N/A,N/A,N/A,[4],32,int64,N/A,0,N/A,N/A,0,0,,,,N/A,
255,,,ConstantOfShape,/Generator/resblock_6/pad/ConstantOfShape,N/A,N/A,N/A,[4],32,int64,[1],8,int64,N/A,0,0,,,,N/A,
256,,,Concat,/Generator/resblock_6/pad/Concat,N/A,N/A,N/A,[8],64,int64,[4],32,int64,N/A,0,0,,,,N/A,
257,,,Constant,/Generator/resblock_6/pad/Constant_2,N/A,N/A,N/A,[2],16,int64,N/A,0,N/A,N/A,0,0,,,,N/A,
258,,,Reshape,/Generator/resblock_6/pad/Reshape,N/A,N/A,N/A,"[4, 2]",64,int64,[8],64,int64,N/A,0,0,,,,N/A,
259,,,Constant,/Generator/resblock_6/pad/Constant_3,N/A,N/A,N/A,[1],8,int64,N/A,0,N/A,N/A,0,0,,,,N/A,
260,,,Constant,/Generator/resblock_6/pad/Constant_4,N/A,N/A,N/A,[1],8,int64,N/A,0,N/A,N/A,0,0,,,,N/A,
261,,,Constant,/Generator/resblock_6/pad/Constant_5,N/A,N/A,N/A,[1],8,int64,N/A,0,N/A,N/A,0,0,,,,N/A,
262,,,Constant,/Generator/resblock_6/pad/Constant_6,N/A,N/A,N/A,[1],8,int64,N/A,0,N/A,N/A,0,0,,,,N/A,
263,,,Slice,/Generator/resblock_6/pad/Slice,N/A,N/A,N/A,"[4, 2]",64,int64,"[4, 2]",64,int64,N/A,0,0,,,,N/A,
264,,,Transpose,/Generator/resblock_6/pad/Transpose,N/A,N/A,N/A,"[2, 4]",64,int64,"[4, 2]",64,int64,N/A,0,0,,,,N/A,
265,,,Constant,/Generator/resblock_6/pad/Constant_7,N/A,N/A,N/A,[1],8,int64,N/A,0,N/A,N/A,0,0,,,,N/A,
266,,,Reshape,/Generator/resblock_6/pad/Reshape_1,N/A,N/A,N/A,[8],64,int64,"[2, 4]",64,int64,N/A,0,0,,,,N/A,
267,,,Cast,/Generator/resblock_6/pad/Cast,N/A,N/A,N/A,[8],64,int64,[8],64,int64,N/A,0,0,,,,N/A,
268,,,Constant,/Generator/resblock_6/norm1/Constant,N/A,N/A,N/A,[1],8,int64,N/A,0,N/A,N/A,0,0,,,,N/A,
269,,,Constant,/Generator/resblock_6/norm1/Constant_1,N/A,N/A,N/A,[],2,float16,N/A,0,N/A,N/A,0,0,,,,N/A,
270,,,Constant,/Generator/resblock_6/norm1/Constant_2,N/A,N/A,N/A,[],2,float16,N/A,0,N/A,N/A,0,0,,,,N/A,
271,,,Constant,/Generator/resblock_6/norm1/Constant_3,N/A,N/A,N/A,[],2,float16,N/A,0,N/A,N/A,0,0,,,,N/A,
272,,,Constant,/Generator/resblock_6/pad_1/Constant,N/A,N/A,N/A,[1],8,int64,N/A,0,N/A,N/A,0,0,,,,N/A,
273,,,Constant,/Generator/resblock_6/pad_1/Constant_1,N/A,N/A,N/A,[4],32,int64,N/A,0,N/A,N/A,0,0,,,,N/A,
274,,,ConstantOfShape,/Generator/resblock_6/pad_1/ConstantOfShape,N/A,N/A,N/A,[4],32,int64,[1],8,int64,N/A,0,0,,,,N/A,
275,,,Concat,/Generator/resblock_6/pad_1/Concat,N/A,N/A,N/A,[8],64,int64,[4],32,int64,N/A,0,0,,,,N/A,
276,,,Constant,/Generator/resblock_6/pad_1/Constant_2,N/A,N/A,N/A,[2],16,int64,N/A,0,N/A,N/A,0,0,,,,N/A,
277,,,Reshape,/Generator/resblock_6/pad_1/Reshape,N/A,N/A,N/A,"[4, 2]",64,int64,[8],64,int64,N/A,0,0,,,,N/A,
278,,,Constant,/Generator/resblock_6/pad_1/Constant_3,N/A,N/A,N/A,[1],8,int64,N/A,0,N/A,N/A,0,0,,,,N/A,
279,,,Constant,/Generator/resblock_6/pad_1/Constant_4,N/A,N/A,N/A,[1],8,int64,N/A,0,N/A,N/A,0,0,,,,N/A,
280,,,Constant,/Generator/resblock_6/pad_1/Constant_5,N/A,N/A,N/A,[1],8,int64,N/A,0,N/A,N/A,0,0,,,,N/A,
281,,,Constant,/Generator/resblock_6/pad_1/Constant_6,N/A,N/A,N/A,[1],8,int64,N/A,0,N/A,N/A,0,0,,,,N/A,
282,,,Slice,/Generator/resblock_6/pad_1/Slice,N/A,N/A,N/A,"[4, 2]",64,int64,"[4, 2]",64,int64,N/A,0,0,,,,N/A,
283,,,Transpose,/Generator/resblock_6/pad_1/Transpose,N/A,N/A,N/A,"[2, 4]",64,int64,"[4, 2]",64,int64,N/A,0,0,,,,N/A,
284,,,Constant,/Generator/resblock_6/pad_1/Constant_7,N/A,N/A,N/A,[1],8,int64,N/A,0,N/A,N/A,0,0,,,,N/A,
285,,,Reshape,/Generator/resblock_6/pad_1/Reshape_1,N/A,N/A,N/A,[8],64,int64,"[2, 4]",64,int64,N/A,0,0,,,,N/A,
286,,,Cast,/Generator/resblock_6/pad_1/Cast,N/A,N/A,N/A,[8],64,int64,[8],64,int64,N/A,0,0,,,,N/A,
287,,,Constant,/Generator/resblock_6/norm2/Constant,N/A,N/A,N/A,[1],8,int64,N/A,0,N/A,N/A,0,0,,,,N/A,
288,,,Constant,/Generator/resblock_6/norm2/Constant_1,N/A,N/A,N/A,[],2,float16,N/A,0,N/A,N/A,0,0,,,,N/A,
289,,,Constant,/Generator/resblock_6/norm2/Constant_2,N/A,N/A,N/A,[],2,float16,N/A,0,N/A,N/A,0,0,,,,N/A,
290,,,Constant,/Generator/resblock_6/norm2/Constant_3,N/A,N/A,N/A,[],2,float16,N/A,0,N/A,N/A,0,0,,,,N/A,
291,,resblock_7,Constant,/Generator/resblock_7/pad/Constant,N/A,N/A,N/A,[1],8,int64,N/A,0,N/A,N/A,0,0,,,,N/A,
292,,,Constant,/Generator/resblock_7/pad/Constant_1,N/A,N/A,N/A,[4],32,int64,N/A,0,N/A,N/A,0,0,,,,N/A,
293,,,ConstantOfShape,/Generator/resblock_7/pad/ConstantOfShape,N/A,N/A,N/A,[4],32,int64,[1],8,int64,N/A,0,0,,,,N/A,
294,,,Concat,/Generator/resblock_7/pad/Concat,N/A,N/A,N/A,[8],64,int64,[4],32,int64,N/A,0,0,,,,N/A,
295,,,Constant,/Generator/resblock_7/pad/Constant_2,N/A,N/A,N/A,[2],16,int64,N/A,0,N/A,N/A,0,0,,,,N/A,
296,,,Reshape,/Generator/resblock_7/pad/Reshape,N/A,N/A,N/A,"[4, 2]",64,int64,[8],64,int64,N/A,0,0,,,,N/A,
297,,,Constant,/Generator/resblock_7/pad/Constant_3,N/A,N/A,N/A,[1],8,int64,N/A,0,N/A,N/A,0,0,,,,N/A,
298,,,Constant,/Generator/resblock_7/pad/Constant_4,N/A,N/A,N/A,[1],8,int64,N/A,0,N/A,N/A,0,0,,,,N/A,
299,,,Constant,/Generator/resblock_7/pad/Constant_5,N/A,N/A,N/A,[1],8,int64,N/A,0,N/A,N/A,0,0,,,,N/A,
300,,,Constant,/Generator/resblock_7/pad/Constant_6,N/A,N/A,N/A,[1],8,int64,N/A,0,N/A,N/A,0,0,,,,N/A,
301,,,Slice,/Generator/resblock_7/pad/Slice,N/A,N/A,N/A,"[4, 2]",64,int64,"[4, 2]",64,int64,N/A,0,0,,,,N/A,
302,,,Transpose,/Generator/resblock_7/pad/Transpose,N/A,N/A,N/A,"[2, 4]",64,int64,"[4, 2]",64,int64,N/A,0,0,,,,N/A,
303,,,Constant,/Generator/resblock_7/pad/Constant_7,N/A,N/A,N/A,[1],8,int64,N/A,0,N/A,N/A,0,0,,,,N/A,
304,,,Reshape,/Generator/resblock_7/pad/Reshape_1,N/A,N/A,N/A,[8],64,int64,"[2, 4]",64,int64,N/A,0,0,,,,N/A,
305,,,Cast,/Generator/resblock_7/pad/Cast,N/A,N/A,N/A,[8],64,int64,[8],64,int64,N/A,0,0,,,,N/A,
306,,,Constant,/Generator/resblock_7/norm1/Constant,N/A,N/A,N/A,[1],8,int64,N/A,0,N/A,N/A,0,0,,,,N/A,
307,,,Constant,/Generator/resblock_7/norm1/Constant_1,N/A,N/A,N/A,[],2,float16,N/A,0,N/A,N/A,0,0,,,,N/A,
308,,,Constant,/Generator/resblock_7/norm1/Constant_2,N/A,N/A,N/A,[],2,float16,N/A,0,N/A,N/A,0,0,,,,N/A,
309,,,Constant,/Generator/resblock_7/norm1/Constant_3,N/A,N/A,N/A,[],2,float16,N/A,0,N/A,N/A,0,0,,,,N/A,
310,,,Constant,/Generator/resblock_7/pad_1/Constant,N/A,N/A,N/A,[1],8,int64,N/A,0,N/A,N/A,0,0,,,,N/A,
311,,,Constant,/Generator/resblock_7/pad_1/Constant_1,N/A,N/A,N/A,[4],32,int64,N/A,0,N/A,N/A,0,0,,,,N/A,
312,,,ConstantOfShape,/Generator/resblock_7/pad_1/ConstantOfShape,N/A,N/A,N/A,[4],32,int64,[1],8,int64,N/A,0,0,,,,N/A,
313,,,Concat,/Generator/resblock_7/pad_1/Concat,N/A,N/A,N/A,[8],64,int64,[4],32,int64,N/A,0,0,,,,N/A,
314,,,Constant,/Generator/resblock_7/pad_1/Constant_2,N/A,N/A,N/A,[2],16,int64,N/A,0,N/A,N/A,0,0,,,,N/A,
315,,,Reshape,/Generator/resblock_7/pad_1/Reshape,N/A,N/A,N/A,"[4, 2]",64,int64,[8],64,int64,N/A,0,0,,,,N/A,
316,,,Constant,/Generator/resblock_7/pad_1/Constant_3,N/A,N/A,N/A,[1],8,int64,N/A,0,N/A,N/A,0,0,,,,N/A,
317,,,Constant,/Generator/resblock_7/pad_1/Constant_4,N/A,N/A,N/A,[1],8,int64,N/A,0,N/A,N/A,0,0,,,,N/A,
318,,,Constant,/Generator/resblock_7/pad_1/Constant_5,N/A,N/A,N/A,[1],8,int64,N/A,0,N/A,N/A,0,0,,,,N/A,
319,,,Constant,/Generator/resblock_7/pad_1/Constant_6,N/A,N/A,N/A,[1],8,int64,N/A,0,N/A,N/A,0,0,,,,N/A,
320,,,Slice,/Generator/resblock_7/pad_1/Slice,N/A,N/A,N/A,"[4, 2]",64,int64,"[4, 2]",64,int64,N/A,0,0,,,,N/A,
321,,,Transpose,/Generator/resblock_7/pad_1/Transpose,N/A,N/A,N/A,"[2, 4]",64,int64,"[4, 2]",64,int64,N/A,0,0,,,,N/A,
322,,,Constant,/Generator/resblock_7/pad_1/Constant_7,N/A,N/A,N/A,[1],8,int64,N/A,0,N/A,N/A,0,0,,,,N/A,
323,,,Reshape,/Generator/resblock_7/pad_1/Reshape_1,N/A,N/A,N/A,[8],64,int64,"[2, 4]",64,int64,N/A,0,0,,,,N/A,
324,,,Cast,/Generator/resblock_7/pad_1/Cast,N/A,N/A,N/A,[8],64,int64,[8],64,int64,N/A,0,0,,,,N/A,
325,,,Constant,/Generator/resblock_7/norm2/Constant,N/A,N/A,N/A,[1],8,int64,N/A,0,N/A,N/A,0,0,,,,N/A,
326,,,Constant,/Generator/resblock_7/norm2/Constant_1,N/A,N/A,N/A,[],2,float16,N/A,0,N/A,N/A,0,0,,,,N/A,
327,,,Constant,/Generator/resblock_7/norm2/Constant_2,N/A,N/A,N/A,[],2,float16,N/A,0,N/A,N/A,0,0,,,,N/A,
328,,,Constant,/Generator/resblock_7/norm2/Constant_3,N/A,N/A,N/A,[],2,float16,N/A,0,N/A,N/A,0,0,,,,N/A,
329,,resblock_8,Constant,/Generator/resblock_8/pad/Constant,N/A,N/A,N/A,[1],8,int64,N/A,0,N/A,N/A,0,0,,,,N/A,
330,,,Constant,/Generator/resblock_8/pad/Constant_1,N/A,N/A,N/A,[4],32,int64,N/A,0,N/A,N/A,0,0,,,,N/A,
331,,,ConstantOfShape,/Generator/resblock_8/pad/ConstantOfShape,N/A,N/A,N/A,[4],32,int64,[1],8,int64,N/A,0,0,,,,N/A,
332,,,Concat,/Generator/resblock_8/pad/Concat,N/A,N/A,N/A,[8],64,int64,[4],32,int64,N/A,0,0,,,,N/A,
333,,,Constant,/Generator/resblock_8/pad/Constant_2,N/A,N/A,N/A,[2],16,int64,N/A,0,N/A,N/A,0,0,,,,N/A,
334,,,Reshape,/Generator/resblock_8/pad/Reshape,N/A,N/A,N/A,"[4, 2]",64,int64,[8],64,int64,N/A,0,0,,,,N/A,
335,,,Constant,/Generator/resblock_8/pad/Constant_3,N/A,N/A,N/A,[1],8,int64,N/A,0,N/A,N/A,0,0,,,,N/A,
336,,,Constant,/Generator/resblock_8/pad/Constant_4,N/A,N/A,N/A,[1],8,int64,N/A,0,N/A,N/A,0,0,,,,N/A,
337,,,Constant,/Generator/resblock_8/pad/Constant_5,N/A,N/A,N/A,[1],8,int64,N/A,0,N/A,N/A,0,0,,,,N/A,
338,,,Constant,/Generator/resblock_8/pad/Constant_6,N/A,N/A,N/A,[1],8,int64,N/A,0,N/A,N/A,0,0,,,,N/A,
339,,,Slice,/Generator/resblock_8/pad/Slice,N/A,N/A,N/A,"[4, 2]",64,int64,"[4, 2]",64,int64,N/A,0,0,,,,N/A,
340,,,Transpose,/Generator/resblock_8/pad/Transpose,N/A,N/A,N/A,"[2, 4]",64,int64,"[4, 2]",64,int64,N/A,0,0,,,,N/A,
341,,,Constant,/Generator/resblock_8/pad/Constant_7,N/A,N/A,N/A,[1],8,int64,N/A,0,N/A,N/A,0,0,,,,N/A,
342,,,Reshape,/Generator/resblock_8/pad/Reshape_1,N/A,N/A,N/A,[8],64,int64,"[2, 4]",64,int64,N/A,0,0,,,,N/A,
343,,,Cast,/Generator/resblock_8/pad/Cast,N/A,N/A,N/A,[8],64,int64,[8],64,int64,N/A,0,0,,,,N/A,
344,,,Constant,/Generator/resblock_8/norm1/Constant,N/A,N/A,N/A,[1],8,int64,N/A,0,N/A,N/A,0,0,,,,N/A,
345,,,Constant,/Generator/resblock_8/norm1/Constant_1,N/A,N/A,N/A,[],2,float16,N/A,0,N/A,N/A,0,0,,,,N/A,
346,,,Constant,/Generator/resblock_8/norm1/Constant_2,N/A,N/A,N/A,[],2,float16,N/A,0,N/A,N/A,0,0,,,,N/A,
347,,,Constant,/Generator/resblock_8/norm1/Constant_3,N/A,N/A,N/A,[],2,float16,N/A,0,N/A,N/A,0,0,,,,N/A,
348,,,Constant,/Generator/resblock_8/pad_1/Constant,N/A,N/A,N/A,[1],8,int64,N/A,0,N/A,N/A,0,0,,,,N/A,
349,,,Constant,/Generator/resblock_8/pad_1/Constant_1,N/A,N/A,N/A,[4],32,int64,N/A,0,N/A,N/A,0,0,,,,N/A,
350,,,ConstantOfShape,/Generator/resblock_8/pad_1/ConstantOfShape,N/A,N/A,N/A,[4],32,int64,[1],8,int64,N/A,0,0,,,,N/A,
351,,,Concat,/Generator/resblock_8/pad_1/Concat,N/A,N/A,N/A,[8],64,int64,[4],32,int64,N/A,0,0,,,,N/A,
352,,,Constant,/Generator/resblock_8/pad_1/Constant_2,N/A,N/A,N/A,[2],16,int64,N/A,0,N/A,N/A,0,0,,,,N/A,
353,,,Reshape,/Generator/resblock_8/pad_1/Reshape,N/A,N/A,N/A,"[4, 2]",64,int64,[8],64,int64,N/A,0,0,,,,N/A,
354,,,Constant,/Generator/resblock_8/pad_1/Constant_3,N/A,N/A,N/A,[1],8,int64,N/A,0,N/A,N/A,0,0,,,,N/A,
355,,,Constant,/Generator/resblock_8/pad_1/Constant_4,N/A,N/A,N/A,[1],8,int64,N/A,0,N/A,N/A,0,0,,,,N/A,
356,,,Constant,/Generator/resblock_8/pad_1/Constant_5,N/A,N/A,N/A,[1],8,int64,N/A,0,N/A,N/A,0,0,,,,N/A,
357,,,Constant,/Generator/resblock_8/pad_1/Constant_6,N/A,N/A,N/A,[1],8,int64,N/A,0,N/A,N/A,0,0,,,,N/A,
358,,,Slice,/Generator/resblock_8/pad_1/Slice,N/A,N/A,N/A,"[4, 2]",64,int64,"[4, 2]",64,int64,N/A,0,0,,,,N/A,
359,,,Transpose,/Generator/resblock_8/pad_1/Transpose,N/A,N/A,N/A,"[2, 4]",64,int64,"[4, 2]",64,int64,N/A,0,0,,,,N/A,
360,,,Constant,/Generator/resblock_8/pad_1/Constant_7,N/A,N/A,N/A,[1],8,int64,N/A,0,N/A,N/A,0,0,,,,N/A,
361,,,Reshape,/Generator/resblock_8/pad_1/Reshape_1,N/A,N/A,N/A,[8],64,int64,"[2, 4]",64,int64,N/A,0,0,,,,N/A,
362,,,Cast,/Generator/resblock_8/pad_1/Cast,N/A,N/A,N/A,[8],64,int64,[8],64,int64,N/A,0,0,,,,N/A,
363,,,Constant,/Generator/resblock_8/norm2/Constant,N/A,N/A,N/A,[1],8,int64,N/A,0,N/A,N/A,0,0,,,,N/A,
364,,,Constant,/Generator/resblock_8/norm2/Constant_1,N/A,N/A,N/A,[],2,float16,N/A,0,N/A,N/A,0,0,,,,N/A,
365,,,Constant,/Generator/resblock_8/norm2/Constant_2,N/A,N/A,N/A,[],2,float16,N/A,0,N/A,N/A,0,0,,,,N/A,
366,,,Constant,/Generator/resblock_8/norm2/Constant_3,N/A,N/A,N/A,[],2,float16,N/A,0,N/A,N/A,0,0,,,,N/A,
367,,upconv_block1,Constant,/Generator/upconv_block1/upconv_block1.1/Constant,N/A,N/A,N/A,[1],8,int64,N/A,0,N/A,N/A,0,0,,,,N/A,
368,,,Constant,/Generator/upconv_block1/upconv_block1.1/Constant_1,N/A,N/A,N/A,[],2,float16,N/A,0,N/A,N/A,0,0,,,,N/A,
369,,,Constant,/Generator/upconv_block1/upconv_block1.1/Constant_2,N/A,N/A,N/A,[],2,float16,N/A,0,N/A,N/A,0,0,,,,N/A,
370,,,Constant,/Generator/upconv_block1/upconv_block1.1/Constant_3,N/A,N/A,N/A,[],2,float16,N/A,0,N/A,N/A,0,0,,,,N/A,
371,,upconv_block2,Constant,/Generator/upconv_block2/upconv_block2.1/Constant,N/A,N/A,N/A,[1],8,int64,N/A,0,N/A,N/A,0,0,,,,N/A,
372,,,Constant,/Generator/upconv_block2/upconv_block2.1/Constant_1,N/A,N/A,N/A,[],2,float16,N/A,0,N/A,N/A,0,0,,,,N/A,
373,,,Constant,/Generator/upconv_block2/upconv_block2.1/Constant_2,N/A,N/A,N/A,[],2,float16,N/A,0,N/A,N/A,0,0,,,,N/A,
374,,,Constant,/Generator/upconv_block2/upconv_block2.1/Constant_3,N/A,N/A,N/A,[],2,float16,N/A,0,N/A,N/A,0,0,,,,N/A,
375,,upconv_block3,Constant,/Generator/upconv_block3/upconv_block3.1/Constant,N/A,N/A,N/A,[1],8,int64,N/A,0,N/A,N/A,0,0,,,,N/A,
376,,,Constant,/Generator/upconv_block3/upconv_block3.1/Constant_1,N/A,N/A,N/A,[],2,float16,N/A,0,N/A,N/A,0,0,,,,N/A,
377,,,Constant,/Generator/upconv_block3/upconv_block3.1/Constant_2,N/A,N/A,N/A,[],2,float16,N/A,0,N/A,N/A,0,0,,,,N/A,
378,,,Constant,/Generator/upconv_block3/upconv_block3.1/Constant_3,N/A,N/A,N/A,[],2,float16,N/A,0,N/A,N/A,0,0,,,,N/A,
379,,upconv_block4,Constant,/Generator/upconv_block4/upconv_block4.1/Constant,N/A,N/A,N/A,[1],8,int64,N/A,0,N/A,N/A,0,0,,,,N/A,
380,,,Constant,/Generator/upconv_block4/upconv_block4.1/Constant_1,N/A,N/A,N/A,[],2,float16,N/A,0,N/A,N/A,0,0,,,,N/A,
381,,,Constant,/Generator/upconv_block4/upconv_block4.1/Constant_2,N/A,N/A,N/A,[],2,float16,N/A,0,N/A,N/A,0,0,,,,N/A,
382,,,Constant,/Generator/upconv_block4/upconv_block4.1/Constant_3,N/A,N/A,N/A,[],2,float16,N/A,0,N/A,N/A,0,0,,,,N/A,
383,,conv_block_out,Constant,/Generator/conv_block_out/post_pad/Constant,N/A,N/A,N/A,[1],8,int64,N/A,0,N/A,N/A,0,0,,,,N/A,
384,,,Constant,/Generator/conv_block_out/post_pad/Constant_1,N/A,N/A,N/A,[4],32,int64,N/A,0,N/A,N/A,0,0,,,,N/A,
385,,,ConstantOfShape,/Generator/conv_block_out/post_pad/ConstantOfShape,N/A,N/A,N/A,[4],32,int64,[1],8,int64,N/A,0,0,,,,N/A,
386,,,Concat,/Generator/conv_block_out/post_pad/Concat,N/A,N/A,N/A,[8],64,int64,[4],32,int64,N/A,0,0,,,,N/A,
387,,,Constant,/Generator/conv_block_out/post_pad/Constant_2,N/A,N/A,N/A,[2],16,int64,N/A,0,N/A,N/A,0,0,,,,N/A,
388,,,Reshape,/Generator/conv_block_out/post_pad/Reshape,N/A,N/A,N/A,"[4, 2]",64,int64,[8],64,int64,N/A,0,0,,,,N/A,
389,,,Constant,/Generator/conv_block_out/post_pad/Constant_3,N/A,N/A,N/A,[1],8,int64,N/A,0,N/A,N/A,0,0,,,,N/A,
390,,,Constant,/Generator/conv_block_out/post_pad/Constant_4,N/A,N/A,N/A,[1],8,int64,N/A,0,N/A,N/A,0,0,,,,N/A,
391,,,Constant,/Generator/conv_block_out/post_pad/Constant_5,N/A,N/A,N/A,[1],8,int64,N/A,0,N/A,N/A,0,0,,,,N/A,
392,,,Constant,/Generator/conv_block_out/post_pad/Constant_6,N/A,N/A,N/A,[1],8,int64,N/A,0,N/A,N/A,0,0,,,,N/A,
393,,,Slice,/Generator/conv_block_out/post_pad/Slice,N/A,N/A,N/A,"[4, 2]",64,int64,"[4, 2]",64,int64,N/A,0,0,,,,N/A,
394,,,Transpose,/Generator/conv_block_out/post_pad/Transpose,N/A,N/A,N/A,"[2, 4]",64,int64,"[4, 2]",64,int64,N/A,0,0,,,,N/A,
395,,,Constant,/Generator/conv_block_out/post_pad/Constant_7,N/A,N/A,N/A,[1],8,int64,N/A,0,N/A,N/A,0,0,,,,N/A,
396,,,Reshape,/Generator/conv_block_out/post_pad/Reshape_1,N/A,N/A,N/A,[8],64,int64,"[2, 4]",64,int64,N/A,0,0,,,,N/A,
397,,,Cast,/Generator/conv_block_out/post_pad/Cast,N/A,N/A,N/A,[8],64,int64,[8],64,int64,N/A,0,0,,,,N/A,
398,Constant,,Constant,/Constant,N/A,N/A,N/A,[],2,float16,N/A,0,N/A,N/A,0,0,,,,N/A,
399,Constant_1,,Constant,/Constant_1,N/A,N/A,N/A,[],2,float16,N/A,0,N/A,N/A,0,0,,,,N/A,
400,Hyperprior,Add_3_output_0_cast_to_,Cast,/Hyperprior/Add_3_output_0_cast_to_/Generator/conv_block_init/conv_block_init.0/ReduceMean,220,220,16x16,"[1, 220, 16, 16]",112640,float16,"[1, 220, 16, 16]",112640,float16,N/A,0,0,,,,N/A,
401,Generator,conv_block_init,ReduceMean,/Generator/conv_block_init/conv_block_init.0/ReduceMean,220,1,16x16,"[1, 1, 16, 16]",512,float16,"[1, 220, 16, 16]",112640,float16,N/A,0,0,,,,N/A,
402,Hyperprior,Add_3_output_0_cast_to_,Cast,/Hyperprior/Add_3_output_0_cast_to_/Generator/conv_block_init/conv_block_init.0/ReduceMean_1,220,220,16x16,"[1, 220, 16, 16]",112640,float16,"[1, 220, 16, 16]",112640,float16,N/A,0,0,,,,N/A,
403,Generator,conv_block_init,ReduceMean,/Generator/conv_block_init/conv_block_init.0/ReduceMean_1,220,1,16x16,"[1, 1, 16, 16]",512,float16,"[1, 220, 16, 16]",112640,float16,N/A,0,0,,,,N/A,
404,Hyperprior,Add_3_output_0_cast_to_,Cast,/Hyperprior/Add_3_output_0_cast_to_/Generator/conv_block_init/conv_block_init.0/Shape,220,220,16x16,"[1, 220, 16, 16]",112640,float16,"[1, 220, 16, 16]",112640,float16,N/A,0,0,,,,N/A,
405,Generator,conv_block_init,Shape,/Generator/conv_block_init/conv_block_init.0/Shape,220,N/A,16x16,[4],32,int64,"[1, 220, 16, 16]",112640,float16,N/A,0,0,,,,N/A,
406,,,Gather,/Generator/conv_block_init/conv_block_init.0/Gather,N/A,N/A,N/A,[1],8,int64,[4],32,int64,N/A,0,0,,,,N/A,
407,,,ReduceProd,/Generator/conv_block_init/conv_block_init.0/ReduceProd,N/A,N/A,N/A,[],8,int64,[1],8,int64,N/A,0,0,,,,N/A,
408,,,Cast,/Generator/conv_block_init/conv_block_init.0/Cast,N/A,N/A,N/A,[],2,float16,[],8,int64,N/A,0,0,,,,N/A,
409,,,Sub,/Generator/conv_block_init/conv_block_init.0/Sub_1,N/A,N/A,N/A,[],2,float16,[],2,float16,N/A,0,0,,,,N/A,
410,Hyperprior,Add_3_output_0_cast_to_,Cast,/Hyperprior/Add_3_output_0_cast_to_/Generator/conv_block_init/conv_block_init.0/Sub,220,220,16x16,"[1, 220, 16, 16]",112640,float16,"[1, 220, 16, 16]",112640,float16,N/A,0,0,,,,N/A,
411,Generator,conv_block_init,Sub,/Generator/conv_block_init/conv_block_init.0/Sub,220,220,16x16,"[1, 220, 16, 16]",112640,float16,"[1, 220, 16, 16]",112640,float16,N/A,0,0,,,,N/A,
412,,,Mul,/Generator/conv_block_init/conv_block_init.0/Mul,220,220,16x16,"[1, 220, 16, 16]",112640,float16,"[1, 220, 16, 16]",112640,float16,N/A,0,0,,,,N/A,
413,,,ReduceMean,/Generator/conv_block_init/conv_block_init.0/ReduceMean_2,220,1,16x16,"[1, 1, 16, 16]",512,float16,"[1, 220, 16, 16]",112640,float16,N/A,0,0,,,,N/A,
414,,,Mul,/Generator/conv_block_init/conv_block_init.0/Mul_1,1,1,16x16,"[1, 1, 16, 16]",512,float16,"[1, 1, 16, 16]",512,float16,N/A,0,0,,,,N/A,
415,,,Div,/Generator/conv_block_init/conv_block_init.0/Div,1,1,16x16,"[1, 1, 16, 16]",512,float16,"[1, 1, 16, 16]",512,float16,N/A,0,0,,,,N/A,
416,,,Add,/Generator/conv_block_init/conv_block_init.0/Add,1,1,16x16,"[1, 1, 16, 16]",512,float16,"[1, 1, 16, 16]",512,float16,N/A,0,0,,,,N/A,
417,,,Sqrt,/Generator/conv_block_init/conv_block_init.0/Sqrt,1,1,16x16,"[1, 1, 16, 16]",512,float16,"[1, 1, 16, 16]",512,float16,N/A,0,0,,,,N/A,
418,,,Div,/Generator/conv_block_init/conv_block_init.0/Div_1,N/A,1,N/A,"[1, 1, 16, 16]",512,float16,[],2,float16,N/A,0,0,,,,N/A,
419,Hyperprior,Add_3_output_0_cast_to_,Cast,/Hyperprior/Add_3_output_0_cast_to_/Generator/conv_block_init/conv_block_init.0/Sub_2,220,220,16x16,"[1, 220, 16, 16]",112640,float16,"[1, 220, 16, 16]",112640,float16,N/A,0,0,,,,N/A,
420,Generator,conv_block_init,Sub,/Generator/conv_block_init/conv_block_init.0/Sub_2,220,220,16x16,"[1, 220, 16, 16]",112640,float16,"[1, 220, 16, 16]",112640,float16,N/A,0,0,,,,N/A,
421,,,Mul,/Generator/conv_block_init/conv_block_init.0/Mul_2,220,220,16x16,"[1, 220, 16, 16]",112640,float16,"[1, 220, 16, 16]",112640,float16,N/A,0,0,,,,N/A,
422,,,Mul,/Generator/conv_block_init/conv_block_init.0/Mul_3,N/A,220,N/A,"[1, 220, 16, 16]",112640,float16,N/A,0,N/A,N/A,0,0,,,,N/A,
423,,,Add,/Generator/conv_block_init/conv_block_init.0/Add_1,220,220,16x16,"[1, 220, 16, 16]",112640,float16,"[1, 220, 16, 16]",112640,float16,"[1, 220, 1, 1]",220,440,,,,float16,
424,,,Pad,/Generator/conv_block_init/pre_pad/Pad,220,220,16x16,"[1, 220, 18, 18]",142560,float16,"[1, 220, 16, 16]",112640,float16,N/A,0,0,,,,N/A,
425,,,Conv3x3,/Generator/conv_block_init/conv_block_init.2/Conv,220,960,18x18,"[1, 960, 16, 16]",491520,float16,"[1, 220, 18, 18]",142560,float16,"[960, 220, 3, 3]",1900800,3801600,"[3, 3]","[0, 0, 0, 0]","[1, 1]",float16,weight=initializer
426,,,ReduceMean,/Generator/conv_block_init/conv_block_init.3/ReduceMean,960,1,16x16,"[1, 1, 16, 16]",512,float16,"[1, 960, 16, 16]",491520,float16,N/A,0,0,,,,N/A,
427,,,ReduceMean,/Generator/conv_block_init/conv_block_init.3/ReduceMean_1,960,1,16x16,"[1, 1, 16, 16]",512,float16,"[1, 960, 16, 16]",491520,float16,N/A,0,0,,,,N/A,
428,,,Shape,/Generator/conv_block_init/conv_block_init.3/Shape,960,N/A,16x16,[4],32,int64,"[1, 960, 16, 16]",491520,float16,N/A,0,0,,,,N/A,
429,,,Gather,/Generator/conv_block_init/conv_block_init.3/Gather,N/A,N/A,N/A,[1],8,int64,[4],32,int64,N/A,0,0,,,,N/A,
430,,,ReduceProd,/Generator/conv_block_init/conv_block_init.3/ReduceProd,N/A,N/A,N/A,[],8,int64,[1],8,int64,N/A,0,0,,,,N/A,
431,,,Sub,/Generator/conv_block_init/conv_block_init.3/Sub,960,960,16x16,"[1, 960, 16, 16]",491520,float16,"[1, 960, 16, 16]",491520,float16,N/A,0,0,,,,N/A,
432,,,Mul,/Generator/conv_block_init/conv_block_init.3/Mul,960,960,16x16,"[1, 960, 16, 16]",491520,float16,"[1, 960, 16, 16]",491520,float16,N/A,0,0,,,,N/A,
433,,,ReduceMean,/Generator/conv_block_init/conv_block_init.3/ReduceMean_2,960,1,16x16,"[1, 1, 16, 16]",512,float16,"[1, 960, 16, 16]",491520,float16,N/A,0,0,,,,N/A,
434,,,Cast,/Generator/conv_block_init/conv_block_init.3/Cast,N/A,N/A,N/A,[],2,float16,[],8,int64,N/A,0,0,,,,N/A,
435,,,Mul,/Generator/conv_block_init/conv_block_init.3/Mul_1,1,1,16x16,"[1, 1, 16, 16]",512,float16,"[1, 1, 16, 16]",512,float16,N/A,0,0,,,,N/A,
436,,,Sub,/Generator/conv_block_init/conv_block_init.3/Sub_1,N/A,N/A,N/A,[],2,float16,[],2,float16,N/A,0,0,,,,N/A,
437,,,Div,/Generator/conv_block_init/conv_block_init.3/Div,1,1,16x16,"[1, 1, 16, 16]",512,float16,"[1, 1, 16, 16]",512,float16,N/A,0,0,,,,N/A,
438,,,Sub,/Generator/conv_block_init/conv_block_init.3/Sub_2,960,960,16x16,"[1, 960, 16, 16]",491520,float16,"[1, 960, 16, 16]",491520,float16,N/A,0,0,,,,N/A,
439,,,Add,/Generator/conv_block_init/conv_block_init.3/Add,1,1,16x16,"[1, 1, 16, 16]",512,float16,"[1, 1, 16, 16]",512,float16,N/A,0,0,,,,N/A,
440,,,Sqrt,/Generator/conv_block_init/conv_block_init.3/Sqrt,1,1,16x16,"[1, 1, 16, 16]",512,float16,"[1, 1, 16, 16]",512,float16,N/A,0,0,,,,N/A,
441,,,Div,/Generator/conv_block_init/conv_block_init.3/Div_1,N/A,1,N/A,"[1, 1, 16, 16]",512,float16,[],2,float16,N/A,0,0,,,,N/A,
442,,,Mul,/Generator/conv_block_init/conv_block_init.3/Mul_2,960,960,16x16,"[1, 960, 16, 16]",491520,float16,"[1, 960, 16, 16]",491520,float16,N/A,0,0,,,,N/A,
443,,,Mul,/Generator/conv_block_init/conv_block_init.3/Mul_3,N/A,960,N/A,"[1, 960, 16, 16]",491520,float16,N/A,0,N/A,N/A,0,0,,,,N/A,
444,,,Add,/Generator/conv_block_init/conv_block_init.3/Add_1,960,960,16x16,"[1, 960, 16, 16]",491520,float16,"[1, 960, 16, 16]",491520,float16,"[1, 960, 1, 1]",960,1920,,,,float16,
445,,resblock_0,Pad,/Generator/resblock_0/pad/Pad,960,960,16x16,"[1, 960, 18, 18]",622080,float16,"[1, 960, 16, 16]",491520,float16,N/A,0,0,,,,N/A,
446,,,Conv3x3,/Generator/resblock_0/conv1/Conv,960,960,18x18,"[1, 960, 16, 16]",491520,float16,"[1, 960, 18, 18]",622080,float16,"[960, 960, 3, 3]",8294400,16588800,"[3, 3]","[0, 0, 0, 0]","[1, 1]",float16,weight=initializer
447,,,ReduceMean,/Generator/resblock_0/norm1/ReduceMean,960,1,16x16,"[1, 1, 16, 16]",512,float16,"[1, 960, 16, 16]",491520,float16,N/A,0,0,,,,N/A,
448,,,ReduceMean,/Generator/resblock_0/norm1/ReduceMean_1,960,1,16x16,"[1, 1, 16, 16]",512,float16,"[1, 960, 16, 16]",491520,float16,N/A,0,0,,,,N/A,
449,,,Shape,/Generator/resblock_0/norm1/Shape,960,N/A,16x16,[4],32,int64,"[1, 960, 16, 16]",491520,float16,N/A,0,0,,,,N/A,
450,,,Gather,/Generator/resblock_0/norm1/Gather,N/A,N/A,N/A,[1],8,int64,[4],32,int64,N/A,0,0,,,,N/A,
451,,,ReduceProd,/Generator/resblock_0/norm1/ReduceProd,N/A,N/A,N/A,[],8,int64,[1],8,int64,N/A,0,0,,,,N/A,
452,,,Sub,/Generator/resblock_0/norm1/Sub,960,960,16x16,"[1, 960, 16, 16]",491520,float16,"[1, 960, 16, 16]",491520,float16,N/A,0,0,,,,N/A,
453,,,Mul,/Generator/resblock_0/norm1/Mul,960,960,16x16,"[1, 960, 16, 16]",491520,float16,"[1, 960, 16, 16]",491520,float16,N/A,0,0,,,,N/A,
454,,,ReduceMean,/Generator/resblock_0/norm1/ReduceMean_2,960,1,16x16,"[1, 1, 16, 16]",512,float16,"[1, 960, 16, 16]",491520,float16,N/A,0,0,,,,N/A,
455,,,Cast,/Generator/resblock_0/norm1/Cast,N/A,N/A,N/A,[],2,float16,[],8,int64,N/A,0,0,,,,N/A,
456,,,Mul,/Generator/resblock_0/norm1/Mul_1,1,1,16x16,"[1, 1, 16, 16]",512,float16,"[1, 1, 16, 16]",512,float16,N/A,0,0,,,,N/A,
457,,,Sub,/Generator/resblock_0/norm1/Sub_1,N/A,N/A,N/A,[],2,float16,[],2,float16,N/A,0,0,,,,N/A,
458,,,Div,/Generator/resblock_0/norm1/Div,1,1,16x16,"[1, 1, 16, 16]",512,float16,"[1, 1, 16, 16]",512,float16,N/A,0,0,,,,N/A,
459,,,Sub,/Generator/resblock_0/norm1/Sub_2,960,960,16x16,"[1, 960, 16, 16]",491520,float16,"[1, 960, 16, 16]",491520,float16,N/A,0,0,,,,N/A,
460,,,Add,/Generator/resblock_0/norm1/Add,1,1,16x16,"[1, 1, 16, 16]",512,float16,"[1, 1, 16, 16]",512,float16,N/A,0,0,,,,N/A,
461,,,Sqrt,/Generator/resblock_0/norm1/Sqrt,1,1,16x16,"[1, 1, 16, 16]",512,float16,"[1, 1, 16, 16]",512,float16,N/A,0,0,,,,N/A,
462,,,Div,/Generator/resblock_0/norm1/Div_1,N/A,1,N/A,"[1, 1, 16, 16]",512,float16,[],2,float16,N/A,0,0,,,,N/A,
463,,,Mul,/Generator/resblock_0/norm1/Mul_2,960,960,16x16,"[1, 960, 16, 16]",491520,float16,"[1, 960, 16, 16]",491520,float16,N/A,0,0,,,,N/A,
464,,,Mul,/Generator/resblock_0/norm1/Mul_3,N/A,960,N/A,"[1, 960, 16, 16]",491520,float16,N/A,0,N/A,N/A,0,0,,,,N/A,
465,,,Add,/Generator/resblock_0/norm1/Add_1,960,960,16x16,"[1, 960, 16, 16]",491520,float16,"[1, 960, 16, 16]",491520,float16,"[1, 960, 1, 1]",960,1920,,,,float16,
466,,,Relu,/Generator/resblock_0/Relu,960,960,16x16,"[1, 960, 16, 16]",491520,float16,"[1, 960, 16, 16]",491520,float16,N/A,0,0,,,,N/A,
467,,,Pad,/Generator/resblock_0/pad_1/Pad,960,960,16x16,"[1, 960, 18, 18]",622080,float16,"[1, 960, 16, 16]",491520,float16,N/A,0,0,,,,N/A,
468,,,Conv3x3,/Generator/resblock_0/conv2/Conv,960,960,18x18,"[1, 960, 16, 16]",491520,float16,"[1, 960, 18, 18]",622080,float16,"[960, 960, 3, 3]",8294400,16588800,"[3, 3]","[0, 0, 0, 0]","[1, 1]",float16,weight=initializer
469,,,ReduceMean,/Generator/resblock_0/norm2/ReduceMean,960,1,16x16,"[1, 1, 16, 16]",512,float16,"[1, 960, 16, 16]",491520,float16,N/A,0,0,,,,N/A,
470,,,ReduceMean,/Generator/resblock_0/norm2/ReduceMean_1,960,1,16x16,"[1, 1, 16, 16]",512,float16,"[1, 960, 16, 16]",491520,float16,N/A,0,0,,,,N/A,
471,,,Shape,/Generator/resblock_0/norm2/Shape,960,N/A,16x16,[4],32,int64,"[1, 960, 16, 16]",491520,float16,N/A,0,0,,,,N/A,
472,,,Gather,/Generator/resblock_0/norm2/Gather,N/A,N/A,N/A,[1],8,int64,[4],32,int64,N/A,0,0,,,,N/A,
473,,,ReduceProd,/Generator/resblock_0/norm2/ReduceProd,N/A,N/A,N/A,[],8,int64,[1],8,int64,N/A,0,0,,,,N/A,
474,,,Sub,/Generator/resblock_0/norm2/Sub,960,960,16x16,"[1, 960, 16, 16]",491520,float16,"[1, 960, 16, 16]",491520,float16,N/A,0,0,,,,N/A,
475,,,Mul,/Generator/resblock_0/norm2/Mul,960,960,16x16,"[1, 960, 16, 16]",491520,float16,"[1, 960, 16, 16]",491520,float16,N/A,0,0,,,,N/A,
476,,,ReduceMean,/Generator/resblock_0/norm2/ReduceMean_2,960,1,16x16,"[1, 1, 16, 16]",512,float16,"[1, 960, 16, 16]",491520,float16,N/A,0,0,,,,N/A,
477,,,Cast,/Generator/resblock_0/norm2/Cast,N/A,N/A,N/A,[],2,float16,[],8,int64,N/A,0,0,,,,N/A,
478,,,Mul,/Generator/resblock_0/norm2/Mul_1,1,1,16x16,"[1, 1, 16, 16]",512,float16,"[1, 1, 16, 16]",512,float16,N/A,0,0,,,,N/A,
479,,,Sub,/Generator/resblock_0/norm2/Sub_1,N/A,N/A,N/A,[],2,float16,[],2,float16,N/A,0,0,,,,N/A,
480,,,Div,/Generator/resblock_0/norm2/Div,1,1,16x16,"[1, 1, 16, 16]",512,float16,"[1, 1, 16, 16]",512,float16,N/A,0,0,,,,N/A,
481,,,Sub,/Generator/resblock_0/norm2/Sub_2,960,960,16x16,"[1, 960, 16, 16]",491520,float16,"[1, 960, 16, 16]",491520,float16,N/A,0,0,,,,N/A,
482,,,Add,/Generator/resblock_0/norm2/Add,1,1,16x16,"[1, 1, 16, 16]",512,float16,"[1, 1, 16, 16]",512,float16,N/A,0,0,,,,N/A,
483,,,Sqrt,/Generator/resblock_0/norm2/Sqrt,1,1,16x16,"[1, 1, 16, 16]",512,float16,"[1, 1, 16, 16]",512,float16,N/A,0,0,,,,N/A,
484,,,Div,/Generator/resblock_0/norm2/Div_1,N/A,1,N/A,"[1, 1, 16, 16]",512,float16,[],2,float16,N/A,0,0,,,,N/A,
485,,,Mul,/Generator/resblock_0/norm2/Mul_2,960,960,16x16,"[1, 960, 16, 16]",491520,float16,"[1, 960, 16, 16]",491520,float16,N/A,0,0,,,,N/A,
486,,,Mul,/Generator/resblock_0/norm2/Mul_3,N/A,960,N/A,"[1, 960, 16, 16]",491520,float16,N/A,0,N/A,N/A,0,0,,,,N/A,
487,,,Add,/Generator/resblock_0/norm2/Add_1,960,960,16x16,"[1, 960, 16, 16]",491520,float16,"[1, 960, 16, 16]",491520,float16,"[1, 960, 1, 1]",960,1920,,,,float16,
488,,,Add,/Generator/resblock_0/Add,960,960,16x16,"[1, 960, 16, 16]",491520,float16,"[1, 960, 16, 16]",491520,float16,N/A,0,0,,,,N/A,
489,,resblock_1,Pad,/Generator/resblock_1/pad/Pad,960,960,16x16,"[1, 960, 18, 18]",622080,float16,"[1, 960, 16, 16]",491520,float16,N/A,0,0,,,,N/A,
490,,,Conv3x3,/Generator/resblock_1/conv1/Conv,960,960,18x18,"[1, 960, 16, 16]",491520,float16,"[1, 960, 18, 18]",622080,float16,"[960, 960, 3, 3]",8294400,16588800,"[3, 3]","[0, 0, 0, 0]","[1, 1]",float16,weight=initializer
491,,,ReduceMean,/Generator/resblock_1/norm1/ReduceMean,960,1,16x16,"[1, 1, 16, 16]",512,float16,"[1, 960, 16, 16]",491520,float16,N/A,0,0,,,,N/A,
492,,,ReduceMean,/Generator/resblock_1/norm1/ReduceMean_1,960,1,16x16,"[1, 1, 16, 16]",512,float16,"[1, 960, 16, 16]",491520,float16,N/A,0,0,,,,N/A,
493,,,Shape,/Generator/resblock_1/norm1/Shape,960,N/A,16x16,[4],32,int64,"[1, 960, 16, 16]",491520,float16,N/A,0,0,,,,N/A,
494,,,Gather,/Generator/resblock_1/norm1/Gather,N/A,N/A,N/A,[1],8,int64,[4],32,int64,N/A,0,0,,,,N/A,
495,,,ReduceProd,/Generator/resblock_1/norm1/ReduceProd,N/A,N/A,N/A,[],8,int64,[1],8,int64,N/A,0,0,,,,N/A,
496,,,Sub,/Generator/resblock_1/norm1/Sub,960,960,16x16,"[1, 960, 16, 16]",491520,float16,"[1, 960, 16, 16]",491520,float16,N/A,0,0,,,,N/A,
497,,,Mul,/Generator/resblock_1/norm1/Mul,960,960,16x16,"[1, 960, 16, 16]",491520,float16,"[1, 960, 16, 16]",491520,float16,N/A,0,0,,,,N/A,
498,,,ReduceMean,/Generator/resblock_1/norm1/ReduceMean_2,960,1,16x16,"[1, 1, 16, 16]",512,float16,"[1, 960, 16, 16]",491520,float16,N/A,0,0,,,,N/A,
499,,,Cast,/Generator/resblock_1/norm1/Cast,N/A,N/A,N/A,[],2,float16,[],8,int64,N/A,0,0,,,,N/A,
500,,,Mul,/Generator/resblock_1/norm1/Mul_1,1,1,16x16,"[1, 1, 16, 16]",512,float16,"[1, 1, 16, 16]",512,float16,N/A,0,0,,,,N/A,
501,,,Sub,/Generator/resblock_1/norm1/Sub_1,N/A,N/A,N/A,[],2,float16,[],2,float16,N/A,0,0,,,,N/A,
502,,,Div,/Generator/resblock_1/norm1/Div,1,1,16x16,"[1, 1, 16, 16]",512,float16,"[1, 1, 16, 16]",512,float16,N/A,0,0,,,,N/A,
503,,,Sub,/Generator/resblock_1/norm1/Sub_2,960,960,16x16,"[1, 960, 16, 16]",491520,float16,"[1, 960, 16, 16]",491520,float16,N/A,0,0,,,,N/A,
504,,,Add,/Generator/resblock_1/norm1/Add,1,1,16x16,"[1, 1, 16, 16]",512,float16,"[1, 1, 16, 16]",512,float16,N/A,0,0,,,,N/A,
505,,,Sqrt,/Generator/resblock_1/norm1/Sqrt,1,1,16x16,"[1, 1, 16, 16]",512,float16,"[1, 1, 16, 16]",512,float16,N/A,0,0,,,,N/A,
506,,,Div,/Generator/resblock_1/norm1/Div_1,N/A,1,N/A,"[1, 1, 16, 16]",512,float16,[],2,float16,N/A,0,0,,,,N/A,
507,,,Mul,/Generator/resblock_1/norm1/Mul_2,960,960,16x16,"[1, 960, 16, 16]",491520,float16,"[1, 960, 16, 16]",491520,float16,N/A,0,0,,,,N/A,
508,,,Mul,/Generator/resblock_1/norm1/Mul_3,N/A,960,N/A,"[1, 960, 16, 16]",491520,float16,N/A,0,N/A,N/A,0,0,,,,N/A,
509,,,Add,/Generator/resblock_1/norm1/Add_1,960,960,16x16,"[1, 960, 16, 16]",491520,float16,"[1, 960, 16, 16]",491520,float16,"[1, 960, 1, 1]",960,1920,,,,float16,
510,,,Relu,/Generator/resblock_1/Relu,960,960,16x16,"[1, 960, 16, 16]",491520,float16,"[1, 960, 16, 16]",491520,float16,N/A,0,0,,,,N/A,
511,,,Pad,/Generator/resblock_1/pad_1/Pad,960,960,16x16,"[1, 960, 18, 18]",622080,float16,"[1, 960, 16, 16]",491520,float16,N/A,0,0,,,,N/A,
512,,,Conv3x3,/Generator/resblock_1/conv2/Conv,960,960,18x18,"[1, 960, 16, 16]",491520,float16,"[1, 960, 18, 18]",622080,float16,"[960, 960, 3, 3]",8294400,16588800,"[3, 3]","[0, 0, 0, 0]","[1, 1]",float16,weight=initializer
513,,,ReduceMean,/Generator/resblock_1/norm2/ReduceMean,960,1,16x16,"[1, 1, 16, 16]",512,float16,"[1, 960, 16, 16]",491520,float16,N/A,0,0,,,,N/A,
514,,,ReduceMean,/Generator/resblock_1/norm2/ReduceMean_1,960,1,16x16,"[1, 1, 16, 16]",512,float16,"[1, 960, 16, 16]",491520,float16,N/A,0,0,,,,N/A,
515,,,Shape,/Generator/resblock_1/norm2/Shape,960,N/A,16x16,[4],32,int64,"[1, 960, 16, 16]",491520,float16,N/A,0,0,,,,N/A,
516,,,Gather,/Generator/resblock_1/norm2/Gather,N/A,N/A,N/A,[1],8,int64,[4],32,int64,N/A,0,0,,,,N/A,
517,,,ReduceProd,/Generator/resblock_1/norm2/ReduceProd,N/A,N/A,N/A,[],8,int64,[1],8,int64,N/A,0,0,,,,N/A,
518,,,Sub,/Generator/resblock_1/norm2/Sub,960,960,16x16,"[1, 960, 16, 16]",491520,float16,"[1, 960, 16, 16]",491520,float16,N/A,0,0,,,,N/A,
519,,,Mul,/Generator/resblock_1/norm2/Mul,960,960,16x16,"[1, 960, 16, 16]",491520,float16,"[1, 960, 16, 16]",491520,float16,N/A,0,0,,,,N/A,
520,,,ReduceMean,/Generator/resblock_1/norm2/ReduceMean_2,960,1,16x16,"[1, 1, 16, 16]",512,float16,"[1, 960, 16, 16]",491520,float16,N/A,0,0,,,,N/A,
521,,,Cast,/Generator/resblock_1/norm2/Cast,N/A,N/A,N/A,[],2,float16,[],8,int64,N/A,0,0,,,,N/A,
522,,,Mul,/Generator/resblock_1/norm2/Mul_1,1,1,16x16,"[1, 1, 16, 16]",512,float16,"[1, 1, 16, 16]",512,float16,N/A,0,0,,,,N/A,
523,,,Sub,/Generator/resblock_1/norm2/Sub_1,N/A,N/A,N/A,[],2,float16,[],2,float16,N/A,0,0,,,,N/A,
524,,,Div,/Generator/resblock_1/norm2/Div,1,1,16x16,"[1, 1, 16, 16]",512,float16,"[1, 1, 16, 16]",512,float16,N/A,0,0,,,,N/A,
525,,,Sub,/Generator/resblock_1/norm2/Sub_2,960,960,16x16,"[1, 960, 16, 16]",491520,float16,"[1, 960, 16, 16]",491520,float16,N/A,0,0,,,,N/A,
526,,,Add,/Generator/resblock_1/norm2/Add,1,1,16x16,"[1, 1, 16, 16]",512,float16,"[1, 1, 16, 16]",512,float16,N/A,0,0,,,,N/A,
527,,,Sqrt,/Generator/resblock_1/norm2/Sqrt,1,1,16x16,"[1, 1, 16, 16]",512,float16,"[1, 1, 16, 16]",512,float16,N/A,0,0,,,,N/A,
528,,,Div,/Generator/resblock_1/norm2/Div_1,N/A,1,N/A,"[1, 1, 16, 16]",512,float16,[],2,float16,N/A,0,0,,,,N/A,
529,,,Mul,/Generator/resblock_1/norm2/Mul_2,960,960,16x16,"[1, 960, 16, 16]",491520,float16,"[1, 960, 16, 16]",491520,float16,N/A,0,0,,,,N/A,
530,,,Mul,/Generator/resblock_1/norm2/Mul_3,N/A,960,N/A,"[1, 960, 16, 16]",491520,float16,N/A,0,N/A,N/A,0,0,,,,N/A,
531,,,Add,/Generator/resblock_1/norm2/Add_1,960,960,16x16,"[1, 960, 16, 16]",491520,float16,"[1, 960, 16, 16]",491520,float16,"[1, 960, 1, 1]",960,1920,,,,float16,
532,,,Add,/Generator/resblock_1/Add,960,960,16x16,"[1, 960, 16, 16]",491520,float16,"[1, 960, 16, 16]",491520,float16,N/A,0,0,,,,N/A,
533,,resblock_2,Pad,/Generator/resblock_2/pad/Pad,960,960,16x16,"[1, 960, 18, 18]",622080,float16,"[1, 960, 16, 16]",491520,float16,N/A,0,0,,,,N/A,
534,,,Conv3x3,/Generator/resblock_2/conv1/Conv,960,960,18x18,"[1, 960, 16, 16]",491520,float16,"[1, 960, 18, 18]",622080,float16,"[960, 960, 3, 3]",8294400,16588800,"[3, 3]","[0, 0, 0, 0]","[1, 1]",float16,weight=initializer
535,,,ReduceMean,/Generator/resblock_2/norm1/ReduceMean,960,1,16x16,"[1, 1, 16, 16]",512,float16,"[1, 960, 16, 16]",491520,float16,N/A,0,0,,,,N/A,
536,,,ReduceMean,/Generator/resblock_2/norm1/ReduceMean_1,960,1,16x16,"[1, 1, 16, 16]",512,float16,"[1, 960, 16, 16]",491520,float16,N/A,0,0,,,,N/A,
537,,,Shape,/Generator/resblock_2/norm1/Shape,960,N/A,16x16,[4],32,int64,"[1, 960, 16, 16]",491520,float16,N/A,0,0,,,,N/A,
538,,,Gather,/Generator/resblock_2/norm1/Gather,N/A,N/A,N/A,[1],8,int64,[4],32,int64,N/A,0,0,,,,N/A,
539,,,ReduceProd,/Generator/resblock_2/norm1/ReduceProd,N/A,N/A,N/A,[],8,int64,[1],8,int64,N/A,0,0,,,,N/A,
540,,,Sub,/Generator/resblock_2/norm1/Sub,960,960,16x16,"[1, 960, 16, 16]",491520,float16,"[1, 960, 16, 16]",491520,float16,N/A,0,0,,,,N/A,
541,,,Mul,/Generator/resblock_2/norm1/Mul,960,960,16x16,"[1, 960, 16, 16]",491520,float16,"[1, 960, 16, 16]",491520,float16,N/A,0,0,,,,N/A,
542,,,ReduceMean,/Generator/resblock_2/norm1/ReduceMean_2,960,1,16x16,"[1, 1, 16, 16]",512,float16,"[1, 960, 16, 16]",491520,float16,N/A,0,0,,,,N/A,
543,,,Cast,/Generator/resblock_2/norm1/Cast,N/A,N/A,N/A,[],2,float16,[],8,int64,N/A,0,0,,,,N/A,
544,,,Mul,/Generator/resblock_2/norm1/Mul_1,1,1,16x16,"[1, 1, 16, 16]",512,float16,"[1, 1, 16, 16]",512,float16,N/A,0,0,,,,N/A,
545,,,Sub,/Generator/resblock_2/norm1/Sub_1,N/A,N/A,N/A,[],2,float16,[],2,float16,N/A,0,0,,,,N/A,
546,,,Div,/Generator/resblock_2/norm1/Div,1,1,16x16,"[1, 1, 16, 16]",512,float16,"[1, 1, 16, 16]",512,float16,N/A,0,0,,,,N/A,
547,,,Sub,/Generator/resblock_2/norm1/Sub_2,960,960,16x16,"[1, 960, 16, 16]",491520,float16,"[1, 960, 16, 16]",491520,float16,N/A,0,0,,,,N/A,
548,,,Add,/Generator/resblock_2/norm1/Add,1,1,16x16,"[1, 1, 16, 16]",512,float16,"[1, 1, 16, 16]",512,float16,N/A,0,0,,,,N/A,
549,,,Sqrt,/Generator/resblock_2/norm1/Sqrt,1,1,16x16,"[1, 1, 16, 16]",512,float16,"[1, 1, 16, 16]",512,float16,N/A,0,0,,,,N/A,
550,,,Div,/Generator/resblock_2/norm1/Div_1,N/A,1,N/A,"[1, 1, 16, 16]",512,float16,[],2,float16,N/A,0,0,,,,N/A,
551,,,Mul,/Generator/resblock_2/norm1/Mul_2,960,960,16x16,"[1, 960, 16, 16]",491520,float16,"[1, 960, 16, 16]",491520,float16,N/A,0,0,,,,N/A,
552,,,Mul,/Generator/resblock_2/norm1/Mul_3,N/A,960,N/A,"[1, 960, 16, 16]",491520,float16,N/A,0,N/A,N/A,0,0,,,,N/A,
553,,,Add,/Generator/resblock_2/norm1/Add_1,960,960,16x16,"[1, 960, 16, 16]",491520,float16,"[1, 960, 16, 16]",491520,float16,"[1, 960, 1, 1]",960,1920,,,,float16,
554,,,Relu,/Generator/resblock_2/Relu,960,960,16x16,"[1, 960, 16, 16]",491520,float16,"[1, 960, 16, 16]",491520,float16,N/A,0,0,,,,N/A,
555,,,Pad,/Generator/resblock_2/pad_1/Pad,960,960,16x16,"[1, 960, 18, 18]",622080,float16,"[1, 960, 16, 16]",491520,float16,N/A,0,0,,,,N/A,
556,,,Conv3x3,/Generator/resblock_2/conv2/Conv,960,960,18x18,"[1, 960, 16, 16]",491520,float16,"[1, 960, 18, 18]",622080,float16,"[960, 960, 3, 3]",8294400,16588800,"[3, 3]","[0, 0, 0, 0]","[1, 1]",float16,weight=initializer
557,,,ReduceMean,/Generator/resblock_2/norm2/ReduceMean,960,1,16x16,"[1, 1, 16, 16]",512,float16,"[1, 960, 16, 16]",491520,float16,N/A,0,0,,,,N/A,
558,,,ReduceMean,/Generator/resblock_2/norm2/ReduceMean_1,960,1,16x16,"[1, 1, 16, 16]",512,float16,"[1, 960, 16, 16]",491520,float16,N/A,0,0,,,,N/A,
559,,,Shape,/Generator/resblock_2/norm2/Shape,960,N/A,16x16,[4],32,int64,"[1, 960, 16, 16]",491520,float16,N/A,0,0,,,,N/A,
560,,,Gather,/Generator/resblock_2/norm2/Gather,N/A,N/A,N/A,[1],8,int64,[4],32,int64,N/A,0,0,,,,N/A,
561,,,ReduceProd,/Generator/resblock_2/norm2/ReduceProd,N/A,N/A,N/A,[],8,int64,[1],8,int64,N/A,0,0,,,,N/A,
562,,,Sub,/Generator/resblock_2/norm2/Sub,960,960,16x16,"[1, 960, 16, 16]",491520,float16,"[1, 960, 16, 16]",491520,float16,N/A,0,0,,,,N/A,
563,,,Mul,/Generator/resblock_2/norm2/Mul,960,960,16x16,"[1, 960, 16, 16]",491520,float16,"[1, 960, 16, 16]",491520,float16,N/A,0,0,,,,N/A,
564,,,ReduceMean,/Generator/resblock_2/norm2/ReduceMean_2,960,1,16x16,"[1, 1, 16, 16]",512,float16,"[1, 960, 16, 16]",491520,float16,N/A,0,0,,,,N/A,
565,,,Cast,/Generator/resblock_2/norm2/Cast,N/A,N/A,N/A,[],2,float16,[],8,int64,N/A,0,0,,,,N/A,
566,,,Mul,/Generator/resblock_2/norm2/Mul_1,1,1,16x16,"[1, 1, 16, 16]",512,float16,"[1, 1, 16, 16]",512,float16,N/A,0,0,,,,N/A,
567,,,Sub,/Generator/resblock_2/norm2/Sub_1,N/A,N/A,N/A,[],2,float16,[],2,float16,N/A,0,0,,,,N/A,
568,,,Div,/Generator/resblock_2/norm2/Div,1,1,16x16,"[1, 1, 16, 16]",512,float16,"[1, 1, 16, 16]",512,float16,N/A,0,0,,,,N/A,
569,,,Sub,/Generator/resblock_2/norm2/Sub_2,960,960,16x16,"[1, 960, 16, 16]",491520,float16,"[1, 960, 16, 16]",491520,float16,N/A,0,0,,,,N/A,
570,,,Add,/Generator/resblock_2/norm2/Add,1,1,16x16,"[1, 1, 16, 16]",512,float16,"[1, 1, 16, 16]",512,float16,N/A,0,0,,,,N/A,
571,,,Sqrt,/Generator/resblock_2/norm2/Sqrt,1,1,16x16,"[1, 1, 16, 16]",512,float16,"[1, 1, 16, 16]",512,float16,N/A,0,0,,,,N/A,
572,,,Div,/Generator/resblock_2/norm2/Div_1,N/A,1,N/A,"[1, 1, 16, 16]",512,float16,[],2,float16,N/A,0,0,,,,N/A,
573,,,Mul,/Generator/resblock_2/norm2/Mul_2,960,960,16x16,"[1, 960, 16, 16]",491520,float16,"[1, 960, 16, 16]",491520,float16,N/A,0,0,,,,N/A,
574,,,Mul,/Generator/resblock_2/norm2/Mul_3,N/A,960,N/A,"[1, 960, 16, 16]",491520,float16,N/A,0,N/A,N/A,0,0,,,,N/A,
575,,,Add,/Generator/resblock_2/norm2/Add_1,960,960,16x16,"[1, 960, 16, 16]",491520,float16,"[1, 960, 16, 16]",491520,float16,"[1, 960, 1, 1]",960,1920,,,,float16,
576,,,Add,/Generator/resblock_2/Add,960,960,16x16,"[1, 960, 16, 16]",491520,float16,"[1, 960, 16, 16]",491520,float16,N/A,0,0,,,,N/A,
577,,resblock_3,Pad,/Generator/resblock_3/pad/Pad,960,960,16x16,"[1, 960, 18, 18]",622080,float16,"[1, 960, 16, 16]",491520,float16,N/A,0,0,,,,N/A,
578,,,Conv3x3,/Generator/resblock_3/conv1/Conv,960,960,18x18,"[1, 960, 16, 16]",491520,float16,"[1, 960, 18, 18]",622080,float16,"[960, 960, 3, 3]",8294400,16588800,"[3, 3]","[0, 0, 0, 0]","[1, 1]",float16,weight=initializer
579,,,ReduceMean,/Generator/resblock_3/norm1/ReduceMean,960,1,16x16,"[1, 1, 16, 16]",512,float16,"[1, 960, 16, 16]",491520,float16,N/A,0,0,,,,N/A,
580,,,ReduceMean,/Generator/resblock_3/norm1/ReduceMean_1,960,1,16x16,"[1, 1, 16, 16]",512,float16,"[1, 960, 16, 16]",491520,float16,N/A,0,0,,,,N/A,
581,,,Shape,/Generator/resblock_3/norm1/Shape,960,N/A,16x16,[4],32,int64,"[1, 960, 16, 16]",491520,float16,N/A,0,0,,,,N/A,
582,,,Gather,/Generator/resblock_3/norm1/Gather,N/A,N/A,N/A,[1],8,int64,[4],32,int64,N/A,0,0,,,,N/A,
583,,,ReduceProd,/Generator/resblock_3/norm1/ReduceProd,N/A,N/A,N/A,[],8,int64,[1],8,int64,N/A,0,0,,,,N/A,
584,,,Sub,/Generator/resblock_3/norm1/Sub,960,960,16x16,"[1, 960, 16, 16]",491520,float16,"[1, 960, 16, 16]",491520,float16,N/A,0,0,,,,N/A,
585,,,Mul,/Generator/resblock_3/norm1/Mul,960,960,16x16,"[1, 960, 16, 16]",491520,float16,"[1, 960, 16, 16]",491520,float16,N/A,0,0,,,,N/A,
586,,,ReduceMean,/Generator/resblock_3/norm1/ReduceMean_2,960,1,16x16,"[1, 1, 16, 16]",512,float16,"[1, 960, 16, 16]",491520,float16,N/A,0,0,,,,N/A,
587,,,Cast,/Generator/resblock_3/norm1/Cast,N/A,N/A,N/A,[],2,float16,[],8,int64,N/A,0,0,,,,N/A,
588,,,Mul,/Generator/resblock_3/norm1/Mul_1,1,1,16x16,"[1, 1, 16, 16]",512,float16,"[1, 1, 16, 16]",512,float16,N/A,0,0,,,,N/A,
589,,,Sub,/Generator/resblock_3/norm1/Sub_1,N/A,N/A,N/A,[],2,float16,[],2,float16,N/A,0,0,,,,N/A,
590,,,Div,/Generator/resblock_3/norm1/Div,1,1,16x16,"[1, 1, 16, 16]",512,float16,"[1, 1, 16, 16]",512,float16,N/A,0,0,,,,N/A,
591,,,Sub,/Generator/resblock_3/norm1/Sub_2,960,960,16x16,"[1, 960, 16, 16]",491520,float16,"[1, 960, 16, 16]",491520,float16,N/A,0,0,,,,N/A,
592,,,Add,/Generator/resblock_3/norm1/Add,1,1,16x16,"[1, 1, 16, 16]",512,float16,"[1, 1, 16, 16]",512,float16,N/A,0,0,,,,N/A,
593,,,Sqrt,/Generator/resblock_3/norm1/Sqrt,1,1,16x16,"[1, 1, 16, 16]",512,float16,"[1, 1, 16, 16]",512,float16,N/A,0,0,,,,N/A,
594,,,Div,/Generator/resblock_3/norm1/Div_1,N/A,1,N/A,"[1, 1, 16, 16]",512,float16,[],2,float16,N/A,0,0,,,,N/A,
595,,,Mul,/Generator/resblock_3/norm1/Mul_2,960,960,16x16,"[1, 960, 16, 16]",491520,float16,"[1, 960, 16, 16]",491520,float16,N/A,0,0,,,,N/A,
596,,,Mul,/Generator/resblock_3/norm1/Mul_3,N/A,960,N/A,"[1, 960, 16, 16]",491520,float16,N/A,0,N/A,N/A,0,0,,,,N/A,
597,,,Add,/Generator/resblock_3/norm1/Add_1,960,960,16x16,"[1, 960, 16, 16]",491520,float16,"[1, 960, 16, 16]",491520,float16,"[1, 960, 1, 1]",960,1920,,,,float16,
598,,,Relu,/Generator/resblock_3/Relu,960,960,16x16,"[1, 960, 16, 16]",491520,float16,"[1, 960, 16, 16]",491520,float16,N/A,0,0,,,,N/A,
599,,,Pad,/Generator/resblock_3/pad_1/Pad,960,960,16x16,"[1, 960, 18, 18]",622080,float16,"[1, 960, 16, 16]",491520,float16,N/A,0,0,,,,N/A,
600,,,Conv3x3,/Generator/resblock_3/conv2/Conv,960,960,18x18,"[1, 960, 16, 16]",491520,float16,"[1, 960, 18, 18]",622080,float16,"[960, 960, 3, 3]",8294400,16588800,"[3, 3]","[0, 0, 0, 0]","[1, 1]",float16,weight=initializer
601,,,ReduceMean,/Generator/resblock_3/norm2/ReduceMean,960,1,16x16,"[1, 1, 16, 16]",512,float16,"[1, 960, 16, 16]",491520,float16,N/A,0,0,,,,N/A,
602,,,ReduceMean,/Generator/resblock_3/norm2/ReduceMean_1,960,1,16x16,"[1, 1, 16, 16]",512,float16,"[1, 960, 16, 16]",491520,float16,N/A,0,0,,,,N/A,
603,,,Shape,/Generator/resblock_3/norm2/Shape,960,N/A,16x16,[4],32,int64,"[1, 960, 16, 16]",491520,float16,N/A,0,0,,,,N/A,
604,,,Gather,/Generator/resblock_3/norm2/Gather,N/A,N/A,N/A,[1],8,int64,[4],32,int64,N/A,0,0,,,,N/A,
605,,,ReduceProd,/Generator/resblock_3/norm2/ReduceProd,N/A,N/A,N/A,[],8,int64,[1],8,int64,N/A,0,0,,,,N/A,
606,,,Sub,/Generator/resblock_3/norm2/Sub,960,960,16x16,"[1, 960, 16, 16]",491520,float16,"[1, 960, 16, 16]",491520,float16,N/A,0,0,,,,N/A,
607,,,Mul,/Generator/resblock_3/norm2/Mul,960,960,16x16,"[1, 960, 16, 16]",491520,float16,"[1, 960, 16, 16]",491520,float16,N/A,0,0,,,,N/A,
608,,,ReduceMean,/Generator/resblock_3/norm2/ReduceMean_2,960,1,16x16,"[1, 1, 16, 16]",512,float16,"[1, 960, 16, 16]",491520,float16,N/A,0,0,,,,N/A,
609,,,Cast,/Generator/resblock_3/norm2/Cast,N/A,N/A,N/A,[],2,float16,[],8,int64,N/A,0,0,,,,N/A,
610,,,Mul,/Generator/resblock_3/norm2/Mul_1,1,1,16x16,"[1, 1, 16, 16]",512,float16,"[1, 1, 16, 16]",512,float16,N/A,0,0,,,,N/A,
611,,,Sub,/Generator/resblock_3/norm2/Sub_1,N/A,N/A,N/A,[],2,float16,[],2,float16,N/A,0,0,,,,N/A,
612,,,Div,/Generator/resblock_3/norm2/Div,1,1,16x16,"[1, 1, 16, 16]",512,float16,"[1, 1, 16, 16]",512,float16,N/A,0,0,,,,N/A,
613,,,Sub,/Generator/resblock_3/norm2/Sub_2,960,960,16x16,"[1, 960, 16, 16]",491520,float16,"[1, 960, 16, 16]",491520,float16,N/A,0,0,,,,N/A,
614,,,Add,/Generator/resblock_3/norm2/Add,1,1,16x16,"[1, 1, 16, 16]",512,float16,"[1, 1, 16, 16]",512,float16,N/A,0,0,,,,N/A,
615,,,Sqrt,/Generator/resblock_3/norm2/Sqrt,1,1,16x16,"[1, 1, 16, 16]",512,float16,"[1, 1, 16, 16]",512,float16,N/A,0,0,,,,N/A,
616,,,Div,/Generator/resblock_3/norm2/Div_1,N/A,1,N/A,"[1, 1, 16, 16]",512,float16,[],2,float16,N/A,0,0,,,,N/A,
617,,,Mul,/Generator/resblock_3/norm2/Mul_2,960,960,16x16,"[1, 960, 16, 16]",491520,float16,"[1, 960, 16, 16]",491520,float16,N/A,0,0,,,,N/A,
618,,,Mul,/Generator/resblock_3/norm2/Mul_3,N/A,960,N/A,"[1, 960, 16, 16]",491520,float16,N/A,0,N/A,N/A,0,0,,,,N/A,
619,,,Add,/Generator/resblock_3/norm2/Add_1,960,960,16x16,"[1, 960, 16, 16]",491520,float16,"[1, 960, 16, 16]",491520,float16,"[1, 960, 1, 1]",960,1920,,,,float16,
620,,,Add,/Generator/resblock_3/Add,960,960,16x16,"[1, 960, 16, 16]",491520,float16,"[1, 960, 16, 16]",491520,float16,N/A,0,0,,,,N/A,
621,,resblock_4,Pad,/Generator/resblock_4/pad/Pad,960,960,16x16,"[1, 960, 18, 18]",622080,float16,"[1, 960, 16, 16]",491520,float16,N/A,0,0,,,,N/A,
622,,,Conv3x3,/Generator/resblock_4/conv1/Conv,960,960,18x18,"[1, 960, 16, 16]",491520,float16,"[1, 960, 18, 18]",622080,float16,"[960, 960, 3, 3]",8294400,16588800,"[3, 3]","[0, 0, 0, 0]","[1, 1]",float16,weight=initializer
623,,,ReduceMean,/Generator/resblock_4/norm1/ReduceMean,960,1,16x16,"[1, 1, 16, 16]",512,float16,"[1, 960, 16, 16]",491520,float16,N/A,0,0,,,,N/A,
624,,,ReduceMean,/Generator/resblock_4/norm1/ReduceMean_1,960,1,16x16,"[1, 1, 16, 16]",512,float16,"[1, 960, 16, 16]",491520,float16,N/A,0,0,,,,N/A,
625,,,Shape,/Generator/resblock_4/norm1/Shape,960,N/A,16x16,[4],32,int64,"[1, 960, 16, 16]",491520,float16,N/A,0,0,,,,N/A,
626,,,Gather,/Generator/resblock_4/norm1/Gather,N/A,N/A,N/A,[1],8,int64,[4],32,int64,N/A,0,0,,,,N/A,
627,,,ReduceProd,/Generator/resblock_4/norm1/ReduceProd,N/A,N/A,N/A,[],8,int64,[1],8,int64,N/A,0,0,,,,N/A,
628,,,Sub,/Generator/resblock_4/norm1/Sub,960,960,16x16,"[1, 960, 16, 16]",491520,float16,"[1, 960, 16, 16]",491520,float16,N/A,0,0,,,,N/A,
629,,,Mul,/Generator/resblock_4/norm1/Mul,960,960,16x16,"[1, 960, 16, 16]",491520,float16,"[1, 960, 16, 16]",491520,float16,N/A,0,0,,,,N/A,
630,,,ReduceMean,/Generator/resblock_4/norm1/ReduceMean_2,960,1,16x16,"[1, 1, 16, 16]",512,float16,"[1, 960, 16, 16]",491520,float16,N/A,0,0,,,,N/A,
631,,,Cast,/Generator/resblock_4/norm1/Cast,N/A,N/A,N/A,[],2,float16,[],8,int64,N/A,0,0,,,,N/A,
632,,,Mul,/Generator/resblock_4/norm1/Mul_1,1,1,16x16,"[1, 1, 16, 16]",512,float16,"[1, 1, 16, 16]",512,float16,N/A,0,0,,,,N/A,
633,,,Sub,/Generator/resblock_4/norm1/Sub_1,N/A,N/A,N/A,[],2,float16,[],2,float16,N/A,0,0,,,,N/A,
634,,,Div,/Generator/resblock_4/norm1/Div,1,1,16x16,"[1, 1, 16, 16]",512,float16,"[1, 1, 16, 16]",512,float16,N/A,0,0,,,,N/A,
635,,,Sub,/Generator/resblock_4/norm1/Sub_2,960,960,16x16,"[1, 960, 16, 16]",491520,float16,"[1, 960, 16, 16]",491520,float16,N/A,0,0,,,,N/A,
636,,,Add,/Generator/resblock_4/norm1/Add,1,1,16x16,"[1, 1, 16, 16]",512,float16,"[1, 1, 16, 16]",512,float16,N/A,0,0,,,,N/A,
637,,,Sqrt,/Generator/resblock_4/norm1/Sqrt,1,1,16x16,"[1, 1, 16, 16]",512,float16,"[1, 1, 16, 16]",512,float16,N/A,0,0,,,,N/A,
638,,,Div,/Generator/resblock_4/norm1/Div_1,N/A,1,N/A,"[1, 1, 16, 16]",512,float16,[],2,float16,N/A,0,0,,,,N/A,
639,,,Mul,/Generator/resblock_4/norm1/Mul_2,960,960,16x16,"[1, 960, 16, 16]",491520,float16,"[1, 960, 16, 16]",491520,float16,N/A,0,0,,,,N/A,
640,,,Mul,/Generator/resblock_4/norm1/Mul_3,N/A,960,N/A,"[1, 960, 16, 16]",491520,float16,N/A,0,N/A,N/A,0,0,,,,N/A,
641,,,Add,/Generator/resblock_4/norm1/Add_1,960,960,16x16,"[1, 960, 16, 16]",491520,float16,"[1, 960, 16, 16]",491520,float16,"[1, 960, 1, 1]",960,1920,,,,float16,
642,,,Relu,/Generator/resblock_4/Relu,960,960,16x16,"[1, 960, 16, 16]",491520,float16,"[1, 960, 16, 16]",491520,float16,N/A,0,0,,,,N/A,
643,,,Pad,/Generator/resblock_4/pad_1/Pad,960,960,16x16,"[1, 960, 18, 18]",622080,float16,"[1, 960, 16, 16]",491520,float16,N/A,0,0,,,,N/A,
644,,,Conv3x3,/Generator/resblock_4/conv2/Conv,960,960,18x18,"[1, 960, 16, 16]",491520,float16,"[1, 960, 18, 18]",622080,float16,"[960, 960, 3, 3]",8294400,16588800,"[3, 3]","[0, 0, 0, 0]","[1, 1]",float16,weight=initializer
645,,,ReduceMean,/Generator/resblock_4/norm2/ReduceMean,960,1,16x16,"[1, 1, 16, 16]",512,float16,"[1, 960, 16, 16]",491520,float16,N/A,0,0,,,,N/A,
646,,,ReduceMean,/Generator/resblock_4/norm2/ReduceMean_1,960,1,16x16,"[1, 1, 16, 16]",512,float16,"[1, 960, 16, 16]",491520,float16,N/A,0,0,,,,N/A,
647,,,Shape,/Generator/resblock_4/norm2/Shape,960,N/A,16x16,[4],32,int64,"[1, 960, 16, 16]",491520,float16,N/A,0,0,,,,N/A,
648,,,Gather,/Generator/resblock_4/norm2/Gather,N/A,N/A,N/A,[1],8,int64,[4],32,int64,N/A,0,0,,,,N/A,
649,,,ReduceProd,/Generator/resblock_4/norm2/ReduceProd,N/A,N/A,N/A,[],8,int64,[1],8,int64,N/A,0,0,,,,N/A,
650,,,Sub,/Generator/resblock_4/norm2/Sub,960,960,16x16,"[1, 960, 16, 16]",491520,float16,"[1, 960, 16, 16]",491520,float16,N/A,0,0,,,,N/A,
651,,,Mul,/Generator/resblock_4/norm2/Mul,960,960,16x16,"[1, 960, 16, 16]",491520,float16,"[1, 960, 16, 16]",491520,float16,N/A,0,0,,,,N/A,
652,,,ReduceMean,/Generator/resblock_4/norm2/ReduceMean_2,960,1,16x16,"[1, 1, 16, 16]",512,float16,"[1, 960, 16, 16]",491520,float16,N/A,0,0,,,,N/A,
653,,,Cast,/Generator/resblock_4/norm2/Cast,N/A,N/A,N/A,[],2,float16,[],8,int64,N/A,0,0,,,,N/A,
654,,,Mul,/Generator/resblock_4/norm2/Mul_1,1,1,16x16,"[1, 1, 16, 16]",512,float16,"[1, 1, 16, 16]",512,float16,N/A,0,0,,,,N/A,
655,,,Sub,/Generator/resblock_4/norm2/Sub_1,N/A,N/A,N/A,[],2,float16,[],2,float16,N/A,0,0,,,,N/A,
656,,,Div,/Generator/resblock_4/norm2/Div,1,1,16x16,"[1, 1, 16, 16]",512,float16,"[1, 1, 16, 16]",512,float16,N/A,0,0,,,,N/A,
657,,,Sub,/Generator/resblock_4/norm2/Sub_2,960,960,16x16,"[1, 960, 16, 16]",491520,float16,"[1, 960, 16, 16]",491520,float16,N/A,0,0,,,,N/A,
658,,,Add,/Generator/resblock_4/norm2/Add,1,1,16x16,"[1, 1, 16, 16]",512,float16,"[1, 1, 16, 16]",512,float16,N/A,0,0,,,,N/A,
659,,,Sqrt,/Generator/resblock_4/norm2/Sqrt,1,1,16x16,"[1, 1, 16, 16]",512,float16,"[1, 1, 16, 16]",512,float16,N/A,0,0,,,,N/A,
660,,,Div,/Generator/resblock_4/norm2/Div_1,N/A,1,N/A,"[1, 1, 16, 16]",512,float16,[],2,float16,N/A,0,0,,,,N/A,
661,,,Mul,/Generator/resblock_4/norm2/Mul_2,960,960,16x16,"[1, 960, 16, 16]",491520,float16,"[1, 960, 16, 16]",491520,float16,N/A,0,0,,,,N/A,
662,,,Mul,/Generator/resblock_4/norm2/Mul_3,N/A,960,N/A,"[1, 960, 16, 16]",491520,float16,N/A,0,N/A,N/A,0,0,,,,N/A,
663,,,Add,/Generator/resblock_4/norm2/Add_1,960,960,16x16,"[1, 960, 16, 16]",491520,float16,"[1, 960, 16, 16]",491520,float16,"[1, 960, 1, 1]",960,1920,,,,float16,
664,,,Add,/Generator/resblock_4/Add,960,960,16x16,"[1, 960, 16, 16]",491520,float16,"[1, 960, 16, 16]",491520,float16,N/A,0,0,,,,N/A,
665,,resblock_5,Pad,/Generator/resblock_5/pad/Pad,960,960,16x16,"[1, 960, 18, 18]",622080,float16,"[1, 960, 16, 16]",491520,float16,N/A,0,0,,,,N/A,
666,,,Conv3x3,/Generator/resblock_5/conv1/Conv,960,960,18x18,"[1, 960, 16, 16]",491520,float16,"[1, 960, 18, 18]",622080,float16,"[960, 960, 3, 3]",8294400,16588800,"[3, 3]","[0, 0, 0, 0]","[1, 1]",float16,weight=initializer
667,,,ReduceMean,/Generator/resblock_5/norm1/ReduceMean,960,1,16x16,"[1, 1, 16, 16]",512,float16,"[1, 960, 16, 16]",491520,float16,N/A,0,0,,,,N/A,
668,,,ReduceMean,/Generator/resblock_5/norm1/ReduceMean_1,960,1,16x16,"[1, 1, 16, 16]",512,float16,"[1, 960, 16, 16]",491520,float16,N/A,0,0,,,,N/A,
669,,,Shape,/Generator/resblock_5/norm1/Shape,960,N/A,16x16,[4],32,int64,"[1, 960, 16, 16]",491520,float16,N/A,0,0,,,,N/A,
670,,,Gather,/Generator/resblock_5/norm1/Gather,N/A,N/A,N/A,[1],8,int64,[4],32,int64,N/A,0,0,,,,N/A,
671,,,ReduceProd,/Generator/resblock_5/norm1/ReduceProd,N/A,N/A,N/A,[],8,int64,[1],8,int64,N/A,0,0,,,,N/A,
672,,,Sub,/Generator/resblock_5/norm1/Sub,960,960,16x16,"[1, 960, 16, 16]",491520,float16,"[1, 960, 16, 16]",491520,float16,N/A,0,0,,,,N/A,
673,,,Mul,/Generator/resblock_5/norm1/Mul,960,960,16x16,"[1, 960, 16, 16]",491520,float16,"[1, 960, 16, 16]",491520,float16,N/A,0,0,,,,N/A,
674,,,ReduceMean,/Generator/resblock_5/norm1/ReduceMean_2,960,1,16x16,"[1, 1, 16, 16]",512,float16,"[1, 960, 16, 16]",491520,float16,N/A,0,0,,,,N/A,
675,,,Cast,/Generator/resblock_5/norm1/Cast,N/A,N/A,N/A,[],2,float16,[],8,int64,N/A,0,0,,,,N/A,
676,,,Mul,/Generator/resblock_5/norm1/Mul_1,1,1,16x16,"[1, 1, 16, 16]",512,float16,"[1, 1, 16, 16]",512,float16,N/A,0,0,,,,N/A,
677,,,Sub,/Generator/resblock_5/norm1/Sub_1,N/A,N/A,N/A,[],2,float16,[],2,float16,N/A,0,0,,,,N/A,
678,,,Div,/Generator/resblock_5/norm1/Div,1,1,16x16,"[1, 1, 16, 16]",512,float16,"[1, 1, 16, 16]",512,float16,N/A,0,0,,,,N/A,
679,,,Sub,/Generator/resblock_5/norm1/Sub_2,960,960,16x16,"[1, 960, 16, 16]",491520,float16,"[1, 960, 16, 16]",491520,float16,N/A,0,0,,,,N/A,
680,,,Add,/Generator/resblock_5/norm1/Add,1,1,16x16,"[1, 1, 16, 16]",512,float16,"[1, 1, 16, 16]",512,float16,N/A,0,0,,,,N/A,
681,,,Sqrt,/Generator/resblock_5/norm1/Sqrt,1,1,16x16,"[1, 1, 16, 16]",512,float16,"[1, 1, 16, 16]",512,float16,N/A,0,0,,,,N/A,
682,,,Div,/Generator/resblock_5/norm1/Div_1,N/A,1,N/A,"[1, 1, 16, 16]",512,float16,[],2,float16,N/A,0,0,,,,N/A,
683,,,Mul,/Generator/resblock_5/norm1/Mul_2,960,960,16x16,"[1, 960, 16, 16]",491520,float16,"[1, 960, 16, 16]",491520,float16,N/A,0,0,,,,N/A,
684,,,Mul,/Generator/resblock_5/norm1/Mul_3,N/A,960,N/A,"[1, 960, 16, 16]",491520,float16,N/A,0,N/A,N/A,0,0,,,,N/A,
685,,,Add,/Generator/resblock_5/norm1/Add_1,960,960,16x16,"[1, 960, 16, 16]",491520,float16,"[1, 960, 16, 16]",491520,float16,"[1, 960, 1, 1]",960,1920,,,,float16,
686,,,Relu,/Generator/resblock_5/Relu,960,960,16x16,"[1, 960, 16, 16]",491520,float16,"[1, 960, 16, 16]",491520,float16,N/A,0,0,,,,N/A,
687,,,Pad,/Generator/resblock_5/pad_1/Pad,960,960,16x16,"[1, 960, 18, 18]",622080,float16,"[1, 960, 16, 16]",491520,float16,N/A,0,0,,,,N/A,
688,,,Conv3x3,/Generator/resblock_5/conv2/Conv,960,960,18x18,"[1, 960, 16, 16]",491520,float16,"[1, 960, 18, 18]",622080,float16,"[960, 960, 3, 3]",8294400,16588800,"[3, 3]","[0, 0, 0, 0]","[1, 1]",float16,weight=initializer
689,,,ReduceMean,/Generator/resblock_5/norm2/ReduceMean,960,1,16x16,"[1, 1, 16, 16]",512,float16,"[1, 960, 16, 16]",491520,float16,N/A,0,0,,,,N/A,
690,,,ReduceMean,/Generator/resblock_5/norm2/ReduceMean_1,960,1,16x16,"[1, 1, 16, 16]",512,float16,"[1, 960, 16, 16]",491520,float16,N/A,0,0,,,,N/A,
691,,,Shape,/Generator/resblock_5/norm2/Shape,960,N/A,16x16,[4],32,int64,"[1, 960, 16, 16]",491520,float16,N/A,0,0,,,,N/A,
692,,,Gather,/Generator/resblock_5/norm2/Gather,N/A,N/A,N/A,[1],8,int64,[4],32,int64,N/A,0,0,,,,N/A,
693,,,ReduceProd,/Generator/resblock_5/norm2/ReduceProd,N/A,N/A,N/A,[],8,int64,[1],8,int64,N/A,0,0,,,,N/A,
694,,,Sub,/Generator/resblock_5/norm2/Sub,960,960,16x16,"[1, 960, 16, 16]",491520,float16,"[1, 960, 16, 16]",491520,float16,N/A,0,0,,,,N/A,
695,,,Mul,/Generator/resblock_5/norm2/Mul,960,960,16x16,"[1, 960, 16, 16]",491520,float16,"[1, 960, 16, 16]",491520,float16,N/A,0,0,,,,N/A,
696,,,ReduceMean,/Generator/resblock_5/norm2/ReduceMean_2,960,1,16x16,"[1, 1, 16, 16]",512,float16,"[1, 960, 16, 16]",491520,float16,N/A,0,0,,,,N/A,
697,,,Cast,/Generator/resblock_5/norm2/Cast,N/A,N/A,N/A,[],2,float16,[],8,int64,N/A,0,0,,,,N/A,
698,,,Mul,/Generator/resblock_5/norm2/Mul_1,1,1,16x16,"[1, 1, 16, 16]",512,float16,"[1, 1, 16, 16]",512,float16,N/A,0,0,,,,N/A,
699,,,Sub,/Generator/resblock_5/norm2/Sub_1,N/A,N/A,N/A,[],2,float16,[],2,float16,N/A,0,0,,,,N/A,
700,,,Div,/Generator/resblock_5/norm2/Div,1,1,16x16,"[1, 1, 16, 16]",512,float16,"[1, 1, 16, 16]",512,float16,N/A,0,0,,,,N/A,
701,,,Sub,/Generator/resblock_5/norm2/Sub_2,960,960,16x16,"[1, 960, 16, 16]",491520,float16,"[1, 960, 16, 16]",491520,float16,N/A,0,0,,,,N/A,
702,,,Add,/Generator/resblock_5/norm2/Add,1,1,16x16,"[1, 1, 16, 16]",512,float16,"[1, 1, 16, 16]",512,float16,N/A,0,0,,,,N/A,
703,,,Sqrt,/Generator/resblock_5/norm2/Sqrt,1,1,16x16,"[1, 1, 16, 16]",512,float16,"[1, 1, 16, 16]",512,float16,N/A,0,0,,,,N/A,
704,,,Div,/Generator/resblock_5/norm2/Div_1,N/A,1,N/A,"[1, 1, 16, 16]",512,float16,[],2,float16,N/A,0,0,,,,N/A,
705,,,Mul,/Generator/resblock_5/norm2/Mul_2,960,960,16x16,"[1, 960, 16, 16]",491520,float16,"[1, 960, 16, 16]",491520,float16,N/A,0,0,,,,N/A,
706,,,Mul,/Generator/resblock_5/norm2/Mul_3,N/A,960,N/A,"[1, 960, 16, 16]",491520,float16,N/A,0,N/A,N/A,0,0,,,,N/A,
707,,,Add,/Generator/resblock_5/norm2/Add_1,960,960,16x16,"[1, 960, 16, 16]",491520,float16,"[1, 960, 16, 16]",491520,float16,"[1, 960, 1, 1]",960,1920,,,,float16,
708,,,Add,/Generator/resblock_5/Add,960,960,16x16,"[1, 960, 16, 16]",491520,float16,"[1, 960, 16, 16]",491520,float16,N/A,0,0,,,,N/A,
709,,resblock_6,Pad,/Generator/resblock_6/pad/Pad,960,960,16x16,"[1, 960, 18, 18]",622080,float16,"[1, 960, 16, 16]",491520,float16,N/A,0,0,,,,N/A,
710,,,Conv3x3,/Generator/resblock_6/conv1/Conv,960,960,18x18,"[1, 960, 16, 16]",491520,float16,"[1, 960, 18, 18]",622080,float16,"[960, 960, 3, 3]",8294400,16588800,"[3, 3]","[0, 0, 0, 0]","[1, 1]",float16,weight=initializer
711,,,ReduceMean,/Generator/resblock_6/norm1/ReduceMean,960,1,16x16,"[1, 1, 16, 16]",512,float16,"[1, 960, 16, 16]",491520,float16,N/A,0,0,,,,N/A,
712,,,ReduceMean,/Generator/resblock_6/norm1/ReduceMean_1,960,1,16x16,"[1, 1, 16, 16]",512,float16,"[1, 960, 16, 16]",491520,float16,N/A,0,0,,,,N/A,
713,,,Shape,/Generator/resblock_6/norm1/Shape,960,N/A,16x16,[4],32,int64,"[1, 960, 16, 16]",491520,float16,N/A,0,0,,,,N/A,
714,,,Gather,/Generator/resblock_6/norm1/Gather,N/A,N/A,N/A,[1],8,int64,[4],32,int64,N/A,0,0,,,,N/A,
715,,,ReduceProd,/Generator/resblock_6/norm1/ReduceProd,N/A,N/A,N/A,[],8,int64,[1],8,int64,N/A,0,0,,,,N/A,
716,,,Sub,/Generator/resblock_6/norm1/Sub,960,960,16x16,"[1, 960, 16, 16]",491520,float16,"[1, 960, 16, 16]",491520,float16,N/A,0,0,,,,N/A,
717,,,Mul,/Generator/resblock_6/norm1/Mul,960,960,16x16,"[1, 960, 16, 16]",491520,float16,"[1, 960, 16, 16]",491520,float16,N/A,0,0,,,,N/A,
718,,,ReduceMean,/Generator/resblock_6/norm1/ReduceMean_2,960,1,16x16,"[1, 1, 16, 16]",512,float16,"[1, 960, 16, 16]",491520,float16,N/A,0,0,,,,N/A,
719,,,Cast,/Generator/resblock_6/norm1/Cast,N/A,N/A,N/A,[],2,float16,[],8,int64,N/A,0,0,,,,N/A,
720,,,Mul,/Generator/resblock_6/norm1/Mul_1,1,1,16x16,"[1, 1, 16, 16]",512,float16,"[1, 1, 16, 16]",512,float16,N/A,0,0,,,,N/A,
721,,,Sub,/Generator/resblock_6/norm1/Sub_1,N/A,N/A,N/A,[],2,float16,[],2,float16,N/A,0,0,,,,N/A,
722,,,Div,/Generator/resblock_6/norm1/Div,1,1,16x16,"[1, 1, 16, 16]",512,float16,"[1, 1, 16, 16]",512,float16,N/A,0,0,,,,N/A,
723,,,Sub,/Generator/resblock_6/norm1/Sub_2,960,960,16x16,"[1, 960, 16, 16]",491520,float16,"[1, 960, 16, 16]",491520,float16,N/A,0,0,,,,N/A,
724,,,Add,/Generator/resblock_6/norm1/Add,1,1,16x16,"[1, 1, 16, 16]",512,float16,"[1, 1, 16, 16]",512,float16,N/A,0,0,,,,N/A,
725,,,Sqrt,/Generator/resblock_6/norm1/Sqrt,1,1,16x16,"[1, 1, 16, 16]",512,float16,"[1, 1, 16, 16]",512,float16,N/A,0,0,,,,N/A,
726,,,Div,/Generator/resblock_6/norm1/Div_1,N/A,1,N/A,"[1, 1, 16, 16]",512,float16,[],2,float16,N/A,0,0,,,,N/A,
727,,,Mul,/Generator/resblock_6/norm1/Mul_2,960,960,16x16,"[1, 960, 16, 16]",491520,float16,"[1, 960, 16, 16]",491520,float16,N/A,0,0,,,,N/A,
728,,,Mul,/Generator/resblock_6/norm1/Mul_3,N/A,960,N/A,"[1, 960, 16, 16]",491520,float16,N/A,0,N/A,N/A,0,0,,,,N/A,
729,,,Add,/Generator/resblock_6/norm1/Add_1,960,960,16x16,"[1, 960, 16, 16]",491520,float16,"[1, 960, 16, 16]",491520,float16,"[1, 960, 1, 1]",960,1920,,,,float16,
730,,,Relu,/Generator/resblock_6/Relu,960,960,16x16,"[1, 960, 16, 16]",491520,float16,"[1, 960, 16, 16]",491520,float16,N/A,0,0,,,,N/A,
731,,,Pad,/Generator/resblock_6/pad_1/Pad,960,960,16x16,"[1, 960, 18, 18]",622080,float16,"[1, 960, 16, 16]",491520,float16,N/A,0,0,,,,N/A,
732,,,Conv3x3,/Generator/resblock_6/conv2/Conv,960,960,18x18,"[1, 960, 16, 16]",491520,float16,"[1, 960, 18, 18]",622080,float16,"[960, 960, 3, 3]",8294400,16588800,"[3, 3]","[0, 0, 0, 0]","[1, 1]",float16,weight=initializer
733,,,ReduceMean,/Generator/resblock_6/norm2/ReduceMean,960,1,16x16,"[1, 1, 16, 16]",512,float16,"[1, 960, 16, 16]",491520,float16,N/A,0,0,,,,N/A,
734,,,ReduceMean,/Generator/resblock_6/norm2/ReduceMean_1,960,1,16x16,"[1, 1, 16, 16]",512,float16,"[1, 960, 16, 16]",491520,float16,N/A,0,0,,,,N/A,
735,,,Shape,/Generator/resblock_6/norm2/Shape,960,N/A,16x16,[4],32,int64,"[1, 960, 16, 16]",491520,float16,N/A,0,0,,,,N/A,
736,,,Gather,/Generator/resblock_6/norm2/Gather,N/A,N/A,N/A,[1],8,int64,[4],32,int64,N/A,0,0,,,,N/A,
737,,,ReduceProd,/Generator/resblock_6/norm2/ReduceProd,N/A,N/A,N/A,[],8,int64,[1],8,int64,N/A,0,0,,,,N/A,
738,,,Sub,/Generator/resblock_6/norm2/Sub,960,960,16x16,"[1, 960, 16, 16]",491520,float16,"[1, 960, 16, 16]",491520,float16,N/A,0,0,,,,N/A,
739,,,Mul,/Generator/resblock_6/norm2/Mul,960,960,16x16,"[1, 960, 16, 16]",491520,float16,"[1, 960, 16, 16]",491520,float16,N/A,0,0,,,,N/A,
740,,,ReduceMean,/Generator/resblock_6/norm2/ReduceMean_2,960,1,16x16,"[1, 1, 16, 16]",512,float16,"[1, 960, 16, 16]",491520,float16,N/A,0,0,,,,N/A,
741,,,Cast,/Generator/resblock_6/norm2/Cast,N/A,N/A,N/A,[],2,float16,[],8,int64,N/A,0,0,,,,N/A,
742,,,Mul,/Generator/resblock_6/norm2/Mul_1,1,1,16x16,"[1, 1, 16, 16]",512,float16,"[1, 1, 16, 16]",512,float16,N/A,0,0,,,,N/A,
743,,,Sub,/Generator/resblock_6/norm2/Sub_1,N/A,N/A,N/A,[],2,float16,[],2,float16,N/A,0,0,,,,N/A,
744,,,Div,/Generator/resblock_6/norm2/Div,1,1,16x16,"[1, 1, 16, 16]",512,float16,"[1, 1, 16, 16]",512,float16,N/A,0,0,,,,N/A,
745,,,Sub,/Generator/resblock_6/norm2/Sub_2,960,960,16x16,"[1, 960, 16, 16]",491520,float16,"[1, 960, 16, 16]",491520,float16,N/A,0,0,,,,N/A,
746,,,Add,/Generator/resblock_6/norm2/Add,1,1,16x16,"[1, 1, 16, 16]",512,float16,"[1, 1, 16, 16]",512,float16,N/A,0,0,,,,N/A,
747,,,Sqrt,/Generator/resblock_6/norm2/Sqrt,1,1,16x16,"[1, 1, 16, 16]",512,float16,"[1, 1, 16, 16]",512,float16,N/A,0,0,,,,N/A,
748,,,Div,/Generator/resblock_6/norm2/Div_1,N/A,1,N/A,"[1, 1, 16, 16]",512,float16,[],2,float16,N/A,0,0,,,,N/A,
749,,,Mul,/Generator/resblock_6/norm2/Mul_2,960,960,16x16,"[1, 960, 16, 16]",491520,float16,"[1, 960, 16, 16]",491520,float16,N/A,0,0,,,,N/A,
750,,,Mul,/Generator/resblock_6/norm2/Mul_3,N/A,960,N/A,"[1, 960, 16, 16]",491520,float16,N/A,0,N/A,N/A,0,0,,,,N/A,
751,,,Add,/Generator/resblock_6/norm2/Add_1,960,960,16x16,"[1, 960, 16, 16]",491520,float16,"[1, 960, 16, 16]",491520,float16,"[1, 960, 1, 1]",960,1920,,,,float16,
752,,,Add,/Generator/resblock_6/Add,960,960,16x16,"[1, 960, 16, 16]",491520,float16,"[1, 960, 16, 16]",491520,float16,N/A,0,0,,,,N/A,
753,,resblock_7,Pad,/Generator/resblock_7/pad/Pad,960,960,16x16,"[1, 960, 18, 18]",622080,float16,"[1, 960, 16, 16]",491520,float16,N/A,0,0,,,,N/A,
754,,,Conv3x3,/Generator/resblock_7/conv1/Conv,960,960,18x18,"[1, 960, 16, 16]",491520,float16,"[1, 960, 18, 18]",622080,float16,"[960, 960, 3, 3]",8294400,16588800,"[3, 3]","[0, 0, 0, 0]","[1, 1]",float16,weight=initializer
755,,,ReduceMean,/Generator/resblock_7/norm1/ReduceMean,960,1,16x16,"[1, 1, 16, 16]",512,float16,"[1, 960, 16, 16]",491520,float16,N/A,0,0,,,,N/A,
756,,,ReduceMean,/Generator/resblock_7/norm1/ReduceMean_1,960,1,16x16,"[1, 1, 16, 16]",512,float16,"[1, 960, 16, 16]",491520,float16,N/A,0,0,,,,N/A,
757,,,Shape,/Generator/resblock_7/norm1/Shape,960,N/A,16x16,[4],32,int64,"[1, 960, 16, 16]",491520,float16,N/A,0,0,,,,N/A,
758,,,Gather,/Generator/resblock_7/norm1/Gather,N/A,N/A,N/A,[1],8,int64,[4],32,int64,N/A,0,0,,,,N/A,
759,,,ReduceProd,/Generator/resblock_7/norm1/ReduceProd,N/A,N/A,N/A,[],8,int64,[1],8,int64,N/A,0,0,,,,N/A,
760,,,Sub,/Generator/resblock_7/norm1/Sub,960,960,16x16,"[1, 960, 16, 16]",491520,float16,"[1, 960, 16, 16]",491520,float16,N/A,0,0,,,,N/A,
761,,,Mul,/Generator/resblock_7/norm1/Mul,960,960,16x16,"[1, 960, 16, 16]",491520,float16,"[1, 960, 16, 16]",491520,float16,N/A,0,0,,,,N/A,
762,,,ReduceMean,/Generator/resblock_7/norm1/ReduceMean_2,960,1,16x16,"[1, 1, 16, 16]",512,float16,"[1, 960, 16, 16]",491520,float16,N/A,0,0,,,,N/A,
763,,,Cast,/Generator/resblock_7/norm1/Cast,N/A,N/A,N/A,[],2,float16,[],8,int64,N/A,0,0,,,,N/A,
764,,,Mul,/Generator/resblock_7/norm1/Mul_1,1,1,16x16,"[1, 1, 16, 16]",512,float16,"[1, 1, 16, 16]",512,float16,N/A,0,0,,,,N/A,
765,,,Sub,/Generator/resblock_7/norm1/Sub_1,N/A,N/A,N/A,[],2,float16,[],2,float16,N/A,0,0,,,,N/A,
766,,,Div,/Generator/resblock_7/norm1/Div,1,1,16x16,"[1, 1, 16, 16]",512,float16,"[1, 1, 16, 16]",512,float16,N/A,0,0,,,,N/A,
767,,,Sub,/Generator/resblock_7/norm1/Sub_2,960,960,16x16,"[1, 960, 16, 16]",491520,float16,"[1, 960, 16, 16]",491520,float16,N/A,0,0,,,,N/A,
768,,,Add,/Generator/resblock_7/norm1/Add,1,1,16x16,"[1, 1, 16, 16]",512,float16,"[1, 1, 16, 16]",512,float16,N/A,0,0,,,,N/A,
769,,,Sqrt,/Generator/resblock_7/norm1/Sqrt,1,1,16x16,"[1, 1, 16, 16]",512,float16,"[1, 1, 16, 16]",512,float16,N/A,0,0,,,,N/A,
770,,,Div,/Generator/resblock_7/norm1/Div_1,N/A,1,N/A,"[1, 1, 16, 16]",512,float16,[],2,float16,N/A,0,0,,,,N/A,
771,,,Mul,/Generator/resblock_7/norm1/Mul_2,960,960,16x16,"[1, 960, 16, 16]",491520,float16,"[1, 960, 16, 16]",491520,float16,N/A,0,0,,,,N/A,
772,,,Mul,/Generator/resblock_7/norm1/Mul_3,N/A,960,N/A,"[1, 960, 16, 16]",491520,float16,N/A,0,N/A,N/A,0,0,,,,N/A,
773,,,Add,/Generator/resblock_7/norm1/Add_1,960,960,16x16,"[1, 960, 16, 16]",491520,float16,"[1, 960, 16, 16]",491520,float16,"[1, 960, 1, 1]",960,1920,,,,float16,
774,,,Relu,/Generator/resblock_7/Relu,960,960,16x16,"[1, 960, 16, 16]",491520,float16,"[1, 960, 16, 16]",491520,float16,N/A,0,0,,,,N/A,
775,,,Pad,/Generator/resblock_7/pad_1/Pad,960,960,16x16,"[1, 960, 18, 18]",622080,float16,"[1, 960, 16, 16]",491520,float16,N/A,0,0,,,,N/A,
776,,,Conv3x3,/Generator/resblock_7/conv2/Conv,960,960,18x18,"[1, 960, 16, 16]",491520,float16,"[1, 960, 18, 18]",622080,float16,"[960, 960, 3, 3]",8294400,16588800,"[3, 3]","[0, 0, 0, 0]","[1, 1]",float16,weight=initializer
777,,,ReduceMean,/Generator/resblock_7/norm2/ReduceMean,960,1,16x16,"[1, 1, 16, 16]",512,float16,"[1, 960, 16, 16]",491520,float16,N/A,0,0,,,,N/A,
778,,,ReduceMean,/Generator/resblock_7/norm2/ReduceMean_1,960,1,16x16,"[1, 1, 16, 16]",512,float16,"[1, 960, 16, 16]",491520,float16,N/A,0,0,,,,N/A,
779,,,Shape,/Generator/resblock_7/norm2/Shape,960,N/A,16x16,[4],32,int64,"[1, 960, 16, 16]",491520,float16,N/A,0,0,,,,N/A,
780,,,Gather,/Generator/resblock_7/norm2/Gather,N/A,N/A,N/A,[1],8,int64,[4],32,int64,N/A,0,0,,,,N/A,
781,,,ReduceProd,/Generator/resblock_7/norm2/ReduceProd,N/A,N/A,N/A,[],8,int64,[1],8,int64,N/A,0,0,,,,N/A,
782,,,Sub,/Generator/resblock_7/norm2/Sub,960,960,16x16,"[1, 960, 16, 16]",491520,float16,"[1, 960, 16, 16]",491520,float16,N/A,0,0,,,,N/A,
783,,,Mul,/Generator/resblock_7/norm2/Mul,960,960,16x16,"[1, 960, 16, 16]",491520,float16,"[1, 960, 16, 16]",491520,float16,N/A,0,0,,,,N/A,
784,,,ReduceMean,/Generator/resblock_7/norm2/ReduceMean_2,960,1,16x16,"[1, 1, 16, 16]",512,float16,"[1, 960, 16, 16]",491520,float16,N/A,0,0,,,,N/A,
785,,,Cast,/Generator/resblock_7/norm2/Cast,N/A,N/A,N/A,[],2,float16,[],8,int64,N/A,0,0,,,,N/A,
786,,,Mul,/Generator/resblock_7/norm2/Mul_1,1,1,16x16,"[1, 1, 16, 16]",512,float16,"[1, 1, 16, 16]",512,float16,N/A,0,0,,,,N/A,
787,,,Sub,/Generator/resblock_7/norm2/Sub_1,N/A,N/A,N/A,[],2,float16,[],2,float16,N/A,0,0,,,,N/A,
788,,,Div,/Generator/resblock_7/norm2/Div,1,1,16x16,"[1, 1, 16, 16]",512,float16,"[1, 1, 16, 16]",512,float16,N/A,0,0,,,,N/A,
789,,,Sub,/Generator/resblock_7/norm2/Sub_2,960,960,16x16,"[1, 960, 16, 16]",491520,float16,"[1, 960, 16, 16]",491520,float16,N/A,0,0,,,,N/A,
790,,,Add,/Generator/resblock_7/norm2/Add,1,1,16x16,"[1, 1, 16, 16]",512,float16,"[1, 1, 16, 16]",512,float16,N/A,0,0,,,,N/A,
791,,,Sqrt,/Generator/resblock_7/norm2/Sqrt,1,1,16x16,"[1, 1, 16, 16]",512,float16,"[1, 1, 16, 16]",512,float16,N/A,0,0,,,,N/A,
792,,,Div,/Generator/resblock_7/norm2/Div_1,N/A,1,N/A,"[1, 1, 16, 16]",512,float16,[],2,float16,N/A,0,0,,,,N/A,
793,,,Mul,/Generator/resblock_7/norm2/Mul_2,960,960,16x16,"[1, 960, 16, 16]",491520,float16,"[1, 960, 16, 16]",491520,float16,N/A,0,0,,,,N/A,
794,,,Mul,/Generator/resblock_7/norm2/Mul_3,N/A,960,N/A,"[1, 960, 16, 16]",491520,float16,N/A,0,N/A,N/A,0,0,,,,N/A,
795,,,Add,/Generator/resblock_7/norm2/Add_1,960,960,16x16,"[1, 960, 16, 16]",491520,float16,"[1, 960, 16, 16]",491520,float16,"[1, 960, 1, 1]",960,1920,,,,float16,
796,,,Add,/Generator/resblock_7/Add,960,960,16x16,"[1, 960, 16, 16]",491520,float16,"[1, 960, 16, 16]",491520,float16,N/A,0,0,,,,N/A,
797,,resblock_8,Pad,/Generator/resblock_8/pad/Pad,960,960,16x16,"[1, 960, 18, 18]",622080,float16,"[1, 960, 16, 16]",491520,float16,N/A,0,0,,,,N/A,
798,,,Conv3x3,/Generator/resblock_8/conv1/Conv,960,960,18x18,"[1, 960, 16, 16]",491520,float16,"[1, 960, 18, 18]",622080,float16,"[960, 960, 3, 3]",8294400,16588800,"[3, 3]","[0, 0, 0, 0]","[1, 1]",float16,weight=initializer
799,,,ReduceMean,/Generator/resblock_8/norm1/ReduceMean,960,1,16x16,"[1, 1, 16, 16]",512,float16,"[1, 960, 16, 16]",491520,float16,N/A,0,0,,,,N/A,
800,,,ReduceMean,/Generator/resblock_8/norm1/ReduceMean_1,960,1,16x16,"[1, 1, 16, 16]",512,float16,"[1, 960, 16, 16]",491520,float16,N/A,0,0,,,,N/A,
801,,,Shape,/Generator/resblock_8/norm1/Shape,960,N/A,16x16,[4],32,int64,"[1, 960, 16, 16]",491520,float16,N/A,0,0,,,,N/A,
802,,,Gather,/Generator/resblock_8/norm1/Gather,N/A,N/A,N/A,[1],8,int64,[4],32,int64,N/A,0,0,,,,N/A,
803,,,ReduceProd,/Generator/resblock_8/norm1/ReduceProd,N/A,N/A,N/A,[],8,int64,[1],8,int64,N/A,0,0,,,,N/A,
804,,,Sub,/Generator/resblock_8/norm1/Sub,960,960,16x16,"[1, 960, 16, 16]",491520,float16,"[1, 960, 16, 16]",491520,float16,N/A,0,0,,,,N/A,
805,,,Mul,/Generator/resblock_8/norm1/Mul,960,960,16x16,"[1, 960, 16, 16]",491520,float16,"[1, 960, 16, 16]",491520,float16,N/A,0,0,,,,N/A,
806,,,ReduceMean,/Generator/resblock_8/norm1/ReduceMean_2,960,1,16x16,"[1, 1, 16, 16]",512,float16,"[1, 960, 16, 16]",491520,float16,N/A,0,0,,,,N/A,
807,,,Cast,/Generator/resblock_8/norm1/Cast,N/A,N/A,N/A,[],2,float16,[],8,int64,N/A,0,0,,,,N/A,
808,,,Mul,/Generator/resblock_8/norm1/Mul_1,1,1,16x16,"[1, 1, 16, 16]",512,float16,"[1, 1, 16, 16]",512,float16,N/A,0,0,,,,N/A,
809,,,Sub,/Generator/resblock_8/norm1/Sub_1,N/A,N/A,N/A,[],2,float16,[],2,float16,N/A,0,0,,,,N/A,
810,,,Div,/Generator/resblock_8/norm1/Div,1,1,16x16,"[1, 1, 16, 16]",512,float16,"[1, 1, 16, 16]",512,float16,N/A,0,0,,,,N/A,
811,,,Sub,/Generator/resblock_8/norm1/Sub_2,960,960,16x16,"[1, 960, 16, 16]",491520,float16,"[1, 960, 16, 16]",491520,float16,N/A,0,0,,,,N/A,
812,,,Add,/Generator/resblock_8/norm1/Add,1,1,16x16,"[1, 1, 16, 16]",512,float16,"[1, 1, 16, 16]",512,float16,N/A,0,0,,,,N/A,
813,,,Sqrt,/Generator/resblock_8/norm1/Sqrt,1,1,16x16,"[1, 1, 16, 16]",512,float16,"[1, 1, 16, 16]",512,float16,N/A,0,0,,,,N/A,
814,,,Div,/Generator/resblock_8/norm1/Div_1,N/A,1,N/A,"[1, 1, 16, 16]",512,float16,[],2,float16,N/A,0,0,,,,N/A,
815,,,Mul,/Generator/resblock_8/norm1/Mul_2,960,960,16x16,"[1, 960, 16, 16]",491520,float16,"[1, 960, 16, 16]",491520,float16,N/A,0,0,,,,N/A,
816,,,Mul,/Generator/resblock_8/norm1/Mul_3,N/A,960,N/A,"[1, 960, 16, 16]",491520,float16,N/A,0,N/A,N/A,0,0,,,,N/A,
817,,,Add,/Generator/resblock_8/norm1/Add_1,960,960,16x16,"[1, 960, 16, 16]",491520,float16,"[1, 960, 16, 16]",491520,float16,"[1, 960, 1, 1]",960,1920,,,,float16,
818,,,Relu,/Generator/resblock_8/Relu,960,960,16x16,"[1, 960, 16, 16]",491520,float16,"[1, 960, 16, 16]",491520,float16,N/A,0,0,,,,N/A,
819,,,Pad,/Generator/resblock_8/pad_1/Pad,960,960,16x16,"[1, 960, 18, 18]",622080,float16,"[1, 960, 16, 16]",491520,float16,N/A,0,0,,,,N/A,
820,,,Conv3x3,/Generator/resblock_8/conv2/Conv,960,960,18x18,"[1, 960, 16, 16]",491520,float16,"[1, 960, 18, 18]",622080,float16,"[960, 960, 3, 3]",8294400,16588800,"[3, 3]","[0, 0, 0, 0]","[1, 1]",float16,weight=initializer
821,,,ReduceMean,/Generator/resblock_8/norm2/ReduceMean,960,1,16x16,"[1, 1, 16, 16]",512,float16,"[1, 960, 16, 16]",491520,float16,N/A,0,0,,,,N/A,
822,,,ReduceMean,/Generator/resblock_8/norm2/ReduceMean_1,960,1,16x16,"[1, 1, 16, 16]",512,float16,"[1, 960, 16, 16]",491520,float16,N/A,0,0,,,,N/A,
823,,,Shape,/Generator/resblock_8/norm2/Shape,960,N/A,16x16,[4],32,int64,"[1, 960, 16, 16]",491520,float16,N/A,0,0,,,,N/A,
824,,,Gather,/Generator/resblock_8/norm2/Gather,N/A,N/A,N/A,[1],8,int64,[4],32,int64,N/A,0,0,,,,N/A,
825,,,ReduceProd,/Generator/resblock_8/norm2/ReduceProd,N/A,N/A,N/A,[],8,int64,[1],8,int64,N/A,0,0,,,,N/A,
826,,,Sub,/Generator/resblock_8/norm2/Sub,960,960,16x16,"[1, 960, 16, 16]",491520,float16,"[1, 960, 16, 16]",491520,float16,N/A,0,0,,,,N/A,
827,,,Mul,/Generator/resblock_8/norm2/Mul,960,960,16x16,"[1, 960, 16, 16]",491520,float16,"[1, 960, 16, 16]",491520,float16,N/A,0,0,,,,N/A,
828,,,ReduceMean,/Generator/resblock_8/norm2/ReduceMean_2,960,1,16x16,"[1, 1, 16, 16]",512,float16,"[1, 960, 16, 16]",491520,float16,N/A,0,0,,,,N/A,
829,,,Cast,/Generator/resblock_8/norm2/Cast,N/A,N/A,N/A,[],2,float16,[],8,int64,N/A,0,0,,,,N/A,
830,,,Mul,/Generator/resblock_8/norm2/Mul_1,1,1,16x16,"[1, 1, 16, 16]",512,float16,"[1, 1, 16, 16]",512,float16,N/A,0,0,,,,N/A,
831,,,Sub,/Generator/resblock_8/norm2/Sub_1,N/A,N/A,N/A,[],2,float16,[],2,float16,N/A,0,0,,,,N/A,
832,,,Div,/Generator/resblock_8/norm2/Div,1,1,16x16,"[1, 1, 16, 16]",512,float16,"[1, 1, 16, 16]",512,float16,N/A,0,0,,,,N/A,
833,,,Sub,/Generator/resblock_8/norm2/Sub_2,960,960,16x16,"[1, 960, 16, 16]",491520,float16,"[1, 960, 16, 16]",491520,float16,N/A,0,0,,,,N/A,
834,,,Add,/Generator/resblock_8/norm2/Add,1,1,16x16,"[1, 1, 16, 16]",512,float16,"[1, 1, 16, 16]",512,float16,N/A,0,0,,,,N/A,
835,,,Sqrt,/Generator/resblock_8/norm2/Sqrt,1,1,16x16,"[1, 1, 16, 16]",512,float16,"[1, 1, 16, 16]",512,float16,N/A,0,0,,,,N/A,
836,,,Div,/Generator/resblock_8/norm2/Div_1,N/A,1,N/A,"[1, 1, 16, 16]",512,float16,[],2,float16,N/A,0,0,,,,N/A,
837,,,Mul,/Generator/resblock_8/norm2/Mul_2,960,960,16x16,"[1, 960, 16, 16]",491520,float16,"[1, 960, 16, 16]",491520,float16,N/A,0,0,,,,N/A,
838,,,Mul,/Generator/resblock_8/norm2/Mul_3,N/A,960,N/A,"[1, 960, 16, 16]",491520,float16,N/A,0,N/A,N/A,0,0,,,,N/A,
839,,,Add,/Generator/resblock_8/norm2/Add_1,960,960,16x16,"[1, 960, 16, 16]",491520,float16,"[1, 960, 16, 16]",491520,float16,"[1, 960, 1, 1]",960,1920,,,,float16,
840,,,Add,/Generator/resblock_8/Add,960,960,16x16,"[1, 960, 16, 16]",491520,float16,"[1, 960, 16, 16]",491520,float16,N/A,0,0,,,,N/A,
841,,Add,Add,/Generator/Add,960,960,16x16,"[1, 960, 16, 16]",491520,float16,"[1, 960, 16, 16]",491520,float16,N/A,0,0,,,,N/A,
842,,upconv_block1,ConvTranspose3x3,/Generator/upconv_block1/upconv_block1.0/ConvTranspose,960, ,16x16,"[1, 480, 32, 32]",983040,float16,"[1, 960, 16, 16]",491520,float16,"[960, 480, 3, 3]",4147200,8294400,"[3, 3]","[1, 1, 1, 1]","[2, 2]",float16,weight=initializer
843,,,ReduceMean,/Generator/upconv_block1/upconv_block1.1/ReduceMean,480,1,32x32,"[1, 1, 32, 32]",2048,float16,"[1, 480, 32, 32]",983040,float16,N/A,0,0,,,,N/A,
844,,,ReduceMean,/Generator/upconv_block1/upconv_block1.1/ReduceMean_1,480,1,32x32,"[1, 1, 32, 32]",2048,float16,"[1, 480, 32, 32]",983040,float16,N/A,0,0,,,,N/A,
845,,,Shape,/Generator/upconv_block1/upconv_block1.1/Shape,480,N/A,32x32,[4],32,int64,"[1, 480, 32, 32]",983040,float16,N/A,0,0,,,,N/A,
846,,,Gather,/Generator/upconv_block1/upconv_block1.1/Gather,N/A,N/A,N/A,[1],8,int64,[4],32,int64,N/A,0,0,,,,N/A,
847,,,ReduceProd,/Generator/upconv_block1/upconv_block1.1/ReduceProd,N/A,N/A,N/A,[],8,int64,[1],8,int64,N/A,0,0,,,,N/A,
848,,,Sub,/Generator/upconv_block1/upconv_block1.1/Sub,480,480,32x32,"[1, 480, 32, 32]",983040,float16,"[1, 480, 32, 32]",983040,float16,N/A,0,0,,,,N/A,
849,,,Mul,/Generator/upconv_block1/upconv_block1.1/Mul,480,480,32x32,"[1, 480, 32, 32]",983040,float16,"[1, 480, 32, 32]",983040,float16,N/A,0,0,,,,N/A,
850,,,ReduceMean,/Generator/upconv_block1/upconv_block1.1/ReduceMean_2,480,1,32x32,"[1, 1, 32, 32]",2048,float16,"[1, 480, 32, 32]",983040,float16,N/A,0,0,,,,N/A,
851,,,Cast,/Generator/upconv_block1/upconv_block1.1/Cast,N/A,N/A,N/A,[],2,float16,[],8,int64,N/A,0,0,,,,N/A,
852,,,Mul,/Generator/upconv_block1/upconv_block1.1/Mul_1,1,1,32x32,"[1, 1, 32, 32]",2048,float16,"[1, 1, 32, 32]",2048,float16,N/A,0,0,,,,N/A,
853,,,Sub,/Generator/upconv_block1/upconv_block1.1/Sub_1,N/A,N/A,N/A,[],2,float16,[],2,float16,N/A,0,0,,,,N/A,
854,,,Div,/Generator/upconv_block1/upconv_block1.1/Div,1,1,32x32,"[1, 1, 32, 32]",2048,float16,"[1, 1, 32, 32]",2048,float16,N/A,0,0,,,,N/A,
855,,,Sub,/Generator/upconv_block1/upconv_block1.1/Sub_2,480,480,32x32,"[1, 480, 32, 32]",983040,float16,"[1, 480, 32, 32]",983040,float16,N/A,0,0,,,,N/A,
856,,,Add,/Generator/upconv_block1/upconv_block1.1/Add,1,1,32x32,"[1, 1, 32, 32]",2048,float16,"[1, 1, 32, 32]",2048,float16,N/A,0,0,,,,N/A,
857,,,Sqrt,/Generator/upconv_block1/upconv_block1.1/Sqrt,1,1,32x32,"[1, 1, 32, 32]",2048,float16,"[1, 1, 32, 32]",2048,float16,N/A,0,0,,,,N/A,
858,,,Div,/Generator/upconv_block1/upconv_block1.1/Div_1,N/A,1,N/A,"[1, 1, 32, 32]",2048,float16,[],2,float16,N/A,0,0,,,,N/A,
859,,,Mul,/Generator/upconv_block1/upconv_block1.1/Mul_2,480,480,32x32,"[1, 480, 32, 32]",983040,float16,"[1, 480, 32, 32]",983040,float16,N/A,0,0,,,,N/A,
860,,,Mul,/Generator/upconv_block1/upconv_block1.1/Mul_3,N/A,480,N/A,"[1, 480, 32, 32]",983040,float16,N/A,0,N/A,N/A,0,0,,,,N/A,
861,,,Add,/Generator/upconv_block1/upconv_block1.1/Add_1,480,480,32x32,"[1, 480, 32, 32]",983040,float16,"[1, 480, 32, 32]",983040,float16,"[1, 480, 1, 1]",480,960,,,,float16,
862,,,Relu,/Generator/upconv_block1/upconv_block1.2/Relu,480,480,32x32,"[1, 480, 32, 32]",983040,float16,"[1, 480, 32, 32]",983040,float16,N/A,0,0,,,,N/A,
863,,upconv_block2,ConvTranspose3x3,/Generator/upconv_block2/upconv_block2.0/ConvTranspose,480,240,32x32,"[1, 240, 64, 64]",1966080,float16,"[1, 480, 32, 32]",983040,float16,"[480, 240, 3, 3]",1036800,2073600,"[3, 3]","[1, 1, 1, 1]","[2, 2]",float16,weight=initializer
864,,,ReduceMean,/Generator/upconv_block2/upconv_block2.1/ReduceMean,240,1,64x64,"[1, 1, 64, 64]",8192,float16,"[1, 240, 64, 64]",1966080,float16,N/A,0,0,,,,N/A,
865,,,ReduceMean,/Generator/upconv_block2/upconv_block2.1/ReduceMean_1,240,1,64x64,"[1, 1, 64, 64]",8192,float16,"[1, 240, 64, 64]",1966080,float16,N/A,0,0,,,,N/A,
866,,,Shape,/Generator/upconv_block2/upconv_block2.1/Shape,240,N/A,64x64,[4],32,int64,"[1, 240, 64, 64]",1966080,float16,N/A,0,0,,,,N/A,
867,,,Gather,/Generator/upconv_block2/upconv_block2.1/Gather,N/A,N/A,N/A,[1],8,int64,[4],32,int64,N/A,0,0,,,,N/A,
868,,,ReduceProd,/Generator/upconv_block2/upconv_block2.1/ReduceProd,N/A,N/A,N/A,[],8,int64,[1],8,int64,N/A,0,0,,,,N/A,
869,,,Sub,/Generator/upconv_block2/upconv_block2.1/Sub,240,240,64x64,"[1, 240, 64, 64]",1966080,float16,"[1, 240, 64, 64]",1966080,float16,N/A,0,0,,,,N/A,
870,,,Mul,/Generator/upconv_block2/upconv_block2.1/Mul,240,240,64x64,"[1, 240, 64, 64]",1966080,float16,"[1, 240, 64, 64]",1966080,float16,N/A,0,0,,,,N/A,
871,,,ReduceMean,/Generator/upconv_block2/upconv_block2.1/ReduceMean_2,240,1,64x64,"[1, 1, 64, 64]",8192,float16,"[1, 240, 64, 64]",1966080,float16,N/A,0,0,,,,N/A,
872,,,Cast,/Generator/upconv_block2/upconv_block2.1/Cast,N/A,N/A,N/A,[],2,float16,[],8,int64,N/A,0,0,,,,N/A,
873,,,Mul,/Generator/upconv_block2/upconv_block2.1/Mul_1,1,1,64x64,"[1, 1, 64, 64]",8192,float16,"[1, 1, 64, 64]",8192,float16,N/A,0,0,,,,N/A,
874,,,Sub,/Generator/upconv_block2/upconv_block2.1/Sub_1,N/A,N/A,N/A,[],2,float16,[],2,float16,N/A,0,0,,,,N/A,
875,,,Div,/Generator/upconv_block2/upconv_block2.1/Div,1,1,64x64,"[1, 1, 64, 64]",8192,float16,"[1, 1, 64, 64]",8192,float16,N/A,0,0,,,,N/A,
876,,,Sub,/Generator/upconv_block2/upconv_block2.1/Sub_2,240,240,64x64,"[1, 240, 64, 64]",1966080,float16,"[1, 240, 64, 64]",1966080,float16,N/A,0,0,,,,N/A,
877,,,Add,/Generator/upconv_block2/upconv_block2.1/Add,1,1,64x64,"[1, 1, 64, 64]",8192,float16,"[1, 1, 64, 64]",8192,float16,N/A,0,0,,,,N/A,
878,,,Sqrt,/Generator/upconv_block2/upconv_block2.1/Sqrt,1,1,64x64,"[1, 1, 64, 64]",8192,float16,"[1, 1, 64, 64]",8192,float16,N/A,0,0,,,,N/A,
879,,,Div,/Generator/upconv_block2/upconv_block2.1/Div_1,N/A,1,N/A,"[1, 1, 64, 64]",8192,float16,[],2,float16,N/A,0,0,,,,N/A,
880,,,Mul,/Generator/upconv_block2/upconv_block2.1/Mul_2,240,240,64x64,"[1, 240, 64, 64]",1966080,float16,"[1, 240, 64, 64]",1966080,float16,N/A,0,0,,,,N/A,
881,,,Mul,/Generator/upconv_block2/upconv_block2.1/Mul_3,N/A,240,N/A,"[1, 240, 64, 64]",1966080,float16,N/A,0,N/A,N/A,0,0,,,,N/A,
882,,,Add,/Generator/upconv_block2/upconv_block2.1/Add_1,240,240,64x64,"[1, 240, 64, 64]",1966080,float16,"[1, 240, 64, 64]",1966080,float16,"[1, 240, 1, 1]",240,480,,,,float16,
883,,,Relu,/Generator/upconv_block2/upconv_block2.2/Relu,240,240,64x64,"[1, 240, 64, 64]",1966080,float16,"[1, 240, 64, 64]",1966080,float16,N/A,0,0,,,,N/A,
884,,upconv_block3,ConvTranspose3x3,/Generator/upconv_block3/upconv_block3.0/ConvTranspose,240,120,64x64,"[1, 120, 128, 128]",3932160,float16,"[1, 240, 64, 64]",1966080,float16,"[240, 120, 3, 3]",259200,518400,"[3, 3]","[1, 1, 1, 1]","[2, 2]",float16,weight=initializer
885,,,ReduceMean,/Generator/upconv_block3/upconv_block3.1/ReduceMean,120,1,128x128,"[1, 1, 128, 128]",32768,float16,"[1, 120, 128, 128]",3932160,float16,N/A,0,0,,,,N/A,
886,,,ReduceMean,/Generator/upconv_block3/upconv_block3.1/ReduceMean_1,120,1,128x128,"[1, 1, 128, 128]",32768,float16,"[1, 120, 128, 128]",3932160,float16,N/A,0,0,,,,N/A,
887,,,Shape,/Generator/upconv_block3/upconv_block3.1/Shape,120,N/A,128x128,[4],32,int64,"[1, 120, 128, 128]",3932160,float16,N/A,0,0,,,,N/A,
888,,,Gather,/Generator/upconv_block3/upconv_block3.1/Gather,N/A,N/A,N/A,[1],8,int64,[4],32,int64,N/A,0,0,,,,N/A,
889,,,ReduceProd,/Generator/upconv_block3/upconv_block3.1/ReduceProd,N/A,N/A,N/A,[],8,int64,[1],8,int64,N/A,0,0,,,,N/A,
890,,,Sub,/Generator/upconv_block3/upconv_block3.1/Sub,120,120,128x128,"[1, 120, 128, 128]",3932160,float16,"[1, 120, 128, 128]",3932160,float16,N/A,0,0,,,,N/A,
891,,,Mul,/Generator/upconv_block3/upconv_block3.1/Mul,120,120,128x128,"[1, 120, 128, 128]",3932160,float16,"[1, 120, 128, 128]",3932160,float16,N/A,0,0,,,,N/A,
892,,,ReduceMean,/Generator/upconv_block3/upconv_block3.1/ReduceMean_2,120,1,128x128,"[1, 1, 128, 128]",32768,float16,"[1, 120, 128, 128]",3932160,float16,N/A,0,0,,,,N/A,
893,,,Cast,/Generator/upconv_block3/upconv_block3.1/Cast,N/A,N/A,N/A,[],2,float16,[],8,int64,N/A,0,0,,,,N/A,
894,,,Mul,/Generator/upconv_block3/upconv_block3.1/Mul_1,1,1,128x128,"[1, 1, 128, 128]",32768,float16,"[1, 1, 128, 128]",32768,float16,N/A,0,0,,,,N/A,
895,,,Sub,/Generator/upconv_block3/upconv_block3.1/Sub_1,N/A,N/A,N/A,[],2,float16,[],2,float16,N/A,0,0,,,,N/A,
896,,,Div,/Generator/upconv_block3/upconv_block3.1/Div,1,1,128x128,"[1, 1, 128, 128]",32768,float16,"[1, 1, 128, 128]",32768,float16,N/A,0,0,,,,N/A,
897,,,Sub,/Generator/upconv_block3/upconv_block3.1/Sub_2,120,120,128x128,"[1, 120, 128, 128]",3932160,float16,"[1, 120, 128, 128]",3932160,float16,N/A,0,0,,,,N/A,
898,,,Add,/Generator/upconv_block3/upconv_block3.1/Add,1,1,128x128,"[1, 1, 128, 128]",32768,float16,"[1, 1, 128, 128]",32768,float16,N/A,0,0,,,,N/A,
899,,,Sqrt,/Generator/upconv_block3/upconv_block3.1/Sqrt,1,1,128x128,"[1, 1, 128, 128]",32768,float16,"[1, 1, 128, 128]",32768,float16,N/A,0,0,,,,N/A,
900,,,Div,/Generator/upconv_block3/upconv_block3.1/Div_1,N/A,1,N/A,"[1, 1, 128, 128]",32768,float16,[],2,float16,N/A,0,0,,,,N/A,
901,,,Mul,/Generator/upconv_block3/upconv_block3.1/Mul_2,120,120,128x128,"[1, 120, 128, 128]",3932160,float16,"[1, 120, 128, 128]",3932160,float16,N/A,0,0,,,,N/A,
902,,,Mul,/Generator/upconv_block3/upconv_block3.1/Mul_3,N/A,120,N/A,"[1, 120, 128, 128]",3932160,float16,N/A,0,N/A,N/A,0,0,,,,N/A,
903,,,Add,/Generator/upconv_block3/upconv_block3.1/Add_1,120,120,128x128,"[1, 120, 128, 128]",3932160,float16,"[1, 120, 128, 128]",3932160,float16,"[1, 120, 1, 1]",120,240,,,,float16,
904,,,Relu,/Generator/upconv_block3/upconv_block3.2/Relu,120,120,128x128,"[1, 120, 128, 128]",3932160,float16,"[1, 120, 128, 128]",3932160,float16,N/A,0,0,,,,N/A,
905,,upconv_block4,ConvTranspose3x3,/Generator/upconv_block4/upconv_block4.0/ConvTranspose,120,60,128x128,"[1, 60, 256, 256]",7864320,float16,"[1, 120, 128, 128]",3932160,float16,"[120, 60, 3, 3]",64800,129600,"[3, 3]","[1, 1, 1, 1]","[2, 2]",float16,weight=initializer
906,,,ReduceMean,/Generator/upconv_block4/upconv_block4.1/ReduceMean,60,1,256x256,"[1, 1, 256, 256]",131072,float16,"[1, 60, 256, 256]",7864320,float16,N/A,0,0,,,,N/A,
907,,,ReduceMean,/Generator/upconv_block4/upconv_block4.1/ReduceMean_1,60,1,256x256,"[1, 1, 256, 256]",131072,float16,"[1, 60, 256, 256]",7864320,float16,N/A,0,0,,,,N/A,
908,,,Shape,/Generator/upconv_block4/upconv_block4.1/Shape,60,N/A,256x256,[4],32,int64,"[1, 60, 256, 256]",7864320,float16,N/A,0,0,,,,N/A,
909,,,Gather,/Generator/upconv_block4/upconv_block4.1/Gather,N/A,N/A,N/A,[1],8,int64,[4],32,int64,N/A,0,0,,,,N/A,
910,,,ReduceProd,/Generator/upconv_block4/upconv_block4.1/ReduceProd,N/A,N/A,N/A,[],8,int64,[1],8,int64,N/A,0,0,,,,N/A,
911,,,Sub,/Generator/upconv_block4/upconv_block4.1/Sub,60,60,256x256,"[1, 60, 256, 256]",7864320,float16,"[1, 60, 256, 256]",7864320,float16,N/A,0,0,,,,N/A,
912,,,Mul,/Generator/upconv_block4/upconv_block4.1/Mul,60,60,256x256,"[1, 60, 256, 256]",7864320,float16,"[1, 60, 256, 256]",7864320,float16,N/A,0,0,,,,N/A,
913,,,ReduceMean,/Generator/upconv_block4/upconv_block4.1/ReduceMean_2,60,1,256x256,"[1, 1, 256, 256]",131072,float16,"[1, 60, 256, 256]",7864320,float16,N/A,0,0,,,,N/A,
914,,,Cast,/Generator/upconv_block4/upconv_block4.1/Cast,N/A,N/A,N/A,[],2,float16,[],8,int64,N/A,0,0,,,,N/A,
915,,,Mul,/Generator/upconv_block4/upconv_block4.1/Mul_1,1,1,256x256,"[1, 1, 256, 256]",131072,float16,"[1, 1, 256, 256]",131072,float16,N/A,0,0,,,,N/A,
916,,,Sub,/Generator/upconv_block4/upconv_block4.1/Sub_1,N/A,N/A,N/A,[],2,float16,[],2,float16,N/A,0,0,,,,N/A,
917,,,Div,/Generator/upconv_block4/upconv_block4.1/Div,1,1,256x256,"[1, 1, 256, 256]",131072,float16,"[1, 1, 256, 256]",131072,float16,N/A,0,0,,,,N/A,
918,,,Sub,/Generator/upconv_block4/upconv_block4.1/Sub_2,60,60,256x256,"[1, 60, 256, 256]",7864320,float16,"[1, 60, 256, 256]",7864320,float16,N/A,0,0,,,,N/A,
919,,,Add,/Generator/upconv_block4/upconv_block4.1/Add,1,1,256x256,"[1, 1, 256, 256]",131072,float16,"[1, 1, 256, 256]",131072,float16,N/A,0,0,,,,N/A,
920,,,Sqrt,/Generator/upconv_block4/upconv_block4.1/Sqrt,1,1,256x256,"[1, 1, 256, 256]",131072,float16,"[1, 1, 256, 256]",131072,float16,N/A,0,0,,,,N/A,
921,,,Div,/Generator/upconv_block4/upconv_block4.1/Div_1,N/A,1,N/A,"[1, 1, 256, 256]",131072,float16,[],2,float16,N/A,0,0,,,,N/A,
922,,,Mul,/Generator/upconv_block4/upconv_block4.1/Mul_2,60,60,256x256,"[1, 60, 256, 256]",7864320,float16,"[1, 60, 256, 256]",7864320,float16,N/A,0,0,,,,N/A,
923,,,Mul,/Generator/upconv_block4/upconv_block4.1/Mul_3,N/A,60,N/A,"[1, 60, 256, 256]",7864320,float16,N/A,0,N/A,N/A,0,0,,,,N/A,
924,,,Add,/Generator/upconv_block4/upconv_block4.1/Add_1,60,60,256x256,"[1, 60, 256, 256]",7864320,float16,"[1, 60, 256, 256]",7864320,float16,"[1, 60, 1, 1]",60,120,,,,float16,
925,,,Relu,/Generator/upconv_block4/upconv_block4.2/Relu,60,60,256x256,"[1, 60, 256, 256]",7864320,float16,"[1, 60, 256, 256]",7864320,float16,N/A,0,0,,,,N/A,
926,,conv_block_out,Pad,/Generator/conv_block_out/post_pad/Pad,60,60,256x256,"[1, 60, 262, 262]",8237280,float16,"[1, 60, 256, 256]",7864320,float16,N/A,0,0,,,,N/A,
927,,,Conv7x7,/Generator/conv_block_out/conv_block_out.1/Conv,60,3,262x262,"[1, 3, 256, 256]",393216,float16,"[1, 60, 262, 262]",8237280,float16,"[3, 60, 7, 7]",8820,17640,"[7, 7]","[0, 0, 0, 0]","[1, 1]",float16,weight=initializer
928,Clip,,Clip,/Clip,3,3,256x256,"[1, 3, 256, 256]",393216,float16,"[1, 3, 256, 256]",393216,float16,N/A,0,0,,,,N/A,
929,Clip_cast_to_output,,Cast,/Clip_cast_to_output,3,3,256x256,"[1, 3, 256, 256]",393216,float16,"[1, 3, 256, 256]",393216,float16,N/A,0,0,,,,N/A,
930,__io_cast_out__output,,Cast,__io_cast_out__output,3,3,256x256,"[1, 3, 256, 256]",786432,float32,"[1, 3, 256, 256]",393216,float16,N/A,0,0,,,,N/A,
