

================================================================
== Vitis HLS Report for 'Conv77_Kernel_8_8_1_60_3_256_256_7_7_256_256_s'
================================================================
* Date:           Sun Jun  7 09:51:13 2026

* Version:        2024.2 (Build 5238294 on Nov  8 2024)
* Project:        prj_fill
* Solution:       solution1 (Vitis Kernel Flow Target)
* Product family: zynquplus
* Target device:  xczu7ev-ffvc1156-2-e


================================================================
== Performance Estimates
================================================================
+ Timing: 
    * Summary: 
    +--------+---------+----------+------------+
    |  Clock |  Target | Estimated| Uncertainty|
    +--------+---------+----------+------------+
    |ap_clk  |  3.33 ns|  2.433 ns|     0.90 ns|
    +--------+---------+----------+------------+

+ Latency: 
    * Summary: 
    +---------+---------+-----------+-----------+---------+---------+---------+
    |  Latency (cycles) |   Latency (absolute)  |      Interval     | Pipeline|
    |   min   |   max   |    min    |    max    |   min   |   max   |   Type  |
    +---------+---------+-----------+-----------+---------+---------+---------+
    |  5326641|  6219569|  17.754 ms|  20.730 ms|  5326641|  6219569|       no|
    +---------+---------+-----------+-----------+---------+---------+---------+

    + Detail: 
        * Instance: 
        +----------------------------------------------------------------------------------------------+----------------------------------------------------------------------------------+---------+---------+-----------+-----------+------+------+------------------------------------------------+
        |                                                                                              |                                                                                  |  Latency (cycles) |   Latency (absolute)  |   Interval  |                    Pipeline                    |
        |                                           Instance                                           |                                      Module                                      |   min   |   max   |    min    |    max    |  min |  max |                      Type                      |
        +----------------------------------------------------------------------------------------------+----------------------------------------------------------------------------------+---------+---------+-----------+-----------+------+------+------------------------------------------------+
        |grp_Conv77_Kernel_Pipeline_Preload_co_Preload_hf_Preload_wf_Preload_ciw_VITIS_LOOP_1_fu_1775  |Conv77_Kernel_Pipeline_Preload_co_Preload_hf_Preload_wf_Preload_ciw_VITIS_LOOP_1  |     1188|     1188|   3.960 us|   3.960 us|  1177|  1177|  loop auto-rewind stp (delay=0 clock cycles(s))|
        |grp_Conv77_Kernel_Pipeline_Shift_hf_Shift_tci_fu_1838                                         |Conv77_Kernel_Pipeline_Shift_hf_Shift_tci                                         |       59|       59|   0.197 us|   0.197 us|    57|    57|  loop auto-rewind stp (delay=0 clock cycles(s))|
        |grp_Conv77_Kernel_Pipeline_Init_hf_Init_col_Init_ciw_fu_2034                                  |Conv77_Kernel_Pipeline_Init_hf_Init_col_Init_ciw                                  |      473|      473|   1.577 us|   1.577 us|   393|   393|  loop auto-rewind stp (delay=0 clock cycles(s))|
        |grp_Conv77_Kernel_Pipeline_Newcol_hf_Newcol_nc_Newcol_ciw_fu_2273                             |Conv77_Kernel_Pipeline_Newcol_hf_Newcol_nc_Newcol_ciw                             |      304|      304|   1.013 us|   1.013 us|   225|   225|  loop auto-rewind stp (delay=0 clock cycles(s))|
        |grp_Conv77_Kernel_Pipeline_Compute_co_Compute_tci_fu_2417                                     |Conv77_Kernel_Pipeline_Compute_co_Compute_tci                                     |       35|       35|   0.117 us|   0.117 us|    25|    25|  loop auto-rewind stp (delay=0 clock cycles(s))|
        |grp_Conv77_Kernel_8_8_1_60_3_256_256_7_7_256_256_Pipeline_Write_win_fu_2777                   |Conv77_Kernel_8_8_1_60_3_256_256_7_7_256_256_Pipeline_Write_win                   |       15|       15|  49.995 ns|  49.995 ns|     9|     9|  loop auto-rewind stp (delay=0 clock cycles(s))|
        +----------------------------------------------------------------------------------------------+----------------------------------------------------------------------------------+---------+---------+-----------+-----------+------+------+------------------------------------------------+

        * Loop: 
        +-------------------+---------+---------+---------------+-----------+-----------+------+----------+
        |                   |  Latency (cycles) |   Iteration   |  Initiation Interval  | Trip |          |
        |     Loop Name     |   min   |   max   |    Latency    |  achieved |   target  | Count| Pipelined|
        +-------------------+---------+---------+---------------+-----------+-----------+------+----------+
        |- Spatial_h_loop   |  5325312|  6218240|  20802 ~ 24290|          -|          -|   256|        no|
        | + Spatial_w_loop  |    20800|    24288|      650 ~ 759|          -|          -|    32|        no|
        |  ++ Compute_hf    |      266|      266|             38|          -|          -|     7|        no|
        +-------------------+---------+---------+---------------+-----------+-----------+------+----------+



================================================================
== Utilization Estimates
================================================================
* Summary: 
+-----------------+---------+------+--------+--------+-----+
|       Name      | BRAM_18K|  DSP |   FF   |   LUT  | URAM|
+-----------------+---------+------+--------+--------+-----+
|DSP              |        -|     -|       -|       -|    -|
|Expression       |        -|     -|       0|    2072|    -|
|FIFO             |        -|     -|       -|       -|    -|
|Instance         |        -|   448|   35661|   42153|    -|
|Memory           |       56|     -|    4480|    1568|    0|
|Multiplexer      |        -|     -|       0|   23278|    -|
|Register         |        -|     -|    1746|       -|    -|
+-----------------+---------+------+--------+--------+-----+
|Total            |       56|   448|   41887|   69071|    0|
+-----------------+---------+------+--------+--------+-----+
|Available        |      624|  1728|  460800|  230400|   96|
+-----------------+---------+------+--------+--------+-----+
|Utilization (%)  |        8|    25|       9|      29|    0|
+-----------------+---------+------+--------+--------+-----+

+ Detail: 
    * Instance: 
    +----------------------------------------------------------------------------------------------+----------------------------------------------------------------------------------+---------+-----+-------+-------+-----+
    |                                           Instance                                           |                                      Module                                      | BRAM_18K| DSP |   FF  |  LUT  | URAM|
    +----------------------------------------------------------------------------------------------+----------------------------------------------------------------------------------+---------+-----+-------+-------+-----+
    |grp_Conv77_Kernel_8_8_1_60_3_256_256_7_7_256_256_Pipeline_Write_win_fu_2777                   |Conv77_Kernel_8_8_1_60_3_256_256_7_7_256_256_Pipeline_Write_win                   |        0|    0|    508|   1397|    0|
    |grp_Conv77_Kernel_Pipeline_Compute_co_Compute_tci_fu_2417                                     |Conv77_Kernel_Pipeline_Compute_co_Compute_tci                                     |        0|  448|  15667|   9914|    0|
    |grp_Conv77_Kernel_Pipeline_Init_hf_Init_col_Init_ciw_fu_2034                                  |Conv77_Kernel_Pipeline_Init_hf_Init_col_Init_ciw                                  |        0|    0|   7613|  11527|    0|
    |grp_Conv77_Kernel_Pipeline_Newcol_hf_Newcol_nc_Newcol_ciw_fu_2273                             |Conv77_Kernel_Pipeline_Newcol_hf_Newcol_nc_Newcol_ciw                             |        0|    0|   5979|  10762|    0|
    |grp_Conv77_Kernel_Pipeline_Preload_co_Preload_hf_Preload_wf_Preload_ciw_VITIS_LOOP_1_fu_1775  |Conv77_Kernel_Pipeline_Preload_co_Preload_hf_Preload_wf_Preload_ciw_VITIS_LOOP_1  |        0|    0|   5870|   7620|    0|
    |grp_Conv77_Kernel_Pipeline_Shift_hf_Shift_tci_fu_1838                                         |Conv77_Kernel_Pipeline_Shift_hf_Shift_tci                                         |        0|    0|     24|    891|    0|
    |hptodp_16ns_64_2_no_dsp_1_U3564                                                               |hptodp_16ns_64_2_no_dsp_1                                                         |        0|    0|      0|      0|    0|
    |hptodp_16ns_64_2_no_dsp_1_U3565                                                               |hptodp_16ns_64_2_no_dsp_1                                                         |        0|    0|      0|      0|    0|
    |hptodp_16ns_64_2_no_dsp_1_U3566                                                               |hptodp_16ns_64_2_no_dsp_1                                                         |        0|    0|      0|      0|    0|
    |hptodp_16ns_64_2_no_dsp_1_U3570                                                               |hptodp_16ns_64_2_no_dsp_1                                                         |        0|    0|      0|      0|    0|
    |hptodp_16ns_64_2_no_dsp_1_U3571                                                               |hptodp_16ns_64_2_no_dsp_1                                                         |        0|    0|      0|      0|    0|
    |hptodp_16ns_64_2_no_dsp_1_U3572                                                               |hptodp_16ns_64_2_no_dsp_1                                                         |        0|    0|      0|      0|    0|
    |hptodp_16ns_64_2_no_dsp_1_U3573                                                               |hptodp_16ns_64_2_no_dsp_1                                                         |        0|    0|      0|      0|    0|
    |hptodp_16ns_64_2_no_dsp_1_U3574                                                               |hptodp_16ns_64_2_no_dsp_1                                                         |        0|    0|      0|      0|    0|
    |hptodp_16ns_64_2_no_dsp_1_U3575                                                               |hptodp_16ns_64_2_no_dsp_1                                                         |        0|    0|      0|      0|    0|
    |hptodp_16ns_64_2_no_dsp_1_U3576                                                               |hptodp_16ns_64_2_no_dsp_1                                                         |        0|    0|      0|      0|    0|
    |hptodp_16ns_64_2_no_dsp_1_U3577                                                               |hptodp_16ns_64_2_no_dsp_1                                                         |        0|    0|      0|      0|    0|
    |hptodp_16ns_64_2_no_dsp_1_U3578                                                               |hptodp_16ns_64_2_no_dsp_1                                                         |        0|    0|      0|      0|    0|
    |hptodp_16ns_64_2_no_dsp_1_U3579                                                               |hptodp_16ns_64_2_no_dsp_1                                                         |        0|    0|      0|      0|    0|
    |hptodp_16ns_64_2_no_dsp_1_U3580                                                               |hptodp_16ns_64_2_no_dsp_1                                                         |        0|    0|      0|      0|    0|
    |hptodp_16ns_64_2_no_dsp_1_U3581                                                               |hptodp_16ns_64_2_no_dsp_1                                                         |        0|    0|      0|      0|    0|
    |hptodp_16ns_64_2_no_dsp_1_U3582                                                               |hptodp_16ns_64_2_no_dsp_1                                                         |        0|    0|      0|      0|    0|
    |sparsemux_9_3_16_1_1_U3567                                                                    |sparsemux_9_3_16_1_1                                                              |        0|    0|      0|     14|    0|
    |sparsemux_9_3_16_1_1_U3568                                                                    |sparsemux_9_3_16_1_1                                                              |        0|    0|      0|     14|    0|
    |sparsemux_9_3_16_1_1_U3569                                                                    |sparsemux_9_3_16_1_1                                                              |        0|    0|      0|     14|    0|
    +----------------------------------------------------------------------------------------------+----------------------------------------------------------------------------------+---------+-----+-------+-------+-----+
    |Total                                                                                         |                                                                                  |        0|  448|  35661|  42153|    0|
    +----------------------------------------------------------------------------------------------+----------------------------------------------------------------------------------+---------+-----+-------+-------+-----+

    * DSP: 
    N/A

    * Memory: 
    +----------------+--------------------------------------------------------------------------+---------+----+----+-----+------+-----+------+-------------+
    |     Memory     |                                  Module                                  | BRAM_18K| FF | LUT| URAM| Words| Bits| Banks| W*Bits*Banks|
    +----------------+--------------------------------------------------------------------------+---------+----+----+-----+------+-----+------+-------------+
    |w_buffer_4_U    |Conv77_Kernel_8_8_1_60_3_256_256_7_7_256_256_s_w_buffer_4_RAM_AUTO_1R1W   |        1|   0|   0|    0|   168|   16|     1|         2688|
    |w_buffer_5_U    |Conv77_Kernel_8_8_1_60_3_256_256_7_7_256_256_s_w_buffer_4_RAM_AUTO_1R1W   |        1|   0|   0|    0|   168|   16|     1|         2688|
    |w_buffer_6_U    |Conv77_Kernel_8_8_1_60_3_256_256_7_7_256_256_s_w_buffer_4_RAM_AUTO_1R1W   |        1|   0|   0|    0|   168|   16|     1|         2688|
    |w_buffer_7_U    |Conv77_Kernel_8_8_1_60_3_256_256_7_7_256_256_s_w_buffer_4_RAM_AUTO_1R1W   |        1|   0|   0|    0|   168|   16|     1|         2688|
    |w_buffer_12_U   |Conv77_Kernel_8_8_1_60_3_256_256_7_7_256_256_s_w_buffer_4_RAM_AUTO_1R1W   |        1|   0|   0|    0|   168|   16|     1|         2688|
    |w_buffer_13_U   |Conv77_Kernel_8_8_1_60_3_256_256_7_7_256_256_s_w_buffer_4_RAM_AUTO_1R1W   |        1|   0|   0|    0|   168|   16|     1|         2688|
    |w_buffer_14_U   |Conv77_Kernel_8_8_1_60_3_256_256_7_7_256_256_s_w_buffer_4_RAM_AUTO_1R1W   |        1|   0|   0|    0|   168|   16|     1|         2688|
    |w_buffer_15_U   |Conv77_Kernel_8_8_1_60_3_256_256_7_7_256_256_s_w_buffer_4_RAM_AUTO_1R1W   |        1|   0|   0|    0|   168|   16|     1|         2688|
    |w_buffer_20_U   |Conv77_Kernel_8_8_1_60_3_256_256_7_7_256_256_s_w_buffer_4_RAM_AUTO_1R1W   |        1|   0|   0|    0|   168|   16|     1|         2688|
    |w_buffer_21_U   |Conv77_Kernel_8_8_1_60_3_256_256_7_7_256_256_s_w_buffer_4_RAM_AUTO_1R1W   |        1|   0|   0|    0|   168|   16|     1|         2688|
    |w_buffer_22_U   |Conv77_Kernel_8_8_1_60_3_256_256_7_7_256_256_s_w_buffer_4_RAM_AUTO_1R1W   |        1|   0|   0|    0|   168|   16|     1|         2688|
    |w_buffer_23_U   |Conv77_Kernel_8_8_1_60_3_256_256_7_7_256_256_s_w_buffer_4_RAM_AUTO_1R1W   |        1|   0|   0|    0|   168|   16|     1|         2688|
    |w_buffer_28_U   |Conv77_Kernel_8_8_1_60_3_256_256_7_7_256_256_s_w_buffer_4_RAM_AUTO_1R1W   |        1|   0|   0|    0|   168|   16|     1|         2688|
    |w_buffer_29_U   |Conv77_Kernel_8_8_1_60_3_256_256_7_7_256_256_s_w_buffer_4_RAM_AUTO_1R1W   |        1|   0|   0|    0|   168|   16|     1|         2688|
    |w_buffer_30_U   |Conv77_Kernel_8_8_1_60_3_256_256_7_7_256_256_s_w_buffer_4_RAM_AUTO_1R1W   |        1|   0|   0|    0|   168|   16|     1|         2688|
    |w_buffer_31_U   |Conv77_Kernel_8_8_1_60_3_256_256_7_7_256_256_s_w_buffer_4_RAM_AUTO_1R1W   |        1|   0|   0|    0|   168|   16|     1|         2688|
    |w_buffer_36_U   |Conv77_Kernel_8_8_1_60_3_256_256_7_7_256_256_s_w_buffer_4_RAM_AUTO_1R1W   |        1|   0|   0|    0|   168|   16|     1|         2688|
    |w_buffer_37_U   |Conv77_Kernel_8_8_1_60_3_256_256_7_7_256_256_s_w_buffer_4_RAM_AUTO_1R1W   |        1|   0|   0|    0|   168|   16|     1|         2688|
    |w_buffer_38_U   |Conv77_Kernel_8_8_1_60_3_256_256_7_7_256_256_s_w_buffer_4_RAM_AUTO_1R1W   |        1|   0|   0|    0|   168|   16|     1|         2688|
    |w_buffer_39_U   |Conv77_Kernel_8_8_1_60_3_256_256_7_7_256_256_s_w_buffer_4_RAM_AUTO_1R1W   |        1|   0|   0|    0|   168|   16|     1|         2688|
    |w_buffer_44_U   |Conv77_Kernel_8_8_1_60_3_256_256_7_7_256_256_s_w_buffer_4_RAM_AUTO_1R1W   |        1|   0|   0|    0|   168|   16|     1|         2688|
    |w_buffer_45_U   |Conv77_Kernel_8_8_1_60_3_256_256_7_7_256_256_s_w_buffer_4_RAM_AUTO_1R1W   |        1|   0|   0|    0|   168|   16|     1|         2688|
    |w_buffer_46_U   |Conv77_Kernel_8_8_1_60_3_256_256_7_7_256_256_s_w_buffer_4_RAM_AUTO_1R1W   |        1|   0|   0|    0|   168|   16|     1|         2688|
    |w_buffer_47_U   |Conv77_Kernel_8_8_1_60_3_256_256_7_7_256_256_s_w_buffer_4_RAM_AUTO_1R1W   |        1|   0|   0|    0|   168|   16|     1|         2688|
    |w_buffer_52_U   |Conv77_Kernel_8_8_1_60_3_256_256_7_7_256_256_s_w_buffer_4_RAM_AUTO_1R1W   |        1|   0|   0|    0|   168|   16|     1|         2688|
    |w_buffer_53_U   |Conv77_Kernel_8_8_1_60_3_256_256_7_7_256_256_s_w_buffer_4_RAM_AUTO_1R1W   |        1|   0|   0|    0|   168|   16|     1|         2688|
    |w_buffer_54_U   |Conv77_Kernel_8_8_1_60_3_256_256_7_7_256_256_s_w_buffer_4_RAM_AUTO_1R1W   |        1|   0|   0|    0|   168|   16|     1|         2688|
    |w_buffer_55_U   |Conv77_Kernel_8_8_1_60_3_256_256_7_7_256_256_s_w_buffer_4_RAM_AUTO_1R1W   |        1|   0|   0|    0|   168|   16|     1|         2688|
    |w_buffer_U      |Conv77_Kernel_8_8_1_60_3_256_256_7_7_256_256_s_w_buffer_RAM_AUTO_1R1W     |        1|   0|   0|    0|   168|   16|     1|         2688|
    |w_buffer_1_U    |Conv77_Kernel_8_8_1_60_3_256_256_7_7_256_256_s_w_buffer_RAM_AUTO_1R1W     |        1|   0|   0|    0|   168|   16|     1|         2688|
    |w_buffer_2_U    |Conv77_Kernel_8_8_1_60_3_256_256_7_7_256_256_s_w_buffer_RAM_AUTO_1R1W     |        1|   0|   0|    0|   168|   16|     1|         2688|
    |w_buffer_3_U    |Conv77_Kernel_8_8_1_60_3_256_256_7_7_256_256_s_w_buffer_RAM_AUTO_1R1W     |        1|   0|   0|    0|   168|   16|     1|         2688|
    |w_buffer_8_U    |Conv77_Kernel_8_8_1_60_3_256_256_7_7_256_256_s_w_buffer_RAM_AUTO_1R1W     |        1|   0|   0|    0|   168|   16|     1|         2688|
    |w_buffer_9_U    |Conv77_Kernel_8_8_1_60_3_256_256_7_7_256_256_s_w_buffer_RAM_AUTO_1R1W     |        1|   0|   0|    0|   168|   16|     1|         2688|
    |w_buffer_10_U   |Conv77_Kernel_8_8_1_60_3_256_256_7_7_256_256_s_w_buffer_RAM_AUTO_1R1W     |        1|   0|   0|    0|   168|   16|     1|         2688|
    |w_buffer_11_U   |Conv77_Kernel_8_8_1_60_3_256_256_7_7_256_256_s_w_buffer_RAM_AUTO_1R1W     |        1|   0|   0|    0|   168|   16|     1|         2688|
    |w_buffer_16_U   |Conv77_Kernel_8_8_1_60_3_256_256_7_7_256_256_s_w_buffer_RAM_AUTO_1R1W     |        1|   0|   0|    0|   168|   16|     1|         2688|
    |w_buffer_17_U   |Conv77_Kernel_8_8_1_60_3_256_256_7_7_256_256_s_w_buffer_RAM_AUTO_1R1W     |        1|   0|   0|    0|   168|   16|     1|         2688|
    |w_buffer_18_U   |Conv77_Kernel_8_8_1_60_3_256_256_7_7_256_256_s_w_buffer_RAM_AUTO_1R1W     |        1|   0|   0|    0|   168|   16|     1|         2688|
    |w_buffer_19_U   |Conv77_Kernel_8_8_1_60_3_256_256_7_7_256_256_s_w_buffer_RAM_AUTO_1R1W     |        1|   0|   0|    0|   168|   16|     1|         2688|
    |w_buffer_24_U   |Conv77_Kernel_8_8_1_60_3_256_256_7_7_256_256_s_w_buffer_RAM_AUTO_1R1W     |        1|   0|   0|    0|   168|   16|     1|         2688|
    |w_buffer_25_U   |Conv77_Kernel_8_8_1_60_3_256_256_7_7_256_256_s_w_buffer_RAM_AUTO_1R1W     |        1|   0|   0|    0|   168|   16|     1|         2688|
    |w_buffer_26_U   |Conv77_Kernel_8_8_1_60_3_256_256_7_7_256_256_s_w_buffer_RAM_AUTO_1R1W     |        1|   0|   0|    0|   168|   16|     1|         2688|
    |w_buffer_27_U   |Conv77_Kernel_8_8_1_60_3_256_256_7_7_256_256_s_w_buffer_RAM_AUTO_1R1W     |        1|   0|   0|    0|   168|   16|     1|         2688|
    |w_buffer_32_U   |Conv77_Kernel_8_8_1_60_3_256_256_7_7_256_256_s_w_buffer_RAM_AUTO_1R1W     |        1|   0|   0|    0|   168|   16|     1|         2688|
    |w_buffer_33_U   |Conv77_Kernel_8_8_1_60_3_256_256_7_7_256_256_s_w_buffer_RAM_AUTO_1R1W     |        1|   0|   0|    0|   168|   16|     1|         2688|
    |w_buffer_34_U   |Conv77_Kernel_8_8_1_60_3_256_256_7_7_256_256_s_w_buffer_RAM_AUTO_1R1W     |        1|   0|   0|    0|   168|   16|     1|         2688|
    |w_buffer_35_U   |Conv77_Kernel_8_8_1_60_3_256_256_7_7_256_256_s_w_buffer_RAM_AUTO_1R1W     |        1|   0|   0|    0|   168|   16|     1|         2688|
    |w_buffer_40_U   |Conv77_Kernel_8_8_1_60_3_256_256_7_7_256_256_s_w_buffer_RAM_AUTO_1R1W     |        1|   0|   0|    0|   168|   16|     1|         2688|
    |w_buffer_41_U   |Conv77_Kernel_8_8_1_60_3_256_256_7_7_256_256_s_w_buffer_RAM_AUTO_1R1W     |        1|   0|   0|    0|   168|   16|     1|         2688|
    |w_buffer_42_U   |Conv77_Kernel_8_8_1_60_3_256_256_7_7_256_256_s_w_buffer_RAM_AUTO_1R1W     |        1|   0|   0|    0|   168|   16|     1|         2688|
    |w_buffer_43_U   |Conv77_Kernel_8_8_1_60_3_256_256_7_7_256_256_s_w_buffer_RAM_AUTO_1R1W     |        1|   0|   0|    0|   168|   16|     1|         2688|
    |w_buffer_48_U   |Conv77_Kernel_8_8_1_60_3_256_256_7_7_256_256_s_w_buffer_RAM_AUTO_1R1W     |        1|   0|   0|    0|   168|   16|     1|         2688|
    |w_buffer_49_U   |Conv77_Kernel_8_8_1_60_3_256_256_7_7_256_256_s_w_buffer_RAM_AUTO_1R1W     |        1|   0|   0|    0|   168|   16|     1|         2688|
    |w_buffer_50_U   |Conv77_Kernel_8_8_1_60_3_256_256_7_7_256_256_s_w_buffer_RAM_AUTO_1R1W     |        1|   0|   0|    0|   168|   16|     1|         2688|
    |w_buffer_51_U   |Conv77_Kernel_8_8_1_60_3_256_256_7_7_256_256_s_w_buffer_RAM_AUTO_1R1W     |        1|   0|   0|    0|   168|   16|     1|         2688|
    |x_buffer_12_U   |Conv77_Kernel_8_8_1_60_3_256_256_7_7_256_256_s_x_buffer_12_RAM_AUTO_1R1W  |        0|  32|   7|    0|    28|   16|     1|          448|
    |x_buffer_13_U   |Conv77_Kernel_8_8_1_60_3_256_256_7_7_256_256_s_x_buffer_12_RAM_AUTO_1R1W  |        0|  32|   7|    0|    28|   16|     1|          448|
    |x_buffer_14_U   |Conv77_Kernel_8_8_1_60_3_256_256_7_7_256_256_s_x_buffer_12_RAM_AUTO_1R1W  |        0|  32|   7|    0|    28|   16|     1|          448|
    |x_buffer_15_U   |Conv77_Kernel_8_8_1_60_3_256_256_7_7_256_256_s_x_buffer_12_RAM_AUTO_1R1W  |        0|  32|   7|    0|    28|   16|     1|          448|
    |x_buffer_28_U   |Conv77_Kernel_8_8_1_60_3_256_256_7_7_256_256_s_x_buffer_12_RAM_AUTO_1R1W  |        0|  32|   7|    0|    28|   16|     1|          448|
    |x_buffer_29_U   |Conv77_Kernel_8_8_1_60_3_256_256_7_7_256_256_s_x_buffer_12_RAM_AUTO_1R1W  |        0|  32|   7|    0|    28|   16|     1|          448|
    |x_buffer_30_U   |Conv77_Kernel_8_8_1_60_3_256_256_7_7_256_256_s_x_buffer_12_RAM_AUTO_1R1W  |        0|  32|   7|    0|    28|   16|     1|          448|
    |x_buffer_31_U   |Conv77_Kernel_8_8_1_60_3_256_256_7_7_256_256_s_x_buffer_12_RAM_AUTO_1R1W  |        0|  32|   7|    0|    28|   16|     1|          448|
    |x_buffer_44_U   |Conv77_Kernel_8_8_1_60_3_256_256_7_7_256_256_s_x_buffer_12_RAM_AUTO_1R1W  |        0|  32|   7|    0|    28|   16|     1|          448|
    |x_buffer_45_U   |Conv77_Kernel_8_8_1_60_3_256_256_7_7_256_256_s_x_buffer_12_RAM_AUTO_1R1W  |        0|  32|   7|    0|    28|   16|     1|          448|
    |x_buffer_46_U   |Conv77_Kernel_8_8_1_60_3_256_256_7_7_256_256_s_x_buffer_12_RAM_AUTO_1R1W  |        0|  32|   7|    0|    28|   16|     1|          448|
    |x_buffer_47_U   |Conv77_Kernel_8_8_1_60_3_256_256_7_7_256_256_s_x_buffer_12_RAM_AUTO_1R1W  |        0|  32|   7|    0|    28|   16|     1|          448|
    |x_buffer_60_U   |Conv77_Kernel_8_8_1_60_3_256_256_7_7_256_256_s_x_buffer_12_RAM_AUTO_1R1W  |        0|  32|   7|    0|    28|   16|     1|          448|
    |x_buffer_61_U   |Conv77_Kernel_8_8_1_60_3_256_256_7_7_256_256_s_x_buffer_12_RAM_AUTO_1R1W  |        0|  32|   7|    0|    28|   16|     1|          448|
    |x_buffer_62_U   |Conv77_Kernel_8_8_1_60_3_256_256_7_7_256_256_s_x_buffer_12_RAM_AUTO_1R1W  |        0|  32|   7|    0|    28|   16|     1|          448|
    |x_buffer_63_U   |Conv77_Kernel_8_8_1_60_3_256_256_7_7_256_256_s_x_buffer_12_RAM_AUTO_1R1W  |        0|  32|   7|    0|    28|   16|     1|          448|
    |x_buffer_76_U   |Conv77_Kernel_8_8_1_60_3_256_256_7_7_256_256_s_x_buffer_12_RAM_AUTO_1R1W  |        0|  32|   7|    0|    28|   16|     1|          448|
    |x_buffer_77_U   |Conv77_Kernel_8_8_1_60_3_256_256_7_7_256_256_s_x_buffer_12_RAM_AUTO_1R1W  |        0|  32|   7|    0|    28|   16|     1|          448|
    |x_buffer_78_U   |Conv77_Kernel_8_8_1_60_3_256_256_7_7_256_256_s_x_buffer_12_RAM_AUTO_1R1W  |        0|  32|   7|    0|    28|   16|     1|          448|
    |x_buffer_79_U   |Conv77_Kernel_8_8_1_60_3_256_256_7_7_256_256_s_x_buffer_12_RAM_AUTO_1R1W  |        0|  32|   7|    0|    28|   16|     1|          448|
    |x_buffer_92_U   |Conv77_Kernel_8_8_1_60_3_256_256_7_7_256_256_s_x_buffer_12_RAM_AUTO_1R1W  |        0|  32|   7|    0|    28|   16|     1|          448|
    |x_buffer_93_U   |Conv77_Kernel_8_8_1_60_3_256_256_7_7_256_256_s_x_buffer_12_RAM_AUTO_1R1W  |        0|  32|   7|    0|    28|   16|     1|          448|
    |x_buffer_94_U   |Conv77_Kernel_8_8_1_60_3_256_256_7_7_256_256_s_x_buffer_12_RAM_AUTO_1R1W  |        0|  32|   7|    0|    28|   16|     1|          448|
    |x_buffer_95_U   |Conv77_Kernel_8_8_1_60_3_256_256_7_7_256_256_s_x_buffer_12_RAM_AUTO_1R1W  |        0|  32|   7|    0|    28|   16|     1|          448|
    |x_buffer_108_U  |Conv77_Kernel_8_8_1_60_3_256_256_7_7_256_256_s_x_buffer_12_RAM_AUTO_1R1W  |        0|  32|   7|    0|    28|   16|     1|          448|
    |x_buffer_109_U  |Conv77_Kernel_8_8_1_60_3_256_256_7_7_256_256_s_x_buffer_12_RAM_AUTO_1R1W  |        0|  32|   7|    0|    28|   16|     1|          448|
    |x_buffer_110_U  |Conv77_Kernel_8_8_1_60_3_256_256_7_7_256_256_s_x_buffer_12_RAM_AUTO_1R1W  |        0|  32|   7|    0|    28|   16|     1|          448|
    |x_buffer_111_U  |Conv77_Kernel_8_8_1_60_3_256_256_7_7_256_256_s_x_buffer_12_RAM_AUTO_1R1W  |        0|  32|   7|    0|    28|   16|     1|          448|
    |x_buffer_124_U  |Conv77_Kernel_8_8_1_60_3_256_256_7_7_256_256_s_x_buffer_12_RAM_AUTO_1R1W  |        0|  32|   7|    0|    28|   16|     1|          448|
    |x_buffer_125_U  |Conv77_Kernel_8_8_1_60_3_256_256_7_7_256_256_s_x_buffer_12_RAM_AUTO_1R1W  |        0|  32|   7|    0|    28|   16|     1|          448|
    |x_buffer_126_U  |Conv77_Kernel_8_8_1_60_3_256_256_7_7_256_256_s_x_buffer_12_RAM_AUTO_1R1W  |        0|  32|   7|    0|    28|   16|     1|          448|
    |x_buffer_127_U  |Conv77_Kernel_8_8_1_60_3_256_256_7_7_256_256_s_x_buffer_12_RAM_AUTO_1R1W  |        0|  32|   7|    0|    28|   16|     1|          448|
    |x_buffer_140_U  |Conv77_Kernel_8_8_1_60_3_256_256_7_7_256_256_s_x_buffer_12_RAM_AUTO_1R1W  |        0|  32|   7|    0|    28|   16|     1|          448|
    |x_buffer_141_U  |Conv77_Kernel_8_8_1_60_3_256_256_7_7_256_256_s_x_buffer_12_RAM_AUTO_1R1W  |        0|  32|   7|    0|    28|   16|     1|          448|
    |x_buffer_142_U  |Conv77_Kernel_8_8_1_60_3_256_256_7_7_256_256_s_x_buffer_12_RAM_AUTO_1R1W  |        0|  32|   7|    0|    28|   16|     1|          448|
    |x_buffer_143_U  |Conv77_Kernel_8_8_1_60_3_256_256_7_7_256_256_s_x_buffer_12_RAM_AUTO_1R1W  |        0|  32|   7|    0|    28|   16|     1|          448|
    |x_buffer_156_U  |Conv77_Kernel_8_8_1_60_3_256_256_7_7_256_256_s_x_buffer_12_RAM_AUTO_1R1W  |        0|  32|   7|    0|    28|   16|     1|          448|
    |x_buffer_157_U  |Conv77_Kernel_8_8_1_60_3_256_256_7_7_256_256_s_x_buffer_12_RAM_AUTO_1R1W  |        0|  32|   7|    0|    28|   16|     1|          448|
    |x_buffer_158_U  |Conv77_Kernel_8_8_1_60_3_256_256_7_7_256_256_s_x_buffer_12_RAM_AUTO_1R1W  |        0|  32|   7|    0|    28|   16|     1|          448|
    |x_buffer_159_U  |Conv77_Kernel_8_8_1_60_3_256_256_7_7_256_256_s_x_buffer_12_RAM_AUTO_1R1W  |        0|  32|   7|    0|    28|   16|     1|          448|
    |x_buffer_172_U  |Conv77_Kernel_8_8_1_60_3_256_256_7_7_256_256_s_x_buffer_12_RAM_AUTO_1R1W  |        0|  32|   7|    0|    28|   16|     1|          448|
    |x_buffer_173_U  |Conv77_Kernel_8_8_1_60_3_256_256_7_7_256_256_s_x_buffer_12_RAM_AUTO_1R1W  |        0|  32|   7|    0|    28|   16|     1|          448|
    |x_buffer_174_U  |Conv77_Kernel_8_8_1_60_3_256_256_7_7_256_256_s_x_buffer_12_RAM_AUTO_1R1W  |        0|  32|   7|    0|    28|   16|     1|          448|
    |x_buffer_175_U  |Conv77_Kernel_8_8_1_60_3_256_256_7_7_256_256_s_x_buffer_12_RAM_AUTO_1R1W  |        0|  32|   7|    0|    28|   16|     1|          448|
    |x_buffer_188_U  |Conv77_Kernel_8_8_1_60_3_256_256_7_7_256_256_s_x_buffer_12_RAM_AUTO_1R1W  |        0|  32|   7|    0|    28|   16|     1|          448|
    |x_buffer_189_U  |Conv77_Kernel_8_8_1_60_3_256_256_7_7_256_256_s_x_buffer_12_RAM_AUTO_1R1W  |        0|  32|   7|    0|    28|   16|     1|          448|
    |x_buffer_190_U  |Conv77_Kernel_8_8_1_60_3_256_256_7_7_256_256_s_x_buffer_12_RAM_AUTO_1R1W  |        0|  32|   7|    0|    28|   16|     1|          448|
    |x_buffer_191_U  |Conv77_Kernel_8_8_1_60_3_256_256_7_7_256_256_s_x_buffer_12_RAM_AUTO_1R1W  |        0|  32|   7|    0|    28|   16|     1|          448|
    |x_buffer_204_U  |Conv77_Kernel_8_8_1_60_3_256_256_7_7_256_256_s_x_buffer_12_RAM_AUTO_1R1W  |        0|  32|   7|    0|    28|   16|     1|          448|
    |x_buffer_205_U  |Conv77_Kernel_8_8_1_60_3_256_256_7_7_256_256_s_x_buffer_12_RAM_AUTO_1R1W  |        0|  32|   7|    0|    28|   16|     1|          448|
    |x_buffer_206_U  |Conv77_Kernel_8_8_1_60_3_256_256_7_7_256_256_s_x_buffer_12_RAM_AUTO_1R1W  |        0|  32|   7|    0|    28|   16|     1|          448|
    |x_buffer_207_U  |Conv77_Kernel_8_8_1_60_3_256_256_7_7_256_256_s_x_buffer_12_RAM_AUTO_1R1W  |        0|  32|   7|    0|    28|   16|     1|          448|
    |x_buffer_220_U  |Conv77_Kernel_8_8_1_60_3_256_256_7_7_256_256_s_x_buffer_12_RAM_AUTO_1R1W  |        0|  32|   7|    0|    28|   16|     1|          448|
    |x_buffer_221_U  |Conv77_Kernel_8_8_1_60_3_256_256_7_7_256_256_s_x_buffer_12_RAM_AUTO_1R1W  |        0|  32|   7|    0|    28|   16|     1|          448|
    |x_buffer_222_U  |Conv77_Kernel_8_8_1_60_3_256_256_7_7_256_256_s_x_buffer_12_RAM_AUTO_1R1W  |        0|  32|   7|    0|    28|   16|     1|          448|
    |x_buffer_223_U  |Conv77_Kernel_8_8_1_60_3_256_256_7_7_256_256_s_x_buffer_12_RAM_AUTO_1R1W  |        0|  32|   7|    0|    28|   16|     1|          448|
    |x_buffer_U      |Conv77_Kernel_8_8_1_60_3_256_256_7_7_256_256_s_x_buffer_RAM_AUTO_1R1W     |        0|  16|   7|    0|    28|   16|     1|          448|
    |x_buffer_1_U    |Conv77_Kernel_8_8_1_60_3_256_256_7_7_256_256_s_x_buffer_RAM_AUTO_1R1W     |        0|  16|   7|    0|    28|   16|     1|          448|
    |x_buffer_2_U    |Conv77_Kernel_8_8_1_60_3_256_256_7_7_256_256_s_x_buffer_RAM_AUTO_1R1W     |        0|  16|   7|    0|    28|   16|     1|          448|
    |x_buffer_3_U    |Conv77_Kernel_8_8_1_60_3_256_256_7_7_256_256_s_x_buffer_RAM_AUTO_1R1W     |        0|  16|   7|    0|    28|   16|     1|          448|
    |x_buffer_4_U    |Conv77_Kernel_8_8_1_60_3_256_256_7_7_256_256_s_x_buffer_RAM_AUTO_1R1W     |        0|  16|   7|    0|    28|   16|     1|          448|
    |x_buffer_5_U    |Conv77_Kernel_8_8_1_60_3_256_256_7_7_256_256_s_x_buffer_RAM_AUTO_1R1W     |        0|  16|   7|    0|    28|   16|     1|          448|
    |x_buffer_6_U    |Conv77_Kernel_8_8_1_60_3_256_256_7_7_256_256_s_x_buffer_RAM_AUTO_1R1W     |        0|  16|   7|    0|    28|   16|     1|          448|
    |x_buffer_7_U    |Conv77_Kernel_8_8_1_60_3_256_256_7_7_256_256_s_x_buffer_RAM_AUTO_1R1W     |        0|  16|   7|    0|    28|   16|     1|          448|
    |x_buffer_8_U    |Conv77_Kernel_8_8_1_60_3_256_256_7_7_256_256_s_x_buffer_RAM_AUTO_1R1W     |        0|  16|   7|    0|    28|   16|     1|          448|
    |x_buffer_9_U    |Conv77_Kernel_8_8_1_60_3_256_256_7_7_256_256_s_x_buffer_RAM_AUTO_1R1W     |        0|  16|   7|    0|    28|   16|     1|          448|
    |x_buffer_10_U   |Conv77_Kernel_8_8_1_60_3_256_256_7_7_256_256_s_x_buffer_RAM_AUTO_1R1W     |        0|  16|   7|    0|    28|   16|     1|          448|
    |x_buffer_11_U   |Conv77_Kernel_8_8_1_60_3_256_256_7_7_256_256_s_x_buffer_RAM_AUTO_1R1W     |        0|  16|   7|    0|    28|   16|     1|          448|
    |x_buffer_16_U   |Conv77_Kernel_8_8_1_60_3_256_256_7_7_256_256_s_x_buffer_RAM_AUTO_1R1W     |        0|  16|   7|    0|    28|   16|     1|          448|
    |x_buffer_17_U   |Conv77_Kernel_8_8_1_60_3_256_256_7_7_256_256_s_x_buffer_RAM_AUTO_1R1W     |        0|  16|   7|    0|    28|   16|     1|          448|
    |x_buffer_18_U   |Conv77_Kernel_8_8_1_60_3_256_256_7_7_256_256_s_x_buffer_RAM_AUTO_1R1W     |        0|  16|   7|    0|    28|   16|     1|          448|
    |x_buffer_19_U   |Conv77_Kernel_8_8_1_60_3_256_256_7_7_256_256_s_x_buffer_RAM_AUTO_1R1W     |        0|  16|   7|    0|    28|   16|     1|          448|
    |x_buffer_20_U   |Conv77_Kernel_8_8_1_60_3_256_256_7_7_256_256_s_x_buffer_RAM_AUTO_1R1W     |        0|  16|   7|    0|    28|   16|     1|          448|
    |x_buffer_21_U   |Conv77_Kernel_8_8_1_60_3_256_256_7_7_256_256_s_x_buffer_RAM_AUTO_1R1W     |        0|  16|   7|    0|    28|   16|     1|          448|
    |x_buffer_22_U   |Conv77_Kernel_8_8_1_60_3_256_256_7_7_256_256_s_x_buffer_RAM_AUTO_1R1W     |        0|  16|   7|    0|    28|   16|     1|          448|
    |x_buffer_23_U   |Conv77_Kernel_8_8_1_60_3_256_256_7_7_256_256_s_x_buffer_RAM_AUTO_1R1W     |        0|  16|   7|    0|    28|   16|     1|          448|
    |x_buffer_24_U   |Conv77_Kernel_8_8_1_60_3_256_256_7_7_256_256_s_x_buffer_RAM_AUTO_1R1W     |        0|  16|   7|    0|    28|   16|     1|          448|
    |x_buffer_25_U   |Conv77_Kernel_8_8_1_60_3_256_256_7_7_256_256_s_x_buffer_RAM_AUTO_1R1W     |        0|  16|   7|    0|    28|   16|     1|          448|
    |x_buffer_26_U   |Conv77_Kernel_8_8_1_60_3_256_256_7_7_256_256_s_x_buffer_RAM_AUTO_1R1W     |        0|  16|   7|    0|    28|   16|     1|          448|
    |x_buffer_27_U   |Conv77_Kernel_8_8_1_60_3_256_256_7_7_256_256_s_x_buffer_RAM_AUTO_1R1W     |        0|  16|   7|    0|    28|   16|     1|          448|
    |x_buffer_32_U   |Conv77_Kernel_8_8_1_60_3_256_256_7_7_256_256_s_x_buffer_RAM_AUTO_1R1W     |        0|  16|   7|    0|    28|   16|     1|          448|
    |x_buffer_33_U   |Conv77_Kernel_8_8_1_60_3_256_256_7_7_256_256_s_x_buffer_RAM_AUTO_1R1W     |        0|  16|   7|    0|    28|   16|     1|          448|
    |x_buffer_34_U   |Conv77_Kernel_8_8_1_60_3_256_256_7_7_256_256_s_x_buffer_RAM_AUTO_1R1W     |        0|  16|   7|    0|    28|   16|     1|          448|
    |x_buffer_35_U   |Conv77_Kernel_8_8_1_60_3_256_256_7_7_256_256_s_x_buffer_RAM_AUTO_1R1W     |        0|  16|   7|    0|    28|   16|     1|          448|
    |x_buffer_36_U   |Conv77_Kernel_8_8_1_60_3_256_256_7_7_256_256_s_x_buffer_RAM_AUTO_1R1W     |        0|  16|   7|    0|    28|   16|     1|          448|
    |x_buffer_37_U   |Conv77_Kernel_8_8_1_60_3_256_256_7_7_256_256_s_x_buffer_RAM_AUTO_1R1W     |        0|  16|   7|    0|    28|   16|     1|          448|
    |x_buffer_38_U   |Conv77_Kernel_8_8_1_60_3_256_256_7_7_256_256_s_x_buffer_RAM_AUTO_1R1W     |        0|  16|   7|    0|    28|   16|     1|          448|
    |x_buffer_39_U   |Conv77_Kernel_8_8_1_60_3_256_256_7_7_256_256_s_x_buffer_RAM_AUTO_1R1W     |        0|  16|   7|    0|    28|   16|     1|          448|
    |x_buffer_40_U   |Conv77_Kernel_8_8_1_60_3_256_256_7_7_256_256_s_x_buffer_RAM_AUTO_1R1W     |        0|  16|   7|    0|    28|   16|     1|          448|
    |x_buffer_41_U   |Conv77_Kernel_8_8_1_60_3_256_256_7_7_256_256_s_x_buffer_RAM_AUTO_1R1W     |        0|  16|   7|    0|    28|   16|     1|          448|
    |x_buffer_42_U   |Conv77_Kernel_8_8_1_60_3_256_256_7_7_256_256_s_x_buffer_RAM_AUTO_1R1W     |        0|  16|   7|    0|    28|   16|     1|          448|
    |x_buffer_43_U   |Conv77_Kernel_8_8_1_60_3_256_256_7_7_256_256_s_x_buffer_RAM_AUTO_1R1W     |        0|  16|   7|    0|    28|   16|     1|          448|
    |x_buffer_48_U   |Conv77_Kernel_8_8_1_60_3_256_256_7_7_256_256_s_x_buffer_RAM_AUTO_1R1W     |        0|  16|   7|    0|    28|   16|     1|          448|
    |x_buffer_49_U   |Conv77_Kernel_8_8_1_60_3_256_256_7_7_256_256_s_x_buffer_RAM_AUTO_1R1W     |        0|  16|   7|    0|    28|   16|     1|          448|
    |x_buffer_50_U   |Conv77_Kernel_8_8_1_60_3_256_256_7_7_256_256_s_x_buffer_RAM_AUTO_1R1W     |        0|  16|   7|    0|    28|   16|     1|          448|
    |x_buffer_51_U   |Conv77_Kernel_8_8_1_60_3_256_256_7_7_256_256_s_x_buffer_RAM_AUTO_1R1W     |        0|  16|   7|    0|    28|   16|     1|          448|
    |x_buffer_52_U   |Conv77_Kernel_8_8_1_60_3_256_256_7_7_256_256_s_x_buffer_RAM_AUTO_1R1W     |        0|  16|   7|    0|    28|   16|     1|          448|
    |x_buffer_53_U   |Conv77_Kernel_8_8_1_60_3_256_256_7_7_256_256_s_x_buffer_RAM_AUTO_1R1W     |        0|  16|   7|    0|    28|   16|     1|          448|
    |x_buffer_54_U   |Conv77_Kernel_8_8_1_60_3_256_256_7_7_256_256_s_x_buffer_RAM_AUTO_1R1W     |        0|  16|   7|    0|    28|   16|     1|          448|
    |x_buffer_55_U   |Conv77_Kernel_8_8_1_60_3_256_256_7_7_256_256_s_x_buffer_RAM_AUTO_1R1W     |        0|  16|   7|    0|    28|   16|     1|          448|
    |x_buffer_56_U   |Conv77_Kernel_8_8_1_60_3_256_256_7_7_256_256_s_x_buffer_RAM_AUTO_1R1W     |        0|  16|   7|    0|    28|   16|     1|          448|
    |x_buffer_57_U   |Conv77_Kernel_8_8_1_60_3_256_256_7_7_256_256_s_x_buffer_RAM_AUTO_1R1W     |        0|  16|   7|    0|    28|   16|     1|          448|
    |x_buffer_58_U   |Conv77_Kernel_8_8_1_60_3_256_256_7_7_256_256_s_x_buffer_RAM_AUTO_1R1W     |        0|  16|   7|    0|    28|   16|     1|          448|
    |x_buffer_59_U   |Conv77_Kernel_8_8_1_60_3_256_256_7_7_256_256_s_x_buffer_RAM_AUTO_1R1W     |        0|  16|   7|    0|    28|   16|     1|          448|
    |x_buffer_64_U   |Conv77_Kernel_8_8_1_60_3_256_256_7_7_256_256_s_x_buffer_RAM_AUTO_1R1W     |        0|  16|   7|    0|    28|   16|     1|          448|
    |x_buffer_65_U   |Conv77_Kernel_8_8_1_60_3_256_256_7_7_256_256_s_x_buffer_RAM_AUTO_1R1W     |        0|  16|   7|    0|    28|   16|     1|          448|
    |x_buffer_66_U   |Conv77_Kernel_8_8_1_60_3_256_256_7_7_256_256_s_x_buffer_RAM_AUTO_1R1W     |        0|  16|   7|    0|    28|   16|     1|          448|
    |x_buffer_67_U   |Conv77_Kernel_8_8_1_60_3_256_256_7_7_256_256_s_x_buffer_RAM_AUTO_1R1W     |        0|  16|   7|    0|    28|   16|     1|          448|
    |x_buffer_68_U   |Conv77_Kernel_8_8_1_60_3_256_256_7_7_256_256_s_x_buffer_RAM_AUTO_1R1W     |        0|  16|   7|    0|    28|   16|     1|          448|
    |x_buffer_69_U   |Conv77_Kernel_8_8_1_60_3_256_256_7_7_256_256_s_x_buffer_RAM_AUTO_1R1W     |        0|  16|   7|    0|    28|   16|     1|          448|
    |x_buffer_70_U   |Conv77_Kernel_8_8_1_60_3_256_256_7_7_256_256_s_x_buffer_RAM_AUTO_1R1W     |        0|  16|   7|    0|    28|   16|     1|          448|
    |x_buffer_71_U   |Conv77_Kernel_8_8_1_60_3_256_256_7_7_256_256_s_x_buffer_RAM_AUTO_1R1W     |        0|  16|   7|    0|    28|   16|     1|          448|
    |x_buffer_72_U   |Conv77_Kernel_8_8_1_60_3_256_256_7_7_256_256_s_x_buffer_RAM_AUTO_1R1W     |        0|  16|   7|    0|    28|   16|     1|          448|
    |x_buffer_73_U   |Conv77_Kernel_8_8_1_60_3_256_256_7_7_256_256_s_x_buffer_RAM_AUTO_1R1W     |        0|  16|   7|    0|    28|   16|     1|          448|
    |x_buffer_74_U   |Conv77_Kernel_8_8_1_60_3_256_256_7_7_256_256_s_x_buffer_RAM_AUTO_1R1W     |        0|  16|   7|    0|    28|   16|     1|          448|
    |x_buffer_75_U   |Conv77_Kernel_8_8_1_60_3_256_256_7_7_256_256_s_x_buffer_RAM_AUTO_1R1W     |        0|  16|   7|    0|    28|   16|     1|          448|
    |x_buffer_80_U   |Conv77_Kernel_8_8_1_60_3_256_256_7_7_256_256_s_x_buffer_RAM_AUTO_1R1W     |        0|  16|   7|    0|    28|   16|     1|          448|
    |x_buffer_81_U   |Conv77_Kernel_8_8_1_60_3_256_256_7_7_256_256_s_x_buffer_RAM_AUTO_1R1W     |        0|  16|   7|    0|    28|   16|     1|          448|
    |x_buffer_82_U   |Conv77_Kernel_8_8_1_60_3_256_256_7_7_256_256_s_x_buffer_RAM_AUTO_1R1W     |        0|  16|   7|    0|    28|   16|     1|          448|
    |x_buffer_83_U   |Conv77_Kernel_8_8_1_60_3_256_256_7_7_256_256_s_x_buffer_RAM_AUTO_1R1W     |        0|  16|   7|    0|    28|   16|     1|          448|
    |x_buffer_84_U   |Conv77_Kernel_8_8_1_60_3_256_256_7_7_256_256_s_x_buffer_RAM_AUTO_1R1W     |        0|  16|   7|    0|    28|   16|     1|          448|
    |x_buffer_85_U   |Conv77_Kernel_8_8_1_60_3_256_256_7_7_256_256_s_x_buffer_RAM_AUTO_1R1W     |        0|  16|   7|    0|    28|   16|     1|          448|
    |x_buffer_86_U   |Conv77_Kernel_8_8_1_60_3_256_256_7_7_256_256_s_x_buffer_RAM_AUTO_1R1W     |        0|  16|   7|    0|    28|   16|     1|          448|
    |x_buffer_87_U   |Conv77_Kernel_8_8_1_60_3_256_256_7_7_256_256_s_x_buffer_RAM_AUTO_1R1W     |        0|  16|   7|    0|    28|   16|     1|          448|
    |x_buffer_88_U   |Conv77_Kernel_8_8_1_60_3_256_256_7_7_256_256_s_x_buffer_RAM_AUTO_1R1W     |        0|  16|   7|    0|    28|   16|     1|          448|
    |x_buffer_89_U   |Conv77_Kernel_8_8_1_60_3_256_256_7_7_256_256_s_x_buffer_RAM_AUTO_1R1W     |        0|  16|   7|    0|    28|   16|     1|          448|
    |x_buffer_90_U   |Conv77_Kernel_8_8_1_60_3_256_256_7_7_256_256_s_x_buffer_RAM_AUTO_1R1W     |        0|  16|   7|    0|    28|   16|     1|          448|
    |x_buffer_91_U   |Conv77_Kernel_8_8_1_60_3_256_256_7_7_256_256_s_x_buffer_RAM_AUTO_1R1W     |        0|  16|   7|    0|    28|   16|     1|          448|
    |x_buffer_96_U   |Conv77_Kernel_8_8_1_60_3_256_256_7_7_256_256_s_x_buffer_RAM_AUTO_1R1W     |        0|  16|   7|    0|    28|   16|     1|          448|
    |x_buffer_97_U   |Conv77_Kernel_8_8_1_60_3_256_256_7_7_256_256_s_x_buffer_RAM_AUTO_1R1W     |        0|  16|   7|    0|    28|   16|     1|          448|
    |x_buffer_98_U   |Conv77_Kernel_8_8_1_60_3_256_256_7_7_256_256_s_x_buffer_RAM_AUTO_1R1W     |        0|  16|   7|    0|    28|   16|     1|          448|
    |x_buffer_99_U   |Conv77_Kernel_8_8_1_60_3_256_256_7_7_256_256_s_x_buffer_RAM_AUTO_1R1W     |        0|  16|   7|    0|    28|   16|     1|          448|
    |x_buffer_100_U  |Conv77_Kernel_8_8_1_60_3_256_256_7_7_256_256_s_x_buffer_RAM_AUTO_1R1W     |        0|  16|   7|    0|    28|   16|     1|          448|
    |x_buffer_101_U  |Conv77_Kernel_8_8_1_60_3_256_256_7_7_256_256_s_x_buffer_RAM_AUTO_1R1W     |        0|  16|   7|    0|    28|   16|     1|          448|
    |x_buffer_102_U  |Conv77_Kernel_8_8_1_60_3_256_256_7_7_256_256_s_x_buffer_RAM_AUTO_1R1W     |        0|  16|   7|    0|    28|   16|     1|          448|
    |x_buffer_103_U  |Conv77_Kernel_8_8_1_60_3_256_256_7_7_256_256_s_x_buffer_RAM_AUTO_1R1W     |        0|  16|   7|    0|    28|   16|     1|          448|
    |x_buffer_104_U  |Conv77_Kernel_8_8_1_60_3_256_256_7_7_256_256_s_x_buffer_RAM_AUTO_1R1W     |        0|  16|   7|    0|    28|   16|     1|          448|
    |x_buffer_105_U  |Conv77_Kernel_8_8_1_60_3_256_256_7_7_256_256_s_x_buffer_RAM_AUTO_1R1W     |        0|  16|   7|    0|    28|   16|     1|          448|
    |x_buffer_106_U  |Conv77_Kernel_8_8_1_60_3_256_256_7_7_256_256_s_x_buffer_RAM_AUTO_1R1W     |        0|  16|   7|    0|    28|   16|     1|          448|
    |x_buffer_107_U  |Conv77_Kernel_8_8_1_60_3_256_256_7_7_256_256_s_x_buffer_RAM_AUTO_1R1W     |        0|  16|   7|    0|    28|   16|     1|          448|
    |x_buffer_112_U  |Conv77_Kernel_8_8_1_60_3_256_256_7_7_256_256_s_x_buffer_RAM_AUTO_1R1W     |        0|  16|   7|    0|    28|   16|     1|          448|
    |x_buffer_113_U  |Conv77_Kernel_8_8_1_60_3_256_256_7_7_256_256_s_x_buffer_RAM_AUTO_1R1W     |        0|  16|   7|    0|    28|   16|     1|          448|
    |x_buffer_114_U  |Conv77_Kernel_8_8_1_60_3_256_256_7_7_256_256_s_x_buffer_RAM_AUTO_1R1W     |        0|  16|   7|    0|    28|   16|     1|          448|
    |x_buffer_115_U  |Conv77_Kernel_8_8_1_60_3_256_256_7_7_256_256_s_x_buffer_RAM_AUTO_1R1W     |        0|  16|   7|    0|    28|   16|     1|          448|
    |x_buffer_116_U  |Conv77_Kernel_8_8_1_60_3_256_256_7_7_256_256_s_x_buffer_RAM_AUTO_1R1W     |        0|  16|   7|    0|    28|   16|     1|          448|
    |x_buffer_117_U  |Conv77_Kernel_8_8_1_60_3_256_256_7_7_256_256_s_x_buffer_RAM_AUTO_1R1W     |        0|  16|   7|    0|    28|   16|     1|          448|
    |x_buffer_118_U  |Conv77_Kernel_8_8_1_60_3_256_256_7_7_256_256_s_x_buffer_RAM_AUTO_1R1W     |        0|  16|   7|    0|    28|   16|     1|          448|
    |x_buffer_119_U  |Conv77_Kernel_8_8_1_60_3_256_256_7_7_256_256_s_x_buffer_RAM_AUTO_1R1W     |        0|  16|   7|    0|    28|   16|     1|          448|
    |x_buffer_120_U  |Conv77_Kernel_8_8_1_60_3_256_256_7_7_256_256_s_x_buffer_RAM_AUTO_1R1W     |        0|  16|   7|    0|    28|   16|     1|          448|
    |x_buffer_121_U  |Conv77_Kernel_8_8_1_60_3_256_256_7_7_256_256_s_x_buffer_RAM_AUTO_1R1W     |        0|  16|   7|    0|    28|   16|     1|          448|
    |x_buffer_122_U  |Conv77_Kernel_8_8_1_60_3_256_256_7_7_256_256_s_x_buffer_RAM_AUTO_1R1W     |        0|  16|   7|    0|    28|   16|     1|          448|
    |x_buffer_123_U  |Conv77_Kernel_8_8_1_60_3_256_256_7_7_256_256_s_x_buffer_RAM_AUTO_1R1W     |        0|  16|   7|    0|    28|   16|     1|          448|
    |x_buffer_128_U  |Conv77_Kernel_8_8_1_60_3_256_256_7_7_256_256_s_x_buffer_RAM_AUTO_1R1W     |        0|  16|   7|    0|    28|   16|     1|          448|
    |x_buffer_129_U  |Conv77_Kernel_8_8_1_60_3_256_256_7_7_256_256_s_x_buffer_RAM_AUTO_1R1W     |        0|  16|   7|    0|    28|   16|     1|          448|
    |x_buffer_130_U  |Conv77_Kernel_8_8_1_60_3_256_256_7_7_256_256_s_x_buffer_RAM_AUTO_1R1W     |        0|  16|   7|    0|    28|   16|     1|          448|
    |x_buffer_131_U  |Conv77_Kernel_8_8_1_60_3_256_256_7_7_256_256_s_x_buffer_RAM_AUTO_1R1W     |        0|  16|   7|    0|    28|   16|     1|          448|
    |x_buffer_132_U  |Conv77_Kernel_8_8_1_60_3_256_256_7_7_256_256_s_x_buffer_RAM_AUTO_1R1W     |        0|  16|   7|    0|    28|   16|     1|          448|
    |x_buffer_133_U  |Conv77_Kernel_8_8_1_60_3_256_256_7_7_256_256_s_x_buffer_RAM_AUTO_1R1W     |        0|  16|   7|    0|    28|   16|     1|          448|
    |x_buffer_134_U  |Conv77_Kernel_8_8_1_60_3_256_256_7_7_256_256_s_x_buffer_RAM_AUTO_1R1W     |        0|  16|   7|    0|    28|   16|     1|          448|
    |x_buffer_135_U  |Conv77_Kernel_8_8_1_60_3_256_256_7_7_256_256_s_x_buffer_RAM_AUTO_1R1W     |        0|  16|   7|    0|    28|   16|     1|          448|
    |x_buffer_136_U  |Conv77_Kernel_8_8_1_60_3_256_256_7_7_256_256_s_x_buffer_RAM_AUTO_1R1W     |        0|  16|   7|    0|    28|   16|     1|          448|
    |x_buffer_137_U  |Conv77_Kernel_8_8_1_60_3_256_256_7_7_256_256_s_x_buffer_RAM_AUTO_1R1W     |        0|  16|   7|    0|    28|   16|     1|          448|
    |x_buffer_138_U  |Conv77_Kernel_8_8_1_60_3_256_256_7_7_256_256_s_x_buffer_RAM_AUTO_1R1W     |        0|  16|   7|    0|    28|   16|     1|          448|
    |x_buffer_139_U  |Conv77_Kernel_8_8_1_60_3_256_256_7_7_256_256_s_x_buffer_RAM_AUTO_1R1W     |        0|  16|   7|    0|    28|   16|     1|          448|
    |x_buffer_144_U  |Conv77_Kernel_8_8_1_60_3_256_256_7_7_256_256_s_x_buffer_RAM_AUTO_1R1W     |        0|  16|   7|    0|    28|   16|     1|          448|
    |x_buffer_145_U  |Conv77_Kernel_8_8_1_60_3_256_256_7_7_256_256_s_x_buffer_RAM_AUTO_1R1W     |        0|  16|   7|    0|    28|   16|     1|          448|
    |x_buffer_146_U  |Conv77_Kernel_8_8_1_60_3_256_256_7_7_256_256_s_x_buffer_RAM_AUTO_1R1W     |        0|  16|   7|    0|    28|   16|     1|          448|
    |x_buffer_147_U  |Conv77_Kernel_8_8_1_60_3_256_256_7_7_256_256_s_x_buffer_RAM_AUTO_1R1W     |        0|  16|   7|    0|    28|   16|     1|          448|
    |x_buffer_148_U  |Conv77_Kernel_8_8_1_60_3_256_256_7_7_256_256_s_x_buffer_RAM_AUTO_1R1W     |        0|  16|   7|    0|    28|   16|     1|          448|
    |x_buffer_149_U  |Conv77_Kernel_8_8_1_60_3_256_256_7_7_256_256_s_x_buffer_RAM_AUTO_1R1W     |        0|  16|   7|    0|    28|   16|     1|          448|
    |x_buffer_150_U  |Conv77_Kernel_8_8_1_60_3_256_256_7_7_256_256_s_x_buffer_RAM_AUTO_1R1W     |        0|  16|   7|    0|    28|   16|     1|          448|
    |x_buffer_151_U  |Conv77_Kernel_8_8_1_60_3_256_256_7_7_256_256_s_x_buffer_RAM_AUTO_1R1W     |        0|  16|   7|    0|    28|   16|     1|          448|
    |x_buffer_152_U  |Conv77_Kernel_8_8_1_60_3_256_256_7_7_256_256_s_x_buffer_RAM_AUTO_1R1W     |        0|  16|   7|    0|    28|   16|     1|          448|
    |x_buffer_153_U  |Conv77_Kernel_8_8_1_60_3_256_256_7_7_256_256_s_x_buffer_RAM_AUTO_1R1W     |        0|  16|   7|    0|    28|   16|     1|          448|
    |x_buffer_154_U  |Conv77_Kernel_8_8_1_60_3_256_256_7_7_256_256_s_x_buffer_RAM_AUTO_1R1W     |        0|  16|   7|    0|    28|   16|     1|          448|
    |x_buffer_155_U  |Conv77_Kernel_8_8_1_60_3_256_256_7_7_256_256_s_x_buffer_RAM_AUTO_1R1W     |        0|  16|   7|    0|    28|   16|     1|          448|
    |x_buffer_160_U  |Conv77_Kernel_8_8_1_60_3_256_256_7_7_256_256_s_x_buffer_RAM_AUTO_1R1W     |        0|  16|   7|    0|    28|   16|     1|          448|
    |x_buffer_161_U  |Conv77_Kernel_8_8_1_60_3_256_256_7_7_256_256_s_x_buffer_RAM_AUTO_1R1W     |        0|  16|   7|    0|    28|   16|     1|          448|
    |x_buffer_162_U  |Conv77_Kernel_8_8_1_60_3_256_256_7_7_256_256_s_x_buffer_RAM_AUTO_1R1W     |        0|  16|   7|    0|    28|   16|     1|          448|
    |x_buffer_163_U  |Conv77_Kernel_8_8_1_60_3_256_256_7_7_256_256_s_x_buffer_RAM_AUTO_1R1W     |        0|  16|   7|    0|    28|   16|     1|          448|
    |x_buffer_164_U  |Conv77_Kernel_8_8_1_60_3_256_256_7_7_256_256_s_x_buffer_RAM_AUTO_1R1W     |        0|  16|   7|    0|    28|   16|     1|          448|
    |x_buffer_165_U  |Conv77_Kernel_8_8_1_60_3_256_256_7_7_256_256_s_x_buffer_RAM_AUTO_1R1W     |        0|  16|   7|    0|    28|   16|     1|          448|
    |x_buffer_166_U  |Conv77_Kernel_8_8_1_60_3_256_256_7_7_256_256_s_x_buffer_RAM_AUTO_1R1W     |        0|  16|   7|    0|    28|   16|     1|          448|
    |x_buffer_167_U  |Conv77_Kernel_8_8_1_60_3_256_256_7_7_256_256_s_x_buffer_RAM_AUTO_1R1W     |        0|  16|   7|    0|    28|   16|     1|          448|
    |x_buffer_168_U  |Conv77_Kernel_8_8_1_60_3_256_256_7_7_256_256_s_x_buffer_RAM_AUTO_1R1W     |        0|  16|   7|    0|    28|   16|     1|          448|
    |x_buffer_169_U  |Conv77_Kernel_8_8_1_60_3_256_256_7_7_256_256_s_x_buffer_RAM_AUTO_1R1W     |        0|  16|   7|    0|    28|   16|     1|          448|
    |x_buffer_170_U  |Conv77_Kernel_8_8_1_60_3_256_256_7_7_256_256_s_x_buffer_RAM_AUTO_1R1W     |        0|  16|   7|    0|    28|   16|     1|          448|
    |x_buffer_171_U  |Conv77_Kernel_8_8_1_60_3_256_256_7_7_256_256_s_x_buffer_RAM_AUTO_1R1W     |        0|  16|   7|    0|    28|   16|     1|          448|
    |x_buffer_176_U  |Conv77_Kernel_8_8_1_60_3_256_256_7_7_256_256_s_x_buffer_RAM_AUTO_1R1W     |        0|  16|   7|    0|    28|   16|     1|          448|
    |x_buffer_177_U  |Conv77_Kernel_8_8_1_60_3_256_256_7_7_256_256_s_x_buffer_RAM_AUTO_1R1W     |        0|  16|   7|    0|    28|   16|     1|          448|
    |x_buffer_178_U  |Conv77_Kernel_8_8_1_60_3_256_256_7_7_256_256_s_x_buffer_RAM_AUTO_1R1W     |        0|  16|   7|    0|    28|   16|     1|          448|
    |x_buffer_179_U  |Conv77_Kernel_8_8_1_60_3_256_256_7_7_256_256_s_x_buffer_RAM_AUTO_1R1W     |        0|  16|   7|    0|    28|   16|     1|          448|
    |x_buffer_180_U  |Conv77_Kernel_8_8_1_60_3_256_256_7_7_256_256_s_x_buffer_RAM_AUTO_1R1W     |        0|  16|   7|    0|    28|   16|     1|          448|
    |x_buffer_181_U  |Conv77_Kernel_8_8_1_60_3_256_256_7_7_256_256_s_x_buffer_RAM_AUTO_1R1W     |        0|  16|   7|    0|    28|   16|     1|          448|
    |x_buffer_182_U  |Conv77_Kernel_8_8_1_60_3_256_256_7_7_256_256_s_x_buffer_RAM_AUTO_1R1W     |        0|  16|   7|    0|    28|   16|     1|          448|
    |x_buffer_183_U  |Conv77_Kernel_8_8_1_60_3_256_256_7_7_256_256_s_x_buffer_RAM_AUTO_1R1W     |        0|  16|   7|    0|    28|   16|     1|          448|
    |x_buffer_184_U  |Conv77_Kernel_8_8_1_60_3_256_256_7_7_256_256_s_x_buffer_RAM_AUTO_1R1W     |        0|  16|   7|    0|    28|   16|     1|          448|
    |x_buffer_185_U  |Conv77_Kernel_8_8_1_60_3_256_256_7_7_256_256_s_x_buffer_RAM_AUTO_1R1W     |        0|  16|   7|    0|    28|   16|     1|          448|
    |x_buffer_186_U  |Conv77_Kernel_8_8_1_60_3_256_256_7_7_256_256_s_x_buffer_RAM_AUTO_1R1W     |        0|  16|   7|    0|    28|   16|     1|          448|
    |x_buffer_187_U  |Conv77_Kernel_8_8_1_60_3_256_256_7_7_256_256_s_x_buffer_RAM_AUTO_1R1W     |        0|  16|   7|    0|    28|   16|     1|          448|
    |x_buffer_192_U  |Conv77_Kernel_8_8_1_60_3_256_256_7_7_256_256_s_x_buffer_RAM_AUTO_1R1W     |        0|  16|   7|    0|    28|   16|     1|          448|
    |x_buffer_193_U  |Conv77_Kernel_8_8_1_60_3_256_256_7_7_256_256_s_x_buffer_RAM_AUTO_1R1W     |        0|  16|   7|    0|    28|   16|     1|          448|
    |x_buffer_194_U  |Conv77_Kernel_8_8_1_60_3_256_256_7_7_256_256_s_x_buffer_RAM_AUTO_1R1W     |        0|  16|   7|    0|    28|   16|     1|          448|
    |x_buffer_195_U  |Conv77_Kernel_8_8_1_60_3_256_256_7_7_256_256_s_x_buffer_RAM_AUTO_1R1W     |        0|  16|   7|    0|    28|   16|     1|          448|
    |x_buffer_196_U  |Conv77_Kernel_8_8_1_60_3_256_256_7_7_256_256_s_x_buffer_RAM_AUTO_1R1W     |        0|  16|   7|    0|    28|   16|     1|          448|
    |x_buffer_197_U  |Conv77_Kernel_8_8_1_60_3_256_256_7_7_256_256_s_x_buffer_RAM_AUTO_1R1W     |        0|  16|   7|    0|    28|   16|     1|          448|
    |x_buffer_198_U  |Conv77_Kernel_8_8_1_60_3_256_256_7_7_256_256_s_x_buffer_RAM_AUTO_1R1W     |        0|  16|   7|    0|    28|   16|     1|          448|
    |x_buffer_199_U  |Conv77_Kernel_8_8_1_60_3_256_256_7_7_256_256_s_x_buffer_RAM_AUTO_1R1W     |        0|  16|   7|    0|    28|   16|     1|          448|
    |x_buffer_200_U  |Conv77_Kernel_8_8_1_60_3_256_256_7_7_256_256_s_x_buffer_RAM_AUTO_1R1W     |        0|  16|   7|    0|    28|   16|     1|          448|
    |x_buffer_201_U  |Conv77_Kernel_8_8_1_60_3_256_256_7_7_256_256_s_x_buffer_RAM_AUTO_1R1W     |        0|  16|   7|    0|    28|   16|     1|          448|
    |x_buffer_202_U  |Conv77_Kernel_8_8_1_60_3_256_256_7_7_256_256_s_x_buffer_RAM_AUTO_1R1W     |        0|  16|   7|    0|    28|   16|     1|          448|
    |x_buffer_203_U  |Conv77_Kernel_8_8_1_60_3_256_256_7_7_256_256_s_x_buffer_RAM_AUTO_1R1W     |        0|  16|   7|    0|    28|   16|     1|          448|
    |x_buffer_208_U  |Conv77_Kernel_8_8_1_60_3_256_256_7_7_256_256_s_x_buffer_RAM_AUTO_1R1W     |        0|  16|   7|    0|    28|   16|     1|          448|
    |x_buffer_209_U  |Conv77_Kernel_8_8_1_60_3_256_256_7_7_256_256_s_x_buffer_RAM_AUTO_1R1W     |        0|  16|   7|    0|    28|   16|     1|          448|
    |x_buffer_210_U  |Conv77_Kernel_8_8_1_60_3_256_256_7_7_256_256_s_x_buffer_RAM_AUTO_1R1W     |        0|  16|   7|    0|    28|   16|     1|          448|
    |x_buffer_211_U  |Conv77_Kernel_8_8_1_60_3_256_256_7_7_256_256_s_x_buffer_RAM_AUTO_1R1W     |        0|  16|   7|    0|    28|   16|     1|          448|
    |x_buffer_212_U  |Conv77_Kernel_8_8_1_60_3_256_256_7_7_256_256_s_x_buffer_RAM_AUTO_1R1W     |        0|  16|   7|    0|    28|   16|     1|          448|
    |x_buffer_213_U  |Conv77_Kernel_8_8_1_60_3_256_256_7_7_256_256_s_x_buffer_RAM_AUTO_1R1W     |        0|  16|   7|    0|    28|   16|     1|          448|
    |x_buffer_214_U  |Conv77_Kernel_8_8_1_60_3_256_256_7_7_256_256_s_x_buffer_RAM_AUTO_1R1W     |        0|  16|   7|    0|    28|   16|     1|          448|
    |x_buffer_215_U  |Conv77_Kernel_8_8_1_60_3_256_256_7_7_256_256_s_x_buffer_RAM_AUTO_1R1W     |        0|  16|   7|    0|    28|   16|     1|          448|
    |x_buffer_216_U  |Conv77_Kernel_8_8_1_60_3_256_256_7_7_256_256_s_x_buffer_RAM_AUTO_1R1W     |        0|  16|   7|    0|    28|   16|     1|          448|
    |x_buffer_217_U  |Conv77_Kernel_8_8_1_60_3_256_256_7_7_256_256_s_x_buffer_RAM_AUTO_1R1W     |        0|  16|   7|    0|    28|   16|     1|          448|
    |x_buffer_218_U  |Conv77_Kernel_8_8_1_60_3_256_256_7_7_256_256_s_x_buffer_RAM_AUTO_1R1W     |        0|  16|   7|    0|    28|   16|     1|          448|
    |x_buffer_219_U  |Conv77_Kernel_8_8_1_60_3_256_256_7_7_256_256_s_x_buffer_RAM_AUTO_1R1W     |        0|  16|   7|    0|    28|   16|     1|          448|
    +----------------+--------------------------------------------------------------------------+---------+----+----+-----+------+-----+------+-------------+
    |Total           |                                                                          |       56|4480|1568|    0| 15680| 4480|   280|       250880|
    +----------------+--------------------------------------------------------------------------+---------+----+----+-----+------+-----+------+-------------+

    * FIFO: 
    N/A

    * Expression: 
    +----------------------------------+----------+----+---+-----+------------+------------+
    |           Variable Name          | Operation| DSP| FF| LUT | Bitwidth P0| Bitwidth P1|
    +----------------------------------+----------+----+---+-----+------------+------------+
    |add_ln134_1_fu_3107_p2            |         +|   0|  0|   18|          11|           5|
    |add_ln134_2_fu_3226_p2            |         +|   0|  0|   18|          11|           5|
    |add_ln134_fu_2988_p2              |         +|   0|  0|   18|          11|           5|
    |add_ln187_1_fu_3734_p2            |         +|   0|  0|   16|           9|           2|
    |add_ln187_2_fu_3812_p2            |         +|   0|  0|   16|           9|           2|
    |add_ln187_3_fu_3848_p2            |         +|   0|  0|   16|           9|           2|
    |add_ln187_fu_3698_p2              |         +|   0|  0|   16|           9|           3|
    |add_ln192_fu_3945_p2              |         +|   0|  0|   16|           9|           4|
    |add_ln207_fu_3641_p2              |         +|   0|  0|   71|          64|          24|
    |add_ln275_fu_3939_p2              |         +|   0|  0|   10|           3|           1|
    |empty_1347_fu_3662_p2             |         +|   0|  0|   16|           9|           3|
    |ho_fu_3656_p2                     |         +|   0|  0|   16|           9|           1|
    |sub_ln134_1_fu_2972_p2            |         -|   0|  0|   19|          11|          12|
    |sub_ln134_2_fu_2994_p2            |         -|   0|  0|   18|           4|          11|
    |sub_ln134_3_fu_3071_p2            |         -|   0|  0|   61|           1|          54|
    |sub_ln134_4_fu_3091_p2            |         -|   0|  0|   19|          11|          12|
    |sub_ln134_5_fu_3113_p2            |         -|   0|  0|   18|           4|          11|
    |sub_ln134_6_fu_3190_p2            |         -|   0|  0|   61|           1|          54|
    |sub_ln134_7_fu_3210_p2            |         -|   0|  0|   19|          11|          12|
    |sub_ln134_8_fu_3232_p2            |         -|   0|  0|   18|           4|          11|
    |sub_ln134_fu_2952_p2              |         -|   0|  0|   61|           1|          54|
    |sub_ln245_fu_3926_p2              |         -|   0|  0|   16|           4|           9|
    |sub_ln77_1_fu_3712_p2             |         -|   0|  0|   16|           2|           9|
    |sub_ln77_2_fu_3748_p2             |         -|   0|  0|   16|           1|           9|
    |sub_ln77_fu_3676_p2               |         -|   0|  0|   16|           2|           9|
    |sub_ln78_1_fu_3826_p2             |         -|   0|  0|   16|           4|           9|
    |sub_ln78_2_fu_3862_p2             |         -|   0|  0|   16|           4|           9|
    |sub_ln78_fu_3790_p2               |         -|   0|  0|   16|           3|           9|
    |and_ln134_1_fu_3339_p2            |       and|   0|  0|    2|           1|           1|
    |and_ln134_2_fu_3434_p2            |       and|   0|  0|    2|           1|           1|
    |and_ln134_3_fu_3449_p2            |       and|   0|  0|    2|           1|           1|
    |and_ln134_4_fu_3544_p2            |       and|   0|  0|    2|           1|           1|
    |and_ln134_5_fu_3559_p2            |       and|   0|  0|    2|           1|           1|
    |and_ln134_fu_3324_p2              |       and|   0|  0|    2|           1|           1|
    |ap_block_state78_on_subcall_done  |       and|   0|  0|    2|           1|           1|
    |ashr_ln134_1_fu_3391_p2           |      ashr|   0|  0|  159|          54|          54|
    |ashr_ln134_2_fu_3501_p2           |      ashr|   0|  0|  159|          54|          54|
    |ashr_ln134_fu_3281_p2             |      ashr|   0|  0|  159|          54|          54|
    |icmp_ln134_10_fu_3204_p2          |      icmp|   0|  0|   70|          63|           1|
    |icmp_ln134_11_fu_3220_p2          |      icmp|   0|  0|   19|          12|           4|
    |icmp_ln134_12_fu_3246_p2          |      icmp|   0|  0|   19|          12|           4|
    |icmp_ln134_13_fu_3486_p2          |      icmp|   0|  0|   18|          11|           6|
    |icmp_ln134_14_fu_3518_p2          |      icmp|   0|  0|   14|           7|           1|
    |icmp_ln134_1_fu_2982_p2           |      icmp|   0|  0|   19|          12|           4|
    |icmp_ln134_2_fu_3008_p2           |      icmp|   0|  0|   19|          12|           4|
    |icmp_ln134_3_fu_3266_p2           |      icmp|   0|  0|   18|          11|           6|
    |icmp_ln134_4_fu_3298_p2           |      icmp|   0|  0|   14|           7|           1|
    |icmp_ln134_5_fu_3085_p2           |      icmp|   0|  0|   70|          63|           1|
    |icmp_ln134_6_fu_3101_p2           |      icmp|   0|  0|   19|          12|           4|
    |icmp_ln134_7_fu_3127_p2           |      icmp|   0|  0|   19|          12|           4|
    |icmp_ln134_8_fu_3376_p2           |      icmp|   0|  0|   18|          11|           6|
    |icmp_ln134_9_fu_3408_p2           |      icmp|   0|  0|   14|           7|           1|
    |icmp_ln134_fu_2966_p2             |      icmp|   0|  0|   70|          63|           1|
    |icmp_ln179_fu_3650_p2             |      icmp|   0|  0|   17|           9|          10|
    |icmp_ln198_fu_3897_p2             |      icmp|   0|  0|   16|           9|           1|
    |icmp_ln275_fu_3933_p2             |      icmp|   0|  0|   10|           3|           2|
    |or_ln134_1_fu_3439_p2             |        or|   0|  0|    2|           1|           1|
    |or_ln134_2_fu_3549_p2             |        or|   0|  0|    2|           1|           1|
    |or_ln134_fu_3329_p2               |        or|   0|  0|    2|           1|           1|
    |b_buffer_1_fu_3463_p6             |    select|   0|  0|   16|           1|          16|
    |b_buffer_1_fu_3463_p8             |    select|   0|  0|   16|           1|          16|
    |b_buffer_2_fu_3573_p6             |    select|   0|  0|   16|           1|          16|
    |b_buffer_2_fu_3573_p8             |    select|   0|  0|   16|           1|          16|
    |b_buffer_fu_3353_p6               |    select|   0|  0|   16|           1|          16|
    |b_buffer_fu_3353_p8               |    select|   0|  0|   16|           1|          16|
    |select_ln134_12_fu_3271_p3        |    select|   0|  0|    2|           1|           2|
    |select_ln134_13_fu_3381_p3        |    select|   0|  0|    2|           1|           2|
    |select_ln134_14_fu_3491_p3        |    select|   0|  0|    2|           1|           2|
    |select_ln134_1_fu_3000_p3         |    select|   0|  0|   10|           1|          11|
    |select_ln134_4_fu_3077_p3         |    select|   0|  0|   52|           1|          54|
    |select_ln134_5_fu_3119_p3         |    select|   0|  0|   10|           1|          11|
    |select_ln134_8_fu_3196_p3         |    select|   0|  0|   52|           1|          54|
    |select_ln134_9_fu_3238_p3         |    select|   0|  0|   10|           1|          11|
    |select_ln134_fu_2958_p3           |    select|   0|  0|   52|           1|          54|
    |select_ln77_1_fu_3718_p3          |    select|   0|  0|    9|           1|           9|
    |select_ln77_2_fu_3754_p3          |    select|   0|  0|    9|           1|           9|
    |select_ln77_fu_3682_p3            |    select|   0|  0|    9|           1|           9|
    |select_ln78_1_fu_3832_p3          |    select|   0|  0|    9|           1|           9|
    |select_ln78_2_fu_3868_p3          |    select|   0|  0|    9|           1|           9|
    |select_ln78_fu_3796_p3            |    select|   0|  0|    9|           1|           9|
    |shl_ln134_1_fu_3416_p2            |       shl|   0|  0|   35|          16|          16|
    |shl_ln134_2_fu_3526_p2            |       shl|   0|  0|   35|          16|          16|
    |shl_ln134_fu_3306_p2              |       shl|   0|  0|   35|          16|          16|
    |xor_ln134_1_fu_3333_p2            |       xor|   0|  0|    2|           1|           2|
    |xor_ln134_2_fu_3429_p2            |       xor|   0|  0|    2|           1|           2|
    |xor_ln134_3_fu_3443_p2            |       xor|   0|  0|    2|           1|           2|
    |xor_ln134_4_fu_3539_p2            |       xor|   0|  0|    2|           1|           2|
    |xor_ln134_5_fu_3553_p2            |       xor|   0|  0|    2|           1|           2|
    |xor_ln134_fu_3319_p2              |       xor|   0|  0|    2|           1|           2|
    +----------------------------------+----------+----+---+-----+------------+------------+
    |Total                             |          |   0|  0| 2072|         814|         995|
    +----------------------------------+----------+----+---+-----+------------+------------+

    * Multiplexer: 
    +--------------------------+-----+-----------+-----+-----------+
    |           Name           | LUT | Input Size| Bits| Total Bits|
    +--------------------------+-----+-----------+-----+-----------+
    |acc_0_reg_1751            |    9|          2|   32|         64|
    |acc_10_0_reg_1631         |    9|          2|   32|         64|
    |acc_11_0_reg_1619         |    9|          2|   32|         64|
    |acc_12_0_reg_1607         |    9|          2|   32|         64|
    |acc_13_0_reg_1595         |    9|          2|   32|         64|
    |acc_14_0_reg_1583         |    9|          2|   32|         64|
    |acc_15_0_reg_1571         |    9|          2|   32|         64|
    |acc_16_0_reg_1559         |    9|          2|   32|         64|
    |acc_17_0_reg_1547         |    9|          2|   32|         64|
    |acc_18_0_reg_1535         |    9|          2|   32|         64|
    |acc_19_0_reg_1523         |    9|          2|   32|         64|
    |acc_1_0_reg_1739          |    9|          2|   32|         64|
    |acc_20_0_reg_1511         |    9|          2|   32|         64|
    |acc_21_0_reg_1499         |    9|          2|   32|         64|
    |acc_22_0_reg_1487         |    9|          2|   32|         64|
    |acc_23_0_reg_1475         |    9|          2|   32|         64|
    |acc_2_0_reg_1727          |    9|          2|   32|         64|
    |acc_3_0_reg_1715          |    9|          2|   32|         64|
    |acc_4_0_reg_1703          |    9|          2|   32|         64|
    |acc_5_0_reg_1691          |    9|          2|   32|         64|
    |acc_6_0_reg_1679          |    9|          2|   32|         64|
    |acc_7_0_reg_1667          |    9|          2|   32|         64|
    |acc_8_0_reg_1655          |    9|          2|   32|         64|
    |acc_9_0_reg_1643          |    9|          2|   32|         64|
    |ap_NS_fsm                 |  802|        152|    1|        152|
    |gmem_wc_blk_n_AR          |    9|          2|    1|          2|
    |gmem_z_blk_n_AW           |    9|          2|    1|          2|
    |gmem_z_blk_n_B            |    9|          2|    1|          2|
    |grp_fu_2835_ce            |   20|          4|    1|          4|
    |grp_fu_2835_p0            |   26|          5|   16|         80|
    |grp_fu_2838_ce            |   20|          4|    1|          4|
    |grp_fu_2838_p0            |   26|          5|   16|         80|
    |grp_fu_2841_ce            |   20|          4|    1|          4|
    |grp_fu_2841_p0            |   26|          5|   16|         80|
    |grp_fu_4540_ce            |   20|          4|    1|          4|
    |grp_fu_4540_p0            |   20|          4|   16|         64|
    |grp_fu_4543_ce            |   20|          4|    1|          4|
    |grp_fu_4543_p0            |   20|          4|   16|         64|
    |grp_fu_4546_ce            |   20|          4|    1|          4|
    |grp_fu_4546_p0            |   20|          4|   16|         64|
    |grp_fu_4549_ce            |   20|          4|    1|          4|
    |grp_fu_4549_p0            |   20|          4|   16|         64|
    |grp_fu_4552_ce            |   20|          4|    1|          4|
    |grp_fu_4552_p0            |   20|          4|   16|         64|
    |grp_fu_4555_ce            |   14|          3|    1|          3|
    |grp_fu_4555_p0            |   14|          3|   16|         48|
    |grp_fu_4558_ce            |   14|          3|    1|          3|
    |grp_fu_4558_p0            |   14|          3|   16|         48|
    |grp_fu_4561_ce            |   14|          3|    1|          3|
    |grp_fu_4561_p0            |   14|          3|   16|         48|
    |grp_fu_4564_ce            |   14|          3|    1|          3|
    |grp_fu_4564_p0            |   14|          3|   16|         48|
    |grp_fu_4567_ce            |   14|          3|    1|          3|
    |grp_fu_4567_p0            |   14|          3|   16|         48|
    |grp_fu_4570_ce            |   14|          3|    1|          3|
    |grp_fu_4570_p0            |   14|          3|   16|         48|
    |grp_fu_4573_ce            |   14|          3|    1|          3|
    |grp_fu_4573_p0            |   14|          3|   16|         48|
    |grp_fu_4576_ce            |   14|          3|    1|          3|
    |grp_fu_4576_p0            |   14|          3|   16|         48|
    |hf_reg_1763               |    9|          2|    3|          6|
    |hi_fu_204                 |    9|          2|    9|         18|
    |m_axi_gmem_wc_0_ARADDR    |   14|          3|   64|        192|
    |m_axi_gmem_wc_0_ARBURST   |    9|          2|    2|          4|
    |m_axi_gmem_wc_0_ARCACHE   |    9|          2|    4|          8|
    |m_axi_gmem_wc_0_ARID      |    9|          2|    1|          2|
    |m_axi_gmem_wc_0_ARLEN     |   14|          3|   32|         96|
    |m_axi_gmem_wc_0_ARLOCK    |    9|          2|    2|          4|
    |m_axi_gmem_wc_0_ARPROT    |    9|          2|    3|          6|
    |m_axi_gmem_wc_0_ARQOS     |    9|          2|    4|          8|
    |m_axi_gmem_wc_0_ARREGION  |    9|          2|    4|          8|
    |m_axi_gmem_wc_0_ARSIZE    |    9|          2|    3|          6|
    |m_axi_gmem_wc_0_ARUSER    |    9|          2|    1|          2|
    |m_axi_gmem_wc_0_ARVALID   |   14|          3|    1|          3|
    |m_axi_gmem_wc_0_RREADY    |    9|          2|    1|          2|
    |m_axi_gmem_y_0_ARADDR     |   14|          3|   64|        192|
    |m_axi_gmem_y_0_ARBURST    |   14|          3|    2|          6|
    |m_axi_gmem_y_0_ARCACHE    |   14|          3|    4|         12|
    |m_axi_gmem_y_0_ARID       |   14|          3|    1|          3|
    |m_axi_gmem_y_0_ARLEN      |   14|          3|   32|         96|
    |m_axi_gmem_y_0_ARLOCK     |   14|          3|    2|          6|
    |m_axi_gmem_y_0_ARPROT     |   14|          3|    3|          9|
    |m_axi_gmem_y_0_ARQOS      |   14|          3|    4|         12|
    |m_axi_gmem_y_0_ARREGION   |   14|          3|    4|         12|
    |m_axi_gmem_y_0_ARSIZE     |   14|          3|    3|          9|
    |m_axi_gmem_y_0_ARUSER     |   14|          3|    1|          3|
    |m_axi_gmem_y_0_ARVALID    |   14|          3|    1|          3|
    |m_axi_gmem_y_0_RREADY     |   14|          3|    1|          3|
    |m_axi_gmem_z_0_AWADDR     |   14|          3|   64|        192|
    |m_axi_gmem_z_0_AWBURST    |    9|          2|    2|          4|
    |m_axi_gmem_z_0_AWCACHE    |    9|          2|    4|          8|
    |m_axi_gmem_z_0_AWID       |    9|          2|    1|          2|
    |m_axi_gmem_z_0_AWLEN      |   14|          3|   32|         96|
    |m_axi_gmem_z_0_AWLOCK     |    9|          2|    2|          4|
    |m_axi_gmem_z_0_AWPROT     |    9|          2|    3|          6|
    |m_axi_gmem_z_0_AWQOS      |    9|          2|    4|          8|
    |m_axi_gmem_z_0_AWREGION   |    9|          2|    4|          8|
    |m_axi_gmem_z_0_AWSIZE     |    9|          2|    3|          6|
    |m_axi_gmem_z_0_AWUSER     |    9|          2|    1|          2|
    |m_axi_gmem_z_0_AWVALID    |   14|          3|    1|          3|
    |m_axi_gmem_z_0_BREADY     |   14|          3|    1|          3|
    |m_axi_gmem_z_0_WVALID     |    9|          2|    1|          2|
    |w_buffer_10_address0      |   14|          3|    8|         24|
    |w_buffer_10_ce0           |   14|          3|    1|          3|
    |w_buffer_10_we0           |    9|          2|    1|          2|
    |w_buffer_11_address0      |   14|          3|    8|         24|
    |w_buffer_11_ce0           |   14|          3|    1|          3|
    |w_buffer_11_we0           |    9|          2|    1|          2|
    |w_buffer_12_address0      |   14|          3|    8|         24|
    |w_buffer_12_ce0           |   14|          3|    1|          3|
    |w_buffer_12_ce1           |    9|          2|    1|          2|
    |w_buffer_12_we0           |    9|          2|    1|          2|
    |w_buffer_12_we1           |    9|          2|    1|          2|
    |w_buffer_13_address0      |   14|          3|    8|         24|
    |w_buffer_13_ce0           |   14|          3|    1|          3|
    |w_buffer_13_ce1           |    9|          2|    1|          2|
    |w_buffer_13_we0           |    9|          2|    1|          2|
    |w_buffer_13_we1           |    9|          2|    1|          2|
    |w_buffer_14_address0      |   14|          3|    8|         24|
    |w_buffer_14_ce0           |   14|          3|    1|          3|
    |w_buffer_14_ce1           |    9|          2|    1|          2|
    |w_buffer_14_we0           |    9|          2|    1|          2|
    |w_buffer_14_we1           |    9|          2|    1|          2|
    |w_buffer_15_address0      |   14|          3|    8|         24|
    |w_buffer_15_ce0           |   14|          3|    1|          3|
    |w_buffer_15_ce1           |    9|          2|    1|          2|
    |w_buffer_15_we0           |    9|          2|    1|          2|
    |w_buffer_15_we1           |    9|          2|    1|          2|
    |w_buffer_16_address0      |   14|          3|    8|         24|
    |w_buffer_16_ce0           |   14|          3|    1|          3|
    |w_buffer_16_we0           |    9|          2|    1|          2|
    |w_buffer_17_address0      |   14|          3|    8|         24|
    |w_buffer_17_ce0           |   14|          3|    1|          3|
    |w_buffer_17_we0           |    9|          2|    1|          2|
    |w_buffer_18_address0      |   14|          3|    8|         24|
    |w_buffer_18_ce0           |   14|          3|    1|          3|
    |w_buffer_18_we0           |    9|          2|    1|          2|
    |w_buffer_19_address0      |   14|          3|    8|         24|
    |w_buffer_19_ce0           |   14|          3|    1|          3|
    |w_buffer_19_we0           |    9|          2|    1|          2|
    |w_buffer_1_address0       |   14|          3|    8|         24|
    |w_buffer_1_ce0            |   14|          3|    1|          3|
    |w_buffer_1_we0            |    9|          2|    1|          2|
    |w_buffer_20_address0      |   14|          3|    8|         24|
    |w_buffer_20_ce0           |   14|          3|    1|          3|
    |w_buffer_20_ce1           |    9|          2|    1|          2|
    |w_buffer_20_we0           |    9|          2|    1|          2|
    |w_buffer_20_we1           |    9|          2|    1|          2|
    |w_buffer_21_address0      |   14|          3|    8|         24|
    |w_buffer_21_ce0           |   14|          3|    1|          3|
    |w_buffer_21_ce1           |    9|          2|    1|          2|
    |w_buffer_21_we0           |    9|          2|    1|          2|
    |w_buffer_21_we1           |    9|          2|    1|          2|
    |w_buffer_22_address0      |   14|          3|    8|         24|
    |w_buffer_22_ce0           |   14|          3|    1|          3|
    |w_buffer_22_ce1           |    9|          2|    1|          2|
    |w_buffer_22_we0           |    9|          2|    1|          2|
    |w_buffer_22_we1           |    9|          2|    1|          2|
    |w_buffer_23_address0      |   14|          3|    8|         24|
    |w_buffer_23_ce0           |   14|          3|    1|          3|
    |w_buffer_23_ce1           |    9|          2|    1|          2|
    |w_buffer_23_we0           |    9|          2|    1|          2|
    |w_buffer_23_we1           |    9|          2|    1|          2|
    |w_buffer_24_address0      |   14|          3|    8|         24|
    |w_buffer_24_ce0           |   14|          3|    1|          3|
    |w_buffer_24_we0           |    9|          2|    1|          2|
    |w_buffer_25_address0      |   14|          3|    8|         24|
    |w_buffer_25_ce0           |   14|          3|    1|          3|
    |w_buffer_25_we0           |    9|          2|    1|          2|
    |w_buffer_26_address0      |   14|          3|    8|         24|
    |w_buffer_26_ce0           |   14|          3|    1|          3|
    |w_buffer_26_we0           |    9|          2|    1|          2|
    |w_buffer_27_address0      |   14|          3|    8|         24|
    |w_buffer_27_ce0           |   14|          3|    1|          3|
    |w_buffer_27_we0           |    9|          2|    1|          2|
    |w_buffer_28_address0      |   14|          3|    8|         24|
    |w_buffer_28_ce0           |   14|          3|    1|          3|
    |w_buffer_28_ce1           |    9|          2|    1|          2|
    |w_buffer_28_we0           |    9|          2|    1|          2|
    |w_buffer_28_we1           |    9|          2|    1|          2|
    |w_buffer_29_address0      |   14|          3|    8|         24|
    |w_buffer_29_ce0           |   14|          3|    1|          3|
    |w_buffer_29_ce1           |    9|          2|    1|          2|
    |w_buffer_29_we0           |    9|          2|    1|          2|
    |w_buffer_29_we1           |    9|          2|    1|          2|
    |w_buffer_2_address0       |   14|          3|    8|         24|
    |w_buffer_2_ce0            |   14|          3|    1|          3|
    |w_buffer_2_we0            |    9|          2|    1|          2|
    |w_buffer_30_address0      |   14|          3|    8|         24|
    |w_buffer_30_ce0           |   14|          3|    1|          3|
    |w_buffer_30_ce1           |    9|          2|    1|          2|
    |w_buffer_30_we0           |    9|          2|    1|          2|
    |w_buffer_30_we1           |    9|          2|    1|          2|
    |w_buffer_31_address0      |   14|          3|    8|         24|
    |w_buffer_31_ce0           |   14|          3|    1|          3|
    |w_buffer_31_ce1           |    9|          2|    1|          2|
    |w_buffer_31_we0           |    9|          2|    1|          2|
    |w_buffer_31_we1           |    9|          2|    1|          2|
    |w_buffer_32_address0      |   14|          3|    8|         24|
    |w_buffer_32_ce0           |   14|          3|    1|          3|
    |w_buffer_32_we0           |    9|          2|    1|          2|
    |w_buffer_33_address0      |   14|          3|    8|         24|
    |w_buffer_33_ce0           |   14|          3|    1|          3|
    |w_buffer_33_we0           |    9|          2|    1|          2|
    |w_buffer_34_address0      |   14|          3|    8|         24|
    |w_buffer_34_ce0           |   14|          3|    1|          3|
    |w_buffer_34_we0           |    9|          2|    1|          2|
    |w_buffer_35_address0      |   14|          3|    8|         24|
    |w_buffer_35_ce0           |   14|          3|    1|          3|
    |w_buffer_35_we0           |    9|          2|    1|          2|
    |w_buffer_36_address0      |   14|          3|    8|         24|
    |w_buffer_36_ce0           |   14|          3|    1|          3|
    |w_buffer_36_ce1           |    9|          2|    1|          2|
    |w_buffer_36_we0           |    9|          2|    1|          2|
    |w_buffer_36_we1           |    9|          2|    1|          2|
    |w_buffer_37_address0      |   14|          3|    8|         24|
    |w_buffer_37_ce0           |   14|          3|    1|          3|
    |w_buffer_37_ce1           |    9|          2|    1|          2|
    |w_buffer_37_we0           |    9|          2|    1|          2|
    |w_buffer_37_we1           |    9|          2|    1|          2|
    |w_buffer_38_address0      |   14|          3|    8|         24|
    |w_buffer_38_ce0           |   14|          3|    1|          3|
    |w_buffer_38_ce1           |    9|          2|    1|          2|
    |w_buffer_38_we0           |    9|          2|    1|          2|
    |w_buffer_38_we1           |    9|          2|    1|          2|
    |w_buffer_39_address0      |   14|          3|    8|         24|
    |w_buffer_39_ce0           |   14|          3|    1|          3|
    |w_buffer_39_ce1           |    9|          2|    1|          2|
    |w_buffer_39_we0           |    9|          2|    1|          2|
    |w_buffer_39_we1           |    9|          2|    1|          2|
    |w_buffer_3_address0       |   14|          3|    8|         24|
    |w_buffer_3_ce0            |   14|          3|    1|          3|
    |w_buffer_3_we0            |    9|          2|    1|          2|
    |w_buffer_40_address0      |   14|          3|    8|         24|
    |w_buffer_40_ce0           |   14|          3|    1|          3|
    |w_buffer_40_we0           |    9|          2|    1|          2|
    |w_buffer_41_address0      |   14|          3|    8|         24|
    |w_buffer_41_ce0           |   14|          3|    1|          3|
    |w_buffer_41_we0           |    9|          2|    1|          2|
    |w_buffer_42_address0      |   14|          3|    8|         24|
    |w_buffer_42_ce0           |   14|          3|    1|          3|
    |w_buffer_42_we0           |    9|          2|    1|          2|
    |w_buffer_43_address0      |   14|          3|    8|         24|
    |w_buffer_43_ce0           |   14|          3|    1|          3|
    |w_buffer_43_we0           |    9|          2|    1|          2|
    |w_buffer_44_address0      |   14|          3|    8|         24|
    |w_buffer_44_ce0           |   14|          3|    1|          3|
    |w_buffer_44_ce1           |    9|          2|    1|          2|
    |w_buffer_44_we0           |    9|          2|    1|          2|
    |w_buffer_44_we1           |    9|          2|    1|          2|
    |w_buffer_45_address0      |   14|          3|    8|         24|
    |w_buffer_45_ce0           |   14|          3|    1|          3|
    |w_buffer_45_ce1           |    9|          2|    1|          2|
    |w_buffer_45_we0           |    9|          2|    1|          2|
    |w_buffer_45_we1           |    9|          2|    1|          2|
    |w_buffer_46_address0      |   14|          3|    8|         24|
    |w_buffer_46_ce0           |   14|          3|    1|          3|
    |w_buffer_46_ce1           |    9|          2|    1|          2|
    |w_buffer_46_we0           |    9|          2|    1|          2|
    |w_buffer_46_we1           |    9|          2|    1|          2|
    |w_buffer_47_address0      |   14|          3|    8|         24|
    |w_buffer_47_ce0           |   14|          3|    1|          3|
    |w_buffer_47_ce1           |    9|          2|    1|          2|
    |w_buffer_47_we0           |    9|          2|    1|          2|
    |w_buffer_47_we1           |    9|          2|    1|          2|
    |w_buffer_48_address0      |   14|          3|    8|         24|
    |w_buffer_48_ce0           |   14|          3|    1|          3|
    |w_buffer_48_we0           |    9|          2|    1|          2|
    |w_buffer_49_address0      |   14|          3|    8|         24|
    |w_buffer_49_ce0           |   14|          3|    1|          3|
    |w_buffer_49_we0           |    9|          2|    1|          2|
    |w_buffer_4_address0       |   14|          3|    8|         24|
    |w_buffer_4_ce0            |   14|          3|    1|          3|
    |w_buffer_4_ce1            |    9|          2|    1|          2|
    |w_buffer_4_we0            |    9|          2|    1|          2|
    |w_buffer_4_we1            |    9|          2|    1|          2|
    |w_buffer_50_address0      |   14|          3|    8|         24|
    |w_buffer_50_ce0           |   14|          3|    1|          3|
    |w_buffer_50_we0           |    9|          2|    1|          2|
    |w_buffer_51_address0      |   14|          3|    8|         24|
    |w_buffer_51_ce0           |   14|          3|    1|          3|
    |w_buffer_51_we0           |    9|          2|    1|          2|
    |w_buffer_52_address0      |   14|          3|    8|         24|
    |w_buffer_52_ce0           |   14|          3|    1|          3|
    |w_buffer_52_ce1           |    9|          2|    1|          2|
    |w_buffer_52_we0           |    9|          2|    1|          2|
    |w_buffer_52_we1           |    9|          2|    1|          2|
    |w_buffer_53_address0      |   14|          3|    8|         24|
    |w_buffer_53_ce0           |   14|          3|    1|          3|
    |w_buffer_53_ce1           |    9|          2|    1|          2|
    |w_buffer_53_we0           |    9|          2|    1|          2|
    |w_buffer_53_we1           |    9|          2|    1|          2|
    |w_buffer_54_address0      |   14|          3|    8|         24|
    |w_buffer_54_ce0           |   14|          3|    1|          3|
    |w_buffer_54_ce1           |    9|          2|    1|          2|
    |w_buffer_54_we0           |    9|          2|    1|          2|
    |w_buffer_54_we1           |    9|          2|    1|          2|
    |w_buffer_55_address0      |   14|          3|    8|         24|
    |w_buffer_55_ce0           |   14|          3|    1|          3|
    |w_buffer_55_ce1           |    9|          2|    1|          2|
    |w_buffer_55_we0           |    9|          2|    1|          2|
    |w_buffer_55_we1           |    9|          2|    1|          2|
    |w_buffer_5_address0       |   14|          3|    8|         24|
    |w_buffer_5_ce0            |   14|          3|    1|          3|
    |w_buffer_5_ce1            |    9|          2|    1|          2|
    |w_buffer_5_we0            |    9|          2|    1|          2|
    |w_buffer_5_we1            |    9|          2|    1|          2|
    |w_buffer_6_address0       |   14|          3|    8|         24|
    |w_buffer_6_ce0            |   14|          3|    1|          3|
    |w_buffer_6_ce1            |    9|          2|    1|          2|
    |w_buffer_6_we0            |    9|          2|    1|          2|
    |w_buffer_6_we1            |    9|          2|    1|          2|
    |w_buffer_7_address0       |   14|          3|    8|         24|
    |w_buffer_7_ce0            |   14|          3|    1|          3|
    |w_buffer_7_ce1            |    9|          2|    1|          2|
    |w_buffer_7_we0            |    9|          2|    1|          2|
    |w_buffer_7_we1            |    9|          2|    1|          2|
    |w_buffer_8_address0       |   14|          3|    8|         24|
    |w_buffer_8_ce0            |   14|          3|    1|          3|
    |w_buffer_8_we0            |    9|          2|    1|          2|
    |w_buffer_9_address0       |   14|          3|    8|         24|
    |w_buffer_9_ce0            |   14|          3|    1|          3|
    |w_buffer_9_we0            |    9|          2|    1|          2|
    |w_buffer_address0         |   14|          3|    8|         24|
    |w_buffer_ce0              |   14|          3|    1|          3|
    |w_buffer_we0              |    9|          2|    1|          2|
    |wo_reg_1463               |    9|          2|    9|         18|
    |x_buffer_100_address0     |   20|          4|    5|         20|
    |x_buffer_100_ce0          |   20|          4|    1|          4|
    |x_buffer_100_d0           |   14|          3|   16|         48|
    |x_buffer_100_we0          |   14|          3|    1|          3|
    |x_buffer_101_address0     |   20|          4|    5|         20|
    |x_buffer_101_ce0          |   20|          4|    1|          4|
    |x_buffer_101_d0           |   14|          3|   16|         48|
    |x_buffer_101_we0          |   14|          3|    1|          3|
    |x_buffer_102_address0     |   20|          4|    5|         20|
    |x_buffer_102_ce0          |   20|          4|    1|          4|
    |x_buffer_102_d0           |   14|          3|   16|         48|
    |x_buffer_102_we0          |   14|          3|    1|          3|
    |x_buffer_103_address0     |   20|          4|    5|         20|
    |x_buffer_103_ce0          |   20|          4|    1|          4|
    |x_buffer_103_d0           |   14|          3|   16|         48|
    |x_buffer_103_we0          |   14|          3|    1|          3|
    |x_buffer_104_address0     |   20|          4|    5|         20|
    |x_buffer_104_ce0          |   20|          4|    1|          4|
    |x_buffer_104_d0           |   14|          3|   16|         48|
    |x_buffer_104_we0          |   14|          3|    1|          3|
    |x_buffer_105_address0     |   20|          4|    5|         20|
    |x_buffer_105_ce0          |   20|          4|    1|          4|
    |x_buffer_105_d0           |   14|          3|   16|         48|
    |x_buffer_105_we0          |   14|          3|    1|          3|
    |x_buffer_106_address0     |   20|          4|    5|         20|
    |x_buffer_106_ce0          |   20|          4|    1|          4|
    |x_buffer_106_d0           |   14|          3|   16|         48|
    |x_buffer_106_we0          |   14|          3|    1|          3|
    |x_buffer_107_address0     |   20|          4|    5|         20|
    |x_buffer_107_ce0          |   20|          4|    1|          4|
    |x_buffer_107_d0           |   14|          3|   16|         48|
    |x_buffer_107_we0          |   14|          3|    1|          3|
    |x_buffer_108_address0     |   20|          4|    5|         20|
    |x_buffer_108_address1     |   14|          3|    5|         15|
    |x_buffer_108_ce0          |   20|          4|    1|          4|
    |x_buffer_108_ce1          |   14|          3|    1|          3|
    |x_buffer_108_d0           |   14|          3|   16|         48|
    |x_buffer_108_d1           |   14|          3|   16|         48|
    |x_buffer_108_we0          |   14|          3|    1|          3|
    |x_buffer_108_we1          |   14|          3|    1|          3|
    |x_buffer_109_address0     |   20|          4|    5|         20|
    |x_buffer_109_address1     |   14|          3|    5|         15|
    |x_buffer_109_ce0          |   20|          4|    1|          4|
    |x_buffer_109_ce1          |   14|          3|    1|          3|
    |x_buffer_109_d0           |   14|          3|   16|         48|
    |x_buffer_109_d1           |   14|          3|   16|         48|
    |x_buffer_109_we0          |   14|          3|    1|          3|
    |x_buffer_109_we1          |   14|          3|    1|          3|
    |x_buffer_10_address0      |   20|          4|    5|         20|
    |x_buffer_10_ce0           |   20|          4|    1|          4|
    |x_buffer_10_d0            |   14|          3|   16|         48|
    |x_buffer_10_we0           |   14|          3|    1|          3|
    |x_buffer_110_address0     |   20|          4|    5|         20|
    |x_buffer_110_address1     |   14|          3|    5|         15|
    |x_buffer_110_ce0          |   20|          4|    1|          4|
    |x_buffer_110_ce1          |   14|          3|    1|          3|
    |x_buffer_110_d0           |   14|          3|   16|         48|
    |x_buffer_110_d1           |   14|          3|   16|         48|
    |x_buffer_110_we0          |   14|          3|    1|          3|
    |x_buffer_110_we1          |   14|          3|    1|          3|
    |x_buffer_111_address0     |   20|          4|    5|         20|
    |x_buffer_111_address1     |   14|          3|    5|         15|
    |x_buffer_111_ce0          |   20|          4|    1|          4|
    |x_buffer_111_ce1          |   14|          3|    1|          3|
    |x_buffer_111_d0           |   14|          3|   16|         48|
    |x_buffer_111_d1           |   14|          3|   16|         48|
    |x_buffer_111_we0          |   14|          3|    1|          3|
    |x_buffer_111_we1          |   14|          3|    1|          3|
    |x_buffer_112_address0     |   20|          4|    5|         20|
    |x_buffer_112_ce0          |   20|          4|    1|          4|
    |x_buffer_112_d0           |   14|          3|   16|         48|
    |x_buffer_112_we0          |   14|          3|    1|          3|
    |x_buffer_113_address0     |   20|          4|    5|         20|
    |x_buffer_113_ce0          |   20|          4|    1|          4|
    |x_buffer_113_d0           |   14|          3|   16|         48|
    |x_buffer_113_we0          |   14|          3|    1|          3|
    |x_buffer_114_address0     |   20|          4|    5|         20|
    |x_buffer_114_ce0          |   20|          4|    1|          4|
    |x_buffer_114_d0           |   14|          3|   16|         48|
    |x_buffer_114_we0          |   14|          3|    1|          3|
    |x_buffer_115_address0     |   20|          4|    5|         20|
    |x_buffer_115_ce0          |   20|          4|    1|          4|
    |x_buffer_115_d0           |   14|          3|   16|         48|
    |x_buffer_115_we0          |   14|          3|    1|          3|
    |x_buffer_116_address0     |   20|          4|    5|         20|
    |x_buffer_116_ce0          |   20|          4|    1|          4|
    |x_buffer_116_d0           |   14|          3|   16|         48|
    |x_buffer_116_we0          |   14|          3|    1|          3|
    |x_buffer_117_address0     |   20|          4|    5|         20|
    |x_buffer_117_ce0          |   20|          4|    1|          4|
    |x_buffer_117_d0           |   14|          3|   16|         48|
    |x_buffer_117_we0          |   14|          3|    1|          3|
    |x_buffer_118_address0     |   20|          4|    5|         20|
    |x_buffer_118_ce0          |   20|          4|    1|          4|
    |x_buffer_118_d0           |   14|          3|   16|         48|
    |x_buffer_118_we0          |   14|          3|    1|          3|
    |x_buffer_119_address0     |   20|          4|    5|         20|
    |x_buffer_119_ce0          |   20|          4|    1|          4|
    |x_buffer_119_d0           |   14|          3|   16|         48|
    |x_buffer_119_we0          |   14|          3|    1|          3|
    |x_buffer_11_address0      |   20|          4|    5|         20|
    |x_buffer_11_ce0           |   20|          4|    1|          4|
    |x_buffer_11_d0            |   14|          3|   16|         48|
    |x_buffer_11_we0           |   14|          3|    1|          3|
    |x_buffer_120_address0     |   20|          4|    5|         20|
    |x_buffer_120_ce0          |   20|          4|    1|          4|
    |x_buffer_120_d0           |   14|          3|   16|         48|
    |x_buffer_120_we0          |   14|          3|    1|          3|
    |x_buffer_121_address0     |   20|          4|    5|         20|
    |x_buffer_121_ce0          |   20|          4|    1|          4|
    |x_buffer_121_d0           |   14|          3|   16|         48|
    |x_buffer_121_we0          |   14|          3|    1|          3|
    |x_buffer_122_address0     |   20|          4|    5|         20|
    |x_buffer_122_ce0          |   20|          4|    1|          4|
    |x_buffer_122_d0           |   14|          3|   16|         48|
    |x_buffer_122_we0          |   14|          3|    1|          3|
    |x_buffer_123_address0     |   20|          4|    5|         20|
    |x_buffer_123_ce0          |   20|          4|    1|          4|
    |x_buffer_123_d0           |   14|          3|   16|         48|
    |x_buffer_123_we0          |   14|          3|    1|          3|
    |x_buffer_124_address0     |   20|          4|    5|         20|
    |x_buffer_124_address1     |   14|          3|    5|         15|
    |x_buffer_124_ce0          |   20|          4|    1|          4|
    |x_buffer_124_ce1          |   14|          3|    1|          3|
    |x_buffer_124_d0           |   14|          3|   16|         48|
    |x_buffer_124_d1           |   14|          3|   16|         48|
    |x_buffer_124_we0          |   14|          3|    1|          3|
    |x_buffer_124_we1          |   14|          3|    1|          3|
    |x_buffer_125_address0     |   20|          4|    5|         20|
    |x_buffer_125_address1     |   14|          3|    5|         15|
    |x_buffer_125_ce0          |   20|          4|    1|          4|
    |x_buffer_125_ce1          |   14|          3|    1|          3|
    |x_buffer_125_d0           |   14|          3|   16|         48|
    |x_buffer_125_d1           |   14|          3|   16|         48|
    |x_buffer_125_we0          |   14|          3|    1|          3|
    |x_buffer_125_we1          |   14|          3|    1|          3|
    |x_buffer_126_address0     |   20|          4|    5|         20|
    |x_buffer_126_address1     |   14|          3|    5|         15|
    |x_buffer_126_ce0          |   20|          4|    1|          4|
    |x_buffer_126_ce1          |   14|          3|    1|          3|
    |x_buffer_126_d0           |   14|          3|   16|         48|
    |x_buffer_126_d1           |   14|          3|   16|         48|
    |x_buffer_126_we0          |   14|          3|    1|          3|
    |x_buffer_126_we1          |   14|          3|    1|          3|
    |x_buffer_127_address0     |   20|          4|    5|         20|
    |x_buffer_127_address1     |   14|          3|    5|         15|
    |x_buffer_127_ce0          |   20|          4|    1|          4|
    |x_buffer_127_ce1          |   14|          3|    1|          3|
    |x_buffer_127_d0           |   14|          3|   16|         48|
    |x_buffer_127_d1           |   14|          3|   16|         48|
    |x_buffer_127_we0          |   14|          3|    1|          3|
    |x_buffer_127_we1          |   14|          3|    1|          3|
    |x_buffer_128_address0     |   26|          5|    5|         25|
    |x_buffer_128_ce0          |   26|          5|    1|          5|
    |x_buffer_128_d0           |   14|          3|   16|         48|
    |x_buffer_128_we0          |   14|          3|    1|          3|
    |x_buffer_129_address0     |   26|          5|    5|         25|
    |x_buffer_129_ce0          |   26|          5|    1|          5|
    |x_buffer_129_d0           |   14|          3|   16|         48|
    |x_buffer_129_we0          |   14|          3|    1|          3|
    |x_buffer_12_address0      |   20|          4|    5|         20|
    |x_buffer_12_ce0           |   20|          4|    1|          4|
    |x_buffer_12_ce1           |    9|          2|    1|          2|
    |x_buffer_12_d0            |   14|          3|   16|         48|
    |x_buffer_12_we0           |   14|          3|    1|          3|
    |x_buffer_12_we1           |    9|          2|    1|          2|
    |x_buffer_130_address0     |   26|          5|    5|         25|
    |x_buffer_130_ce0          |   26|          5|    1|          5|
    |x_buffer_130_d0           |   14|          3|   16|         48|
    |x_buffer_130_we0          |   14|          3|    1|          3|
    |x_buffer_131_address0     |   26|          5|    5|         25|
    |x_buffer_131_ce0          |   26|          5|    1|          5|
    |x_buffer_131_d0           |   14|          3|   16|         48|
    |x_buffer_131_we0          |   14|          3|    1|          3|
    |x_buffer_132_address0     |   26|          5|    5|         25|
    |x_buffer_132_ce0          |   26|          5|    1|          5|
    |x_buffer_132_d0           |   14|          3|   16|         48|
    |x_buffer_132_we0          |   14|          3|    1|          3|
    |x_buffer_133_address0     |   26|          5|    5|         25|
    |x_buffer_133_ce0          |   26|          5|    1|          5|
    |x_buffer_133_d0           |   14|          3|   16|         48|
    |x_buffer_133_we0          |   14|          3|    1|          3|
    |x_buffer_134_address0     |   26|          5|    5|         25|
    |x_buffer_134_ce0          |   26|          5|    1|          5|
    |x_buffer_134_d0           |   14|          3|   16|         48|
    |x_buffer_134_we0          |   14|          3|    1|          3|
    |x_buffer_135_address0     |   26|          5|    5|         25|
    |x_buffer_135_ce0          |   26|          5|    1|          5|
    |x_buffer_135_d0           |   14|          3|   16|         48|
    |x_buffer_135_we0          |   14|          3|    1|          3|
    |x_buffer_136_address0     |   26|          5|    5|         25|
    |x_buffer_136_ce0          |   26|          5|    1|          5|
    |x_buffer_136_d0           |   14|          3|   16|         48|
    |x_buffer_136_we0          |   14|          3|    1|          3|
    |x_buffer_137_address0     |   26|          5|    5|         25|
    |x_buffer_137_ce0          |   26|          5|    1|          5|
    |x_buffer_137_d0           |   14|          3|   16|         48|
    |x_buffer_137_we0          |   14|          3|    1|          3|
    |x_buffer_138_address0     |   26|          5|    5|         25|
    |x_buffer_138_ce0          |   26|          5|    1|          5|
    |x_buffer_138_d0           |   14|          3|   16|         48|
    |x_buffer_138_we0          |   14|          3|    1|          3|
    |x_buffer_139_address0     |   26|          5|    5|         25|
    |x_buffer_139_ce0          |   26|          5|    1|          5|
    |x_buffer_139_d0           |   14|          3|   16|         48|
    |x_buffer_139_we0          |   14|          3|    1|          3|
    |x_buffer_13_address0      |   20|          4|    5|         20|
    |x_buffer_13_ce0           |   20|          4|    1|          4|
    |x_buffer_13_ce1           |    9|          2|    1|          2|
    |x_buffer_13_d0            |   14|          3|   16|         48|
    |x_buffer_13_we0           |   14|          3|    1|          3|
    |x_buffer_13_we1           |    9|          2|    1|          2|
    |x_buffer_140_address0     |   26|          5|    5|         25|
    |x_buffer_140_address1     |   14|          3|    5|         15|
    |x_buffer_140_ce0          |   26|          5|    1|          5|
    |x_buffer_140_ce1          |   14|          3|    1|          3|
    |x_buffer_140_d0           |   14|          3|   16|         48|
    |x_buffer_140_d1           |   14|          3|   16|         48|
    |x_buffer_140_we0          |   14|          3|    1|          3|
    |x_buffer_140_we1          |   14|          3|    1|          3|
    |x_buffer_141_address0     |   26|          5|    5|         25|
    |x_buffer_141_address1     |   14|          3|    5|         15|
    |x_buffer_141_ce0          |   26|          5|    1|          5|
    |x_buffer_141_ce1          |   14|          3|    1|          3|
    |x_buffer_141_d0           |   14|          3|   16|         48|
    |x_buffer_141_d1           |   14|          3|   16|         48|
    |x_buffer_141_we0          |   14|          3|    1|          3|
    |x_buffer_141_we1          |   14|          3|    1|          3|
    |x_buffer_142_address0     |   26|          5|    5|         25|
    |x_buffer_142_address1     |   14|          3|    5|         15|
    |x_buffer_142_ce0          |   26|          5|    1|          5|
    |x_buffer_142_ce1          |   14|          3|    1|          3|
    |x_buffer_142_d0           |   14|          3|   16|         48|
    |x_buffer_142_d1           |   14|          3|   16|         48|
    |x_buffer_142_we0          |   14|          3|    1|          3|
    |x_buffer_142_we1          |   14|          3|    1|          3|
    |x_buffer_143_address0     |   26|          5|    5|         25|
    |x_buffer_143_address1     |   14|          3|    5|         15|
    |x_buffer_143_ce0          |   26|          5|    1|          5|
    |x_buffer_143_ce1          |   14|          3|    1|          3|
    |x_buffer_143_d0           |   14|          3|   16|         48|
    |x_buffer_143_d1           |   14|          3|   16|         48|
    |x_buffer_143_we0          |   14|          3|    1|          3|
    |x_buffer_143_we1          |   14|          3|    1|          3|
    |x_buffer_144_address0     |   26|          5|    5|         25|
    |x_buffer_144_ce0          |   26|          5|    1|          5|
    |x_buffer_144_d0           |   14|          3|   16|         48|
    |x_buffer_144_we0          |   14|          3|    1|          3|
    |x_buffer_145_address0     |   26|          5|    5|         25|
    |x_buffer_145_ce0          |   26|          5|    1|          5|
    |x_buffer_145_d0           |   14|          3|   16|         48|
    |x_buffer_145_we0          |   14|          3|    1|          3|
    |x_buffer_146_address0     |   26|          5|    5|         25|
    |x_buffer_146_ce0          |   26|          5|    1|          5|
    |x_buffer_146_d0           |   14|          3|   16|         48|
    |x_buffer_146_we0          |   14|          3|    1|          3|
    |x_buffer_147_address0     |   26|          5|    5|         25|
    |x_buffer_147_ce0          |   26|          5|    1|          5|
    |x_buffer_147_d0           |   14|          3|   16|         48|
    |x_buffer_147_we0          |   14|          3|    1|          3|
    |x_buffer_148_address0     |   26|          5|    5|         25|
    |x_buffer_148_ce0          |   26|          5|    1|          5|
    |x_buffer_148_d0           |   14|          3|   16|         48|
    |x_buffer_148_we0          |   14|          3|    1|          3|
    |x_buffer_149_address0     |   26|          5|    5|         25|
    |x_buffer_149_ce0          |   26|          5|    1|          5|
    |x_buffer_149_d0           |   14|          3|   16|         48|
    |x_buffer_149_we0          |   14|          3|    1|          3|
    |x_buffer_14_address0      |   20|          4|    5|         20|
    |x_buffer_14_ce0           |   20|          4|    1|          4|
    |x_buffer_14_ce1           |    9|          2|    1|          2|
    |x_buffer_14_d0            |   14|          3|   16|         48|
    |x_buffer_14_we0           |   14|          3|    1|          3|
    |x_buffer_14_we1           |    9|          2|    1|          2|
    |x_buffer_150_address0     |   26|          5|    5|         25|
    |x_buffer_150_ce0          |   26|          5|    1|          5|
    |x_buffer_150_d0           |   14|          3|   16|         48|
    |x_buffer_150_we0          |   14|          3|    1|          3|
    |x_buffer_151_address0     |   26|          5|    5|         25|
    |x_buffer_151_ce0          |   26|          5|    1|          5|
    |x_buffer_151_d0           |   14|          3|   16|         48|
    |x_buffer_151_we0          |   14|          3|    1|          3|
    |x_buffer_152_address0     |   26|          5|    5|         25|
    |x_buffer_152_ce0          |   26|          5|    1|          5|
    |x_buffer_152_d0           |   14|          3|   16|         48|
    |x_buffer_152_we0          |   14|          3|    1|          3|
    |x_buffer_153_address0     |   26|          5|    5|         25|
    |x_buffer_153_ce0          |   26|          5|    1|          5|
    |x_buffer_153_d0           |   14|          3|   16|         48|
    |x_buffer_153_we0          |   14|          3|    1|          3|
    |x_buffer_154_address0     |   26|          5|    5|         25|
    |x_buffer_154_ce0          |   26|          5|    1|          5|
    |x_buffer_154_d0           |   14|          3|   16|         48|
    |x_buffer_154_we0          |   14|          3|    1|          3|
    |x_buffer_155_address0     |   26|          5|    5|         25|
    |x_buffer_155_ce0          |   26|          5|    1|          5|
    |x_buffer_155_d0           |   14|          3|   16|         48|
    |x_buffer_155_we0          |   14|          3|    1|          3|
    |x_buffer_156_address0     |   26|          5|    5|         25|
    |x_buffer_156_address1     |   14|          3|    5|         15|
    |x_buffer_156_ce0          |   26|          5|    1|          5|
    |x_buffer_156_ce1          |   14|          3|    1|          3|
    |x_buffer_156_d0           |   14|          3|   16|         48|
    |x_buffer_156_d1           |   14|          3|   16|         48|
    |x_buffer_156_we0          |   14|          3|    1|          3|
    |x_buffer_156_we1          |   14|          3|    1|          3|
    |x_buffer_157_address0     |   26|          5|    5|         25|
    |x_buffer_157_address1     |   14|          3|    5|         15|
    |x_buffer_157_ce0          |   26|          5|    1|          5|
    |x_buffer_157_ce1          |   14|          3|    1|          3|
    |x_buffer_157_d0           |   14|          3|   16|         48|
    |x_buffer_157_d1           |   14|          3|   16|         48|
    |x_buffer_157_we0          |   14|          3|    1|          3|
    |x_buffer_157_we1          |   14|          3|    1|          3|
    |x_buffer_158_address0     |   26|          5|    5|         25|
    |x_buffer_158_address1     |   14|          3|    5|         15|
    |x_buffer_158_ce0          |   26|          5|    1|          5|
    |x_buffer_158_ce1          |   14|          3|    1|          3|
    |x_buffer_158_d0           |   14|          3|   16|         48|
    |x_buffer_158_d1           |   14|          3|   16|         48|
    |x_buffer_158_we0          |   14|          3|    1|          3|
    |x_buffer_158_we1          |   14|          3|    1|          3|
    |x_buffer_159_address0     |   26|          5|    5|         25|
    |x_buffer_159_address1     |   14|          3|    5|         15|
    |x_buffer_159_ce0          |   26|          5|    1|          5|
    |x_buffer_159_ce1          |   14|          3|    1|          3|
    |x_buffer_159_d0           |   14|          3|   16|         48|
    |x_buffer_159_d1           |   14|          3|   16|         48|
    |x_buffer_159_we0          |   14|          3|    1|          3|
    |x_buffer_159_we1          |   14|          3|    1|          3|
    |x_buffer_15_address0      |   20|          4|    5|         20|
    |x_buffer_15_ce0           |   20|          4|    1|          4|
    |x_buffer_15_ce1           |    9|          2|    1|          2|
    |x_buffer_15_d0            |   14|          3|   16|         48|
    |x_buffer_15_we0           |   14|          3|    1|          3|
    |x_buffer_15_we1           |    9|          2|    1|          2|
    |x_buffer_160_address0     |   26|          5|    5|         25|
    |x_buffer_160_ce0          |   26|          5|    1|          5|
    |x_buffer_160_d0           |   14|          3|   16|         48|
    |x_buffer_160_we0          |   14|          3|    1|          3|
    |x_buffer_161_address0     |   26|          5|    5|         25|
    |x_buffer_161_ce0          |   26|          5|    1|          5|
    |x_buffer_161_d0           |   14|          3|   16|         48|
    |x_buffer_161_we0          |   14|          3|    1|          3|
    |x_buffer_162_address0     |   26|          5|    5|         25|
    |x_buffer_162_ce0          |   26|          5|    1|          5|
    |x_buffer_162_d0           |   14|          3|   16|         48|
    |x_buffer_162_we0          |   14|          3|    1|          3|
    |x_buffer_163_address0     |   26|          5|    5|         25|
    |x_buffer_163_ce0          |   26|          5|    1|          5|
    |x_buffer_163_d0           |   14|          3|   16|         48|
    |x_buffer_163_we0          |   14|          3|    1|          3|
    |x_buffer_164_address0     |   26|          5|    5|         25|
    |x_buffer_164_ce0          |   26|          5|    1|          5|
    |x_buffer_164_d0           |   14|          3|   16|         48|
    |x_buffer_164_we0          |   14|          3|    1|          3|
    |x_buffer_165_address0     |   26|          5|    5|         25|
    |x_buffer_165_ce0          |   26|          5|    1|          5|
    |x_buffer_165_d0           |   14|          3|   16|         48|
    |x_buffer_165_we0          |   14|          3|    1|          3|
    |x_buffer_166_address0     |   26|          5|    5|         25|
    |x_buffer_166_ce0          |   26|          5|    1|          5|
    |x_buffer_166_d0           |   14|          3|   16|         48|
    |x_buffer_166_we0          |   14|          3|    1|          3|
    |x_buffer_167_address0     |   26|          5|    5|         25|
    |x_buffer_167_ce0          |   26|          5|    1|          5|
    |x_buffer_167_d0           |   14|          3|   16|         48|
    |x_buffer_167_we0          |   14|          3|    1|          3|
    |x_buffer_168_address0     |   26|          5|    5|         25|
    |x_buffer_168_ce0          |   26|          5|    1|          5|
    |x_buffer_168_d0           |   14|          3|   16|         48|
    |x_buffer_168_we0          |   14|          3|    1|          3|
    |x_buffer_169_address0     |   26|          5|    5|         25|
    |x_buffer_169_ce0          |   26|          5|    1|          5|
    |x_buffer_169_d0           |   14|          3|   16|         48|
    |x_buffer_169_we0          |   14|          3|    1|          3|
    |x_buffer_16_address0      |   20|          4|    5|         20|
    |x_buffer_16_ce0           |   20|          4|    1|          4|
    |x_buffer_16_d0            |   14|          3|   16|         48|
    |x_buffer_16_we0           |   14|          3|    1|          3|
    |x_buffer_170_address0     |   26|          5|    5|         25|
    |x_buffer_170_ce0          |   26|          5|    1|          5|
    |x_buffer_170_d0           |   14|          3|   16|         48|
    |x_buffer_170_we0          |   14|          3|    1|          3|
    |x_buffer_171_address0     |   26|          5|    5|         25|
    |x_buffer_171_ce0          |   26|          5|    1|          5|
    |x_buffer_171_d0           |   14|          3|   16|         48|
    |x_buffer_171_we0          |   14|          3|    1|          3|
    |x_buffer_172_address0     |   26|          5|    5|         25|
    |x_buffer_172_address1     |   14|          3|    5|         15|
    |x_buffer_172_ce0          |   26|          5|    1|          5|
    |x_buffer_172_ce1          |   14|          3|    1|          3|
    |x_buffer_172_d0           |   14|          3|   16|         48|
    |x_buffer_172_d1           |   14|          3|   16|         48|
    |x_buffer_172_we0          |   14|          3|    1|          3|
    |x_buffer_172_we1          |   14|          3|    1|          3|
    |x_buffer_173_address0     |   26|          5|    5|         25|
    |x_buffer_173_address1     |   14|          3|    5|         15|
    |x_buffer_173_ce0          |   26|          5|    1|          5|
    |x_buffer_173_ce1          |   14|          3|    1|          3|
    |x_buffer_173_d0           |   14|          3|   16|         48|
    |x_buffer_173_d1           |   14|          3|   16|         48|
    |x_buffer_173_we0          |   14|          3|    1|          3|
    |x_buffer_173_we1          |   14|          3|    1|          3|
    |x_buffer_174_address0     |   26|          5|    5|         25|
    |x_buffer_174_address1     |   14|          3|    5|         15|
    |x_buffer_174_ce0          |   26|          5|    1|          5|
    |x_buffer_174_ce1          |   14|          3|    1|          3|
    |x_buffer_174_d0           |   14|          3|   16|         48|
    |x_buffer_174_d1           |   14|          3|   16|         48|
    |x_buffer_174_we0          |   14|          3|    1|          3|
    |x_buffer_174_we1          |   14|          3|    1|          3|
    |x_buffer_175_address0     |   26|          5|    5|         25|
    |x_buffer_175_address1     |   14|          3|    5|         15|
    |x_buffer_175_ce0          |   26|          5|    1|          5|
    |x_buffer_175_ce1          |   14|          3|    1|          3|
    |x_buffer_175_d0           |   14|          3|   16|         48|
    |x_buffer_175_d1           |   14|          3|   16|         48|
    |x_buffer_175_we0          |   14|          3|    1|          3|
    |x_buffer_175_we1          |   14|          3|    1|          3|
    |x_buffer_176_address0     |   26|          5|    5|         25|
    |x_buffer_176_ce0          |   26|          5|    1|          5|
    |x_buffer_176_d0           |   14|          3|   16|         48|
    |x_buffer_176_we0          |   14|          3|    1|          3|
    |x_buffer_177_address0     |   26|          5|    5|         25|
    |x_buffer_177_ce0          |   26|          5|    1|          5|
    |x_buffer_177_d0           |   14|          3|   16|         48|
    |x_buffer_177_we0          |   14|          3|    1|          3|
    |x_buffer_178_address0     |   26|          5|    5|         25|
    |x_buffer_178_ce0          |   26|          5|    1|          5|
    |x_buffer_178_d0           |   14|          3|   16|         48|
    |x_buffer_178_we0          |   14|          3|    1|          3|
    |x_buffer_179_address0     |   26|          5|    5|         25|
    |x_buffer_179_ce0          |   26|          5|    1|          5|
    |x_buffer_179_d0           |   14|          3|   16|         48|
    |x_buffer_179_we0          |   14|          3|    1|          3|
    |x_buffer_17_address0      |   20|          4|    5|         20|
    |x_buffer_17_ce0           |   20|          4|    1|          4|
    |x_buffer_17_d0            |   14|          3|   16|         48|
    |x_buffer_17_we0           |   14|          3|    1|          3|
    |x_buffer_180_address0     |   26|          5|    5|         25|
    |x_buffer_180_ce0          |   26|          5|    1|          5|
    |x_buffer_180_d0           |   14|          3|   16|         48|
    |x_buffer_180_we0          |   14|          3|    1|          3|
    |x_buffer_181_address0     |   26|          5|    5|         25|
    |x_buffer_181_ce0          |   26|          5|    1|          5|
    |x_buffer_181_d0           |   14|          3|   16|         48|
    |x_buffer_181_we0          |   14|          3|    1|          3|
    |x_buffer_182_address0     |   26|          5|    5|         25|
    |x_buffer_182_ce0          |   26|          5|    1|          5|
    |x_buffer_182_d0           |   14|          3|   16|         48|
    |x_buffer_182_we0          |   14|          3|    1|          3|
    |x_buffer_183_address0     |   26|          5|    5|         25|
    |x_buffer_183_ce0          |   26|          5|    1|          5|
    |x_buffer_183_d0           |   14|          3|   16|         48|
    |x_buffer_183_we0          |   14|          3|    1|          3|
    |x_buffer_184_address0     |   26|          5|    5|         25|
    |x_buffer_184_ce0          |   26|          5|    1|          5|
    |x_buffer_184_d0           |   14|          3|   16|         48|
    |x_buffer_184_we0          |   14|          3|    1|          3|
    |x_buffer_185_address0     |   26|          5|    5|         25|
    |x_buffer_185_ce0          |   26|          5|    1|          5|
    |x_buffer_185_d0           |   14|          3|   16|         48|
    |x_buffer_185_we0          |   14|          3|    1|          3|
    |x_buffer_186_address0     |   26|          5|    5|         25|
    |x_buffer_186_ce0          |   26|          5|    1|          5|
    |x_buffer_186_d0           |   14|          3|   16|         48|
    |x_buffer_186_we0          |   14|          3|    1|          3|
    |x_buffer_187_address0     |   26|          5|    5|         25|
    |x_buffer_187_ce0          |   26|          5|    1|          5|
    |x_buffer_187_d0           |   14|          3|   16|         48|
    |x_buffer_187_we0          |   14|          3|    1|          3|
    |x_buffer_188_address0     |   26|          5|    5|         25|
    |x_buffer_188_address1     |   14|          3|    5|         15|
    |x_buffer_188_ce0          |   26|          5|    1|          5|
    |x_buffer_188_ce1          |   14|          3|    1|          3|
    |x_buffer_188_d0           |   14|          3|   16|         48|
    |x_buffer_188_d1           |   14|          3|   16|         48|
    |x_buffer_188_we0          |   14|          3|    1|          3|
    |x_buffer_188_we1          |   14|          3|    1|          3|
    |x_buffer_189_address0     |   26|          5|    5|         25|
    |x_buffer_189_address1     |   14|          3|    5|         15|
    |x_buffer_189_ce0          |   26|          5|    1|          5|
    |x_buffer_189_ce1          |   14|          3|    1|          3|
    |x_buffer_189_d0           |   14|          3|   16|         48|
    |x_buffer_189_d1           |   14|          3|   16|         48|
    |x_buffer_189_we0          |   14|          3|    1|          3|
    |x_buffer_189_we1          |   14|          3|    1|          3|
    |x_buffer_18_address0      |   20|          4|    5|         20|
    |x_buffer_18_ce0           |   20|          4|    1|          4|
    |x_buffer_18_d0            |   14|          3|   16|         48|
    |x_buffer_18_we0           |   14|          3|    1|          3|
    |x_buffer_190_address0     |   26|          5|    5|         25|
    |x_buffer_190_address1     |   14|          3|    5|         15|
    |x_buffer_190_ce0          |   26|          5|    1|          5|
    |x_buffer_190_ce1          |   14|          3|    1|          3|
    |x_buffer_190_d0           |   14|          3|   16|         48|
    |x_buffer_190_d1           |   14|          3|   16|         48|
    |x_buffer_190_we0          |   14|          3|    1|          3|
    |x_buffer_190_we1          |   14|          3|    1|          3|
    |x_buffer_191_address0     |   26|          5|    5|         25|
    |x_buffer_191_address1     |   14|          3|    5|         15|
    |x_buffer_191_ce0          |   26|          5|    1|          5|
    |x_buffer_191_ce1          |   14|          3|    1|          3|
    |x_buffer_191_d0           |   14|          3|   16|         48|
    |x_buffer_191_d1           |   14|          3|   16|         48|
    |x_buffer_191_we0          |   14|          3|    1|          3|
    |x_buffer_191_we1          |   14|          3|    1|          3|
    |x_buffer_192_address0     |   26|          5|    5|         25|
    |x_buffer_192_ce0          |   26|          5|    1|          5|
    |x_buffer_192_d0           |   14|          3|   16|         48|
    |x_buffer_192_we0          |   14|          3|    1|          3|
    |x_buffer_193_address0     |   26|          5|    5|         25|
    |x_buffer_193_ce0          |   26|          5|    1|          5|
    |x_buffer_193_d0           |   14|          3|   16|         48|
    |x_buffer_193_we0          |   14|          3|    1|          3|
    |x_buffer_194_address0     |   26|          5|    5|         25|
    |x_buffer_194_ce0          |   26|          5|    1|          5|
    |x_buffer_194_d0           |   14|          3|   16|         48|
    |x_buffer_194_we0          |   14|          3|    1|          3|
    |x_buffer_195_address0     |   26|          5|    5|         25|
    |x_buffer_195_ce0          |   26|          5|    1|          5|
    |x_buffer_195_d0           |   14|          3|   16|         48|
    |x_buffer_195_we0          |   14|          3|    1|          3|
    |x_buffer_196_address0     |   26|          5|    5|         25|
    |x_buffer_196_ce0          |   26|          5|    1|          5|
    |x_buffer_196_d0           |   14|          3|   16|         48|
    |x_buffer_196_we0          |   14|          3|    1|          3|
    |x_buffer_197_address0     |   26|          5|    5|         25|
    |x_buffer_197_ce0          |   26|          5|    1|          5|
    |x_buffer_197_d0           |   14|          3|   16|         48|
    |x_buffer_197_we0          |   14|          3|    1|          3|
    |x_buffer_198_address0     |   26|          5|    5|         25|
    |x_buffer_198_ce0          |   26|          5|    1|          5|
    |x_buffer_198_d0           |   14|          3|   16|         48|
    |x_buffer_198_we0          |   14|          3|    1|          3|
    |x_buffer_199_address0     |   26|          5|    5|         25|
    |x_buffer_199_ce0          |   26|          5|    1|          5|
    |x_buffer_199_d0           |   14|          3|   16|         48|
    |x_buffer_199_we0          |   14|          3|    1|          3|
    |x_buffer_19_address0      |   20|          4|    5|         20|
    |x_buffer_19_ce0           |   20|          4|    1|          4|
    |x_buffer_19_d0            |   14|          3|   16|         48|
    |x_buffer_19_we0           |   14|          3|    1|          3|
    |x_buffer_1_address0       |   20|          4|    5|         20|
    |x_buffer_1_ce0            |   20|          4|    1|          4|
    |x_buffer_1_d0             |   14|          3|   16|         48|
    |x_buffer_1_we0            |   14|          3|    1|          3|
    |x_buffer_200_address0     |   26|          5|    5|         25|
    |x_buffer_200_ce0          |   26|          5|    1|          5|
    |x_buffer_200_d0           |   14|          3|   16|         48|
    |x_buffer_200_we0          |   14|          3|    1|          3|
    |x_buffer_201_address0     |   26|          5|    5|         25|
    |x_buffer_201_ce0          |   26|          5|    1|          5|
    |x_buffer_201_d0           |   14|          3|   16|         48|
    |x_buffer_201_we0          |   14|          3|    1|          3|
    |x_buffer_202_address0     |   26|          5|    5|         25|
    |x_buffer_202_ce0          |   26|          5|    1|          5|
    |x_buffer_202_d0           |   14|          3|   16|         48|
    |x_buffer_202_we0          |   14|          3|    1|          3|
    |x_buffer_203_address0     |   26|          5|    5|         25|
    |x_buffer_203_ce0          |   26|          5|    1|          5|
    |x_buffer_203_d0           |   14|          3|   16|         48|
    |x_buffer_203_we0          |   14|          3|    1|          3|
    |x_buffer_204_address0     |   26|          5|    5|         25|
    |x_buffer_204_address1     |   14|          3|    5|         15|
    |x_buffer_204_ce0          |   26|          5|    1|          5|
    |x_buffer_204_ce1          |   14|          3|    1|          3|
    |x_buffer_204_d0           |   14|          3|   16|         48|
    |x_buffer_204_d1           |   14|          3|   16|         48|
    |x_buffer_204_we0          |   14|          3|    1|          3|
    |x_buffer_204_we1          |   14|          3|    1|          3|
    |x_buffer_205_address0     |   26|          5|    5|         25|
    |x_buffer_205_address1     |   14|          3|    5|         15|
    |x_buffer_205_ce0          |   26|          5|    1|          5|
    |x_buffer_205_ce1          |   14|          3|    1|          3|
    |x_buffer_205_d0           |   14|          3|   16|         48|
    |x_buffer_205_d1           |   14|          3|   16|         48|
    |x_buffer_205_we0          |   14|          3|    1|          3|
    |x_buffer_205_we1          |   14|          3|    1|          3|
    |x_buffer_206_address0     |   26|          5|    5|         25|
    |x_buffer_206_address1     |   14|          3|    5|         15|
    |x_buffer_206_ce0          |   26|          5|    1|          5|
    |x_buffer_206_ce1          |   14|          3|    1|          3|
    |x_buffer_206_d0           |   14|          3|   16|         48|
    |x_buffer_206_d1           |   14|          3|   16|         48|
    |x_buffer_206_we0          |   14|          3|    1|          3|
    |x_buffer_206_we1          |   14|          3|    1|          3|
    |x_buffer_207_address0     |   26|          5|    5|         25|
    |x_buffer_207_address1     |   14|          3|    5|         15|
    |x_buffer_207_ce0          |   26|          5|    1|          5|
    |x_buffer_207_ce1          |   14|          3|    1|          3|
    |x_buffer_207_d0           |   14|          3|   16|         48|
    |x_buffer_207_d1           |   14|          3|   16|         48|
    |x_buffer_207_we0          |   14|          3|    1|          3|
    |x_buffer_207_we1          |   14|          3|    1|          3|
    |x_buffer_208_address0     |   26|          5|    5|         25|
    |x_buffer_208_ce0          |   26|          5|    1|          5|
    |x_buffer_208_d0           |   14|          3|   16|         48|
    |x_buffer_208_we0          |   14|          3|    1|          3|
    |x_buffer_209_address0     |   26|          5|    5|         25|
    |x_buffer_209_ce0          |   26|          5|    1|          5|
    |x_buffer_209_d0           |   14|          3|   16|         48|
    |x_buffer_209_we0          |   14|          3|    1|          3|
    |x_buffer_20_address0      |   20|          4|    5|         20|
    |x_buffer_20_ce0           |   20|          4|    1|          4|
    |x_buffer_20_d0            |   14|          3|   16|         48|
    |x_buffer_20_we0           |   14|          3|    1|          3|
    |x_buffer_210_address0     |   26|          5|    5|         25|
    |x_buffer_210_ce0          |   26|          5|    1|          5|
    |x_buffer_210_d0           |   14|          3|   16|         48|
    |x_buffer_210_we0          |   14|          3|    1|          3|
    |x_buffer_211_address0     |   26|          5|    5|         25|
    |x_buffer_211_ce0          |   26|          5|    1|          5|
    |x_buffer_211_d0           |   14|          3|   16|         48|
    |x_buffer_211_we0          |   14|          3|    1|          3|
    |x_buffer_212_address0     |   26|          5|    5|         25|
    |x_buffer_212_ce0          |   26|          5|    1|          5|
    |x_buffer_212_d0           |   14|          3|   16|         48|
    |x_buffer_212_we0          |   14|          3|    1|          3|
    |x_buffer_213_address0     |   26|          5|    5|         25|
    |x_buffer_213_ce0          |   26|          5|    1|          5|
    |x_buffer_213_d0           |   14|          3|   16|         48|
    |x_buffer_213_we0          |   14|          3|    1|          3|
    |x_buffer_214_address0     |   26|          5|    5|         25|
    |x_buffer_214_ce0          |   26|          5|    1|          5|
    |x_buffer_214_d0           |   14|          3|   16|         48|
    |x_buffer_214_we0          |   14|          3|    1|          3|
    |x_buffer_215_address0     |   26|          5|    5|         25|
    |x_buffer_215_ce0          |   26|          5|    1|          5|
    |x_buffer_215_d0           |   14|          3|   16|         48|
    |x_buffer_215_we0          |   14|          3|    1|          3|
    |x_buffer_216_address0     |   26|          5|    5|         25|
    |x_buffer_216_ce0          |   26|          5|    1|          5|
    |x_buffer_216_d0           |   14|          3|   16|         48|
    |x_buffer_216_we0          |   14|          3|    1|          3|
    |x_buffer_217_address0     |   26|          5|    5|         25|
    |x_buffer_217_ce0          |   26|          5|    1|          5|
    |x_buffer_217_d0           |   14|          3|   16|         48|
    |x_buffer_217_we0          |   14|          3|    1|          3|
    |x_buffer_218_address0     |   26|          5|    5|         25|
    |x_buffer_218_ce0          |   26|          5|    1|          5|
    |x_buffer_218_d0           |   14|          3|   16|         48|
    |x_buffer_218_we0          |   14|          3|    1|          3|
    |x_buffer_219_address0     |   26|          5|    5|         25|
    |x_buffer_219_ce0          |   26|          5|    1|          5|
    |x_buffer_219_d0           |   14|          3|   16|         48|
    |x_buffer_219_we0          |   14|          3|    1|          3|
    |x_buffer_21_address0      |   20|          4|    5|         20|
    |x_buffer_21_ce0           |   20|          4|    1|          4|
    |x_buffer_21_d0            |   14|          3|   16|         48|
    |x_buffer_21_we0           |   14|          3|    1|          3|
    |x_buffer_220_address0     |   26|          5|    5|         25|
    |x_buffer_220_address1     |   14|          3|    5|         15|
    |x_buffer_220_ce0          |   26|          5|    1|          5|
    |x_buffer_220_ce1          |   14|          3|    1|          3|
    |x_buffer_220_d0           |   14|          3|   16|         48|
    |x_buffer_220_d1           |   14|          3|   16|         48|
    |x_buffer_220_we0          |   14|          3|    1|          3|
    |x_buffer_220_we1          |   14|          3|    1|          3|
    |x_buffer_221_address0     |   26|          5|    5|         25|
    |x_buffer_221_address1     |   14|          3|    5|         15|
    |x_buffer_221_ce0          |   26|          5|    1|          5|
    |x_buffer_221_ce1          |   14|          3|    1|          3|
    |x_buffer_221_d0           |   14|          3|   16|         48|
    |x_buffer_221_d1           |   14|          3|   16|         48|
    |x_buffer_221_we0          |   14|          3|    1|          3|
    |x_buffer_221_we1          |   14|          3|    1|          3|
    |x_buffer_222_address0     |   26|          5|    5|         25|
    |x_buffer_222_address1     |   14|          3|    5|         15|
    |x_buffer_222_ce0          |   26|          5|    1|          5|
    |x_buffer_222_ce1          |   14|          3|    1|          3|
    |x_buffer_222_d0           |   14|          3|   16|         48|
    |x_buffer_222_d1           |   14|          3|   16|         48|
    |x_buffer_222_we0          |   14|          3|    1|          3|
    |x_buffer_222_we1          |   14|          3|    1|          3|
    |x_buffer_223_address0     |   26|          5|    5|         25|
    |x_buffer_223_address1     |   14|          3|    5|         15|
    |x_buffer_223_ce0          |   26|          5|    1|          5|
    |x_buffer_223_ce1          |   14|          3|    1|          3|
    |x_buffer_223_d0           |   14|          3|   16|         48|
    |x_buffer_223_d1           |   14|          3|   16|         48|
    |x_buffer_223_we0          |   14|          3|    1|          3|
    |x_buffer_223_we1          |   14|          3|    1|          3|
    |x_buffer_22_address0      |   20|          4|    5|         20|
    |x_buffer_22_ce0           |   20|          4|    1|          4|
    |x_buffer_22_d0            |   14|          3|   16|         48|
    |x_buffer_22_we0           |   14|          3|    1|          3|
    |x_buffer_23_address0      |   20|          4|    5|         20|
    |x_buffer_23_ce0           |   20|          4|    1|          4|
    |x_buffer_23_d0            |   14|          3|   16|         48|
    |x_buffer_23_we0           |   14|          3|    1|          3|
    |x_buffer_24_address0      |   20|          4|    5|         20|
    |x_buffer_24_ce0           |   20|          4|    1|          4|
    |x_buffer_24_d0            |   14|          3|   16|         48|
    |x_buffer_24_we0           |   14|          3|    1|          3|
    |x_buffer_25_address0      |   20|          4|    5|         20|
    |x_buffer_25_ce0           |   20|          4|    1|          4|
    |x_buffer_25_d0            |   14|          3|   16|         48|
    |x_buffer_25_we0           |   14|          3|    1|          3|
    |x_buffer_26_address0      |   20|          4|    5|         20|
    |x_buffer_26_ce0           |   20|          4|    1|          4|
    |x_buffer_26_d0            |   14|          3|   16|         48|
    |x_buffer_26_we0           |   14|          3|    1|          3|
    |x_buffer_27_address0      |   20|          4|    5|         20|
    |x_buffer_27_ce0           |   20|          4|    1|          4|
    |x_buffer_27_d0            |   14|          3|   16|         48|
    |x_buffer_27_we0           |   14|          3|    1|          3|
    |x_buffer_28_address0      |   20|          4|    5|         20|
    |x_buffer_28_ce0           |   20|          4|    1|          4|
    |x_buffer_28_ce1           |    9|          2|    1|          2|
    |x_buffer_28_d0            |   14|          3|   16|         48|
    |x_buffer_28_we0           |   14|          3|    1|          3|
    |x_buffer_28_we1           |    9|          2|    1|          2|
    |x_buffer_29_address0      |   20|          4|    5|         20|
    |x_buffer_29_ce0           |   20|          4|    1|          4|
    |x_buffer_29_ce1           |    9|          2|    1|          2|
    |x_buffer_29_d0            |   14|          3|   16|         48|
    |x_buffer_29_we0           |   14|          3|    1|          3|
    |x_buffer_29_we1           |    9|          2|    1|          2|
    |x_buffer_2_address0       |   20|          4|    5|         20|
    |x_buffer_2_ce0            |   20|          4|    1|          4|
    |x_buffer_2_d0             |   14|          3|   16|         48|
    |x_buffer_2_we0            |   14|          3|    1|          3|
    |x_buffer_30_address0      |   20|          4|    5|         20|
    |x_buffer_30_ce0           |   20|          4|    1|          4|
    |x_buffer_30_ce1           |    9|          2|    1|          2|
    |x_buffer_30_d0            |   14|          3|   16|         48|
    |x_buffer_30_we0           |   14|          3|    1|          3|
    |x_buffer_30_we1           |    9|          2|    1|          2|
    |x_buffer_31_address0      |   20|          4|    5|         20|
    |x_buffer_31_ce0           |   20|          4|    1|          4|
    |x_buffer_31_ce1           |    9|          2|    1|          2|
    |x_buffer_31_d0            |   14|          3|   16|         48|
    |x_buffer_31_we0           |   14|          3|    1|          3|
    |x_buffer_31_we1           |    9|          2|    1|          2|
    |x_buffer_32_address0      |   20|          4|    5|         20|
    |x_buffer_32_ce0           |   20|          4|    1|          4|
    |x_buffer_32_d0            |   14|          3|   16|         48|
    |x_buffer_32_we0           |   14|          3|    1|          3|
    |x_buffer_33_address0      |   20|          4|    5|         20|
    |x_buffer_33_ce0           |   20|          4|    1|          4|
    |x_buffer_33_d0            |   14|          3|   16|         48|
    |x_buffer_33_we0           |   14|          3|    1|          3|
    |x_buffer_34_address0      |   20|          4|    5|         20|
    |x_buffer_34_ce0           |   20|          4|    1|          4|
    |x_buffer_34_d0            |   14|          3|   16|         48|
    |x_buffer_34_we0           |   14|          3|    1|          3|
    |x_buffer_35_address0      |   20|          4|    5|         20|
    |x_buffer_35_ce0           |   20|          4|    1|          4|
    |x_buffer_35_d0            |   14|          3|   16|         48|
    |x_buffer_35_we0           |   14|          3|    1|          3|
    |x_buffer_36_address0      |   20|          4|    5|         20|
    |x_buffer_36_ce0           |   20|          4|    1|          4|
    |x_buffer_36_d0            |   14|          3|   16|         48|
    |x_buffer_36_we0           |   14|          3|    1|          3|
    |x_buffer_37_address0      |   20|          4|    5|         20|
    |x_buffer_37_ce0           |   20|          4|    1|          4|
    |x_buffer_37_d0            |   14|          3|   16|         48|
    |x_buffer_37_we0           |   14|          3|    1|          3|
    |x_buffer_38_address0      |   20|          4|    5|         20|
    |x_buffer_38_ce0           |   20|          4|    1|          4|
    |x_buffer_38_d0            |   14|          3|   16|         48|
    |x_buffer_38_we0           |   14|          3|    1|          3|
    |x_buffer_39_address0      |   20|          4|    5|         20|
    |x_buffer_39_ce0           |   20|          4|    1|          4|
    |x_buffer_39_d0            |   14|          3|   16|         48|
    |x_buffer_39_we0           |   14|          3|    1|          3|
    |x_buffer_3_address0       |   20|          4|    5|         20|
    |x_buffer_3_ce0            |   20|          4|    1|          4|
    |x_buffer_3_d0             |   14|          3|   16|         48|
    |x_buffer_3_we0            |   14|          3|    1|          3|
    |x_buffer_40_address0      |   20|          4|    5|         20|
    |x_buffer_40_ce0           |   20|          4|    1|          4|
    |x_buffer_40_d0            |   14|          3|   16|         48|
    |x_buffer_40_we0           |   14|          3|    1|          3|
    |x_buffer_41_address0      |   20|          4|    5|         20|
    |x_buffer_41_ce0           |   20|          4|    1|          4|
    |x_buffer_41_d0            |   14|          3|   16|         48|
    |x_buffer_41_we0           |   14|          3|    1|          3|
    |x_buffer_42_address0      |   20|          4|    5|         20|
    |x_buffer_42_ce0           |   20|          4|    1|          4|
    |x_buffer_42_d0            |   14|          3|   16|         48|
    |x_buffer_42_we0           |   14|          3|    1|          3|
    |x_buffer_43_address0      |   20|          4|    5|         20|
    |x_buffer_43_ce0           |   20|          4|    1|          4|
    |x_buffer_43_d0            |   14|          3|   16|         48|
    |x_buffer_43_we0           |   14|          3|    1|          3|
    |x_buffer_44_address0      |   20|          4|    5|         20|
    |x_buffer_44_ce0           |   20|          4|    1|          4|
    |x_buffer_44_ce1           |    9|          2|    1|          2|
    |x_buffer_44_d0            |   14|          3|   16|         48|
    |x_buffer_44_we0           |   14|          3|    1|          3|
    |x_buffer_44_we1           |    9|          2|    1|          2|
    |x_buffer_45_address0      |   20|          4|    5|         20|
    |x_buffer_45_ce0           |   20|          4|    1|          4|
    |x_buffer_45_ce1           |    9|          2|    1|          2|
    |x_buffer_45_d0            |   14|          3|   16|         48|
    |x_buffer_45_we0           |   14|          3|    1|          3|
    |x_buffer_45_we1           |    9|          2|    1|          2|
    |x_buffer_46_address0      |   20|          4|    5|         20|
    |x_buffer_46_ce0           |   20|          4|    1|          4|
    |x_buffer_46_ce1           |    9|          2|    1|          2|
    |x_buffer_46_d0            |   14|          3|   16|         48|
    |x_buffer_46_we0           |   14|          3|    1|          3|
    |x_buffer_46_we1           |    9|          2|    1|          2|
    |x_buffer_47_address0      |   20|          4|    5|         20|
    |x_buffer_47_ce0           |   20|          4|    1|          4|
    |x_buffer_47_ce1           |    9|          2|    1|          2|
    |x_buffer_47_d0            |   14|          3|   16|         48|
    |x_buffer_47_we0           |   14|          3|    1|          3|
    |x_buffer_47_we1           |    9|          2|    1|          2|
    |x_buffer_48_address0      |   20|          4|    5|         20|
    |x_buffer_48_ce0           |   20|          4|    1|          4|
    |x_buffer_48_d0            |   14|          3|   16|         48|
    |x_buffer_48_we0           |   14|          3|    1|          3|
    |x_buffer_49_address0      |   20|          4|    5|         20|
    |x_buffer_49_ce0           |   20|          4|    1|          4|
    |x_buffer_49_d0            |   14|          3|   16|         48|
    |x_buffer_49_we0           |   14|          3|    1|          3|
    |x_buffer_4_address0       |   20|          4|    5|         20|
    |x_buffer_4_ce0            |   20|          4|    1|          4|
    |x_buffer_4_d0             |   14|          3|   16|         48|
    |x_buffer_4_we0            |   14|          3|    1|          3|
    |x_buffer_50_address0      |   20|          4|    5|         20|
    |x_buffer_50_ce0           |   20|          4|    1|          4|
    |x_buffer_50_d0            |   14|          3|   16|         48|
    |x_buffer_50_we0           |   14|          3|    1|          3|
    |x_buffer_51_address0      |   20|          4|    5|         20|
    |x_buffer_51_ce0           |   20|          4|    1|          4|
    |x_buffer_51_d0            |   14|          3|   16|         48|
    |x_buffer_51_we0           |   14|          3|    1|          3|
    |x_buffer_52_address0      |   20|          4|    5|         20|
    |x_buffer_52_ce0           |   20|          4|    1|          4|
    |x_buffer_52_d0            |   14|          3|   16|         48|
    |x_buffer_52_we0           |   14|          3|    1|          3|
    |x_buffer_53_address0      |   20|          4|    5|         20|
    |x_buffer_53_ce0           |   20|          4|    1|          4|
    |x_buffer_53_d0            |   14|          3|   16|         48|
    |x_buffer_53_we0           |   14|          3|    1|          3|
    |x_buffer_54_address0      |   20|          4|    5|         20|
    |x_buffer_54_ce0           |   20|          4|    1|          4|
    |x_buffer_54_d0            |   14|          3|   16|         48|
    |x_buffer_54_we0           |   14|          3|    1|          3|
    |x_buffer_55_address0      |   20|          4|    5|         20|
    |x_buffer_55_ce0           |   20|          4|    1|          4|
    |x_buffer_55_d0            |   14|          3|   16|         48|
    |x_buffer_55_we0           |   14|          3|    1|          3|
    |x_buffer_56_address0      |   20|          4|    5|         20|
    |x_buffer_56_ce0           |   20|          4|    1|          4|
    |x_buffer_56_d0            |   14|          3|   16|         48|
    |x_buffer_56_we0           |   14|          3|    1|          3|
    |x_buffer_57_address0      |   20|          4|    5|         20|
    |x_buffer_57_ce0           |   20|          4|    1|          4|
    |x_buffer_57_d0            |   14|          3|   16|         48|
    |x_buffer_57_we0           |   14|          3|    1|          3|
    |x_buffer_58_address0      |   20|          4|    5|         20|
    |x_buffer_58_ce0           |   20|          4|    1|          4|
    |x_buffer_58_d0            |   14|          3|   16|         48|
    |x_buffer_58_we0           |   14|          3|    1|          3|
    |x_buffer_59_address0      |   20|          4|    5|         20|
    |x_buffer_59_ce0           |   20|          4|    1|          4|
    |x_buffer_59_d0            |   14|          3|   16|         48|
    |x_buffer_59_we0           |   14|          3|    1|          3|
    |x_buffer_5_address0       |   20|          4|    5|         20|
    |x_buffer_5_ce0            |   20|          4|    1|          4|
    |x_buffer_5_d0             |   14|          3|   16|         48|
    |x_buffer_5_we0            |   14|          3|    1|          3|
    |x_buffer_60_address0      |   20|          4|    5|         20|
    |x_buffer_60_ce0           |   20|          4|    1|          4|
    |x_buffer_60_ce1           |    9|          2|    1|          2|
    |x_buffer_60_d0            |   14|          3|   16|         48|
    |x_buffer_60_we0           |   14|          3|    1|          3|
    |x_buffer_60_we1           |    9|          2|    1|          2|
    |x_buffer_61_address0      |   20|          4|    5|         20|
    |x_buffer_61_ce0           |   20|          4|    1|          4|
    |x_buffer_61_ce1           |    9|          2|    1|          2|
    |x_buffer_61_d0            |   14|          3|   16|         48|
    |x_buffer_61_we0           |   14|          3|    1|          3|
    |x_buffer_61_we1           |    9|          2|    1|          2|
    |x_buffer_62_address0      |   20|          4|    5|         20|
    |x_buffer_62_ce0           |   20|          4|    1|          4|
    |x_buffer_62_ce1           |    9|          2|    1|          2|
    |x_buffer_62_d0            |   14|          3|   16|         48|
    |x_buffer_62_we0           |   14|          3|    1|          3|
    |x_buffer_62_we1           |    9|          2|    1|          2|
    |x_buffer_63_address0      |   20|          4|    5|         20|
    |x_buffer_63_ce0           |   20|          4|    1|          4|
    |x_buffer_63_ce1           |    9|          2|    1|          2|
    |x_buffer_63_d0            |   14|          3|   16|         48|
    |x_buffer_63_we0           |   14|          3|    1|          3|
    |x_buffer_63_we1           |    9|          2|    1|          2|
    |x_buffer_64_address0      |   20|          4|    5|         20|
    |x_buffer_64_ce0           |   20|          4|    1|          4|
    |x_buffer_64_d0            |   14|          3|   16|         48|
    |x_buffer_64_we0           |   14|          3|    1|          3|
    |x_buffer_65_address0      |   20|          4|    5|         20|
    |x_buffer_65_ce0           |   20|          4|    1|          4|
    |x_buffer_65_d0            |   14|          3|   16|         48|
    |x_buffer_65_we0           |   14|          3|    1|          3|
    |x_buffer_66_address0      |   20|          4|    5|         20|
    |x_buffer_66_ce0           |   20|          4|    1|          4|
    |x_buffer_66_d0            |   14|          3|   16|         48|
    |x_buffer_66_we0           |   14|          3|    1|          3|
    |x_buffer_67_address0      |   20|          4|    5|         20|
    |x_buffer_67_ce0           |   20|          4|    1|          4|
    |x_buffer_67_d0            |   14|          3|   16|         48|
    |x_buffer_67_we0           |   14|          3|    1|          3|
    |x_buffer_68_address0      |   20|          4|    5|         20|
    |x_buffer_68_ce0           |   20|          4|    1|          4|
    |x_buffer_68_d0            |   14|          3|   16|         48|
    |x_buffer_68_we0           |   14|          3|    1|          3|
    |x_buffer_69_address0      |   20|          4|    5|         20|
    |x_buffer_69_ce0           |   20|          4|    1|          4|
    |x_buffer_69_d0            |   14|          3|   16|         48|
    |x_buffer_69_we0           |   14|          3|    1|          3|
    |x_buffer_6_address0       |   20|          4|    5|         20|
    |x_buffer_6_ce0            |   20|          4|    1|          4|
    |x_buffer_6_d0             |   14|          3|   16|         48|
    |x_buffer_6_we0            |   14|          3|    1|          3|
    |x_buffer_70_address0      |   20|          4|    5|         20|
    |x_buffer_70_ce0           |   20|          4|    1|          4|
    |x_buffer_70_d0            |   14|          3|   16|         48|
    |x_buffer_70_we0           |   14|          3|    1|          3|
    |x_buffer_71_address0      |   20|          4|    5|         20|
    |x_buffer_71_ce0           |   20|          4|    1|          4|
    |x_buffer_71_d0            |   14|          3|   16|         48|
    |x_buffer_71_we0           |   14|          3|    1|          3|
    |x_buffer_72_address0      |   20|          4|    5|         20|
    |x_buffer_72_ce0           |   20|          4|    1|          4|
    |x_buffer_72_d0            |   14|          3|   16|         48|
    |x_buffer_72_we0           |   14|          3|    1|          3|
    |x_buffer_73_address0      |   20|          4|    5|         20|
    |x_buffer_73_ce0           |   20|          4|    1|          4|
    |x_buffer_73_d0            |   14|          3|   16|         48|
    |x_buffer_73_we0           |   14|          3|    1|          3|
    |x_buffer_74_address0      |   20|          4|    5|         20|
    |x_buffer_74_ce0           |   20|          4|    1|          4|
    |x_buffer_74_d0            |   14|          3|   16|         48|
    |x_buffer_74_we0           |   14|          3|    1|          3|
    |x_buffer_75_address0      |   20|          4|    5|         20|
    |x_buffer_75_ce0           |   20|          4|    1|          4|
    |x_buffer_75_d0            |   14|          3|   16|         48|
    |x_buffer_75_we0           |   14|          3|    1|          3|
    |x_buffer_76_address0      |   20|          4|    5|         20|
    |x_buffer_76_ce0           |   20|          4|    1|          4|
    |x_buffer_76_ce1           |    9|          2|    1|          2|
    |x_buffer_76_d0            |   14|          3|   16|         48|
    |x_buffer_76_we0           |   14|          3|    1|          3|
    |x_buffer_76_we1           |    9|          2|    1|          2|
    |x_buffer_77_address0      |   20|          4|    5|         20|
    |x_buffer_77_ce0           |   20|          4|    1|          4|
    |x_buffer_77_ce1           |    9|          2|    1|          2|
    |x_buffer_77_d0            |   14|          3|   16|         48|
    |x_buffer_77_we0           |   14|          3|    1|          3|
    |x_buffer_77_we1           |    9|          2|    1|          2|
    |x_buffer_78_address0      |   20|          4|    5|         20|
    |x_buffer_78_ce0           |   20|          4|    1|          4|
    |x_buffer_78_ce1           |    9|          2|    1|          2|
    |x_buffer_78_d0            |   14|          3|   16|         48|
    |x_buffer_78_we0           |   14|          3|    1|          3|
    |x_buffer_78_we1           |    9|          2|    1|          2|
    |x_buffer_79_address0      |   20|          4|    5|         20|
    |x_buffer_79_ce0           |   20|          4|    1|          4|
    |x_buffer_79_ce1           |    9|          2|    1|          2|
    |x_buffer_79_d0            |   14|          3|   16|         48|
    |x_buffer_79_we0           |   14|          3|    1|          3|
    |x_buffer_79_we1           |    9|          2|    1|          2|
    |x_buffer_7_address0       |   20|          4|    5|         20|
    |x_buffer_7_ce0            |   20|          4|    1|          4|
    |x_buffer_7_d0             |   14|          3|   16|         48|
    |x_buffer_7_we0            |   14|          3|    1|          3|
    |x_buffer_80_address0      |   20|          4|    5|         20|
    |x_buffer_80_ce0           |   20|          4|    1|          4|
    |x_buffer_80_d0            |   14|          3|   16|         48|
    |x_buffer_80_we0           |   14|          3|    1|          3|
    |x_buffer_81_address0      |   20|          4|    5|         20|
    |x_buffer_81_ce0           |   20|          4|    1|          4|
    |x_buffer_81_d0            |   14|          3|   16|         48|
    |x_buffer_81_we0           |   14|          3|    1|          3|
    |x_buffer_82_address0      |   20|          4|    5|         20|
    |x_buffer_82_ce0           |   20|          4|    1|          4|
    |x_buffer_82_d0            |   14|          3|   16|         48|
    |x_buffer_82_we0           |   14|          3|    1|          3|
    |x_buffer_83_address0      |   20|          4|    5|         20|
    |x_buffer_83_ce0           |   20|          4|    1|          4|
    |x_buffer_83_d0            |   14|          3|   16|         48|
    |x_buffer_83_we0           |   14|          3|    1|          3|
    |x_buffer_84_address0      |   20|          4|    5|         20|
    |x_buffer_84_ce0           |   20|          4|    1|          4|
    |x_buffer_84_d0            |   14|          3|   16|         48|
    |x_buffer_84_we0           |   14|          3|    1|          3|
    |x_buffer_85_address0      |   20|          4|    5|         20|
    |x_buffer_85_ce0           |   20|          4|    1|          4|
    |x_buffer_85_d0            |   14|          3|   16|         48|
    |x_buffer_85_we0           |   14|          3|    1|          3|
    |x_buffer_86_address0      |   20|          4|    5|         20|
    |x_buffer_86_ce0           |   20|          4|    1|          4|
    |x_buffer_86_d0            |   14|          3|   16|         48|
    |x_buffer_86_we0           |   14|          3|    1|          3|
    |x_buffer_87_address0      |   20|          4|    5|         20|
    |x_buffer_87_ce0           |   20|          4|    1|          4|
    |x_buffer_87_d0            |   14|          3|   16|         48|
    |x_buffer_87_we0           |   14|          3|    1|          3|
    |x_buffer_88_address0      |   20|          4|    5|         20|
    |x_buffer_88_ce0           |   20|          4|    1|          4|
    |x_buffer_88_d0            |   14|          3|   16|         48|
    |x_buffer_88_we0           |   14|          3|    1|          3|
    |x_buffer_89_address0      |   20|          4|    5|         20|
    |x_buffer_89_ce0           |   20|          4|    1|          4|
    |x_buffer_89_d0            |   14|          3|   16|         48|
    |x_buffer_89_we0           |   14|          3|    1|          3|
    |x_buffer_8_address0       |   20|          4|    5|         20|
    |x_buffer_8_ce0            |   20|          4|    1|          4|
    |x_buffer_8_d0             |   14|          3|   16|         48|
    |x_buffer_8_we0            |   14|          3|    1|          3|
    |x_buffer_90_address0      |   20|          4|    5|         20|
    |x_buffer_90_ce0           |   20|          4|    1|          4|
    |x_buffer_90_d0            |   14|          3|   16|         48|
    |x_buffer_90_we0           |   14|          3|    1|          3|
    |x_buffer_91_address0      |   20|          4|    5|         20|
    |x_buffer_91_ce0           |   20|          4|    1|          4|
    |x_buffer_91_d0            |   14|          3|   16|         48|
    |x_buffer_91_we0           |   14|          3|    1|          3|
    |x_buffer_92_address0      |   20|          4|    5|         20|
    |x_buffer_92_ce0           |   20|          4|    1|          4|
    |x_buffer_92_ce1           |    9|          2|    1|          2|
    |x_buffer_92_d0            |   14|          3|   16|         48|
    |x_buffer_92_we0           |   14|          3|    1|          3|
    |x_buffer_92_we1           |    9|          2|    1|          2|
    |x_buffer_93_address0      |   20|          4|    5|         20|
    |x_buffer_93_ce0           |   20|          4|    1|          4|
    |x_buffer_93_ce1           |    9|          2|    1|          2|
    |x_buffer_93_d0            |   14|          3|   16|         48|
    |x_buffer_93_we0           |   14|          3|    1|          3|
    |x_buffer_93_we1           |    9|          2|    1|          2|
    |x_buffer_94_address0      |   20|          4|    5|         20|
    |x_buffer_94_ce0           |   20|          4|    1|          4|
    |x_buffer_94_ce1           |    9|          2|    1|          2|
    |x_buffer_94_d0            |   14|          3|   16|         48|
    |x_buffer_94_we0           |   14|          3|    1|          3|
    |x_buffer_94_we1           |    9|          2|    1|          2|
    |x_buffer_95_address0      |   20|          4|    5|         20|
    |x_buffer_95_ce0           |   20|          4|    1|          4|
    |x_buffer_95_ce1           |    9|          2|    1|          2|
    |x_buffer_95_d0            |   14|          3|   16|         48|
    |x_buffer_95_we0           |   14|          3|    1|          3|
    |x_buffer_95_we1           |    9|          2|    1|          2|
    |x_buffer_96_address0      |   20|          4|    5|         20|
    |x_buffer_96_ce0           |   20|          4|    1|          4|
    |x_buffer_96_d0            |   14|          3|   16|         48|
    |x_buffer_96_we0           |   14|          3|    1|          3|
    |x_buffer_97_address0      |   20|          4|    5|         20|
    |x_buffer_97_ce0           |   20|          4|    1|          4|
    |x_buffer_97_d0            |   14|          3|   16|         48|
    |x_buffer_97_we0           |   14|          3|    1|          3|
    |x_buffer_98_address0      |   20|          4|    5|         20|
    |x_buffer_98_ce0           |   20|          4|    1|          4|
    |x_buffer_98_d0            |   14|          3|   16|         48|
    |x_buffer_98_we0           |   14|          3|    1|          3|
    |x_buffer_99_address0      |   20|          4|    5|         20|
    |x_buffer_99_ce0           |   20|          4|    1|          4|
    |x_buffer_99_d0            |   14|          3|   16|         48|
    |x_buffer_99_we0           |   14|          3|    1|          3|
    |x_buffer_9_address0       |   20|          4|    5|         20|
    |x_buffer_9_ce0            |   20|          4|    1|          4|
    |x_buffer_9_d0             |   14|          3|   16|         48|
    |x_buffer_9_we0            |   14|          3|    1|          3|
    |x_buffer_address0         |   20|          4|    5|         20|
    |x_buffer_ce0              |   20|          4|    1|          4|
    |x_buffer_d0               |   14|          3|   16|         48|
    |x_buffer_we0              |   14|          3|    1|          3|
    +--------------------------+-----+-----------+-----+-----------+
    |Total                     |23278|       4795| 7984|      25203|
    +--------------------------+-----+-----------+-----+-----------+

    * Register: 
    +-----------------------------------------------------------------------------------------------------------+-----+----+-----+-----------+
    |                                                    Name                                                   |  FF | LUT| Bits| Const Bits|
    +-----------------------------------------------------------------------------------------------------------+-----+----+-----+-----------+
    |acc_0_reg_1751                                                                                             |   32|   0|   32|          0|
    |acc_10_0_reg_1631                                                                                          |   32|   0|   32|          0|
    |acc_11_0_reg_1619                                                                                          |   32|   0|   32|          0|
    |acc_12_0_reg_1607                                                                                          |   32|   0|   32|          0|
    |acc_13_0_reg_1595                                                                                          |   32|   0|   32|          0|
    |acc_14_0_reg_1583                                                                                          |   32|   0|   32|          0|
    |acc_15_0_reg_1571                                                                                          |   32|   0|   32|          0|
    |acc_16_0_reg_1559                                                                                          |   32|   0|   32|          0|
    |acc_17_0_reg_1547                                                                                          |   32|   0|   32|          0|
    |acc_18_0_reg_1535                                                                                          |   32|   0|   32|          0|
    |acc_19_0_reg_1523                                                                                          |   32|   0|   32|          0|
    |acc_1_0_reg_1739                                                                                           |   32|   0|   32|          0|
    |acc_20_0_reg_1511                                                                                          |   32|   0|   32|          0|
    |acc_21_0_reg_1499                                                                                          |   32|   0|   32|          0|
    |acc_22_0_reg_1487                                                                                          |   32|   0|   32|          0|
    |acc_23_0_reg_1475                                                                                          |   32|   0|   32|          0|
    |acc_2_0_reg_1727                                                                                           |   32|   0|   32|          0|
    |acc_3_0_reg_1715                                                                                           |   32|   0|   32|          0|
    |acc_4_0_reg_1703                                                                                           |   32|   0|   32|          0|
    |acc_5_0_reg_1691                                                                                           |   32|   0|   32|          0|
    |acc_6_0_reg_1679                                                                                           |   32|   0|   32|          0|
    |acc_7_0_reg_1667                                                                                           |   32|   0|   32|          0|
    |acc_8_0_reg_1655                                                                                           |   32|   0|   32|          0|
    |acc_9_0_reg_1643                                                                                           |   32|   0|   32|          0|
    |add_ln192_reg_4463                                                                                         |    9|   0|    9|          0|
    |add_ln207_reg_4377                                                                                         |   64|   0|   64|          0|
    |add_ln275_reg_4458                                                                                         |    3|   0|    3|          0|
    |ap_CS_fsm                                                                                                  |  151|   0|  151|          0|
    |grp_Conv77_Kernel_8_8_1_60_3_256_256_7_7_256_256_Pipeline_Write_win_fu_2777_ap_start_reg                   |    1|   0|    1|          0|
    |grp_Conv77_Kernel_Pipeline_Compute_co_Compute_tci_fu_2417_ap_start_reg                                     |    1|   0|    1|          0|
    |grp_Conv77_Kernel_Pipeline_Init_hf_Init_col_Init_ciw_fu_2034_ap_start_reg                                  |    1|   0|    1|          0|
    |grp_Conv77_Kernel_Pipeline_Newcol_hf_Newcol_nc_Newcol_ciw_fu_2273_ap_start_reg                             |    1|   0|    1|          0|
    |grp_Conv77_Kernel_Pipeline_Preload_co_Preload_hf_Preload_wf_Preload_ciw_VITIS_LOOP_1_fu_1775_ap_start_reg  |    1|   0|    1|          0|
    |grp_Conv77_Kernel_Pipeline_Shift_hf_Shift_tci_fu_1838_ap_start_reg                                         |    1|   0|    1|          0|
    |hf_reg_1763                                                                                                |    3|   0|    3|          0|
    |hi_fu_204                                                                                                  |    9|   0|    9|          0|
    |ho_reg_4386                                                                                                |    9|   0|    9|          0|
    |icmp_ln134_10_reg_4316                                                                                     |    1|   0|    1|          0|
    |icmp_ln134_11_reg_4323                                                                                     |    1|   0|    1|          0|
    |icmp_ln134_12_reg_4335                                                                                     |    1|   0|    1|          0|
    |icmp_ln134_1_reg_4231                                                                                      |    1|   0|    1|          0|
    |icmp_ln134_2_reg_4243                                                                                      |    1|   0|    1|          0|
    |icmp_ln134_5_reg_4270                                                                                      |    1|   0|    1|          0|
    |icmp_ln134_6_reg_4277                                                                                      |    1|   0|    1|          0|
    |icmp_ln134_7_reg_4289                                                                                      |    1|   0|    1|          0|
    |icmp_ln134_reg_4224                                                                                        |    1|   0|    1|          0|
    |icmp_ln198_reg_4441                                                                                        |    1|   0|    1|          0|
    |or_ln4_reg_4445                                                                                            |    6|   0|    8|          2|
    |pf_38_reg_4204                                                                                             |   64|   0|   64|          0|
    |pf_39_reg_4209                                                                                             |   64|   0|   64|          0|
    |pf_reg_4199                                                                                                |   64|   0|   64|          0|
    |select_ln134_1_reg_4236                                                                                    |   11|   0|   11|          0|
    |select_ln134_4_reg_4265                                                                                    |   54|   0|   54|          0|
    |select_ln134_5_reg_4282                                                                                    |   11|   0|   11|          0|
    |select_ln134_8_reg_4311                                                                                    |   54|   0|   54|          0|
    |select_ln134_9_reg_4328                                                                                    |   11|   0|   11|          0|
    |select_ln134_reg_4219                                                                                      |   54|   0|   54|          0|
    |shl_i_i_i116_1_reg_4367                                                                                    |   16|   0|   24|          8|
    |shl_i_i_i116_2_reg_4372                                                                                    |   16|   0|   24|          8|
    |shl_i_i_i_reg_4362                                                                                         |   16|   0|   24|          8|
    |sub_ln245_reg_4450                                                                                         |    9|   0|    9|          0|
    |tmp_170_reg_4255                                                                                           |    7|   0|    7|          0|
    |tmp_171_reg_4260                                                                                           |    1|   0|    1|          0|
    |tmp_172_reg_4301                                                                                           |    7|   0|    7|          0|
    |tmp_173_reg_4306                                                                                           |    1|   0|    1|          0|
    |tmp_174_reg_4347                                                                                           |    7|   0|    7|          0|
    |tmp_reg_4214                                                                                               |    1|   0|    1|          0|
    |trunc_ln134_15_reg_4341                                                                                    |   16|   0|   16|          0|
    |trunc_ln134_3_reg_4249                                                                                     |   16|   0|   16|          0|
    |trunc_ln134_9_reg_4295                                                                                     |   16|   0|   16|          0|
    |trunc_ln195_reg_4436                                                                                       |    5|   0|    5|          0|
    |trunc_ln5_reg_4352                                                                                         |   58|   0|   58|          0|
    |trunc_ln_reg_4174                                                                                          |   58|   0|   58|          0|
    |wo_reg_1463                                                                                                |    9|   0|    9|          0|
    |x_row_base_1_reg_4397                                                                                      |    9|   0|   19|         10|
    |x_row_base_2_reg_4403                                                                                      |    9|   0|   19|         10|
    |x_row_base_3_reg_4409                                                                                      |    8|   0|   18|         10|
    |x_row_base_4_reg_4415                                                                                      |    9|   0|   19|         10|
    |x_row_base_5_reg_4421                                                                                      |    9|   0|   19|         10|
    |x_row_base_6_reg_4427                                                                                      |    9|   0|   19|         10|
    |x_row_base_reg_4391                                                                                        |    9|   0|   19|         10|
    +-----------------------------------------------------------------------------------------------------------+-----+----+-----+-----------+
    |Total                                                                                                      | 1746|   0| 1842|         96|
    +-----------------------------------------------------------------------------------------------------------+-----+----+-----+-----------+



================================================================
== Interface
================================================================
* Summary: 
+--------------------------+-----+-----+------------+---------------------------------------------------------+--------------+
|         RTL Ports        | Dir | Bits|  Protocol  |                      Source Object                      |    C Type    |
+--------------------------+-----+-----+------------+---------------------------------------------------------+--------------+
|ap_clk                    |   in|    1|  ap_ctrl_hs|  Conv77_Kernel<8, 8, 1, 60, 3, 256, 256, 7, 7, 256, 256>|  return value|
|ap_rst                    |   in|    1|  ap_ctrl_hs|  Conv77_Kernel<8, 8, 1, 60, 3, 256, 256, 7, 7, 256, 256>|  return value|
|ap_start                  |   in|    1|  ap_ctrl_hs|  Conv77_Kernel<8, 8, 1, 60, 3, 256, 256, 7, 7, 256, 256>|  return value|
|ap_done                   |  out|    1|  ap_ctrl_hs|  Conv77_Kernel<8, 8, 1, 60, 3, 256, 256, 7, 7, 256, 256>|  return value|
|ap_idle                   |  out|    1|  ap_ctrl_hs|  Conv77_Kernel<8, 8, 1, 60, 3, 256, 256, 7, 7, 256, 256>|  return value|
|ap_ready                  |  out|    1|  ap_ctrl_hs|  Conv77_Kernel<8, 8, 1, 60, 3, 256, 256, 7, 7, 256, 256>|  return value|
|m_axi_gmem_y_0_AWVALID    |  out|    1|       m_axi|                                                   gmem_y|       pointer|
|m_axi_gmem_y_0_AWREADY    |   in|    1|       m_axi|                                                   gmem_y|       pointer|
|m_axi_gmem_y_0_AWADDR     |  out|   64|       m_axi|                                                   gmem_y|       pointer|
|m_axi_gmem_y_0_AWID       |  out|    1|       m_axi|                                                   gmem_y|       pointer|
|m_axi_gmem_y_0_AWLEN      |  out|   32|       m_axi|                                                   gmem_y|       pointer|
|m_axi_gmem_y_0_AWSIZE     |  out|    3|       m_axi|                                                   gmem_y|       pointer|
|m_axi_gmem_y_0_AWBURST    |  out|    2|       m_axi|                                                   gmem_y|       pointer|
|m_axi_gmem_y_0_AWLOCK     |  out|    2|       m_axi|                                                   gmem_y|       pointer|
|m_axi_gmem_y_0_AWCACHE    |  out|    4|       m_axi|                                                   gmem_y|       pointer|
|m_axi_gmem_y_0_AWPROT     |  out|    3|       m_axi|                                                   gmem_y|       pointer|
|m_axi_gmem_y_0_AWQOS      |  out|    4|       m_axi|                                                   gmem_y|       pointer|
|m_axi_gmem_y_0_AWREGION   |  out|    4|       m_axi|                                                   gmem_y|       pointer|
|m_axi_gmem_y_0_AWUSER     |  out|    1|       m_axi|                                                   gmem_y|       pointer|
|m_axi_gmem_y_0_WVALID     |  out|    1|       m_axi|                                                   gmem_y|       pointer|
|m_axi_gmem_y_0_WREADY     |   in|    1|       m_axi|                                                   gmem_y|       pointer|
|m_axi_gmem_y_0_WDATA      |  out|  256|       m_axi|                                                   gmem_y|       pointer|
|m_axi_gmem_y_0_WSTRB      |  out|   32|       m_axi|                                                   gmem_y|       pointer|
|m_axi_gmem_y_0_WLAST      |  out|    1|       m_axi|                                                   gmem_y|       pointer|
|m_axi_gmem_y_0_WID        |  out|    1|       m_axi|                                                   gmem_y|       pointer|
|m_axi_gmem_y_0_WUSER      |  out|    1|       m_axi|                                                   gmem_y|       pointer|
|m_axi_gmem_y_0_ARVALID    |  out|    1|       m_axi|                                                   gmem_y|       pointer|
|m_axi_gmem_y_0_ARREADY    |   in|    1|       m_axi|                                                   gmem_y|       pointer|
|m_axi_gmem_y_0_ARADDR     |  out|   64|       m_axi|                                                   gmem_y|       pointer|
|m_axi_gmem_y_0_ARID       |  out|    1|       m_axi|                                                   gmem_y|       pointer|
|m_axi_gmem_y_0_ARLEN      |  out|   32|       m_axi|                                                   gmem_y|       pointer|
|m_axi_gmem_y_0_ARSIZE     |  out|    3|       m_axi|                                                   gmem_y|       pointer|
|m_axi_gmem_y_0_ARBURST    |  out|    2|       m_axi|                                                   gmem_y|       pointer|
|m_axi_gmem_y_0_ARLOCK     |  out|    2|       m_axi|                                                   gmem_y|       pointer|
|m_axi_gmem_y_0_ARCACHE    |  out|    4|       m_axi|                                                   gmem_y|       pointer|
|m_axi_gmem_y_0_ARPROT     |  out|    3|       m_axi|                                                   gmem_y|       pointer|
|m_axi_gmem_y_0_ARQOS      |  out|    4|       m_axi|                                                   gmem_y|       pointer|
|m_axi_gmem_y_0_ARREGION   |  out|    4|       m_axi|                                                   gmem_y|       pointer|
|m_axi_gmem_y_0_ARUSER     |  out|    1|       m_axi|                                                   gmem_y|       pointer|
|m_axi_gmem_y_0_RVALID     |   in|    1|       m_axi|                                                   gmem_y|       pointer|
|m_axi_gmem_y_0_RREADY     |  out|    1|       m_axi|                                                   gmem_y|       pointer|
|m_axi_gmem_y_0_RDATA      |   in|  256|       m_axi|                                                   gmem_y|       pointer|
|m_axi_gmem_y_0_RLAST      |   in|    1|       m_axi|                                                   gmem_y|       pointer|
|m_axi_gmem_y_0_RID        |   in|    1|       m_axi|                                                   gmem_y|       pointer|
|m_axi_gmem_y_0_RFIFONUM   |   in|   11|       m_axi|                                                   gmem_y|       pointer|
|m_axi_gmem_y_0_RUSER      |   in|    1|       m_axi|                                                   gmem_y|       pointer|
|m_axi_gmem_y_0_RRESP      |   in|    2|       m_axi|                                                   gmem_y|       pointer|
|m_axi_gmem_y_0_BVALID     |   in|    1|       m_axi|                                                   gmem_y|       pointer|
|m_axi_gmem_y_0_BREADY     |  out|    1|       m_axi|                                                   gmem_y|       pointer|
|m_axi_gmem_y_0_BRESP      |   in|    2|       m_axi|                                                   gmem_y|       pointer|
|m_axi_gmem_y_0_BID        |   in|    1|       m_axi|                                                   gmem_y|       pointer|
|m_axi_gmem_y_0_BUSER      |   in|    1|       m_axi|                                                   gmem_y|       pointer|
|X                         |   in|   64|     ap_none|                                                        X|        scalar|
|m_axi_gmem_wc_0_AWVALID   |  out|    1|       m_axi|                                                  gmem_wc|       pointer|
|m_axi_gmem_wc_0_AWREADY   |   in|    1|       m_axi|                                                  gmem_wc|       pointer|
|m_axi_gmem_wc_0_AWADDR    |  out|   64|       m_axi|                                                  gmem_wc|       pointer|
|m_axi_gmem_wc_0_AWID      |  out|    1|       m_axi|                                                  gmem_wc|       pointer|
|m_axi_gmem_wc_0_AWLEN     |  out|   32|       m_axi|                                                  gmem_wc|       pointer|
|m_axi_gmem_wc_0_AWSIZE    |  out|    3|       m_axi|                                                  gmem_wc|       pointer|
|m_axi_gmem_wc_0_AWBURST   |  out|    2|       m_axi|                                                  gmem_wc|       pointer|
|m_axi_gmem_wc_0_AWLOCK    |  out|    2|       m_axi|                                                  gmem_wc|       pointer|
|m_axi_gmem_wc_0_AWCACHE   |  out|    4|       m_axi|                                                  gmem_wc|       pointer|
|m_axi_gmem_wc_0_AWPROT    |  out|    3|       m_axi|                                                  gmem_wc|       pointer|
|m_axi_gmem_wc_0_AWQOS     |  out|    4|       m_axi|                                                  gmem_wc|       pointer|
|m_axi_gmem_wc_0_AWREGION  |  out|    4|       m_axi|                                                  gmem_wc|       pointer|
|m_axi_gmem_wc_0_AWUSER    |  out|    1|       m_axi|                                                  gmem_wc|       pointer|
|m_axi_gmem_wc_0_WVALID    |  out|    1|       m_axi|                                                  gmem_wc|       pointer|
|m_axi_gmem_wc_0_WREADY    |   in|    1|       m_axi|                                                  gmem_wc|       pointer|
|m_axi_gmem_wc_0_WDATA     |  out|  512|       m_axi|                                                  gmem_wc|       pointer|
|m_axi_gmem_wc_0_WSTRB     |  out|   64|       m_axi|                                                  gmem_wc|       pointer|
|m_axi_gmem_wc_0_WLAST     |  out|    1|       m_axi|                                                  gmem_wc|       pointer|
|m_axi_gmem_wc_0_WID       |  out|    1|       m_axi|                                                  gmem_wc|       pointer|
|m_axi_gmem_wc_0_WUSER     |  out|    1|       m_axi|                                                  gmem_wc|       pointer|
|m_axi_gmem_wc_0_ARVALID   |  out|    1|       m_axi|                                                  gmem_wc|       pointer|
|m_axi_gmem_wc_0_ARREADY   |   in|    1|       m_axi|                                                  gmem_wc|       pointer|
|m_axi_gmem_wc_0_ARADDR    |  out|   64|       m_axi|                                                  gmem_wc|       pointer|
|m_axi_gmem_wc_0_ARID      |  out|    1|       m_axi|                                                  gmem_wc|       pointer|
|m_axi_gmem_wc_0_ARLEN     |  out|   32|       m_axi|                                                  gmem_wc|       pointer|
|m_axi_gmem_wc_0_ARSIZE    |  out|    3|       m_axi|                                                  gmem_wc|       pointer|
|m_axi_gmem_wc_0_ARBURST   |  out|    2|       m_axi|                                                  gmem_wc|       pointer|
|m_axi_gmem_wc_0_ARLOCK    |  out|    2|       m_axi|                                                  gmem_wc|       pointer|
|m_axi_gmem_wc_0_ARCACHE   |  out|    4|       m_axi|                                                  gmem_wc|       pointer|
|m_axi_gmem_wc_0_ARPROT    |  out|    3|       m_axi|                                                  gmem_wc|       pointer|
|m_axi_gmem_wc_0_ARQOS     |  out|    4|       m_axi|                                                  gmem_wc|       pointer|
|m_axi_gmem_wc_0_ARREGION  |  out|    4|       m_axi|                                                  gmem_wc|       pointer|
|m_axi_gmem_wc_0_ARUSER    |  out|    1|       m_axi|                                                  gmem_wc|       pointer|
|m_axi_gmem_wc_0_RVALID    |   in|    1|       m_axi|                                                  gmem_wc|       pointer|
|m_axi_gmem_wc_0_RREADY    |  out|    1|       m_axi|                                                  gmem_wc|       pointer|
|m_axi_gmem_wc_0_RDATA     |   in|  512|       m_axi|                                                  gmem_wc|       pointer|
|m_axi_gmem_wc_0_RLAST     |   in|    1|       m_axi|                                                  gmem_wc|       pointer|
|m_axi_gmem_wc_0_RID       |   in|    1|       m_axi|                                                  gmem_wc|       pointer|
|m_axi_gmem_wc_0_RFIFONUM  |   in|   11|       m_axi|                                                  gmem_wc|       pointer|
|m_axi_gmem_wc_0_RUSER     |   in|    1|       m_axi|                                                  gmem_wc|       pointer|
|m_axi_gmem_wc_0_RRESP     |   in|    2|       m_axi|                                                  gmem_wc|       pointer|
|m_axi_gmem_wc_0_BVALID    |   in|    1|       m_axi|                                                  gmem_wc|       pointer|
|m_axi_gmem_wc_0_BREADY    |  out|    1|       m_axi|                                                  gmem_wc|       pointer|
|m_axi_gmem_wc_0_BRESP     |   in|    2|       m_axi|                                                  gmem_wc|       pointer|
|m_axi_gmem_wc_0_BID       |   in|    1|       m_axi|                                                  gmem_wc|       pointer|
|m_axi_gmem_wc_0_BUSER     |   in|    1|       m_axi|                                                  gmem_wc|       pointer|
|W                         |   in|   64|     ap_none|                                                        W|        scalar|
|B_val                     |   in|   48|     ap_none|                                                    B_val|        scalar|
|m_axi_gmem_z_0_AWVALID    |  out|    1|       m_axi|                                                   gmem_z|       pointer|
|m_axi_gmem_z_0_AWREADY    |   in|    1|       m_axi|                                                   gmem_z|       pointer|
|m_axi_gmem_z_0_AWADDR     |  out|   64|       m_axi|                                                   gmem_z|       pointer|
|m_axi_gmem_z_0_AWID       |  out|    1|       m_axi|                                                   gmem_z|       pointer|
|m_axi_gmem_z_0_AWLEN      |  out|   32|       m_axi|                                                   gmem_z|       pointer|
|m_axi_gmem_z_0_AWSIZE     |  out|    3|       m_axi|                                                   gmem_z|       pointer|
|m_axi_gmem_z_0_AWBURST    |  out|    2|       m_axi|                                                   gmem_z|       pointer|
|m_axi_gmem_z_0_AWLOCK     |  out|    2|       m_axi|                                                   gmem_z|       pointer|
|m_axi_gmem_z_0_AWCACHE    |  out|    4|       m_axi|                                                   gmem_z|       pointer|
|m_axi_gmem_z_0_AWPROT     |  out|    3|       m_axi|                                                   gmem_z|       pointer|
|m_axi_gmem_z_0_AWQOS      |  out|    4|       m_axi|                                                   gmem_z|       pointer|
|m_axi_gmem_z_0_AWREGION   |  out|    4|       m_axi|                                                   gmem_z|       pointer|
|m_axi_gmem_z_0_AWUSER     |  out|    1|       m_axi|                                                   gmem_z|       pointer|
|m_axi_gmem_z_0_WVALID     |  out|    1|       m_axi|                                                   gmem_z|       pointer|
|m_axi_gmem_z_0_WREADY     |   in|    1|       m_axi|                                                   gmem_z|       pointer|
|m_axi_gmem_z_0_WDATA      |  out|  512|       m_axi|                                                   gmem_z|       pointer|
|m_axi_gmem_z_0_WSTRB      |  out|   64|       m_axi|                                                   gmem_z|       pointer|
|m_axi_gmem_z_0_WLAST      |  out|    1|       m_axi|                                                   gmem_z|       pointer|
|m_axi_gmem_z_0_WID        |  out|    1|       m_axi|                                                   gmem_z|       pointer|
|m_axi_gmem_z_0_WUSER      |  out|    1|       m_axi|                                                   gmem_z|       pointer|
|m_axi_gmem_z_0_ARVALID    |  out|    1|       m_axi|                                                   gmem_z|       pointer|
|m_axi_gmem_z_0_ARREADY    |   in|    1|       m_axi|                                                   gmem_z|       pointer|
|m_axi_gmem_z_0_ARADDR     |  out|   64|       m_axi|                                                   gmem_z|       pointer|
|m_axi_gmem_z_0_ARID       |  out|    1|       m_axi|                                                   gmem_z|       pointer|
|m_axi_gmem_z_0_ARLEN      |  out|   32|       m_axi|                                                   gmem_z|       pointer|
|m_axi_gmem_z_0_ARSIZE     |  out|    3|       m_axi|                                                   gmem_z|       pointer|
|m_axi_gmem_z_0_ARBURST    |  out|    2|       m_axi|                                                   gmem_z|       pointer|
|m_axi_gmem_z_0_ARLOCK     |  out|    2|       m_axi|                                                   gmem_z|       pointer|
|m_axi_gmem_z_0_ARCACHE    |  out|    4|       m_axi|                                                   gmem_z|       pointer|
|m_axi_gmem_z_0_ARPROT     |  out|    3|       m_axi|                                                   gmem_z|       pointer|
|m_axi_gmem_z_0_ARQOS      |  out|    4|       m_axi|                                                   gmem_z|       pointer|
|m_axi_gmem_z_0_ARREGION   |  out|    4|       m_axi|                                                   gmem_z|       pointer|
|m_axi_gmem_z_0_ARUSER     |  out|    1|       m_axi|                                                   gmem_z|       pointer|
|m_axi_gmem_z_0_RVALID     |   in|    1|       m_axi|                                                   gmem_z|       pointer|
|m_axi_gmem_z_0_RREADY     |  out|    1|       m_axi|                                                   gmem_z|       pointer|
|m_axi_gmem_z_0_RDATA      |   in|  512|       m_axi|                                                   gmem_z|       pointer|
|m_axi_gmem_z_0_RLAST      |   in|    1|       m_axi|                                                   gmem_z|       pointer|
|m_axi_gmem_z_0_RID        |   in|    1|       m_axi|                                                   gmem_z|       pointer|
|m_axi_gmem_z_0_RFIFONUM   |   in|    9|       m_axi|                                                   gmem_z|       pointer|
|m_axi_gmem_z_0_RUSER      |   in|    1|       m_axi|                                                   gmem_z|       pointer|
|m_axi_gmem_z_0_RRESP      |   in|    2|       m_axi|                                                   gmem_z|       pointer|
|m_axi_gmem_z_0_BVALID     |   in|    1|       m_axi|                                                   gmem_z|       pointer|
|m_axi_gmem_z_0_BREADY     |  out|    1|       m_axi|                                                   gmem_z|       pointer|
|m_axi_gmem_z_0_BRESP      |   in|    2|       m_axi|                                                   gmem_z|       pointer|
|m_axi_gmem_z_0_BID        |   in|    1|       m_axi|                                                   gmem_z|       pointer|
|m_axi_gmem_z_0_BUSER      |   in|    1|       m_axi|                                                   gmem_z|       pointer|
|Z                         |   in|   64|     ap_none|                                                        Z|        scalar|
+--------------------------+-----+-----+------------+---------------------------------------------------------+--------------+

